{
    "n": 10,
    "m": 45,
    "results": [
        [
            [
                [
                    -4,
                    -2,
                    6
                ],
                [
                    4,
                    3,
                    -1
                ],
                [
                    -1,
                    -3,
                    -8
                ],
                [
                    6,
                    4,
                    10
                ],
                [
                    6,
                    2,
                    10
                ],
                [
                    -7,
                    -1,
                    -9
                ],
                [
                    -6,
                    10,
                    9
                ],
                [
                    1,
                    -10,
                    -6
                ],
                [
                    -5,
                    3,
                    -10
                ],
                [
                    1,
                    10,
                    -3
                ],
                [
                    10,
                    5,
                    9
                ],
                [
                    9,
                    5,
                    7
                ],
                [
                    6,
                    5,
                    1
                ],
                [
                    9,
                    7,
                    5
                ],
                [
                    5,
                    9,
                    -3
                ],
                [
                    -9,
                    -7,
                    -10
                ],
                [
                    -6,
                    -8,
                    -4
                ],
                [
                    -4,
                    -3,
                    2
                ],
                [
                    4,
                    6,
                    -3
                ],
                [
                    -2,
                    7,
                    -10
                ],
                [
                    4,
                    10,
                    9
                ],
                [
                    1,
                    -6,
                    -10
                ],
                [
                    -6,
                    2,
                    8
                ],
                [
                    -10,
                    9,
                    3
                ],
                [
                    5,
                    6,
                    -10
                ],
                [
                    -1,
                    -5,
                    -10
                ],
                [
                    3,
                    10,
                    1
                ],
                [
                    3,
                    -6,
                    4
                ],
                [
                    8,
                    5,
                    2
                ],
                [
                    7,
                    -9,
                    -4
                ],
                [
                    -1,
                    -4,
                    -9
                ],
                [
                    -10,
                    9,
                    -1
                ],
                [
                    -2,
                    -8,
                    7
                ],
                [
                    -4,
                    -9,
                    8
                ],
                [
                    -5,
                    -10,
                    3
                ],
                [
                    9,
                    5,
                    -10
                ],
                [
                    -10,
                    -4,
                    -8
                ],
                [
                    -8,
                    3,
                    9
                ],
                [
                    8,
                    -5,
                    -2
                ],
                [
                    -6,
                    -9,
                    2
                ],
                [
                    6,
                    4,
                    3
                ],
                [
                    5,
                    -8,
                    1
                ],
                [
                    -7,
                    1,
                    2
                ],
                [
                    6,
                    2,
                    -10
                ],
                [
                    -3,
                    5,
                    10
                ]
            ],
            "{   'fun': 1.0,\n    'jac': None,\n    'nfev': 9,\n    'nit': 0,\n    'njev': 1,\n    'x': array([0.07271878, 0.08518428, 2.49748869, 0.8393808 , 1.76215289,\n       1.68291279, 2.48651562, 2.64260122])}",
            {
                "0111111111": 1,
                "1111000100": 1,
                "1101110101": 1,
                "1100000101": 1,
                "1110011100": 1,
                "1111110000": 1,
                "0111100011": 1,
                "1000110100": 1,
                "1011001100": 1,
                "1101100101": 1,
                "0010100001": 1,
                "0100000111": 1,
                "1111100000": 1,
                "1110010001": 1,
                "0001110000": 1,
                "1000110110": 1,
                "0010101010": 1,
                "0110110101": 1,
                "0000110011": 2,
                "1110110001": 1,
                "0010010011": 1,
                "1110001010": 1,
                "1010010110": 2,
                "1111001000": 1,
                "1000100001": 1,
                "0011100110": 1,
                "1101101101": 1,
                "1100011110": 1,
                "1111111110": 1,
                "1010101110": 1,
                "1100100000": 1,
                "0010001100": 1,
                "1010000010": 1,
                "0011111000": 1,
                "0100101100": 1,
                "1111101000": 1,
                "0101010001": 1,
                "1110101101": 1,
                "0001101001": 1,
                "0000000010": 1,
                "1110001101": 1,
                "1110101100": 1,
                "0011101111": 1,
                "0011010001": 1,
                "0101110110": 2,
                "1111111011": 1,
                "0001111001": 1,
                "1110011001": 1,
                "0000111010": 1,
                "1110001000": 1,
                "0100000011": 1,
                "1101000101": 1,
                "0110101011": 1,
                "0011000010": 1,
                "0111100100": 1,
                "0101011111": 1,
                "1010100000": 1,
                "0010100110": 1,
                "0100100001": 1,
                "1100111111": 1,
                "0110001011": 1,
                "1100010110": 1,
                "0010100100": 1,
                "0010110100": 1,
                "1001000101": 1,
                "1010010000": 1,
                "1110110101": 1,
                "0010101011": 1,
                "0110110100": 1,
                "1100010101": 1,
                "1110011011": 1,
                "1011101101": 1,
                "1011001011": 1,
                "0100010101": 1,
                "1010110100": 1,
                "1010011101": 1,
                "1111100001": 1,
                "1111100110": 1,
                "0100010010": 1,
                "1010000011": 1,
                "0010110110": 1,
                "0110101111": 1,
                "1110000001": 1,
                "0001101100": 1,
                "0010000001": 1,
                "0110110111": 1,
                "0001001010": 1,
                "1111010010": 1,
                "1000010101": 1,
                "0111110100": 1,
                "0001001000": 1,
                "0100101010": 1,
                "1010101000": 1,
                "0100010110": 1,
                "0001001001": 1,
                "1110001001": 1,
                "0011001000": 1
            },
            false,
            1.0
        ],
        [
            [
                [
                    3,
                    5,
                    4
                ],
                [
                    2,
                    1,
                    7
                ],
                [
                    3,
                    1,
                    -7
                ],
                [
                    10,
                    9,
                    6
                ],
                [
                    -3,
                    -6,
                    -9
                ],
                [
                    6,
                    -8,
                    4
                ],
                [
                    5,
                    -6,
                    7
                ],
                [
                    8,
                    10,
                    3
                ],
                [
                    -2,
                    -9,
                    10
                ],
                [
                    -10,
                    -8,
                    -3
                ],
                [
                    -9,
                    3,
                    5
                ],
                [
                    9,
                    -10,
                    7
                ],
                [
                    -10,
                    -7,
                    2
                ],
                [
                    -6,
                    -8,
                    5
                ],
                [
                    -3,
                    -2,
                    1
                ],
                [
                    -2,
                    10,
                    -4
                ],
                [
                    -3,
                    8,
                    9
                ],
                [
                    3,
                    -5,
                    -8
                ],
                [
                    -6,
                    1,
                    8
                ],
                [
                    9,
                    -4,
                    -2
                ],
                [
                    -5,
                    2,
                    6
                ],
                [
                    -9,
                    -7,
                    -5
                ],
                [
                    -8,
                    10,
                    7
                ],
                [
                    -3,
                    -5,
                    7
                ],
                [
                    10,
                    6,
                    3
                ],
                [
                    6,
                    -5,
                    7
                ],
                [
                    -1,
                    9,
                    -8
                ],
                [
                    7,
                    2,
                    8
                ],
                [
                    7,
                    -2,
                    -6
                ],
                [
                    5,
                    -6,
                    7
                ],
                [
                    -10,
                    -7,
                    -4
                ],
                [
                    9,
                    -6,
                    3
                ],
                [
                    -9,
                    -7,
                    6
                ],
                [
                    9,
                    4,
                    10
                ],
                [
                    -4,
                    -5,
                    -9
                ],
                [
                    6,
                    -2,
                    10
                ],
                [
                    -9,
                    -1,
                    -3
                ],
                [
                    8,
                    -10,
                    3
                ],
                [
                    4,
                    -7,
                    -5
                ],
                [
                    4,
                    8,
                    -1
                ],
                [
                    -3,
                    8,
                    -10
                ],
                [
                    9,
                    -10,
                    -7
                ],
                [
                    -5,
                    -10,
                    -1
                ],
                [
                    -2,
                    -9,
                    -7
                ],
                [
                    10,
                    7,
                    6
                ]
            ],
            "{   'fun': 1.0,\n    'jac': None,\n    'nfev': 189,\n    'nit': 0,\n    'njev': 21,\n    'x': array([2.58572401, 0.04774246, 1.62396976, 3.0400057 , 0.48383555,\n       1.06155082, 2.31572148, 2.38593535])}",
            {
                "0101110100": 1,
                "0101101000": 1,
                "0100010001": 1,
                "1010100100": 1,
                "1010001011": 1,
                "1101110100": 1,
                "1010101001": 2,
                "0110000011": 1,
                "0101001010": 1,
                "0111011101": 1,
                "0110110110": 1,
                "0110100011": 1,
                "0111000011": 1,
                "1000001011": 1,
                "0110010110": 1,
                "1010011101": 1,
                "1011100100": 1,
                "1101111001": 1,
                "0111110101": 1,
                "0100110011": 1,
                "1110000110": 1,
                "0110111100": 1,
                "1010101110": 1,
                "1010111101": 1,
                "1010100001": 1,
                "1101001010": 1,
                "1011100101": 1,
                "1111000000": 1,
                "0000001100": 1,
                "0001001010": 1,
                "1100111001": 1,
                "1110000001": 1,
                "1110111001": 1,
                "1010100010": 1,
                "1001011000": 2,
                "1101111111": 1,
                "1101100001": 1,
                "0010100011": 1,
                "0100101100": 1,
                "0110110100": 1,
                "1011100110": 1,
                "1111010000": 1,
                "1000000100": 1,
                "1111100110": 1,
                "0110110010": 1,
                "0111100011": 1,
                "1100101000": 1,
                "0101101001": 1,
                "0000100001": 1,
                "1000101111": 1,
                "1111011010": 1,
                "1010010111": 1,
                "0011011100": 1,
                "1100100111": 1,
                "1101110101": 1,
                "1010001110": 1,
                "0100101010": 1,
                "1111001110": 1,
                "1011000001": 1,
                "1101011000": 1,
                "0111110011": 1,
                "0010100111": 1,
                "1001111000": 1,
                "0110010001": 1,
                "1001010100": 1,
                "0101011100": 1,
                "0011001011": 1,
                "0010101110": 1,
                "0010001101": 1,
                "0001010100": 1,
                "1011011001": 1,
                "0001011011": 1,
                "0110100100": 1,
                "1101011100": 1,
                "1100011000": 1,
                "1011110111": 1,
                "1100110001": 2,
                "0010011000": 1,
                "1101011010": 1,
                "1011111110": 1,
                "0111011011": 1,
                "0011101110": 1,
                "0000001110": 1,
                "1001101111": 1,
                "0010000011": 1,
                "1000000101": 1,
                "1011100000": 1,
                "1001001010": 1,
                "1101010011": 1,
                "1011110010": 1,
                "1000111110": 1,
                "0110001111": 1,
                "1011010111": 1,
                "1000111011": 1,
                "0001101001": 1,
                "0011001101": 1,
                "0101011011": 1
            },
            false,
            0.98
        ],
        [
            [
                [
                    -8,
                    3,
                    9
                ],
                [
                    10,
                    -1,
                    4
                ],
                [
                    -4,
                    -6,
                    9
                ],
                [
                    3,
                    -4,
                    -6
                ],
                [
                    -7,
                    1,
                    3
                ],
                [
                    -5,
                    3,
                    -2
                ],
                [
                    -2,
                    -10,
                    8
                ],
                [
                    -7,
                    3,
                    -10
                ],
                [
                    7,
                    -3,
                    10
                ],
                [
                    7,
                    -1,
                    -5
                ],
                [
                    9,
                    -7,
                    5
                ],
                [
                    6,
                    -1,
                    5
                ],
                [
                    -5,
                    6,
                    -3
                ],
                [
                    7,
                    -3,
                    1
                ],
                [
                    8,
                    -9,
                    6
                ],
                [
                    4,
                    -5,
                    -6
                ],
                [
                    -8,
                    -2,
                    -5
                ],
                [
                    9,
                    -8,
                    -2
                ],
                [
                    -6,
                    -1,
                    2
                ],
                [
                    10,
                    6,
                    -9
                ],
                [
                    7,
                    9,
                    -10
                ],
                [
                    8,
                    -5,
                    -2
                ],
                [
                    -5,
                    6,
                    -1
                ],
                [
                    1,
                    10,
                    -9
                ],
                [
                    2,
                    -8,
                    1
                ],
                [
                    2,
                    5,
                    -4
                ],
                [
                    -10,
                    9,
                    8
                ],
                [
                    -7,
                    5,
                    10
                ],
                [
                    -2,
                    7,
                    -4
                ],
                [
                    4,
                    2,
                    10
                ],
                [
                    -8,
                    1,
                    2
                ],
                [
                    5,
                    -7,
                    -6
                ],
                [
                    -5,
                    6,
                    -9
                ],
                [
                    -3,
                    -4,
                    -6
                ],
                [
                    1,
                    8,
                    -7
                ],
                [
                    4,
                    -3,
                    -1
                ],
                [
                    -10,
                    1,
                    6
                ],
                [
                    7,
                    -1,
                    8
                ],
                [
                    8,
                    6,
                    5
                ],
                [
                    -3,
                    9,
                    4
                ],
                [
                    -1,
                    6,
                    -2
                ],
                [
                    4,
                    9,
                    -10
                ],
                [
                    8,
                    -1,
                    3
                ],
                [
                    10,
                    -9,
                    5
                ],
                [
                    3,
                    7,
                    -10
                ]
            ],
            "{   'fun': 1.0,\n    'jac': None,\n    'nfev': 9,\n    'nit': 0,\n    'njev': 1,\n    'x': array([0.52740253, 0.17713412, 0.19211593, 0.02383559, 1.32984143,\n       1.60249976, 1.62505177, 2.34059286])}",
            {
                "1000001011": 1,
                "0000001111": 1,
                "1010110111": 1,
                "0110010101": 1,
                "0010001110": 1,
                "1110111000": 1,
                "1111000100": 1,
                "1100001101": 1,
                "1100101001": 1,
                "1111011011": 1,
                "0101101000": 1,
                "0101101011": 1,
                "0110010011": 1,
                "1111111011": 1,
                "1001100011": 1,
                "0011000101": 1,
                "0010110011": 1,
                "1111000001": 1,
                "1100101100": 1,
                "1100111010": 1,
                "0101011010": 1,
                "0010110010": 1,
                "0111010001": 1,
                "0010101000": 1,
                "0110010110": 1,
                "0100101101": 1,
                "0011010001": 1,
                "1110111001": 1,
                "1000100010": 1,
                "1000101101": 1,
                "0100101001": 1,
                "1110100010": 1,
                "0111010101": 1,
                "0100100101": 1,
                "1011110010": 1,
                "0000101101": 2,
                "0100001111": 1,
                "0011101010": 1,
                "1101101011": 1,
                "1111011100": 1,
                "1010111001": 1,
                "1100010110": 1,
                "1011111000": 1,
                "1000100100": 1,
                "0100111001": 1,
                "0111100001": 1,
                "0010010110": 1,
                "1111100111": 1,
                "0011000100": 1,
                "1100101110": 1,
                "0100101110": 1,
                "1000000111": 1,
                "0000001110": 1,
                "0101001001": 1,
                "0011111010": 1,
                "1000100001": 1,
                "1011010001": 1,
                "1101010000": 1,
                "1100110100": 2,
                "1101100111": 1,
                "0011001111": 2,
                "0001101001": 2,
                "1011011100": 1,
                "0111011110": 1,
                "0110110011": 1,
                "1011010110": 1,
                "0111100101": 1,
                "1111001101": 1,
                "1101100110": 1,
                "1000101011": 1,
                "1100011011": 1,
                "1000010001": 1,
                "0011010111": 1,
                "1010010010": 1,
                "1101001111": 1,
                "0000001001": 1,
                "1011101111": 1,
                "1010111100": 1,
                "0000111001": 1,
                "0111010111": 2,
                "0101101101": 1,
                "0010001010": 1,
                "0010101110": 1,
                "0011110111": 1,
                "1001001110": 1,
                "1101111101": 1,
                "1110101111": 1,
                "1011011110": 1,
                "1101000101": 1,
                "1110000110": 1,
                "1001110011": 1,
                "1000010101": 1,
                "0001001010": 1,
                "1001011101": 1,
                "0100001001": 1
            },
            false,
            1.0
        ],
        [
            [
                [
                    -9,
                    5,
                    -1
                ],
                [
                    9,
                    2,
                    -3
                ],
                [
                    -7,
                    -3,
                    -2
                ],
                [
                    9,
                    -1,
                    5
                ],
                [
                    -3,
                    -1,
                    9
                ],
                [
                    8,
                    -6,
                    -7
                ],
                [
                    -2,
                    -4,
                    10
                ],
                [
                    -7,
                    10,
                    -6
                ],
                [
                    10,
                    -4,
                    8
                ],
                [
                    4,
                    7,
                    1
                ],
                [
                    10,
                    -7,
                    -6
                ],
                [
                    -9,
                    4,
                    7
                ],
                [
                    10,
                    1,
                    -4
                ],
                [
                    5,
                    -1,
                    6
                ],
                [
                    -10,
                    6,
                    -8
                ],
                [
                    5,
                    2,
                    10
                ],
                [
                    -6,
                    2,
                    10
                ],
                [
                    8,
                    -1,
                    -6
                ],
                [
                    -2,
                    4,
                    -8
                ],
                [
                    9,
                    8,
                    -10
                ],
                [
                    -1,
                    -5,
                    6
                ],
                [
                    4,
                    3,
                    6
                ],
                [
                    8,
                    9,
                    -3
                ],
                [
                    4,
                    -6,
                    -9
                ],
                [
                    -5,
                    9,
                    7
                ],
                [
                    3,
                    8,
                    -4
                ],
                [
                    4,
                    6,
                    10
                ],
                [
                    -7,
                    -1,
                    -6
                ],
                [
                    -10,
                    -7,
                    2
                ],
                [
                    -10,
                    -1,
                    5
                ],
                [
                    10,
                    -5,
                    4
                ],
                [
                    -3,
                    5,
                    -8
                ],
                [
                    10,
                    -3,
                    -4
                ],
                [
                    -2,
                    9,
                    -3
                ],
                [
                    2,
                    -5,
                    -7
                ],
                [
                    2,
                    -9,
                    6
                ],
                [
                    7,
                    -5,
                    -1
                ],
                [
                    -5,
                    -6,
                    9
                ],
                [
                    -10,
                    -2,
                    5
                ],
                [
                    7,
                    -8,
                    5
                ],
                [
                    -2,
                    8,
                    6
                ],
                [
                    -10,
                    -1,
                    -4
                ],
                [
                    4,
                    -9,
                    2
                ],
                [
                    1,
                    9,
                    -5
                ],
                [
                    2,
                    3,
                    -8
                ]
            ],
            "{   'fun': 1.0,\n    'jac': None,\n    'nfev': 9,\n    'nit': 0,\n    'njev': 1,\n    'x': array([1.6666536 , 1.0587211 , 1.21780493, 0.12920819, 2.0136214 ,\n       2.25877179, 1.60499451, 0.67771998])}",
            {
                "1000111011": 1,
                "0100101000": 1,
                "1011000100": 1,
                "0011110000": 1,
                "1111100100": 1,
                "0110110000": 1,
                "1110000110": 1,
                "1111001011": 1,
                "1111111101": 1,
                "0001010010": 1,
                "1101111110": 1,
                "0001100010": 1,
                "0011000001": 1,
                "1100111001": 1,
                "1000110101": 1,
                "1010010000": 1,
                "1011100110": 1,
                "1000010000": 1,
                "0100011000": 1,
                "1111010011": 1,
                "1001000111": 1,
                "0101001000": 1,
                "0110111000": 2,
                "1110010010": 1,
                "1101110110": 1,
                "1000110000": 1,
                "0100011010": 1,
                "0110111010": 1,
                "0000010101": 1,
                "0010110010": 1,
                "1000011111": 1,
                "1010011000": 1,
                "0000111110": 2,
                "1110101101": 1,
                "1001110000": 1,
                "1111101000": 1,
                "0110000101": 1,
                "1011100011": 1,
                "0101110111": 2,
                "1111011111": 1,
                "1110100100": 1,
                "1110111001": 1,
                "0110001110": 1,
                "0001011000": 1,
                "0011010111": 1,
                "0010010100": 1,
                "1001001001": 1,
                "1110100110": 1,
                "0011000100": 1,
                "0001001011": 1,
                "1110100111": 1,
                "1010110100": 1,
                "1001111010": 1,
                "1101101011": 1,
                "1000000100": 1,
                "1111000011": 1,
                "1100001101": 1,
                "0101000001": 1,
                "1010111111": 1,
                "1101001011": 1,
                "0000101010": 1,
                "1101111010": 1,
                "1010110010": 1,
                "0000100110": 1,
                "0011001001": 1,
                "1010010001": 1,
                "0111010111": 1,
                "0111011100": 1,
                "1011111101": 1,
                "1100010110": 1,
                "1011011101": 1,
                "1111101110": 1,
                "0000111111": 1,
                "1101011011": 1,
                "1010100011": 1,
                "0001000001": 1,
                "0100110010": 1,
                "0011110100": 1,
                "1010111100": 2,
                "0100100100": 1,
                "1111110001": 1,
                "1011010001": 1,
                "1110001110": 1,
                "0111001000": 1,
                "1101101110": 1,
                "0110110100": 1,
                "1100001001": 1,
                "1110101000": 1,
                "0110011110": 1,
                "1001100010": 1,
                "0111000111": 1,
                "1011000001": 1,
                "0000000111": 1,
                "1110001001": 1,
                "1111111000": 1,
                "1010010111": 1
            },
            false,
            1.0
        ],
        [
            [
                [
                    10,
                    8,
                    3
                ],
                [
                    2,
                    9,
                    6
                ],
                [
                    10,
                    1,
                    -6
                ],
                [
                    2,
                    7,
                    -9
                ],
                [
                    7,
                    -9,
                    -4
                ],
                [
                    -9,
                    -7,
                    -4
                ],
                [
                    6,
                    5,
                    4
                ],
                [
                    10,
                    4,
                    7
                ],
                [
                    -8,
                    1,
                    3
                ],
                [
                    -9,
                    1,
                    5
                ],
                [
                    1,
                    -2,
                    -6
                ],
                [
                    10,
                    -5,
                    -6
                ],
                [
                    10,
                    -4,
                    -3
                ],
                [
                    -1,
                    -3,
                    6
                ],
                [
                    10,
                    2,
                    5
                ],
                [
                    7,
                    8,
                    -3
                ],
                [
                    -7,
                    -10,
                    -4
                ],
                [
                    3,
                    8,
                    -4
                ],
                [
                    -9,
                    8,
                    -1
                ],
                [
                    -2,
                    -10,
                    -7
                ],
                [
                    5,
                    1,
                    9
                ],
                [
                    -10,
                    4,
                    -8
                ],
                [
                    4,
                    2,
                    7
                ],
                [
                    9,
                    1,
                    -10
                ],
                [
                    -2,
                    -4,
                    -3
                ],
                [
                    -8,
                    -9,
                    1
                ],
                [
                    9,
                    -5,
                    3
                ],
                [
                    7,
                    -2,
                    3
                ],
                [
                    2,
                    8,
                    -10
                ],
                [
                    7,
                    -3,
                    -4
                ],
                [
                    -1,
                    3,
                    -2
                ],
                [
                    -6,
                    -4,
                    10
                ],
                [
                    -1,
                    10,
                    4
                ],
                [
                    -8,
                    -1,
                    3
                ],
                [
                    6,
                    -4,
                    -8
                ],
                [
                    -4,
                    2,
                    -6
                ],
                [
                    -3,
                    -9,
                    -8
                ],
                [
                    -8,
                    -4,
                    10
                ],
                [
                    -7,
                    -4,
                    3
                ],
                [
                    -1,
                    -7,
                    -6
                ],
                [
                    10,
                    2,
                    9
                ],
                [
                    -7,
                    -10,
                    6
                ],
                [
                    -4,
                    3,
                    -1
                ],
                [
                    4,
                    3,
                    9
                ],
                [
                    9,
                    -1,
                    3
                ]
            ],
            "{   'fun': 0.98,\n    'jac': None,\n    'nfev': 297,\n    'nit': 3,\n    'njev': 33,\n    'x': array([1.48071935, 0.09544011, 2.1734847 , 1.06912834, 2.42272838,\n       2.07750153, 1.7463542 , 2.86819155])}",
            {
                "1110000010": 1,
                "0011101111": 1,
                "0110010010": 1,
                "1101001000": 1,
                "0011111111": 1,
                "1101000110": 1,
                "0000101101": 1,
                "1000101010": 1,
                "1100100110": 1,
                "0001100110": 1,
                "1010101011": 1,
                "1001011100": 1,
                "1001111011": 1,
                "1001011011": 1,
                "1011111011": 1,
                "0011001101": 1,
                "0100100100": 1,
                "1011101101": 1,
                "1000100101": 1,
                "1110010110": 1,
                "0101000010": 1,
                "1011111101": 1,
                "0010110011": 1,
                "0001001011": 1,
                "0101111110": 1,
                "1110101101": 1,
                "1011100100": 1,
                "0000110111": 1,
                "0000010111": 1,
                "0011000010": 1,
                "0111101111": 1,
                "1001000001": 1,
                "0100001100": 1,
                "1000010101": 1,
                "0001001010": 1,
                "0110111000": 1,
                "0111010101": 1,
                "1001000011": 1,
                "1111010110": 1,
                "1001101001": 1,
                "0111011110": 1,
                "1001100011": 1,
                "1001001101": 1,
                "0111010000": 1,
                "1010010101": 1,
                "0011111010": 1,
                "0001101010": 1,
                "0110110010": 1,
                "0101000001": 1,
                "1100010010": 1,
                "1011000110": 2,
                "0001110011": 1,
                "1110111000": 1,
                "0011110010": 1,
                "0111110111": 1,
                "0001001000": 1,
                "0100101010": 1,
                "0011100010": 1,
                "0101011010": 1,
                "0110010000": 1,
                "0111010011": 1,
                "1000101111": 1,
                "1110110001": 1,
                "1100101001": 2,
                "0000101111": 1,
                "1000010001": 1,
                "1000000010": 1,
                "1001100010": 1,
                "0100011011": 1,
                "1010011111": 1,
                "1011110011": 1,
                "0110010101": 1,
                "0001011011": 1,
                "1111111110": 1,
                "0011011110": 1,
                "1000101101": 1,
                "0101010100": 1,
                "0100100110": 1,
                "0011100000": 1,
                "0111000000": 1,
                "0000110100": 1,
                "0110000010": 1,
                "0110000011": 1,
                "0010011010": 1,
                "1100110000": 1,
                "1111110101": 1,
                "0101010001": 1,
                "0110101011": 1,
                "0000110101": 1,
                "1001000110": 1,
                "1011000000": 1,
                "1011111000": 1,
                "0011000000": 1,
                "1010111001": 1,
                "1111001100": 1,
                "0111011001": 1,
                "0010011111": 1,
                "0110010001": 1
            },
            true,
            0.96
        ]
    ]
}