{
    "n": 10,
    "m": 45,
    "results": [
        [
            [
                [
                    -2,
                    -8,
                    -1
                ],
                [
                    10,
                    6,
                    7
                ],
                [
                    4,
                    10,
                    -3
                ],
                [
                    -7,
                    -8,
                    1
                ],
                [
                    -4,
                    -3,
                    -10
                ],
                [
                    -6,
                    9,
                    5
                ],
                [
                    -2,
                    -8,
                    10
                ],
                [
                    -8,
                    3,
                    -9
                ],
                [
                    -8,
                    -9,
                    2
                ],
                [
                    -3,
                    4,
                    8
                ],
                [
                    -7,
                    5,
                    10
                ],
                [
                    8,
                    -2,
                    -6
                ],
                [
                    7,
                    3,
                    -10
                ],
                [
                    8,
                    -3,
                    6
                ],
                [
                    -7,
                    2,
                    -5
                ],
                [
                    7,
                    8,
                    -10
                ],
                [
                    10,
                    7,
                    5
                ],
                [
                    -9,
                    -5,
                    -3
                ],
                [
                    8,
                    -3,
                    5
                ],
                [
                    -3,
                    9,
                    8
                ],
                [
                    -7,
                    -8,
                    -3
                ],
                [
                    -5,
                    -4,
                    3
                ],
                [
                    -4,
                    8,
                    -3
                ],
                [
                    -7,
                    4,
                    -8
                ],
                [
                    7,
                    6,
                    -2
                ],
                [
                    -8,
                    -10,
                    3
                ],
                [
                    2,
                    -5,
                    6
                ],
                [
                    1,
                    7,
                    8
                ],
                [
                    10,
                    3,
                    9
                ],
                [
                    10,
                    6,
                    4
                ],
                [
                    8,
                    2,
                    -3
                ],
                [
                    3,
                    -4,
                    6
                ],
                [
                    -8,
                    3,
                    -2
                ],
                [
                    -2,
                    -10,
                    -7
                ],
                [
                    3,
                    -7,
                    2
                ],
                [
                    -1,
                    2,
                    -7
                ],
                [
                    -9,
                    -4,
                    -2
                ],
                [
                    -6,
                    10,
                    -1
                ],
                [
                    4,
                    3,
                    -7
                ],
                [
                    -6,
                    8,
                    -7
                ],
                [
                    8,
                    -7,
                    6
                ],
                [
                    -6,
                    9,
                    3
                ],
                [
                    5,
                    2,
                    10
                ],
                [
                    5,
                    -1,
                    8
                ],
                [
                    9,
                    4,
                    -8
                ]
            ],
            "{   'fun': 1.0,\n    'jac': None,\n    'nfev': 189,\n    'nit': 0,\n    'njev': 21,\n    'x': array([0.07271878, 0.08518428, 2.49748869, 0.8393808 , 1.76215289,\n       1.68291279, 2.48651562, 2.64260122])}",
            {
                "0001100110": 1,
                "0000001000": 1,
                "0100010011": 1,
                "0110100011": 1,
                "1010110101": 1,
                "0110011011": 1,
                "1000111100": 1,
                "0010100011": 1,
                "1000101000": 1,
                "1010011001": 1,
                "0110011010": 1,
                "0010001000": 1,
                "1000001111": 1,
                "1110001111": 1,
                "0010001010": 1,
                "0110000111": 1,
                "1110100110": 1,
                "0110101101": 1,
                "0111101111": 1,
                "0110000001": 1,
                "1101011110": 1,
                "0101101101": 1,
                "1101101010": 1,
                "1101000111": 1,
                "1100010001": 1,
                "1010001011": 1,
                "1001001000": 1,
                "1000011100": 1,
                "0101011011": 1,
                "1111100000": 2,
                "0101000111": 2,
                "0100011100": 1,
                "1101111011": 1,
                "1111100101": 1,
                "0110101100": 1,
                "1100011100": 1,
                "1000000111": 1,
                "0110101000": 2,
                "0111111001": 1,
                "0011111001": 1,
                "0011000101": 1,
                "1110001010": 1,
                "1101000100": 1,
                "0111011011": 1,
                "0111010110": 1,
                "0000001100": 2,
                "0000011111": 1,
                "1001110100": 1,
                "1010100001": 1,
                "1100111101": 1,
                "1101111111": 1,
                "0100100001": 1,
                "1010100000": 1,
                "1001011001": 1,
                "0011110010": 1,
                "1101100100": 1,
                "1000101111": 1,
                "0111010011": 1,
                "0100111010": 1,
                "1000001101": 1,
                "1101011001": 1,
                "0000011100": 1,
                "1011001000": 1,
                "1010011110": 1,
                "0001101000": 2,
                "0011011011": 1,
                "1011111101": 1,
                "0111000110": 1,
                "0011000001": 1,
                "0110001000": 2,
                "1101110100": 1,
                "1001111011": 1,
                "1001111100": 1,
                "0010011000": 1,
                "1011111100": 1,
                "0110010101": 1,
                "0101001000": 1,
                "0100000011": 1,
                "0100110111": 1,
                "1010010110": 1,
                "1000111110": 1,
                "0001001111": 1,
                "0001010001": 1,
                "0111011010": 1,
                "0111001010": 1,
                "0111111110": 1,
                "1000011010": 1,
                "1001010111": 1,
                "1100000010": 1,
                "0000101111": 1,
                "1101000011": 1,
                "0111110101": 1,
                "1100111001": 1,
                "1110011011": 1
            },
            false,
            0.97
        ],
        [
            [
                [
                    -9,
                    10,
                    -1
                ],
                [
                    -8,
                    3,
                    -6
                ],
                [
                    -8,
                    -2,
                    -3
                ],
                [
                    -10,
                    8,
                    -1
                ],
                [
                    2,
                    -5,
                    -8
                ],
                [
                    -6,
                    7,
                    -10
                ],
                [
                    9,
                    -2,
                    -1
                ],
                [
                    -5,
                    -2,
                    9
                ],
                [
                    4,
                    -8,
                    6
                ],
                [
                    7,
                    -9,
                    -4
                ],
                [
                    -2,
                    4,
                    10
                ],
                [
                    -2,
                    7,
                    8
                ],
                [
                    1,
                    6,
                    -9
                ],
                [
                    5,
                    7,
                    10
                ],
                [
                    -2,
                    9,
                    1
                ],
                [
                    -3,
                    -2,
                    7
                ],
                [
                    -10,
                    -8,
                    -6
                ],
                [
                    -6,
                    1,
                    -3
                ],
                [
                    1,
                    10,
                    -9
                ],
                [
                    -3,
                    4,
                    7
                ],
                [
                    -5,
                    8,
                    -3
                ],
                [
                    2,
                    -8,
                    -5
                ],
                [
                    -7,
                    3,
                    9
                ],
                [
                    -8,
                    5,
                    -1
                ],
                [
                    -8,
                    10,
                    -6
                ],
                [
                    -4,
                    -9,
                    -7
                ],
                [
                    9,
                    1,
                    8
                ],
                [
                    -2,
                    5,
                    8
                ],
                [
                    -5,
                    -4,
                    -7
                ],
                [
                    -7,
                    10,
                    -1
                ],
                [
                    -1,
                    6,
                    -4
                ],
                [
                    -10,
                    -2,
                    -5
                ],
                [
                    2,
                    7,
                    3
                ],
                [
                    1,
                    6,
                    5
                ],
                [
                    4,
                    5,
                    7
                ],
                [
                    -4,
                    1,
                    10
                ],
                [
                    2,
                    1,
                    -3
                ],
                [
                    8,
                    -10,
                    -1
                ],
                [
                    4,
                    -7,
                    10
                ],
                [
                    -8,
                    -9,
                    3
                ],
                [
                    -8,
                    -2,
                    7
                ],
                [
                    -2,
                    -1,
                    -8
                ],
                [
                    6,
                    9,
                    1
                ],
                [
                    6,
                    8,
                    1
                ],
                [
                    -10,
                    8,
                    5
                ]
            ],
            "{   'fun': 1.0,\n    'jac': None,\n    'nfev': 207,\n    'nit': 2,\n    'njev': 23,\n    'x': array([2.58572401, 0.04774276, 1.62396976, 3.040006  , 0.48383555,\n       1.06155082, 2.31572148, 2.38593535])}",
            {
                "1000100011": 1,
                "0001011001": 1,
                "0011111111": 1,
                "0100010001": 1,
                "0101000100": 1,
                "0100000001": 1,
                "1010110100": 1,
                "0000010001": 1,
                "0000000111": 1,
                "0001110011": 1,
                "1111001001": 2,
                "1110011110": 2,
                "1110101101": 1,
                "1101110011": 1,
                "0100100011": 1,
                "0101101011": 1,
                "1101011010": 1,
                "0101100110": 1,
                "0100101101": 1,
                "1110101010": 1,
                "0011001101": 1,
                "0000000001": 1,
                "1001110010": 1,
                "0100111111": 1,
                "0110110000": 1,
                "0100111110": 1,
                "1111100110": 1,
                "1101000100": 1,
                "1011010100": 1,
                "1101101011": 1,
                "0111010010": 1,
                "1100000100": 1,
                "1100011101": 1,
                "1010101111": 1,
                "0001101101": 1,
                "1111000011": 1,
                "1111010001": 1,
                "0101011010": 1,
                "1000001110": 1,
                "1011000111": 1,
                "1001101010": 1,
                "1111110001": 1,
                "0011100110": 1,
                "1000111101": 1,
                "1001001010": 1,
                "1011010001": 2,
                "1111001010": 1,
                "0101000010": 1,
                "1110001000": 1,
                "0100100000": 1,
                "1000101010": 1,
                "1100101111": 1,
                "1010001100": 1,
                "0011000111": 1,
                "1000110110": 1,
                "0000011111": 1,
                "0010110011": 1,
                "1100001001": 1,
                "1000000000": 2,
                "1110010001": 1,
                "0000110110": 1,
                "0010110001": 1,
                "1010011110": 1,
                "0111001101": 1,
                "1001000100": 1,
                "1011010111": 1,
                "1101010110": 1,
                "1001111011": 1,
                "0000011000": 1,
                "1110011000": 1,
                "0010011010": 1,
                "0101000011": 1,
                "1101110110": 1,
                "1000111000": 1,
                "1100001101": 1,
                "1100011111": 2,
                "1010100011": 1,
                "1101011011": 1,
                "1100101000": 1,
                "1010110110": 1,
                "1100100110": 1,
                "1110101011": 1,
                "1010101101": 1,
                "0000110101": 2,
                "0000100111": 1,
                "0000000100": 1,
                "0010001010": 1,
                "1100001111": 1,
                "0110100011": 2,
                "0011011010": 1,
                "0000101110": 1,
                "1111111001": 1,
                "0000010110": 1
            },
            false,
            0.98
        ],
        [
            [
                [
                    1,
                    -3,
                    6
                ],
                [
                    8,
                    10,
                    1
                ],
                [
                    8,
                    -2,
                    6
                ],
                [
                    -1,
                    7,
                    -3
                ],
                [
                    -7,
                    -6,
                    -10
                ],
                [
                    -5,
                    -8,
                    10
                ],
                [
                    10,
                    3,
                    1
                ],
                [
                    1,
                    3,
                    5
                ],
                [
                    -1,
                    7,
                    -10
                ],
                [
                    -6,
                    10,
                    4
                ],
                [
                    -9,
                    -8,
                    6
                ],
                [
                    -2,
                    -8,
                    -1
                ],
                [
                    10,
                    6,
                    8
                ],
                [
                    6,
                    7,
                    -2
                ],
                [
                    3,
                    9,
                    1
                ],
                [
                    4,
                    9,
                    6
                ],
                [
                    7,
                    -5,
                    -2
                ],
                [
                    3,
                    9,
                    -5
                ],
                [
                    -6,
                    -7,
                    -2
                ],
                [
                    7,
                    -1,
                    -10
                ],
                [
                    -9,
                    2,
                    4
                ],
                [
                    -3,
                    -2,
                    -1
                ],
                [
                    -7,
                    10,
                    4
                ],
                [
                    10,
                    -5,
                    -8
                ],
                [
                    -5,
                    6,
                    -10
                ],
                [
                    6,
                    -5,
                    -3
                ],
                [
                    -10,
                    -1,
                    -8
                ],
                [
                    -3,
                    10,
                    -4
                ],
                [
                    -1,
                    -6,
                    3
                ],
                [
                    -2,
                    1,
                    -10
                ],
                [
                    -5,
                    3,
                    -10
                ],
                [
                    -3,
                    10,
                    -7
                ],
                [
                    3,
                    1,
                    -6
                ],
                [
                    -4,
                    2,
                    -3
                ],
                [
                    9,
                    -5,
                    4
                ],
                [
                    7,
                    -6,
                    1
                ],
                [
                    10,
                    6,
                    -9
                ],
                [
                    10,
                    -8,
                    -6
                ],
                [
                    5,
                    -9,
                    4
                ],
                [
                    5,
                    -2,
                    -10
                ],
                [
                    -7,
                    -10,
                    -9
                ],
                [
                    4,
                    3,
                    -1
                ],
                [
                    4,
                    -10,
                    -7
                ],
                [
                    -8,
                    -3,
                    -6
                ],
                [
                    10,
                    9,
                    -8
                ]
            ],
            "{   'fun': 1.0,\n    'jac': None,\n    'nfev': 9,\n    'nit': 0,\n    'njev': 1,\n    'x': array([0.52740253, 0.17713412, 0.19211593, 0.02383559, 1.32984143,\n       1.60249976, 1.62505177, 2.34059286])}",
            {
                "0111111000": 1,
                "1101011011": 1,
                "1110111001": 1,
                "1000101111": 1,
                "1001010001": 1,
                "0100010111": 1,
                "0101010111": 1,
                "0101011101": 1,
                "0011100011": 1,
                "1100011101": 1,
                "1111110011": 1,
                "1011011011": 1,
                "1001001111": 1,
                "0011010111": 1,
                "1011010110": 1,
                "0010000000": 1,
                "0111011110": 1,
                "1011100101": 1,
                "0011001100": 1,
                "1010110010": 1,
                "1010100001": 1,
                "0111010101": 1,
                "1101101111": 1,
                "1110101001": 1,
                "1001101101": 1,
                "1011100000": 1,
                "1011110100": 1,
                "1011000011": 1,
                "0000111111": 1,
                "1110000100": 1,
                "0001110111": 1,
                "0010101111": 1,
                "0001010101": 1,
                "0110110000": 1,
                "1010000110": 1,
                "1001001011": 1,
                "0101001100": 1,
                "1110101010": 1,
                "0011011110": 1,
                "0110101011": 1,
                "0110010111": 1,
                "0101110111": 1,
                "0100000010": 1,
                "0111011011": 1,
                "1110110101": 2,
                "1100000101": 1,
                "0100110010": 2,
                "1010011001": 1,
                "1110110110": 1,
                "1000010111": 1,
                "1011010101": 2,
                "0000010111": 1,
                "0110100100": 3,
                "1000101100": 1,
                "0101100110": 1,
                "0100001011": 1,
                "0001011111": 1,
                "1001110110": 1,
                "1100001001": 1,
                "0001001101": 1,
                "1000111111": 1,
                "0001100010": 1,
                "0010001010": 1,
                "0010010000": 1,
                "1101110111": 1,
                "1001101000": 1,
                "0100101000": 1,
                "0011011101": 1,
                "0101001011": 1,
                "1010011000": 1,
                "1100010011": 1,
                "0100111010": 1,
                "0111111111": 1,
                "0001001110": 1,
                "0000001111": 1,
                "0010100100": 1,
                "0101110001": 1,
                "0110010110": 1,
                "1101101010": 1,
                "0100001100": 2,
                "0010110000": 1,
                "1101111101": 1,
                "1011100100": 1,
                "1010011010": 1,
                "1001000100": 1,
                "0101100100": 1,
                "1010011110": 1,
                "1000100100": 1,
                "1001000111": 1,
                "0100101111": 1,
                "1001101110": 1,
                "0010001001": 1,
                "1101101011": 1,
                "0010011110": 1
            },
            false,
            1.0
        ],
        [
            [
                [
                    9,
                    -8,
                    -2
                ],
                [
                    -4,
                    6,
                    7
                ],
                [
                    2,
                    8,
                    -5
                ],
                [
                    -2,
                    -9,
                    7
                ],
                [
                    -4,
                    -7,
                    5
                ],
                [
                    -1,
                    -7,
                    -2
                ],
                [
                    -7,
                    3,
                    -9
                ],
                [
                    -2,
                    -6,
                    -10
                ],
                [
                    -9,
                    4,
                    3
                ],
                [
                    2,
                    9,
                    -6
                ],
                [
                    6,
                    4,
                    -8
                ],
                [
                    5,
                    -8,
                    -10
                ],
                [
                    1,
                    9,
                    -5
                ],
                [
                    -10,
                    -6,
                    4
                ],
                [
                    1,
                    7,
                    6
                ],
                [
                    8,
                    -3,
                    -2
                ],
                [
                    -5,
                    -10,
                    4
                ],
                [
                    6,
                    -7,
                    1
                ],
                [
                    5,
                    -9,
                    8
                ],
                [
                    -1,
                    -3,
                    10
                ],
                [
                    3,
                    7,
                    9
                ],
                [
                    -2,
                    -7,
                    -3
                ],
                [
                    -5,
                    6,
                    -2
                ],
                [
                    6,
                    -9,
                    -7
                ],
                [
                    -4,
                    1,
                    -10
                ],
                [
                    8,
                    -1,
                    7
                ],
                [
                    2,
                    -9,
                    8
                ],
                [
                    -6,
                    8,
                    -9
                ],
                [
                    5,
                    9,
                    3
                ],
                [
                    -6,
                    -1,
                    9
                ],
                [
                    -9,
                    7,
                    2
                ],
                [
                    10,
                    -4,
                    2
                ],
                [
                    -8,
                    5,
                    -10
                ],
                [
                    9,
                    5,
                    -4
                ],
                [
                    -6,
                    -8,
                    2
                ],
                [
                    -9,
                    -7,
                    -2
                ],
                [
                    -2,
                    -9,
                    1
                ],
                [
                    -1,
                    4,
                    5
                ],
                [
                    -10,
                    -7,
                    -1
                ],
                [
                    3,
                    -4,
                    9
                ],
                [
                    10,
                    -1,
                    -5
                ],
                [
                    -6,
                    -2,
                    -10
                ],
                [
                    -5,
                    -6,
                    9
                ],
                [
                    6,
                    4,
                    3
                ],
                [
                    6,
                    10,
                    -7
                ]
            ],
            "{   'fun': 1.0,\n    'jac': None,\n    'nfev': 9,\n    'nit': 0,\n    'njev': 1,\n    'x': array([1.6666536 , 1.0587211 , 1.21780493, 0.12920819, 2.0136214 ,\n       2.25877179, 1.60499451, 0.67771998])}",
            {
                "0111000100": 1,
                "0110010111": 1,
                "1010000010": 1,
                "1000111111": 1,
                "1010110110": 1,
                "1011000001": 1,
                "0100011101": 1,
                "0111111111": 1,
                "1110001010": 1,
                "0001000101": 1,
                "1000110101": 1,
                "1101011101": 1,
                "1100100000": 1,
                "0000000010": 1,
                "1100001100": 1,
                "1101101100": 2,
                "1011110110": 2,
                "1000000010": 1,
                "0111110101": 1,
                "1101000110": 1,
                "1010001100": 1,
                "1100011111": 1,
                "1001011100": 2,
                "1011000110": 1,
                "1100111101": 1,
                "0110110011": 1,
                "1101110010": 1,
                "1010000100": 1,
                "0000101101": 1,
                "1001110101": 1,
                "1111000110": 1,
                "0110111010": 1,
                "0110100011": 1,
                "1010011011": 1,
                "0101111011": 1,
                "0100010100": 1,
                "0111110111": 1,
                "1011111001": 1,
                "0100000001": 1,
                "1111010111": 1,
                "0110101101": 1,
                "1110010101": 1,
                "1100001111": 1,
                "0001111000": 1,
                "0001001001": 1,
                "1100011010": 1,
                "0111100010": 1,
                "1110101001": 1,
                "1111010011": 1,
                "1011100101": 1,
                "0010101010": 1,
                "1110110000": 1,
                "1101111101": 1,
                "1011110011": 1,
                "0101101011": 1,
                "1110100101": 1,
                "0110110000": 1,
                "0011110100": 1,
                "0100101000": 1,
                "0010011101": 1,
                "1100000010": 2,
                "0101000000": 1,
                "1101000111": 1,
                "1011100011": 1,
                "1000011100": 1,
                "1001101110": 1,
                "0010001001": 1,
                "1001010011": 1,
                "1101000101": 1,
                "0110101011": 1,
                "1010101010": 1,
                "1001101001": 1,
                "1101001100": 1,
                "0101011111": 1,
                "0001011010": 1,
                "0101001111": 2,
                "0001100011": 1,
                "1111011110": 1,
                "1010001001": 1,
                "1010011101": 1,
                "1100011101": 1,
                "0001001000": 1,
                "0111010001": 1,
                "0001101100": 1,
                "0110100110": 1,
                "0010000001": 1,
                "1011001110": 1,
                "0101110001": 1,
                "0101000101": 1,
                "0000010001": 1,
                "0000100101": 1,
                "0101100010": 1,
                "1110001101": 1,
                "1010101001": 1,
                "1110010011": 1
            },
            false,
            1.0
        ],
        [
            [
                [
                    9,
                    6,
                    -5
                ],
                [
                    5,
                    -3,
                    -2
                ],
                [
                    -9,
                    -2,
                    -3
                ],
                [
                    8,
                    -3,
                    -9
                ],
                [
                    9,
                    4,
                    -5
                ],
                [
                    7,
                    -3,
                    10
                ],
                [
                    10,
                    4,
                    -2
                ],
                [
                    -3,
                    2,
                    5
                ],
                [
                    -3,
                    -5,
                    2
                ],
                [
                    8,
                    1,
                    -6
                ],
                [
                    -5,
                    -8,
                    -1
                ],
                [
                    -9,
                    -5,
                    -8
                ],
                [
                    9,
                    -1,
                    3
                ],
                [
                    -7,
                    -6,
                    -5
                ],
                [
                    -5,
                    -9,
                    8
                ],
                [
                    10,
                    2,
                    -1
                ],
                [
                    -8,
                    -1,
                    -9
                ],
                [
                    -9,
                    -2,
                    -6
                ],
                [
                    10,
                    5,
                    -4
                ],
                [
                    9,
                    -8,
                    7
                ],
                [
                    -8,
                    -7,
                    -6
                ],
                [
                    2,
                    -1,
                    -3
                ],
                [
                    -10,
                    5,
                    7
                ],
                [
                    -3,
                    5,
                    -4
                ],
                [
                    -6,
                    -1,
                    10
                ],
                [
                    5,
                    1,
                    -3
                ],
                [
                    -5,
                    -1,
                    -7
                ],
                [
                    9,
                    -4,
                    -1
                ],
                [
                    -3,
                    2,
                    1
                ],
                [
                    -8,
                    -4,
                    -10
                ],
                [
                    -4,
                    9,
                    10
                ],
                [
                    -7,
                    5,
                    9
                ],
                [
                    -6,
                    -8,
                    -7
                ],
                [
                    -6,
                    -5,
                    -3
                ],
                [
                    3,
                    7,
                    4
                ],
                [
                    -3,
                    10,
                    -6
                ],
                [
                    -10,
                    -8,
                    1
                ],
                [
                    5,
                    1,
                    3
                ],
                [
                    -2,
                    -3,
                    5
                ],
                [
                    4,
                    1,
                    7
                ],
                [
                    6,
                    10,
                    4
                ],
                [
                    1,
                    5,
                    4
                ],
                [
                    7,
                    -8,
                    6
                ],
                [
                    1,
                    4,
                    3
                ],
                [
                    9,
                    2,
                    7
                ]
            ],
            "{   'fun': 1.0,\n    'jac': None,\n    'nfev': 189,\n    'nit': 0,\n    'njev': 21,\n    'x': array([1.48071935, 0.0954396 , 2.1734847 , 1.06912731, 2.42272838,\n       2.07750153, 1.7463542 , 2.86819155])}",
            {
                "1010001001": 1,
                "0000101011": 1,
                "0101100111": 1,
                "0110011011": 1,
                "1100100110": 1,
                "0001010110": 1,
                "1000100111": 1,
                "0011111011": 1,
                "0001001011": 1,
                "1110101111": 1,
                "1010101001": 1,
                "1000111110": 1,
                "1011011110": 1,
                "1100100001": 1,
                "0011011110": 1,
                "1001010000": 1,
                "0110010010": 1,
                "1011110001": 1,
                "0010101001": 1,
                "0000101000": 1,
                "0001100011": 1,
                "0110111110": 1,
                "0100100011": 1,
                "1111010110": 1,
                "1101010100": 1,
                "0001011101": 1,
                "0000111011": 1,
                "1010001101": 1,
                "0110110110": 1,
                "1100101010": 1,
                "1000101001": 1,
                "0000001100": 1,
                "1101100000": 1,
                "1010100101": 1,
                "0000111101": 1,
                "0111111110": 1,
                "1110000010": 1,
                "0000010010": 1,
                "1001001001": 1,
                "0100100111": 1,
                "1100000101": 1,
                "0111010111": 1,
                "0101000101": 1,
                "1010101010": 1,
                "1011001110": 1,
                "0010010011": 1,
                "1110000000": 1,
                "1001101000": 1,
                "0000110111": 2,
                "0111011010": 1,
                "0100111101": 1,
                "1000010001": 1,
                "1001001111": 1,
                "1110010001": 1,
                "1101100001": 1,
                "1101011110": 1,
                "1001101010": 1,
                "0001101001": 1,
                "0010001100": 1,
                "0110000101": 1,
                "0010000000": 2,
                "0101011000": 1,
                "0110110100": 1,
                "1001110101": 1,
                "0001001110": 1,
                "0010100100": 1,
                "0000100011": 1,
                "1110011100": 1,
                "1110111110": 1,
                "0010110001": 1,
                "1001100101": 1,
                "1001001101": 1,
                "1010010001": 1,
                "1110010000": 1,
                "0000100110": 1,
                "1001110110": 1,
                "1101001111": 1,
                "1100011001": 1,
                "1000100100": 1,
                "0001011100": 1,
                "0011000011": 1,
                "1110110110": 1,
                "1000100001": 1,
                "1101010000": 1,
                "1001001010": 1,
                "1001000111": 1,
                "1000001110": 1,
                "0100001110": 2,
                "0001111110": 1,
                "0101000011": 1,
                "0110011000": 1,
                "1011000110": 1,
                "0110010110": 1,
                "1011010100": 1,
                "0001000000": 1,
                "0100101011": 1,
                "1001001000": 1
            },
            false,
            0.95
        ]
    ]
}