{
    "n": 10,
    "m": 45,
    "results": [
        [
            [
                [
                    4,
                    3,
                    -2
                ],
                [
                    3,
                    2,
                    -7
                ],
                [
                    -3,
                    -7,
                    -1
                ],
                [
                    9,
                    -10,
                    -2
                ],
                [
                    9,
                    -6,
                    10
                ],
                [
                    -5,
                    -4,
                    1
                ],
                [
                    9,
                    7,
                    -1
                ],
                [
                    -1,
                    -2,
                    6
                ],
                [
                    -7,
                    -5,
                    2
                ],
                [
                    -7,
                    9,
                    6
                ],
                [
                    5,
                    -1,
                    -10
                ],
                [
                    5,
                    -8,
                    -10
                ],
                [
                    -8,
                    7,
                    -10
                ],
                [
                    -4,
                    -6,
                    -3
                ],
                [
                    -3,
                    -1,
                    -2
                ],
                [
                    9,
                    -8,
                    -3
                ],
                [
                    -8,
                    10,
                    -7
                ],
                [
                    -4,
                    -10,
                    5
                ],
                [
                    -1,
                    -7,
                    10
                ],
                [
                    4,
                    8,
                    2
                ],
                [
                    -7,
                    -2,
                    3
                ],
                [
                    1,
                    -9,
                    -3
                ],
                [
                    6,
                    -8,
                    1
                ],
                [
                    -9,
                    -10,
                    -6
                ],
                [
                    3,
                    -10,
                    2
                ],
                [
                    -1,
                    -7,
                    5
                ],
                [
                    -1,
                    9,
                    4
                ],
                [
                    -9,
                    -5,
                    -3
                ],
                [
                    -10,
                    2,
                    -1
                ],
                [
                    -2,
                    10,
                    9
                ],
                [
                    10,
                    -4,
                    6
                ],
                [
                    7,
                    4,
                    1
                ],
                [
                    -6,
                    9,
                    -3
                ],
                [
                    -5,
                    7,
                    10
                ],
                [
                    7,
                    -4,
                    -6
                ],
                [
                    -10,
                    3,
                    -6
                ],
                [
                    5,
                    -9,
                    -3
                ],
                [
                    -7,
                    -8,
                    -4
                ],
                [
                    10,
                    -7,
                    -9
                ],
                [
                    8,
                    -5,
                    6
                ],
                [
                    1,
                    -4,
                    -8
                ],
                [
                    3,
                    -8,
                    -2
                ],
                [
                    -2,
                    -4,
                    10
                ],
                [
                    -9,
                    -6,
                    7
                ],
                [
                    -6,
                    -4,
                    5
                ]
            ],
            "{   'fun': 1.0,\n    'jac': None,\n    'nfev': 171,\n    'nit': 1,\n    'njev': 19,\n    'x': array([0.07271878, 0.08518428, 2.49748886, 0.8393808 , 1.76215289,\n       1.68291279, 2.48651562, 2.64260139])}",
            {
                "0110000001": 1,
                "0101100010": 1,
                "0010100111": 1,
                "0100010100": 1,
                "0100010110": 1,
                "1110010110": 1,
                "0101001010": 1,
                "0110011010": 1,
                "1010111111": 1,
                "1111001011": 1,
                "1100010110": 1,
                "0010111001": 1,
                "0010100100": 1,
                "1110000111": 1,
                "1101111000": 1,
                "1100101111": 1,
                "0111110101": 1,
                "1011011001": 1,
                "0100100011": 1,
                "1111011110": 1,
                "1001110000": 1,
                "0011001111": 1,
                "0101100001": 1,
                "1011000001": 1,
                "0001010111": 1,
                "1000000110": 1,
                "1111001101": 1,
                "0010011000": 1,
                "1000011001": 1,
                "1110000101": 1,
                "1110110111": 1,
                "0101011001": 1,
                "1101000110": 1,
                "0001101110": 1,
                "0101011111": 1,
                "1000101111": 1,
                "0011101001": 1,
                "0001101111": 1,
                "0101000101": 1,
                "1000100110": 1,
                "0010110101": 1,
                "1001110011": 1,
                "1010000011": 1,
                "1010001101": 1,
                "0011100110": 1,
                "1001110100": 1,
                "0111001000": 1,
                "0110111110": 1,
                "0010100001": 1,
                "1001100011": 1,
                "0100000100": 1,
                "1111101111": 1,
                "1001100110": 1,
                "1101000100": 1,
                "0100001011": 1,
                "1100110100": 1,
                "1010110010": 1,
                "1111111111": 2,
                "1011101110": 1,
                "0011100111": 1,
                "0111011000": 1,
                "0100001001": 1,
                "0001110110": 1,
                "1001000000": 1,
                "0111001101": 1,
                "0000011100": 1,
                "1000101010": 1,
                "0010010110": 1,
                "0011001010": 1,
                "1011101000": 1,
                "1111101010": 1,
                "0101000100": 1,
                "1111000011": 1,
                "1010011010": 1,
                "0110000010": 1,
                "1110110010": 1,
                "1110111111": 1,
                "0001000101": 1,
                "0100101101": 1,
                "1000110101": 1,
                "0010111100": 1,
                "0110000111": 1,
                "0110100010": 1,
                "1101111001": 1,
                "0100100101": 1,
                "1101100100": 1,
                "1101010010": 1,
                "0100101010": 1,
                "1100100101": 2,
                "0101010111": 1,
                "0010010101": 1,
                "0011101110": 1,
                "0111011011": 1,
                "0110111111": 1,
                "1110110101": 1,
                "1010110001": 1,
                "0000011011": 1,
                "1011011110": 1
            },
            false,
            0.98
        ],
        [
            [
                [
                    -4,
                    2,
                    -7
                ],
                [
                    -1,
                    -3,
                    5
                ],
                [
                    4,
                    9,
                    8
                ],
                [
                    7,
                    -3,
                    2
                ],
                [
                    -8,
                    3,
                    9
                ],
                [
                    -8,
                    -9,
                    -6
                ],
                [
                    -5,
                    -1,
                    -9
                ],
                [
                    -5,
                    -4,
                    9
                ],
                [
                    -2,
                    -5,
                    9
                ],
                [
                    -3,
                    7,
                    8
                ],
                [
                    7,
                    -3,
                    -1
                ],
                [
                    -6,
                    -3,
                    -7
                ],
                [
                    -10,
                    -5,
                    -9
                ],
                [
                    -2,
                    5,
                    -8
                ],
                [
                    -5,
                    -9,
                    -6
                ],
                [
                    10,
                    2,
                    -6
                ],
                [
                    5,
                    -7,
                    6
                ],
                [
                    9,
                    7,
                    -5
                ],
                [
                    -4,
                    8,
                    -7
                ],
                [
                    4,
                    8,
                    2
                ],
                [
                    2,
                    -3,
                    -9
                ],
                [
                    10,
                    4,
                    -1
                ],
                [
                    -10,
                    6,
                    -3
                ],
                [
                    -8,
                    -3,
                    -7
                ],
                [
                    -9,
                    -8,
                    -5
                ],
                [
                    5,
                    1,
                    -4
                ],
                [
                    1,
                    2,
                    -10
                ],
                [
                    4,
                    -7,
                    -9
                ],
                [
                    -3,
                    -4,
                    -5
                ],
                [
                    -5,
                    -1,
                    -4
                ],
                [
                    -8,
                    -9,
                    -4
                ],
                [
                    7,
                    2,
                    4
                ],
                [
                    10,
                    3,
                    -1
                ],
                [
                    -10,
                    5,
                    2
                ],
                [
                    1,
                    6,
                    8
                ],
                [
                    -8,
                    -7,
                    10
                ],
                [
                    -9,
                    7,
                    -10
                ],
                [
                    2,
                    5,
                    -3
                ],
                [
                    8,
                    7,
                    9
                ],
                [
                    5,
                    1,
                    -2
                ],
                [
                    2,
                    -10,
                    -7
                ],
                [
                    5,
                    1,
                    -10
                ],
                [
                    6,
                    -3,
                    -8
                ],
                [
                    9,
                    6,
                    -1
                ],
                [
                    6,
                    7,
                    -2
                ]
            ],
            "{   'fun': 1.0,\n    'jac': None,\n    'nfev': 9,\n    'nit': 0,\n    'njev': 1,\n    'x': array([2.58572401, 0.04774246, 1.62396976, 3.0400057 , 0.48383555,\n       1.06155082, 2.31572148, 2.38593535])}",
            {
                "1110010000": 1,
                "0001001111": 1,
                "0110000001": 1,
                "0010011110": 1,
                "0011111101": 1,
                "1011110011": 1,
                "1000100001": 1,
                "1001000111": 1,
                "1010000100": 1,
                "1010001011": 1,
                "1011001111": 1,
                "0110111111": 1,
                "0010100100": 1,
                "0000011111": 1,
                "1001110100": 1,
                "1101001101": 1,
                "1101110011": 1,
                "1111000001": 1,
                "0111111011": 1,
                "1001010001": 1,
                "0011010110": 2,
                "1111100111": 1,
                "0010001100": 1,
                "0110011100": 1,
                "0100111011": 1,
                "0100111010": 1,
                "0001101110": 1,
                "0001110001": 1,
                "0101110001": 1,
                "1000100110": 1,
                "1001111010": 1,
                "0000100100": 1,
                "0110111010": 1,
                "0111010011": 1,
                "1011000100": 1,
                "0011011011": 1,
                "1100010110": 1,
                "1011011101": 1,
                "1100011000": 1,
                "1001101110": 1,
                "0000010100": 1,
                "0001011110": 1,
                "0000010111": 1,
                "0111110111": 1,
                "0111101100": 2,
                "1011000110": 1,
                "0110011000": 1,
                "1100011101": 1,
                "1101100000": 1,
                "1001010100": 1,
                "0110100000": 1,
                "1000101000": 1,
                "0111100010": 1,
                "1000001010": 1,
                "1111000101": 1,
                "1011101011": 1,
                "0011110011": 1,
                "1111000111": 1,
                "0001110011": 1,
                "0100101110": 1,
                "1100101000": 1,
                "0110000111": 1,
                "0011010101": 1,
                "1111011011": 1,
                "0000000100": 1,
                "1011111011": 1,
                "0101011111": 1,
                "1010100000": 1,
                "1010010111": 1,
                "0100010011": 1,
                "1011101100": 1,
                "1101110000": 1,
                "1111110010": 1,
                "0011110111": 1,
                "1011100100": 1,
                "1010110001": 1,
                "1111001100": 1,
                "1110001010": 1,
                "0011000101": 1,
                "0111110001": 1,
                "1101000111": 1,
                "1000010011": 1,
                "0001011101": 1,
                "1011101000": 1,
                "0010110110": 1,
                "1111111100": 1,
                "0010100000": 1,
                "0110010011": 2,
                "0100110101": 2,
                "1110000010": 1,
                "0111111110": 1,
                "0011001111": 1,
                "1101000010": 1,
                "1001000001": 1,
                "0111000101": 1,
                "1100101011": 1
            },
            false,
            1.0
        ],
        [
            [
                [
                    7,
                    10,
                    -5
                ],
                [
                    -2,
                    -1,
                    7
                ],
                [
                    -1,
                    -2,
                    6
                ],
                [
                    -10,
                    6,
                    9
                ],
                [
                    -5,
                    9,
                    8
                ],
                [
                    -10,
                    -3,
                    -7
                ],
                [
                    -1,
                    4,
                    -3
                ],
                [
                    -4,
                    -10,
                    -9
                ],
                [
                    -7,
                    6,
                    -1
                ],
                [
                    -7,
                    -2,
                    -5
                ],
                [
                    10,
                    -7,
                    1
                ],
                [
                    -8,
                    1,
                    -9
                ],
                [
                    8,
                    -6,
                    3
                ],
                [
                    -2,
                    7,
                    4
                ],
                [
                    7,
                    9,
                    1
                ],
                [
                    -4,
                    8,
                    5
                ],
                [
                    5,
                    -2,
                    6
                ],
                [
                    -7,
                    9,
                    -1
                ],
                [
                    5,
                    10,
                    -8
                ],
                [
                    6,
                    7,
                    3
                ],
                [
                    -2,
                    -7,
                    8
                ],
                [
                    -8,
                    4,
                    -10
                ],
                [
                    -8,
                    3,
                    -4
                ],
                [
                    8,
                    -9,
                    -3
                ],
                [
                    8,
                    -7,
                    -1
                ],
                [
                    9,
                    3,
                    -1
                ],
                [
                    -10,
                    -5,
                    7
                ],
                [
                    -3,
                    -9,
                    8
                ],
                [
                    10,
                    5,
                    8
                ],
                [
                    -7,
                    8,
                    6
                ],
                [
                    10,
                    8,
                    -2
                ],
                [
                    -6,
                    -4,
                    -10
                ],
                [
                    6,
                    8,
                    -3
                ],
                [
                    8,
                    9,
                    -2
                ],
                [
                    10,
                    -1,
                    2
                ],
                [
                    -2,
                    -6,
                    -1
                ],
                [
                    -4,
                    -8,
                    -10
                ],
                [
                    -9,
                    10,
                    -1
                ],
                [
                    -6,
                    4,
                    9
                ],
                [
                    -2,
                    1,
                    -10
                ],
                [
                    6,
                    3,
                    4
                ],
                [
                    10,
                    5,
                    -8
                ],
                [
                    -1,
                    2,
                    5
                ],
                [
                    -2,
                    5,
                    -10
                ],
                [
                    -10,
                    -5,
                    2
                ]
            ],
            "{   'fun': 1.0,\n    'jac': None,\n    'nfev': 9,\n    'nit': 0,\n    'njev': 1,\n    'x': array([0.52740253, 0.17713412, 0.19211593, 0.02383559, 1.32984143,\n       1.60249976, 1.62505177, 2.34059286])}",
            {
                "1100110011": 1,
                "0001100001": 1,
                "0001100101": 1,
                "0111011110": 1,
                "0100100011": 1,
                "1011110011": 1,
                "1000111001": 1,
                "1011100110": 1,
                "1010101110": 1,
                "0111000011": 1,
                "1101000111": 1,
                "1111001111": 1,
                "0000100101": 1,
                "0011100111": 1,
                "0101110100": 1,
                "0001101101": 1,
                "0011101011": 1,
                "1011010111": 1,
                "0110100001": 1,
                "1011111110": 1,
                "1011110000": 2,
                "0110101101": 1,
                "0011110100": 1,
                "1010111100": 1,
                "1101101100": 1,
                "1111000100": 1,
                "1001011001": 2,
                "0000010101": 1,
                "0111010001": 1,
                "1100101011": 2,
                "0110001011": 1,
                "0110111001": 2,
                "1010111001": 1,
                "0111111101": 1,
                "0000111010": 1,
                "0100011110": 1,
                "1100011100": 1,
                "1011001111": 1,
                "0100100110": 1,
                "0111011100": 1,
                "1110110111": 1,
                "1001010110": 2,
                "0101011000": 1,
                "0001001110": 1,
                "0010100100": 1,
                "0100111011": 1,
                "0100111010": 1,
                "1111010000": 1,
                "1000110100": 1,
                "1101101111": 1,
                "0110010000": 1,
                "0000011101": 2,
                "0000101001": 2,
                "1011111111": 1,
                "0010010110": 1,
                "1100100100": 1,
                "1101000110": 1,
                "0101001101": 1,
                "1101100101": 1,
                "1010111010": 1,
                "1001001011": 1,
                "1011101101": 1,
                "0100011011": 1,
                "0110101011": 1,
                "0001011010": 1,
                "1001000000": 1,
                "0011011001": 1,
                "1110011011": 1,
                "0110010110": 1,
                "0101011110": 2,
                "0101111110": 1,
                "0011010100": 1,
                "1010011011": 1,
                "0111010101": 1,
                "1110010100": 1,
                "0011101110": 1,
                "1110101010": 1,
                "1111111011": 1,
                "1101100000": 1,
                "1000100001": 1,
                "0010100001": 1,
                "0101101000": 1,
                "0111100111": 1,
                "0100110000": 1,
                "1000011011": 1,
                "1101001111": 1,
                "0000001011": 1,
                "0110101111": 1,
                "1111101010": 1,
                "1000011111": 1,
                "1100100001": 1,
                "0010110100": 1
            },
            false,
            1.0
        ],
        [
            [
                [
                    -3,
                    -8,
                    2
                ],
                [
                    -3,
                    -2,
                    -8
                ],
                [
                    3,
                    4,
                    6
                ],
                [
                    8,
                    2,
                    3
                ],
                [
                    -3,
                    -7,
                    9
                ],
                [
                    5,
                    7,
                    1
                ],
                [
                    3,
                    5,
                    1
                ],
                [
                    1,
                    3,
                    10
                ],
                [
                    7,
                    -2,
                    -5
                ],
                [
                    10,
                    9,
                    -7
                ],
                [
                    -7,
                    -5,
                    4
                ],
                [
                    -7,
                    -5,
                    9
                ],
                [
                    -8,
                    3,
                    2
                ],
                [
                    -10,
                    -9,
                    8
                ],
                [
                    -7,
                    5,
                    -3
                ],
                [
                    -10,
                    8,
                    3
                ],
                [
                    7,
                    -8,
                    4
                ],
                [
                    -8,
                    -2,
                    4
                ],
                [
                    -9,
                    1,
                    -10
                ],
                [
                    -8,
                    10,
                    -3
                ],
                [
                    2,
                    7,
                    -5
                ],
                [
                    -6,
                    -2,
                    1
                ],
                [
                    4,
                    8,
                    1
                ],
                [
                    8,
                    -4,
                    10
                ],
                [
                    8,
                    -2,
                    -4
                ],
                [
                    -6,
                    4,
                    -5
                ],
                [
                    6,
                    2,
                    10
                ],
                [
                    3,
                    1,
                    10
                ],
                [
                    -6,
                    -3,
                    -9
                ],
                [
                    3,
                    -5,
                    -8
                ],
                [
                    -2,
                    8,
                    1
                ],
                [
                    -3,
                    -1,
                    -4
                ],
                [
                    -3,
                    5,
                    -7
                ],
                [
                    -4,
                    -10,
                    5
                ],
                [
                    -5,
                    -10,
                    1
                ],
                [
                    -9,
                    -1,
                    -7
                ],
                [
                    3,
                    -9,
                    -5
                ],
                [
                    -9,
                    4,
                    -6
                ],
                [
                    3,
                    -2,
                    -8
                ],
                [
                    4,
                    1,
                    -8
                ],
                [
                    -4,
                    7,
                    -5
                ],
                [
                    7,
                    -1,
                    4
                ],
                [
                    -10,
                    -8,
                    7
                ],
                [
                    3,
                    9,
                    6
                ],
                [
                    -10,
                    -9,
                    1
                ]
            ],
            "{   'fun': 1.0,\n    'jac': None,\n    'nfev': 9,\n    'nit': 0,\n    'njev': 1,\n    'x': array([1.6666536 , 1.0587211 , 1.21780493, 0.12920819, 2.0136214 ,\n       2.25877179, 1.60499451, 0.67771998])}",
            {
                "1000010010": 1,
                "0110111101": 1,
                "0110001001": 1,
                "1100101101": 1,
                "1110000110": 1,
                "0111001011": 1,
                "1100100001": 1,
                "0000011000": 1,
                "1011000101": 1,
                "0010010000": 1,
                "1001111001": 1,
                "0011000000": 1,
                "0101101010": 1,
                "1011001111": 1,
                "1111110000": 1,
                "0100111100": 1,
                "0100100011": 1,
                "0101100000": 1,
                "1111111011": 1,
                "0111010011": 1,
                "1111000101": 1,
                "1101111011": 1,
                "1010011111": 1,
                "1011001010": 1,
                "0111000110": 1,
                "0011101110": 1,
                "0001110101": 1,
                "1111011111": 1,
                "1100010000": 1,
                "0010110001": 1,
                "1100110000": 1,
                "0000001110": 1,
                "1001101111": 1,
                "0100101110": 1,
                "1101000101": 1,
                "0010100011": 2,
                "0011000010": 1,
                "0010011101": 1,
                "0111111000": 1,
                "0000010001": 1,
                "0110101100": 1,
                "0011111100": 1,
                "1000111100": 1,
                "0010000000": 1,
                "0010011100": 1,
                "0110010010": 1,
                "1010100010": 1,
                "1100010111": 1,
                "0000111101": 1,
                "0011110001": 1,
                "1101000000": 1,
                "0110000010": 1,
                "0001101101": 1,
                "0001111111": 1,
                "1011101000": 1,
                "0111101001": 1,
                "0110111011": 1,
                "0010101100": 1,
                "0011010000": 1,
                "1010101100": 1,
                "1111101100": 1,
                "0101111000": 1,
                "0010000110": 1,
                "0010010100": 1,
                "1011110100": 1,
                "1001010000": 1,
                "1010111100": 1,
                "1000000010": 1,
                "0111000010": 2,
                "0100011111": 2,
                "1101110001": 2,
                "0001110100": 1,
                "0011101010": 1,
                "0101000100": 1,
                "0010100000": 1,
                "0001000001": 1,
                "1011010101": 1,
                "0111100011": 1,
                "1100101000": 1,
                "0101100111": 1,
                "0101110000": 1,
                "1010100001": 1,
                "1001110100": 1,
                "1111110100": 1,
                "0101110011": 1,
                "1111111010": 1,
                "1100100000": 1,
                "1000111000": 1,
                "0011011010": 1,
                "1001011001": 1,
                "0111011101": 1,
                "0100101010": 1,
                "1111100100": 2,
                "0100001000": 1,
                "0011000111": 1
            },
            false,
            1.0
        ],
        [
            [
                [
                    7,
                    9,
                    -1
                ],
                [
                    -5,
                    4,
                    -10
                ],
                [
                    5,
                    3,
                    -1
                ],
                [
                    -10,
                    -8,
                    -1
                ],
                [
                    3,
                    -4,
                    -6
                ],
                [
                    1,
                    -2,
                    -3
                ],
                [
                    -2,
                    -10,
                    1
                ],
                [
                    -9,
                    -1,
                    3
                ],
                [
                    -1,
                    -5,
                    10
                ],
                [
                    2,
                    10,
                    7
                ],
                [
                    -10,
                    5,
                    2
                ],
                [
                    -4,
                    2,
                    7
                ],
                [
                    5,
                    -7,
                    -3
                ],
                [
                    6,
                    -4,
                    -5
                ],
                [
                    10,
                    6,
                    -7
                ],
                [
                    6,
                    4,
                    2
                ],
                [
                    -3,
                    10,
                    4
                ],
                [
                    8,
                    7,
                    3
                ],
                [
                    5,
                    -10,
                    -1
                ],
                [
                    -1,
                    4,
                    -2
                ],
                [
                    1,
                    4,
                    -9
                ],
                [
                    7,
                    -2,
                    -8
                ],
                [
                    10,
                    6,
                    -9
                ],
                [
                    -9,
                    -5,
                    -1
                ],
                [
                    -7,
                    -2,
                    8
                ],
                [
                    9,
                    -8,
                    1
                ],
                [
                    4,
                    9,
                    10
                ],
                [
                    3,
                    5,
                    -4
                ],
                [
                    6,
                    -9,
                    -3
                ],
                [
                    -2,
                    -1,
                    -10
                ],
                [
                    -1,
                    -8,
                    4
                ],
                [
                    -8,
                    5,
                    1
                ],
                [
                    -7,
                    8,
                    10
                ],
                [
                    2,
                    5,
                    -6
                ],
                [
                    6,
                    4,
                    2
                ],
                [
                    2,
                    -3,
                    -1
                ],
                [
                    -2,
                    -8,
                    7
                ],
                [
                    9,
                    4,
                    5
                ],
                [
                    1,
                    5,
                    -10
                ],
                [
                    -3,
                    -6,
                    -9
                ],
                [
                    9,
                    4,
                    6
                ],
                [
                    2,
                    8,
                    -3
                ],
                [
                    -5,
                    7,
                    3
                ],
                [
                    -8,
                    7,
                    -5
                ],
                [
                    -7,
                    2,
                    10
                ]
            ],
            "{   'fun': 1.0,\n    'jac': None,\n    'nfev': 9,\n    'nit': 0,\n    'njev': 1,\n    'x': array([1.48071935, 0.0954396 , 2.1734847 , 1.06912731, 2.42272838,\n       2.07750153, 1.7463542 , 2.86819155])}",
            {
                "1000101011": 1,
                "1010110011": 1,
                "0111011001": 1,
                "1001000111": 1,
                "0010110100": 1,
                "0110110001": 2,
                "0011000000": 1,
                "0110011001": 1,
                "1101011011": 1,
                "1011111101": 1,
                "0100010111": 1,
                "1010010100": 1,
                "1010000101": 1,
                "0001011011": 1,
                "1111010000": 1,
                "1100000101": 1,
                "1100100111": 1,
                "1000001001": 1,
                "1011010011": 1,
                "1101110001": 1,
                "0000000100": 1,
                "0010100100": 1,
                "0001001110": 1,
                "0100001111": 1,
                "1000101000": 1,
                "1001101011": 1,
                "0011100001": 1,
                "0101101001": 1,
                "0011110010": 1,
                "0100001101": 1,
                "1011110010": 1,
                "0000011110": 1,
                "1011001001": 2,
                "1101111111": 1,
                "1000001111": 1,
                "0100101100": 1,
                "0101110100": 1,
                "0101000110": 1,
                "0101100000": 1,
                "0010010010": 1,
                "1001010001": 1,
                "1100100110": 1,
                "1111101100": 1,
                "0000001100": 1,
                "1000000110": 1,
                "0101011000": 1,
                "0111110100": 1,
                "1010011011": 1,
                "0110010110": 1,
                "0001110101": 1,
                "1011100100": 1,
                "0110011101": 1,
                "1011110110": 1,
                "1011010101": 1,
                "0100101010": 1,
                "1111000010": 1,
                "0100001100": 1,
                "1100000010": 1,
                "0010111111": 1,
                "1011001011": 1,
                "0110101101": 1,
                "0101011100": 1,
                "0010100110": 2,
                "0000001011": 1,
                "0000010010": 1,
                "1011011111": 1,
                "1010100000": 1,
                "1111001100": 1,
                "1110001001": 1,
                "1111111000": 1,
                "0001001010": 1,
                "1110100110": 1,
                "0010110111": 1,
                "1010100110": 1,
                "0100110001": 1,
                "0101000011": 2,
                "0001111110": 1,
                "0001110001": 1,
                "0111000001": 1,
                "0010011110": 1,
                "1111001101": 1,
                "0001011101": 1,
                "1111101110": 1,
                "0001001011": 1,
                "1101010101": 1,
                "0011011111": 1,
                "0010001001": 1,
                "0111010000": 1,
                "1111011010": 1,
                "0010001011": 1,
                "1111101010": 1,
                "0000001000": 1,
                "0101001100": 2,
                "0111001001": 1,
                "1010111110": 1
            },
            false,
            1.0
        ]
    ]
}