{
    "n": 10,
    "m": 45,
    "results": [
        [
            [
                [
                    -10,
                    -9,
                    4
                ],
                [
                    4,
                    -5,
                    -1
                ],
                [
                    -2,
                    3,
                    5
                ],
                [
                    -1,
                    7,
                    -3
                ],
                [
                    2,
                    4,
                    -5
                ],
                [
                    -3,
                    -7,
                    -10
                ],
                [
                    7,
                    1,
                    4
                ],
                [
                    10,
                    2,
                    5
                ],
                [
                    4,
                    -8,
                    -6
                ],
                [
                    2,
                    -3,
                    9
                ],
                [
                    8,
                    3,
                    1
                ],
                [
                    -8,
                    -2,
                    4
                ],
                [
                    3,
                    -6,
                    -8
                ],
                [
                    9,
                    5,
                    4
                ],
                [
                    5,
                    2,
                    7
                ],
                [
                    7,
                    -8,
                    10
                ],
                [
                    7,
                    6,
                    -10
                ],
                [
                    -5,
                    7,
                    -4
                ],
                [
                    3,
                    4,
                    10
                ],
                [
                    1,
                    3,
                    5
                ],
                [
                    3,
                    -9,
                    2
                ],
                [
                    -7,
                    6,
                    4
                ],
                [
                    8,
                    -5,
                    7
                ],
                [
                    -8,
                    -7,
                    -1
                ],
                [
                    -2,
                    9,
                    10
                ],
                [
                    -4,
                    -9,
                    -1
                ],
                [
                    9,
                    3,
                    -5
                ],
                [
                    -3,
                    5,
                    -6
                ],
                [
                    -4,
                    1,
                    2
                ],
                [
                    2,
                    9,
                    -5
                ],
                [
                    2,
                    -5,
                    -10
                ],
                [
                    2,
                    -6,
                    -5
                ],
                [
                    1,
                    -10,
                    -8
                ],
                [
                    -7,
                    9,
                    -5
                ],
                [
                    -3,
                    -2,
                    1
                ],
                [
                    -5,
                    -6,
                    -4
                ],
                [
                    -8,
                    -7,
                    5
                ],
                [
                    3,
                    6,
                    7
                ],
                [
                    7,
                    -1,
                    5
                ],
                [
                    -6,
                    -5,
                    3
                ],
                [
                    -2,
                    -4,
                    -5
                ],
                [
                    -4,
                    7,
                    9
                ],
                [
                    6,
                    10,
                    -8
                ],
                [
                    2,
                    1,
                    -5
                ],
                [
                    6,
                    -1,
                    -9
                ]
            ],
            "{   'fun': 1.0,\n    'jac': None,\n    'nfev': 243,\n    'nit': 2,\n    'njev': 27,\n    'x': array([0.07271878, 0.08518428, 2.49749241, 0.8393808 , 1.76215289,\n       1.68291279, 2.48651562, 2.64260494])}",
            {
                "0001000000": 1,
                "0010101111": 1,
                "0011000010": 1,
                "0000111011": 1,
                "1111110010": 1,
                "0000100111": 1,
                "0111101000": 2,
                "0011000101": 1,
                "1010100101": 1,
                "1110001000": 1,
                "1010101000": 1,
                "0111000111": 1,
                "1000110010": 1,
                "1110110011": 1,
                "1010000000": 1,
                "0000110100": 1,
                "0100111101": 1,
                "0001111101": 1,
                "0100110011": 1,
                "1111010001": 1,
                "0101010000": 1,
                "0011110010": 1,
                "0010000010": 1,
                "0110101100": 1,
                "0101110001": 1,
                "0010000101": 1,
                "0000000011": 1,
                "0110010010": 1,
                "0000010100": 1,
                "1010001101": 1,
                "0111011110": 1,
                "1100010101": 1,
                "0100010011": 1,
                "1000000010": 1,
                "0011001000": 1,
                "1001101111": 1,
                "1011011010": 1,
                "1110100001": 1,
                "0001001111": 1,
                "0100100110": 1,
                "0010110111": 1,
                "0010101001": 1,
                "0001110001": 2,
                "1000101111": 1,
                "0110011111": 1,
                "0001101010": 1,
                "1011011110": 2,
                "0001000010": 1,
                "0111111000": 1,
                "1111011010": 1,
                "0010010010": 1,
                "0111011011": 2,
                "0100000101": 1,
                "0101110111": 2,
                "1101110100": 1,
                "1001011110": 1,
                "1000000110": 1,
                "1111011000": 1,
                "1111011101": 1,
                "0101101000": 1,
                "0111110011": 2,
                "0010100111": 1,
                "1010110110": 1,
                "1110111101": 1,
                "0100110100": 1,
                "0000101011": 1,
                "1100110110": 1,
                "0011111000": 2,
                "0101000111": 1,
                "1011011000": 1,
                "1000010001": 1,
                "1100111101": 1,
                "0110010011": 1,
                "1110001110": 1,
                "1000110110": 1,
                "0001000110": 1,
                "0110100100": 1,
                "1010000101": 1,
                "0000010011": 1,
                "1000000011": 1,
                "0000000001": 1,
                "0101011101": 1,
                "0011100000": 1,
                "0111000000": 1,
                "1001011011": 1,
                "1000110101": 1,
                "1010010001": 2,
                "1111111000": 1,
                "1010011110": 1,
                "0110100111": 1,
                "1011001000": 1,
                "0111001101": 1
            },
            false,
            0.97
        ],
        [
            [
                [
                    3,
                    -4,
                    -9
                ],
                [
                    7,
                    -9,
                    -2
                ],
                [
                    3,
                    -9,
                    -1
                ],
                [
                    3,
                    1,
                    10
                ],
                [
                    -2,
                    7,
                    10
                ],
                [
                    1,
                    -10,
                    -5
                ],
                [
                    -9,
                    -2,
                    -4
                ],
                [
                    -9,
                    5,
                    1
                ],
                [
                    1,
                    -5,
                    3
                ],
                [
                    10,
                    -4,
                    -5
                ],
                [
                    -6,
                    9,
                    2
                ],
                [
                    -10,
                    3,
                    -8
                ],
                [
                    6,
                    -8,
                    2
                ],
                [
                    -8,
                    4,
                    10
                ],
                [
                    1,
                    9,
                    -5
                ],
                [
                    9,
                    1,
                    4
                ],
                [
                    2,
                    6,
                    7
                ],
                [
                    -7,
                    4,
                    2
                ],
                [
                    9,
                    -8,
                    -2
                ],
                [
                    -3,
                    6,
                    7
                ],
                [
                    -5,
                    7,
                    1
                ],
                [
                    10,
                    5,
                    8
                ],
                [
                    2,
                    -7,
                    3
                ],
                [
                    4,
                    1,
                    -6
                ],
                [
                    5,
                    1,
                    -4
                ],
                [
                    -4,
                    -7,
                    2
                ],
                [
                    -7,
                    1,
                    5
                ],
                [
                    -3,
                    -2,
                    8
                ],
                [
                    -10,
                    -3,
                    2
                ],
                [
                    7,
                    -2,
                    -4
                ],
                [
                    10,
                    4,
                    -9
                ],
                [
                    -4,
                    2,
                    8
                ],
                [
                    5,
                    -10,
                    9
                ],
                [
                    -4,
                    6,
                    2
                ],
                [
                    -2,
                    4,
                    8
                ],
                [
                    -8,
                    -9,
                    2
                ],
                [
                    4,
                    10,
                    -6
                ],
                [
                    -6,
                    8,
                    -7
                ],
                [
                    5,
                    -1,
                    -3
                ],
                [
                    6,
                    -10,
                    -8
                ],
                [
                    4,
                    7,
                    -5
                ],
                [
                    9,
                    6,
                    -5
                ],
                [
                    -3,
                    10,
                    -8
                ],
                [
                    -3,
                    -10,
                    5
                ],
                [
                    -6,
                    -1,
                    7
                ]
            ],
            "{   'fun': 1.0,\n    'jac': None,\n    'nfev': 180,\n    'nit': 1,\n    'njev': 20,\n    'x': array([2.58572401, 0.04774246, 1.62396975, 3.04000569, 0.48383554,\n       1.06155081, 2.31572148, 2.38593535])}",
            {
                "1001100110": 1,
                "0110001110": 1,
                "0100101110": 1,
                "1100001001": 1,
                "0011010001": 1,
                "0101101101": 1,
                "0010001010": 1,
                "1011001010": 1,
                "1111100110": 1,
                "0010110111": 1,
                "1100100100": 1,
                "0001101111": 1,
                "0010111010": 1,
                "1001010010": 1,
                "1111001010": 1,
                "1100000000": 1,
                "1101110010": 1,
                "1010001000": 1,
                "0100011011": 1,
                "0010010100": 1,
                "0101101111": 1,
                "0111010110": 1,
                "0110110000": 1,
                "1100110010": 1,
                "1001010101": 1,
                "1101011001": 1,
                "1001111011": 1,
                "1101001110": 1,
                "1000111000": 1,
                "1100100000": 1,
                "1100110100": 1,
                "1110000110": 1,
                "1100101101": 1,
                "0101111110": 1,
                "0101000000": 1,
                "0011101000": 1,
                "0011111011": 1,
                "1101000010": 1,
                "1101010111": 1,
                "0111000010": 1,
                "0011001000": 2,
                "0011101110": 1,
                "0010101100": 1,
                "1011100100": 1,
                "0011011010": 1,
                "0110100011": 1,
                "1001000000": 1,
                "1010010111": 1,
                "0111111000": 1,
                "0011111111": 1,
                "1001101101": 1,
                "1110011011": 1,
                "1011001011": 1,
                "0100000010": 1,
                "0010001011": 1,
                "0101111100": 1,
                "1101011000": 1,
                "1001110011": 1,
                "0010101010": 1,
                "0110111000": 1,
                "0011100001": 1,
                "1010101101": 1,
                "0011101101": 1,
                "1111001000": 1,
                "0001000101": 1,
                "1110111010": 1,
                "1010110001": 1,
                "1111010000": 2,
                "0000110001": 1,
                "0110011000": 1,
                "0000010110": 1,
                "1111011000": 1,
                "1110001001": 1,
                "1000111011": 1,
                "0101010001": 1,
                "1110001011": 1,
                "1011000100": 1,
                "0000001001": 1,
                "0000000110": 1,
                "0010000011": 1,
                "1000111100": 1,
                "0110100001": 1,
                "0000000000": 1,
                "1101010011": 1,
                "1100011011": 1,
                "1101100001": 1,
                "1101110001": 1,
                "0011011000": 1,
                "1010001111": 1,
                "1011110011": 1,
                "1001010110": 1,
                "1111111111": 1,
                "0111010000": 1,
                "0011001100": 1,
                "0111110110": 1,
                "0011111110": 1,
                "0010111011": 1,
                "1000111010": 1
            },
            false,
            0.97
        ],
        [
            [
                [
                    2,
                    -8,
                    -3
                ],
                [
                    3,
                    10,
                    -6
                ],
                [
                    -7,
                    5,
                    -9
                ],
                [
                    -5,
                    -9,
                    -1
                ],
                [
                    -1,
                    9,
                    -2
                ],
                [
                    4,
                    1,
                    -8
                ],
                [
                    -1,
                    6,
                    10
                ],
                [
                    -4,
                    6,
                    -7
                ],
                [
                    -9,
                    -6,
                    4
                ],
                [
                    -10,
                    2,
                    -1
                ],
                [
                    -1,
                    6,
                    -5
                ],
                [
                    -1,
                    7,
                    10
                ],
                [
                    -1,
                    10,
                    2
                ],
                [
                    6,
                    9,
                    7
                ],
                [
                    7,
                    -1,
                    3
                ],
                [
                    4,
                    5,
                    10
                ],
                [
                    2,
                    -9,
                    -10
                ],
                [
                    -10,
                    -1,
                    3
                ],
                [
                    9,
                    -7,
                    1
                ],
                [
                    -1,
                    -2,
                    -6
                ],
                [
                    4,
                    7,
                    -3
                ],
                [
                    -3,
                    10,
                    -4
                ],
                [
                    7,
                    8,
                    9
                ],
                [
                    -10,
                    -8,
                    1
                ],
                [
                    -4,
                    2,
                    -5
                ],
                [
                    7,
                    -4,
                    -10
                ],
                [
                    -3,
                    5,
                    1
                ],
                [
                    -4,
                    -10,
                    2
                ],
                [
                    -1,
                    10,
                    7
                ],
                [
                    -4,
                    -7,
                    -3
                ],
                [
                    -8,
                    3,
                    7
                ],
                [
                    -4,
                    -9,
                    -5
                ],
                [
                    -8,
                    -4,
                    -3
                ],
                [
                    10,
                    -7,
                    8
                ],
                [
                    7,
                    -8,
                    -4
                ],
                [
                    -1,
                    8,
                    -2
                ],
                [
                    -10,
                    -1,
                    -2
                ],
                [
                    -9,
                    -8,
                    3
                ],
                [
                    -2,
                    1,
                    -6
                ],
                [
                    -8,
                    -1,
                    4
                ],
                [
                    10,
                    5,
                    -6
                ],
                [
                    9,
                    7,
                    6
                ],
                [
                    -3,
                    10,
                    9
                ],
                [
                    9,
                    7,
                    10
                ],
                [
                    -8,
                    -7,
                    -2
                ]
            ],
            "{   'fun': 0.99,\n    'jac': None,\n    'nfev': 216,\n    'nit': 2,\n    'njev': 24,\n    'x': array([0.52740281, 0.17713426, 0.19211593, 0.02383559, 1.32984171,\n       1.6024999 , 1.62505177, 2.340593  ])}",
            {
                "0001001101": 1,
                "0010110000": 1,
                "0110000101": 1,
                "0111011001": 1,
                "1110111000": 1,
                "1011000011": 1,
                "1010011111": 1,
                "0011011100": 1,
                "0100010101": 1,
                "0101001111": 1,
                "1111100011": 1,
                "0000100110": 1,
                "1010010001": 1,
                "0011011010": 1,
                "0010010001": 1,
                "0101100111": 1,
                "1010001101": 1,
                "1011110111": 1,
                "1100101110": 1,
                "1011011111": 1,
                "1110101000": 1,
                "1011100001": 1,
                "0011101001": 1,
                "0001101111": 1,
                "1101001011": 1,
                "1100001011": 1,
                "0100110101": 1,
                "1111001100": 1,
                "0100011010": 1,
                "1000101111": 1,
                "1110100011": 1,
                "0000011010": 1,
                "1101010010": 1,
                "0001001000": 1,
                "1010000111": 1,
                "1000001010": 1,
                "1100000111": 2,
                "1011011110": 1,
                "0001101001": 1,
                "0111011100": 1,
                "1100111100": 1,
                "1000000000": 1,
                "0010110011": 1,
                "1100001001": 1,
                "1110010110": 1,
                "0101000010": 1,
                "1001100001": 1,
                "1011101101": 1,
                "1001000010": 1,
                "1001111100": 1,
                "0111101110": 1,
                "1110001010": 1,
                "1110011101": 1,
                "0110110011": 1,
                "0110101011": 1,
                "0010010110": 1,
                "1101101001": 1,
                "1111011100": 1,
                "1111100010": 1,
                "1000101010": 1,
                "0010000100": 1,
                "0011110110": 1,
                "0101001100": 1,
                "1110110000": 1,
                "1111111110": 1,
                "0010011001": 1,
                "0000011000": 1,
                "0010011010": 1,
                "1110010001": 1,
                "1100000001": 1,
                "0100110010": 1,
                "1001100000": 1,
                "0001110011": 1,
                "0010010111": 1,
                "0101111000": 1,
                "0100001101": 1,
                "1011101110": 1,
                "0110111110": 1,
                "0110011010": 1,
                "1111111001": 2,
                "1000001011": 1,
                "1010101111": 1,
                "1111000111": 1,
                "0100000100": 1,
                "1011000111": 1,
                "0111001011": 1,
                "0000010110": 1,
                "0110011000": 1,
                "0111000001": 1,
                "1101101011": 1,
                "0100101111": 1,
                "1110111101": 1,
                "1000000011": 1,
                "0000000010": 1,
                "1001000110": 1,
                "0011100010": 1,
                "1011110101": 1,
                "0111010110": 1
            },
            true,
            0.96
        ],
        [
            [
                [
                    -2,
                    10,
                    4
                ],
                [
                    2,
                    9,
                    -5
                ],
                [
                    3,
                    -7,
                    -1
                ],
                [
                    -7,
                    2,
                    1
                ],
                [
                    -5,
                    -7,
                    1
                ],
                [
                    -8,
                    -1,
                    7
                ],
                [
                    -5,
                    2,
                    -8
                ],
                [
                    -2,
                    7,
                    4
                ],
                [
                    1,
                    -4,
                    -5
                ],
                [
                    -4,
                    7,
                    5
                ],
                [
                    1,
                    8,
                    -4
                ],
                [
                    6,
                    -8,
                    2
                ],
                [
                    -4,
                    9,
                    -1
                ],
                [
                    6,
                    3,
                    -5
                ],
                [
                    5,
                    6,
                    9
                ],
                [
                    -4,
                    5,
                    -6
                ],
                [
                    -8,
                    7,
                    -2
                ],
                [
                    -8,
                    -5,
                    -4
                ],
                [
                    2,
                    3,
                    -1
                ],
                [
                    -4,
                    2,
                    -5
                ],
                [
                    -9,
                    -3,
                    -7
                ],
                [
                    -8,
                    -9,
                    -10
                ],
                [
                    1,
                    4,
                    -6
                ],
                [
                    2,
                    1,
                    10
                ],
                [
                    -9,
                    6,
                    -3
                ],
                [
                    2,
                    -5,
                    9
                ],
                [
                    -9,
                    -7,
                    6
                ],
                [
                    -6,
                    -9,
                    3
                ],
                [
                    3,
                    5,
                    -6
                ],
                [
                    -2,
                    -9,
                    -3
                ],
                [
                    -10,
                    1,
                    -7
                ],
                [
                    7,
                    -9,
                    -4
                ],
                [
                    -2,
                    -4,
                    6
                ],
                [
                    -3,
                    5,
                    -6
                ],
                [
                    7,
                    6,
                    9
                ],
                [
                    -2,
                    -7,
                    1
                ],
                [
                    2,
                    1,
                    5
                ],
                [
                    4,
                    -1,
                    -2
                ],
                [
                    -5,
                    8,
                    4
                ],
                [
                    -3,
                    9,
                    2
                ],
                [
                    -9,
                    -2,
                    -1
                ],
                [
                    -8,
                    -5,
                    -3
                ],
                [
                    5,
                    -6,
                    7
                ],
                [
                    -6,
                    -4,
                    3
                ],
                [
                    -2,
                    4,
                    1
                ]
            ],
            "{   'fun': 1.0,\n    'jac': None,\n    'nfev': 9,\n    'nit': 0,\n    'njev': 1,\n    'x': array([1.6666536 , 1.0587211 , 1.21780493, 0.12920819, 2.0136214 ,\n       2.25877179, 1.60499451, 0.67771998])}",
            {
                "0110001010": 1,
                "0000000101": 1,
                "1011110000": 1,
                "1101100010": 1,
                "0110000011": 1,
                "0101100001": 1,
                "0100010110": 1,
                "0110000101": 1,
                "0000100011": 1,
                "1000100010": 1,
                "1110111001": 1,
                "0000000011": 1,
                "0001101011": 1,
                "0101000010": 1,
                "1001101011": 1,
                "1101101101": 1,
                "0001111010": 1,
                "1010011100": 1,
                "1011101111": 1,
                "0100110010": 1,
                "1110110110": 1,
                "0101000101": 1,
                "1000101110": 1,
                "0110101011": 1,
                "1100101010": 1,
                "1011001001": 1,
                "0100100010": 1,
                "1101010111": 2,
                "0001011011": 1,
                "0000000010": 1,
                "0001111000": 1,
                "1000111010": 1,
                "1111101110": 1,
                "0000010111": 1,
                "0111101101": 1,
                "1110010101": 1,
                "0001101010": 1,
                "0111010100": 1,
                "0110011111": 1,
                "0000011011": 1,
                "1010010110": 1,
                "1000011111": 1,
                "0100010010": 1,
                "0100101011": 1,
                "0010111111": 1,
                "0110111010": 1,
                "1111110010": 1,
                "0010010001": 1,
                "1111010110": 1,
                "0101100000": 1,
                "1100110001": 1,
                "1111001100": 1,
                "1000001101": 1,
                "0100111011": 1,
                "1101011001": 1,
                "0010000111": 1,
                "0111010101": 2,
                "0101000000": 1,
                "1100000010": 1,
                "1110101101": 1,
                "0010011101": 1,
                "1111010010": 1,
                "1001110010": 1,
                "1011100100": 1,
                "0100111001": 1,
                "0010011111": 1,
                "1011000010": 1,
                "0100000010": 1,
                "1011011010": 1,
                "1111010111": 1,
                "1111110000": 1,
                "1100111010": 1,
                "1001000111": 1,
                "0110000010": 1,
                "1001110111": 1,
                "1100101101": 1,
                "1101000011": 1,
                "1110000110": 1,
                "1111011101": 1,
                "1101110101": 1,
                "0000111000": 1,
                "0110111000": 2,
                "1100010101": 1,
                "1001011011": 1,
                "1101010010": 1,
                "1010001110": 1,
                "0011100011": 1,
                "0010010101": 1,
                "0111100100": 1,
                "0010010000": 1,
                "1101110111": 1,
                "1111110001": 1,
                "1101111011": 1,
                "0110100101": 1,
                "1010101011": 1,
                "1010011001": 1,
                "1101101001": 1
            },
            false,
            1.0
        ],
        [
            [
                [
                    -1,
                    -3,
                    -5
                ],
                [
                    9,
                    6,
                    -5
                ],
                [
                    1,
                    -4,
                    -7
                ],
                [
                    4,
                    -7,
                    5
                ],
                [
                    3,
                    -7,
                    5
                ],
                [
                    2,
                    1,
                    4
                ],
                [
                    5,
                    -4,
                    -1
                ],
                [
                    -3,
                    7,
                    2
                ],
                [
                    9,
                    1,
                    -6
                ],
                [
                    6,
                    -7,
                    8
                ],
                [
                    -6,
                    -3,
                    9
                ],
                [
                    -10,
                    6,
                    -2
                ],
                [
                    2,
                    -8,
                    7
                ],
                [
                    -7,
                    8,
                    -2
                ],
                [
                    9,
                    4,
                    -7
                ],
                [
                    -7,
                    5,
                    -1
                ],
                [
                    1,
                    -5,
                    -4
                ],
                [
                    -3,
                    -5,
                    9
                ],
                [
                    10,
                    1,
                    -7
                ],
                [
                    5,
                    -10,
                    3
                ],
                [
                    -2,
                    1,
                    9
                ],
                [
                    8,
                    -10,
                    -2
                ],
                [
                    2,
                    5,
                    7
                ],
                [
                    1,
                    3,
                    -5
                ],
                [
                    10,
                    4,
                    2
                ],
                [
                    -2,
                    -10,
                    7
                ],
                [
                    10,
                    -9,
                    -6
                ],
                [
                    -1,
                    5,
                    10
                ],
                [
                    2,
                    -6,
                    -7
                ],
                [
                    -9,
                    -7,
                    8
                ],
                [
                    1,
                    -9,
                    2
                ],
                [
                    -6,
                    8,
                    -3
                ],
                [
                    2,
                    -3,
                    4
                ],
                [
                    1,
                    8,
                    5
                ],
                [
                    -5,
                    2,
                    7
                ],
                [
                    4,
                    8,
                    -5
                ],
                [
                    -10,
                    -8,
                    7
                ],
                [
                    9,
                    3,
                    -7
                ],
                [
                    -1,
                    3,
                    2
                ],
                [
                    2,
                    7,
                    -6
                ],
                [
                    9,
                    -5,
                    6
                ],
                [
                    4,
                    -7,
                    -3
                ],
                [
                    6,
                    -2,
                    1
                ],
                [
                    6,
                    3,
                    -5
                ],
                [
                    7,
                    4,
                    9
                ]
            ],
            "{   'fun': 1.0,\n    'jac': None,\n    'nfev': 216,\n    'nit': 2,\n    'njev': 24,\n    'x': array([1.48071943, 0.0954396 , 2.17348478, 1.06912739, 2.42272846,\n       2.07750161, 1.74635436, 2.86819155])}",
            {
                "0011000001": 1,
                "0001101100": 1,
                "0101110100": 1,
                "0011100000": 1,
                "1001110010": 1,
                "1111011101": 1,
                "0101111110": 1,
                "0110011011": 1,
                "1110000011": 1,
                "1101100011": 1,
                "1101000101": 1,
                "1100000110": 1,
                "0001100101": 1,
                "0110001001": 1,
                "1011011111": 1,
                "0001011111": 1,
                "0110011111": 1,
                "1010010110": 1,
                "1101111110": 1,
                "1000111010": 1,
                "0010001110": 1,
                "0110101111": 1,
                "0111001010": 1,
                "0111100000": 1,
                "0100001000": 1,
                "1110100011": 1,
                "1011111011": 1,
                "0110001101": 1,
                "1010101011": 1,
                "0010101110": 1,
                "1001000101": 2,
                "1000110010": 1,
                "0010000000": 1,
                "0100100110": 1,
                "0001001111": 1,
                "1100101010": 1,
                "1001010101": 1,
                "1100111101": 1,
                "0001110000": 1,
                "1111010111": 1,
                "1011001011": 1,
                "1110011110": 1,
                "0111000010": 1,
                "0100110001": 1,
                "1100100111": 1,
                "1011111010": 1,
                "1101001100": 1,
                "0001101110": 1,
                "0111010111": 1,
                "0011100001": 2,
                "1111101010": 1,
                "0011011010": 1,
                "0110100011": 1,
                "1101010101": 1,
                "0100001110": 2,
                "0010001100": 1,
                "1111100111": 1,
                "1001101101": 1,
                "0111101110": 1,
                "1001110001": 1,
                "1101000100": 1,
                "0110110011": 2,
                "0111001111": 1,
                "0011001110": 1,
                "0000110011": 1,
                "1011100001": 1,
                "1101100101": 1,
                "1011110010": 1,
                "0001100011": 1,
                "0011001111": 1,
                "0000111100": 1,
                "0110000001": 1,
                "0100011010": 1,
                "1010111011": 1,
                "1001011000": 1,
                "1110110011": 1,
                "1001101100": 1,
                "0100101101": 1,
                "1101011101": 1,
                "0011100011": 1,
                "1010001110": 1,
                "1100111110": 1,
                "0111111001": 1,
                "1001101000": 2,
                "1100001010": 1,
                "1011000001": 1,
                "1101011111": 1,
                "1110011010": 1,
                "1001110110": 1,
                "0001110001": 1,
                "1101110110": 1,
                "1100011010": 1,
                "1100001100": 2,
                "0100011110": 1
            },
            false,
            0.97
        ]
    ]
}