{
    "n": 10,
    "m": 45,
    "results": [
        [
            [
                [
                    7,
                    -8,
                    3
                ],
                [
                    7,
                    4,
                    -3
                ],
                [
                    -2,
                    -4,
                    3
                ],
                [
                    2,
                    -10,
                    -9
                ],
                [
                    7,
                    6,
                    -9
                ],
                [
                    3,
                    -8,
                    1
                ],
                [
                    -2,
                    3,
                    6
                ],
                [
                    -7,
                    4,
                    9
                ],
                [
                    7,
                    4,
                    -2
                ],
                [
                    4,
                    -8,
                    10
                ],
                [
                    3,
                    10,
                    5
                ],
                [
                    -2,
                    -7,
                    -10
                ],
                [
                    -2,
                    7,
                    9
                ],
                [
                    -4,
                    -6,
                    -8
                ],
                [
                    -2,
                    -1,
                    -8
                ],
                [
                    -2,
                    -6,
                    -8
                ],
                [
                    -9,
                    -2,
                    -1
                ],
                [
                    -9,
                    -7,
                    2
                ],
                [
                    6,
                    -3,
                    4
                ],
                [
                    3,
                    -4,
                    1
                ],
                [
                    1,
                    -2,
                    9
                ],
                [
                    4,
                    -3,
                    8
                ],
                [
                    6,
                    7,
                    -3
                ],
                [
                    -9,
                    2,
                    7
                ],
                [
                    -2,
                    -3,
                    -7
                ],
                [
                    6,
                    -10,
                    3
                ],
                [
                    10,
                    -8,
                    -2
                ],
                [
                    -3,
                    -6,
                    -7
                ],
                [
                    1,
                    -2,
                    3
                ],
                [
                    10,
                    -6,
                    5
                ],
                [
                    -10,
                    4,
                    -9
                ],
                [
                    10,
                    7,
                    -3
                ],
                [
                    4,
                    -10,
                    6
                ],
                [
                    -2,
                    9,
                    -7
                ],
                [
                    -8,
                    6,
                    -2
                ],
                [
                    7,
                    10,
                    9
                ],
                [
                    9,
                    -6,
                    8
                ],
                [
                    -9,
                    3,
                    -2
                ],
                [
                    -9,
                    -3,
                    -6
                ],
                [
                    -9,
                    -2,
                    4
                ],
                [
                    2,
                    4,
                    8
                ],
                [
                    3,
                    -8,
                    -9
                ],
                [
                    4,
                    -5,
                    2
                ],
                [
                    7,
                    -6,
                    4
                ],
                [
                    -9,
                    6,
                    5
                ]
            ],
            "{   'fun': 0.96,\n    'jac': None,\n    'nfev': 189,\n    'nit': 0,\n    'njev': 21,\n    'x': array([1.56829047, 2.70425762, 1.11249116, 2.23230737, 1.59969015,\n       3.10670539, 2.43367616, 0.15758597])}",
            {
                "1010111000": 1,
                "0101010101": 1,
                "0110110011": 1,
                "0100100011": 1,
                "0000010011": 1,
                "1101001001": 1,
                "0110111011": 1,
                "0001001011": 1,
                "1011110110": 1,
                "0001100100": 1,
                "1111111001": 1,
                "0001000000": 1,
                "0000010000": 1,
                "0010001111": 2,
                "0011010010": 1,
                "0101101001": 1,
                "1110010110": 2,
                "0010000111": 1,
                "1110100010": 1,
                "1001110100": 1,
                "0001110100": 1,
                "1111110101": 1,
                "1101101100": 1,
                "0000001000": 1,
                "1000100000": 2,
                "1011001100": 2,
                "0110010000": 1,
                "0000000011": 1,
                "1101000101": 2,
                "0111010111": 1,
                "1101111100": 1,
                "0100110101": 2,
                "0110011000": 1,
                "0001000001": 1,
                "0101111100": 1,
                "0101110111": 1,
                "0000000101": 1,
                "0110011110": 1,
                "0011001100": 1,
                "0000100110": 1,
                "1111111111": 1,
                "1101010110": 1,
                "1010111010": 1,
                "1000101011": 1,
                "1101100110": 1,
                "0011100000": 1,
                "0011011010": 1,
                "1100101100": 1,
                "0000000110": 1,
                "1000111100": 1,
                "0100011100": 1,
                "1010001010": 1,
                "1100100011": 1,
                "1000101001": 1,
                "0101010011": 1,
                "0100011110": 1,
                "0000011110": 1,
                "0101011000": 1,
                "0000010100": 1,
                "0011000110": 1,
                "1101011001": 1,
                "0000011001": 1,
                "0111100100": 1,
                "0111110001": 1,
                "1101011000": 1,
                "1001011101": 1,
                "0110001111": 1,
                "0111010100": 1,
                "1110111001": 1,
                "0110000100": 1,
                "1111010000": 1,
                "0000001011": 1,
                "0001001101": 1,
                "0010100111": 1,
                "0011110001": 1,
                "0100111101": 1,
                "0010111111": 1,
                "0111010011": 1,
                "1110110111": 1,
                "1111111000": 1,
                "0000111010": 1,
                "1100111101": 1,
                "0011010111": 2,
                "1111101000": 1,
                "0001000111": 1,
                "1000100100": 1,
                "1111001110": 1,
                "1100011101": 1,
                "1010001001": 1,
                "1010010101": 1,
                "0010011110": 1,
                "0011101111": 1,
                "1110010010": 1
            },
            true,
            0.88
        ],
        [
            [
                [
                    8,
                    -9,
                    -1
                ],
                [
                    4,
                    -6,
                    5
                ],
                [
                    8,
                    7,
                    -6
                ],
                [
                    2,
                    -10,
                    8
                ],
                [
                    -9,
                    -3,
                    -5
                ],
                [
                    3,
                    -1,
                    4
                ],
                [
                    -4,
                    7,
                    6
                ],
                [
                    5,
                    3,
                    -8
                ],
                [
                    9,
                    -2,
                    1
                ],
                [
                    -2,
                    6,
                    3
                ],
                [
                    6,
                    10,
                    7
                ],
                [
                    -9,
                    7,
                    -5
                ],
                [
                    -7,
                    5,
                    6
                ],
                [
                    2,
                    9,
                    -10
                ],
                [
                    -1,
                    3,
                    -6
                ],
                [
                    4,
                    -10,
                    -2
                ],
                [
                    -10,
                    5,
                    7
                ],
                [
                    9,
                    -6,
                    8
                ],
                [
                    -7,
                    -9,
                    -3
                ],
                [
                    9,
                    -7,
                    4
                ],
                [
                    -5,
                    -4,
                    2
                ],
                [
                    8,
                    -9,
                    1
                ],
                [
                    -1,
                    9,
                    2
                ],
                [
                    -10,
                    -7,
                    5
                ],
                [
                    -8,
                    -10,
                    9
                ],
                [
                    3,
                    -9,
                    -1
                ],
                [
                    5,
                    1,
                    4
                ],
                [
                    -9,
                    -3,
                    6
                ],
                [
                    4,
                    -9,
                    10
                ],
                [
                    6,
                    -5,
                    9
                ],
                [
                    10,
                    -8,
                    7
                ],
                [
                    -9,
                    10,
                    -4
                ],
                [
                    -9,
                    7,
                    3
                ],
                [
                    8,
                    -7,
                    -5
                ],
                [
                    9,
                    -7,
                    -2
                ],
                [
                    10,
                    -4,
                    -2
                ],
                [
                    2,
                    3,
                    7
                ],
                [
                    4,
                    -9,
                    -6
                ],
                [
                    1,
                    -7,
                    -4
                ],
                [
                    10,
                    9,
                    -3
                ],
                [
                    -2,
                    7,
                    10
                ],
                [
                    4,
                    5,
                    6
                ],
                [
                    -8,
                    -5,
                    1
                ],
                [
                    2,
                    6,
                    -5
                ],
                [
                    -7,
                    -2,
                    -4
                ]
            ],
            "{   'fun': 1.0,\n    'jac': None,\n    'nfev': 9,\n    'nit': 0,\n    'njev': 1,\n    'x': array([0.84543156, 1.22578621, 2.83200717, 0.82193502, 1.15175677,\n       2.80327582, 0.40026449, 2.63297964])}",
            {
                "1011000011": 1,
                "0001101110": 1,
                "0111000010": 1,
                "1110011011": 1,
                "0011001111": 1,
                "0010110000": 1,
                "1001011001": 1,
                "0110000110": 1,
                "1011101000": 1,
                "0000111000": 1,
                "0100111111": 1,
                "1010101010": 1,
                "1111111101": 1,
                "1010001011": 1,
                "1010011011": 2,
                "0000001111": 1,
                "0001000011": 1,
                "0100110000": 2,
                "1000000111": 1,
                "1001011010": 1,
                "1100110101": 1,
                "1111000011": 1,
                "0001010011": 1,
                "1010001001": 1,
                "0101001101": 1,
                "0101010111": 1,
                "1110100000": 1,
                "1010010001": 1,
                "0011101010": 1,
                "1101111000": 1,
                "0101000000": 2,
                "1111000110": 1,
                "1110001000": 1,
                "1000110011": 2,
                "0111001001": 1,
                "0011101111": 1,
                "0010000101": 1,
                "1001011100": 1,
                "1000011100": 1,
                "0100000001": 1,
                "1011111001": 1,
                "1101011011": 1,
                "0101110111": 1,
                "0100100101": 1,
                "0000111101": 2,
                "1010000101": 1,
                "1001010101": 1,
                "0010011100": 1,
                "1011001100": 1,
                "1001001110": 1,
                "1011110111": 1,
                "1101110110": 1,
                "1100000111": 1,
                "0110011111": 1,
                "0100110111": 1,
                "1001100101": 1,
                "1011010111": 2,
                "1010001110": 1,
                "1111000010": 1,
                "0100000011": 1,
                "1010010111": 1,
                "0100111100": 1,
                "1101101000": 1,
                "1101100010": 1,
                "0011011010": 1,
                "0001100000": 1,
                "1011010101": 1,
                "0001011110": 1,
                "1111101111": 2,
                "1100111010": 1,
                "0110100110": 1,
                "1111000101": 1,
                "0010101110": 1,
                "0111111110": 1,
                "1100001101": 1,
                "0100100111": 1,
                "0011111100": 1,
                "0101100010": 1,
                "1100110011": 1,
                "0110010000": 1,
                "0011000111": 1,
                "1111101110": 1,
                "0100011011": 1,
                "0101111111": 1,
                "0100101100": 1,
                "1001000010": 1,
                "0010010000": 1,
                "1001101010": 1,
                "1011001001": 1,
                "0100001000": 1,
                "0010100010": 1,
                "1111100000": 1,
                "1010100100": 1
            },
            false,
            1.0
        ],
        [
            [
                [
                    1,
                    3,
                    5
                ],
                [
                    -1,
                    -4,
                    6
                ],
                [
                    -2,
                    -3,
                    -9
                ],
                [
                    -6,
                    -4,
                    -8
                ],
                [
                    7,
                    6,
                    -1
                ],
                [
                    -9,
                    -6,
                    4
                ],
                [
                    -3,
                    2,
                    -5
                ],
                [
                    -7,
                    -10,
                    -2
                ],
                [
                    3,
                    -4,
                    5
                ],
                [
                    -10,
                    3,
                    4
                ],
                [
                    -7,
                    5,
                    -1
                ],
                [
                    -6,
                    -1,
                    2
                ],
                [
                    -10,
                    7,
                    4
                ],
                [
                    -5,
                    1,
                    10
                ],
                [
                    -4,
                    -2,
                    6
                ],
                [
                    -8,
                    6,
                    1
                ],
                [
                    2,
                    9,
                    5
                ],
                [
                    2,
                    -8,
                    5
                ],
                [
                    -9,
                    8,
                    10
                ],
                [
                    -8,
                    7,
                    5
                ],
                [
                    8,
                    4,
                    9
                ],
                [
                    2,
                    10,
                    -7
                ],
                [
                    10,
                    -7,
                    9
                ],
                [
                    -1,
                    -5,
                    3
                ],
                [
                    6,
                    10,
                    -2
                ],
                [
                    10,
                    -9,
                    -4
                ],
                [
                    -7,
                    6,
                    4
                ],
                [
                    2,
                    -8,
                    -4
                ],
                [
                    -1,
                    7,
                    -8
                ],
                [
                    -6,
                    2,
                    -4
                ],
                [
                    7,
                    3,
                    -9
                ],
                [
                    1,
                    9,
                    5
                ],
                [
                    -4,
                    10,
                    -2
                ],
                [
                    1,
                    2,
                    10
                ],
                [
                    8,
                    -4,
                    -2
                ],
                [
                    -3,
                    -1,
                    -4
                ],
                [
                    -10,
                    8,
                    3
                ],
                [
                    7,
                    -3,
                    8
                ],
                [
                    -8,
                    6,
                    -5
                ],
                [
                    -10,
                    -4,
                    6
                ],
                [
                    -9,
                    -10,
                    1
                ],
                [
                    -8,
                    -3,
                    2
                ],
                [
                    -5,
                    6,
                    4
                ],
                [
                    2,
                    1,
                    4
                ],
                [
                    5,
                    3,
                    10
                ]
            ],
            "{   'fun': 1.0,\n    'jac': None,\n    'nfev': 9,\n    'nit': 0,\n    'njev': 1,\n    'x': array([0.9942314 , 0.54689217, 0.10931673, 0.8711891 , 1.9329132 ,\n       1.39376332, 1.24103798, 2.82472802])}",
            {
                "0100101010": 1,
                "0110101000": 1,
                "0010001100": 1,
                "0100000000": 1,
                "1111100101": 1,
                "1110110000": 1,
                "1110111011": 2,
                "0111110100": 1,
                "1010111100": 1,
                "1110011010": 1,
                "1010001000": 1,
                "1101111000": 1,
                "1011110110": 1,
                "0000100101": 1,
                "1001111111": 1,
                "0011011101": 1,
                "1100000111": 1,
                "0111100111": 1,
                "0010010001": 1,
                "0010001111": 1,
                "0100101000": 1,
                "1111011011": 1,
                "1100010100": 1,
                "0010100111": 1,
                "1101010110": 1,
                "1010001111": 1,
                "1011110111": 1,
                "0101000011": 1,
                "0000110000": 1,
                "0011100001": 1,
                "1111000100": 1,
                "1111111010": 1,
                "1010111101": 1,
                "0110100110": 2,
                "0100111000": 1,
                "1001001110": 1,
                "1101100000": 1,
                "0001000110": 1,
                "1010000001": 1,
                "1001001101": 1,
                "0101101011": 1,
                "0100101100": 1,
                "0101111111": 1,
                "1101011100": 1,
                "0011010011": 1,
                "1110100000": 1,
                "0010111111": 1,
                "0011110001": 1,
                "0010011011": 1,
                "0011111011": 1,
                "0101100011": 1,
                "0111100110": 1,
                "1010011110": 1,
                "1011101011": 1,
                "1001101011": 1,
                "1000101010": 1,
                "0101010110": 1,
                "0011100000": 1,
                "1001111001": 1,
                "1001010111": 1,
                "1000011000": 1,
                "1100110000": 1,
                "1110111101": 1,
                "1010101111": 1,
                "0101110100": 1,
                "1101010011": 1,
                "1011001001": 1,
                "1011000100": 1,
                "1110001011": 1,
                "0011010010": 1,
                "1001110010": 1,
                "1001110011": 1,
                "0010101110": 1,
                "0011000000": 1,
                "0010111001": 1,
                "1001001000": 1,
                "1010111001": 1,
                "0100011000": 1,
                "1000111100": 1,
                "1110000111": 1,
                "1010100111": 1,
                "0001101111": 1,
                "1100000110": 1,
                "1010011000": 1,
                "1000000010": 1,
                "0100001011": 1,
                "0101100110": 1,
                "1101000011": 1,
                "1111001011": 1,
                "1010000110": 3,
                "0101010100": 1,
                "1100110011": 1,
                "0111101111": 1,
                "1110011101": 1,
                "0100001001": 2
            },
            false,
            1.0
        ],
        [
            [
                [
                    8,
                    -7,
                    10
                ],
                [
                    9,
                    -5,
                    -6
                ],
                [
                    -6,
                    -9,
                    3
                ],
                [
                    9,
                    6,
                    -3
                ],
                [
                    3,
                    2,
                    -9
                ],
                [
                    -6,
                    2,
                    -10
                ],
                [
                    1,
                    7,
                    4
                ],
                [
                    8,
                    -9,
                    -4
                ],
                [
                    1,
                    3,
                    7
                ],
                [
                    9,
                    -6,
                    -7
                ],
                [
                    -7,
                    2,
                    -6
                ],
                [
                    -10,
                    -6,
                    -8
                ],
                [
                    -3,
                    -1,
                    5
                ],
                [
                    1,
                    -8,
                    -9
                ],
                [
                    7,
                    -9,
                    1
                ],
                [
                    4,
                    2,
                    -1
                ],
                [
                    5,
                    6,
                    3
                ],
                [
                    -3,
                    -8,
                    9
                ],
                [
                    -8,
                    -5,
                    9
                ],
                [
                    1,
                    3,
                    10
                ],
                [
                    -6,
                    -9,
                    -5
                ],
                [
                    6,
                    10,
                    1
                ],
                [
                    -2,
                    -6,
                    -7
                ],
                [
                    8,
                    -1,
                    -5
                ],
                [
                    -6,
                    -5,
                    -3
                ],
                [
                    4,
                    3,
                    -5
                ],
                [
                    -4,
                    6,
                    -10
                ],
                [
                    1,
                    5,
                    3
                ],
                [
                    -6,
                    5,
                    1
                ],
                [
                    -10,
                    8,
                    2
                ],
                [
                    -9,
                    4,
                    -5
                ],
                [
                    8,
                    -4,
                    -9
                ],
                [
                    -5,
                    -4,
                    10
                ],
                [
                    8,
                    -6,
                    -1
                ],
                [
                    -4,
                    -1,
                    2
                ],
                [
                    8,
                    10,
                    7
                ],
                [
                    1,
                    3,
                    -6
                ],
                [
                    8,
                    3,
                    -9
                ],
                [
                    10,
                    8,
                    9
                ],
                [
                    6,
                    -7,
                    -5
                ],
                [
                    1,
                    5,
                    3
                ],
                [
                    3,
                    9,
                    10
                ],
                [
                    5,
                    10,
                    7
                ],
                [
                    -7,
                    5,
                    -10
                ],
                [
                    7,
                    9,
                    6
                ]
            ],
            "{   'fun': 1.0,\n    'jac': None,\n    'nfev': 9,\n    'nit': 0,\n    'njev': 1,\n    'x': array([2.49340704, 2.50613212, 1.43797073, 1.99464014, 2.42585848,\n       0.03004599, 0.1006817 , 1.16096992])}",
            {
                "1111010110": 1,
                "0001000001": 1,
                "0000101010": 1,
                "0010011011": 1,
                "0010010010": 1,
                "0011100100": 1,
                "0110001100": 1,
                "1001001111": 1,
                "0000001000": 1,
                "0111110101": 1,
                "0010000110": 1,
                "0101111001": 1,
                "0100001000": 1,
                "1100111000": 1,
                "1111010011": 1,
                "0101110110": 1,
                "0101000001": 1,
                "0101001000": 1,
                "0011111101": 1,
                "0110100101": 1,
                "1111011010": 1,
                "0011101010": 1,
                "0000000001": 1,
                "0010111101": 1,
                "0000101101": 1,
                "1001011111": 1,
                "0100010011": 1,
                "0111011110": 1,
                "0001101000": 1,
                "0101100101": 1,
                "1010111001": 1,
                "1001000010": 1,
                "1101110111": 1,
                "1001001011": 3,
                "1111101110": 1,
                "1010010010": 1,
                "0110101101": 1,
                "0010101101": 1,
                "1011001000": 1,
                "1010011110": 1,
                "1010010101": 1,
                "0110001001": 1,
                "1000110100": 1,
                "0100111001": 1,
                "0100001011": 1,
                "1010010100": 1,
                "0001000101": 1,
                "1000010100": 1,
                "1111110100": 1,
                "1001110100": 1,
                "0001000110": 1,
                "0110101001": 1,
                "0001100000": 1,
                "1000100001": 1,
                "0001110010": 1,
                "1010101111": 1,
                "0110000010": 1,
                "0001101101": 1,
                "0001110110": 1,
                "0000111100": 1,
                "0110111011": 1,
                "0110110110": 1,
                "0010101010": 1,
                "1001000011": 2,
                "1110101011": 1,
                "1000000001": 1,
                "0011111001": 1,
                "1110100100": 1,
                "1000101111": 1,
                "1110011011": 1,
                "0000000110": 1,
                "0101110001": 1,
                "1010000010": 2,
                "1010000001": 1,
                "0011011101": 1,
                "1100100001": 1,
                "0110001011": 1,
                "1100111111": 1,
                "0000110101": 1,
                "0100001001": 1,
                "1111010100": 1,
                "0001011101": 1,
                "1100000010": 1,
                "1001110000": 1,
                "0101111110": 1,
                "0000101000": 1,
                "0011000010": 1,
                "0110011110": 1,
                "1011100001": 2,
                "0101101011": 1,
                "1010010001": 1,
                "0011001100": 1,
                "0100000100": 1,
                "1100011100": 1,
                "1100111010": 1
            },
            false,
            1.0
        ],
        [
            [
                [
                    8,
                    -7,
                    -6
                ],
                [
                    -5,
                    -10,
                    3
                ],
                [
                    10,
                    -5,
                    6
                ],
                [
                    -4,
                    -10,
                    -3
                ],
                [
                    -7,
                    -1,
                    9
                ],
                [
                    -5,
                    -2,
                    -7
                ],
                [
                    -9,
                    -7,
                    3
                ],
                [
                    8,
                    2,
                    -6
                ],
                [
                    5,
                    -4,
                    -9
                ],
                [
                    5,
                    -4,
                    -2
                ],
                [
                    -6,
                    8,
                    10
                ],
                [
                    7,
                    9,
                    -10
                ],
                [
                    -1,
                    9,
                    2
                ],
                [
                    4,
                    1,
                    8
                ],
                [
                    3,
                    -6,
                    8
                ],
                [
                    8,
                    -6,
                    -10
                ],
                [
                    1,
                    -6,
                    -9
                ],
                [
                    -10,
                    8,
                    -9
                ],
                [
                    -10,
                    -3,
                    -4
                ],
                [
                    -3,
                    8,
                    -2
                ],
                [
                    -5,
                    2,
                    3
                ],
                [
                    -8,
                    2,
                    -1
                ],
                [
                    -3,
                    -7,
                    2
                ],
                [
                    -9,
                    -2,
                    -10
                ],
                [
                    8,
                    -3,
                    -1
                ],
                [
                    8,
                    -9,
                    2
                ],
                [
                    9,
                    6,
                    -7
                ],
                [
                    -3,
                    10,
                    9
                ],
                [
                    1,
                    4,
                    -5
                ],
                [
                    8,
                    -9,
                    2
                ],
                [
                    10,
                    3,
                    1
                ],
                [
                    7,
                    -10,
                    -6
                ],
                [
                    2,
                    -6,
                    8
                ],
                [
                    -6,
                    -2,
                    9
                ],
                [
                    -10,
                    -5,
                    -9
                ],
                [
                    3,
                    -2,
                    9
                ],
                [
                    1,
                    6,
                    9
                ],
                [
                    5,
                    -4,
                    2
                ],
                [
                    -3,
                    9,
                    -6
                ],
                [
                    -4,
                    -9,
                    5
                ],
                [
                    4,
                    -7,
                    10
                ],
                [
                    -7,
                    -9,
                    -6
                ],
                [
                    9,
                    5,
                    -3
                ],
                [
                    4,
                    6,
                    -8
                ],
                [
                    10,
                    2,
                    -6
                ]
            ],
            "{   'fun': 0.99,\n    'jac': None,\n    'nfev': 225,\n    'nit': 3,\n    'njev': 25,\n    'x': array([2.43056425, 2.58611634, 1.58920097, 1.2796903 , 0.28672592,\n       1.39678094, 2.72992763, 1.35219763])}",
            {
                "0000100010": 1,
                "0111000100": 1,
                "1001011001": 1,
                "0000010011": 1,
                "1110001101": 1,
                "0111101010": 1,
                "0001010011": 1,
                "1111010001": 1,
                "1010101110": 1,
                "1101110110": 1,
                "0000111011": 1,
                "1101111100": 1,
                "1100110110": 1,
                "0101001001": 1,
                "0111101011": 1,
                "0010111011": 1,
                "1011010110": 1,
                "0100111010": 1,
                "0010100101": 1,
                "1101111000": 1,
                "0110111011": 1,
                "0010110000": 1,
                "0110100011": 1,
                "1111101110": 1,
                "1110101000": 1,
                "1001001011": 1,
                "1000110010": 1,
                "0110011101": 1,
                "1000000101": 1,
                "1100101101": 1,
                "1110000110": 1,
                "0110111100": 1,
                "1100100110": 1,
                "1111101100": 1,
                "1111110000": 1,
                "0011011111": 1,
                "0001101011": 1,
                "0101000111": 2,
                "1111111010": 1,
                "1010011001": 1,
                "0110010000": 1,
                "1101101111": 1,
                "1101001010": 1,
                "1110010000": 1,
                "1010011101": 1,
                "0101110011": 1,
                "1001110011": 1,
                "0011011110": 1,
                "0000100100": 1,
                "1001111010": 1,
                "1110110000": 1,
                "0010010101": 1,
                "0010110100": 1,
                "0110001101": 1,
                "0011000100": 1,
                "1000000001": 1,
                "1110001010": 1,
                "1110011001": 1,
                "1101010101": 1,
                "1111011101": 1,
                "0111110011": 1,
                "0101001111": 1,
                "0100001101": 1,
                "0011111110": 1,
                "0011101100": 1,
                "1100101010": 1,
                "1101000000": 1,
                "0011110001": 1,
                "1101010001": 1,
                "1010100011": 1,
                "0011110110": 2,
                "0010010010": 1,
                "1110110101": 1,
                "0111011011": 1,
                "0110111111": 1,
                "1000111101": 1,
                "0001100100": 2,
                "0110101001": 1,
                "1101110000": 1,
                "0010001010": 1,
                "0010101101": 1,
                "1110101110": 1,
                "1011001011": 1,
                "1010010011": 1,
                "1011100000": 2,
                "1001111111": 1,
                "0000101010": 1,
                "0001111010": 1,
                "1100000001": 1,
                "1010110011": 1,
                "1011010111": 1,
                "0000100001": 1,
                "1001101110": 1,
                "1101101011": 1,
                "0100000011": 1,
                "0111101000": 1
            },
            true,
            0.89
        ]
    ]
}