{
    "n": 10,
    "m": 45,
    "results": [
        [
            [
                [
                    4,
                    6,
                    1
                ],
                [
                    10,
                    -1,
                    9
                ],
                [
                    6,
                    7,
                    -1
                ],
                [
                    -6,
                    -4,
                    -7
                ],
                [
                    1,
                    2,
                    7
                ],
                [
                    5,
                    8,
                    3
                ],
                [
                    -4,
                    -2,
                    8
                ],
                [
                    10,
                    6,
                    1
                ],
                [
                    9,
                    -7,
                    8
                ],
                [
                    -3,
                    -6,
                    8
                ],
                [
                    -1,
                    7,
                    10
                ],
                [
                    -7,
                    5,
                    -6
                ],
                [
                    -6,
                    -3,
                    -2
                ],
                [
                    -8,
                    9,
                    -1
                ],
                [
                    9,
                    2,
                    -10
                ],
                [
                    -1,
                    -6,
                    -8
                ],
                [
                    -5,
                    4,
                    -3
                ],
                [
                    9,
                    3,
                    6
                ],
                [
                    10,
                    7,
                    -5
                ],
                [
                    -2,
                    3,
                    -5
                ],
                [
                    -9,
                    4,
                    7
                ],
                [
                    -2,
                    5,
                    10
                ],
                [
                    -1,
                    3,
                    10
                ],
                [
                    6,
                    -8,
                    -1
                ],
                [
                    2,
                    -10,
                    -9
                ],
                [
                    -9,
                    10,
                    -3
                ],
                [
                    8,
                    10,
                    5
                ],
                [
                    -2,
                    8,
                    3
                ],
                [
                    -6,
                    -10,
                    -2
                ],
                [
                    -4,
                    8,
                    -1
                ],
                [
                    7,
                    5,
                    9
                ],
                [
                    2,
                    -1,
                    4
                ],
                [
                    9,
                    -2,
                    -1
                ],
                [
                    2,
                    -6,
                    -5
                ],
                [
                    -7,
                    -8,
                    1
                ],
                [
                    4,
                    2,
                    10
                ],
                [
                    1,
                    -9,
                    -8
                ],
                [
                    7,
                    6,
                    -8
                ],
                [
                    -10,
                    -3,
                    6
                ],
                [
                    -1,
                    7,
                    -6
                ],
                [
                    -5,
                    -4,
                    2
                ],
                [
                    -4,
                    10,
                    5
                ],
                [
                    -6,
                    7,
                    3
                ],
                [
                    7,
                    10,
                    -3
                ],
                [
                    5,
                    4,
                    -10
                ]
            ],
            "{   'fun': 1.0,\n    'jac': None,\n    'nfev': 9,\n    'nit': 0,\n    'njev': 1,\n    'x': array([1.56829047, 2.70425762, 1.11249116, 2.23230737, 1.59969015,\n       3.10670539, 2.43367616, 0.15758597])}",
            {
                "0001100110": 1,
                "1011111000": 1,
                "1101101001": 1,
                "0110110100": 1,
                "1001110101": 1,
                "1001100110": 1,
                "0100011011": 1,
                "1000001111": 1,
                "0000001011": 1,
                "0001010010": 1,
                "1001000101": 1,
                "0010111011": 1,
                "0000011101": 1,
                "1101010010": 1,
                "1000001001": 1,
                "0010001110": 1,
                "1101101000": 1,
                "1101111010": 1,
                "1101100000": 1,
                "0101101100": 1,
                "1100111010": 1,
                "0100001110": 1,
                "1000000110": 1,
                "1000110010": 1,
                "1100010001": 1,
                "1000101010": 1,
                "0000111100": 1,
                "1010011100": 1,
                "1011010101": 1,
                "1000101000": 1,
                "1001110110": 1,
                "0011000111": 1,
                "0110110010": 1,
                "0110001101": 1,
                "1001011100": 1,
                "0001000001": 1,
                "1011000110": 1,
                "0101101101": 1,
                "1110110101": 1,
                "0000100100": 1,
                "1001011000": 1,
                "0100001101": 1,
                "0010100011": 1,
                "1101100001": 1,
                "1101111111": 2,
                "1110110100": 1,
                "0001010101": 1,
                "1011000010": 1,
                "1101111001": 1,
                "0101100110": 1,
                "1001111101": 1,
                "1011010111": 1,
                "0000110010": 1,
                "0100010011": 1,
                "0111001111": 1,
                "1011000101": 1,
                "1110110011": 1,
                "1101101110": 1,
                "0111000000": 1,
                "1100111001": 1,
                "0011011001": 1,
                "1110101111": 1,
                "1111101001": 1,
                "1010001001": 2,
                "0000101100": 1,
                "1011100000": 1,
                "1100100010": 1,
                "0110011101": 1,
                "1011111010": 1,
                "0011110100": 1,
                "0000000010": 1,
                "1001100100": 1,
                "1010101101": 1,
                "1011001111": 1,
                "1011011110": 1,
                "0111010100": 1,
                "1111001000": 1,
                "0100000100": 1,
                "1011111111": 1,
                "0100111111": 1,
                "1110100001": 1,
                "1001001011": 1,
                "1011101000": 1,
                "0001110111": 1,
                "1111010011": 1,
                "0011101111": 1,
                "1100011110": 1,
                "0101100010": 1,
                "0011111100": 1,
                "1110011000": 1,
                "1101001001": 1,
                "1101000011": 1,
                "1111110001": 1,
                "0100100100": 1,
                "1001000010": 1,
                "0011001100": 1,
                "1101001010": 1,
                "1001101110": 1
            },
            false,
            1.0
        ],
        [
            [
                [
                    -10,
                    8,
                    5
                ],
                [
                    4,
                    7,
                    1
                ],
                [
                    -4,
                    9,
                    6
                ],
                [
                    -5,
                    -2,
                    -3
                ],
                [
                    -4,
                    -2,
                    6
                ],
                [
                    10,
                    7,
                    5
                ],
                [
                    -9,
                    -3,
                    -4
                ],
                [
                    1,
                    -4,
                    -6
                ],
                [
                    6,
                    -4,
                    1
                ],
                [
                    -10,
                    8,
                    3
                ],
                [
                    -5,
                    2,
                    -10
                ],
                [
                    1,
                    -10,
                    3
                ],
                [
                    -5,
                    -4,
                    -1
                ],
                [
                    10,
                    4,
                    2
                ],
                [
                    -2,
                    4,
                    10
                ],
                [
                    -4,
                    -1,
                    -3
                ],
                [
                    2,
                    4,
                    9
                ],
                [
                    -7,
                    9,
                    1
                ],
                [
                    10,
                    5,
                    -6
                ],
                [
                    8,
                    2,
                    -5
                ],
                [
                    -6,
                    4,
                    8
                ],
                [
                    5,
                    -9,
                    6
                ],
                [
                    -2,
                    -5,
                    9
                ],
                [
                    -6,
                    4,
                    -3
                ],
                [
                    -9,
                    1,
                    5
                ],
                [
                    -6,
                    4,
                    7
                ],
                [
                    -10,
                    9,
                    -5
                ],
                [
                    -10,
                    -9,
                    -3
                ],
                [
                    -8,
                    5,
                    -10
                ],
                [
                    -1,
                    7,
                    -4
                ],
                [
                    10,
                    2,
                    -4
                ],
                [
                    2,
                    1,
                    -4
                ],
                [
                    -5,
                    3,
                    2
                ],
                [
                    -3,
                    -7,
                    5
                ],
                [
                    5,
                    4,
                    1
                ],
                [
                    5,
                    -4,
                    -7
                ],
                [
                    6,
                    -1,
                    9
                ],
                [
                    -3,
                    4,
                    -8
                ],
                [
                    -8,
                    2,
                    -6
                ],
                [
                    1,
                    10,
                    2
                ],
                [
                    -5,
                    8,
                    -6
                ],
                [
                    -9,
                    -1,
                    6
                ],
                [
                    -8,
                    5,
                    -7
                ],
                [
                    -3,
                    6,
                    10
                ],
                [
                    8,
                    1,
                    2
                ]
            ],
            "{   'fun': 1.0,\n    'jac': None,\n    'nfev': 162,\n    'nit': 1,\n    'njev': 18,\n    'x': array([0.84543156, 1.22578816, 2.83200912, 0.82193502, 1.15175677,\n       2.80327582, 0.40026449, 2.63297964])}",
            {
                "1111010010": 1,
                "0000001001": 1,
                "1100010011": 1,
                "1011111011": 1,
                "1110011100": 1,
                "1100001000": 1,
                "1100010100": 1,
                "1110010100": 1,
                "1110100101": 1,
                "0011100100": 1,
                "1101100110": 1,
                "0111100110": 1,
                "0111011111": 1,
                "0001010110": 1,
                "0000000000": 1,
                "1011101101": 1,
                "1001111011": 1,
                "1101100011": 1,
                "1110101111": 1,
                "1001000101": 1,
                "0111010010": 1,
                "0100101011": 1,
                "0010111111": 1,
                "1001100010": 1,
                "1110111000": 1,
                "1001100110": 1,
                "0000111000": 1,
                "0111000100": 1,
                "0010010100": 1,
                "1011101111": 1,
                "0111110100": 1,
                "1000011010": 1,
                "0010001111": 1,
                "1100011101": 1,
                "1010001001": 2,
                "1111011000": 1,
                "1110001010": 1,
                "0011111010": 1,
                "0101000001": 1,
                "1010111111": 1,
                "1010011001": 1,
                "1111111010": 1,
                "1111110100": 1,
                "0101111001": 1,
                "0100110101": 1,
                "1000111000": 1,
                "0100011001": 1,
                "0101011000": 1,
                "1100000011": 1,
                "1001010100": 1,
                "0011001011": 1,
                "0101110101": 1,
                "0010111000": 1,
                "0001100000": 1,
                "0100100111": 1,
                "0111010110": 1,
                "0001101100": 1,
                "0000001100": 1,
                "0110100110": 1,
                "1011010011": 1,
                "0111101101": 1,
                "0110111101": 1,
                "1110000111": 2,
                "1010110010": 1,
                "1100011100": 1,
                "0000011001": 1,
                "1110100100": 1,
                "0110111100": 1,
                "0110010111": 1,
                "0011101101": 2,
                "0111000010": 2,
                "0100001111": 1,
                "0001101000": 1,
                "1110011110": 1,
                "1111100101": 1,
                "0001010100": 1,
                "0000111001": 1,
                "1001011010": 1,
                "0001101101": 1,
                "1111000111": 1,
                "1100100001": 1,
                "0101101100": 1,
                "1011111101": 1,
                "0111010001": 1,
                "0010110010": 1,
                "0100010010": 1,
                "1010001101": 1,
                "0000110101": 1,
                "0001011101": 1,
                "0111111001": 1,
                "1101111100": 1,
                "1101001111": 1,
                "1111101110": 1,
                "1100100011": 1,
                "1101111111": 1,
                "0010011010": 1
            },
            false,
            0.99
        ],
        [
            [
                [
                    -5,
                    8,
                    -4
                ],
                [
                    -7,
                    8,
                    6
                ],
                [
                    7,
                    -10,
                    -5
                ],
                [
                    -8,
                    -1,
                    -6
                ],
                [
                    5,
                    -6,
                    -3
                ],
                [
                    -4,
                    -1,
                    -8
                ],
                [
                    9,
                    -1,
                    8
                ],
                [
                    5,
                    7,
                    3
                ],
                [
                    -1,
                    3,
                    9
                ],
                [
                    -4,
                    1,
                    5
                ],
                [
                    -4,
                    -10,
                    5
                ],
                [
                    -8,
                    4,
                    -5
                ],
                [
                    6,
                    9,
                    -2
                ],
                [
                    6,
                    4,
                    1
                ],
                [
                    4,
                    -2,
                    -6
                ],
                [
                    3,
                    9,
                    4
                ],
                [
                    -4,
                    1,
                    -3
                ],
                [
                    4,
                    -2,
                    10
                ],
                [
                    -9,
                    8,
                    -4
                ],
                [
                    5,
                    3,
                    4
                ],
                [
                    7,
                    3,
                    -10
                ],
                [
                    -3,
                    6,
                    -4
                ],
                [
                    1,
                    10,
                    -7
                ],
                [
                    7,
                    3,
                    -2
                ],
                [
                    3,
                    2,
                    -7
                ],
                [
                    4,
                    -9,
                    -8
                ],
                [
                    -6,
                    5,
                    -7
                ],
                [
                    -10,
                    -4,
                    -3
                ],
                [
                    6,
                    -8,
                    -7
                ],
                [
                    9,
                    4,
                    -7
                ],
                [
                    6,
                    -10,
                    1
                ],
                [
                    -3,
                    -8,
                    2
                ],
                [
                    -10,
                    -9,
                    8
                ],
                [
                    7,
                    -10,
                    5
                ],
                [
                    -8,
                    9,
                    5
                ],
                [
                    7,
                    -4,
                    2
                ],
                [
                    -10,
                    -3,
                    -7
                ],
                [
                    -5,
                    9,
                    -6
                ],
                [
                    7,
                    -2,
                    4
                ],
                [
                    -2,
                    -8,
                    6
                ],
                [
                    -10,
                    3,
                    4
                ],
                [
                    6,
                    3,
                    4
                ],
                [
                    -5,
                    -8,
                    -4
                ],
                [
                    4,
                    -1,
                    3
                ],
                [
                    -2,
                    7,
                    -10
                ]
            ],
            "{   'fun': 0.99,\n    'jac': None,\n    'nfev': 234,\n    'nit': 2,\n    'njev': 26,\n    'x': array([0.99423216, 0.54689217, 0.10931673, 0.87118985, 1.9329132 ,\n       1.39376332, 1.24103798, 2.82472802])}",
            {
                "1100001101": 1,
                "0001000110": 1,
                "0100111011": 1,
                "0100111101": 1,
                "1001111110": 1,
                "1001101010": 1,
                "0001101101": 1,
                "0111100010": 1,
                "1100011100": 1,
                "1000001011": 1,
                "1000010011": 1,
                "1001001100": 1,
                "1111111011": 1,
                "1001011010": 1,
                "1110101010": 1,
                "1011011011": 1,
                "1101001001": 1,
                "1100110111": 1,
                "0111000010": 1,
                "0101001001": 1,
                "0111110010": 1,
                "0001000011": 1,
                "1100110011": 1,
                "0101100010": 1,
                "1111111000": 1,
                "0001001001": 1,
                "0110110110": 1,
                "1111010001": 1,
                "0001010010": 1,
                "1011011000": 1,
                "0100001000": 1,
                "1001100110": 1,
                "1110011011": 1,
                "1101001000": 2,
                "0011101000": 1,
                "0001001011": 1,
                "0011011000": 1,
                "1000011011": 1,
                "1111111110": 1,
                "0011100000": 1,
                "1111011100": 1,
                "1101100110": 1,
                "1011011001": 1,
                "0010001101": 1,
                "0100010101": 2,
                "0000110111": 1,
                "1100111011": 1,
                "1011001110": 1,
                "1100100100": 3,
                "0111101010": 1,
                "0001100010": 1,
                "0110111001": 1,
                "0001011011": 1,
                "1001000110": 1,
                "1000111101": 1,
                "1001001010": 1,
                "0111011101": 1,
                "0010101001": 1,
                "1111101101": 2,
                "0000010001": 1,
                "1111001111": 2,
                "1101100111": 1,
                "1011011010": 1,
                "0110001100": 1,
                "0011101101": 1,
                "0100110111": 1,
                "1000111110": 1,
                "0110011111": 1,
                "1100010011": 1,
                "0010000100": 1,
                "0101101111": 1,
                "0111100001": 1,
                "0011101001": 1,
                "0000110011": 1,
                "1001100101": 2,
                "1111111010": 1,
                "0100110101": 1,
                "1010111000": 1,
                "0000010010": 1,
                "0010101010": 1,
                "1110111110": 2,
                "1001101110": 1,
                "1010001110": 1,
                "0011110110": 1,
                "0000001000": 1,
                "0010011110": 1,
                "0010010001": 1,
                "0000000011": 1,
                "0010111111": 1,
                "1000101001": 1,
                "0001010111": 1,
                "0111010110": 1
            },
            true,
            0.96
        ],
        [
            [
                [
                    8,
                    -10,
                    2
                ],
                [
                    -3,
                    5,
                    -6
                ],
                [
                    1,
                    2,
                    4
                ],
                [
                    8,
                    3,
                    -2
                ],
                [
                    -9,
                    6,
                    7
                ],
                [
                    -9,
                    10,
                    5
                ],
                [
                    -4,
                    8,
                    1
                ],
                [
                    -8,
                    7,
                    -1
                ],
                [
                    2,
                    -1,
                    10
                ],
                [
                    8,
                    -2,
                    6
                ],
                [
                    7,
                    5,
                    -1
                ],
                [
                    -10,
                    5,
                    7
                ],
                [
                    10,
                    8,
                    1
                ],
                [
                    -4,
                    3,
                    -10
                ],
                [
                    1,
                    8,
                    6
                ],
                [
                    -5,
                    -10,
                    -8
                ],
                [
                    -6,
                    9,
                    1
                ],
                [
                    10,
                    1,
                    6
                ],
                [
                    7,
                    -10,
                    -8
                ],
                [
                    10,
                    -9,
                    4
                ],
                [
                    -8,
                    7,
                    10
                ],
                [
                    10,
                    6,
                    8
                ],
                [
                    -1,
                    -10,
                    -7
                ],
                [
                    3,
                    -4,
                    -8
                ],
                [
                    3,
                    -10,
                    -7
                ],
                [
                    7,
                    1,
                    -9
                ],
                [
                    -4,
                    -6,
                    -7
                ],
                [
                    7,
                    1,
                    8
                ],
                [
                    1,
                    -9,
                    10
                ],
                [
                    7,
                    -5,
                    -8
                ],
                [
                    3,
                    -4,
                    -10
                ],
                [
                    -2,
                    -4,
                    -5
                ],
                [
                    -2,
                    -5,
                    -4
                ],
                [
                    5,
                    -4,
                    6
                ],
                [
                    8,
                    -1,
                    6
                ],
                [
                    6,
                    1,
                    -8
                ],
                [
                    -1,
                    -9,
                    5
                ],
                [
                    -1,
                    -5,
                    10
                ],
                [
                    -5,
                    10,
                    -9
                ],
                [
                    -7,
                    8,
                    4
                ],
                [
                    1,
                    7,
                    -3
                ],
                [
                    -3,
                    5,
                    -9
                ],
                [
                    -6,
                    5,
                    7
                ],
                [
                    -2,
                    3,
                    1
                ],
                [
                    10,
                    3,
                    -6
                ]
            ],
            "{   'fun': 1.0,\n    'jac': None,\n    'nfev': 252,\n    'nit': 2,\n    'njev': 28,\n    'x': array([2.49340704, 2.50613212, 1.43797073, 1.99464014, 2.42585848,\n       0.03004599, 0.1006817 , 1.16097003])}",
            {
                "0010000110": 1,
                "0110001110": 1,
                "1100011111": 1,
                "0000110010": 1,
                "1110000000": 1,
                "1110010100": 1,
                "1110010111": 1,
                "0100001000": 1,
                "0001000000": 1,
                "0001011001": 1,
                "1100010010": 1,
                "0100100000": 1,
                "1010100101": 1,
                "0001011110": 1,
                "1000001100": 2,
                "1000000111": 1,
                "1101111111": 1,
                "1110110111": 1,
                "1111111000": 1,
                "1000100001": 1,
                "1110110110": 1,
                "1111101110": 1,
                "0011010100": 2,
                "0101011101": 1,
                "1100110101": 1,
                "1001111001": 1,
                "1011100001": 1,
                "1001101101": 1,
                "0101110001": 1,
                "0011011110": 1,
                "0111000111": 1,
                "0101010110": 1,
                "0011100000": 1,
                "1000100110": 1,
                "0110010010": 1,
                "1001101110": 1,
                "1000110101": 1,
                "0100101101": 1,
                "1011011101": 1,
                "1011111000": 1,
                "0010111001": 1,
                "1001001000": 1,
                "1100100110": 2,
                "0001100110": 1,
                "1100100101": 1,
                "0101101000": 1,
                "1011111101": 1,
                "0000100110": 1,
                "1010100110": 1,
                "0111111001": 1,
                "0001010000": 1,
                "1101000111": 1,
                "0010000101": 1,
                "1110010010": 1,
                "1000100100": 1,
                "1000101110": 1,
                "0001010101": 1,
                "0000000000": 1,
                "0111101001": 1,
                "0000001011": 1,
                "0101010001": 1,
                "1111110101": 1,
                "1010100001": 1,
                "1111110100": 1,
                "1000110110": 1,
                "0000011111": 1,
                "0001000110": 1,
                "1001010101": 1,
                "1011101001": 1,
                "0110010000": 1,
                "1101101111": 1,
                "1011010000": 1,
                "1010011001": 1,
                "1100000111": 1,
                "1011011110": 1,
                "0100110111": 1,
                "1011101110": 1,
                "1001000111": 1,
                "0101000110": 1,
                "0101110100": 1,
                "1011000101": 1,
                "0000100001": 1,
                "1100110000": 1,
                "0101101001": 2,
                "0011111011": 1,
                "0100010101": 1,
                "1111010111": 1,
                "0110011010": 1,
                "0000010111": 1,
                "0111101101": 1,
                "0110000011": 1,
                "0010011010": 1,
                "1000011010": 1,
                "1001110000": 1,
                "1001111011": 1,
                "1111110010": 1
            },
            false,
            0.97
        ],
        [
            [
                [
                    1,
                    4,
                    -10
                ],
                [
                    6,
                    -3,
                    8
                ],
                [
                    9,
                    2,
                    -6
                ],
                [
                    3,
                    1,
                    8
                ],
                [
                    4,
                    6,
                    -1
                ],
                [
                    3,
                    -10,
                    -5
                ],
                [
                    -3,
                    10,
                    -6
                ],
                [
                    -3,
                    10,
                    -8
                ],
                [
                    -3,
                    -10,
                    -9
                ],
                [
                    1,
                    -8,
                    5
                ],
                [
                    -4,
                    -3,
                    -8
                ],
                [
                    3,
                    -6,
                    10
                ],
                [
                    -9,
                    3,
                    -5
                ],
                [
                    -1,
                    2,
                    4
                ],
                [
                    1,
                    3,
                    -7
                ],
                [
                    6,
                    9,
                    -1
                ],
                [
                    -1,
                    9,
                    4
                ],
                [
                    2,
                    -7,
                    1
                ],
                [
                    2,
                    -5,
                    9
                ],
                [
                    5,
                    -7,
                    -9
                ],
                [
                    -7,
                    1,
                    -5
                ],
                [
                    -3,
                    1,
                    -9
                ],
                [
                    -3,
                    8,
                    -1
                ],
                [
                    -6,
                    9,
                    -8
                ],
                [
                    -1,
                    -7,
                    -9
                ],
                [
                    3,
                    5,
                    -7
                ],
                [
                    -2,
                    8,
                    4
                ],
                [
                    6,
                    -3,
                    10
                ],
                [
                    1,
                    -6,
                    -3
                ],
                [
                    -2,
                    -8,
                    1
                ],
                [
                    -5,
                    10,
                    9
                ],
                [
                    -2,
                    -9,
                    -4
                ],
                [
                    -4,
                    -2,
                    -5
                ],
                [
                    4,
                    5,
                    3
                ],
                [
                    4,
                    -10,
                    -2
                ],
                [
                    5,
                    1,
                    6
                ],
                [
                    10,
                    3,
                    2
                ],
                [
                    -4,
                    -7,
                    3
                ],
                [
                    -9,
                    10,
                    -6
                ],
                [
                    -3,
                    -1,
                    -7
                ],
                [
                    -6,
                    4,
                    7
                ],
                [
                    3,
                    -2,
                    -1
                ],
                [
                    -3,
                    1,
                    -9
                ],
                [
                    -3,
                    -4,
                    2
                ],
                [
                    7,
                    -1,
                    3
                ]
            ],
            "{   'fun': 1.0,\n    'jac': None,\n    'nfev': 9,\n    'nit': 0,\n    'njev': 1,\n    'x': array([2.43056353, 2.58611626, 1.58920063, 1.27969017, 0.28672592,\n       1.39678086, 2.72992658, 1.35219818])}",
            {
                "0110111100": 1,
                "1111001000": 1,
                "1111101010": 1,
                "1111110110": 1,
                "0001001111": 1,
                "0011111001": 1,
                "1011110011": 1,
                "0100011100": 1,
                "1110110011": 1,
                "1001110011": 1,
                "1001110010": 1,
                "0101000111": 1,
                "0111101010": 1,
                "1001100101": 1,
                "1010011110": 1,
                "0101011110": 1,
                "0101000010": 1,
                "1110011100": 1,
                "0011100101": 1,
                "1110000010": 1,
                "1100001011": 1,
                "0110010001": 1,
                "1111000101": 1,
                "0010000001": 1,
                "1001101110": 1,
                "0011001000": 2,
                "1011010011": 1,
                "0010011010": 1,
                "0110100000": 1,
                "0110100001": 1,
                "1111100001": 1,
                "1001011000": 1,
                "0110101100": 1,
                "1101011111": 1,
                "0001001011": 1,
                "0100101000": 1,
                "0001001101": 1,
                "1100010100": 1,
                "0000111101": 1,
                "0010101101": 1,
                "0111000010": 2,
                "1000000011": 1,
                "0101001100": 1,
                "1011100011": 1,
                "0100100100": 1,
                "0111100000": 1,
                "1000100001": 1,
                "1101010000": 1,
                "0010010001": 1,
                "1101110000": 1,
                "1111001101": 1,
                "1100011010": 1,
                "1000101011": 1,
                "1010000010": 1,
                "1110111100": 1,
                "0011101100": 1,
                "0011001110": 1,
                "1100001000": 1,
                "1001101101": 1,
                "0111101011": 1,
                "0011110010": 1,
                "1101101111": 1,
                "0100111001": 1,
                "1000010110": 1,
                "0000100110": 1,
                "1000001011": 1,
                "1100011001": 1,
                "0101110101": 1,
                "0000100100": 2,
                "1100011100": 1,
                "1110011001": 1,
                "1011010010": 1,
                "0001110010": 1,
                "0000110111": 1,
                "1011001111": 1,
                "1110100011": 1,
                "1011100100": 1,
                "1101111101": 2,
                "0010101100": 1,
                "0110101010": 1,
                "0001100011": 1,
                "0001011110": 1,
                "1011001010": 1,
                "1011000111": 1,
                "0001010011": 1,
                "0010001101": 1,
                "1011011001": 1,
                "1000000010": 1,
                "0111100100": 1,
                "1111011010": 1,
                "0010001000": 1,
                "0011001101": 1,
                "0110111000": 1,
                "1110000100": 1,
                "0010111100": 1,
                "1101001100": 1
            },
            false,
            1.0
        ]
    ]
}