{
    "n": 10,
    "m": 45,
    "results": [
        [
            [
                [
                    5,
                    -6,
                    10
                ],
                [
                    1,
                    3,
                    -7
                ],
                [
                    4,
                    -2,
                    -6
                ],
                [
                    6,
                    -5,
                    -4
                ],
                [
                    4,
                    -2,
                    -8
                ],
                [
                    8,
                    2,
                    6
                ],
                [
                    1,
                    6,
                    -10
                ],
                [
                    1,
                    6,
                    -10
                ],
                [
                    -4,
                    -7,
                    -8
                ],
                [
                    3,
                    6,
                    5
                ],
                [
                    -7,
                    -3,
                    8
                ],
                [
                    -2,
                    -10,
                    -6
                ],
                [
                    1,
                    -2,
                    -5
                ],
                [
                    10,
                    -3,
                    -9
                ],
                [
                    1,
                    -9,
                    2
                ],
                [
                    6,
                    1,
                    4
                ],
                [
                    -10,
                    -6,
                    1
                ],
                [
                    -6,
                    -8,
                    4
                ],
                [
                    -5,
                    9,
                    -2
                ],
                [
                    4,
                    3,
                    10
                ],
                [
                    -3,
                    7,
                    10
                ],
                [
                    7,
                    3,
                    9
                ],
                [
                    -10,
                    -3,
                    1
                ],
                [
                    -4,
                    -7,
                    -1
                ],
                [
                    6,
                    -4,
                    -8
                ],
                [
                    2,
                    -5,
                    -7
                ],
                [
                    5,
                    4,
                    -7
                ],
                [
                    1,
                    -7,
                    -3
                ],
                [
                    7,
                    -5,
                    8
                ],
                [
                    -8,
                    -3,
                    -7
                ],
                [
                    3,
                    10,
                    7
                ],
                [
                    -2,
                    5,
                    3
                ],
                [
                    -3,
                    5,
                    6
                ],
                [
                    -3,
                    -2,
                    9
                ],
                [
                    -6,
                    -4,
                    2
                ],
                [
                    -2,
                    8,
                    3
                ],
                [
                    -1,
                    7,
                    -9
                ],
                [
                    -8,
                    5,
                    -9
                ],
                [
                    -8,
                    -7,
                    -10
                ],
                [
                    -6,
                    1,
                    -9
                ],
                [
                    -1,
                    10,
                    6
                ],
                [
                    1,
                    -9,
                    -7
                ],
                [
                    -8,
                    -7,
                    -10
                ],
                [
                    10,
                    6,
                    2
                ],
                [
                    -2,
                    9,
                    -10
                ]
            ],
            "{   'fun': 1.0,\n    'jac': None,\n    'nfev': 189,\n    'nit': 0,\n    'njev': 21,\n    'x': array([1.56829047, 2.70425762, 1.11249116, 2.23230737, 1.59969015,\n       3.10670539, 2.43367616, 0.15758597])}",
            {
                "1011110001": 1,
                "1011111010": 1,
                "0100011010": 1,
                "0010111100": 1,
                "1110110010": 1,
                "1001111101": 1,
                "0001101110": 1,
                "0111001010": 1,
                "0101100101": 1,
                "0100101111": 1,
                "0011011101": 1,
                "0011010010": 1,
                "0000100100": 1,
                "0111001011": 1,
                "1011010101": 1,
                "1000010111": 1,
                "0100111111": 1,
                "1111001011": 1,
                "0010100110": 1,
                "1111011001": 1,
                "0011111111": 1,
                "1100010110": 1,
                "1010111011": 1,
                "1110010101": 1,
                "0100110000": 1,
                "0101110011": 1,
                "1000100101": 1,
                "1001111111": 1,
                "0000101010": 1,
                "1000110110": 1,
                "1001011011": 1,
                "0110010000": 1,
                "1000111111": 1,
                "1110101001": 1,
                "1111101010": 1,
                "0101111001": 1,
                "0101111011": 1,
                "1010010111": 1,
                "0011011100": 1,
                "1110111010": 1,
                "0011011111": 1,
                "0010001111": 1,
                "0111111001": 1,
                "1101001111": 1,
                "1110101111": 1,
                "1100001010": 1,
                "0110100011": 1,
                "1101100010": 1,
                "1000101001": 1,
                "0101011111": 1,
                "1010010101": 3,
                "0010111110": 1,
                "1001111000": 2,
                "0111100010": 1,
                "0110010111": 2,
                "0100000100": 1,
                "0111100000": 1,
                "0111100111": 1,
                "1000111100": 1,
                "0110000101": 1,
                "1011010110": 1,
                "1100010010": 1,
                "1101001110": 1,
                "1001111011": 1,
                "0101100100": 1,
                "0010000101": 1,
                "1000011001": 2,
                "0111000001": 1,
                "1111000000": 1,
                "0000010010": 1,
                "1100000010": 2,
                "1010010011": 1,
                "0100010011": 1,
                "0111001111": 1,
                "1010100110": 1,
                "1011001110": 1,
                "1010001010": 1,
                "0011111101": 2,
                "1101111110": 1,
                "1111001000": 1,
                "1000100011": 1,
                "0110110001": 1,
                "1111010011": 1,
                "1011110100": 1,
                "0111101111": 1,
                "1100100101": 1,
                "1110011111": 1,
                "0100001001": 1,
                "0110011110": 1,
                "1110101000": 1,
                "0001110101": 1,
                "1011110111": 1,
                "0111011000": 1
            },
            false,
            0.97
        ],
        [
            [
                [
                    -10,
                    -6,
                    5
                ],
                [
                    -9,
                    7,
                    -6
                ],
                [
                    -5,
                    -9,
                    1
                ],
                [
                    -6,
                    5,
                    10
                ],
                [
                    3,
                    -9,
                    4
                ],
                [
                    -5,
                    7,
                    -2
                ],
                [
                    -7,
                    10,
                    -6
                ],
                [
                    2,
                    6,
                    4
                ],
                [
                    -3,
                    2,
                    8
                ],
                [
                    -10,
                    3,
                    -9
                ],
                [
                    8,
                    3,
                    -2
                ],
                [
                    1,
                    -9,
                    10
                ],
                [
                    9,
                    -1,
                    4
                ],
                [
                    -7,
                    -5,
                    4
                ],
                [
                    -9,
                    4,
                    -10
                ],
                [
                    -1,
                    -10,
                    -9
                ],
                [
                    -6,
                    3,
                    -7
                ],
                [
                    -2,
                    -1,
                    -9
                ],
                [
                    -4,
                    -7,
                    1
                ],
                [
                    1,
                    2,
                    -4
                ],
                [
                    -8,
                    -10,
                    4
                ],
                [
                    5,
                    -1,
                    -9
                ],
                [
                    2,
                    -8,
                    -5
                ],
                [
                    1,
                    6,
                    -9
                ],
                [
                    7,
                    8,
                    -3
                ],
                [
                    -7,
                    2,
                    -10
                ],
                [
                    -8,
                    -10,
                    3
                ],
                [
                    10,
                    7,
                    -2
                ],
                [
                    10,
                    -6,
                    8
                ],
                [
                    -6,
                    3,
                    -5
                ],
                [
                    -8,
                    3,
                    -9
                ],
                [
                    2,
                    8,
                    -10
                ],
                [
                    6,
                    -8,
                    -10
                ],
                [
                    -1,
                    -5,
                    4
                ],
                [
                    4,
                    7,
                    -6
                ],
                [
                    -1,
                    -10,
                    -5
                ],
                [
                    7,
                    9,
                    -10
                ],
                [
                    2,
                    -10,
                    4
                ],
                [
                    5,
                    3,
                    8
                ],
                [
                    3,
                    -10,
                    8
                ],
                [
                    2,
                    3,
                    4
                ],
                [
                    7,
                    -9,
                    -2
                ],
                [
                    9,
                    10,
                    7
                ],
                [
                    -8,
                    -9,
                    5
                ],
                [
                    -3,
                    7,
                    1
                ]
            ],
            "{   'fun': 0.98,\n    'jac': None,\n    'nfev': 180,\n    'nit': 1,\n    'njev': 20,\n    'x': array([0.84543156, 1.22578632, 2.8320071 , 0.82193498, 1.15175674,\n       2.80327582, 0.40026445, 2.63297961])}",
            {
                "1100101001": 1,
                "1110000110": 1,
                "0100101001": 1,
                "0100001001": 1,
                "1110010110": 1,
                "0011010111": 1,
                "0001000111": 1,
                "1000100101": 1,
                "0001000011": 1,
                "0101111001": 1,
                "0010001110": 1,
                "0011100101": 1,
                "0101100000": 1,
                "0100100011": 1,
                "0000110100": 1,
                "1100011110": 1,
                "0111111001": 1,
                "0010100111": 1,
                "0010011111": 1,
                "1110011000": 3,
                "0010111011": 1,
                "0001100110": 2,
                "0101000100": 1,
                "0010100000": 2,
                "0111101000": 1,
                "0001010001": 1,
                "0110110000": 1,
                "0100000110": 1,
                "1111100110": 1,
                "1000000100": 1,
                "0000010011": 1,
                "0100000000": 1,
                "1011001011": 1,
                "1001100101": 1,
                "1010100110": 1,
                "1100100100": 1,
                "1101101001": 1,
                "1011001110": 1,
                "0010101111": 1,
                "0000001111": 1,
                "1110110000": 1,
                "0011000101": 1,
                "0100111000": 1,
                "0000111110": 1,
                "1111100010": 2,
                "0010010011": 1,
                "1001000111": 1,
                "1010001010": 1,
                "1100100011": 1,
                "1000011001": 1,
                "1110101100": 3,
                "0010000110": 1,
                "0011000011": 2,
                "1110100110": 2,
                "1111010010": 1,
                "0110100010": 1,
                "0110000000": 1,
                "0100001101": 2,
                "1011101001": 1,
                "1010010010": 1,
                "1111101110": 1,
                "1110101010": 1,
                "1001011011": 1,
                "1011011111": 1,
                "0011111010": 1,
                "0101011111": 1,
                "0101001101": 1,
                "0001111011": 1,
                "1010111111": 1,
                "0110010010": 1,
                "0110000110": 1,
                "1100000110": 1,
                "1010100100": 1,
                "0111001110": 1,
                "1110111010": 2,
                "0001001001": 1,
                "0101010100": 1,
                "0001001100": 1,
                "0111011111": 1,
                "0001100111": 1,
                "0011100011": 1,
                "0011101001": 1,
                "1100001000": 1,
                "0011001110": 1,
                "0101001110": 1,
                "1000011011": 1,
                "1000001001": 1,
                "0100101110": 1,
                "1001101111": 1
            },
            true,
            0.95
        ],
        [
            [
                [
                    10,
                    -9,
                    4
                ],
                [
                    2,
                    -4,
                    7
                ],
                [
                    7,
                    -10,
                    -3
                ],
                [
                    9,
                    1,
                    -2
                ],
                [
                    6,
                    -4,
                    8
                ],
                [
                    -3,
                    4,
                    10
                ],
                [
                    -5,
                    1,
                    -4
                ],
                [
                    -6,
                    8,
                    -7
                ],
                [
                    7,
                    1,
                    3
                ],
                [
                    -8,
                    6,
                    -7
                ],
                [
                    -9,
                    -1,
                    -3
                ],
                [
                    -2,
                    8,
                    -3
                ],
                [
                    8,
                    -4,
                    -1
                ],
                [
                    -9,
                    8,
                    7
                ],
                [
                    -4,
                    -3,
                    -7
                ],
                [
                    -4,
                    -8,
                    5
                ],
                [
                    9,
                    -3,
                    -4
                ],
                [
                    -4,
                    -3,
                    8
                ],
                [
                    3,
                    -4,
                    6
                ],
                [
                    4,
                    9,
                    7
                ],
                [
                    -7,
                    -1,
                    -3
                ],
                [
                    -2,
                    5,
                    -6
                ],
                [
                    -8,
                    -7,
                    -5
                ],
                [
                    9,
                    6,
                    -8
                ],
                [
                    5,
                    -7,
                    -2
                ],
                [
                    2,
                    10,
                    -7
                ],
                [
                    4,
                    2,
                    3
                ],
                [
                    6,
                    10,
                    7
                ],
                [
                    10,
                    -2,
                    -3
                ],
                [
                    2,
                    8,
                    -7
                ],
                [
                    1,
                    -10,
                    -8
                ],
                [
                    9,
                    -8,
                    10
                ],
                [
                    -6,
                    -1,
                    8
                ],
                [
                    2,
                    -3,
                    4
                ],
                [
                    -3,
                    5,
                    -6
                ],
                [
                    -4,
                    -5,
                    1
                ],
                [
                    5,
                    -7,
                    4
                ],
                [
                    -8,
                    -9,
                    -2
                ],
                [
                    4,
                    -5,
                    3
                ],
                [
                    5,
                    -1,
                    4
                ],
                [
                    7,
                    -10,
                    -1
                ],
                [
                    10,
                    -6,
                    1
                ],
                [
                    5,
                    2,
                    -7
                ],
                [
                    1,
                    -5,
                    -9
                ],
                [
                    -10,
                    8,
                    -4
                ]
            ],
            "{   'fun': 1.0,\n    'jac': None,\n    'nfev': 9,\n    'nit': 0,\n    'njev': 1,\n    'x': array([0.9942314 , 0.54689217, 0.10931673, 0.8711891 , 1.9329132 ,\n       1.39376332, 1.24103798, 2.82472802])}",
            {
                "1011110010": 1,
                "1111001101": 1,
                "0100111001": 1,
                "0010001111": 1,
                "1010101011": 1,
                "1100100001": 1,
                "1111110011": 1,
                "1110011011": 1,
                "0111110011": 1,
                "0110000011": 1,
                "0000010001": 1,
                "0000100101": 1,
                "1100101001": 1,
                "0101110111": 1,
                "1000110110": 1,
                "1101101111": 1,
                "0000101001": 1,
                "0001001110": 1,
                "0010111111": 1,
                "1101101000": 1,
                "1011011001": 1,
                "1110011101": 1,
                "1000100110": 1,
                "0111011110": 1,
                "0001001011": 1,
                "1001000111": 1,
                "0100111011": 1,
                "0100010001": 1,
                "0010000000": 1,
                "1000110010": 1,
                "0101100111": 1,
                "1101111011": 1,
                "0101001111": 1,
                "0000010110": 1,
                "0011001001": 1,
                "1010110010": 1,
                "0111010110": 1,
                "0001010111": 1,
                "1110100100": 1,
                "1100110011": 1,
                "1001001001": 1,
                "1101010001": 1,
                "1101101001": 1,
                "1101111010": 1,
                "0000101010": 1,
                "0000010011": 1,
                "0011010011": 1,
                "0110100100": 1,
                "0011101110": 1,
                "0000110010": 1,
                "1110111110": 1,
                "0100001101": 1,
                "1011100001": 1,
                "0000000101": 2,
                "0101101000": 1,
                "1011111101": 1,
                "0110110110": 1,
                "1111100011": 1,
                "1110100001": 1,
                "1001001010": 1,
                "1011110110": 1,
                "1110110110": 1,
                "0000100001": 1,
                "0010110010": 1,
                "0000001011": 1,
                "0010100110": 1,
                "0100100001": 1,
                "0111011111": 1,
                "0100100101": 1,
                "0010101101": 1,
                "1110101110": 1,
                "0100000010": 1,
                "1011100110": 1,
                "1011100101": 2,
                "0010001011": 1,
                "1110101001": 1,
                "1100000011": 2,
                "0011010001": 1,
                "1001110101": 1,
                "0010110011": 1,
                "0001110010": 1,
                "0111001110": 1,
                "0100111110": 1,
                "1110111010": 1,
                "1010110000": 1,
                "0010010000": 1,
                "1111101100": 1,
                "1101100010": 1,
                "1010111010": 1,
                "0011011000": 1,
                "1110010101": 1,
                "1001001111": 1,
                "1000101100": 2,
                "0111101010": 1,
                "0011111000": 1,
                "1010101100": 1
            },
            false,
            1.0
        ],
        [
            [
                [
                    -9,
                    -3,
                    -10
                ],
                [
                    9,
                    10,
                    -6
                ],
                [
                    -2,
                    -5,
                    -3
                ],
                [
                    -8,
                    -1,
                    2
                ],
                [
                    -4,
                    -5,
                    8
                ],
                [
                    2,
                    -8,
                    10
                ],
                [
                    -10,
                    6,
                    8
                ],
                [
                    7,
                    10,
                    6
                ],
                [
                    -1,
                    7,
                    10
                ],
                [
                    -10,
                    3,
                    -9
                ],
                [
                    -5,
                    3,
                    9
                ],
                [
                    -6,
                    -3,
                    -9
                ],
                [
                    8,
                    -1,
                    9
                ],
                [
                    6,
                    -1,
                    -10
                ],
                [
                    9,
                    -8,
                    10
                ],
                [
                    -7,
                    -2,
                    4
                ],
                [
                    -3,
                    4,
                    6
                ],
                [
                    -3,
                    5,
                    -8
                ],
                [
                    5,
                    8,
                    -9
                ],
                [
                    -7,
                    -2,
                    -9
                ],
                [
                    1,
                    10,
                    8
                ],
                [
                    -1,
                    7,
                    -3
                ],
                [
                    -1,
                    -7,
                    4
                ],
                [
                    -5,
                    -10,
                    1
                ],
                [
                    -6,
                    -3,
                    8
                ],
                [
                    -8,
                    -7,
                    10
                ],
                [
                    1,
                    -2,
                    5
                ],
                [
                    6,
                    2,
                    4
                ],
                [
                    -10,
                    2,
                    -8
                ],
                [
                    -9,
                    2,
                    10
                ],
                [
                    9,
                    -7,
                    6
                ],
                [
                    9,
                    -3,
                    6
                ],
                [
                    5,
                    6,
                    3
                ],
                [
                    -1,
                    -4,
                    10
                ],
                [
                    5,
                    -3,
                    2
                ],
                [
                    -3,
                    5,
                    -4
                ],
                [
                    -8,
                    1,
                    7
                ],
                [
                    -2,
                    -6,
                    -9
                ],
                [
                    7,
                    -5,
                    -8
                ],
                [
                    6,
                    2,
                    5
                ],
                [
                    -2,
                    -3,
                    6
                ],
                [
                    10,
                    -8,
                    9
                ],
                [
                    4,
                    -7,
                    -3
                ],
                [
                    5,
                    3,
                    4
                ],
                [
                    -3,
                    7,
                    -10
                ]
            ],
            "{   'fun': 1.0,\n    'jac': None,\n    'nfev': 171,\n    'nit': 1,\n    'njev': 19,\n    'x': array([2.49340699, 2.50613207, 1.43797068, 1.99464009, 2.42585848,\n       0.03004594, 0.10068165, 1.16096987])}",
            {
                "1111011010": 1,
                "0111101000": 1,
                "1101010000": 1,
                "0110011000": 1,
                "1011101000": 1,
                "1000000111": 1,
                "1010110100": 1,
                "1101011001": 1,
                "1011010100": 1,
                "0011111100": 1,
                "1110111111": 1,
                "1101110001": 2,
                "0111101101": 1,
                "0110001111": 1,
                "0011101101": 1,
                "0111000011": 1,
                "1101110111": 1,
                "0100100100": 1,
                "0110000001": 1,
                "1011101101": 1,
                "1110110100": 1,
                "0100111100": 1,
                "1111001111": 1,
                "1111100100": 1,
                "1011110001": 1,
                "1100010011": 1,
                "1111011111": 1,
                "0011111010": 1,
                "0101011111": 1,
                "0011000110": 1,
                "1101011101": 1,
                "0000110110": 2,
                "1000100000": 1,
                "0100101101": 1,
                "1100100110": 1,
                "1001101110": 1,
                "1010111110": 1,
                "0111100110": 1,
                "0011001101": 1,
                "0110111101": 1,
                "1110000111": 1,
                "1010100111": 1,
                "1100011100": 1,
                "0010100000": 1,
                "1101110010": 1,
                "1001000101": 1,
                "0110110101": 1,
                "1010111011": 1,
                "0101111100": 1,
                "1100011010": 1,
                "1000001010": 1,
                "0111010010": 1,
                "0101100000": 1,
                "1101001100": 1,
                "0001100001": 1,
                "1110111000": 1,
                "0110010110": 1,
                "0011100111": 1,
                "0001111110": 1,
                "1011001101": 1,
                "0100000001": 1,
                "0010010010": 1,
                "1011000010": 1,
                "0000111101": 1,
                "0100100000": 1,
                "1101100000": 1,
                "1001001100": 1,
                "0111001010": 1,
                "1110011000": 1,
                "0000000011": 1,
                "1000011001": 1,
                "0010011110": 2,
                "0000101001": 1,
                "1001101101": 1,
                "1010110111": 1,
                "0110100011": 1,
                "1111000001": 1,
                "0001001011": 1,
                "0100001001": 1,
                "0000000010": 1,
                "1001100100": 1,
                "0101111111": 1,
                "0000011111": 1,
                "0111001000": 1,
                "1110100010": 1,
                "1010011100": 1,
                "1111011101": 1,
                "1110010111": 1,
                "1100011011": 1,
                "0110110010": 1,
                "0001100101": 2,
                "1000000100": 1,
                "1010001110": 1,
                "1100010000": 1,
                "1010110011": 1,
                "0000110010": 1
            },
            false,
            0.97
        ],
        [
            [
                [
                    9,
                    -8,
                    -6
                ],
                [
                    -3,
                    7,
                    2
                ],
                [
                    1,
                    6,
                    10
                ],
                [
                    5,
                    3,
                    1
                ],
                [
                    -3,
                    -1,
                    9
                ],
                [
                    -5,
                    4,
                    10
                ],
                [
                    -9,
                    -4,
                    -5
                ],
                [
                    -10,
                    -2,
                    -5
                ],
                [
                    -4,
                    -2,
                    5
                ],
                [
                    9,
                    -10,
                    6
                ],
                [
                    -10,
                    -3,
                    -7
                ],
                [
                    -1,
                    10,
                    -6
                ],
                [
                    -6,
                    -3,
                    -5
                ],
                [
                    -5,
                    -9,
                    4
                ],
                [
                    1,
                    -2,
                    8
                ],
                [
                    10,
                    -4,
                    2
                ],
                [
                    -4,
                    -5,
                    10
                ],
                [
                    7,
                    -3,
                    -9
                ],
                [
                    8,
                    5,
                    -4
                ],
                [
                    -5,
                    -9,
                    -4
                ],
                [
                    -8,
                    -3,
                    -6
                ],
                [
                    -7,
                    6,
                    -2
                ],
                [
                    -2,
                    -1,
                    6
                ],
                [
                    5,
                    8,
                    -2
                ],
                [
                    2,
                    8,
                    -4
                ],
                [
                    6,
                    2,
                    7
                ],
                [
                    9,
                    8,
                    4
                ],
                [
                    3,
                    -2,
                    5
                ],
                [
                    -9,
                    -4,
                    5
                ],
                [
                    -1,
                    6,
                    -10
                ],
                [
                    -1,
                    -2,
                    10
                ],
                [
                    -7,
                    -6,
                    3
                ],
                [
                    -5,
                    -10,
                    -7
                ],
                [
                    8,
                    -5,
                    9
                ],
                [
                    9,
                    3,
                    7
                ],
                [
                    -2,
                    1,
                    -10
                ],
                [
                    6,
                    10,
                    2
                ],
                [
                    -2,
                    1,
                    5
                ],
                [
                    -9,
                    4,
                    6
                ],
                [
                    2,
                    -10,
                    9
                ],
                [
                    -1,
                    2,
                    -10
                ],
                [
                    -4,
                    1,
                    -10
                ],
                [
                    -2,
                    -10,
                    -8
                ],
                [
                    10,
                    8,
                    2
                ],
                [
                    7,
                    6,
                    -3
                ]
            ],
            "{   'fun': 1.0,\n    'jac': None,\n    'nfev': 9,\n    'nit': 0,\n    'njev': 1,\n    'x': array([2.43056353, 2.58611626, 1.58920063, 1.27969017, 0.28672592,\n       1.39678086, 2.72992658, 1.35219818])}",
            {
                "1100101100": 1,
                "1010111000": 1,
                "1101110101": 1,
                "0000000000": 1,
                "1011110001": 1,
                "0110101011": 1,
                "1010001101": 1,
                "0111101011": 1,
                "1000100010": 1,
                "1001010000": 1,
                "0010011000": 1,
                "1000110001": 1,
                "1111111110": 1,
                "0001101011": 1,
                "1100111010": 1,
                "0110001001": 1,
                "1001111100": 1,
                "0010101001": 1,
                "0111010011": 1,
                "0110011101": 1,
                "1101110000": 1,
                "0111111110": 1,
                "0110001010": 1,
                "0101001111": 1,
                "0101010000": 1,
                "1101110010": 2,
                "1000000001": 1,
                "0101100111": 1,
                "0001111001": 1,
                "1011111111": 1,
                "0001011110": 1,
                "1001100011": 1,
                "1001010010": 1,
                "1101110111": 1,
                "1011101010": 1,
                "0010001101": 1,
                "1001101110": 1,
                "1010110011": 1,
                "0101111100": 1,
                "1100101001": 1,
                "0100110001": 1,
                "0110001000": 1,
                "1110100111": 1,
                "1001101001": 1,
                "0110111100": 1,
                "1011011011": 1,
                "0011011000": 1,
                "0100101101": 1,
                "1000100000": 1,
                "0001011111": 1,
                "0011111010": 1,
                "0011110000": 1,
                "1101000110": 1,
                "0010100011": 1,
                "0011010001": 1,
                "1010011011": 1,
                "0001000110": 1,
                "0100001001": 1,
                "1111010100": 1,
                "0101111011": 1,
                "1010010111": 1,
                "0111111111": 1,
                "0011001100": 1,
                "0100101100": 1,
                "1000001111": 1,
                "0000010010": 1,
                "1101010110": 1,
                "1001101111": 1,
                "0001100010": 1,
                "0110110110": 1,
                "0001010010": 1,
                "1011110011": 1,
                "1110000000": 1,
                "1011000011": 1,
                "1001001001": 1,
                "1110110011": 1,
                "0100111010": 1,
                "0000101000": 1,
                "1010011100": 1,
                "1001111010": 1,
                "0011001111": 1,
                "0101010010": 1,
                "0000101010": 1,
                "0110101110": 1,
                "0001000011": 1,
                "1110011111": 1,
                "0111110111": 1,
                "0010111011": 1,
                "0110000101": 1,
                "1010101000": 1,
                "0010011011": 1,
                "0110011111": 1,
                "0011100111": 1,
                "0001111110": 2,
                "1100101110": 1,
                "0010011101": 1,
                "1101110011": 1,
                "0111000100": 1
            },
            false,
            1.0
        ]
    ]
}