{
    "n": 10,
    "m": 45,
    "results": [
        [
            [
                [
                    4,
                    -2,
                    1
                ],
                [
                    5,
                    -6,
                    2
                ],
                [
                    -8,
                    10,
                    2
                ],
                [
                    -8,
                    10,
                    9
                ],
                [
                    -4,
                    7,
                    -8
                ],
                [
                    5,
                    -3,
                    7
                ],
                [
                    -2,
                    3,
                    -4
                ],
                [
                    -2,
                    8,
                    5
                ],
                [
                    -4,
                    3,
                    -9
                ],
                [
                    -10,
                    2,
                    7
                ],
                [
                    2,
                    -9,
                    -7
                ],
                [
                    5,
                    2,
                    3
                ],
                [
                    -5,
                    -4,
                    -9
                ],
                [
                    3,
                    -4,
                    -2
                ],
                [
                    -2,
                    -3,
                    1
                ],
                [
                    -1,
                    -8,
                    2
                ],
                [
                    1,
                    6,
                    -9
                ],
                [
                    1,
                    -3,
                    -10
                ],
                [
                    -6,
                    -4,
                    -5
                ],
                [
                    8,
                    9,
                    3
                ],
                [
                    1,
                    -6,
                    2
                ],
                [
                    -7,
                    -6,
                    3
                ],
                [
                    6,
                    9,
                    2
                ],
                [
                    10,
                    -3,
                    6
                ],
                [
                    2,
                    -8,
                    -10
                ],
                [
                    1,
                    8,
                    3
                ],
                [
                    8,
                    4,
                    1
                ],
                [
                    -2,
                    5,
                    3
                ],
                [
                    4,
                    2,
                    6
                ],
                [
                    -4,
                    -1,
                    -10
                ],
                [
                    -4,
                    -10,
                    9
                ],
                [
                    9,
                    -8,
                    -7
                ],
                [
                    9,
                    -10,
                    -3
                ],
                [
                    8,
                    1,
                    -4
                ],
                [
                    -8,
                    -7,
                    -6
                ],
                [
                    -2,
                    -1,
                    3
                ],
                [
                    5,
                    8,
                    -1
                ],
                [
                    -4,
                    5,
                    -2
                ],
                [
                    9,
                    8,
                    1
                ],
                [
                    7,
                    -1,
                    -10
                ],
                [
                    1,
                    9,
                    -2
                ],
                [
                    -6,
                    1,
                    -10
                ],
                [
                    6,
                    1,
                    7
                ],
                [
                    5,
                    -1,
                    -2
                ],
                [
                    -10,
                    5,
                    3
                ]
            ],
            "{   'fun': 0.99,\n    'jac': None,\n    'nfev': 27,\n    'nit': None,\n    'njev': None,\n    'x': array([2.81652892, 0.49294626])}",
            {
                "0011010000": 1,
                "0011001111": 1,
                "1001011100": 1,
                "1110101001": 1,
                "0010000111": 1,
                "0011100000": 1,
                "0111110101": 1,
                "1000011100": 2,
                "0011011110": 1,
                "0100001101": 1,
                "1001100111": 1,
                "0111001011": 1,
                "1001100110": 1,
                "0110010111": 2,
                "1100111110": 1,
                "0001100111": 2,
                "0111010000": 1,
                "0101101011": 1,
                "0011001001": 1,
                "0011000101": 1,
                "0101101110": 2,
                "0110110111": 1,
                "0111001110": 1,
                "1101011000": 1,
                "0001011101": 1,
                "1110010011": 1,
                "0101110101": 1,
                "0010001010": 1,
                "1001111100": 1,
                "0010101101": 1,
                "0100000010": 1,
                "1101011011": 1,
                "1110000011": 1,
                "0001101110": 1,
                "1010100110": 1,
                "1100001010": 1,
                "1011110001": 1,
                "1111010110": 1,
                "1100001101": 1,
                "1001111101": 1,
                "1110000111": 1,
                "1111110001": 1,
                "0010001100": 1,
                "1010000010": 1,
                "1011101001": 1,
                "1001000001": 1,
                "0101001100": 2,
                "1110101010": 2,
                "0010000010": 1,
                "1101101101": 1,
                "0111010010": 1,
                "0001000000": 1,
                "1100110001": 1,
                "0011111010": 1,
                "0000010111": 1,
                "0100110000": 2,
                "0001110100": 1,
                "0101001110": 1,
                "0110100111": 1,
                "1010011110": 1,
                "1011001000": 1,
                "0111000011": 1,
                "0101100011": 1,
                "0110111110": 1,
                "0011011100": 1,
                "0010001000": 1,
                "1110100101": 1,
                "1100001110": 1,
                "1111110111": 1,
                "0110010110": 1,
                "1110010010": 1,
                "0010000101": 1,
                "1101100110": 2,
                "1000101011": 1,
                "0110110100": 1,
                "0001111010": 1,
                "1100001001": 1,
                "0100110101": 1,
                "0101110111": 2,
                "0111100010": 1,
                "0000000000": 1,
                "1101100101": 1,
                "1100100010": 1,
                "0001111001": 1,
                "0110011000": 1,
                "1010111101": 1,
                "0110000111": 1,
                "1100101000": 1,
                "0111100011": 1,
                "0111110001": 1,
                "0111011101": 1
            },
            true,
            0.96
        ],
        [
            [
                [
                    8,
                    -1,
                    -10
                ],
                [
                    9,
                    -5,
                    8
                ],
                [
                    6,
                    4,
                    -2
                ],
                [
                    5,
                    -9,
                    -2
                ],
                [
                    -10,
                    3,
                    2
                ],
                [
                    8,
                    1,
                    2
                ],
                [
                    -8,
                    -1,
                    5
                ],
                [
                    -10,
                    5,
                    3
                ],
                [
                    8,
                    10,
                    5
                ],
                [
                    9,
                    8,
                    2
                ],
                [
                    7,
                    -4,
                    -2
                ],
                [
                    1,
                    -9,
                    -5
                ],
                [
                    -3,
                    5,
                    -6
                ],
                [
                    6,
                    1,
                    8
                ],
                [
                    -6,
                    5,
                    10
                ],
                [
                    -4,
                    2,
                    -10
                ],
                [
                    8,
                    -5,
                    -4
                ],
                [
                    -1,
                    3,
                    8
                ],
                [
                    8,
                    -9,
                    -10
                ],
                [
                    5,
                    -6,
                    -2
                ],
                [
                    -3,
                    -10,
                    -1
                ],
                [
                    -3,
                    2,
                    -10
                ],
                [
                    -6,
                    9,
                    8
                ],
                [
                    -5,
                    -2,
                    -10
                ],
                [
                    -4,
                    -1,
                    -8
                ],
                [
                    3,
                    -1,
                    -5
                ],
                [
                    2,
                    -5,
                    8
                ],
                [
                    -3,
                    -7,
                    -9
                ],
                [
                    5,
                    -10,
                    -1
                ],
                [
                    1,
                    -2,
                    -5
                ],
                [
                    1,
                    10,
                    3
                ],
                [
                    7,
                    -9,
                    5
                ],
                [
                    -4,
                    6,
                    3
                ],
                [
                    2,
                    6,
                    -10
                ],
                [
                    -1,
                    7,
                    9
                ],
                [
                    8,
                    5,
                    2
                ],
                [
                    3,
                    -6,
                    -4
                ],
                [
                    -10,
                    2,
                    -5
                ],
                [
                    -3,
                    9,
                    -4
                ],
                [
                    4,
                    5,
                    3
                ],
                [
                    7,
                    -6,
                    5
                ],
                [
                    -1,
                    -6,
                    8
                ],
                [
                    4,
                    3,
                    -7
                ],
                [
                    -9,
                    -7,
                    3
                ],
                [
                    -8,
                    -1,
                    -2
                ]
            ],
            "{   'fun': 1.0,\n    'jac': None,\n    'nfev': 26,\n    'nit': None,\n    'njev': None,\n    'x': array([0.25658755, 0.60291254])}",
            {
                "0111101010": 1,
                "0000010100": 1,
                "0011110100": 1,
                "1001110101": 1,
                "1011000011": 1,
                "0011000011": 1,
                "0011111100": 1,
                "1100111101": 1,
                "1110011101": 1,
                "1110111110": 1,
                "0010111010": 1,
                "0101001010": 1,
                "1101110011": 1,
                "1001110011": 1,
                "0111100111": 1,
                "1110100111": 1,
                "1110110000": 1,
                "0011010110": 2,
                "0110110011": 1,
                "0101000011": 1,
                "1000101011": 1,
                "1110011011": 1,
                "1111011001": 1,
                "1110001001": 1,
                "0000011010": 1,
                "0101011101": 2,
                "0011100011": 1,
                "1010001110": 1,
                "1001100110": 1,
                "0111001011": 1,
                "0101000111": 1,
                "1101001110": 1,
                "1100011000": 1,
                "0000001111": 1,
                "0010000011": 1,
                "1011110101": 1,
                "1000011110": 1,
                "1011011011": 1,
                "1100001100": 1,
                "0100100000": 1,
                "1000111110": 1,
                "0110110000": 1,
                "1000111010": 1,
                "0111110111": 1,
                "0100111100": 1,
                "1110001010": 1,
                "0011000101": 1,
                "1111101100": 1,
                "1111111110": 1,
                "0001000101": 1,
                "0010001011": 1,
                "1111101010": 1,
                "1101000001": 1,
                "1100001010": 1,
                "1011111010": 1,
                "1001011111": 1,
                "0010000101": 1,
                "1110010010": 1,
                "1001010010": 1,
                "1101011111": 1,
                "1010000001": 1,
                "1111100110": 1,
                "0100010010": 1,
                "1001001110": 1,
                "1111000011": 1,
                "1001010001": 1,
                "1100110101": 1,
                "0111101111": 2,
                "0000111010": 1,
                "1001000001": 1,
                "1110010101": 1,
                "1000001001": 1,
                "0010001000": 1,
                "0011110001": 1,
                "1011001110": 1,
                "0010110111": 2,
                "1101011110": 1,
                "0100011101": 1,
                "1101111100": 1,
                "0101110000": 1,
                "0100101001": 1,
                "0001101011": 1,
                "1011011101": 1,
                "0111010011": 1,
                "0100101011": 2,
                "0101111000": 1,
                "0101011000": 1,
                "1011101011": 1,
                "0000101000": 1,
                "0110101011": 1,
                "1101000101": 1,
                "0011001110": 1,
                "0001101111": 1,
                "0111111010": 1,
                "1101110100": 1
            },
            false,
            0.94
        ],
        [
            [
                [
                    -6,
                    10,
                    -2
                ],
                [
                    1,
                    3,
                    2
                ],
                [
                    -10,
                    -2,
                    1
                ],
                [
                    8,
                    -6,
                    10
                ],
                [
                    1,
                    -8,
                    10
                ],
                [
                    -1,
                    10,
                    6
                ],
                [
                    -9,
                    -8,
                    -10
                ],
                [
                    6,
                    8,
                    -10
                ],
                [
                    -2,
                    1,
                    -8
                ],
                [
                    1,
                    10,
                    3
                ],
                [
                    -1,
                    -2,
                    -6
                ],
                [
                    -6,
                    -1,
                    9
                ],
                [
                    7,
                    -8,
                    5
                ],
                [
                    1,
                    -10,
                    2
                ],
                [
                    10,
                    -1,
                    5
                ],
                [
                    -5,
                    4,
                    9
                ],
                [
                    -9,
                    -8,
                    -10
                ],
                [
                    10,
                    -8,
                    -7
                ],
                [
                    -9,
                    -4,
                    7
                ],
                [
                    -7,
                    -3,
                    2
                ],
                [
                    -2,
                    5,
                    -6
                ],
                [
                    10,
                    -8,
                    3
                ],
                [
                    7,
                    4,
                    5
                ],
                [
                    -6,
                    -9,
                    -7
                ],
                [
                    -3,
                    -4,
                    7
                ],
                [
                    4,
                    -8,
                    9
                ],
                [
                    -1,
                    -8,
                    -3
                ],
                [
                    -2,
                    -1,
                    -10
                ],
                [
                    -3,
                    -5,
                    8
                ],
                [
                    9,
                    -10,
                    -1
                ],
                [
                    -1,
                    6,
                    -2
                ],
                [
                    -8,
                    -7,
                    3
                ],
                [
                    -5,
                    -7,
                    2
                ],
                [
                    5,
                    -1,
                    -4
                ],
                [
                    -8,
                    2,
                    -9
                ],
                [
                    -4,
                    -3,
                    10
                ],
                [
                    -2,
                    7,
                    -8
                ],
                [
                    7,
                    5,
                    -3
                ],
                [
                    8,
                    -7,
                    9
                ],
                [
                    1,
                    -5,
                    -7
                ],
                [
                    -10,
                    -6,
                    -9
                ],
                [
                    -2,
                    5,
                    -1
                ],
                [
                    -8,
                    1,
                    9
                ],
                [
                    2,
                    10,
                    9
                ],
                [
                    3,
                    -1,
                    2
                ]
            ],
            "{   'fun': 1.0,\n    'jac': None,\n    'nfev': 28,\n    'nit': None,\n    'njev': None,\n    'x': array([0.67217302, 0.2586412 ])}",
            {
                "1110010010": 1,
                "0111011110": 1,
                "1010111110": 1,
                "0000100000": 1,
                "1010001101": 1,
                "0101110000": 1,
                "0011010101": 1,
                "1010111010": 1,
                "1101010100": 2,
                "0000010110": 1,
                "0101000110": 1,
                "0001111001": 1,
                "0011111000": 1,
                "1010110000": 1,
                "1001110001": 1,
                "0100111001": 1,
                "1001010000": 1,
                "0011010011": 1,
                "1010010100": 1,
                "1101001101": 1,
                "1100100110": 1,
                "0100101101": 1,
                "1101111001": 2,
                "1110011100": 1,
                "0011101100": 1,
                "1111001001": 1,
                "1100110001": 1,
                "0010101111": 1,
                "0111111000": 1,
                "1101010010": 1,
                "1111001011": 1,
                "1110001000": 1,
                "0000100100": 1,
                "0100011110": 1,
                "0010111111": 1,
                "1110100000": 1,
                "1101111111": 1,
                "1001001111": 1,
                "1000111100": 1,
                "1100101100": 1,
                "0101000101": 1,
                "1110010100": 1,
                "1000111111": 1,
                "1011001110": 1,
                "1111011111": 1,
                "1101110110": 1,
                "0001111110": 1,
                "0001110001": 1,
                "0101011111": 1,
                "1010111101": 2,
                "1010011001": 1,
                "1111001100": 1,
                "1110110111": 1,
                "1110001001": 1,
                "1101110100": 3,
                "0100001001": 1,
                "1000000011": 2,
                "1100111011": 2,
                "0010100011": 1,
                "1011100010": 1,
                "0011100000": 2,
                "0110010100": 1,
                "1011111110": 1,
                "1010000110": 1,
                "1000100110": 1,
                "1100010111": 2,
                "0101010111": 1,
                "1101010110": 1,
                "0001001111": 1,
                "1010111111": 1,
                "1010101100": 1,
                "1011100000": 1,
                "1001010111": 1,
                "0111101111": 1,
                "1110000101": 1,
                "0111000101": 1,
                "1011000001": 1,
                "1111001110": 1,
                "1001111001": 1,
                "0001101010": 1,
                "0110011111": 1,
                "0000111000": 1,
                "1011100001": 1,
                "0110011110": 1,
                "0000000101": 1,
                "0000110011": 1,
                "0100011111": 1,
                "0110001101": 1,
                "1110101011": 1,
                "1010111011": 1,
                "0010110010": 1
            },
            false,
            0.97
        ],
        [
            [
                [
                    5,
                    7,
                    -2
                ],
                [
                    10,
                    -5,
                    1
                ],
                [
                    5,
                    6,
                    -8
                ],
                [
                    10,
                    -3,
                    2
                ],
                [
                    10,
                    7,
                    9
                ],
                [
                    -2,
                    -1,
                    3
                ],
                [
                    1,
                    -7,
                    -10
                ],
                [
                    4,
                    -1,
                    9
                ],
                [
                    -10,
                    -2,
                    5
                ],
                [
                    6,
                    -8,
                    3
                ],
                [
                    5,
                    4,
                    -6
                ],
                [
                    1,
                    9,
                    -4
                ],
                [
                    4,
                    -3,
                    1
                ],
                [
                    7,
                    -8,
                    3
                ],
                [
                    3,
                    -10,
                    -1
                ],
                [
                    -3,
                    -6,
                    -1
                ],
                [
                    -10,
                    2,
                    6
                ],
                [
                    4,
                    10,
                    9
                ],
                [
                    8,
                    7,
                    -6
                ],
                [
                    -6,
                    -8,
                    -10
                ],
                [
                    7,
                    5,
                    -3
                ],
                [
                    5,
                    10,
                    -6
                ],
                [
                    -9,
                    -5,
                    -7
                ],
                [
                    -4,
                    -7,
                    -2
                ],
                [
                    10,
                    5,
                    6
                ],
                [
                    10,
                    9,
                    5
                ],
                [
                    7,
                    -1,
                    -10
                ],
                [
                    8,
                    -9,
                    5
                ],
                [
                    10,
                    -9,
                    2
                ],
                [
                    1,
                    -5,
                    10
                ],
                [
                    -10,
                    6,
                    4
                ],
                [
                    -3,
                    -10,
                    9
                ],
                [
                    10,
                    9,
                    -6
                ],
                [
                    -3,
                    -4,
                    8
                ],
                [
                    7,
                    10,
                    5
                ],
                [
                    6,
                    -8,
                    -7
                ],
                [
                    10,
                    -8,
                    -5
                ],
                [
                    5,
                    -8,
                    1
                ],
                [
                    -3,
                    10,
                    -1
                ],
                [
                    8,
                    3,
                    -9
                ],
                [
                    -4,
                    2,
                    -7
                ],
                [
                    1,
                    2,
                    9
                ],
                [
                    -10,
                    7,
                    2
                ],
                [
                    1,
                    10,
                    -6
                ],
                [
                    5,
                    1,
                    4
                ]
            ],
            "{   'fun': 1.0,\n    'jac': None,\n    'nfev': 29,\n    'nit': None,\n    'njev': None,\n    'x': array([2.22363249, 3.01941818])}",
            {
                "0010010000": 1,
                "0011000110": 1,
                "0011010010": 1,
                "0000011010": 1,
                "1000001110": 1,
                "1110111010": 1,
                "1001001101": 1,
                "0100001011": 1,
                "1110110101": 1,
                "1100001101": 1,
                "1000101100": 1,
                "0001101001": 1,
                "0111011101": 1,
                "0100001010": 1,
                "0001001001": 1,
                "0110100010": 1,
                "0111110000": 1,
                "1011001000": 1,
                "0100110101": 1,
                "0111101101": 1,
                "0000110001": 1,
                "0111100111": 2,
                "0011100001": 1,
                "0101110110": 1,
                "0001110011": 1,
                "0100000111": 1,
                "0000100001": 1,
                "0010110010": 2,
                "1111101010": 1,
                "0010010101": 1,
                "1111011010": 1,
                "1000110100": 1,
                "1100110011": 1,
                "1110001101": 2,
                "0110101110": 1,
                "1110100100": 1,
                "1100010011": 1,
                "1010110101": 1,
                "0001100101": 1,
                "1000100110": 1,
                "1001011000": 2,
                "1000100100": 1,
                "1011011001": 1,
                "0101011000": 1,
                "1111010101": 1,
                "0000101001": 1,
                "1000011010": 1,
                "0101011110": 2,
                "0100011000": 1,
                "0010001001": 1,
                "0011000011": 1,
                "1110010011": 1,
                "1110011110": 1,
                "0010111110": 1,
                "1000111100": 1,
                "0000001111": 1,
                "1111111110": 1,
                "0110100101": 1,
                "0111110001": 1,
                "1101010100": 1,
                "1110010100": 1,
                "0000010110": 1,
                "1100010010": 1,
                "0001000001": 1,
                "0110001111": 1,
                "1101111110": 1,
                "0000011011": 1,
                "1000000110": 2,
                "1000011110": 1,
                "0010000001": 1,
                "1010001010": 1,
                "1101111011": 1,
                "0001001010": 1,
                "0110111100": 1,
                "1111001011": 1,
                "1010000110": 1,
                "0101010001": 1,
                "1100100010": 2,
                "1111000111": 1,
                "0010010011": 1,
                "1110100011": 1,
                "1001100100": 1,
                "0101000101": 1,
                "1101011111": 1,
                "0100010011": 1,
                "0111001111": 1,
                "0001010001": 1,
                "1010100011": 1,
                "1010000101": 1,
                "0000010011": 1,
                "0111110101": 1,
                "0110001010": 1,
                "0111001010": 1
            },
            false,
            0.98
        ],
        [
            [
                [
                    6,
                    2,
                    -1
                ],
                [
                    -8,
                    9,
                    -7
                ],
                [
                    9,
                    -7,
                    3
                ],
                [
                    -3,
                    -6,
                    5
                ],
                [
                    -5,
                    3,
                    -6
                ],
                [
                    -1,
                    -3,
                    -5
                ],
                [
                    -5,
                    -10,
                    4
                ],
                [
                    -1,
                    9,
                    -7
                ],
                [
                    1,
                    -4,
                    -2
                ],
                [
                    -5,
                    9,
                    -2
                ],
                [
                    9,
                    -3,
                    -1
                ],
                [
                    4,
                    6,
                    5
                ],
                [
                    -8,
                    5,
                    -6
                ],
                [
                    -5,
                    2,
                    -1
                ],
                [
                    -1,
                    4,
                    -9
                ],
                [
                    5,
                    -6,
                    10
                ],
                [
                    -6,
                    -9,
                    -1
                ],
                [
                    1,
                    2,
                    -10
                ],
                [
                    10,
                    1,
                    7
                ],
                [
                    10,
                    -2,
                    1
                ],
                [
                    -8,
                    -6,
                    7
                ],
                [
                    7,
                    -3,
                    -10
                ],
                [
                    3,
                    -9,
                    -2
                ],
                [
                    -3,
                    6,
                    8
                ],
                [
                    10,
                    -5,
                    -3
                ],
                [
                    8,
                    6,
                    9
                ],
                [
                    -9,
                    10,
                    -2
                ],
                [
                    -7,
                    9,
                    8
                ],
                [
                    9,
                    1,
                    6
                ],
                [
                    -2,
                    -7,
                    -9
                ],
                [
                    -10,
                    -4,
                    5
                ],
                [
                    9,
                    7,
                    6
                ],
                [
                    -3,
                    -7,
                    -8
                ],
                [
                    -7,
                    4,
                    -5
                ],
                [
                    -10,
                    1,
                    4
                ],
                [
                    6,
                    -1,
                    -4
                ],
                [
                    1,
                    7,
                    3
                ],
                [
                    -3,
                    -5,
                    9
                ],
                [
                    -8,
                    -2,
                    -3
                ],
                [
                    -4,
                    -5,
                    9
                ],
                [
                    4,
                    7,
                    8
                ],
                [
                    2,
                    4,
                    9
                ],
                [
                    10,
                    2,
                    -5
                ],
                [
                    7,
                    6,
                    9
                ],
                [
                    -1,
                    -5,
                    -10
                ]
            ],
            "{   'fun': 0.99,\n    'jac': None,\n    'nfev': 28,\n    'nit': None,\n    'njev': None,\n    'x': array([2.20550449, 0.71997837])}",
            {
                "1110100111": 1,
                "0110110011": 1,
                "0000011100": 1,
                "1011001100": 1,
                "1100100100": 1,
                "1010100100": 1,
                "0010100101": 1,
                "1010001110": 1,
                "1110010011": 1,
                "0010111100": 1,
                "1001100100": 1,
                "1111111111": 1,
                "0000110111": 1,
                "1101001101": 1,
                "1000101101": 2,
                "0111111011": 1,
                "0010010100": 2,
                "0101001000": 2,
                "0111011001": 1,
                "0001111101": 1,
                "0001011100": 1,
                "0011000011": 1,
                "1101011100": 1,
                "1110101100": 1,
                "0110011000": 1,
                "0011111001": 1,
                "1000100100": 1,
                "1110011101": 1,
                "1100011100": 1,
                "1110110000": 1,
                "1001101001": 1,
                "0001000010": 1,
                "1111101001": 1,
                "0000111000": 1,
                "1100011010": 1,
                "1000101000": 1,
                "1001010011": 1,
                "1010101101": 2,
                "0100011010": 1,
                "1000101111": 1,
                "0011111100": 1,
                "0001100010": 1,
                "0010101110": 1,
                "0111110011": 2,
                "0101101101": 1,
                "0111001000": 1,
                "1001001111": 1,
                "0001010010": 1,
                "1101011111": 1,
                "1101111000": 1,
                "1100001110": 1,
                "1000001100": 1,
                "1100110110": 1,
                "0000100111": 1,
                "0000000100": 1,
                "0010010011": 1,
                "1110100011": 1,
                "1011101001": 1,
                "1010010011": 1,
                "0010011101": 1,
                "1011001001": 1,
                "0110111111": 2,
                "0111011011": 1,
                "1011100001": 1,
                "1100001000": 1,
                "1001010010": 1,
                "0110111110": 1,
                "1010000100": 1,
                "1011110000": 1,
                "0101000100": 1,
                "0010100000": 1,
                "1110000110": 1,
                "0101011011": 1,
                "1001001110": 1,
                "0100111000": 2,
                "1100100010": 1,
                "0010100100": 2,
                "0001001110": 1,
                "0010010001": 1,
                "0001110011": 1,
                "1000000111": 1,
                "0001111010": 1,
                "0010110011": 1,
                "0001010000": 1,
                "1000001110": 1,
                "1000111101": 1,
                "1011010101": 1,
                "0100001100": 1,
                "0110010100": 2,
                "0100110101": 1,
                "1100001111": 1
            },
            true,
            0.98
        ]
    ]
}