{
    "n": 10,
    "m": 45,
    "results": [
        [
            [
                [
                    -8,
                    -9,
                    1
                ],
                [
                    2,
                    8,
                    -6
                ],
                [
                    -10,
                    -9,
                    1
                ],
                [
                    -6,
                    3,
                    -5
                ],
                [
                    -6,
                    9,
                    -2
                ],
                [
                    -8,
                    10,
                    6
                ],
                [
                    -2,
                    -7,
                    8
                ],
                [
                    -7,
                    6,
                    -1
                ],
                [
                    -7,
                    -3,
                    4
                ],
                [
                    -2,
                    -3,
                    7
                ],
                [
                    -1,
                    -6,
                    -9
                ],
                [
                    -1,
                    5,
                    -6
                ],
                [
                    -7,
                    -4,
                    -3
                ],
                [
                    -9,
                    -2,
                    7
                ],
                [
                    -5,
                    4,
                    9
                ],
                [
                    -6,
                    -7,
                    -10
                ],
                [
                    3,
                    5,
                    2
                ],
                [
                    8,
                    7,
                    -3
                ],
                [
                    1,
                    -9,
                    -10
                ],
                [
                    3,
                    6,
                    2
                ],
                [
                    3,
                    8,
                    5
                ],
                [
                    4,
                    3,
                    -2
                ],
                [
                    -4,
                    10,
                    -7
                ],
                [
                    7,
                    -4,
                    6
                ],
                [
                    -2,
                    -5,
                    4
                ],
                [
                    -5,
                    8,
                    -7
                ],
                [
                    -7,
                    -6,
                    1
                ],
                [
                    -3,
                    -1,
                    5
                ],
                [
                    1,
                    8,
                    -6
                ],
                [
                    -2,
                    -6,
                    7
                ],
                [
                    5,
                    2,
                    10
                ],
                [
                    5,
                    8,
                    4
                ],
                [
                    -5,
                    -4,
                    -9
                ],
                [
                    3,
                    -6,
                    5
                ],
                [
                    -4,
                    8,
                    7
                ],
                [
                    5,
                    8,
                    4
                ],
                [
                    8,
                    1,
                    9
                ],
                [
                    -6,
                    -1,
                    -4
                ],
                [
                    5,
                    -4,
                    -6
                ],
                [
                    -8,
                    -3,
                    -9
                ],
                [
                    -2,
                    -3,
                    -6
                ],
                [
                    -9,
                    2,
                    -10
                ],
                [
                    -1,
                    2,
                    -10
                ],
                [
                    -5,
                    -8,
                    7
                ],
                [
                    4,
                    5,
                    9
                ]
            ],
            "{   'fun': 1.0,\n    'jac': None,\n    'nfev': 21,\n    'nit': None,\n    'njev': None,\n    'x': array([1.8164398 , 0.51049482])}",
            {
                "1100011101": 1,
                "0011111111": 1,
                "1011011000": 1,
                "1001001011": 1,
                "0011001011": 1,
                "1101101010": 1,
                "0001000000": 1,
                "1000101011": 1,
                "1110011000": 1,
                "0000000100": 1,
                "0110100110": 1,
                "0101010111": 1,
                "0110101000": 1,
                "0011101010": 1,
                "1110110110": 1,
                "1011011111": 1,
                "1111101100": 1,
                "1011000010": 1,
                "0100001001": 1,
                "0011110110": 1,
                "1110001000": 1,
                "0100100000": 1,
                "0011011111": 1,
                "0011111110": 1,
                "0000101001": 1,
                "0110010000": 1,
                "1101101111": 1,
                "1001111111": 2,
                "0011011100": 1,
                "1111010110": 1,
                "0111000010": 1,
                "0111111011": 1,
                "1100011001": 1,
                "0101110010": 1,
                "0100011000": 1,
                "0111110101": 1,
                "0000001010": 1,
                "1010100010": 1,
                "1001110101": 1,
                "1100000011": 1,
                "1001010100": 1,
                "0010100100": 1,
                "0101000011": 1,
                "1011001101": 1,
                "1001001000": 1,
                "1010111001": 1,
                "0111111101": 1,
                "0011111000": 1,
                "0101101011": 1,
                "0011001001": 2,
                "1110001101": 2,
                "1001110010": 1,
                "1100111011": 1,
                "0010100011": 1,
                "0000111111": 1,
                "1010100011": 1,
                "1110010010": 1,
                "0100000111": 1,
                "0000001110": 1,
                "1100101010": 1,
                "1001100000": 1,
                "1011110100": 2,
                "0000111010": 1,
                "1100010000": 1,
                "0010110001": 1,
                "0101100100": 1,
                "1110001111": 1,
                "0101111101": 1,
                "0111110010": 1,
                "1101001011": 1,
                "1110011010": 1,
                "1011100000": 1,
                "1000011010": 1,
                "0110101100": 1,
                "1100101100": 1,
                "0101001101": 1,
                "1001111100": 2,
                "1001111011": 1,
                "1111011101": 1,
                "0100011011": 1,
                "0001011001": 1,
                "1101111101": 1,
                "1101110001": 1,
                "0011011000": 1,
                "0101001110": 1,
                "1000011111": 1,
                "0000111100": 1,
                "0100111001": 1,
                "0111100001": 1,
                "1110111101": 1,
                "1011100101": 1,
                "1000010100": 1,
                "0100101101": 1,
                "1001101100": 1,
                "0111110111": 1
            },
            false,
            0.99
        ],
        [
            [
                [
                    -3,
                    2,
                    7
                ],
                [
                    -2,
                    7,
                    10
                ],
                [
                    4,
                    -5,
                    -10
                ],
                [
                    -8,
                    3,
                    -6
                ],
                [
                    4,
                    2,
                    -7
                ],
                [
                    -4,
                    9,
                    -10
                ],
                [
                    -2,
                    3,
                    6
                ],
                [
                    10,
                    -5,
                    1
                ],
                [
                    -3,
                    6,
                    7
                ],
                [
                    -2,
                    10,
                    3
                ],
                [
                    4,
                    8,
                    7
                ],
                [
                    -4,
                    10,
                    -1
                ],
                [
                    7,
                    -10,
                    8
                ],
                [
                    7,
                    -8,
                    -9
                ],
                [
                    -3,
                    1,
                    -5
                ],
                [
                    3,
                    1,
                    4
                ],
                [
                    -1,
                    10,
                    -4
                ],
                [
                    -1,
                    -3,
                    -9
                ],
                [
                    9,
                    5,
                    -3
                ],
                [
                    -10,
                    -1,
                    4
                ],
                [
                    7,
                    5,
                    -4
                ],
                [
                    5,
                    -1,
                    -8
                ],
                [
                    4,
                    2,
                    3
                ],
                [
                    6,
                    8,
                    9
                ],
                [
                    5,
                    -7,
                    10
                ],
                [
                    -2,
                    -8,
                    -7
                ],
                [
                    -1,
                    10,
                    9
                ],
                [
                    -5,
                    1,
                    3
                ],
                [
                    -4,
                    10,
                    7
                ],
                [
                    -1,
                    -9,
                    -6
                ],
                [
                    -9,
                    5,
                    -4
                ],
                [
                    10,
                    -1,
                    -3
                ],
                [
                    8,
                    10,
                    -1
                ],
                [
                    -2,
                    -4,
                    -9
                ],
                [
                    -8,
                    -1,
                    -6
                ],
                [
                    7,
                    8,
                    -10
                ],
                [
                    -10,
                    3,
                    5
                ],
                [
                    -4,
                    -7,
                    -5
                ],
                [
                    -3,
                    9,
                    -5
                ],
                [
                    -10,
                    2,
                    8
                ],
                [
                    -5,
                    -4,
                    -6
                ],
                [
                    1,
                    -10,
                    -7
                ],
                [
                    6,
                    8,
                    4
                ],
                [
                    2,
                    -5,
                    8
                ],
                [
                    -5,
                    1,
                    4
                ]
            ],
            "{   'fun': 1.0,\n    'jac': None,\n    'nfev': 13,\n    'nit': None,\n    'njev': None,\n    'x': array([0.25664215, 0.60299632])}",
            {
                "1111000000": 1,
                "1000001000": 1,
                "1001011000": 1,
                "1110010100": 1,
                "1011111010": 1,
                "1111010111": 1,
                "0001001000": 1,
                "0011011011": 1,
                "1101110110": 1,
                "1010110111": 1,
                "0101001101": 1,
                "1101000111": 1,
                "1110111011": 1,
                "1001000000": 1,
                "0001000000": 1,
                "1011110110": 1,
                "0110101001": 1,
                "0101110111": 1,
                "1000101000": 1,
                "0101110110": 1,
                "1110001010": 1,
                "0100101101": 1,
                "0011001111": 1,
                "0011101101": 1,
                "1000000011": 1,
                "0100010101": 1,
                "1101010111": 1,
                "0110101000": 1,
                "1101101011": 2,
                "0101000101": 1,
                "0100010000": 1,
                "1001000101": 1,
                "0110111111": 1,
                "1111010001": 1,
                "1000001100": 1,
                "1100001111": 2,
                "0010011000": 1,
                "0101111010": 1,
                "0110110110": 1,
                "1111001100": 2,
                "0000101110": 1,
                "0000111001": 1,
                "0000001010": 1,
                "1010111001": 1,
                "0001101011": 1,
                "1010111111": 1,
                "0001111011": 1,
                "0111110010": 2,
                "0110011100": 1,
                "0010001100": 1,
                "1010000010": 1,
                "0011000100": 1,
                "0111001011": 1,
                "0101010011": 1,
                "1000110011": 1,
                "1011100010": 1,
                "0000011000": 1,
                "1110000001": 1,
                "0000011100": 1,
                "1000111011": 1,
                "1010001010": 2,
                "0100011100": 1,
                "0011111101": 1,
                "1000011111": 1,
                "0010111000": 1,
                "1100111100": 1,
                "1111101111": 1,
                "1001100011": 1,
                "0010010110": 1,
                "1101101001": 1,
                "1000011101": 1,
                "1001100010": 1,
                "1011010000": 1,
                "1010100101": 1,
                "0001111001": 1,
                "1110011001": 1,
                "1011100011": 1,
                "0010000011": 1,
                "0010100100": 2,
                "1101001101": 1,
                "0001100110": 1,
                "1010110110": 1,
                "0000110001": 1,
                "1000101111": 1,
                "1111001001": 1,
                "0100101110": 2,
                "0010010000": 1,
                "0010010111": 1,
                "0001100101": 1,
                "1011000000": 1,
                "1111001111": 1,
                "1001100001": 1,
                "1101011011": 1
            },
            false,
            1.0
        ],
        [
            [
                [
                    10,
                    6,
                    9
                ],
                [
                    2,
                    1,
                    -4
                ],
                [
                    2,
                    -6,
                    9
                ],
                [
                    -2,
                    7,
                    10
                ],
                [
                    8,
                    10,
                    -9
                ],
                [
                    -2,
                    -6,
                    -4
                ],
                [
                    2,
                    9,
                    -1
                ],
                [
                    8,
                    -7,
                    5
                ],
                [
                    -2,
                    -1,
                    -6
                ],
                [
                    -2,
                    5,
                    -4
                ],
                [
                    -3,
                    -5,
                    -2
                ],
                [
                    10,
                    -9,
                    -1
                ],
                [
                    8,
                    2,
                    -5
                ],
                [
                    -8,
                    7,
                    -5
                ],
                [
                    7,
                    -6,
                    -2
                ],
                [
                    -8,
                    -3,
                    9
                ],
                [
                    -5,
                    -10,
                    -3
                ],
                [
                    -10,
                    6,
                    -7
                ],
                [
                    -6,
                    3,
                    8
                ],
                [
                    -7,
                    -10,
                    -3
                ],
                [
                    -7,
                    -10,
                    -4
                ],
                [
                    5,
                    10,
                    -6
                ],
                [
                    2,
                    1,
                    -5
                ],
                [
                    2,
                    7,
                    -6
                ],
                [
                    2,
                    7,
                    5
                ],
                [
                    -1,
                    9,
                    4
                ],
                [
                    -1,
                    8,
                    -7
                ],
                [
                    -5,
                    -8,
                    -4
                ],
                [
                    -8,
                    -6,
                    -3
                ],
                [
                    7,
                    -4,
                    5
                ],
                [
                    -8,
                    2,
                    -5
                ],
                [
                    7,
                    -5,
                    8
                ],
                [
                    3,
                    -9,
                    5
                ],
                [
                    -2,
                    8,
                    -9
                ],
                [
                    -6,
                    -1,
                    7
                ],
                [
                    -5,
                    -10,
                    -4
                ],
                [
                    6,
                    -7,
                    3
                ],
                [
                    4,
                    9,
                    5
                ],
                [
                    -8,
                    -10,
                    6
                ],
                [
                    4,
                    -3,
                    10
                ],
                [
                    7,
                    6,
                    -5
                ],
                [
                    7,
                    -10,
                    3
                ],
                [
                    9,
                    6,
                    1
                ],
                [
                    5,
                    -1,
                    -7
                ],
                [
                    -10,
                    5,
                    -7
                ]
            ],
            "{   'fun': 0.96,\n    'jac': None,\n    'nfev': 26,\n    'nit': None,\n    'njev': None,\n    'x': array([1.13165899, 0.34049408])}",
            {
                "1011100101": 1,
                "0101110011": 1,
                "1111100010": 1,
                "0010100111": 1,
                "0101100011": 1,
                "1110000110": 1,
                "0000101111": 1,
                "1001100000": 1,
                "1101110101": 1,
                "0000111000": 1,
                "1000001011": 1,
                "0011110010": 1,
                "1110001100": 1,
                "1111001101": 1,
                "1100000011": 1,
                "1100111100": 1,
                "0110101100": 1,
                "1111000011": 1,
                "1101001101": 1,
                "1111011100": 1,
                "1100100111": 1,
                "1011100111": 1,
                "0110011001": 2,
                "1011000110": 1,
                "0110011000": 1,
                "1111111111": 1,
                "1010110010": 1,
                "1011001111": 1,
                "1001101000": 1,
                "0011000100": 1,
                "1100110000": 1,
                "1100011011": 1,
                "0110011011": 1,
                "1011100100": 1,
                "1101111101": 1,
                "0110011101": 2,
                "1010110100": 1,
                "1011110110": 1,
                "1101110110": 1,
                "0111110101": 1,
                "0010100110": 1,
                "0000011000": 1,
                "0000111011": 1,
                "0100111001": 1,
                "0001111100": 1,
                "1101110011": 1,
                "0011000110": 1,
                "1010111100": 1,
                "1001110010": 1,
                "0110110111": 1,
                "1111010010": 1,
                "1101001000": 1,
                "0011111001": 1,
                "0101010010": 1,
                "0000101110": 1,
                "0011110000": 1,
                "0110100001": 1,
                "0010110101": 1,
                "1101110000": 1,
                "1111110010": 3,
                "1110000000": 1,
                "1101111011": 1,
                "0100100111": 1,
                "1111010111": 1,
                "0011011010": 1,
                "1110100111": 1,
                "1110110100": 1,
                "1100011010": 2,
                "1000100111": 1,
                "1001011110": 2,
                "0011100010": 1,
                "0110011111": 1,
                "1000111001": 1,
                "1101011010": 1,
                "1010110101": 1,
                "0110001101": 1,
                "0101111000": 1,
                "1010100001": 1,
                "0010000111": 1,
                "0100000001": 1,
                "1110110101": 1,
                "0011101110": 1,
                "1011110000": 1,
                "1010000100": 1,
                "0111110010": 2,
                "0001000100": 1,
                "1000001100": 1,
                "1011101000": 2,
                "1111011110": 1,
                "0110001000": 1,
                "0100111010": 1,
                "0100111110": 1
            },
            true,
            0.96
        ],
        [
            [
                [
                    9,
                    8,
                    3
                ],
                [
                    -6,
                    -1,
                    -10
                ],
                [
                    -3,
                    -8,
                    10
                ],
                [
                    9,
                    -2,
                    3
                ],
                [
                    -1,
                    10,
                    -4
                ],
                [
                    8,
                    1,
                    -4
                ],
                [
                    3,
                    7,
                    4
                ],
                [
                    7,
                    3,
                    4
                ],
                [
                    10,
                    9,
                    2
                ],
                [
                    -10,
                    -3,
                    -1
                ],
                [
                    -4,
                    -10,
                    5
                ],
                [
                    -5,
                    -7,
                    1
                ],
                [
                    5,
                    2,
                    8
                ],
                [
                    9,
                    -1,
                    -10
                ],
                [
                    9,
                    5,
                    -3
                ],
                [
                    -3,
                    6,
                    10
                ],
                [
                    7,
                    3,
                    -9
                ],
                [
                    2,
                    -6,
                    -8
                ],
                [
                    6,
                    -4,
                    9
                ],
                [
                    3,
                    10,
                    -2
                ],
                [
                    -8,
                    1,
                    -5
                ],
                [
                    6,
                    -1,
                    -2
                ],
                [
                    4,
                    6,
                    1
                ],
                [
                    -7,
                    -8,
                    -9
                ],
                [
                    9,
                    1,
                    10
                ],
                [
                    9,
                    3,
                    6
                ],
                [
                    -2,
                    -8,
                    -6
                ],
                [
                    -1,
                    -7,
                    -8
                ],
                [
                    4,
                    6,
                    3
                ],
                [
                    -9,
                    7,
                    -4
                ],
                [
                    -8,
                    3,
                    10
                ],
                [
                    -7,
                    10,
                    1
                ],
                [
                    -3,
                    4,
                    8
                ],
                [
                    9,
                    -1,
                    -6
                ],
                [
                    -2,
                    -7,
                    9
                ],
                [
                    10,
                    -1,
                    -8
                ],
                [
                    8,
                    -6,
                    -5
                ],
                [
                    3,
                    2,
                    8
                ],
                [
                    3,
                    1,
                    -10
                ],
                [
                    5,
                    8,
                    -10
                ],
                [
                    1,
                    -7,
                    -4
                ],
                [
                    5,
                    4,
                    9
                ],
                [
                    -8,
                    -1,
                    -7
                ],
                [
                    8,
                    10,
                    6
                ],
                [
                    6,
                    10,
                    2
                ]
            ],
            "{   'fun': 1.0,\n    'jac': None,\n    'nfev': 13,\n    'nit': None,\n    'njev': None,\n    'x': array([2.16444826, 3.12576065])}",
            {
                "1101010100": 1,
                "0011011111": 1,
                "0110110010": 1,
                "0000000111": 1,
                "1011111111": 1,
                "1001100100": 1,
                "1110111001": 1,
                "0111011000": 1,
                "0001110111": 1,
                "0000101011": 1,
                "0000101001": 1,
                "0101101100": 1,
                "0110111111": 1,
                "0000001000": 1,
                "1011101110": 1,
                "1001001101": 1,
                "1010001011": 1,
                "0101001110": 1,
                "0000001001": 1,
                "0111100111": 1,
                "0100111000": 1,
                "0110110011": 1,
                "1001111000": 1,
                "0001101100": 1,
                "0111010110": 1,
                "0011100010": 1,
                "0000011010": 1,
                "0000110111": 1,
                "1101101101": 1,
                "1001010011": 1,
                "0011101100": 1,
                "1001101111": 1,
                "0001110011": 1,
                "1101101010": 1,
                "0101100010": 1,
                "0100111100": 1,
                "0110111011": 1,
                "0011001111": 1,
                "0111001101": 1,
                "0011110100": 1,
                "0101101110": 1,
                "1100010111": 1,
                "0011010001": 1,
                "0001010011": 1,
                "0110100100": 1,
                "0001011011": 1,
                "0111110110": 2,
                "0001100010": 1,
                "0011001011": 1,
                "1101100010": 1,
                "1000100001": 1,
                "1000010111": 2,
                "1011001001": 1,
                "0000011110": 1,
                "0010000011": 1,
                "1010100111": 1,
                "0100000011": 1,
                "1100100100": 1,
                "1101101001": 1,
                "1111110100": 1,
                "1000111111": 1,
                "1001100010": 1,
                "0000010000": 1,
                "1111100001": 1,
                "0001101110": 1,
                "0111110101": 1,
                "1010011001": 1,
                "0110110110": 1,
                "1111001100": 2,
                "0011101111": 1,
                "0010011000": 1,
                "0010101111": 1,
                "0010111000": 1,
                "0010100000": 1,
                "0111011001": 1,
                "0000011011": 1,
                "1101111110": 1,
                "0000111010": 1,
                "0111000101": 1,
                "1010010101": 1,
                "1111110010": 1,
                "1111011001": 1,
                "1011111110": 1,
                "1111101001": 1,
                "0101100111": 1,
                "1001000011": 1,
                "0101111110": 1,
                "1011100000": 1,
                "1001110000": 1,
                "0001000100": 1,
                "1001110101": 1,
                "0100100100": 1,
                "0100011101": 1,
                "0101000111": 1,
                "0100011110": 1,
                "0111000010": 1,
                "0011011100": 1
            },
            false,
            1.0
        ],
        [
            [
                [
                    -1,
                    3,
                    2
                ],
                [
                    -1,
                    4,
                    -5
                ],
                [
                    -9,
                    -1,
                    -4
                ],
                [
                    9,
                    10,
                    4
                ],
                [
                    -9,
                    -8,
                    -10
                ],
                [
                    4,
                    -7,
                    -5
                ],
                [
                    -7,
                    -5,
                    -9
                ],
                [
                    4,
                    9,
                    6
                ],
                [
                    10,
                    5,
                    -7
                ],
                [
                    3,
                    8,
                    9
                ],
                [
                    3,
                    6,
                    -10
                ],
                [
                    -9,
                    2,
                    1
                ],
                [
                    -2,
                    5,
                    7
                ],
                [
                    -2,
                    7,
                    1
                ],
                [
                    9,
                    -8,
                    -6
                ],
                [
                    10,
                    -7,
                    -6
                ],
                [
                    4,
                    2,
                    7
                ],
                [
                    -10,
                    4,
                    6
                ],
                [
                    8,
                    -3,
                    -1
                ],
                [
                    2,
                    -9,
                    3
                ],
                [
                    -6,
                    8,
                    2
                ],
                [
                    6,
                    1,
                    -7
                ],
                [
                    -6,
                    2,
                    4
                ],
                [
                    7,
                    8,
                    3
                ],
                [
                    3,
                    2,
                    5
                ],
                [
                    -4,
                    -5,
                    1
                ],
                [
                    9,
                    -5,
                    6
                ],
                [
                    9,
                    7,
                    8
                ],
                [
                    4,
                    -7,
                    -6
                ],
                [
                    5,
                    -6,
                    -9
                ],
                [
                    4,
                    -10,
                    7
                ],
                [
                    2,
                    -9,
                    3
                ],
                [
                    -10,
                    -6,
                    3
                ],
                [
                    -1,
                    6,
                    -9
                ],
                [
                    10,
                    -8,
                    3
                ],
                [
                    8,
                    -3,
                    -1
                ],
                [
                    -8,
                    2,
                    4
                ],
                [
                    -10,
                    5,
                    -6
                ],
                [
                    -7,
                    1,
                    10
                ],
                [
                    -1,
                    -8,
                    6
                ],
                [
                    1,
                    -7,
                    8
                ],
                [
                    4,
                    7,
                    -6
                ],
                [
                    8,
                    3,
                    -5
                ],
                [
                    -3,
                    -7,
                    -6
                ],
                [
                    6,
                    4,
                    -2
                ]
            ],
            "{   'fun': 0.99,\n    'jac': None,\n    'nfev': 15,\n    'nit': None,\n    'njev': None,\n    'x': array([1.20550981, 0.72016781])}",
            {
                "0110111011": 1,
                "1100100100": 1,
                "0100010100": 1,
                "0001110010": 1,
                "0000111011": 1,
                "0000001000": 1,
                "1001100010": 1,
                "1000100100": 1,
                "1010110011": 1,
                "0101011001": 1,
                "1101001010": 1,
                "0101101011": 1,
                "0000110100": 1,
                "0000010101": 1,
                "0000110111": 1,
                "1100101111": 1,
                "0111101110": 1,
                "0001101001": 1,
                "0000100010": 1,
                "1111000111": 1,
                "0100010010": 1,
                "1011000000": 1,
                "1001011010": 1,
                "0001110110": 1,
                "1011011111": 1,
                "0000101110": 1,
                "0000000100": 1,
                "1011111011": 1,
                "1011000010": 2,
                "1011101011": 1,
                "0101111000": 1,
                "0011001000": 1,
                "1001011100": 1,
                "1001011101": 1,
                "1010100100": 1,
                "0000101000": 1,
                "1011010101": 1,
                "1010011100": 1,
                "0111110011": 1,
                "1100010100": 1,
                "1110010100": 1,
                "1100100001": 1,
                "1000010101": 1,
                "0010001001": 1,
                "1100100101": 1,
                "0100001111": 1,
                "1110110100": 1,
                "0011011011": 1,
                "1010110110": 1,
                "1011000001": 1,
                "0000000111": 1,
                "0011011110": 2,
                "0101001011": 1,
                "0000010100": 1,
                "0001000110": 1,
                "1010100001": 2,
                "1111001010": 1,
                "1100010101": 1,
                "1011101100": 2,
                "1110000111": 1,
                "1101011011": 1,
                "1101011101": 1,
                "1100010111": 1,
                "1000100110": 1,
                "0010110101": 1,
                "0000110000": 1,
                "1110001010": 1,
                "0111100111": 1,
                "0011100011": 1,
                "0000000001": 1,
                "0001001000": 1,
                "0000011010": 1,
                "0100000001": 1,
                "1110001000": 1,
                "1000011100": 1,
                "1011000101": 1,
                "1111010001": 1,
                "0110000111": 1,
                "0101101010": 1,
                "0010011000": 1,
                "1100000010": 2,
                "0101000000": 1,
                "1101110011": 2,
                "0101111100": 1,
                "1001111000": 1,
                "1100100010": 1,
                "1101001011": 1,
                "1010101100": 1,
                "0011000000": 1,
                "1110100101": 1,
                "0111111101": 1,
                "0001110101": 1,
                "1011100001": 1,
                "1001100000": 1
            },
            true,
            0.99
        ]
    ]
}