{
    "n": 10,
    "m": 45,
    "results": [
        [
            [
                [
                    -4,
                    -2,
                    6
                ],
                [
                    4,
                    3,
                    -1
                ],
                [
                    -1,
                    -3,
                    -8
                ],
                [
                    6,
                    4,
                    10
                ],
                [
                    6,
                    2,
                    10
                ],
                [
                    -7,
                    -1,
                    -9
                ],
                [
                    -6,
                    10,
                    9
                ],
                [
                    1,
                    -10,
                    -6
                ],
                [
                    -5,
                    3,
                    -10
                ],
                [
                    1,
                    10,
                    -3
                ],
                [
                    10,
                    5,
                    9
                ],
                [
                    9,
                    5,
                    7
                ],
                [
                    6,
                    5,
                    1
                ],
                [
                    9,
                    7,
                    5
                ],
                [
                    5,
                    9,
                    -3
                ],
                [
                    -9,
                    -7,
                    -10
                ],
                [
                    -6,
                    -8,
                    -4
                ],
                [
                    -4,
                    -3,
                    2
                ],
                [
                    4,
                    6,
                    -3
                ],
                [
                    -2,
                    7,
                    -10
                ],
                [
                    4,
                    10,
                    9
                ],
                [
                    1,
                    -6,
                    -10
                ],
                [
                    -6,
                    2,
                    8
                ],
                [
                    -10,
                    9,
                    3
                ],
                [
                    5,
                    6,
                    -10
                ],
                [
                    -1,
                    -5,
                    -10
                ],
                [
                    3,
                    10,
                    1
                ],
                [
                    3,
                    -6,
                    4
                ],
                [
                    8,
                    5,
                    2
                ],
                [
                    7,
                    -9,
                    -4
                ],
                [
                    -1,
                    -4,
                    -9
                ],
                [
                    -10,
                    9,
                    -1
                ],
                [
                    -2,
                    -8,
                    7
                ],
                [
                    -4,
                    -9,
                    8
                ],
                [
                    -5,
                    -10,
                    3
                ],
                [
                    9,
                    5,
                    -10
                ],
                [
                    -10,
                    -4,
                    -8
                ],
                [
                    -8,
                    3,
                    9
                ],
                [
                    8,
                    -5,
                    -2
                ],
                [
                    -6,
                    -9,
                    2
                ],
                [
                    6,
                    4,
                    3
                ],
                [
                    5,
                    -8,
                    1
                ],
                [
                    -7,
                    1,
                    2
                ],
                [
                    6,
                    2,
                    -10
                ],
                [
                    -3,
                    5,
                    10
                ]
            ],
            "{   'fun': 1.0,\n    'jac': None,\n    'nfev': 25,\n    'nit': None,\n    'njev': None,\n    'x': array([1.81635824, 0.49481195, 0.25664215, 0.60299632])}",
            {
                "0110011000": 1,
                "1100000000": 1,
                "0110011001": 1,
                "0111101111": 1,
                "0000100101": 1,
                "1001001001": 1,
                "1101110000": 1,
                "0111011111": 1,
                "1111100100": 1,
                "0111111111": 1,
                "1110100101": 1,
                "0011000100": 1,
                "0001001011": 1,
                "1000110000": 1,
                "0001011100": 2,
                "0111100010": 1,
                "1000111111": 1,
                "0010011100": 1,
                "0101101001": 1,
                "0111101001": 1,
                "0000000000": 1,
                "0000011110": 1,
                "1000111101": 1,
                "1011010101": 1,
                "1001011111": 1,
                "1010000111": 1,
                "1101101011": 1,
                "1000011110": 1,
                "0100000000": 1,
                "1110001100": 1,
                "1101111000": 1,
                "1000010110": 1,
                "0001000101": 1,
                "1000110010": 1,
                "1000010011": 2,
                "1101101010": 1,
                "1011111100": 1,
                "0010000101": 1,
                "0000100011": 1,
                "1010010100": 1,
                "0011010011": 2,
                "1100011011": 1,
                "0011010111": 1,
                "1000010001": 1,
                "0111011101": 1,
                "0000100010": 1,
                "0010010110": 1,
                "1011101110": 1,
                "0010000111": 2,
                "0100110010": 1,
                "0101110011": 1,
                "1111011000": 1,
                "1010111000": 1,
                "1010010111": 1,
                "0000011011": 1,
                "0111010100": 1,
                "1110011111": 1,
                "0000010111": 1,
                "1101110001": 1,
                "0100001010": 1,
                "1111000000": 1,
                "0001101101": 1,
                "1000100100": 1,
                "0010001101": 1,
                "0001000111": 1,
                "0011100000": 1,
                "0000111100": 1,
                "1000100011": 1,
                "0110001000": 1,
                "1010101001": 2,
                "1001100000": 1,
                "0000001110": 1,
                "1110111010": 1,
                "0100111110": 1,
                "1101000010": 1,
                "1001100010": 1,
                "1000001111": 1,
                "0101111111": 1,
                "1111100111": 1,
                "0101001100": 2,
                "1000101111": 1,
                "0000100110": 1,
                "0000101101": 1,
                "1011010000": 1,
                "0110101101": 1,
                "0000111101": 1,
                "0111110001": 1,
                "0100100110": 1,
                "0111111001": 1,
                "0001111001": 1,
                "0100000101": 1,
                "1110011001": 1,
                "0000110010": 1,
                "1100001100": 1
            },
            false,
            1.0
        ],
        [
            [
                [
                    3,
                    5,
                    4
                ],
                [
                    2,
                    1,
                    7
                ],
                [
                    3,
                    1,
                    -7
                ],
                [
                    10,
                    9,
                    6
                ],
                [
                    -3,
                    -6,
                    -9
                ],
                [
                    6,
                    -8,
                    4
                ],
                [
                    5,
                    -6,
                    7
                ],
                [
                    8,
                    10,
                    3
                ],
                [
                    -2,
                    -9,
                    10
                ],
                [
                    -10,
                    -8,
                    -3
                ],
                [
                    -9,
                    3,
                    5
                ],
                [
                    9,
                    -10,
                    7
                ],
                [
                    -10,
                    -7,
                    2
                ],
                [
                    -6,
                    -8,
                    5
                ],
                [
                    -3,
                    -2,
                    1
                ],
                [
                    -2,
                    10,
                    -4
                ],
                [
                    -3,
                    8,
                    9
                ],
                [
                    3,
                    -5,
                    -8
                ],
                [
                    -6,
                    1,
                    8
                ],
                [
                    9,
                    -4,
                    -2
                ],
                [
                    -5,
                    2,
                    6
                ],
                [
                    -9,
                    -7,
                    -5
                ],
                [
                    -8,
                    10,
                    7
                ],
                [
                    -3,
                    -5,
                    7
                ],
                [
                    10,
                    6,
                    3
                ],
                [
                    6,
                    -5,
                    7
                ],
                [
                    -1,
                    9,
                    -8
                ],
                [
                    7,
                    2,
                    8
                ],
                [
                    7,
                    -2,
                    -6
                ],
                [
                    5,
                    -6,
                    7
                ],
                [
                    -10,
                    -7,
                    -4
                ],
                [
                    9,
                    -6,
                    3
                ],
                [
                    -9,
                    -7,
                    6
                ],
                [
                    9,
                    4,
                    10
                ],
                [
                    -4,
                    -5,
                    -9
                ],
                [
                    6,
                    -2,
                    10
                ],
                [
                    -9,
                    -1,
                    -3
                ],
                [
                    8,
                    -10,
                    3
                ],
                [
                    4,
                    -7,
                    -5
                ],
                [
                    4,
                    8,
                    -1
                ],
                [
                    -3,
                    8,
                    -10
                ],
                [
                    9,
                    -10,
                    -7
                ],
                [
                    -5,
                    -10,
                    -1
                ],
                [
                    -2,
                    -9,
                    -7
                ],
                [
                    10,
                    7,
                    6
                ]
            ],
            "{   'fun': 0.99,\n    'jac': None,\n    'nfev': 42,\n    'nit': None,\n    'njev': None,\n    'x': array([0.75131656, 0.53205227, 1.9875881 , 4.12581512])}",
            {
                "1100000110": 1,
                "0111011110": 1,
                "1100011111": 1,
                "0110101010": 1,
                "1001110110": 1,
                "1101100010": 1,
                "0011010010": 1,
                "0001100111": 1,
                "0001011110": 1,
                "0110001000": 1,
                "1111010110": 1,
                "0011010111": 1,
                "0001100101": 1,
                "0010101111": 1,
                "1110000110": 1,
                "1001000011": 1,
                "0111100100": 1,
                "0111100000": 1,
                "1011000010": 1,
                "1110111000": 1,
                "1100001111": 1,
                "1000001001": 1,
                "1100100111": 1,
                "0101000010": 1,
                "1011001100": 1,
                "1001101100": 1,
                "1110101010": 1,
                "0110101001": 1,
                "0001000001": 1,
                "1000011100": 1,
                "0101100011": 1,
                "0111111010": 1,
                "0010111001": 1,
                "0111111101": 1,
                "1000000001": 1,
                "0010001011": 1,
                "0110010011": 1,
                "0111110010": 1,
                "0001110011": 1,
                "0010110010": 1,
                "0000100001": 1,
                "1000001110": 1,
                "0010110110": 1,
                "1100110110": 1,
                "1011100011": 1,
                "1101110011": 1,
                "1001000010": 1,
                "1010110000": 1,
                "1100010001": 1,
                "0001101001": 1,
                "0111010011": 1,
                "1111111011": 1,
                "1110111101": 1,
                "1001111000": 1,
                "0101110111": 2,
                "1111000101": 1,
                "0011100010": 1,
                "1110100111": 1,
                "0110001001": 2,
                "0101111111": 1,
                "1100110010": 1,
                "0110100100": 1,
                "0110010100": 1,
                "0100110101": 1,
                "1100001101": 1,
                "1000111000": 1,
                "0110110100": 1,
                "1100001001": 1,
                "1110011111": 1,
                "1110011011": 1,
                "1100111001": 1,
                "0001111000": 1,
                "1001001101": 1,
                "1111111111": 1,
                "1000101101": 1,
                "0101010111": 1,
                "0111011001": 1,
                "0111001000": 1,
                "0010000111": 1,
                "1000100111": 1,
                "0011111100": 1,
                "0101100110": 1,
                "1110100001": 1,
                "1100110001": 2,
                "0110101000": 1,
                "1101101100": 1,
                "0110000100": 1,
                "0010100001": 1,
                "0001101010": 1,
                "0011101101": 1,
                "1000110000": 1,
                "1100101100": 1,
                "0110000011": 1,
                "0010011011": 1,
                "0110100101": 1,
                "1110000101": 1,
                "1001000001": 1
            },
            true,
            0.98
        ],
        [
            [
                [
                    -8,
                    3,
                    9
                ],
                [
                    10,
                    -1,
                    4
                ],
                [
                    -4,
                    -6,
                    9
                ],
                [
                    3,
                    -4,
                    -6
                ],
                [
                    -7,
                    1,
                    3
                ],
                [
                    -5,
                    3,
                    -2
                ],
                [
                    -2,
                    -10,
                    8
                ],
                [
                    -7,
                    3,
                    -10
                ],
                [
                    7,
                    -3,
                    10
                ],
                [
                    7,
                    -1,
                    -5
                ],
                [
                    9,
                    -7,
                    5
                ],
                [
                    6,
                    -1,
                    5
                ],
                [
                    -5,
                    6,
                    -3
                ],
                [
                    7,
                    -3,
                    1
                ],
                [
                    8,
                    -9,
                    6
                ],
                [
                    4,
                    -5,
                    -6
                ],
                [
                    -8,
                    -2,
                    -5
                ],
                [
                    9,
                    -8,
                    -2
                ],
                [
                    -6,
                    -1,
                    2
                ],
                [
                    10,
                    6,
                    -9
                ],
                [
                    7,
                    9,
                    -10
                ],
                [
                    8,
                    -5,
                    -2
                ],
                [
                    -5,
                    6,
                    -1
                ],
                [
                    1,
                    10,
                    -9
                ],
                [
                    2,
                    -8,
                    1
                ],
                [
                    2,
                    5,
                    -4
                ],
                [
                    -10,
                    9,
                    8
                ],
                [
                    -7,
                    5,
                    10
                ],
                [
                    -2,
                    7,
                    -4
                ],
                [
                    4,
                    2,
                    10
                ],
                [
                    -8,
                    1,
                    2
                ],
                [
                    5,
                    -7,
                    -6
                ],
                [
                    -5,
                    6,
                    -9
                ],
                [
                    -3,
                    -4,
                    -6
                ],
                [
                    1,
                    8,
                    -7
                ],
                [
                    4,
                    -3,
                    -1
                ],
                [
                    -10,
                    1,
                    6
                ],
                [
                    7,
                    -1,
                    8
                ],
                [
                    8,
                    6,
                    5
                ],
                [
                    -3,
                    9,
                    4
                ],
                [
                    -1,
                    6,
                    -2
                ],
                [
                    4,
                    9,
                    -10
                ],
                [
                    8,
                    -1,
                    3
                ],
                [
                    10,
                    -9,
                    5
                ],
                [
                    3,
                    7,
                    -10
                ]
            ],
            "{   'fun': 0.99,\n    'jac': None,\n    'nfev': 42,\n    'nit': None,\n    'njev': None,\n    'x': array([2.20553386, 0.72014997, 1.89712542, 1.3613171 ])}",
            {
                "0111011111": 1,
                "0000000001": 1,
                "0100101000": 1,
                "1011001100": 1,
                "1100010001": 1,
                "0111000000": 1,
                "0111010101": 1,
                "1111110100": 1,
                "1100101000": 1,
                "0111100001": 1,
                "0100110010": 1,
                "0110000010": 1,
                "1010101111": 1,
                "1001011111": 1,
                "0000000111": 1,
                "0010010010": 1,
                "1101100101": 1,
                "1111001001": 1,
                "0110100101": 1,
                "1010010001": 1,
                "0110101000": 1,
                "0101001101": 1,
                "0111011000": 1,
                "1111110010": 1,
                "1111110000": 1,
                "1011011111": 1,
                "0000101110": 1,
                "0010000100": 1,
                "1100010011": 1,
                "1100000110": 1,
                "1000000010": 2,
                "0101101010": 1,
                "1101111001": 1,
                "1010011101": 1,
                "1001101011": 1,
                "1000000100": 1,
                "1011000101": 1,
                "0011011010": 1,
                "1001000000": 1,
                "0100010100": 1,
                "0110010010": 1,
                "1110000111": 1,
                "0010001010": 1,
                "1111011110": 1,
                "1100111111": 1,
                "0010011101": 1,
                "1100000010": 1,
                "1001000100": 1,
                "1010011110": 2,
                "0011010000": 1,
                "0110011011": 1,
                "0110111101": 1,
                "1111100111": 2,
                "0010010011": 1,
                "1001100111": 1,
                "1111011111": 1,
                "1001001110": 1,
                "0001010011": 1,
                "1001011110": 1,
                "0000001100": 1,
                "0111011100": 2,
                "0011100101": 1,
                "1110000010": 2,
                "1011010101": 1,
                "0001100100": 1,
                "0110101111": 1,
                "1100110110": 1,
                "0000100100": 1,
                "1111011010": 1,
                "1110101111": 1,
                "0101110010": 1,
                "1100100101": 1,
                "0101101110": 1,
                "1110100110": 1,
                "0101010010": 1,
                "0000101101": 1,
                "1001110101": 1,
                "0100100100": 1,
                "1101011110": 1,
                "1100100111": 1,
                "1101110001": 1,
                "0110011010": 1,
                "0100011111": 1,
                "1000101000": 1,
                "0010111110": 1,
                "0011111011": 1,
                "0100010101": 1,
                "1001001000": 1,
                "0101111111": 1,
                "0111110011": 1,
                "1000111111": 1,
                "0010101000": 1,
                "1111101100": 1,
                "1111011101": 1,
                "1010111000": 1
            },
            true,
            0.97
        ],
        [
            [
                [
                    -9,
                    5,
                    -1
                ],
                [
                    9,
                    2,
                    -3
                ],
                [
                    -7,
                    -3,
                    -2
                ],
                [
                    9,
                    -1,
                    5
                ],
                [
                    -3,
                    -1,
                    9
                ],
                [
                    8,
                    -6,
                    -7
                ],
                [
                    -2,
                    -4,
                    10
                ],
                [
                    -7,
                    10,
                    -6
                ],
                [
                    10,
                    -4,
                    8
                ],
                [
                    4,
                    7,
                    1
                ],
                [
                    10,
                    -7,
                    -6
                ],
                [
                    -9,
                    4,
                    7
                ],
                [
                    10,
                    1,
                    -4
                ],
                [
                    5,
                    -1,
                    6
                ],
                [
                    -10,
                    6,
                    -8
                ],
                [
                    5,
                    2,
                    10
                ],
                [
                    -6,
                    2,
                    10
                ],
                [
                    8,
                    -1,
                    -6
                ],
                [
                    -2,
                    4,
                    -8
                ],
                [
                    9,
                    8,
                    -10
                ],
                [
                    -1,
                    -5,
                    6
                ],
                [
                    4,
                    3,
                    6
                ],
                [
                    8,
                    9,
                    -3
                ],
                [
                    4,
                    -6,
                    -9
                ],
                [
                    -5,
                    9,
                    7
                ],
                [
                    3,
                    8,
                    -4
                ],
                [
                    4,
                    6,
                    10
                ],
                [
                    -7,
                    -1,
                    -6
                ],
                [
                    -10,
                    -7,
                    2
                ],
                [
                    -10,
                    -1,
                    5
                ],
                [
                    10,
                    -5,
                    4
                ],
                [
                    -3,
                    5,
                    -8
                ],
                [
                    10,
                    -3,
                    -4
                ],
                [
                    -2,
                    9,
                    -3
                ],
                [
                    2,
                    -5,
                    -7
                ],
                [
                    2,
                    -9,
                    6
                ],
                [
                    7,
                    -5,
                    -1
                ],
                [
                    -5,
                    -6,
                    9
                ],
                [
                    -10,
                    -2,
                    5
                ],
                [
                    7,
                    -8,
                    5
                ],
                [
                    -2,
                    8,
                    6
                ],
                [
                    -10,
                    -1,
                    -4
                ],
                [
                    4,
                    -9,
                    2
                ],
                [
                    1,
                    9,
                    -5
                ],
                [
                    2,
                    3,
                    -8
                ]
            ],
            "{   'fun': 0.97,\n    'jac': None,\n    'nfev': 43,\n    'nit': None,\n    'njev': None,\n    'x': array([1.06365378, 0.97045546, 1.90045768, 0.95100871])}",
            {
                "0101011010": 1,
                "0000011000": 1,
                "0110001000": 1,
                "1101111100": 1,
                "0011000011": 1,
                "0000100000": 1,
                "0111011100": 1,
                "0000111001": 1,
                "0101101000": 1,
                "1111010011": 1,
                "1110000010": 1,
                "1101101101": 1,
                "0011101100": 1,
                "1110111010": 1,
                "1001111101": 1,
                "1100011100": 1,
                "0110011001": 1,
                "0110110000": 1,
                "1010101110": 1,
                "0011110001": 1,
                "0100100000": 1,
                "1011100011": 1,
                "1001010100": 1,
                "0000000011": 1,
                "1001011000": 1,
                "0011010010": 1,
                "1100111001": 1,
                "0001010001": 1,
                "1111010101": 1,
                "0111001011": 1,
                "0011111000": 1,
                "1101111101": 1,
                "0100111100": 2,
                "0001000101": 1,
                "0100101010": 1,
                "0000100001": 1,
                "1100010100": 1,
                "1001000011": 1,
                "1100000111": 1,
                "1011011110": 1,
                "1111001000": 1,
                "0111011011": 1,
                "0011011100": 1,
                "0010001000": 1,
                "1011000011": 1,
                "1101111011": 1,
                "0010011110": 1,
                "0010011000": 1,
                "0110101101": 1,
                "1101001011": 1,
                "1101110010": 1,
                "1100110001": 1,
                "1110111110": 1,
                "0101111000": 1,
                "1110111100": 2,
                "1000101111": 1,
                "0011000001": 1,
                "1110100101": 1,
                "0010111001": 1,
                "1001100100": 1,
                "1110111000": 1,
                "0110111011": 1,
                "1010010010": 1,
                "1001110110": 1,
                "0001001010": 1,
                "1101111111": 1,
                "0001011000": 2,
                "1001001111": 1,
                "0101111110": 3,
                "1101110111": 1,
                "0010010000": 1,
                "1010011000": 1,
                "0100101001": 1,
                "0101110000": 1,
                "1111110100": 1,
                "1100101001": 1,
                "1000001010": 1,
                "1011110110": 1,
                "0001100010": 1,
                "1011000111": 1,
                "0111101011": 1,
                "1010110101": 1,
                "1110110011": 1,
                "0001100001": 2,
                "1000101001": 2,
                "1010100000": 1,
                "0000101110": 1,
                "0011110000": 1,
                "0101000101": 1,
                "1100111100": 2,
                "0101000100": 1,
                "0010001011": 1
            },
            true,
            0.9
        ],
        [
            [
                [
                    10,
                    8,
                    3
                ],
                [
                    2,
                    9,
                    6
                ],
                [
                    10,
                    1,
                    -6
                ],
                [
                    2,
                    7,
                    -9
                ],
                [
                    7,
                    -9,
                    -4
                ],
                [
                    -9,
                    -7,
                    -4
                ],
                [
                    6,
                    5,
                    4
                ],
                [
                    10,
                    4,
                    7
                ],
                [
                    -8,
                    1,
                    3
                ],
                [
                    -9,
                    1,
                    5
                ],
                [
                    1,
                    -2,
                    -6
                ],
                [
                    10,
                    -5,
                    -6
                ],
                [
                    10,
                    -4,
                    -3
                ],
                [
                    -1,
                    -3,
                    6
                ],
                [
                    10,
                    2,
                    5
                ],
                [
                    7,
                    8,
                    -3
                ],
                [
                    -7,
                    -10,
                    -4
                ],
                [
                    3,
                    8,
                    -4
                ],
                [
                    -9,
                    8,
                    -1
                ],
                [
                    -2,
                    -10,
                    -7
                ],
                [
                    5,
                    1,
                    9
                ],
                [
                    -10,
                    4,
                    -8
                ],
                [
                    4,
                    2,
                    7
                ],
                [
                    9,
                    1,
                    -10
                ],
                [
                    -2,
                    -4,
                    -3
                ],
                [
                    -8,
                    -9,
                    1
                ],
                [
                    9,
                    -5,
                    3
                ],
                [
                    7,
                    -2,
                    3
                ],
                [
                    2,
                    8,
                    -10
                ],
                [
                    7,
                    -3,
                    -4
                ],
                [
                    -1,
                    3,
                    -2
                ],
                [
                    -6,
                    -4,
                    10
                ],
                [
                    -1,
                    10,
                    4
                ],
                [
                    -8,
                    -1,
                    3
                ],
                [
                    6,
                    -4,
                    -8
                ],
                [
                    -4,
                    2,
                    -6
                ],
                [
                    -3,
                    -9,
                    -8
                ],
                [
                    -8,
                    -4,
                    10
                ],
                [
                    -7,
                    -4,
                    3
                ],
                [
                    -1,
                    -7,
                    -6
                ],
                [
                    10,
                    2,
                    9
                ],
                [
                    -7,
                    -10,
                    6
                ],
                [
                    -4,
                    3,
                    -1
                ],
                [
                    4,
                    3,
                    9
                ],
                [
                    9,
                    -1,
                    3
                ]
            ],
            "{   'fun': 0.95,\n    'jac': None,\n    'nfev': 50,\n    'nit': None,\n    'njev': None,\n    'x': array([0.4251362 , 2.43898841, 0.40300875, 2.96712737])}",
            {
                "1100010011": 1,
                "0100111100": 1,
                "0101111001": 1,
                "1111100100": 1,
                "0010010000": 1,
                "1100100100": 1,
                "1100101010": 1,
                "0011100100": 1,
                "0111101111": 1,
                "0110111010": 1,
                "0001111101": 1,
                "1111111001": 1,
                "1000000000": 1,
                "1010000000": 1,
                "0010100011": 1,
                "0101000010": 1,
                "0110101000": 1,
                "1001001101": 1,
                "0110110110": 1,
                "0011110000": 1,
                "0001100011": 1,
                "0100001100": 1,
                "0011011001": 1,
                "1001000000": 1,
                "1111110000": 1,
                "0101010100": 2,
                "1100001100": 1,
                "1110000110": 1,
                "0100010101": 1,
                "1001001011": 1,
                "1110010111": 1,
                "0111100111": 1,
                "1100110110": 1,
                "1000001100": 1,
                "1111111100": 1,
                "1011010101": 1,
                "1001001010": 1,
                "1010110111": 1,
                "1010011010": 1,
                "1111001110": 1,
                "0101010110": 1,
                "0001001100": 1,
                "1011101010": 1,
                "1111101000": 1,
                "0011010110": 2,
                "0111101010": 1,
                "0100000111": 1,
                "1001001001": 1,
                "1001111100": 2,
                "0100111011": 1,
                "1111110111": 1,
                "0111001101": 1,
                "0111100001": 1,
                "1010110001": 1,
                "0100111001": 1,
                "1111011010": 1,
                "1001000011": 1,
                "1110000100": 1,
                "0111100011": 1,
                "0011101110": 1,
                "0101100011": 1,
                "1000000110": 1,
                "0010000001": 1,
                "0001001111": 1,
                "0001010001": 1,
                "0111001010": 1,
                "1010001001": 3,
                "1100011101": 1,
                "1011101011": 1,
                "0010011101": 1,
                "1110101101": 1,
                "0001010110": 1,
                "1100110101": 1,
                "1111111010": 1,
                "1111101110": 1,
                "1001101001": 1,
                "1111011011": 1,
                "1111001111": 1,
                "1001100001": 1,
                "1110110100": 1,
                "0100001111": 1,
                "0010100111": 1,
                "1000101000": 1,
                "1110110001": 1,
                "0111100010": 1,
                "1000011111": 1,
                "0011101101": 1,
                "1100100111": 1,
                "0011011000": 1,
                "0110011010": 1,
                "0111010001": 1,
                "1001110001": 2,
                "1100001010": 2
            },
            true,
            0.92
        ]
    ]
}