{
    "n": 10,
    "m": 45,
    "results": [
        [
            [
                [
                    -5,
                    9,
                    6
                ],
                [
                    -3,
                    5,
                    -1
                ],
                [
                    10,
                    8,
                    3
                ],
                [
                    -9,
                    -8,
                    7
                ],
                [
                    7,
                    1,
                    8
                ],
                [
                    -2,
                    6,
                    -1
                ],
                [
                    2,
                    10,
                    8
                ],
                [
                    -9,
                    4,
                    -2
                ],
                [
                    7,
                    -1,
                    2
                ],
                [
                    9,
                    6,
                    -3
                ],
                [
                    -2,
                    9,
                    6
                ],
                [
                    -1,
                    -6,
                    4
                ],
                [
                    -9,
                    -5,
                    -4
                ],
                [
                    10,
                    6,
                    4
                ],
                [
                    9,
                    6,
                    3
                ],
                [
                    4,
                    -6,
                    3
                ],
                [
                    4,
                    -5,
                    -3
                ],
                [
                    -6,
                    -3,
                    2
                ],
                [
                    -3,
                    -1,
                    6
                ],
                [
                    -7,
                    6,
                    5
                ],
                [
                    -6,
                    1,
                    -4
                ],
                [
                    -7,
                    -2,
                    -4
                ],
                [
                    -6,
                    4,
                    -2
                ],
                [
                    -5,
                    6,
                    -3
                ],
                [
                    5,
                    6,
                    9
                ],
                [
                    -3,
                    -8,
                    5
                ],
                [
                    10,
                    -9,
                    -5
                ],
                [
                    -4,
                    1,
                    10
                ],
                [
                    -8,
                    4,
                    2
                ],
                [
                    -2,
                    -1,
                    -7
                ],
                [
                    -10,
                    2,
                    7
                ],
                [
                    -3,
                    -7,
                    8
                ],
                [
                    -2,
                    -9,
                    7
                ],
                [
                    -10,
                    1,
                    -4
                ],
                [
                    -1,
                    -5,
                    4
                ],
                [
                    -5,
                    -6,
                    1
                ],
                [
                    4,
                    10,
                    -5
                ],
                [
                    -3,
                    2,
                    -10
                ],
                [
                    6,
                    10,
                    -2
                ],
                [
                    -9,
                    -6,
                    -7
                ],
                [
                    9,
                    -4,
                    -8
                ],
                [
                    6,
                    -2,
                    -8
                ],
                [
                    8,
                    5,
                    2
                ],
                [
                    -2,
                    9,
                    3
                ],
                [
                    -4,
                    -10,
                    8
                ]
            ],
            "{   'fun': 1.0,\n    'jac': None,\n    'nfev': 44,\n    'nit': None,\n    'njev': None,\n    'x': array([1.82405545, 0.49257713, 0.25013584, 0.74205566])}",
            {
                "0101000000": 1,
                "1101101010": 1,
                "1111010110": 1,
                "1110101001": 1,
                "0101001010": 1,
                "1110110011": 1,
                "0010101111": 1,
                "1111100100": 1,
                "0011100100": 1,
                "1000000010": 1,
                "0001010010": 1,
                "0110000110": 1,
                "1010011100": 1,
                "1000101001": 1,
                "0011000011": 1,
                "0110111011": 1,
                "0011111101": 1,
                "0100101001": 1,
                "1111000000": 2,
                "0001110110": 1,
                "1110000010": 1,
                "1001111001": 1,
                "0001010110": 1,
                "1111100000": 2,
                "0001000000": 1,
                "1111010010": 1,
                "0010011110": 1,
                "0111000100": 1,
                "0000011110": 1,
                "1111001010": 1,
                "0110101001": 1,
                "0111110100": 1,
                "0011110001": 1,
                "0011111011": 1,
                "0011001101": 1,
                "1010001011": 1,
                "1111110000": 2,
                "1001011001": 1,
                "1000101111": 1,
                "1101101000": 1,
                "0000110101": 2,
                "1000100111": 1,
                "1010100000": 1,
                "0011111010": 1,
                "1101100001": 1,
                "1110010001": 1,
                "1100000000": 2,
                "1110011010": 1,
                "1101110010": 1,
                "0110010110": 1,
                "0000000101": 1,
                "0001110101": 1,
                "0100111110": 1,
                "0011001100": 1,
                "0011001001": 1,
                "0101001110": 2,
                "0011011000": 1,
                "0100000010": 1,
                "1101111001": 1,
                "0111000011": 1,
                "1111101000": 1,
                "1000100100": 1,
                "1000101110": 1,
                "1010111110": 1,
                "1111110101": 1,
                "0101001100": 1,
                "1000111011": 1,
                "1010110011": 1,
                "1011010111": 1,
                "0011010001": 1,
                "1101000110": 2,
                "1100100100": 1,
                "1011001110": 1,
                "1010111010": 1,
                "0111101100": 1,
                "0111111101": 1,
                "0011000000": 1,
                "0010110110": 1,
                "0110101111": 1,
                "0011101110": 1,
                "0100000001": 2,
                "0111010001": 1,
                "1010111011": 1,
                "0010100111": 1,
                "0110100100": 1,
                "1010010100": 1,
                "0110100011": 1,
                "1001000000": 1,
                "1010100100": 1,
                "0101110010": 1,
                "1001000101": 1,
                "0110001000": 1
            },
            false,
            0.96
        ],
        [
            [
                [
                    -1,
                    4,
                    10
                ],
                [
                    1,
                    -7,
                    -2
                ],
                [
                    3,
                    -5,
                    -1
                ],
                [
                    4,
                    -3,
                    8
                ],
                [
                    9,
                    2,
                    -5
                ],
                [
                    -9,
                    7,
                    1
                ],
                [
                    -6,
                    9,
                    7
                ],
                [
                    -10,
                    -9,
                    1
                ],
                [
                    -1,
                    -4,
                    8
                ],
                [
                    9,
                    -6,
                    -8
                ],
                [
                    10,
                    2,
                    3
                ],
                [
                    -2,
                    7,
                    -6
                ],
                [
                    -6,
                    -7,
                    -4
                ],
                [
                    2,
                    -9,
                    10
                ],
                [
                    3,
                    -5,
                    -1
                ],
                [
                    3,
                    8,
                    7
                ],
                [
                    -3,
                    -4,
                    -10
                ],
                [
                    5,
                    -9,
                    4
                ],
                [
                    1,
                    -8,
                    -6
                ],
                [
                    -5,
                    -2,
                    7
                ],
                [
                    -1,
                    -5,
                    2
                ],
                [
                    -5,
                    7,
                    3
                ],
                [
                    -4,
                    5,
                    -10
                ],
                [
                    -10,
                    -6,
                    2
                ],
                [
                    -9,
                    5,
                    -4
                ],
                [
                    10,
                    -4,
                    -6
                ],
                [
                    -10,
                    -7,
                    -3
                ],
                [
                    6,
                    -4,
                    -1
                ],
                [
                    8,
                    -2,
                    -9
                ],
                [
                    8,
                    7,
                    -2
                ],
                [
                    10,
                    -8,
                    -2
                ],
                [
                    -3,
                    4,
                    -6
                ],
                [
                    -7,
                    4,
                    -3
                ],
                [
                    4,
                    9,
                    10
                ],
                [
                    4,
                    -10,
                    -1
                ],
                [
                    1,
                    -9,
                    -5
                ],
                [
                    3,
                    4,
                    -10
                ],
                [
                    -9,
                    10,
                    8
                ],
                [
                    -4,
                    1,
                    5
                ],
                [
                    3,
                    -6,
                    2
                ],
                [
                    -5,
                    7,
                    -4
                ],
                [
                    -2,
                    -3,
                    -1
                ],
                [
                    -5,
                    9,
                    7
                ],
                [
                    -2,
                    1,
                    -10
                ],
                [
                    -5,
                    -4,
                    1
                ]
            ],
            "{   'fun': 0.99,\n    'jac': None,\n    'nfev': 45,\n    'nit': None,\n    'njev': None,\n    'x': array([0.75517125, 0.35217294, 3.1610974 , 3.13083165])}",
            {
                "0000100000": 1,
                "1010110010": 1,
                "0111000011": 1,
                "0011001110": 1,
                "1011010111": 1,
                "0011100011": 1,
                "1010110001": 1,
                "0010011111": 1,
                "1011011101": 1,
                "1010101000": 1,
                "0010111110": 1,
                "1000101000": 1,
                "1000010010": 1,
                "1111001010": 1,
                "1011101100": 1,
                "1011001111": 1,
                "0110111110": 1,
                "1010000011": 1,
                "0100100001": 1,
                "1011101110": 1,
                "1001000010": 1,
                "1001100010": 1,
                "0110011101": 1,
                "1111100111": 1,
                "1001101101": 1,
                "0011111110": 1,
                "0000101001": 1,
                "1100000100": 1,
                "1011100110": 1,
                "1111000001": 1,
                "0111110000": 1,
                "0110010101": 1,
                "0001111111": 1,
                "1001110111": 1,
                "0001111100": 1,
                "0100111010": 1,
                "1101011001": 1,
                "1011011001": 2,
                "1010111111": 1,
                "0011011110": 1,
                "0010000110": 1,
                "0010100001": 1,
                "0100000111": 1,
                "1101000000": 1,
                "1100111000": 2,
                "0111100000": 1,
                "1011010100": 1,
                "0000001001": 2,
                "1100100111": 1,
                "0110011010": 1,
                "1001010111": 1,
                "1011100000": 1,
                "1000011010": 1,
                "1000000001": 1,
                "0001011101": 1,
                "0000110101": 1,
                "1001000110": 1,
                "1001101000": 2,
                "1001010110": 1,
                "1111111101": 1,
                "1010000101": 1,
                "0010010110": 1,
                "1100101010": 1,
                "0100100010": 1,
                "0000001000": 1,
                "1001010001": 1,
                "1100010111": 1,
                "1011101011": 1,
                "0010101000": 1,
                "1001011100": 1,
                "1110101100": 1,
                "1000011001": 3,
                "0010000101": 1,
                "0010101111": 1,
                "1100001110": 1,
                "1100100101": 1,
                "1101010110": 1,
                "1000111100": 1,
                "0010111111": 1,
                "1110100000": 1,
                "0111111000": 1,
                "0010010101": 1,
                "0010101001": 1,
                "0110000111": 1,
                "0110101000": 1,
                "1100110001": 1,
                "0110001111": 1,
                "0011101101": 1,
                "1111111000": 1,
                "1000101001": 1,
                "0010000001": 1,
                "1000110110": 1,
                "1111110100": 1,
                "0111010101": 1
            },
            true,
            0.98
        ],
        [
            [
                [
                    -6,
                    9,
                    8
                ],
                [
                    -10,
                    -4,
                    8
                ],
                [
                    5,
                    -10,
                    9
                ],
                [
                    -3,
                    -8,
                    -4
                ],
                [
                    3,
                    9,
                    6
                ],
                [
                    -7,
                    -2,
                    4
                ],
                [
                    -1,
                    -10,
                    -3
                ],
                [
                    -6,
                    -2,
                    8
                ],
                [
                    -7,
                    -10,
                    -6
                ],
                [
                    9,
                    -1,
                    10
                ],
                [
                    4,
                    2,
                    -3
                ],
                [
                    7,
                    -10,
                    -8
                ],
                [
                    -7,
                    6,
                    -10
                ],
                [
                    -7,
                    10,
                    8
                ],
                [
                    -2,
                    -9,
                    -4
                ],
                [
                    -7,
                    4,
                    -6
                ],
                [
                    -10,
                    -1,
                    -7
                ],
                [
                    5,
                    4,
                    -9
                ],
                [
                    -3,
                    -8,
                    2
                ],
                [
                    1,
                    -9,
                    2
                ],
                [
                    -6,
                    5,
                    -7
                ],
                [
                    6,
                    4,
                    2
                ],
                [
                    1,
                    7,
                    4
                ],
                [
                    -9,
                    -6,
                    10
                ],
                [
                    7,
                    5,
                    -4
                ],
                [
                    -4,
                    -5,
                    9
                ],
                [
                    -8,
                    -1,
                    -5
                ],
                [
                    9,
                    -2,
                    8
                ],
                [
                    -4,
                    -6,
                    -7
                ],
                [
                    4,
                    -3,
                    -6
                ],
                [
                    2,
                    10,
                    3
                ],
                [
                    -5,
                    1,
                    9
                ],
                [
                    9,
                    -4,
                    -3
                ],
                [
                    -2,
                    -9,
                    -6
                ],
                [
                    -7,
                    -9,
                    -4
                ],
                [
                    -4,
                    10,
                    2
                ],
                [
                    2,
                    8,
                    -4
                ],
                [
                    -2,
                    -9,
                    -7
                ],
                [
                    -7,
                    5,
                    2
                ],
                [
                    2,
                    -6,
                    -7
                ],
                [
                    4,
                    8,
                    -6
                ],
                [
                    10,
                    -8,
                    -3
                ],
                [
                    -9,
                    3,
                    -2
                ],
                [
                    3,
                    1,
                    -7
                ],
                [
                    -9,
                    -6,
                    5
                ]
            ],
            "{   'fun': 1.0,\n    'jac': None,\n    'nfev': 39,\n    'nit': None,\n    'njev': None,\n    'x': array([1.2055006 , 0.72001905, 1.89703731, 2.36132576])}",
            {
                "1001110111": 1,
                "0101100101": 1,
                "1010011001": 1,
                "0011110101": 1,
                "1011001011": 1,
                "1010110100": 1,
                "1000000010": 2,
                "0111000011": 1,
                "1100000010": 1,
                "0000100100": 1,
                "1011100110": 1,
                "0010010101": 1,
                "1010001000": 1,
                "0111000110": 1,
                "1110111000": 1,
                "1100100011": 1,
                "1011000011": 1,
                "0111110011": 1,
                "0110101100": 1,
                "0000010001": 1,
                "1110011101": 1,
                "1111101000": 1,
                "1110100010": 1,
                "0011001100": 1,
                "1111111111": 1,
                "1100111110": 1,
                "1000110011": 1,
                "0101010000": 1,
                "1000101000": 1,
                "0011011001": 1,
                "1110010011": 1,
                "0001010011": 1,
                "0001010110": 2,
                "0100110001": 1,
                "0100111010": 1,
                "1011000101": 1,
                "1000011100": 2,
                "0001110100": 1,
                "1000000011": 1,
                "1010010100": 1,
                "0000010011": 1,
                "0100101111": 1,
                "1101101011": 1,
                "0100111110": 1,
                "0111001110": 1,
                "0110111110": 1,
                "1001001000": 1,
                "1011011101": 1,
                "0000100111": 1,
                "1000000100": 1,
                "0110110010": 1,
                "1101110101": 3,
                "1100011001": 1,
                "0110111111": 1,
                "0001101010": 1,
                "1111001001": 1,
                "1011100010": 1,
                "1000111001": 1,
                "0100001101": 2,
                "1010100110": 1,
                "1100100100": 1,
                "0100111101": 1,
                "1000100110": 1,
                "0100100011": 1,
                "0010110000": 1,
                "1011010111": 1,
                "1011001000": 1,
                "1101111101": 1,
                "1100101101": 1,
                "1110001000": 1,
                "0100000100": 1,
                "0110001011": 1,
                "1111110000": 1,
                "0001010111": 1,
                "0001100001": 1,
                "0111010110": 1,
                "1000111000": 1,
                "0101100001": 1,
                "1101010011": 2,
                "0111101001": 1,
                "1101100101": 2,
                "0011101001": 1,
                "0001101111": 1,
                "1010100111": 1,
                "0110000000": 1,
                "0001111001": 1,
                "1111110110": 1,
                "1000010000": 1,
                "0000101001": 1,
                "1000011001": 1,
                "1011111110": 1,
                "0110000101": 1
            },
            false,
            0.98
        ],
        [
            [
                [
                    -7,
                    -6,
                    10
                ],
                [
                    6,
                    9,
                    5
                ],
                [
                    -4,
                    -6,
                    3
                ],
                [
                    -10,
                    -6,
                    -5
                ],
                [
                    -8,
                    -3,
                    5
                ],
                [
                    6,
                    -9,
                    8
                ],
                [
                    -3,
                    -9,
                    -5
                ],
                [
                    7,
                    -3,
                    -2
                ],
                [
                    4,
                    -1,
                    3
                ],
                [
                    6,
                    -1,
                    9
                ],
                [
                    2,
                    6,
                    -7
                ],
                [
                    -6,
                    7,
                    -10
                ],
                [
                    9,
                    3,
                    -8
                ],
                [
                    -7,
                    5,
                    8
                ],
                [
                    -2,
                    -10,
                    1
                ],
                [
                    -5,
                    -10,
                    4
                ],
                [
                    7,
                    6,
                    3
                ],
                [
                    2,
                    -6,
                    -1
                ],
                [
                    5,
                    7,
                    -6
                ],
                [
                    1,
                    8,
                    -3
                ],
                [
                    -2,
                    7,
                    10
                ],
                [
                    2,
                    -1,
                    -10
                ],
                [
                    -2,
                    6,
                    -1
                ],
                [
                    2,
                    9,
                    -1
                ],
                [
                    -1,
                    10,
                    -9
                ],
                [
                    8,
                    5,
                    9
                ],
                [
                    -10,
                    -2,
                    -6
                ],
                [
                    8,
                    9,
                    6
                ],
                [
                    -2,
                    -7,
                    4
                ],
                [
                    8,
                    7,
                    -3
                ],
                [
                    -5,
                    -4,
                    -9
                ],
                [
                    -4,
                    -5,
                    1
                ],
                [
                    -8,
                    -2,
                    9
                ],
                [
                    -5,
                    -9,
                    7
                ],
                [
                    -3,
                    -7,
                    -9
                ],
                [
                    -3,
                    -4,
                    -9
                ],
                [
                    6,
                    -8,
                    -5
                ],
                [
                    -9,
                    -4,
                    10
                ],
                [
                    -5,
                    -7,
                    3
                ],
                [
                    7,
                    4,
                    10
                ],
                [
                    -3,
                    2,
                    -8
                ],
                [
                    6,
                    4,
                    -9
                ],
                [
                    -8,
                    -3,
                    4
                ],
                [
                    -6,
                    10,
                    1
                ],
                [
                    -9,
                    4,
                    -7
                ]
            ],
            "{   'fun': 1.0,\n    'jac': None,\n    'nfev': 25,\n    'nit': None,\n    'njev': None,\n    'x': array([1.10541887, 0.99838178, 1.92665882, 1.14246927])}",
            {
                "0110101111": 1,
                "1111001101": 1,
                "0110111001": 1,
                "1010101101": 1,
                "1011110001": 1,
                "1001000101": 1,
                "0010000000": 1,
                "1000000101": 1,
                "1101100010": 1,
                "1110111011": 1,
                "1111001001": 1,
                "0010010001": 1,
                "1101100110": 1,
                "1100100001": 1,
                "0010010110": 1,
                "1010001110": 1,
                "1011110100": 1,
                "0110111011": 1,
                "0011110001": 1,
                "1110110011": 1,
                "0100001101": 1,
                "0111100011": 1,
                "1001110101": 1,
                "1100100000": 1,
                "0000100111": 1,
                "1011001011": 1,
                "1011011010": 1,
                "1111010001": 1,
                "1110110010": 1,
                "0000000101": 1,
                "0011001110": 1,
                "1101101000": 1,
                "0011101000": 1,
                "0100111001": 1,
                "0100011010": 1,
                "0101111101": 1,
                "1010111111": 1,
                "0110100100": 1,
                "1010010100": 1,
                "0011010011": 1,
                "1101011100": 1,
                "1100011000": 1,
                "1011111101": 1,
                "1110010110": 1,
                "0101001011": 1,
                "1010000011": 1,
                "1010001101": 1,
                "0100010010": 1,
                "1101011111": 1,
                "1000111010": 1,
                "0101110100": 1,
                "0110000010": 1,
                "0101111100": 1,
                "0101110111": 1,
                "0111000001": 1,
                "1001001000": 1,
                "1011011001": 1,
                "0010001101": 1,
                "0100010101": 1,
                "1110110100": 1,
                "0101100101": 1,
                "1101101011": 1,
                "1100110001": 1,
                "0111110001": 1,
                "0101000000": 1,
                "0101011110": 1,
                "0101111110": 1,
                "1110010101": 1,
                "1100001111": 1,
                "1011010011": 1,
                "0000010010": 1,
                "1001101010": 1,
                "0001110001": 1,
                "0111011000": 1,
                "1101011000": 1,
                "1001000110": 1,
                "0001011101": 1,
                "1011001111": 1,
                "0101010100": 1,
                "1111001011": 1,
                "1100101101": 1,
                "0100101001": 1,
                "1010100001": 1,
                "1000110110": 1,
                "1000111111": 1,
                "0111110011": 1,
                "0001001101": 1,
                "1011101011": 1,
                "0010101000": 1,
                "1011010100": 2,
                "0111100111": 1,
                "0100001110": 1,
                "1100111010": 1,
                "1010001111": 1,
                "1011100110": 1,
                "0011111000": 1,
                "0100011110": 1,
                "0111100100": 1,
                "0111111000": 1
            },
            false,
            1.0
        ],
        [
            [
                [
                    3,
                    8,
                    -7
                ],
                [
                    -10,
                    -7,
                    -3
                ],
                [
                    6,
                    -8,
                    10
                ],
                [
                    -2,
                    -4,
                    -1
                ],
                [
                    -6,
                    -4,
                    5
                ],
                [
                    7,
                    6,
                    -3
                ],
                [
                    -4,
                    -3,
                    2
                ],
                [
                    -5,
                    2,
                    6
                ],
                [
                    6,
                    -9,
                    2
                ],
                [
                    -10,
                    1,
                    7
                ],
                [
                    4,
                    9,
                    1
                ],
                [
                    4,
                    -2,
                    1
                ],
                [
                    1,
                    5,
                    7
                ],
                [
                    -3,
                    -4,
                    -7
                ],
                [
                    -2,
                    -3,
                    9
                ],
                [
                    5,
                    10,
                    -9
                ],
                [
                    -6,
                    -4,
                    -9
                ],
                [
                    1,
                    4,
                    -5
                ],
                [
                    10,
                    -7,
                    -5
                ],
                [
                    -10,
                    -7,
                    9
                ],
                [
                    -6,
                    -7,
                    2
                ],
                [
                    6,
                    -2,
                    -7
                ],
                [
                    -2,
                    -5,
                    10
                ],
                [
                    3,
                    -9,
                    -8
                ],
                [
                    -6,
                    4,
                    -10
                ],
                [
                    4,
                    3,
                    1
                ],
                [
                    1,
                    -3,
                    -6
                ],
                [
                    2,
                    3,
                    -9
                ],
                [
                    -7,
                    10,
                    2
                ],
                [
                    5,
                    -2,
                    3
                ],
                [
                    -8,
                    -3,
                    10
                ],
                [
                    9,
                    -5,
                    4
                ],
                [
                    -1,
                    -5,
                    -9
                ],
                [
                    -5,
                    10,
                    8
                ],
                [
                    -1,
                    -5,
                    -9
                ],
                [
                    -7,
                    9,
                    1
                ],
                [
                    7,
                    -10,
                    1
                ],
                [
                    -5,
                    10,
                    -6
                ],
                [
                    9,
                    -7,
                    5
                ],
                [
                    -3,
                    -8,
                    9
                ],
                [
                    -1,
                    -3,
                    7
                ],
                [
                    -5,
                    -3,
                    -6
                ],
                [
                    -5,
                    -6,
                    2
                ],
                [
                    3,
                    10,
                    4
                ],
                [
                    -3,
                    -1,
                    2
                ]
            ],
            "{   'fun': 0.99,\n    'jac': None,\n    'nfev': 39,\n    'nit': None,\n    'njev': None,\n    'x': array([0.25623125, 2.08960433, 0.8389911 , 3.08406175])}",
            {
                "1000101110": 1,
                "0000101010": 1,
                "0010101100": 1,
                "0110111011": 1,
                "1100100101": 1,
                "1101001111": 1,
                "0101100111": 1,
                "1111100101": 1,
                "0000101110": 1,
                "1011001100": 1,
                "1001111100": 1,
                "0011000000": 1,
                "0001011110": 1,
                "0011101011": 1,
                "1011011100": 1,
                "0011111011": 1,
                "0100010101": 1,
                "0110110000": 1,
                "1110110001": 1,
                "0010100000": 1,
                "0001000000": 1,
                "1111100000": 1,
                "0111001111": 1,
                "0011010110": 1,
                "1101100110": 1,
                "0011011110": 1,
                "0100101011": 1,
                "1110001000": 1,
                "0010111010": 1,
                "1000101010": 1,
                "1010101101": 1,
                "0100011001": 1,
                "1010101011": 1,
                "1101100011": 1,
                "1011001001": 1,
                "1011110011": 1,
                "1010110101": 1,
                "1010000001": 1,
                "0100101010": 1,
                "1101100100": 1,
                "1011100110": 1,
                "1100000100": 1,
                "1010010011": 1,
                "1011011010": 1,
                "0111110010": 1,
                "1010001000": 1,
                "0011100111": 1,
                "1011001101": 1,
                "1110110010": 1,
                "1101100000": 1,
                "0100011110": 1,
                "0110011001": 2,
                "0011010000": 1,
                "0000010001": 1,
                "0000010111": 1,
                "1011010110": 1,
                "0100010110": 1,
                "1110001110": 1,
                "1111010000": 1,
                "0100111001": 1,
                "0000001001": 1,
                "0010010010": 1,
                "1100011001": 1,
                "0101101000": 1,
                "1011111101": 1,
                "1010001001": 1,
                "0000101100": 1,
                "1011110101": 1,
                "0000001101": 1,
                "1010000000": 1,
                "1001010100": 1,
                "1111111010": 1,
                "0101010000": 1,
                "1000110011": 1,
                "1110011000": 1,
                "1101110111": 1,
                "0011111110": 1,
                "0111110000": 1,
                "0101001000": 1,
                "1000001111": 1,
                "0000010000": 1,
                "0000110101": 2,
                "0100001001": 1,
                "1001000110": 2,
                "0100000111": 1,
                "0100010111": 1,
                "0110001000": 1,
                "1110010011": 1,
                "0111101110": 1,
                "0011011111": 1,
                "1110111010": 1,
                "0001001101": 1,
                "1101011100": 1,
                "1000001100": 1,
                "0001110111": 1,
                "1000100011": 1,
                "1010010111": 1
            },
            true,
            0.91
        ]
    ]
}