{
    "n": 10,
    "m": 45,
    "results": [
        [
            [
                [
                    -10,
                    -9,
                    4
                ],
                [
                    4,
                    -5,
                    -1
                ],
                [
                    -2,
                    3,
                    5
                ],
                [
                    -1,
                    7,
                    -3
                ],
                [
                    2,
                    4,
                    -5
                ],
                [
                    -3,
                    -7,
                    -10
                ],
                [
                    7,
                    1,
                    4
                ],
                [
                    10,
                    2,
                    5
                ],
                [
                    4,
                    -8,
                    -6
                ],
                [
                    2,
                    -3,
                    9
                ],
                [
                    8,
                    3,
                    1
                ],
                [
                    -8,
                    -2,
                    4
                ],
                [
                    3,
                    -6,
                    -8
                ],
                [
                    9,
                    5,
                    4
                ],
                [
                    5,
                    2,
                    7
                ],
                [
                    7,
                    -8,
                    10
                ],
                [
                    7,
                    6,
                    -10
                ],
                [
                    -5,
                    7,
                    -4
                ],
                [
                    3,
                    4,
                    10
                ],
                [
                    1,
                    3,
                    5
                ],
                [
                    3,
                    -9,
                    2
                ],
                [
                    -7,
                    6,
                    4
                ],
                [
                    8,
                    -5,
                    7
                ],
                [
                    -8,
                    -7,
                    -1
                ],
                [
                    -2,
                    9,
                    10
                ],
                [
                    -4,
                    -9,
                    -1
                ],
                [
                    9,
                    3,
                    -5
                ],
                [
                    -3,
                    5,
                    -6
                ],
                [
                    -4,
                    1,
                    2
                ],
                [
                    2,
                    9,
                    -5
                ],
                [
                    2,
                    -5,
                    -10
                ],
                [
                    2,
                    -6,
                    -5
                ],
                [
                    1,
                    -10,
                    -8
                ],
                [
                    -7,
                    9,
                    -5
                ],
                [
                    -3,
                    -2,
                    1
                ],
                [
                    -5,
                    -6,
                    -4
                ],
                [
                    -8,
                    -7,
                    5
                ],
                [
                    3,
                    6,
                    7
                ],
                [
                    7,
                    -1,
                    5
                ],
                [
                    -6,
                    -5,
                    3
                ],
                [
                    -2,
                    -4,
                    -5
                ],
                [
                    -4,
                    7,
                    9
                ],
                [
                    6,
                    10,
                    -8
                ],
                [
                    2,
                    1,
                    -5
                ],
                [
                    6,
                    -1,
                    -9
                ]
            ],
            "{   'fun': 0.99,\n    'jac': None,\n    'nfev': 44,\n    'nit': None,\n    'njev': None,\n    'x': array([2.19131341, 0.48602653, 0.2389567 , 0.47958811])}",
            {
                "0001011110": 1,
                "1100011111": 1,
                "1000001000": 1,
                "1100001001": 1,
                "0100001000": 1,
                "1111001000": 1,
                "0111010100": 1,
                "1001010100": 1,
                "0000010011": 1,
                "0110010000": 1,
                "1000101111": 1,
                "0100001110": 1,
                "1000010110": 1,
                "0110011110": 1,
                "0010001101": 1,
                "1110000010": 1,
                "0101011001": 1,
                "1010101010": 1,
                "1001110011": 1,
                "1101000110": 1,
                "0111011010": 1,
                "1010010011": 1,
                "1000011000": 1,
                "0101000000": 1,
                "0011101111": 1,
                "0101101010": 1,
                "1110011111": 1,
                "1000100110": 1,
                "1010011000": 1,
                "1010100110": 1,
                "1010001000": 1,
                "1110001100": 1,
                "0011011100": 1,
                "1010000011": 1,
                "1011110110": 1,
                "0100001101": 1,
                "1000111001": 1,
                "0101100011": 1,
                "0000001000": 1,
                "1000110011": 1,
                "1101101100": 1,
                "1010011100": 1,
                "0101000011": 1,
                "0100101010": 1,
                "1001000010": 1,
                "0110000001": 1,
                "0100011011": 1,
                "1110001000": 1,
                "0000110100": 1,
                "0111110000": 1,
                "0111100010": 1,
                "0100100111": 1,
                "0101100110": 1,
                "0100001011": 1,
                "1111010011": 1,
                "1110010000": 1,
                "1010110010": 1,
                "1110110000": 1,
                "1111000100": 1,
                "0000110110": 1,
                "0000010100": 1,
                "1111000011": 1,
                "1001111001": 1,
                "1000000111": 1,
                "1001101111": 1,
                "0000110111": 1,
                "1001101011": 1,
                "1100000100": 1,
                "0010100101": 2,
                "1100110111": 1,
                "1011000100": 1,
                "1110101010": 1,
                "0010101110": 1,
                "1111011110": 1,
                "0110001011": 1,
                "1000101001": 1,
                "0010000001": 1,
                "1111000101": 1,
                "1011110101": 1,
                "1000011110": 1,
                "0000111100": 1,
                "0100000111": 1,
                "0011110101": 1,
                "1110110011": 1,
                "0110110110": 1,
                "1110110111": 1,
                "0000000000": 1,
                "1110001110": 1,
                "0000011111": 1,
                "0001000110": 1,
                "0101110000": 1,
                "1110100101": 1,
                "0111001101": 1,
                "0110100111": 1,
                "1100010001": 1,
                "0001101001": 1,
                "0010001100": 1,
                "1111100111": 1,
                "1000010000": 1
            },
            true,
            0.96
        ],
        [
            [
                [
                    3,
                    -4,
                    -9
                ],
                [
                    7,
                    -9,
                    -2
                ],
                [
                    3,
                    -9,
                    -1
                ],
                [
                    3,
                    1,
                    10
                ],
                [
                    -2,
                    7,
                    10
                ],
                [
                    1,
                    -10,
                    -5
                ],
                [
                    -9,
                    -2,
                    -4
                ],
                [
                    -9,
                    5,
                    1
                ],
                [
                    1,
                    -5,
                    3
                ],
                [
                    10,
                    -4,
                    -5
                ],
                [
                    -6,
                    9,
                    2
                ],
                [
                    -10,
                    3,
                    -8
                ],
                [
                    6,
                    -8,
                    2
                ],
                [
                    -8,
                    4,
                    10
                ],
                [
                    1,
                    9,
                    -5
                ],
                [
                    9,
                    1,
                    4
                ],
                [
                    2,
                    6,
                    7
                ],
                [
                    -7,
                    4,
                    2
                ],
                [
                    9,
                    -8,
                    -2
                ],
                [
                    -3,
                    6,
                    7
                ],
                [
                    -5,
                    7,
                    1
                ],
                [
                    10,
                    5,
                    8
                ],
                [
                    2,
                    -7,
                    3
                ],
                [
                    4,
                    1,
                    -6
                ],
                [
                    5,
                    1,
                    -4
                ],
                [
                    -4,
                    -7,
                    2
                ],
                [
                    -7,
                    1,
                    5
                ],
                [
                    -3,
                    -2,
                    8
                ],
                [
                    -10,
                    -3,
                    2
                ],
                [
                    7,
                    -2,
                    -4
                ],
                [
                    10,
                    4,
                    -9
                ],
                [
                    -4,
                    2,
                    8
                ],
                [
                    5,
                    -10,
                    9
                ],
                [
                    -4,
                    6,
                    2
                ],
                [
                    -2,
                    4,
                    8
                ],
                [
                    -8,
                    -9,
                    2
                ],
                [
                    4,
                    10,
                    -6
                ],
                [
                    -6,
                    8,
                    -7
                ],
                [
                    5,
                    -1,
                    -3
                ],
                [
                    6,
                    -10,
                    -8
                ],
                [
                    4,
                    7,
                    -5
                ],
                [
                    9,
                    6,
                    -5
                ],
                [
                    -3,
                    10,
                    -8
                ],
                [
                    -3,
                    -10,
                    5
                ],
                [
                    -6,
                    -1,
                    7
                ]
            ],
            "{   'fun': 1.0,\n    'jac': None,\n    'nfev': 44,\n    'nit': None,\n    'njev': None,\n    'x': array([0.74814211, 1.35420519, 2.16276448, 3.26590493])}",
            {
                "1100111100": 1,
                "0001110101": 1,
                "1101010011": 1,
                "0111000000": 1,
                "0111011010": 1,
                "1000000001": 1,
                "1100111000": 1,
                "1001111000": 1,
                "0010001010": 1,
                "1100111111": 1,
                "1010011001": 1,
                "0010100000": 1,
                "1010001011": 1,
                "1000101100": 1,
                "1010001001": 1,
                "0011000001": 1,
                "1001000010": 1,
                "1101011110": 1,
                "1011000110": 1,
                "0010111100": 2,
                "0000011000": 1,
                "1001001110": 1,
                "0010101100": 1,
                "0000011001": 1,
                "1101011001": 1,
                "0111010010": 1,
                "1110001101": 1,
                "1001010110": 1,
                "1000111001": 1,
                "1101001111": 1,
                "1001111011": 1,
                "1101010001": 1,
                "0001001111": 1,
                "1010101100": 1,
                "1100111011": 1,
                "0000111110": 1,
                "1101100010": 1,
                "1010011010": 1,
                "0101010110": 1,
                "0000100100": 1,
                "1001111010": 1,
                "0100110110": 1,
                "0010111011": 1,
                "1001100001": 1,
                "0100001100": 1,
                "1100110010": 1,
                "0100100000": 1,
                "0001001110": 1,
                "0011001001": 1,
                "0101101011": 1,
                "1001001101": 1,
                "0011011100": 1,
                "0101111011": 1,
                "1011010101": 1,
                "0001110010": 1,
                "1111010000": 1,
                "0011000011": 1,
                "0000001001": 1,
                "0110011010": 1,
                "0111010011": 2,
                "0001001101": 1,
                "1011001101": 1,
                "0101011001": 1,
                "1101000101": 1,
                "0100101010": 1,
                "0011001010": 1,
                "1111011111": 1,
                "1010110011": 1,
                "1010011110": 1,
                "0101100100": 1,
                "1110001111": 1,
                "0010000101": 1,
                "0111000001": 1,
                "1111100111": 1,
                "0110011111": 1,
                "0000011011": 1,
                "0001101010": 1,
                "1111100001": 2,
                "0001000010": 1,
                "0101001010": 1,
                "0100010011": 1,
                "0111001111": 1,
                "0111011110": 1,
                "0101011000": 1,
                "0010111101": 1,
                "0000101001": 1,
                "1101111001": 1,
                "0110101101": 1,
                "0000111101": 2,
                "1110001001": 1,
                "1100111101": 1,
                "0011111011": 1,
                "1101010111": 1,
                "0010100010": 1,
                "1000010100": 1,
                "0001000101": 1
            },
            false,
            0.97
        ],
        [
            [
                [
                    2,
                    -8,
                    -3
                ],
                [
                    3,
                    10,
                    -6
                ],
                [
                    -7,
                    5,
                    -9
                ],
                [
                    -5,
                    -9,
                    -1
                ],
                [
                    -1,
                    9,
                    -2
                ],
                [
                    4,
                    1,
                    -8
                ],
                [
                    -1,
                    6,
                    10
                ],
                [
                    -4,
                    6,
                    -7
                ],
                [
                    -9,
                    -6,
                    4
                ],
                [
                    -10,
                    2,
                    -1
                ],
                [
                    -1,
                    6,
                    -5
                ],
                [
                    -1,
                    7,
                    10
                ],
                [
                    -1,
                    10,
                    2
                ],
                [
                    6,
                    9,
                    7
                ],
                [
                    7,
                    -1,
                    3
                ],
                [
                    4,
                    5,
                    10
                ],
                [
                    2,
                    -9,
                    -10
                ],
                [
                    -10,
                    -1,
                    3
                ],
                [
                    9,
                    -7,
                    1
                ],
                [
                    -1,
                    -2,
                    -6
                ],
                [
                    4,
                    7,
                    -3
                ],
                [
                    -3,
                    10,
                    -4
                ],
                [
                    7,
                    8,
                    9
                ],
                [
                    -10,
                    -8,
                    1
                ],
                [
                    -4,
                    2,
                    -5
                ],
                [
                    7,
                    -4,
                    -10
                ],
                [
                    -3,
                    5,
                    1
                ],
                [
                    -4,
                    -10,
                    2
                ],
                [
                    -1,
                    10,
                    7
                ],
                [
                    -4,
                    -7,
                    -3
                ],
                [
                    -8,
                    3,
                    7
                ],
                [
                    -4,
                    -9,
                    -5
                ],
                [
                    -8,
                    -4,
                    -3
                ],
                [
                    10,
                    -7,
                    8
                ],
                [
                    7,
                    -8,
                    -4
                ],
                [
                    -1,
                    8,
                    -2
                ],
                [
                    -10,
                    -1,
                    -2
                ],
                [
                    -9,
                    -8,
                    3
                ],
                [
                    -2,
                    1,
                    -6
                ],
                [
                    -8,
                    -1,
                    4
                ],
                [
                    10,
                    5,
                    -6
                ],
                [
                    9,
                    7,
                    6
                ],
                [
                    -3,
                    10,
                    9
                ],
                [
                    9,
                    7,
                    10
                ],
                [
                    -8,
                    -7,
                    -2
                ]
            ],
            "{   'fun': 0.98,\n    'jac': None,\n    'nfev': 40,\n    'nit': None,\n    'njev': None,\n    'x': array([2.20546266, 0.8241677 , 1.82772683, 1.36123818])}",
            {
                "0001001110": 1,
                "0111001111": 1,
                "1001001011": 1,
                "1000100101": 1,
                "0111000000": 1,
                "1110011000": 1,
                "1101001000": 1,
                "1111111010": 1,
                "1100010010": 1,
                "1010110110": 1,
                "0111101110": 1,
                "0000001011": 1,
                "0111111101": 1,
                "1110010100": 1,
                "0110111011": 1,
                "0001011011": 1,
                "0001111100": 1,
                "1110111111": 1,
                "0001110111": 1,
                "0000000011": 1,
                "0010110101": 1,
                "1101100011": 1,
                "0010101001": 1,
                "0010000010": 1,
                "1011000010": 1,
                "0110101101": 1,
                "0010101101": 1,
                "0011001100": 1,
                "0101111011": 1,
                "1000100010": 1,
                "1110001110": 1,
                "1110100010": 1,
                "1111101000": 1,
                "1011011001": 1,
                "1111010000": 1,
                "1010110001": 1,
                "1100001011": 1,
                "0110011101": 2,
                "0001110110": 1,
                "1011111001": 1,
                "1101111000": 1,
                "0000110001": 1,
                "1100101001": 1,
                "0011101101": 1,
                "1010010110": 1,
                "1000111110": 1,
                "0111010100": 1,
                "0000111000": 1,
                "1101000100": 1,
                "1111011111": 1,
                "1011001110": 1,
                "1001000000": 1,
                "1111110110": 1,
                "1001000110": 1,
                "1000000011": 1,
                "0011111010": 2,
                "0100011100": 1,
                "0011111101": 2,
                "1110000000": 1,
                "1100001001": 1,
                "1110110110": 2,
                "0000010100": 1,
                "0100011110": 1,
                "1001101110": 2,
                "1010110111": 1,
                "0111110111": 1,
                "0100011111": 1,
                "0100100000": 1,
                "1100110100": 1,
                "0000011110": 2,
                "0010101110": 1,
                "0110001011": 1,
                "0011011111": 1,
                "0101100000": 1,
                "1110000100": 1,
                "0111011100": 1,
                "1011110111": 1,
                "0011100111": 1,
                "0101000011": 1,
                "1111010010": 1,
                "1001110010": 2,
                "1101111111": 1,
                "0001010110": 1,
                "0001010011": 1,
                "1101000110": 1,
                "0011010001": 1,
                "0000000110": 2,
                "1010110011": 1,
                "1011001000": 1,
                "1000110101": 1,
                "1000010100": 1,
                "0110000010": 1
            },
            true,
            0.93
        ],
        [
            [
                [
                    -2,
                    10,
                    4
                ],
                [
                    2,
                    9,
                    -5
                ],
                [
                    3,
                    -7,
                    -1
                ],
                [
                    -7,
                    2,
                    1
                ],
                [
                    -5,
                    -7,
                    1
                ],
                [
                    -8,
                    -1,
                    7
                ],
                [
                    -5,
                    2,
                    -8
                ],
                [
                    -2,
                    7,
                    4
                ],
                [
                    1,
                    -4,
                    -5
                ],
                [
                    -4,
                    7,
                    5
                ],
                [
                    1,
                    8,
                    -4
                ],
                [
                    6,
                    -8,
                    2
                ],
                [
                    -4,
                    9,
                    -1
                ],
                [
                    6,
                    3,
                    -5
                ],
                [
                    5,
                    6,
                    9
                ],
                [
                    -4,
                    5,
                    -6
                ],
                [
                    -8,
                    7,
                    -2
                ],
                [
                    -8,
                    -5,
                    -4
                ],
                [
                    2,
                    3,
                    -1
                ],
                [
                    -4,
                    2,
                    -5
                ],
                [
                    -9,
                    -3,
                    -7
                ],
                [
                    -8,
                    -9,
                    -10
                ],
                [
                    1,
                    4,
                    -6
                ],
                [
                    2,
                    1,
                    10
                ],
                [
                    -9,
                    6,
                    -3
                ],
                [
                    2,
                    -5,
                    9
                ],
                [
                    -9,
                    -7,
                    6
                ],
                [
                    -6,
                    -9,
                    3
                ],
                [
                    3,
                    5,
                    -6
                ],
                [
                    -2,
                    -9,
                    -3
                ],
                [
                    -10,
                    1,
                    -7
                ],
                [
                    7,
                    -9,
                    -4
                ],
                [
                    -2,
                    -4,
                    6
                ],
                [
                    -3,
                    5,
                    -6
                ],
                [
                    7,
                    6,
                    9
                ],
                [
                    -2,
                    -7,
                    1
                ],
                [
                    2,
                    1,
                    5
                ],
                [
                    4,
                    -1,
                    -2
                ],
                [
                    -5,
                    8,
                    4
                ],
                [
                    -3,
                    9,
                    2
                ],
                [
                    -9,
                    -2,
                    -1
                ],
                [
                    -8,
                    -5,
                    -3
                ],
                [
                    5,
                    -6,
                    7
                ],
                [
                    -6,
                    -4,
                    3
                ],
                [
                    -2,
                    4,
                    1
                ]
            ],
            "{   'fun': 1.0,\n    'jac': None,\n    'nfev': 25,\n    'nit': None,\n    'njev': None,\n    'x': array([1.10541887, 0.99838178, 1.92665882, 1.14246927])}",
            {
                "1100010110": 1,
                "0001101110": 1,
                "0010001110": 1,
                "1100001110": 1,
                "1011100011": 1,
                "0001011011": 1,
                "0010010000": 1,
                "0101001101": 1,
                "1101101110": 1,
                "1001101001": 1,
                "0110011100": 1,
                "0111101110": 1,
                "1010111110": 1,
                "1100100010": 1,
                "0111110111": 1,
                "0100111111": 1,
                "0110010000": 1,
                "1000010100": 1,
                "1110010001": 1,
                "1101011111": 1,
                "1110100110": 1,
                "1001110011": 1,
                "0111011110": 1,
                "1101001111": 1,
                "1011111101": 1,
                "0101101100": 1,
                "0010011011": 1,
                "1111100010": 1,
                "1100111011": 1,
                "0101100101": 1,
                "1110110100": 1,
                "0100101001": 1,
                "1000110110": 1,
                "1010100001": 1,
                "0010010110": 1,
                "1011110001": 1,
                "1100010011": 1,
                "0000010000": 2,
                "1000101111": 2,
                "0000010110": 1,
                "1011000110": 1,
                "1001111110": 1,
                "0101101011": 1,
                "0100000101": 1,
                "0111110000": 1,
                "0011010100": 1,
                "0100010001": 1,
                "0000111111": 1,
                "0100000110": 1,
                "0101011110": 1,
                "1010010011": 1,
                "1001010010": 1,
                "1011111011": 1,
                "0000000100": 1,
                "0110001110": 1,
                "0000111100": 1,
                "1000101010": 1,
                "0100001000": 1,
                "0000000010": 1,
                "1001011101": 1,
                "1010011001": 1,
                "1010110011": 1,
                "1010011110": 1,
                "1110011010": 1,
                "1101110010": 1,
                "1011110000": 1,
                "1010100010": 1,
                "1100111110": 1,
                "0111011111": 1,
                "1101011011": 1,
                "0101001110": 1,
                "1000011011": 1,
                "0000110111": 1,
                "1110001111": 1,
                "1100001000": 1,
                "0000110011": 1,
                "0000010101": 1,
                "1101000011": 1,
                "1100001100": 1,
                "1010101110": 1,
                "1001101111": 1,
                "0011101100": 1,
                "1100101010": 1,
                "0101111011": 1,
                "0010001000": 1,
                "0010010101": 1,
                "1100111000": 1,
                "1111111100": 1,
                "0110110001": 1,
                "1000101110": 1,
                "0100001101": 1,
                "1011101110": 1,
                "1010111100": 1,
                "1011011111": 1,
                "1000101100": 1,
                "1000111000": 1,
                "0001101101": 1,
                "0011110011": 1
            },
            false,
            1.0
        ],
        [
            [
                [
                    -1,
                    -3,
                    -5
                ],
                [
                    9,
                    6,
                    -5
                ],
                [
                    1,
                    -4,
                    -7
                ],
                [
                    4,
                    -7,
                    5
                ],
                [
                    3,
                    -7,
                    5
                ],
                [
                    2,
                    1,
                    4
                ],
                [
                    5,
                    -4,
                    -1
                ],
                [
                    -3,
                    7,
                    2
                ],
                [
                    9,
                    1,
                    -6
                ],
                [
                    6,
                    -7,
                    8
                ],
                [
                    -6,
                    -3,
                    9
                ],
                [
                    -10,
                    6,
                    -2
                ],
                [
                    2,
                    -8,
                    7
                ],
                [
                    -7,
                    8,
                    -2
                ],
                [
                    9,
                    4,
                    -7
                ],
                [
                    -7,
                    5,
                    -1
                ],
                [
                    1,
                    -5,
                    -4
                ],
                [
                    -3,
                    -5,
                    9
                ],
                [
                    10,
                    1,
                    -7
                ],
                [
                    5,
                    -10,
                    3
                ],
                [
                    -2,
                    1,
                    9
                ],
                [
                    8,
                    -10,
                    -2
                ],
                [
                    2,
                    5,
                    7
                ],
                [
                    1,
                    3,
                    -5
                ],
                [
                    10,
                    4,
                    2
                ],
                [
                    -2,
                    -10,
                    7
                ],
                [
                    10,
                    -9,
                    -6
                ],
                [
                    -1,
                    5,
                    10
                ],
                [
                    2,
                    -6,
                    -7
                ],
                [
                    -9,
                    -7,
                    8
                ],
                [
                    1,
                    -9,
                    2
                ],
                [
                    -6,
                    8,
                    -3
                ],
                [
                    2,
                    -3,
                    4
                ],
                [
                    1,
                    8,
                    5
                ],
                [
                    -5,
                    2,
                    7
                ],
                [
                    4,
                    8,
                    -5
                ],
                [
                    -10,
                    -8,
                    7
                ],
                [
                    9,
                    3,
                    -7
                ],
                [
                    -1,
                    3,
                    2
                ],
                [
                    2,
                    7,
                    -6
                ],
                [
                    9,
                    -5,
                    6
                ],
                [
                    4,
                    -7,
                    -3
                ],
                [
                    6,
                    -2,
                    1
                ],
                [
                    6,
                    3,
                    -5
                ],
                [
                    7,
                    4,
                    9
                ]
            ],
            "{   'fun': 0.99,\n    'jac': None,\n    'nfev': 46,\n    'nit': None,\n    'njev': None,\n    'x': array([1.57483329, 2.40455353, 0.19933042, 2.44935624])}",
            {
                "1010101010": 1,
                "1100011011": 1,
                "0011011101": 1,
                "1100001111": 1,
                "1100010101": 1,
                "1001111110": 1,
                "0010000010": 1,
                "1010000101": 1,
                "1110011011": 1,
                "1001111111": 1,
                "1111111001": 1,
                "1101000100": 1,
                "0110010001": 1,
                "0100011100": 1,
                "1110011001": 1,
                "0111010101": 1,
                "0001000110": 1,
                "1111000100": 1,
                "1001101001": 1,
                "1011101110": 1,
                "0110110100": 1,
                "0101101111": 1,
                "1100010100": 1,
                "1101010111": 1,
                "1111001011": 1,
                "0001011101": 1,
                "0000110101": 2,
                "0100010111": 1,
                "1111101000": 1,
                "0010001101": 1,
                "1010001000": 1,
                "0111110010": 1,
                "1101001011": 1,
                "1011001011": 1,
                "1000101101": 1,
                "1111001110": 2,
                "1110111101": 1,
                "1000011000": 1,
                "0100001010": 1,
                "1010101001": 1,
                "1000100111": 1,
                "1110100100": 1,
                "1001011011": 1,
                "1100101110": 1,
                "0111011000": 1,
                "0001110001": 1,
                "0101111010": 1,
                "0111111101": 1,
                "0110111000": 1,
                "1000111000": 1,
                "1110000010": 1,
                "0101010001": 1,
                "0111001001": 1,
                "0111010010": 2,
                "1100000100": 1,
                "0000111111": 1,
                "1110100001": 1,
                "0111101010": 1,
                "0100111101": 1,
                "1101000000": 1,
                "0110100000": 1,
                "1010101011": 1,
                "1100011111": 1,
                "0100011001": 1,
                "0101011000": 1,
                "1010111101": 1,
                "1100110111": 1,
                "0011000101": 1,
                "0000011010": 1,
                "1001001110": 1,
                "0101100111": 1,
                "1100101000": 1,
                "1110000100": 1,
                "1001000010": 1,
                "1001101010": 1,
                "0100011101": 1,
                "1000010101": 1,
                "0110001110": 1,
                "1000100010": 1,
                "0101110100": 1,
                "1010101111": 1,
                "0100001100": 2,
                "1011101111": 1,
                "0000010100": 1,
                "0011011010": 1,
                "0110100011": 1,
                "1000110001": 1,
                "1101010000": 1,
                "0011100001": 1,
                "0000111001": 2,
                "1010111000": 1,
                "0101001000": 1,
                "1111101101": 1,
                "0111011101": 1,
                "0000100011": 1
            },
            true,
            0.95
        ]
    ]
}