{
    "n": 10,
    "m": 45,
    "results": [
        [
            [
                [
                    -2,
                    8,
                    9
                ],
                [
                    -5,
                    -3,
                    -6
                ],
                [
                    10,
                    4,
                    2
                ],
                [
                    -2,
                    9,
                    6
                ],
                [
                    -4,
                    1,
                    6
                ],
                [
                    3,
                    2,
                    -4
                ],
                [
                    8,
                    6,
                    -9
                ],
                [
                    10,
                    9,
                    1
                ],
                [
                    -10,
                    -1,
                    8
                ],
                [
                    10,
                    -8,
                    1
                ],
                [
                    2,
                    -3,
                    1
                ],
                [
                    -9,
                    10,
                    -7
                ],
                [
                    8,
                    -5,
                    -4
                ],
                [
                    -9,
                    -1,
                    7
                ],
                [
                    -3,
                    -2,
                    -7
                ],
                [
                    1,
                    -9,
                    5
                ],
                [
                    4,
                    -7,
                    -10
                ],
                [
                    -9,
                    6,
                    2
                ],
                [
                    -6,
                    9,
                    -2
                ],
                [
                    -5,
                    -8,
                    10
                ],
                [
                    -5,
                    -3,
                    7
                ],
                [
                    -8,
                    3,
                    7
                ],
                [
                    4,
                    10,
                    8
                ],
                [
                    8,
                    -3,
                    -2
                ],
                [
                    4,
                    2,
                    -10
                ],
                [
                    -5,
                    9,
                    4
                ],
                [
                    1,
                    -7,
                    -8
                ],
                [
                    10,
                    -7,
                    3
                ],
                [
                    1,
                    7,
                    4
                ],
                [
                    -7,
                    -1,
                    5
                ],
                [
                    -6,
                    7,
                    9
                ],
                [
                    5,
                    -10,
                    -9
                ],
                [
                    -6,
                    7,
                    -2
                ],
                [
                    -9,
                    7,
                    6
                ],
                [
                    -4,
                    -8,
                    2
                ],
                [
                    3,
                    -10,
                    2
                ],
                [
                    -9,
                    -2,
                    -10
                ],
                [
                    2,
                    -8,
                    -4
                ],
                [
                    -7,
                    -6,
                    4
                ],
                [
                    10,
                    9,
                    2
                ],
                [
                    6,
                    -7,
                    -3
                ],
                [
                    -3,
                    4,
                    9
                ],
                [
                    -7,
                    1,
                    2
                ],
                [
                    -1,
                    -8,
                    -3
                ],
                [
                    -10,
                    7,
                    9
                ]
            ],
            "{   'fun': 1.0,\n    'jac': None,\n    'nfev': 49,\n    'nit': None,\n    'njev': None,\n    'x': array([1.81635824, 0.49481195, 0.25664215, 0.60299632, 0.75131429,\n       0.35526777, 2.16444826, 3.12576065])}",
            {
                "1000100101": 1,
                "1101011011": 1,
                "1101010101": 1,
                "0100011100": 1,
                "0110111110": 1,
                "1100001100": 1,
                "0001101000": 1,
                "1111010100": 1,
                "1001100110": 1,
                "1010111100": 1,
                "0110001000": 1,
                "0101011110": 1,
                "0101111110": 1,
                "1111110000": 1,
                "1010001011": 1,
                "0110101001": 1,
                "0010110101": 1,
                "1010100111": 1,
                "0101011010": 1,
                "0001110111": 1,
                "1101001011": 1,
                "1101110010": 1,
                "0011101010": 1,
                "1111101000": 1,
                "1100110011": 1,
                "1000111111": 1,
                "1100010100": 1,
                "0111111110": 2,
                "1100001101": 1,
                "1011101101": 1,
                "1101110111": 1,
                "1101100110": 1,
                "1011111110": 1,
                "0111001111": 1,
                "0110101011": 1,
                "0000111011": 1,
                "1100101100": 1,
                "0110011110": 1,
                "0111100101": 1,
                "0110000101": 1,
                "1011111100": 1,
                "0010000101": 1,
                "1101011010": 1,
                "0101111011": 1,
                "0011110001": 1,
                "0010101110": 1,
                "0110111001": 1,
                "1101010110": 1,
                "1100001110": 1,
                "0100011011": 1,
                "0100101100": 1,
                "1111101001": 1,
                "0001111111": 1,
                "1110001010": 1,
                "1000000001": 1,
                "0111011011": 1,
                "0100000001": 1,
                "1000111011": 1,
                "1100110101": 1,
                "0100011001": 2,
                "0011001000": 1,
                "1110100110": 1,
                "0000111101": 1,
                "1010010010": 1,
                "1010001100": 1,
                "1000001001": 1,
                "0100011111": 1,
                "0110011100": 1,
                "1100000011": 1,
                "0011110010": 1,
                "0011111011": 1,
                "0111111001": 1,
                "0010110111": 1,
                "1010100110": 1,
                "1000010100": 1,
                "1000010010": 2,
                "1101110110": 1,
                "0000100100": 1,
                "1110110000": 1,
                "1001010101": 1,
                "0000010011": 1,
                "1010001101": 2,
                "1010000001": 1,
                "1011011100": 1,
                "1000110111": 1,
                "0001100110": 1,
                "0010001011": 1,
                "1000011111": 1,
                "1111101010": 2,
                "0101000100": 1,
                "0001011110": 1,
                "1011000111": 1,
                "0100000100": 1,
                "1111110011": 1,
                "1100001001": 1
            },
            false,
            1.0
        ],
        [
            [
                [
                    10,
                    -4,
                    9
                ],
                [
                    6,
                    -1,
                    -2
                ],
                [
                    -6,
                    4,
                    -3
                ],
                [
                    1,
                    10,
                    -6
                ],
                [
                    10,
                    -1,
                    6
                ],
                [
                    9,
                    5,
                    -3
                ],
                [
                    -5,
                    1,
                    7
                ],
                [
                    -9,
                    1,
                    4
                ],
                [
                    -5,
                    -3,
                    -6
                ],
                [
                    10,
                    8,
                    -6
                ],
                [
                    -10,
                    2,
                    7
                ],
                [
                    -8,
                    -9,
                    -7
                ],
                [
                    2,
                    1,
                    4
                ],
                [
                    -7,
                    10,
                    6
                ],
                [
                    3,
                    -7,
                    -6
                ],
                [
                    -7,
                    -2,
                    5
                ],
                [
                    7,
                    2,
                    5
                ],
                [
                    7,
                    9,
                    2
                ],
                [
                    -10,
                    4,
                    7
                ],
                [
                    9,
                    4,
                    6
                ],
                [
                    10,
                    -3,
                    5
                ],
                [
                    8,
                    -7,
                    4
                ],
                [
                    4,
                    1,
                    -5
                ],
                [
                    8,
                    4,
                    -1
                ],
                [
                    8,
                    -6,
                    2
                ],
                [
                    3,
                    1,
                    -7
                ],
                [
                    -1,
                    -8,
                    3
                ],
                [
                    9,
                    8,
                    -3
                ],
                [
                    -3,
                    1,
                    9
                ],
                [
                    -5,
                    6,
                    10
                ],
                [
                    9,
                    8,
                    -3
                ],
                [
                    6,
                    3,
                    -10
                ],
                [
                    -4,
                    -8,
                    10
                ],
                [
                    9,
                    -8,
                    -10
                ],
                [
                    5,
                    1,
                    -2
                ],
                [
                    -5,
                    -4,
                    -9
                ],
                [
                    3,
                    -9,
                    10
                ],
                [
                    -2,
                    -3,
                    -7
                ],
                [
                    -2,
                    -5,
                    10
                ],
                [
                    -3,
                    -10,
                    -2
                ],
                [
                    7,
                    6,
                    -10
                ],
                [
                    5,
                    8,
                    -2
                ],
                [
                    4,
                    -6,
                    2
                ],
                [
                    -5,
                    -10,
                    2
                ],
                [
                    1,
                    -7,
                    -6
                ]
            ],
            "{   'fun': 0.99,\n    'jac': None,\n    'nfev': 67,\n    'nit': None,\n    'njev': None,\n    'x': array([1.20550774, 0.72010109, 1.89709455, 2.36122861, 1.10548123,\n       0.99835002, 1.92671514, 1.14246073])}",
            {
                "1011101001": 1,
                "0110111110": 1,
                "0000111100": 1,
                "0111000000": 1,
                "1001010001": 1,
                "0001010011": 1,
                "1111000011": 1,
                "0011011101": 1,
                "0101101100": 1,
                "1011101110": 1,
                "1100010000": 1,
                "0111001101": 1,
                "1010011110": 1,
                "1001110001": 1,
                "1100111001": 1,
                "1000110101": 1,
                "0000111101": 1,
                "1110101110": 1,
                "1110011110": 1,
                "1100101100": 1,
                "1111110010": 1,
                "0110001001": 2,
                "0101001101": 1,
                "1100111101": 1,
                "0001110000": 1,
                "1110111000": 1,
                "0011110010": 1,
                "1110110110": 1,
                "0100010100": 1,
                "0100000000": 1,
                "0111001100": 1,
                "1000000011": 1,
                "0000110101": 1,
                "0100110101": 1,
                "1000110011": 1,
                "0101111100": 1,
                "1000001010": 1,
                "1000101100": 1,
                "0010001000": 1,
                "0101011010": 1,
                "1000000001": 1,
                "1110001010": 1,
                "1010001001": 1,
                "1100011101": 1,
                "1011100101": 1,
                "0100101111": 1,
                "0011001100": 1,
                "1101001010": 1,
                "0101000001": 1,
                "1010111111": 1,
                "1111001111": 1,
                "0100010001": 1,
                "0111011011": 1,
                "0011101110": 1,
                "1001110101": 1,
                "0111000110": 1,
                "0010110011": 2,
                "1110001011": 1,
                "1011111100": 1,
                "0111011001": 1,
                "1101001001": 1,
                "0000011111": 1,
                "0010000111": 1,
                "1010001100": 1,
                "1001010000": 1,
                "0101100111": 1,
                "0110100010": 1,
                "0100111010": 1,
                "0100011101": 1,
                "1111110001": 1,
                "1011100100": 1,
                "1100011110": 1,
                "0100111001": 1,
                "1111010000": 1,
                "0100100001": 1,
                "0000001011": 1,
                "1110000000": 1,
                "0001101010": 1,
                "0111010100": 1,
                "0110011100": 1,
                "0011001010": 1,
                "0010000011": 1,
                "1000111100": 1,
                "1000000101": 1,
                "0111001111": 1,
                "0000001101": 1,
                "0101001001": 1,
                "1000110000": 2,
                "0110001010": 1,
                "1011010010": 1,
                "0001110010": 1,
                "1110111010": 1,
                "1000001001": 1,
                "0111101101": 1,
                "0101000011": 1,
                "0000101111": 1,
                "0010011011": 1
            },
            true,
            0.96
        ],
        [
            [
                [
                    4,
                    3,
                    10
                ],
                [
                    10,
                    -1,
                    -4
                ],
                [
                    -10,
                    -6,
                    4
                ],
                [
                    3,
                    2,
                    -8
                ],
                [
                    7,
                    -4,
                    -8
                ],
                [
                    9,
                    -5,
                    -4
                ],
                [
                    4,
                    -5,
                    7
                ],
                [
                    10,
                    -5,
                    4
                ],
                [
                    -2,
                    -1,
                    -10
                ],
                [
                    5,
                    9,
                    -8
                ],
                [
                    9,
                    -2,
                    4
                ],
                [
                    3,
                    9,
                    -8
                ],
                [
                    6,
                    9,
                    -4
                ],
                [
                    3,
                    -7,
                    9
                ],
                [
                    -3,
                    4,
                    6
                ],
                [
                    -4,
                    10,
                    2
                ],
                [
                    -6,
                    -2,
                    8
                ],
                [
                    -2,
                    -6,
                    8
                ],
                [
                    10,
                    -7,
                    5
                ],
                [
                    -8,
                    10,
                    -1
                ],
                [
                    10,
                    -8,
                    5
                ],
                [
                    -6,
                    5,
                    -10
                ],
                [
                    10,
                    -9,
                    -2
                ],
                [
                    -10,
                    -6,
                    -7
                ],
                [
                    5,
                    9,
                    -1
                ],
                [
                    7,
                    5,
                    -9
                ],
                [
                    7,
                    -5,
                    3
                ],
                [
                    5,
                    -10,
                    -6
                ],
                [
                    -10,
                    2,
                    3
                ],
                [
                    -3,
                    4,
                    -5
                ],
                [
                    10,
                    -7,
                    -5
                ],
                [
                    -7,
                    4,
                    -2
                ],
                [
                    9,
                    3,
                    1
                ],
                [
                    6,
                    -5,
                    -2
                ],
                [
                    -1,
                    9,
                    -8
                ],
                [
                    6,
                    -4,
                    9
                ],
                [
                    -6,
                    -4,
                    -5
                ],
                [
                    -8,
                    1,
                    7
                ],
                [
                    -8,
                    10,
                    -6
                ],
                [
                    5,
                    -2,
                    6
                ],
                [
                    5,
                    2,
                    4
                ],
                [
                    7,
                    1,
                    6
                ],
                [
                    -7,
                    8,
                    5
                ],
                [
                    2,
                    -3,
                    10
                ],
                [
                    -2,
                    7,
                    1
                ]
            ],
            "{   'fun': 0.88,\n    'jac': None,\n    'nfev': 87,\n    'nit': None,\n    'njev': None,\n    'x': array([-0.31524349,  1.8270316 ,  0.67730365,  1.0228791 ,  2.31919734,\n        2.03759344,  0.14976182,  0.30440108])}",
            {
                "1101010110": 1,
                "1011100110": 1,
                "0100101001": 1,
                "1101100111": 1,
                "0100011101": 1,
                "1010000011": 1,
                "0010100000": 1,
                "1000111001": 1,
                "1101010100": 1,
                "1110010100": 1,
                "1101001111": 1,
                "0001000001": 1,
                "1011100010": 1,
                "0110010001": 1,
                "1011011100": 1,
                "0001110011": 1,
                "1111111001": 1,
                "0111011111": 1,
                "0100101010": 1,
                "1011001101": 1,
                "0011100111": 1,
                "1011110111": 1,
                "0010111001": 1,
                "1011011101": 1,
                "1100010110": 1,
                "1101111000": 1,
                "1100111100": 1,
                "0100110010": 1,
                "1011101111": 1,
                "1110101110": 1,
                "1011001011": 1,
                "1101011101": 2,
                "0100110011": 1,
                "1100010000": 1,
                "0000011100": 1,
                "0011100010": 1,
                "1000000110": 1,
                "0011101010": 1,
                "0111100011": 1,
                "1111010101": 1,
                "1110011100": 1,
                "0000100011": 1,
                "0011000010": 1,
                "1000011100": 1,
                "0110111100": 1,
                "1110000110": 1,
                "0101100010": 1,
                "1001011100": 1,
                "0010000011": 1,
                "1000111100": 1,
                "1111001101": 3,
                "0010010010": 1,
                "1001001110": 1,
                "1100011101": 1,
                "1101011111": 1,
                "0100011010": 1,
                "0100011000": 1,
                "1111111100": 1,
                "0110101111": 1,
                "0010110011": 1,
                "0010100011": 1,
                "1100111011": 1,
                "0000100111": 1,
                "0111100110": 1,
                "0011001111": 1,
                "0000111100": 1,
                "0010110000": 1,
                "0110111011": 1,
                "1111001100": 2,
                "1011011110": 1,
                "0111010100": 2,
                "1110000000": 1,
                "1011110011": 1,
                "1001001101": 1,
                "0011001100": 1,
                "0101101011": 1,
                "0000001101": 1,
                "1001011000": 1,
                "1111001111": 1,
                "0010110111": 1,
                "1011001110": 1,
                "0100000011": 1,
                "0000110011": 1,
                "0110110000": 1,
                "1001001011": 1,
                "1111011101": 4,
                "0000010010": 1,
                "0000111010": 1,
                "0101001010": 1,
                "1100111001": 1,
                "1101001000": 1,
                "1111011001": 1
            },
            true,
            0.83
        ],
        [
            [
                [
                    -2,
                    5,
                    10
                ],
                [
                    4,
                    -6,
                    9
                ],
                [
                    -7,
                    -6,
                    -3
                ],
                [
                    -5,
                    -10,
                    -2
                ],
                [
                    6,
                    1,
                    2
                ],
                [
                    -6,
                    3,
                    10
                ],
                [
                    8,
                    6,
                    5
                ],
                [
                    5,
                    -10,
                    -1
                ],
                [
                    5,
                    3,
                    -9
                ],
                [
                    -2,
                    -8,
                    1
                ],
                [
                    -7,
                    -1,
                    8
                ],
                [
                    -9,
                    7,
                    -1
                ],
                [
                    -5,
                    -6,
                    -1
                ],
                [
                    1,
                    2,
                    7
                ],
                [
                    9,
                    5,
                    -2
                ],
                [
                    7,
                    -1,
                    -8
                ],
                [
                    1,
                    -10,
                    -3
                ],
                [
                    -10,
                    5,
                    1
                ],
                [
                    -8,
                    -3,
                    -10
                ],
                [
                    -6,
                    8,
                    4
                ],
                [
                    -10,
                    -4,
                    -9
                ],
                [
                    -3,
                    6,
                    -9
                ],
                [
                    -10,
                    7,
                    1
                ],
                [
                    5,
                    -8,
                    6
                ],
                [
                    -5,
                    8,
                    1
                ],
                [
                    -7,
                    3,
                    4
                ],
                [
                    -2,
                    9,
                    -10
                ],
                [
                    -3,
                    -7,
                    -4
                ],
                [
                    -9,
                    4,
                    -3
                ],
                [
                    4,
                    3,
                    -1
                ],
                [
                    -2,
                    3,
                    9
                ],
                [
                    10,
                    7,
                    6
                ],
                [
                    -5,
                    6,
                    1
                ],
                [
                    7,
                    1,
                    6
                ],
                [
                    3,
                    -7,
                    9
                ],
                [
                    4,
                    -8,
                    7
                ],
                [
                    -9,
                    3,
                    -2
                ],
                [
                    4,
                    -2,
                    -6
                ],
                [
                    1,
                    3,
                    -5
                ],
                [
                    -7,
                    4,
                    5
                ],
                [
                    -1,
                    8,
                    -6
                ],
                [
                    9,
                    -6,
                    -5
                ],
                [
                    4,
                    -8,
                    3
                ],
                [
                    -2,
                    -7,
                    -8
                ],
                [
                    10,
                    -2,
                    -8
                ]
            ],
            "{   'fun': 0.96,\n    'jac': None,\n    'nfev': 90,\n    'nit': None,\n    'njev': None,\n    'x': array([3.16614794, 1.83670615, 0.43645298, 0.87770087, 0.71120634,\n       0.53918192, 0.33252479, 0.85481829])}",
            {
                "1000011111": 1,
                "1001010010": 1,
                "1101000100": 1,
                "0101000111": 1,
                "1111111011": 1,
                "0110011101": 1,
                "1000001110": 1,
                "1101001111": 1,
                "1011111101": 1,
                "0101001110": 1,
                "1110010001": 1,
                "1110110010": 1,
                "1010011000": 1,
                "0001001001": 2,
                "0011001010": 1,
                "0111000000": 1,
                "1101101110": 1,
                "0011111000": 1,
                "0111001111": 1,
                "0111000101": 1,
                "1101101011": 1,
                "1111100000": 1,
                "1000011101": 1,
                "0101111100": 1,
                "0011100011": 1,
                "0111011011": 1,
                "1010010000": 1,
                "1000100101": 1,
                "1000101100": 1,
                "0011001101": 1,
                "1011001001": 1,
                "1011110111": 1,
                "0111011000": 1,
                "0010100001": 1,
                "0101100101": 1,
                "1011000011": 1,
                "0011111101": 1,
                "0001111101": 1,
                "1110000110": 1,
                "1111000011": 1,
                "1000010011": 1,
                "0000001001": 1,
                "0111010110": 1,
                "1000011110": 1,
                "1010000001": 1,
                "1000101011": 1,
                "0000100101": 1,
                "1010011100": 1,
                "1110011010": 1,
                "1011000000": 1,
                "1101000110": 1,
                "0100111101": 1,
                "0000000111": 1,
                "0011010000": 1,
                "1010101101": 1,
                "1110010100": 1,
                "0001001101": 1,
                "0101101110": 1,
                "0001001010": 1,
                "1001110011": 1,
                "1010100100": 1,
                "1101011001": 1,
                "1010111100": 1,
                "1100010010": 1,
                "1111111010": 2,
                "1011010000": 1,
                "1100010110": 1,
                "0011000000": 1,
                "0111111101": 1,
                "0110100011": 1,
                "0011011010": 2,
                "1111011001": 1,
                "1001101101": 1,
                "0000110010": 1,
                "1001100101": 1,
                "1010000010": 1,
                "0010111010": 1,
                "1110011110": 1,
                "0100000010": 1,
                "1100110111": 1,
                "1010100011": 1,
                "0001100010": 1,
                "1111011110": 1,
                "0011110000": 1,
                "1010100000": 1,
                "0101011111": 2,
                "0100101101": 1,
                "1001011011": 1,
                "0111001000": 1,
                "1001110100": 1,
                "1010011011": 1,
                "1001010100": 1,
                "1110101111": 1,
                "1111101001": 1,
                "1010111110": 1,
                "0111100110": 1
            },
            true,
            0.9
        ],
        [
            [
                [
                    1,
                    -2,
                    -8
                ],
                [
                    6,
                    2,
                    7
                ],
                [
                    9,
                    5,
                    2
                ],
                [
                    -10,
                    -3,
                    7
                ],
                [
                    -1,
                    7,
                    -2
                ],
                [
                    9,
                    -8,
                    2
                ],
                [
                    -10,
                    1,
                    -7
                ],
                [
                    -3,
                    -4,
                    -7
                ],
                [
                    8,
                    9,
                    10
                ],
                [
                    -7,
                    -6,
                    4
                ],
                [
                    -7,
                    10,
                    -8
                ],
                [
                    -9,
                    -8,
                    5
                ],
                [
                    -5,
                    7,
                    6
                ],
                [
                    -5,
                    9,
                    -7
                ],
                [
                    -2,
                    4,
                    -7
                ],
                [
                    -6,
                    1,
                    -3
                ],
                [
                    -10,
                    1,
                    4
                ],
                [
                    -8,
                    -5,
                    10
                ],
                [
                    -1,
                    7,
                    6
                ],
                [
                    7,
                    -1,
                    -10
                ],
                [
                    -3,
                    5,
                    10
                ],
                [
                    10,
                    -9,
                    -1
                ],
                [
                    3,
                    2,
                    -7
                ],
                [
                    2,
                    9,
                    5
                ],
                [
                    -4,
                    -2,
                    3
                ],
                [
                    3,
                    -4,
                    7
                ],
                [
                    7,
                    -1,
                    -6
                ],
                [
                    -10,
                    3,
                    -2
                ],
                [
                    5,
                    -3,
                    -8
                ],
                [
                    1,
                    -10,
                    -5
                ],
                [
                    -10,
                    9,
                    -8
                ],
                [
                    -7,
                    -1,
                    -3
                ],
                [
                    1,
                    -4,
                    8
                ],
                [
                    -2,
                    3,
                    5
                ],
                [
                    3,
                    7,
                    8
                ],
                [
                    -1,
                    -6,
                    -2
                ],
                [
                    2,
                    5,
                    7
                ],
                [
                    -5,
                    -7,
                    -3
                ],
                [
                    5,
                    9,
                    6
                ],
                [
                    -10,
                    -2,
                    7
                ],
                [
                    -5,
                    -1,
                    10
                ],
                [
                    5,
                    6,
                    9
                ],
                [
                    -5,
                    -8,
                    -9
                ],
                [
                    -10,
                    4,
                    7
                ],
                [
                    2,
                    4,
                    6
                ]
            ],
            "{   'fun': 1.0,\n    'jac': None,\n    'nfev': 49,\n    'nit': None,\n    'njev': None,\n    'x': array([2.5701968 , 2.63437836, 1.98367466, 0.48936482, 2.24505123,\n       1.05055914, 0.75198785, 2.768817  ])}",
            {
                "1110111100": 1,
                "0001001001": 1,
                "0100111110": 1,
                "1101011101": 1,
                "0101110111": 1,
                "1101111011": 1,
                "0001001101": 1,
                "0001111000": 1,
                "0010000000": 1,
                "0100000000": 1,
                "0010101101": 1,
                "1101111001": 1,
                "0010001110": 1,
                "0011101010": 1,
                "1100010111": 1,
                "0110000110": 1,
                "1110100001": 2,
                "0101010000": 1,
                "0110100110": 1,
                "1000011110": 1,
                "1101111010": 1,
                "1101110100": 1,
                "0010010011": 1,
                "0101111011": 1,
                "0000111000": 1,
                "1111010101": 2,
                "0101011010": 1,
                "1001000111": 1,
                "0011010100": 1,
                "1111110001": 1,
                "0101100110": 1,
                "1000000001": 1,
                "0001001111": 2,
                "0111010101": 1,
                "0000011111": 1,
                "1110100010": 1,
                "1000110100": 1,
                "1000111100": 1,
                "0110010100": 1,
                "0000111100": 1,
                "1011000001": 2,
                "1111101000": 1,
                "1011101010": 1,
                "0101110001": 1,
                "0000100001": 1,
                "1100010010": 1,
                "1011000110": 1,
                "1011001110": 1,
                "1100011011": 1,
                "1000011111": 1,
                "1101010101": 1,
                "1101100000": 1,
                "1001111001": 1,
                "1001010001": 1,
                "0110110111": 1,
                "0101111111": 2,
                "0111010010": 1,
                "1011100110": 1,
                "0111101111": 1,
                "1010011110": 1,
                "0111110101": 1,
                "0110001010": 1,
                "1010001110": 1,
                "0100010010": 1,
                "1000000100": 1,
                "1000100011": 2,
                "0110101111": 1,
                "0100111011": 1,
                "1000001101": 1,
                "1100100111": 1,
                "0001111110": 1,
                "1000010010": 1,
                "1101011000": 1,
                "0001011101": 1,
                "1010000111": 1,
                "0011110011": 1,
                "0101110100": 1,
                "1101000011": 1,
                "1100011101": 1,
                "1000100101": 1,
                "1000111001": 1,
                "1001111110": 1,
                "0110000000": 1,
                "1100101000": 1,
                "1110000100": 1,
                "1101011100": 1,
                "1010000101": 1,
                "0001010101": 1,
                "1010111010": 1,
                "1111111010": 1,
                "0000101101": 1,
                "1110101100": 1,
                "0010011110": 1,
                "1100011000": 1
            },
            false,
            1.0
        ]
    ]
}