{
    "n": 10,
    "m": 45,
    "results": [
        [
            [
                [
                    10,
                    7,
                    4
                ],
                [
                    4,
                    6,
                    -3
                ],
                [
                    9,
                    -7,
                    3
                ],
                [
                    -8,
                    -3,
                    5
                ],
                [
                    9,
                    3,
                    4
                ],
                [
                    5,
                    2,
                    1
                ],
                [
                    9,
                    4,
                    1
                ],
                [
                    9,
                    8,
                    6
                ],
                [
                    9,
                    -6,
                    -10
                ],
                [
                    10,
                    -3,
                    4
                ],
                [
                    7,
                    8,
                    -4
                ],
                [
                    10,
                    5,
                    -9
                ],
                [
                    5,
                    -6,
                    1
                ],
                [
                    5,
                    8,
                    4
                ],
                [
                    3,
                    -4,
                    -10
                ],
                [
                    2,
                    10,
                    4
                ],
                [
                    8,
                    3,
                    9
                ],
                [
                    -9,
                    -6,
                    4
                ],
                [
                    1,
                    -2,
                    -10
                ],
                [
                    -7,
                    4,
                    -5
                ],
                [
                    -1,
                    9,
                    -10
                ],
                [
                    9,
                    -7,
                    8
                ],
                [
                    -6,
                    -9,
                    -7
                ],
                [
                    -8,
                    -7,
                    6
                ],
                [
                    -8,
                    -10,
                    -9
                ],
                [
                    -3,
                    -1,
                    -7
                ],
                [
                    2,
                    -6,
                    -5
                ],
                [
                    -7,
                    2,
                    9
                ],
                [
                    -9,
                    -8,
                    -1
                ],
                [
                    -7,
                    -4,
                    3
                ],
                [
                    -2,
                    3,
                    -1
                ],
                [
                    6,
                    -5,
                    -9
                ],
                [
                    -9,
                    -8,
                    -6
                ],
                [
                    -3,
                    -2,
                    -4
                ],
                [
                    -1,
                    2,
                    3
                ],
                [
                    -7,
                    8,
                    5
                ],
                [
                    6,
                    10,
                    -3
                ],
                [
                    1,
                    -10,
                    -7
                ],
                [
                    4,
                    -6,
                    10
                ],
                [
                    9,
                    -4,
                    5
                ],
                [
                    1,
                    7,
                    -3
                ],
                [
                    6,
                    -4,
                    9
                ],
                [
                    -3,
                    7,
                    10
                ],
                [
                    -7,
                    4,
                    5
                ],
                [
                    -2,
                    7,
                    9
                ]
            ],
            "{   'fun': 1.0,\n    'jac': None,\n    'nfev': 49,\n    'nit': None,\n    'njev': None,\n    'x': array([1.81635824, 0.49481195, 0.25664215, 0.60299632, 0.75131429,\n       0.35526777, 2.16444826, 3.12576065])}",
            {
                "1110111001": 1,
                "0111101110": 1,
                "1000101000": 1,
                "1001101011": 1,
                "1011110101": 1,
                "1000010100": 1,
                "0101110000": 1,
                "1000000001": 1,
                "1001010010": 1,
                "0110000110": 1,
                "1011011101": 1,
                "1101110101": 1,
                "1100010010": 1,
                "1101001101": 2,
                "0100101110": 1,
                "0111101001": 1,
                "0010010111": 1,
                "0000000111": 1,
                "1000101101": 1,
                "1010010010": 1,
                "1000011111": 1,
                "1111101010": 1,
                "1011111101": 1,
                "0001001001": 1,
                "0110111110": 1,
                "0110100011": 1,
                "1001000000": 1,
                "0011101111": 1,
                "0011010001": 1,
                "0101110110": 1,
                "0000101000": 1,
                "1101011001": 1,
                "0110001010": 1,
                "0110010000": 1,
                "1001000101": 1,
                "1011111111": 1,
                "1010011001": 1,
                "0101010010": 1,
                "0010111011": 1,
                "0010000000": 1,
                "0010111010": 1,
                "1011101001": 1,
                "0010001100": 1,
                "1011110011": 1,
                "0110001100": 1,
                "0111110011": 1,
                "0000000101": 1,
                "0001101010": 1,
                "1010010110": 1,
                "1101101110": 1,
                "0111000000": 1,
                "1011100101": 1,
                "0000100000": 1,
                "1001001101": 1,
                "1010100101": 1,
                "0100100101": 1,
                "0101000110": 1,
                "0011110011": 1,
                "0101110100": 1,
                "0000100100": 1,
                "0000111000": 1,
                "1101000100": 1,
                "1111010101": 1,
                "1101101001": 1,
                "0011011111": 1,
                "1100110100": 1,
                "0100010111": 2,
                "1001001001": 1,
                "1100001111": 2,
                "0011011000": 1,
                "0111011010": 1,
                "0100111101": 1,
                "0010011010": 2,
                "0101000111": 1,
                "1011011000": 1,
                "0010011101": 1,
                "0101000000": 1,
                "1100111000": 1,
                "1001001010": 1,
                "1011010001": 1,
                "0001111111": 1,
                "0111110100": 1,
                "1011101111": 1,
                "1111010000": 1,
                "0100110011": 1,
                "1010000101": 2,
                "0011010011": 1,
                "0001101000": 1,
                "0110001001": 1,
                "1001111011": 2,
                "1100011000": 1,
                "0001001011": 1,
                "0011000100": 1,
                "1001101001": 1
            },
            false,
            1.0
        ],
        [
            [
                [
                    -6,
                    -1,
                    -7
                ],
                [
                    2,
                    -4,
                    7
                ],
                [
                    1,
                    -7,
                    -8
                ],
                [
                    -6,
                    5,
                    1
                ],
                [
                    -7,
                    -3,
                    -4
                ],
                [
                    -5,
                    8,
                    -10
                ],
                [
                    -7,
                    -9,
                    -8
                ],
                [
                    10,
                    1,
                    -5
                ],
                [
                    -10,
                    -1,
                    5
                ],
                [
                    -5,
                    8,
                    4
                ],
                [
                    4,
                    1,
                    -5
                ],
                [
                    8,
                    9,
                    5
                ],
                [
                    -1,
                    10,
                    8
                ],
                [
                    5,
                    -8,
                    3
                ],
                [
                    1,
                    -10,
                    -2
                ],
                [
                    -6,
                    -4,
                    -7
                ],
                [
                    1,
                    10,
                    -6
                ],
                [
                    2,
                    -10,
                    8
                ],
                [
                    2,
                    9,
                    6
                ],
                [
                    -5,
                    2,
                    7
                ],
                [
                    1,
                    6,
                    -7
                ],
                [
                    4,
                    2,
                    7
                ],
                [
                    10,
                    7,
                    -8
                ],
                [
                    -5,
                    9,
                    -7
                ],
                [
                    -8,
                    -1,
                    5
                ],
                [
                    -10,
                    3,
                    8
                ],
                [
                    4,
                    8,
                    5
                ],
                [
                    -7,
                    3,
                    -9
                ],
                [
                    -9,
                    -4,
                    8
                ],
                [
                    -6,
                    9,
                    -4
                ],
                [
                    4,
                    -9,
                    7
                ],
                [
                    -9,
                    7,
                    8
                ],
                [
                    -9,
                    -6,
                    -8
                ],
                [
                    9,
                    -4,
                    -10
                ],
                [
                    8,
                    -3,
                    9
                ],
                [
                    6,
                    -3,
                    7
                ],
                [
                    7,
                    6,
                    1
                ],
                [
                    -9,
                    8,
                    -7
                ],
                [
                    2,
                    -4,
                    -10
                ],
                [
                    7,
                    4,
                    9
                ],
                [
                    10,
                    -4,
                    1
                ],
                [
                    -5,
                    3,
                    10
                ],
                [
                    -1,
                    -6,
                    9
                ],
                [
                    -5,
                    -7,
                    10
                ],
                [
                    -9,
                    8,
                    2
                ]
            ],
            "{   'fun': 0.98,\n    'jac': None,\n    'nfev': 82,\n    'nit': None,\n    'njev': None,\n    'x': array([2.58319245, 0.34193486, 1.51932528, 0.98321194, 1.10553014,\n       0.62026162, 1.54888355, 0.76452749])}",
            {
                "1010111001": 1,
                "0010101010": 1,
                "1110110010": 1,
                "1010100111": 1,
                "1100111010": 1,
                "0000010100": 1,
                "1011010010": 1,
                "1110001100": 1,
                "1001000011": 1,
                "0001010010": 1,
                "1110011011": 2,
                "0000101001": 1,
                "0110011111": 1,
                "0110110110": 1,
                "0010001001": 1,
                "0100010010": 1,
                "1011100010": 1,
                "1111111111": 1,
                "1111110110": 1,
                "1111011101": 1,
                "0100010001": 1,
                "1101001011": 1,
                "0000101010": 1,
                "0010001111": 1,
                "0010110000": 1,
                "1100010100": 1,
                "1001110101": 1,
                "1101110110": 1,
                "0000110100": 1,
                "0101000100": 1,
                "0000001110": 2,
                "0011010010": 1,
                "1111101111": 1,
                "1111101110": 1,
                "1101001111": 1,
                "1010110011": 1,
                "0110100111": 1,
                "0011111010": 1,
                "0011110000": 1,
                "1111101101": 1,
                "0101001010": 1,
                "1101011010": 1,
                "1000110011": 1,
                "0101001100": 1,
                "1011100011": 1,
                "0111100000": 1,
                "1100000001": 1,
                "0101100001": 1,
                "1111111101": 2,
                "0010011100": 1,
                "0111110111": 1,
                "0010010101": 1,
                "1001111100": 1,
                "0100001001": 1,
                "1000000011": 1,
                "0101110100": 1,
                "1111000111": 1,
                "0110101100": 1,
                "0101000101": 1,
                "1001011001": 1,
                "0011100110": 1,
                "1000010110": 1,
                "0111010101": 1,
                "0010000111": 1,
                "0111001000": 1,
                "1001110100": 1,
                "1011010011": 1,
                "1110010101": 1,
                "1111110001": 1,
                "1001101100": 1,
                "1000010100": 1,
                "1001011011": 1,
                "0100111010": 1,
                "1110011110": 1,
                "0010101101": 1,
                "1101111001": 1,
                "0110111101": 1,
                "1011101001": 1,
                "1100010111": 1,
                "1111111110": 1,
                "1100011110": 1,
                "1010101110": 1,
                "1110101011": 1,
                "0000001010": 1,
                "0000100111": 1,
                "1110100011": 2,
                "1000100010": 1,
                "0111001011": 1,
                "1011110011": 1,
                "1100100011": 1,
                "1000101100": 1,
                "1010011001": 1,
                "1010111101": 1,
                "0000110000": 1,
                "1101101000": 1,
                "0001010110": 1
            },
            true,
            0.96
        ],
        [
            [
                [
                    5,
                    -1,
                    -2
                ],
                [
                    7,
                    -9,
                    -4
                ],
                [
                    -8,
                    9,
                    6
                ],
                [
                    9,
                    3,
                    7
                ],
                [
                    -8,
                    6,
                    -2
                ],
                [
                    3,
                    9,
                    -8
                ],
                [
                    2,
                    8,
                    10
                ],
                [
                    2,
                    5,
                    1
                ],
                [
                    3,
                    -9,
                    2
                ],
                [
                    1,
                    -3,
                    -4
                ],
                [
                    -9,
                    -10,
                    7
                ],
                [
                    3,
                    9,
                    -4
                ],
                [
                    5,
                    -1,
                    7
                ],
                [
                    3,
                    4,
                    -10
                ],
                [
                    8,
                    3,
                    -9
                ],
                [
                    4,
                    3,
                    8
                ],
                [
                    -7,
                    3,
                    8
                ],
                [
                    -1,
                    10,
                    -6
                ],
                [
                    -10,
                    -5,
                    6
                ],
                [
                    -2,
                    10,
                    5
                ],
                [
                    3,
                    -4,
                    9
                ],
                [
                    -1,
                    2,
                    9
                ],
                [
                    9,
                    -8,
                    3
                ],
                [
                    -5,
                    7,
                    -8
                ],
                [
                    6,
                    -3,
                    -8
                ],
                [
                    3,
                    -4,
                    1
                ],
                [
                    9,
                    -4,
                    6
                ],
                [
                    -5,
                    3,
                    -6
                ],
                [
                    4,
                    -10,
                    -7
                ],
                [
                    -7,
                    -6,
                    10
                ],
                [
                    2,
                    3,
                    -10
                ],
                [
                    5,
                    2,
                    -1
                ],
                [
                    -7,
                    -10,
                    -4
                ],
                [
                    1,
                    -9,
                    -6
                ],
                [
                    -2,
                    8,
                    10
                ],
                [
                    9,
                    -7,
                    3
                ],
                [
                    2,
                    -7,
                    9
                ],
                [
                    -6,
                    -7,
                    5
                ],
                [
                    -10,
                    1,
                    -5
                ],
                [
                    10,
                    -4,
                    1
                ],
                [
                    6,
                    5,
                    1
                ],
                [
                    -3,
                    -4,
                    -9
                ],
                [
                    4,
                    9,
                    8
                ],
                [
                    -8,
                    6,
                    -4
                ],
                [
                    2,
                    -10,
                    8
                ]
            ],
            "{   'fun': 0.91,\n    'jac': None,\n    'nfev': 81,\n    'nit': None,\n    'njev': None,\n    'x': array([-0.40226385,  1.10341826,  0.57165124,  2.84204786,  2.65081013,\n        2.27056798,  0.74089019,  0.30673484])}",
            {
                "1101010001": 1,
                "0000101100": 1,
                "1101011101": 1,
                "0000100100": 1,
                "1110010110": 1,
                "1100101011": 1,
                "1110000010": 1,
                "1101110100": 1,
                "1000001000": 1,
                "1101010100": 1,
                "1101101100": 1,
                "0111001001": 1,
                "0000000111": 1,
                "0010110111": 1,
                "1010100110": 1,
                "0010011101": 1,
                "0110000110": 1,
                "1110101111": 1,
                "0011011010": 1,
                "1110001100": 1,
                "0000010001": 1,
                "0000000110": 1,
                "1100101100": 1,
                "0100101000": 1,
                "0110001010": 1,
                "1000111011": 1,
                "0110100111": 1,
                "0010101111": 1,
                "1100111100": 1,
                "1111000011": 1,
                "0111101011": 1,
                "1010000001": 1,
                "1000000100": 1,
                "1111010110": 2,
                "0010110011": 1,
                "1100100101": 1,
                "0101010111": 1,
                "0011011011": 1,
                "0001101000": 1,
                "0101001101": 1,
                "0101111010": 1,
                "1100000111": 1,
                "1101111101": 1,
                "1110100110": 1,
                "1001110010": 1,
                "1101010011": 1,
                "0100111100": 1,
                "1101101000": 1,
                "0011110000": 1,
                "1110011000": 1,
                "0110100001": 1,
                "1000000010": 1,
                "0100010011": 1,
                "1100010101": 1,
                "1100101000": 1,
                "0010111100": 1,
                "1100010110": 1,
                "0111111101": 1,
                "1001001100": 1,
                "1101010101": 1,
                "1000111111": 4,
                "1000000000": 1,
                "0010000101": 1,
                "0101111000": 1,
                "1110111101": 1,
                "1100111111": 1,
                "1101101110": 1,
                "0000011101": 1,
                "0000011010": 1,
                "0011110010": 1,
                "1111000100": 1,
                "0010001110": 1,
                "1111100001": 1,
                "0010100001": 1,
                "0100010111": 1,
                "1111011101": 1,
                "1100100001": 1,
                "0100011000": 1,
                "1001011011": 1,
                "1011001100": 1,
                "0110010110": 1,
                "1110101000": 1,
                "1011110101": 2,
                "1011111001": 1,
                "0101001010": 1,
                "1110010101": 1,
                "0011101100": 1,
                "0011001111": 1,
                "0000111100": 1,
                "1011010101": 1,
                "0110101001": 2,
                "1001001010": 1,
                "1111101010": 1,
                "1000011111": 1
            },
            true,
            0.87
        ],
        [
            [
                [
                    3,
                    8,
                    -6
                ],
                [
                    8,
                    9,
                    10
                ],
                [
                    9,
                    -2,
                    -8
                ],
                [
                    8,
                    -3,
                    -1
                ],
                [
                    -5,
                    6,
                    -1
                ],
                [
                    -3,
                    5,
                    6
                ],
                [
                    -3,
                    -5,
                    -9
                ],
                [
                    2,
                    3,
                    -7
                ],
                [
                    -2,
                    -8,
                    10
                ],
                [
                    4,
                    9,
                    6
                ],
                [
                    4,
                    -1,
                    3
                ],
                [
                    1,
                    -2,
                    5
                ],
                [
                    -5,
                    -6,
                    -4
                ],
                [
                    3,
                    5,
                    7
                ],
                [
                    -9,
                    2,
                    -5
                ],
                [
                    4,
                    -7,
                    9
                ],
                [
                    3,
                    6,
                    -5
                ],
                [
                    5,
                    4,
                    9
                ],
                [
                    -6,
                    -8,
                    -7
                ],
                [
                    5,
                    -3,
                    1
                ],
                [
                    -7,
                    -3,
                    -9
                ],
                [
                    3,
                    -7,
                    -4
                ],
                [
                    7,
                    1,
                    -8
                ],
                [
                    2,
                    -5,
                    7
                ],
                [
                    -7,
                    -10,
                    -9
                ],
                [
                    -9,
                    -1,
                    6
                ],
                [
                    -3,
                    4,
                    9
                ],
                [
                    5,
                    -4,
                    -9
                ],
                [
                    -8,
                    -3,
                    2
                ],
                [
                    8,
                    4,
                    -3
                ],
                [
                    5,
                    9,
                    -1
                ],
                [
                    9,
                    3,
                    6
                ],
                [
                    9,
                    8,
                    5
                ],
                [
                    -10,
                    4,
                    -3
                ],
                [
                    -6,
                    2,
                    -4
                ],
                [
                    3,
                    -7,
                    -6
                ],
                [
                    10,
                    -4,
                    -7
                ],
                [
                    -8,
                    4,
                    -10
                ],
                [
                    6,
                    -4,
                    -9
                ],
                [
                    2,
                    10,
                    5
                ],
                [
                    -7,
                    -2,
                    6
                ],
                [
                    2,
                    5,
                    -6
                ],
                [
                    7,
                    3,
                    -4
                ],
                [
                    -9,
                    -4,
                    -1
                ],
                [
                    4,
                    5,
                    8
                ]
            ],
            "{   'fun': 0.99,\n    'jac': None,\n    'nfev': 69,\n    'nit': None,\n    'njev': None,\n    'x': array([1.81181052, 3.01740602, 1.2743298 , 1.30692623, 0.92126493,\n       1.89041753, 0.50545479, 1.4074678 ])}",
            {
                "0111100001": 1,
                "0001000011": 1,
                "0010011110": 1,
                "0100000111": 1,
                "0110100111": 1,
                "1101100111": 1,
                "0111010011": 1,
                "0000001011": 1,
                "1010001010": 1,
                "1010000010": 1,
                "0011000101": 1,
                "0111010010": 1,
                "1000111111": 1,
                "1101011101": 1,
                "1000011011": 1,
                "0011100100": 1,
                "1111000111": 1,
                "0001101101": 1,
                "1001111001": 1,
                "1000011000": 1,
                "0100110110": 1,
                "0101011000": 1,
                "1001011100": 2,
                "0100100011": 1,
                "0011111100": 1,
                "0101100010": 1,
                "0111110110": 1,
                "0011011011": 1,
                "0001111000": 1,
                "1110001000": 1,
                "1101001001": 1,
                "1001000010": 1,
                "1101011110": 1,
                "1001000101": 1,
                "1101110100": 1,
                "1001010100": 1,
                "0010100100": 1,
                "1000010011": 1,
                "1111111001": 2,
                "1001011111": 1,
                "0110101101": 1,
                "1100010010": 1,
                "1010111100": 1,
                "1011110100": 1,
                "1111100110": 1,
                "1010000001": 3,
                "0010111001": 2,
                "1000011110": 2,
                "1101111110": 1,
                "1111001000": 1,
                "0111101100": 1,
                "1111011000": 1,
                "1001000011": 1,
                "0110100010": 1,
                "0010111100": 1,
                "1111110101": 1,
                "1101101100": 1,
                "1000001100": 1,
                "0110110001": 1,
                "1100110110": 1,
                "0010110110": 1,
                "0110100011": 1,
                "0011110000": 1,
                "1100101001": 1,
                "0010111110": 1,
                "1000001010": 1,
                "1001111000": 1,
                "0001010001": 1,
                "1101011011": 1,
                "0011101011": 1,
                "1100111111": 1,
                "0110110101": 1,
                "0001101111": 1,
                "0000110011": 1,
                "0101110110": 1,
                "0010100011": 1,
                "0111011000": 1,
                "1110110110": 1,
                "1011010001": 1,
                "0001100100": 1,
                "0011100110": 1,
                "1000100001": 1,
                "1110001110": 1,
                "0010000111": 1,
                "1111110100": 1,
                "1000000000": 1,
                "1010011000": 1,
                "0011110001": 1,
                "0010011011": 1,
                "0010010001": 1,
                "0011101010": 1,
                "0110101010": 1,
                "0111101001": 1,
                "1111000100": 1
            },
            true,
            0.96
        ],
        [
            [
                [
                    7,
                    6,
                    5
                ],
                [
                    2,
                    1,
                    3
                ],
                [
                    -4,
                    -7,
                    9
                ],
                [
                    7,
                    -5,
                    -1
                ],
                [
                    3,
                    -5,
                    -9
                ],
                [
                    5,
                    10,
                    4
                ],
                [
                    -1,
                    5,
                    9
                ],
                [
                    -5,
                    -1,
                    8
                ],
                [
                    7,
                    9,
                    2
                ],
                [
                    6,
                    -7,
                    -9
                ],
                [
                    -8,
                    7,
                    -10
                ],
                [
                    -3,
                    6,
                    -5
                ],
                [
                    -7,
                    1,
                    -9
                ],
                [
                    -1,
                    -7,
                    6
                ],
                [
                    -10,
                    5,
                    -2
                ],
                [
                    3,
                    -8,
                    -6
                ],
                [
                    9,
                    1,
                    8
                ],
                [
                    -3,
                    10,
                    2
                ],
                [
                    6,
                    4,
                    9
                ],
                [
                    9,
                    10,
                    1
                ],
                [
                    6,
                    -1,
                    2
                ],
                [
                    -2,
                    4,
                    7
                ],
                [
                    7,
                    9,
                    -1
                ],
                [
                    -7,
                    2,
                    -5
                ],
                [
                    -10,
                    -7,
                    4
                ],
                [
                    -1,
                    6,
                    -5
                ],
                [
                    -1,
                    4,
                    -9
                ],
                [
                    -1,
                    5,
                    -8
                ],
                [
                    -10,
                    3,
                    1
                ],
                [
                    -4,
                    3,
                    -5
                ],
                [
                    10,
                    6,
                    -3
                ],
                [
                    -4,
                    7,
                    -1
                ],
                [
                    9,
                    6,
                    -3
                ],
                [
                    1,
                    5,
                    -8
                ],
                [
                    -4,
                    -5,
                    -3
                ],
                [
                    -9,
                    1,
                    3
                ],
                [
                    -6,
                    -2,
                    -3
                ],
                [
                    7,
                    -4,
                    1
                ],
                [
                    4,
                    -1,
                    -9
                ],
                [
                    4,
                    10,
                    -5
                ],
                [
                    4,
                    -5,
                    -7
                ],
                [
                    2,
                    -7,
                    -9
                ],
                [
                    -6,
                    7,
                    -8
                ],
                [
                    1,
                    -3,
                    -2
                ],
                [
                    -3,
                    -5,
                    -6
                ]
            ],
            "{   'fun': 0.96,\n    'jac': None,\n    'nfev': 72,\n    'nit': None,\n    'njev': None,\n    'x': array([2.81964205, 2.59259051, 1.906583  , 0.44339065, 2.35960804,\n       1.18752579, 0.74231027, 2.61085477])}",
            {
                "1111111110": 1,
                "1101011000": 1,
                "1100110110": 2,
                "0101111101": 1,
                "1010011001": 1,
                "1111101000": 1,
                "0011010001": 1,
                "1011000010": 1,
                "1111001100": 1,
                "0000100100": 1,
                "1010010010": 1,
                "0010111101": 1,
                "1101100000": 1,
                "1001011010": 1,
                "0110000010": 2,
                "0001010011": 1,
                "1100110101": 1,
                "1001111001": 1,
                "0101111011": 1,
                "0010001000": 1,
                "1001001001": 1,
                "0111101010": 1,
                "1100111101": 1,
                "1000110000": 1,
                "0100010100": 1,
                "1100101100": 1,
                "1100010011": 1,
                "1010011000": 1,
                "1100000010": 1,
                "0101011110": 1,
                "1100111010": 1,
                "0110010101": 1,
                "0100011011": 1,
                "0101111111": 1,
                "0011111110": 1,
                "0111110110": 1,
                "1010000001": 1,
                "0011011010": 1,
                "1011000111": 1,
                "1011001010": 1,
                "1110010101": 2,
                "0000010011": 1,
                "1010010100": 5,
                "1011100101": 1,
                "0110111000": 1,
                "0011110000": 1,
                "1010100000": 1,
                "1110000101": 1,
                "0111000101": 1,
                "0000010110": 1,
                "0001000001": 1,
                "1111111101": 1,
                "0010010010": 1,
                "0100000001": 1,
                "0000011010": 1,
                "1101110100": 1,
                "0000000111": 1,
                "1100100100": 2,
                "1011000011": 1,
                "1100100011": 1,
                "1010011111": 1,
                "1101101011": 1,
                "0101100011": 1,
                "0111100110": 1,
                "0101100110": 1,
                "1100110100": 1,
                "0010010000": 1,
                "1001000010": 1,
                "0100100100": 1,
                "0101001010": 1,
                "0101000111": 1,
                "0011101000": 1,
                "0001001011": 2,
                "1011000101": 1,
                "0101101010": 2,
                "1101011010": 1,
                "1011111100": 1,
                "1010101010": 1,
                "1110100101": 1,
                "1011011101": 1,
                "0101100111": 1,
                "0111011100": 1,
                "1100011111": 1,
                "0111001000": 1,
                "1000111000": 1,
                "1000011111": 1,
                "0010111000": 1,
                "0001101111": 1,
                "0110000011": 1,
                "0101101101": 1
            },
            true,
            0.92
        ]
    ]
}