{
    "n": 10,
    "m": 45,
    "results": [
        [
            [
                [
                    -2,
                    10,
                    4
                ],
                [
                    7,
                    -9,
                    -6
                ],
                [
                    7,
                    10,
                    1
                ],
                [
                    -2,
                    -9,
                    -8
                ],
                [
                    -9,
                    -1,
                    -5
                ],
                [
                    -10,
                    2,
                    6
                ],
                [
                    6,
                    -3,
                    7
                ],
                [
                    3,
                    6,
                    -9
                ],
                [
                    -4,
                    1,
                    -6
                ],
                [
                    -3,
                    -5,
                    -10
                ],
                [
                    -3,
                    5,
                    7
                ],
                [
                    -8,
                    -3,
                    4
                ],
                [
                    9,
                    -6,
                    -3
                ],
                [
                    10,
                    3,
                    1
                ],
                [
                    -10,
                    -5,
                    -2
                ],
                [
                    -4,
                    -3,
                    9
                ],
                [
                    4,
                    8,
                    9
                ],
                [
                    -1,
                    2,
                    -5
                ],
                [
                    -8,
                    5,
                    -3
                ],
                [
                    8,
                    4,
                    7
                ],
                [
                    -2,
                    -7,
                    -3
                ],
                [
                    3,
                    -4,
                    1
                ],
                [
                    -4,
                    -6,
                    10
                ],
                [
                    -7,
                    5,
                    2
                ],
                [
                    9,
                    -8,
                    7
                ],
                [
                    7,
                    -10,
                    -4
                ],
                [
                    -2,
                    -5,
                    6
                ],
                [
                    -10,
                    6,
                    -1
                ],
                [
                    -4,
                    10,
                    -8
                ],
                [
                    3,
                    -9,
                    1
                ],
                [
                    -7,
                    6,
                    -10
                ],
                [
                    -2,
                    -10,
                    -5
                ],
                [
                    7,
                    1,
                    5
                ],
                [
                    7,
                    2,
                    -8
                ],
                [
                    5,
                    7,
                    4
                ],
                [
                    6,
                    -5,
                    -8
                ],
                [
                    -1,
                    -8,
                    3
                ],
                [
                    -8,
                    2,
                    3
                ],
                [
                    -5,
                    -2,
                    -9
                ],
                [
                    -9,
                    -3,
                    6
                ],
                [
                    6,
                    4,
                    -2
                ],
                [
                    -5,
                    10,
                    -1
                ],
                [
                    10,
                    -4,
                    2
                ],
                [
                    5,
                    -2,
                    6
                ],
                [
                    -7,
                    -4,
                    -9
                ]
            ],
            "{   'fun': 0.97,\n    'jac': None,\n    'nfev': 189,\n    'nit': 0,\n    'njev': 21,\n    'x': array([2.43056353, 2.58611626, 1.58920063, 1.27969017, 0.28672592,\n       1.39678086, 2.72992658, 1.35219818])}",
            {
                "1101110101": 1,
                "0100001000": 1,
                "0011000011": 1,
                "0111110110": 1,
                "1000000010": 1,
                "1110001101": 1,
                "1100011000": 2,
                "0101000101": 1,
                "0001000001": 1,
                "0010000101": 1,
                "0001001000": 1,
                "1101110111": 1,
                "1111000100": 1,
                "1111110010": 1,
                "0100100111": 1,
                "0101001110": 1,
                "1011001001": 1,
                "0001011011": 2,
                "0011100100": 1,
                "1011100010": 4,
                "0000100011": 1,
                "0101001011": 1,
                "1110001100": 1,
                "1011011010": 1,
                "1100110000": 1,
                "1011010110": 1,
                "0100010100": 1,
                "0010110110": 1,
                "1001101000": 1,
                "0111101111": 1,
                "0101001111": 2,
                "1110111001": 1,
                "1001100111": 1,
                "0101011000": 1,
                "1100011111": 1,
                "1001111010": 1,
                "1001101011": 1,
                "1101110010": 1,
                "0001111011": 1,
                "1010101100": 1,
                "1110010011": 1,
                "1010101101": 1,
                "0111000000": 1,
                "1011100101": 1,
                "0111001001": 1,
                "0000001000": 1,
                "0101010011": 1,
                "1000011110": 1,
                "1001011110": 1,
                "0111011110": 1,
                "1100010101": 1,
                "1100101110": 1,
                "1111010000": 1,
                "0010011111": 1,
                "0110100111": 1,
                "0000011100": 1,
                "0101110100": 1,
                "0110000010": 2,
                "1010011010": 1,
                "0111000111": 1,
                "0101010110": 1,
                "1011100100": 1,
                "1101111101": 1,
                "0110011101": 1,
                "0010001011": 2,
                "0010111000": 1,
                "1101100011": 3,
                "1010110100": 1,
                "0010001101": 1,
                "1111101000": 1,
                "1000101110": 1,
                "0001100011": 1,
                "0011110000": 1,
                "0001101001": 1,
                "1111100100": 1,
                "1000111110": 1,
                "0011101101": 1,
                "0110100011": 1,
                "1111110110": 1,
                "0101100001": 1,
                "1010011001": 1,
                "1111111010": 1,
                "0011111101": 1,
                "0001011101": 2,
                "1110100101": 1,
                "1010111001": 1,
                "1011111000": 2,
                "1100010110": 1
            },
            true,
            0.89
        ],
        [
            [
                [
                    -10,
                    2,
                    -8
                ],
                [
                    9,
                    6,
                    3
                ],
                [
                    -4,
                    7,
                    -9
                ],
                [
                    10,
                    4,
                    -7
                ],
                [
                    3,
                    -4,
                    -9
                ],
                [
                    1,
                    5,
                    -4
                ],
                [
                    3,
                    -1,
                    -7
                ],
                [
                    -6,
                    -8,
                    -10
                ],
                [
                    1,
                    -2,
                    -8
                ],
                [
                    -1,
                    -3,
                    -5
                ],
                [
                    -9,
                    -3,
                    -6
                ],
                [
                    7,
                    10,
                    -6
                ],
                [
                    6,
                    8,
                    -10
                ],
                [
                    -2,
                    10,
                    -3
                ],
                [
                    -5,
                    10,
                    -2
                ],
                [
                    3,
                    5,
                    2
                ],
                [
                    -10,
                    -5,
                    3
                ],
                [
                    -7,
                    -10,
                    1
                ],
                [
                    -8,
                    -9,
                    -1
                ],
                [
                    1,
                    -2,
                    3
                ],
                [
                    8,
                    -9,
                    -6
                ],
                [
                    3,
                    -8,
                    7
                ],
                [
                    -8,
                    -7,
                    -5
                ],
                [
                    6,
                    2,
                    -9
                ],
                [
                    -9,
                    6,
                    1
                ],
                [
                    -9,
                    -8,
                    -1
                ],
                [
                    9,
                    -5,
                    8
                ],
                [
                    -6,
                    -2,
                    8
                ],
                [
                    1,
                    5,
                    -6
                ],
                [
                    -6,
                    3,
                    -7
                ],
                [
                    -8,
                    -5,
                    2
                ],
                [
                    -8,
                    6,
                    -2
                ],
                [
                    -7,
                    5,
                    -4
                ],
                [
                    1,
                    -2,
                    6
                ],
                [
                    10,
                    -2,
                    -1
                ],
                [
                    8,
                    -1,
                    2
                ],
                [
                    2,
                    6,
                    -9
                ],
                [
                    10,
                    2,
                    -7
                ],
                [
                    -9,
                    -8,
                    7
                ],
                [
                    7,
                    -4,
                    -1
                ],
                [
                    -1,
                    4,
                    -5
                ],
                [
                    -10,
                    -6,
                    -3
                ],
                [
                    -2,
                    -8,
                    4
                ],
                [
                    4,
                    -5,
                    2
                ],
                [
                    4,
                    -3,
                    10
                ]
            ],
            "{   'fun': 1.0,\n    'jac': None,\n    'nfev': 9,\n    'nit': 0,\n    'njev': 1,\n    'x': array([0.11335274, 0.64267565, 2.00111908, 0.46956595, 1.4004297 ,\n       0.42343266, 1.58876697, 2.8190626 ])}",
            {
                "0100000010": 1,
                "0111110001": 1,
                "0110100101": 1,
                "0011100100": 1,
                "0110011111": 1,
                "0101111100": 1,
                "0000101101": 1,
                "1011110011": 1,
                "1101110000": 1,
                "0100110010": 1,
                "0000111110": 1,
                "1110100000": 1,
                "1100100010": 1,
                "1111001010": 1,
                "0110001001": 1,
                "0100001100": 1,
                "0101010010": 1,
                "0100001000": 1,
                "0100011000": 1,
                "0110000011": 1,
                "1111101111": 1,
                "1011000111": 1,
                "1010101001": 1,
                "0100010000": 1,
                "1101110100": 1,
                "1100101101": 1,
                "0000101100": 1,
                "1001001010": 1,
                "0000011101": 1,
                "0111011111": 1,
                "0011100011": 1,
                "0101011101": 1,
                "1111001101": 2,
                "0101110010": 1,
                "1101111010": 1,
                "1000001011": 1,
                "0010100001": 1,
                "0001111110": 1,
                "0000000110": 1,
                "1001100101": 1,
                "0111110011": 1,
                "0101000100": 2,
                "0000000101": 1,
                "0001101111": 1,
                "0001110101": 1,
                "0011111100": 1,
                "0000110100": 1,
                "0000111001": 1,
                "1001000110": 1,
                "1001100100": 1,
                "1010000110": 1,
                "0011100101": 1,
                "0101101111": 1,
                "0110000000": 1,
                "1111101001": 1,
                "0111001110": 1,
                "1001110010": 1,
                "0010010000": 1,
                "1001101010": 2,
                "1001101110": 1,
                "1100110001": 1,
                "0100110101": 1,
                "1100001011": 2,
                "1100000011": 1,
                "0000001101": 1,
                "1101101001": 1,
                "1011001110": 1,
                "1010101111": 1,
                "0011110011": 1,
                "1100001110": 1,
                "0101000010": 1,
                "0000011110": 1,
                "1011110010": 1,
                "1010101000": 1,
                "0010111011": 1,
                "0001110100": 1,
                "0110011001": 1,
                "0101111011": 1,
                "1010010111": 1,
                "0010001000": 1,
                "1010100010": 1,
                "0100110011": 1,
                "1111010000": 1,
                "0111100110": 2,
                "0101001100": 1,
                "1101011010": 1,
                "1010100000": 1,
                "0000010000": 1,
                "0010000010": 1,
                "1001101000": 2,
                "1101111100": 1,
                "0111111101": 1,
                "0001101011": 1,
                "1110011101": 1
            },
            false,
            1.0
        ],
        [
            [
                [
                    6,
                    -5,
                    8
                ],
                [
                    8,
                    3,
                    -1
                ],
                [
                    -6,
                    -2,
                    8
                ],
                [
                    6,
                    5,
                    2
                ],
                [
                    1,
                    -5,
                    6
                ],
                [
                    3,
                    7,
                    -1
                ],
                [
                    7,
                    -2,
                    -6
                ],
                [
                    7,
                    -1,
                    -10
                ],
                [
                    -5,
                    9,
                    -1
                ],
                [
                    9,
                    -2,
                    -6
                ],
                [
                    1,
                    8,
                    -10
                ],
                [
                    8,
                    2,
                    5
                ],
                [
                    -2,
                    3,
                    1
                ],
                [
                    8,
                    -6,
                    -4
                ],
                [
                    -2,
                    -3,
                    -7
                ],
                [
                    -7,
                    -3,
                    -8
                ],
                [
                    9,
                    7,
                    2
                ],
                [
                    -5,
                    -8,
                    6
                ],
                [
                    7,
                    -8,
                    -2
                ],
                [
                    6,
                    -2,
                    10
                ],
                [
                    -3,
                    -4,
                    7
                ],
                [
                    2,
                    7,
                    9
                ],
                [
                    -6,
                    10,
                    -4
                ],
                [
                    3,
                    5,
                    2
                ],
                [
                    -3,
                    -4,
                    -6
                ],
                [
                    7,
                    3,
                    -1
                ],
                [
                    10,
                    3,
                    4
                ],
                [
                    1,
                    -10,
                    9
                ],
                [
                    10,
                    -9,
                    1
                ],
                [
                    3,
                    -4,
                    -7
                ],
                [
                    8,
                    -2,
                    4
                ],
                [
                    -10,
                    -7,
                    -3
                ],
                [
                    7,
                    -5,
                    -2
                ],
                [
                    -6,
                    8,
                    5
                ],
                [
                    8,
                    7,
                    10
                ],
                [
                    10,
                    7,
                    -1
                ],
                [
                    7,
                    -4,
                    9
                ],
                [
                    -8,
                    5,
                    7
                ],
                [
                    9,
                    7,
                    3
                ],
                [
                    7,
                    -3,
                    -1
                ],
                [
                    -6,
                    -4,
                    7
                ],
                [
                    10,
                    -1,
                    -5
                ],
                [
                    -2,
                    5,
                    1
                ],
                [
                    2,
                    -7,
                    6
                ],
                [
                    8,
                    6,
                    -7
                ]
            ],
            "{   'fun': 0.98,\n    'jac': None,\n    'nfev': 189,\n    'nit': 0,\n    'njev': 21,\n    'x': array([1.3981937 , 0.73956463, 2.7379648 , 0.46117424, 0.65115442,\n       0.01888568, 0.20752713, 2.72924342])}",
            {
                "1000110010": 1,
                "0101100010": 1,
                "1111010100": 1,
                "1011111010": 2,
                "0000101101": 1,
                "0110011000": 1,
                "0010100010": 1,
                "1111010000": 1,
                "0111011101": 1,
                "0001111000": 1,
                "0001101010": 1,
                "1011110111": 1,
                "0100110010": 1,
                "0100111100": 1,
                "0011111001": 1,
                "0001010111": 1,
                "1111100101": 1,
                "1001010010": 1,
                "0100011000": 1,
                "0001110111": 1,
                "0001010101": 1,
                "0111000010": 1,
                "1011100110": 1,
                "1001101011": 1,
                "1000000100": 1,
                "1010000011": 1,
                "0101001110": 1,
                "0001110100": 2,
                "1100000110": 1,
                "0110101100": 1,
                "1110011000": 1,
                "0000000101": 1,
                "0011100011": 1,
                "1111110011": 1,
                "0100011101": 1,
                "1001101010": 1,
                "1000111101": 1,
                "1101010000": 1,
                "0111001011": 1,
                "0000100010": 1,
                "0000011110": 1,
                "1111011011": 1,
                "0000001101": 1,
                "1001010111": 1,
                "1011101001": 1,
                "1110111100": 1,
                "1010100001": 1,
                "0010000111": 1,
                "0100001110": 1,
                "0010010101": 1,
                "1010011110": 1,
                "0001011000": 1,
                "1001001111": 1,
                "1000010001": 1,
                "1111110000": 2,
                "1111000000": 1,
                "1110000100": 1,
                "0110000000": 1,
                "0111100111": 1,
                "0001001011": 1,
                "0011101010": 1,
                "0010010001": 1,
                "0011011101": 1,
                "1110000001": 1,
                "1110110000": 2,
                "0110011001": 1,
                "0110010111": 1,
                "0001010001": 1,
                "0101110101": 1,
                "0110111001": 1,
                "1111110110": 1,
                "1001000000": 1,
                "0000101001": 1,
                "0001000011": 1,
                "1110000101": 1,
                "0001101110": 1,
                "1010101101": 1,
                "0001001010": 1,
                "1000001111": 1,
                "1100111100": 1,
                "1100001110": 1,
                "0111001100": 1,
                "1111101001": 1,
                "1111100011": 1,
                "1001010110": 1,
                "0101100001": 1,
                "0010101000": 1,
                "0101111000": 2,
                "1100011111": 1,
                "0101011000": 1,
                "1011101011": 1,
                "0110000101": 1,
                "0001101011": 1,
                "1001110001": 1,
                "1001001000": 1
            },
            true,
            0.87
        ],
        [
            [
                [
                    1,
                    7,
                    -4
                ],
                [
                    -4,
                    -6,
                    8
                ],
                [
                    2,
                    -9,
                    -4
                ],
                [
                    -1,
                    9,
                    -7
                ],
                [
                    -10,
                    4,
                    7
                ],
                [
                    7,
                    6,
                    -2
                ],
                [
                    -3,
                    2,
                    -1
                ],
                [
                    -6,
                    -1,
                    -9
                ],
                [
                    -7,
                    -10,
                    6
                ],
                [
                    5,
                    -7,
                    -3
                ],
                [
                    -1,
                    -3,
                    9
                ],
                [
                    -10,
                    5,
                    -9
                ],
                [
                    6,
                    3,
                    8
                ],
                [
                    -2,
                    -8,
                    6
                ],
                [
                    2,
                    10,
                    7
                ],
                [
                    6,
                    -8,
                    -3
                ],
                [
                    9,
                    10,
                    -3
                ],
                [
                    -8,
                    5,
                    6
                ],
                [
                    5,
                    -7,
                    -1
                ],
                [
                    -4,
                    -7,
                    -6
                ],
                [
                    6,
                    -4,
                    -2
                ],
                [
                    -7,
                    -8,
                    -3
                ],
                [
                    -6,
                    2,
                    3
                ],
                [
                    -5,
                    -2,
                    6
                ],
                [
                    1,
                    5,
                    3
                ],
                [
                    9,
                    2,
                    5
                ],
                [
                    -5,
                    -7,
                    -2
                ],
                [
                    -6,
                    -5,
                    -10
                ],
                [
                    -7,
                    6,
                    10
                ],
                [
                    2,
                    -9,
                    -6
                ],
                [
                    4,
                    -6,
                    -10
                ],
                [
                    -10,
                    -3,
                    9
                ],
                [
                    6,
                    7,
                    -8
                ],
                [
                    -2,
                    -3,
                    8
                ],
                [
                    -8,
                    7,
                    -10
                ],
                [
                    -4,
                    -10,
                    -6
                ],
                [
                    2,
                    -9,
                    7
                ],
                [
                    -9,
                    -2,
                    -4
                ],
                [
                    -8,
                    6,
                    9
                ],
                [
                    -10,
                    7,
                    9
                ],
                [
                    -7,
                    9,
                    -3
                ],
                [
                    -7,
                    5,
                    8
                ],
                [
                    8,
                    1,
                    5
                ],
                [
                    -3,
                    -1,
                    -7
                ],
                [
                    -4,
                    -6,
                    7
                ]
            ],
            "{   'fun': 0.97,\n    'jac': None,\n    'nfev': 216,\n    'nit': 2,\n    'njev': 24,\n    'x': array([1.2980972 , 1.51304619, 0.67244475, 1.64201211, 0.03176735,\n       1.56170419, 0.69038503, 2.2931898 ])}",
            {
                "0010100110": 1,
                "0000111001": 1,
                "0000100011": 1,
                "0101101111": 1,
                "0110100001": 1,
                "0101011000": 1,
                "0000110001": 1,
                "1111111000": 1,
                "0111110011": 1,
                "0011110011": 1,
                "1100011011": 1,
                "0111000001": 1,
                "0010000101": 1,
                "1101011010": 1,
                "0100101101": 1,
                "0110010101": 1,
                "1011111000": 1,
                "1111101110": 1,
                "0101110011": 1,
                "0000110000": 1,
                "0011111001": 1,
                "1111110000": 1,
                "0000100100": 1,
                "0110100110": 1,
                "1000011110": 2,
                "1101100110": 2,
                "1000000100": 1,
                "1110000000": 1,
                "1100100011": 1,
                "0011000010": 1,
                "0100110110": 1,
                "0000101001": 1,
                "0001000011": 1,
                "1000110110": 1,
                "1111110100": 1,
                "0011100011": 1,
                "0010010000": 1,
                "0100001001": 1,
                "0100000000": 1,
                "0001111111": 1,
                "0010110010": 1,
                "1100101011": 1,
                "1001101111": 1,
                "1100101101": 1,
                "1110001000": 1,
                "0100001011": 1,
                "1100100110": 1,
                "0000100111": 1,
                "1001100111": 1,
                "1100010001": 1,
                "0011001100": 1,
                "1111111111": 1,
                "0000100000": 1,
                "0111010000": 1,
                "1000001010": 1,
                "0101001001": 1,
                "1001010100": 1,
                "0111000111": 1,
                "1011100011": 1,
                "1011110010": 1,
                "0101100000": 1,
                "1001101001": 1,
                "1000100111": 1,
                "0100001110": 1,
                "0010110100": 1,
                "1001000101": 1,
                "0110011111": 1,
                "0010000110": 1,
                "1000010110": 1,
                "1111010000": 1,
                "0111100110": 1,
                "0100100010": 1,
                "0000001000": 1,
                "0000111101": 1,
                "0100111000": 1,
                "1001001110": 1,
                "0110001010": 1,
                "0010000010": 1,
                "0000101011": 1,
                "0101111110": 1,
                "1001010111": 1,
                "1000011000": 1,
                "1101110011": 1,
                "1001111011": 1,
                "1100101100": 1,
                "0011011100": 2,
                "1010010111": 1,
                "1110100111": 1,
                "0011011011": 2,
                "1100010101": 1,
                "1110011111": 1,
                "0000000011": 1,
                "1111011110": 1,
                "1110101000": 1,
                "1101010001": 1,
                "1010100111": 1
            },
            true,
            0.9
        ],
        [
            [
                [
                    2,
                    -10,
                    8
                ],
                [
                    4,
                    10,
                    -2
                ],
                [
                    -6,
                    -7,
                    1
                ],
                [
                    9,
                    -7,
                    -8
                ],
                [
                    5,
                    1,
                    8
                ],
                [
                    6,
                    1,
                    8
                ],
                [
                    2,
                    -10,
                    -6
                ],
                [
                    -7,
                    2,
                    3
                ],
                [
                    -8,
                    -6,
                    -2
                ],
                [
                    9,
                    -2,
                    4
                ],
                [
                    9,
                    2,
                    -8
                ],
                [
                    2,
                    -3,
                    1
                ],
                [
                    -8,
                    -2,
                    -5
                ],
                [
                    7,
                    -9,
                    10
                ],
                [
                    -7,
                    9,
                    5
                ],
                [
                    7,
                    1,
                    6
                ],
                [
                    6,
                    9,
                    8
                ],
                [
                    -9,
                    1,
                    -6
                ],
                [
                    -5,
                    7,
                    -3
                ],
                [
                    -7,
                    3,
                    -5
                ],
                [
                    5,
                    9,
                    4
                ],
                [
                    -10,
                    5,
                    -8
                ],
                [
                    10,
                    -7,
                    -3
                ],
                [
                    -5,
                    -10,
                    7
                ],
                [
                    5,
                    2,
                    9
                ],
                [
                    -4,
                    1,
                    7
                ],
                [
                    5,
                    -2,
                    8
                ],
                [
                    9,
                    -3,
                    8
                ],
                [
                    -1,
                    6,
                    4
                ],
                [
                    8,
                    -9,
                    -7
                ],
                [
                    2,
                    4,
                    -8
                ],
                [
                    -5,
                    2,
                    -10
                ],
                [
                    -4,
                    -6,
                    10
                ],
                [
                    1,
                    -4,
                    -5
                ],
                [
                    -3,
                    -1,
                    -10
                ],
                [
                    -9,
                    -5,
                    -4
                ],
                [
                    -10,
                    3,
                    4
                ],
                [
                    -4,
                    -8,
                    -7
                ],
                [
                    2,
                    6,
                    -5
                ],
                [
                    3,
                    -9,
                    4
                ],
                [
                    3,
                    4,
                    8
                ],
                [
                    4,
                    -2,
                    3
                ],
                [
                    7,
                    -1,
                    -10
                ],
                [
                    7,
                    -8,
                    -1
                ],
                [
                    -1,
                    8,
                    -7
                ]
            ],
            "{   'fun': 1.0,\n    'jac': None,\n    'nfev': 9,\n    'nit': 0,\n    'njev': 1,\n    'x': array([0.62824875, 0.63304003, 1.90872717, 1.83929159, 0.55726243,\n       0.94828209, 0.37123251, 0.71003052])}",
            {
                "1010110101": 1,
                "1100100001": 1,
                "0111111010": 1,
                "1010101001": 1,
                "1100011101": 1,
                "0111101100": 1,
                "0110001010": 1,
                "0011011111": 1,
                "1110000001": 1,
                "0010100000": 1,
                "0001100001": 1,
                "0011011110": 1,
                "0110100000": 1,
                "0001101111": 1,
                "1111100010": 1,
                "1111011010": 1,
                "1000010010": 1,
                "0011100111": 1,
                "1011110111": 1,
                "0001010001": 1,
                "0010010111": 1,
                "1011100101": 1,
                "1001000000": 1,
                "0101111000": 1,
                "0101000000": 1,
                "0010011110": 1,
                "0111000001": 1,
                "0010110001": 1,
                "0011001010": 1,
                "0001100011": 1,
                "0000111100": 1,
                "0111100111": 2,
                "1110111111": 1,
                "1100101010": 1,
                "1001000110": 1,
                "1011111001": 1,
                "1000001111": 1,
                "0111100110": 1,
                "1011111011": 1,
                "1000010000": 1,
                "0000101000": 1,
                "0101110010": 1,
                "0001111000": 1,
                "1010110111": 1,
                "0011010000": 1,
                "1001001001": 1,
                "0001011100": 1,
                "1110100111": 1,
                "0111110110": 1,
                "1000001001": 1,
                "0011000100": 1,
                "0101011011": 1,
                "0001001011": 1,
                "1011000101": 1,
                "0110110110": 1,
                "0110110011": 1,
                "1011011101": 1,
                "1110100101": 1,
                "1111111100": 1,
                "1011101000": 1,
                "1000001100": 1,
                "0101101001": 1,
                "1100101011": 2,
                "0000011000": 1,
                "1101010010": 1,
                "0011110111": 1,
                "1100011110": 1,
                "1101010100": 1,
                "1001101110": 1,
                "0110101000": 1,
                "1101101011": 1,
                "1111000011": 1,
                "1001101010": 1,
                "1100100110": 1,
                "1111111101": 1,
                "1100001100": 1,
                "1101001001": 1,
                "0100100000": 1,
                "1100110100": 1,
                "1110010100": 1,
                "1111100100": 1,
                "0100110101": 1,
                "0110110000": 1,
                "0000010110": 2,
                "1011000110": 1,
                "0000010001": 1,
                "1101011111": 1,
                "0101110001": 1,
                "0000111000": 1,
                "0010101011": 1,
                "0111110100": 1,
                "0000010100": 2,
                "1001001010": 1,
                "1101010000": 1,
                "1000111101": 1,
                "1100000111": 1
            },
            false,
            1.0
        ]
    ]
}