{
    "n": 10,
    "m": 45,
    "results": [
        [
            [
                [
                    -10,
                    -2,
                    -6
                ],
                [
                    -1,
                    4,
                    -5
                ],
                [
                    -10,
                    5,
                    -2
                ],
                [
                    9,
                    7,
                    -5
                ],
                [
                    9,
                    -2,
                    1
                ],
                [
                    10,
                    5,
                    7
                ],
                [
                    -8,
                    7,
                    5
                ],
                [
                    4,
                    -3,
                    9
                ],
                [
                    1,
                    9,
                    4
                ],
                [
                    -8,
                    -7,
                    10
                ],
                [
                    -9,
                    -3,
                    10
                ],
                [
                    -2,
                    4,
                    3
                ],
                [
                    8,
                    -4,
                    -6
                ],
                [
                    -10,
                    -6,
                    -3
                ],
                [
                    -1,
                    -7,
                    9
                ],
                [
                    2,
                    1,
                    7
                ],
                [
                    2,
                    9,
                    4
                ],
                [
                    -9,
                    5,
                    -2
                ],
                [
                    9,
                    8,
                    -6
                ],
                [
                    4,
                    -2,
                    -8
                ],
                [
                    7,
                    3,
                    9
                ],
                [
                    -1,
                    6,
                    -9
                ],
                [
                    -6,
                    4,
                    3
                ],
                [
                    9,
                    -7,
                    6
                ],
                [
                    9,
                    6,
                    -8
                ],
                [
                    -9,
                    -8,
                    1
                ],
                [
                    -2,
                    5,
                    7
                ],
                [
                    -7,
                    4,
                    9
                ],
                [
                    1,
                    2,
                    -9
                ],
                [
                    1,
                    9,
                    6
                ],
                [
                    -2,
                    -9,
                    -3
                ],
                [
                    5,
                    -1,
                    8
                ],
                [
                    2,
                    -9,
                    7
                ],
                [
                    -8,
                    -3,
                    4
                ],
                [
                    -5,
                    -6,
                    -3
                ],
                [
                    -7,
                    -2,
                    5
                ],
                [
                    9,
                    -6,
                    -4
                ],
                [
                    3,
                    1,
                    -2
                ],
                [
                    -8,
                    -7,
                    1
                ],
                [
                    5,
                    6,
                    10
                ],
                [
                    -3,
                    -8,
                    -1
                ],
                [
                    -8,
                    -7,
                    10
                ],
                [
                    -5,
                    1,
                    3
                ],
                [
                    8,
                    -5,
                    2
                ],
                [
                    3,
                    2,
                    -7
                ]
            ],
            "{   'fun': 1.0,\n    'jac': None,\n    'nfev': 153,\n    'nit': 1,\n    'njev': 17,\n    'x': array([2.43056353, 2.58611626, 1.58920063, 1.27969467, 0.28672592,\n       1.39678086, 2.72992658, 1.35219818])}",
            {
                "1110110100": 1,
                "1111001110": 1,
                "0001000101": 1,
                "0111101101": 1,
                "1010110100": 1,
                "0110011111": 1,
                "0111111100": 1,
                "1100011001": 1,
                "0000100101": 1,
                "0110110100": 1,
                "1001101001": 1,
                "0110010001": 1,
                "0001001010": 1,
                "1000100010": 1,
                "1101010011": 1,
                "1100000110": 1,
                "1100010100": 1,
                "0111110011": 2,
                "1110011000": 1,
                "0110100001": 1,
                "1110011101": 1,
                "0111100110": 1,
                "1001110110": 1,
                "0001101111": 1,
                "0011101001": 1,
                "1011001011": 1,
                "0010101101": 1,
                "0100000100": 1,
                "1011111111": 1,
                "1110001000": 1,
                "1101001001": 1,
                "1110101011": 1,
                "1101010110": 1,
                "0010110111": 1,
                "1001010100": 1,
                "0110101100": 1,
                "1110101101": 1,
                "1011100000": 1,
                "1000011000": 2,
                "1101001000": 1,
                "0101011011": 1,
                "0100010000": 1,
                "0110111001": 1,
                "1000100101": 1,
                "0101000011": 1,
                "1000011111": 1,
                "0110010011": 1,
                "0110100011": 1,
                "0000001011": 1,
                "0000111011": 1,
                "0100011100": 2,
                "0000110010": 1,
                "0110100111": 1,
                "1011010111": 1,
                "1001010110": 1,
                "1000001010": 1,
                "1110110001": 2,
                "0000011101": 1,
                "0111011111": 1,
                "1001111100": 2,
                "0111100011": 1,
                "0110000111": 1,
                "0111010110": 1,
                "1000110010": 1,
                "0110100100": 1,
                "0000010011": 1,
                "1100100010": 1,
                "0010101100": 1,
                "1010111001": 1,
                "1011011101": 1,
                "1000001011": 1,
                "0111110100": 1,
                "0011110100": 1,
                "0000010010": 1,
                "1111000000": 1,
                "1000101100": 1,
                "1110000010": 1,
                "0100011101": 2,
                "1101011110": 1,
                "1111111010": 1,
                "1010110101": 1,
                "0111101011": 2,
                "0100000000": 1,
                "1100001010": 1,
                "1110101111": 1,
                "1001110111": 1,
                "1000010110": 1,
                "0010011111": 1,
                "1010110001": 2,
                "0110000101": 1,
                "1011010110": 1,
                "0010011100": 1
            },
            false,
            0.95
        ],
        [
            [
                [
                    -8,
                    -10,
                    -3
                ],
                [
                    -3,
                    9,
                    -8
                ],
                [
                    -9,
                    -2,
                    3
                ],
                [
                    6,
                    3,
                    -4
                ],
                [
                    -8,
                    10,
                    6
                ],
                [
                    8,
                    9,
                    2
                ],
                [
                    -7,
                    -4,
                    9
                ],
                [
                    -6,
                    -7,
                    9
                ],
                [
                    -4,
                    -3,
                    -10
                ],
                [
                    -5,
                    4,
                    7
                ],
                [
                    -3,
                    10,
                    -1
                ],
                [
                    -7,
                    4,
                    6
                ],
                [
                    -10,
                    -8,
                    7
                ],
                [
                    -2,
                    -4,
                    3
                ],
                [
                    8,
                    -4,
                    -2
                ],
                [
                    7,
                    -10,
                    -3
                ],
                [
                    -6,
                    7,
                    -9
                ],
                [
                    -1,
                    -10,
                    5
                ],
                [
                    -4,
                    7,
                    -5
                ],
                [
                    -4,
                    10,
                    -7
                ],
                [
                    3,
                    8,
                    6
                ],
                [
                    -7,
                    -10,
                    -1
                ],
                [
                    6,
                    10,
                    -9
                ],
                [
                    10,
                    8,
                    -9
                ],
                [
                    3,
                    -4,
                    6
                ],
                [
                    2,
                    10,
                    -8
                ],
                [
                    -3,
                    5,
                    9
                ],
                [
                    3,
                    -5,
                    -2
                ],
                [
                    -7,
                    -3,
                    -8
                ],
                [
                    -3,
                    -6,
                    4
                ],
                [
                    4,
                    6,
                    -1
                ],
                [
                    -4,
                    -6,
                    -8
                ],
                [
                    -7,
                    1,
                    -5
                ],
                [
                    9,
                    10,
                    -5
                ],
                [
                    -8,
                    1,
                    -5
                ],
                [
                    7,
                    8,
                    -2
                ],
                [
                    4,
                    -1,
                    2
                ],
                [
                    10,
                    -6,
                    -9
                ],
                [
                    -9,
                    8,
                    1
                ],
                [
                    5,
                    -1,
                    -8
                ],
                [
                    9,
                    3,
                    -2
                ],
                [
                    -6,
                    -10,
                    5
                ],
                [
                    -2,
                    1,
                    8
                ],
                [
                    8,
                    -9,
                    -7
                ],
                [
                    6,
                    -3,
                    2
                ]
            ],
            "{   'fun': 1.0,\n    'jac': None,\n    'nfev': 9,\n    'nit': 0,\n    'njev': 1,\n    'x': array([0.11335274, 0.64267565, 2.00111908, 0.46956595, 1.4004297 ,\n       0.42343266, 1.58876697, 2.8190626 ])}",
            {
                "0111000101": 1,
                "0100110010": 1,
                "1001011100": 1,
                "0011000000": 1,
                "1101111000": 1,
                "0100011011": 1,
                "1011011011": 1,
                "1011000001": 1,
                "1111000000": 2,
                "1011011110": 1,
                "1111000111": 1,
                "1110000111": 1,
                "1111101100": 1,
                "1111000001": 1,
                "0100010000": 1,
                "0000111100": 1,
                "0110111011": 1,
                "1111011101": 1,
                "1011010001": 1,
                "0110110111": 1,
                "0111001010": 1,
                "1111101110": 2,
                "0011000101": 1,
                "1100000000": 3,
                "0000111011": 1,
                "0010010111": 1,
                "0111000010": 1,
                "0011011100": 1,
                "0111100010": 1,
                "1110000001": 1,
                "0111100101": 1,
                "0010000000": 1,
                "0010101110": 1,
                "1100010010": 1,
                "0001000001": 1,
                "1100101011": 1,
                "0010110010": 1,
                "0101101001": 1,
                "1000110001": 1,
                "0010001110": 1,
                "0111111010": 1,
                "0111001011": 1,
                "1100100000": 1,
                "0111111001": 1,
                "0011111011": 1,
                "1011000111": 1,
                "1111011111": 1,
                "1100100100": 1,
                "0010011111": 1,
                "1000110100": 1,
                "0001110110": 1,
                "1010000011": 1,
                "1010001101": 1,
                "0100010010": 1,
                "0001100101": 1,
                "1001011110": 1,
                "1011110101": 1,
                "1111000101": 1,
                "1000011110": 1,
                "1110010111": 1,
                "1110010101": 1,
                "1111100101": 1,
                "0001011000": 1,
                "1010101110": 1,
                "1100010111": 2,
                "0101011110": 1,
                "1101011010": 1,
                "0010100011": 1,
                "1010100001": 1,
                "0111010101": 1,
                "0000110011": 1,
                "1011000010": 1,
                "1101111001": 1,
                "0110100010": 1,
                "0110000100": 2,
                "0010100001": 1,
                "0101001011": 1,
                "1000000111": 1,
                "0100101110": 1,
                "1101101101": 1,
                "1100111001": 1,
                "1110011011": 1,
                "0000110100": 1,
                "1100110011": 1,
                "1010101010": 1,
                "0011010000": 1,
                "1111100011": 1,
                "0100100100": 2,
                "1001000010": 1,
                "1100110010": 1,
                "0110100100": 1,
                "0001011011": 1,
                "1111111111": 1
            },
            false,
            1.0
        ],
        [
            [
                [
                    6,
                    1,
                    -4
                ],
                [
                    -1,
                    5,
                    -7
                ],
                [
                    -5,
                    -7,
                    6
                ],
                [
                    1,
                    10,
                    -4
                ],
                [
                    -1,
                    -10,
                    3
                ],
                [
                    1,
                    8,
                    -2
                ],
                [
                    -10,
                    -5,
                    -8
                ],
                [
                    3,
                    -10,
                    -2
                ],
                [
                    -5,
                    3,
                    7
                ],
                [
                    -6,
                    1,
                    -8
                ],
                [
                    9,
                    5,
                    4
                ],
                [
                    9,
                    2,
                    -10
                ],
                [
                    -6,
                    -1,
                    9
                ],
                [
                    -8,
                    10,
                    4
                ],
                [
                    -6,
                    -5,
                    -10
                ],
                [
                    -1,
                    -10,
                    9
                ],
                [
                    3,
                    -1,
                    -8
                ],
                [
                    -1,
                    8,
                    9
                ],
                [
                    -4,
                    6,
                    7
                ],
                [
                    4,
                    2,
                    6
                ],
                [
                    4,
                    3,
                    1
                ],
                [
                    -1,
                    5,
                    -3
                ],
                [
                    5,
                    -7,
                    4
                ],
                [
                    -3,
                    -10,
                    9
                ],
                [
                    8,
                    -2,
                    -1
                ],
                [
                    -5,
                    -9,
                    -10
                ],
                [
                    7,
                    -2,
                    9
                ],
                [
                    -7,
                    5,
                    -2
                ],
                [
                    10,
                    2,
                    -3
                ],
                [
                    -2,
                    1,
                    9
                ],
                [
                    4,
                    10,
                    -6
                ],
                [
                    3,
                    -9,
                    8
                ],
                [
                    7,
                    4,
                    -10
                ],
                [
                    3,
                    10,
                    8
                ],
                [
                    3,
                    6,
                    10
                ],
                [
                    3,
                    10,
                    7
                ],
                [
                    -4,
                    7,
                    10
                ],
                [
                    -6,
                    -4,
                    -7
                ],
                [
                    8,
                    5,
                    -3
                ],
                [
                    3,
                    7,
                    -2
                ],
                [
                    -7,
                    9,
                    -1
                ],
                [
                    4,
                    10,
                    -7
                ],
                [
                    -5,
                    -9,
                    -6
                ],
                [
                    3,
                    1,
                    -8
                ],
                [
                    8,
                    -1,
                    -9
                ]
            ],
            "{   'fun': 1.0,\n    'jac': None,\n    'nfev': 9,\n    'nit': 0,\n    'njev': 1,\n    'x': array([1.3981937 , 0.73956463, 2.7379648 , 0.46117424, 0.65115442,\n       0.01888568, 0.20752713, 2.72924342])}",
            {
                "0111100000": 1,
                "1001000000": 1,
                "1100010110": 1,
                "1111101111": 1,
                "1010010011": 1,
                "0101011110": 1,
                "0011101011": 1,
                "0101000111": 1,
                "1010111110": 1,
                "0101011011": 1,
                "1010101101": 1,
                "0000100001": 1,
                "0111010001": 1,
                "0100101110": 1,
                "1010100111": 1,
                "0100001110": 1,
                "1101001101": 1,
                "1111111101": 1,
                "0110001011": 1,
                "1100010001": 1,
                "1001000101": 1,
                "1000100110": 1,
                "0110000110": 1,
                "0111011110": 1,
                "0100010011": 1,
                "1010100110": 1,
                "0010101000": 1,
                "1100011111": 1,
                "0111000100": 2,
                "1011010010": 1,
                "0010000111": 1,
                "1010000010": 1,
                "1111111000": 1,
                "1010100000": 1,
                "0001111101": 1,
                "0100011100": 1,
                "1111110111": 1,
                "0110010100": 1,
                "0001100000": 1,
                "1011110110": 1,
                "1000010111": 1,
                "1001010000": 2,
                "1111101110": 1,
                "1010001100": 2,
                "0000111000": 1,
                "0000000000": 1,
                "1001101101": 1,
                "1101001000": 1,
                "0100111010": 1,
                "0000011001": 1,
                "0110001111": 1,
                "1010111010": 1,
                "0100011010": 1,
                "1110011010": 1,
                "1010111111": 1,
                "0011101111": 1,
                "1011111100": 1,
                "0101101010": 1,
                "0111000001": 1,
                "1101000011": 1,
                "1010100101": 1,
                "0011110010": 1,
                "1001011001": 1,
                "0111011101": 1,
                "0100000010": 1,
                "0000111101": 1,
                "1011011010": 1,
                "0110110000": 1,
                "0010001111": 1,
                "0010010001": 1,
                "0010101010": 1,
                "0001100101": 1,
                "1010001101": 1,
                "1111100110": 1,
                "1000001000": 1,
                "1001001111": 1,
                "0100100111": 1,
                "1010110010": 1,
                "1010010001": 1,
                "1111111111": 1,
                "0010000001": 1,
                "1110110000": 1,
                "0100011110": 1,
                "1001111010": 1,
                "0011100101": 1,
                "1100010010": 1,
                "1000011111": 1,
                "0110010011": 1,
                "0101000100": 1,
                "1010101000": 1,
                "1110011101": 1,
                "0100001001": 1,
                "0000110101": 1,
                "1001011101": 1,
                "0001010000": 1,
                "0011010101": 1,
                "0000001011": 1
            },
            false,
            1.0
        ],
        [
            [
                [
                    -6,
                    3,
                    9
                ],
                [
                    -5,
                    -1,
                    -4
                ],
                [
                    4,
                    -6,
                    -7
                ],
                [
                    -5,
                    -3,
                    -4
                ],
                [
                    -4,
                    3,
                    1
                ],
                [
                    8,
                    7,
                    5
                ],
                [
                    1,
                    2,
                    -3
                ],
                [
                    7,
                    6,
                    -3
                ],
                [
                    -9,
                    -3,
                    6
                ],
                [
                    -5,
                    2,
                    -9
                ],
                [
                    -8,
                    -3,
                    -7
                ],
                [
                    -6,
                    9,
                    10
                ],
                [
                    -10,
                    2,
                    4
                ],
                [
                    -4,
                    -1,
                    -10
                ],
                [
                    2,
                    10,
                    4
                ],
                [
                    -2,
                    -6,
                    -8
                ],
                [
                    -6,
                    -8,
                    -4
                ],
                [
                    10,
                    -9,
                    -5
                ],
                [
                    3,
                    7,
                    9
                ],
                [
                    1,
                    -10,
                    8
                ],
                [
                    -7,
                    -10,
                    -8
                ],
                [
                    -10,
                    2,
                    -7
                ],
                [
                    3,
                    -5,
                    -9
                ],
                [
                    -3,
                    -10,
                    6
                ],
                [
                    9,
                    10,
                    5
                ],
                [
                    9,
                    6,
                    4
                ],
                [
                    4,
                    2,
                    -10
                ],
                [
                    -2,
                    -8,
                    3
                ],
                [
                    9,
                    -10,
                    3
                ],
                [
                    3,
                    4,
                    5
                ],
                [
                    4,
                    1,
                    2
                ],
                [
                    8,
                    -7,
                    2
                ],
                [
                    -9,
                    -5,
                    -6
                ],
                [
                    1,
                    6,
                    -5
                ],
                [
                    -8,
                    -1,
                    -4
                ],
                [
                    -2,
                    8,
                    5
                ],
                [
                    5,
                    4,
                    9
                ],
                [
                    7,
                    -2,
                    4
                ],
                [
                    10,
                    2,
                    8
                ],
                [
                    5,
                    6,
                    2
                ],
                [
                    7,
                    2,
                    8
                ],
                [
                    -9,
                    2,
                    4
                ],
                [
                    -7,
                    -10,
                    6
                ],
                [
                    1,
                    -7,
                    -2
                ],
                [
                    -9,
                    -3,
                    -10
                ]
            ],
            "{   'fun': 1.0,\n    'jac': None,\n    'nfev': 9,\n    'nit': 0,\n    'njev': 1,\n    'x': array([1.2980972 , 1.51304619, 0.67244475, 1.64201211, 0.03176735,\n       1.56170418, 0.69038503, 2.2931898 ])}",
            {
                "0101000111": 1,
                "1010111101": 1,
                "1110011010": 1,
                "0000000110": 1,
                "0101000101": 1,
                "0011101100": 1,
                "1001000111": 1,
                "1111100011": 1,
                "1100110111": 1,
                "0101010111": 1,
                "1011011001": 1,
                "0010001101": 1,
                "1100001001": 1,
                "1011101110": 1,
                "0101011011": 1,
                "0111010001": 1,
                "1010110100": 1,
                "0111011101": 1,
                "1100011000": 1,
                "0001111000": 1,
                "0001010011": 1,
                "1111011011": 1,
                "1101111100": 1,
                "0001000001": 1,
                "1111111001": 1,
                "1010010000": 1,
                "0101010001": 1,
                "1010011111": 1,
                "1111101001": 1,
                "0011100010": 1,
                "0001001101": 1,
                "0110000101": 1,
                "0100010110": 1,
                "1101110110": 1,
                "0001110001": 1,
                "0111011100": 1,
                "0001101110": 1,
                "1000111110": 1,
                "1111001000": 1,
                "0010001001": 1,
                "1001011000": 1,
                "1010100010": 1,
                "1110011111": 1,
                "0001110110": 1,
                "0110010001": 1,
                "1100001011": 1,
                "0010011001": 1,
                "0111110001": 1,
                "1000001101": 1,
                "0011010100": 1,
                "1111011000": 1,
                "1000001000": 1,
                "1100111101": 1,
                "1010010111": 1,
                "0011010001": 1,
                "1010100101": 1,
                "0011100101": 1,
                "1000101100": 1,
                "1100111110": 1,
                "1010000110": 1,
                "1110110001": 1,
                "1001110100": 1,
                "1010011011": 1,
                "0110000000": 1,
                "0111010011": 1,
                "0000110001": 1,
                "0001001111": 1,
                "1010000000": 1,
                "1110111011": 1,
                "0100100110": 1,
                "1110000011": 1,
                "0010010001": 1,
                "1001010111": 1,
                "0101011110": 1,
                "1000110000": 1,
                "0110001010": 1,
                "0111110101": 1,
                "1110100110": 1,
                "0110100000": 1,
                "1100001111": 1,
                "1011010011": 1,
                "0000100111": 1,
                "0110001110": 1,
                "0010001110": 1,
                "0010111000": 1,
                "0010001011": 1,
                "1100110110": 1,
                "0110111101": 1,
                "0100000010": 1,
                "0010101101": 1,
                "1111010111": 1,
                "1100110011": 2,
                "1110001101": 1,
                "1101101001": 1,
                "1011111000": 1,
                "1011011101": 1,
                "0111111101": 1,
                "1000100101": 1,
                "1010011101": 1
            },
            false,
            1.0
        ],
        [
            [
                [
                    7,
                    8,
                    2
                ],
                [
                    -1,
                    9,
                    6
                ],
                [
                    10,
                    8,
                    9
                ],
                [
                    -8,
                    1,
                    -7
                ],
                [
                    2,
                    6,
                    8
                ],
                [
                    -10,
                    7,
                    9
                ],
                [
                    -10,
                    -2,
                    4
                ],
                [
                    7,
                    -8,
                    3
                ],
                [
                    -1,
                    -3,
                    -8
                ],
                [
                    -4,
                    3,
                    -7
                ],
                [
                    8,
                    -5,
                    -1
                ],
                [
                    -5,
                    8,
                    3
                ],
                [
                    -10,
                    6,
                    -8
                ],
                [
                    7,
                    8,
                    -10
                ],
                [
                    -8,
                    9,
                    -5
                ],
                [
                    3,
                    2,
                    7
                ],
                [
                    3,
                    -1,
                    -9
                ],
                [
                    7,
                    -10,
                    3
                ],
                [
                    6,
                    -8,
                    10
                ],
                [
                    -8,
                    7,
                    -2
                ],
                [
                    3,
                    1,
                    -9
                ],
                [
                    2,
                    -1,
                    -4
                ],
                [
                    -6,
                    5,
                    -1
                ],
                [
                    6,
                    -2,
                    -10
                ],
                [
                    2,
                    10,
                    -6
                ],
                [
                    -9,
                    -4,
                    -7
                ],
                [
                    9,
                    3,
                    -2
                ],
                [
                    5,
                    -2,
                    -6
                ],
                [
                    9,
                    8,
                    -2
                ],
                [
                    6,
                    -5,
                    7
                ],
                [
                    -10,
                    -1,
                    5
                ],
                [
                    3,
                    -5,
                    -10
                ],
                [
                    10,
                    -4,
                    7
                ],
                [
                    9,
                    4,
                    2
                ],
                [
                    -1,
                    -7,
                    -6
                ],
                [
                    -5,
                    9,
                    3
                ],
                [
                    7,
                    -2,
                    6
                ],
                [
                    4,
                    -1,
                    10
                ],
                [
                    1,
                    7,
                    -4
                ],
                [
                    1,
                    2,
                    -3
                ],
                [
                    -6,
                    -2,
                    7
                ],
                [
                    -10,
                    -3,
                    -4
                ],
                [
                    7,
                    4,
                    -6
                ],
                [
                    9,
                    -4,
                    8
                ],
                [
                    -7,
                    -2,
                    6
                ]
            ],
            "{   'fun': 0.99,\n    'jac': None,\n    'nfev': 171,\n    'nit': 2,\n    'njev': 19,\n    'x': array([0.62825138, 0.63303993, 1.9087299 , 1.83929149, 0.55726232,\n       0.94828198, 0.37123251, 0.71003042])}",
            {
                "1110111001": 1,
                "0110001010": 1,
                "0111101011": 1,
                "0111101111": 1,
                "1010100011": 1,
                "1011001110": 1,
                "1111110100": 1,
                "0000110111": 1,
                "1110001000": 1,
                "0011101000": 1,
                "0101011011": 1,
                "0011011001": 1,
                "1001101101": 1,
                "1000100000": 1,
                "1110000010": 1,
                "1001001011": 1,
                "1110100001": 1,
                "0001010111": 1,
                "0101100001": 1,
                "1100100110": 1,
                "0000111001": 1,
                "0011111101": 1,
                "0001111101": 1,
                "1011011100": 1,
                "0001011110": 1,
                "1011111111": 1,
                "0110010111": 3,
                "0000001000": 1,
                "0011010001": 1,
                "1100101010": 1,
                "0101010110": 1,
                "1000101101": 1,
                "0001011100": 1,
                "1001111110": 1,
                "0000001101": 1,
                "0101100101": 1,
                "0011011101": 1,
                "1110010110": 2,
                "0100110000": 1,
                "1101100110": 1,
                "1000000000": 2,
                "0001111010": 1,
                "1000101110": 1,
                "0000100011": 1,
                "1110011100": 1,
                "1101111001": 1,
                "1011010010": 1,
                "1110111010": 1,
                "1011101101": 1,
                "0100100100": 1,
                "0101001010": 1,
                "1111010101": 1,
                "0010110001": 1,
                "0101100100": 1,
                "0101111101": 1,
                "1010000100": 1,
                "1110011010": 1,
                "0011111001": 1,
                "1000000001": 1,
                "1101001111": 1,
                "0010100010": 1,
                "0011111011": 1,
                "0001000001": 1,
                "1111000011": 1,
                "1001010000": 1,
                "0001100100": 1,
                "1001001010": 1,
                "1110010011": 2,
                "1101001110": 1,
                "1100101000": 1,
                "0110100010": 1,
                "0010111100": 1,
                "1001000011": 1,
                "1001001110": 1,
                "0100111000": 1,
                "1010001110": 1,
                "0001001000": 1,
                "0010001000": 1,
                "0010010101": 1,
                "0111100100": 1,
                "0111101000": 1,
                "1000001010": 1,
                "1110111101": 1,
                "0100111001": 1,
                "0111100001": 1,
                "1100101100": 1,
                "0101110001": 1,
                "0101101010": 1,
                "0010000101": 1,
                "0000101011": 1,
                "1111111100": 1,
                "1100010111": 1,
                "1010100010": 1,
                "0100011001": 1,
                "0011001000": 1
            },
            true,
            0.97
        ]
    ]
}