{
    "n": 10,
    "m": 45,
    "results": [
        [
            [
                [
                    7,
                    6,
                    1
                ],
                [
                    -5,
                    -2,
                    -3
                ],
                [
                    1,
                    -4,
                    -5
                ],
                [
                    1,
                    -9,
                    8
                ],
                [
                    -1,
                    -8,
                    9
                ],
                [
                    -2,
                    4,
                    7
                ],
                [
                    7,
                    -5,
                    4
                ],
                [
                    -5,
                    10,
                    -3
                ],
                [
                    4,
                    -6,
                    -3
                ],
                [
                    -9,
                    -7,
                    -4
                ],
                [
                    -7,
                    -1,
                    6
                ],
                [
                    8,
                    -10,
                    7
                ],
                [
                    -2,
                    -7,
                    9
                ],
                [
                    8,
                    1,
                    -3
                ],
                [
                    -5,
                    2,
                    1
                ],
                [
                    5,
                    -4,
                    7
                ],
                [
                    9,
                    6,
                    -1
                ],
                [
                    -10,
                    7,
                    5
                ],
                [
                    -6,
                    -4,
                    -7
                ],
                [
                    9,
                    3,
                    -7
                ],
                [
                    -3,
                    10,
                    6
                ],
                [
                    -3,
                    -9,
                    4
                ],
                [
                    1,
                    -10,
                    -3
                ],
                [
                    -6,
                    8,
                    3
                ],
                [
                    3,
                    1,
                    6
                ],
                [
                    2,
                    -8,
                    -5
                ],
                [
                    4,
                    6,
                    -8
                ],
                [
                    1,
                    5,
                    -8
                ],
                [
                    -3,
                    -9,
                    -8
                ],
                [
                    -5,
                    10,
                    9
                ],
                [
                    -2,
                    -5,
                    -8
                ],
                [
                    -5,
                    6,
                    7
                ],
                [
                    -2,
                    -7,
                    9
                ],
                [
                    -10,
                    2,
                    -6
                ],
                [
                    6,
                    8,
                    -4
                ],
                [
                    -1,
                    9,
                    10
                ],
                [
                    -7,
                    -6,
                    2
                ],
                [
                    -10,
                    3,
                    -8
                ],
                [
                    6,
                    -8,
                    7
                ],
                [
                    8,
                    10,
                    4
                ],
                [
                    -2,
                    -1,
                    7
                ],
                [
                    -4,
                    7,
                    -10
                ],
                [
                    -4,
                    -3,
                    7
                ],
                [
                    -8,
                    2,
                    6
                ],
                [
                    -7,
                    -8,
                    4
                ]
            ],
            "{   'fun': 1.0,\n    'jac': None,\n    'nfev': 198,\n    'nit': 2,\n    'njev': 22,\n    'x': array([2.43056353, 2.58611626, 1.58920118, 1.27969127, 0.28672757,\n       1.39678141, 2.72992658, 1.35219818])}",
            {
                "1011001100": 1,
                "0010001110": 1,
                "1001010011": 1,
                "1101010011": 1,
                "0101101010": 1,
                "0111010010": 1,
                "1010001001": 1,
                "1001000010": 1,
                "0010010000": 1,
                "0000100100": 1,
                "1011000001": 1,
                "1011101000": 1,
                "1111110010": 1,
                "1110000011": 1,
                "1111110111": 1,
                "1110001001": 1,
                "0100011001": 1,
                "1010101011": 2,
                "0011111100": 1,
                "0111010001": 1,
                "0111111011": 1,
                "1111000010": 1,
                "0001100111": 1,
                "1001010110": 1,
                "0111100100": 1,
                "1111011010": 1,
                "0111100000": 1,
                "1011010100": 1,
                "1111100000": 1,
                "0111001110": 1,
                "1010000001": 1,
                "0001100101": 1,
                "1110000100": 1,
                "1101100001": 1,
                "1100011011": 1,
                "1110100111": 2,
                "0111110001": 1,
                "1111111110": 1,
                "0100000100": 1,
                "1011110000": 1,
                "0001111011": 1,
                "0011000101": 1,
                "1010010001": 1,
                "1010110010": 1,
                "0110101001": 1,
                "0001000001": 1,
                "1101111110": 1,
                "1000111110": 1,
                "0111001010": 1,
                "0110100001": 3,
                "0110111010": 2,
                "0100111001": 1,
                "1010110001": 1,
                "1000101100": 1,
                "0011111011": 1,
                "1111000000": 1,
                "0111111001": 1,
                "0100101000": 1,
                "0101011010": 1,
                "1100111010": 1,
                "0010100011": 1,
                "0010000001": 1,
                "1011110101": 1,
                "0100111011": 1,
                "0000101000": 1,
                "1000001101": 2,
                "1111010111": 1,
                "1011000010": 1,
                "0010110011": 1,
                "1000011101": 1,
                "0000010000": 1,
                "0100101100": 1,
                "0001010001": 1,
                "0001001111": 1,
                "1100101001": 1,
                "1010010101": 1,
                "1010011100": 1,
                "1000000000": 1,
                "0011100001": 1,
                "0111010111": 1,
                "0001010100": 1,
                "1000100100": 1,
                "1011110011": 1,
                "1100100011": 1,
                "1011000011": 1,
                "1001111101": 1,
                "1111010101": 1,
                "0001110100": 1,
                "1101110001": 1,
                "0011110111": 1,
                "1110000110": 1,
                "1010100101": 1,
                "0001111111": 1,
                "0101111110": 1
            },
            false,
            0.94
        ],
        [
            [
                [
                    -4,
                    -3,
                    7
                ],
                [
                    -4,
                    -8,
                    6
                ],
                [
                    -1,
                    4,
                    -9
                ],
                [
                    10,
                    9,
                    -8
                ],
                [
                    3,
                    -2,
                    9
                ],
                [
                    10,
                    5,
                    -7
                ],
                [
                    -4,
                    -3,
                    -1
                ],
                [
                    -2,
                    9,
                    -7
                ],
                [
                    -4,
                    -2,
                    -3
                ],
                [
                    -9,
                    -2,
                    10
                ],
                [
                    -7,
                    1,
                    -5
                ],
                [
                    -2,
                    -4,
                    8
                ],
                [
                    -1,
                    6,
                    -8
                ],
                [
                    9,
                    -3,
                    -6
                ],
                [
                    -5,
                    6,
                    3
                ],
                [
                    -9,
                    -7,
                    2
                ],
                [
                    2,
                    -5,
                    -7
                ],
                [
                    5,
                    6,
                    -7
                ],
                [
                    -6,
                    -3,
                    -8
                ],
                [
                    8,
                    -9,
                    5
                ],
                [
                    -4,
                    -2,
                    -7
                ],
                [
                    -3,
                    -5,
                    9
                ],
                [
                    9,
                    3,
                    2
                ],
                [
                    -1,
                    -2,
                    10
                ],
                [
                    -2,
                    4,
                    10
                ],
                [
                    -2,
                    -7,
                    5
                ],
                [
                    8,
                    9,
                    2
                ],
                [
                    -6,
                    5,
                    -8
                ],
                [
                    -2,
                    7,
                    1
                ],
                [
                    -5,
                    2,
                    -1
                ],
                [
                    -9,
                    8,
                    -3
                ],
                [
                    -10,
                    -4,
                    9
                ],
                [
                    4,
                    1,
                    5
                ],
                [
                    2,
                    -8,
                    -10
                ],
                [
                    -10,
                    -4,
                    6
                ],
                [
                    -5,
                    -2,
                    3
                ],
                [
                    -7,
                    5,
                    -8
                ],
                [
                    -7,
                    8,
                    -4
                ],
                [
                    -4,
                    -9,
                    6
                ],
                [
                    1,
                    8,
                    -9
                ],
                [
                    -2,
                    6,
                    8
                ],
                [
                    10,
                    9,
                    8
                ],
                [
                    5,
                    3,
                    4
                ],
                [
                    4,
                    -8,
                    -2
                ],
                [
                    1,
                    2,
                    -9
                ]
            ],
            "{   'fun': 1.0,\n    'jac': None,\n    'nfev': 9,\n    'nit': 0,\n    'njev': 1,\n    'x': array([0.11335274, 0.64267565, 2.00111908, 0.46956595, 1.4004297 ,\n       0.42343266, 1.58876697, 2.8190626 ])}",
            {
                "1111110110": 1,
                "1000001111": 1,
                "0101111100": 1,
                "0011011001": 1,
                "0110000111": 1,
                "0101100011": 1,
                "1111011101": 1,
                "1101011110": 1,
                "0101110001": 1,
                "1111100011": 1,
                "0111111101": 1,
                "1000101110": 1,
                "1101100000": 1,
                "1101010001": 1,
                "1100000000": 1,
                "1010100110": 1,
                "1111110010": 1,
                "1110100111": 1,
                "1010000111": 1,
                "0101100001": 1,
                "0010010011": 1,
                "1111001101": 1,
                "1101001001": 1,
                "0111100111": 1,
                "1111001110": 1,
                "1000101101": 1,
                "1001001110": 1,
                "0100111011": 1,
                "0000011001": 1,
                "1101010110": 1,
                "1110010000": 1,
                "1110101101": 1,
                "1110101100": 1,
                "1100011000": 1,
                "0001111100": 1,
                "0001101100": 2,
                "0110100110": 1,
                "0111101111": 1,
                "1111000110": 1,
                "1111101111": 1,
                "0111001000": 1,
                "1011100010": 1,
                "0111001101": 1,
                "0000110000": 1,
                "1110001010": 1,
                "0001001011": 1,
                "0000110001": 1,
                "0101111000": 1,
                "0010010100": 1,
                "1000010110": 1,
                "1110111011": 1,
                "0101001001": 1,
                "1100000011": 1,
                "1001010100": 1,
                "0000000011": 1,
                "1110011111": 1,
                "0011010101": 1,
                "1000010010": 1,
                "0111011000": 2,
                "1100101110": 1,
                "0111110101": 1,
                "1010011010": 1,
                "0110101101": 1,
                "0111110001": 1,
                "1000111001": 1,
                "0010110011": 1,
                "1000010011": 1,
                "0000101011": 1,
                "1011101000": 1,
                "0111100110": 1,
                "0100100010": 1,
                "0111001001": 1,
                "0100110010": 1,
                "0100010110": 1,
                "0000010111": 1,
                "0011000011": 1,
                "0001101110": 1,
                "1110100100": 1,
                "1010001001": 1,
                "1010011101": 1,
                "0001110101": 1,
                "0011001110": 1,
                "0001101111": 1,
                "0000000101": 1,
                "0110011110": 1,
                "0100111111": 1,
                "0111111000": 1,
                "0101111011": 1,
                "1011110001": 1,
                "1010000010": 1,
                "1010100000": 1,
                "0011111010": 1,
                "0111010100": 1,
                "0110001111": 1,
                "0001101010": 1,
                "0100110111": 1,
                "0011110010": 1,
                "0001001110": 1
            },
            false,
            1.0
        ],
        [
            [
                [
                    3,
                    5,
                    9
                ],
                [
                    -9,
                    -7,
                    -6
                ],
                [
                    -2,
                    -1,
                    -10
                ],
                [
                    9,
                    -4,
                    8
                ],
                [
                    6,
                    5,
                    -10
                ],
                [
                    3,
                    -2,
                    9
                ],
                [
                    -4,
                    -3,
                    -6
                ],
                [
                    -1,
                    2,
                    -3
                ],
                [
                    2,
                    9,
                    3
                ],
                [
                    -4,
                    -9,
                    -10
                ],
                [
                    7,
                    -5,
                    -3
                ],
                [
                    1,
                    7,
                    -3
                ],
                [
                    3,
                    -4,
                    1
                ],
                [
                    3,
                    -7,
                    -4
                ],
                [
                    -5,
                    3,
                    -8
                ],
                [
                    -9,
                    5,
                    -7
                ],
                [
                    2,
                    9,
                    -5
                ],
                [
                    -1,
                    -6,
                    4
                ],
                [
                    -6,
                    -10,
                    -4
                ],
                [
                    3,
                    5,
                    8
                ],
                [
                    -1,
                    -9,
                    -3
                ],
                [
                    -4,
                    -6,
                    -1
                ],
                [
                    5,
                    10,
                    4
                ],
                [
                    10,
                    2,
                    3
                ],
                [
                    -3,
                    2,
                    9
                ],
                [
                    5,
                    -8,
                    6
                ],
                [
                    4,
                    5,
                    -6
                ],
                [
                    -3,
                    -10,
                    4
                ],
                [
                    -8,
                    -7,
                    6
                ],
                [
                    -1,
                    -7,
                    6
                ],
                [
                    8,
                    -9,
                    1
                ],
                [
                    10,
                    -1,
                    6
                ],
                [
                    1,
                    -3,
                    -5
                ],
                [
                    6,
                    -10,
                    1
                ],
                [
                    -10,
                    2,
                    -4
                ],
                [
                    -4,
                    -8,
                    3
                ],
                [
                    8,
                    -3,
                    -9
                ],
                [
                    -9,
                    6,
                    -1
                ],
                [
                    5,
                    3,
                    4
                ],
                [
                    -8,
                    -2,
                    -9
                ],
                [
                    10,
                    5,
                    4
                ],
                [
                    8,
                    1,
                    -7
                ],
                [
                    2,
                    5,
                    6
                ],
                [
                    3,
                    2,
                    9
                ],
                [
                    -7,
                    -10,
                    6
                ]
            ],
            "{   'fun': 1.0,\n    'jac': None,\n    'nfev': 9,\n    'nit': 0,\n    'njev': 1,\n    'x': array([1.3981937 , 0.73956463, 2.7379648 , 0.46117424, 0.65115442,\n       0.01888568, 0.20752713, 2.72924342])}",
            {
                "1011000101": 1,
                "0001100001": 1,
                "1100100101": 1,
                "0100110001": 1,
                "0001001111": 1,
                "0011001011": 1,
                "1001001011": 1,
                "1011011101": 1,
                "1111001001": 1,
                "1110100011": 1,
                "1010101010": 1,
                "1101011101": 1,
                "0011111000": 1,
                "1010001001": 1,
                "0011011000": 1,
                "0101001110": 1,
                "1101000100": 1,
                "0011010010": 1,
                "0100101000": 1,
                "1011000000": 1,
                "0011010101": 1,
                "1101001110": 1,
                "0000101101": 1,
                "1001000111": 1,
                "1110000111": 1,
                "0010110110": 1,
                "0001110111": 2,
                "0011010011": 1,
                "1000111010": 2,
                "0100000001": 1,
                "1001000000": 1,
                "1101100010": 1,
                "0110100011": 1,
                "0000111011": 2,
                "0110000000": 1,
                "1110001010": 1,
                "0101100011": 1,
                "1101001111": 1,
                "1001110110": 1,
                "0110110010": 1,
                "1101100111": 1,
                "1001111101": 1,
                "0100001011": 1,
                "0001000001": 1,
                "1110010100": 1,
                "0001010011": 2,
                "0000110010": 1,
                "1110100000": 1,
                "1101010000": 1,
                "1000111101": 1,
                "1101111010": 1,
                "0010000000": 1,
                "0001100110": 1,
                "1001010110": 1,
                "1100101110": 1,
                "0101010001": 1,
                "1111110101": 1,
                "1010100100": 1,
                "1100101111": 1,
                "0111110101": 1,
                "0100010011": 1,
                "1000001111": 1,
                "0100011011": 1,
                "1111001100": 1,
                "1111000100": 1,
                "1111000010": 1,
                "1000101011": 2,
                "1100111011": 1,
                "1101001011": 1,
                "0111110010": 1,
                "1100000110": 1,
                "0101101111": 1,
                "1011001100": 1,
                "1001011011": 2,
                "1010100110": 1,
                "0101000101": 1,
                "1010101111": 1,
                "1111000111": 2,
                "0100010111": 1,
                "1110101000": 1,
                "0000000101": 1,
                "0001100011": 1,
                "0000111100": 1,
                "0100011110": 1,
                "0101000111": 1,
                "0100111110": 1,
                "1110111010": 1,
                "1100110000": 1,
                "1001010111": 1,
                "1100000010": 1,
                "1000011000": 1,
                "1110111110": 2
            },
            false,
            1.0
        ],
        [
            [
                [
                    2,
                    -3,
                    1
                ],
                [
                    -1,
                    -6,
                    3
                ],
                [
                    -7,
                    -3,
                    6
                ],
                [
                    10,
                    -8,
                    7
                ],
                [
                    5,
                    8,
                    -4
                ],
                [
                    5,
                    -9,
                    -10
                ],
                [
                    -8,
                    10,
                    6
                ],
                [
                    4,
                    7,
                    5
                ],
                [
                    4,
                    -2,
                    -8
                ],
                [
                    -5,
                    -4,
                    3
                ],
                [
                    9,
                    2,
                    5
                ],
                [
                    -1,
                    -8,
                    -4
                ],
                [
                    -9,
                    -4,
                    -3
                ],
                [
                    7,
                    -10,
                    5
                ],
                [
                    -8,
                    -5,
                    -6
                ],
                [
                    -8,
                    -5,
                    1
                ],
                [
                    -8,
                    1,
                    9
                ],
                [
                    -10,
                    1,
                    4
                ],
                [
                    -3,
                    10,
                    7
                ],
                [
                    5,
                    -4,
                    9
                ],
                [
                    2,
                    -7,
                    8
                ],
                [
                    9,
                    -6,
                    -5
                ],
                [
                    -6,
                    3,
                    10
                ],
                [
                    2,
                    -1,
                    5
                ],
                [
                    10,
                    -2,
                    9
                ],
                [
                    -5,
                    -2,
                    -6
                ],
                [
                    -6,
                    5,
                    -4
                ],
                [
                    1,
                    6,
                    -8
                ],
                [
                    7,
                    1,
                    6
                ],
                [
                    7,
                    3,
                    10
                ],
                [
                    -10,
                    -5,
                    -2
                ],
                [
                    -3,
                    1,
                    9
                ],
                [
                    5,
                    -2,
                    1
                ],
                [
                    -9,
                    -2,
                    -1
                ],
                [
                    1,
                    -3,
                    6
                ],
                [
                    -10,
                    7,
                    5
                ],
                [
                    -4,
                    8,
                    -3
                ],
                [
                    7,
                    4,
                    -3
                ],
                [
                    -3,
                    5,
                    1
                ],
                [
                    -9,
                    1,
                    3
                ],
                [
                    -8,
                    -6,
                    7
                ],
                [
                    -10,
                    2,
                    8
                ],
                [
                    4,
                    -1,
                    3
                ],
                [
                    -3,
                    -6,
                    2
                ],
                [
                    4,
                    -8,
                    6
                ]
            ],
            "{   'fun': 1.0,\n    'jac': None,\n    'nfev': 234,\n    'nit': 2,\n    'njev': 26,\n    'x': array([1.2980972 , 1.51304632, 0.67244488, 1.64201211, 0.03176735,\n       1.56170418, 0.69038503, 2.2931898 ])}",
            {
                "1100001101": 1,
                "1010100011": 1,
                "1110110111": 1,
                "0011010010": 1,
                "1011101010": 1,
                "1010111100": 1,
                "0000100110": 1,
                "0010010101": 1,
                "0100001000": 1,
                "0101000111": 1,
                "1111001000": 1,
                "1100000111": 1,
                "0000011101": 1,
                "1111000010": 1,
                "0100101011": 1,
                "0111100111": 1,
                "0101000011": 1,
                "1011110111": 1,
                "0100101111": 1,
                "1101100000": 1,
                "0011011001": 1,
                "1111011001": 1,
                "0001110101": 1,
                "1111100001": 1,
                "1011100011": 1,
                "0000000111": 1,
                "1011000001": 1,
                "0011011110": 1,
                "1110111000": 1,
                "1001101001": 1,
                "1111010110": 1,
                "0011001101": 1,
                "1100111111": 1,
                "1100100111": 1,
                "0000101010": 1,
                "0000001111": 2,
                "1110101001": 1,
                "0000110100": 1,
                "0110010101": 1,
                "0100000111": 1,
                "0010100001": 1,
                "0011000000": 1,
                "1110100101": 1,
                "0010111101": 1,
                "0110110101": 1,
                "1111100010": 1,
                "1111101001": 1,
                "1001110111": 1,
                "1010011010": 1,
                "1010110100": 1,
                "1100101010": 1,
                "0000001100": 1,
                "1010000010": 1,
                "0100100110": 1,
                "1010001111": 1,
                "1000001000": 1,
                "0101101111": 1,
                "0110101010": 1,
                "0010110000": 2,
                "1011011010": 1,
                "0010101101": 1,
                "0001011111": 1,
                "1100110100": 1,
                "1001110101": 1,
                "1010110011": 1,
                "0000110010": 1,
                "1101000101": 1,
                "1010101010": 1,
                "0001011101": 1,
                "0101010001": 1,
                "0111100110": 1,
                "0011110000": 1,
                "0011111010": 1,
                "1111100011": 1,
                "0111000100": 1,
                "0001110010": 1,
                "0011011111": 1,
                "0001011100": 1,
                "1110101100": 1,
                "1001110100": 1,
                "0100111111": 1,
                "1010100110": 2,
                "0010010110": 1,
                "0110001000": 1,
                "1110010011": 1,
                "0001111011": 1,
                "1111010011": 1,
                "0010101000": 1,
                "1100011111": 1,
                "0100011001": 1,
                "0100001111": 1,
                "1010010011": 2,
                "1011100000": 1,
                "1110101101": 1,
                "1011011100": 1,
                "1011101101": 1
            },
            false,
            0.97
        ],
        [
            [
                [
                    9,
                    1,
                    6
                ],
                [
                    2,
                    -8,
                    -5
                ],
                [
                    -2,
                    -4,
                    -10
                ],
                [
                    -6,
                    -3,
                    -2
                ],
                [
                    8,
                    7,
                    -9
                ],
                [
                    4,
                    6,
                    -1
                ],
                [
                    1,
                    7,
                    -4
                ],
                [
                    -7,
                    4,
                    -1
                ],
                [
                    5,
                    -4,
                    1
                ],
                [
                    4,
                    1,
                    2
                ],
                [
                    -10,
                    6,
                    8
                ],
                [
                    7,
                    -1,
                    -9
                ],
                [
                    -3,
                    1,
                    -5
                ],
                [
                    5,
                    4,
                    -8
                ],
                [
                    8,
                    -2,
                    -7
                ],
                [
                    2,
                    9,
                    6
                ],
                [
                    8,
                    -9,
                    3
                ],
                [
                    -3,
                    9,
                    -6
                ],
                [
                    -7,
                    6,
                    5
                ],
                [
                    -2,
                    10,
                    1
                ],
                [
                    4,
                    3,
                    -2
                ],
                [
                    2,
                    5,
                    8
                ],
                [
                    2,
                    -1,
                    8
                ],
                [
                    -4,
                    3,
                    -9
                ],
                [
                    -2,
                    9,
                    4
                ],
                [
                    5,
                    -2,
                    -7
                ],
                [
                    -5,
                    7,
                    9
                ],
                [
                    -10,
                    4,
                    -9
                ],
                [
                    8,
                    -9,
                    -7
                ],
                [
                    9,
                    -5,
                    -8
                ],
                [
                    7,
                    -2,
                    -5
                ],
                [
                    -6,
                    -1,
                    -2
                ],
                [
                    10,
                    8,
                    -7
                ],
                [
                    3,
                    -1,
                    7
                ],
                [
                    -7,
                    -9,
                    4
                ],
                [
                    -3,
                    -10,
                    5
                ],
                [
                    5,
                    -4,
                    7
                ],
                [
                    -9,
                    4,
                    3
                ],
                [
                    -10,
                    -9,
                    4
                ],
                [
                    -10,
                    2,
                    9
                ],
                [
                    -8,
                    -3,
                    -6
                ],
                [
                    -2,
                    -4,
                    -5
                ],
                [
                    2,
                    -7,
                    3
                ],
                [
                    -4,
                    5,
                    9
                ],
                [
                    -8,
                    -10,
                    -7
                ]
            ],
            "{   'fun': 1.0,\n    'jac': None,\n    'nfev': 9,\n    'nit': 0,\n    'njev': 1,\n    'x': array([0.62824875, 0.63304003, 1.90872717, 1.83929159, 0.55726243,\n       0.94828209, 0.37123251, 0.71003052])}",
            {
                "1010000001": 1,
                "0000101001": 1,
                "0010010101": 1,
                "1001001110": 1,
                "0000110000": 1,
                "0110101010": 1,
                "1000111010": 1,
                "1011101100": 1,
                "1010111010": 1,
                "0011111110": 1,
                "1000001010": 1,
                "1000010101": 2,
                "0100000001": 1,
                "0101100010": 1,
                "1001101110": 1,
                "1101101011": 1,
                "1001010001": 1,
                "1011101011": 1,
                "1000110001": 1,
                "0011010010": 1,
                "0000001110": 1,
                "0110010101": 1,
                "0100000101": 1,
                "0000100010": 1,
                "0100001001": 1,
                "1001011101": 1,
                "0001011010": 1,
                "1101000010": 1,
                "0100111110": 1,
                "0010001010": 1,
                "0101110101": 1,
                "1001100010": 1,
                "1000000110": 1,
                "1111101100": 1,
                "0010111011": 1,
                "0100001010": 1,
                "1110011011": 1,
                "0010100101": 1,
                "0010111101": 1,
                "0110110100": 1,
                "1001110101": 1,
                "0010110111": 1,
                "1001100101": 1,
                "1100010000": 1,
                "0000101011": 1,
                "0100011000": 1,
                "0100111111": 1,
                "1000111100": 1,
                "1000110101": 1,
                "0011110100": 1,
                "0110010110": 1,
                "0011001110": 1,
                "1010101101": 1,
                "0000111001": 1,
                "0000001010": 1,
                "1000001000": 1,
                "0011110000": 1,
                "0000101110": 2,
                "1110010010": 1,
                "0011101111": 1,
                "1111000100": 1,
                "0100100111": 1,
                "0111101010": 2,
                "1101110110": 1,
                "1111110111": 1,
                "0111110010": 1,
                "1101110010": 2,
                "0100110111": 1,
                "1100000111": 1,
                "0110111000": 1,
                "1101111001": 1,
                "1110101110": 1,
                "1011000111": 1,
                "0001011110": 1,
                "1000101100": 1,
                "1110111100": 1,
                "1011101001": 1,
                "1000100010": 1,
                "1001100111": 1,
                "1110111001": 1,
                "1010001110": 1,
                "0001001000": 1,
                "0000011010": 2,
                "0110011100": 1,
                "1010100011": 1,
                "0111010011": 1,
                "0010111111": 1,
                "1101100110": 1,
                "0000100101": 1,
                "0010011101": 1,
                "1001010111": 1,
                "0011101000": 1,
                "0101011011": 1,
                "1011011011": 1,
                "1110001000": 1
            },
            false,
            1.0
        ]
    ]
}