{
    "n": 10,
    "m": 45,
    "results": [
        [
            [
                [
                    -2,
                    9,
                    -6
                ],
                [
                    -9,
                    -1,
                    4
                ],
                [
                    10,
                    3,
                    4
                ],
                [
                    -8,
                    6,
                    7
                ],
                [
                    2,
                    8,
                    5
                ],
                [
                    -10,
                    -6,
                    1
                ],
                [
                    10,
                    4,
                    6
                ],
                [
                    -3,
                    5,
                    2
                ],
                [
                    -3,
                    -2,
                    9
                ],
                [
                    4,
                    5,
                    8
                ],
                [
                    -2,
                    -5,
                    3
                ],
                [
                    -7,
                    -5,
                    8
                ],
                [
                    5,
                    8,
                    1
                ],
                [
                    1,
                    5,
                    8
                ],
                [
                    -6,
                    7,
                    4
                ],
                [
                    1,
                    -2,
                    -7
                ],
                [
                    -6,
                    3,
                    1
                ],
                [
                    8,
                    1,
                    -4
                ],
                [
                    -7,
                    -6,
                    3
                ],
                [
                    -4,
                    10,
                    2
                ],
                [
                    5,
                    7,
                    -6
                ],
                [
                    3,
                    8,
                    -5
                ],
                [
                    -6,
                    -1,
                    -9
                ],
                [
                    -8,
                    -10,
                    7
                ],
                [
                    8,
                    7,
                    -1
                ],
                [
                    5,
                    6,
                    7
                ],
                [
                    4,
                    9,
                    -6
                ],
                [
                    9,
                    3,
                    2
                ],
                [
                    2,
                    -10,
                    9
                ],
                [
                    4,
                    9,
                    7
                ],
                [
                    -10,
                    -1,
                    7
                ],
                [
                    2,
                    -7,
                    -5
                ],
                [
                    -4,
                    7,
                    -6
                ],
                [
                    -8,
                    6,
                    3
                ],
                [
                    10,
                    7,
                    3
                ],
                [
                    1,
                    -5,
                    -2
                ],
                [
                    -7,
                    -10,
                    3
                ],
                [
                    8,
                    -9,
                    -10
                ],
                [
                    -1,
                    2,
                    3
                ],
                [
                    3,
                    10,
                    7
                ],
                [
                    8,
                    2,
                    -10
                ],
                [
                    -6,
                    2,
                    10
                ],
                [
                    9,
                    8,
                    1
                ],
                [
                    4,
                    2,
                    -1
                ],
                [
                    -3,
                    9,
                    -4
                ]
            ],
            "{   'fun': 0.98,\n    'jac': None,\n    'nfev': 234,\n    'nit': 3,\n    'njev': 26,\n    'x': array([2.43056346, 2.58611434, 1.58919844, 1.27969154, 0.28672713,\n       1.39678553, 2.7299262 , 1.35219965])}",
            {
                "1011010000": 1,
                "0000110101": 1,
                "1000110100": 1,
                "1011101110": 1,
                "1010110111": 1,
                "1000100011": 1,
                "1100110110": 1,
                "0000101011": 1,
                "0100111110": 1,
                "1110111010": 1,
                "1110101011": 1,
                "0001111001": 1,
                "1011111111": 1,
                "0010110001": 1,
                "1010001010": 1,
                "1110110111": 1,
                "0000001101": 1,
                "0101010001": 1,
                "0101011111": 1,
                "0000010001": 1,
                "0000000111": 1,
                "1010110110": 1,
                "0100110001": 1,
                "0111000010": 1,
                "1001011001": 1,
                "0001110101": 1,
                "1101010100": 1,
                "1011110100": 1,
                "1100110111": 2,
                "1101011101": 1,
                "1110100110": 2,
                "1001101001": 1,
                "0100000110": 1,
                "1110101101": 1,
                "1100110101": 1,
                "1110011110": 1,
                "0010001001": 1,
                "1110011111": 1,
                "0001000001": 1,
                "1111001111": 1,
                "0100111000": 1,
                "1001001110": 1,
                "0101001011": 2,
                "0101001111": 2,
                "1100100100": 1,
                "1111011111": 1,
                "1001011011": 1,
                "0011001001": 1,
                "1010010001": 1,
                "1101001010": 1,
                "1111110000": 1,
                "1010001011": 1,
                "0011001111": 1,
                "0001001011": 1,
                "1100111010": 1,
                "1101010000": 1,
                "1000010111": 1,
                "0000100011": 1,
                "1111000110": 1,
                "0111011111": 1,
                "0101011101": 1,
                "0010001000": 2,
                "0010000010": 1,
                "1001100010": 1,
                "1110000010": 2,
                "0001111011": 1,
                "1101001011": 1,
                "1110100001": 1,
                "1110010111": 1,
                "0011011010": 1,
                "1111110110": 1,
                "0111001111": 2,
                "0010100111": 1,
                "1100000001": 1,
                "1000001000": 1,
                "1111011101": 1,
                "0110010101": 1,
                "1101111010": 1,
                "0101000110": 1,
                "1010101111": 1,
                "0111010010": 1,
                "1101101101": 1,
                "0110000011": 1,
                "0110100000": 1,
                "1110100011": 1,
                "0010010011": 1,
                "0000100111": 1,
                "1011100101": 1,
                "0110111000": 1,
                "1111000000": 1,
                "0001000110": 1,
                "0100101001": 1,
                "0011111100": 1
            },
            true,
            0.89
        ],
        [
            [
                [
                    5,
                    -3,
                    -10
                ],
                [
                    9,
                    -1,
                    2
                ],
                [
                    9,
                    -6,
                    5
                ],
                [
                    2,
                    -4,
                    3
                ],
                [
                    -2,
                    4,
                    7
                ],
                [
                    -4,
                    -7,
                    6
                ],
                [
                    5,
                    -7,
                    -9
                ],
                [
                    10,
                    -2,
                    -1
                ],
                [
                    9,
                    7,
                    3
                ],
                [
                    -5,
                    -10,
                    1
                ],
                [
                    -8,
                    6,
                    -5
                ],
                [
                    -2,
                    -10,
                    -9
                ],
                [
                    1,
                    4,
                    -6
                ],
                [
                    7,
                    4,
                    3
                ],
                [
                    4,
                    8,
                    -1
                ],
                [
                    5,
                    -1,
                    -6
                ],
                [
                    -6,
                    -8,
                    -1
                ],
                [
                    3,
                    -2,
                    -8
                ],
                [
                    8,
                    -10,
                    -6
                ],
                [
                    -3,
                    -4,
                    -1
                ],
                [
                    -3,
                    -7,
                    10
                ],
                [
                    -1,
                    3,
                    -7
                ],
                [
                    -5,
                    7,
                    -10
                ],
                [
                    7,
                    -5,
                    3
                ],
                [
                    9,
                    8,
                    1
                ],
                [
                    -5,
                    -3,
                    -2
                ],
                [
                    -8,
                    9,
                    7
                ],
                [
                    1,
                    9,
                    -4
                ],
                [
                    1,
                    -7,
                    4
                ],
                [
                    -4,
                    5,
                    10
                ],
                [
                    1,
                    9,
                    -8
                ],
                [
                    -3,
                    8,
                    7
                ],
                [
                    -8,
                    -2,
                    3
                ],
                [
                    10,
                    4,
                    9
                ],
                [
                    -3,
                    -1,
                    -6
                ],
                [
                    -8,
                    -5,
                    -4
                ],
                [
                    -6,
                    -4,
                    -2
                ],
                [
                    8,
                    -4,
                    -7
                ],
                [
                    2,
                    -10,
                    3
                ],
                [
                    -5,
                    -8,
                    -10
                ],
                [
                    -10,
                    2,
                    5
                ],
                [
                    -2,
                    9,
                    -6
                ],
                [
                    3,
                    10,
                    8
                ],
                [
                    10,
                    4,
                    -8
                ],
                [
                    -3,
                    -6,
                    2
                ]
            ],
            "{   'fun': 1.0,\n    'jac': None,\n    'nfev': 9,\n    'nit': 0,\n    'njev': 1,\n    'x': array([0.11335274, 0.64267565, 2.00111908, 0.46956595, 1.4004297 ,\n       0.42343266, 1.58876697, 2.8190626 ])}",
            {
                "1110000100": 1,
                "0101110101": 1,
                "1101101111": 1,
                "0111101000": 1,
                "1010010111": 1,
                "0000111000": 1,
                "0001101000": 1,
                "0001000010": 1,
                "1010111110": 1,
                "1001101001": 1,
                "1100001100": 1,
                "1101000110": 1,
                "0100110011": 1,
                "1101100000": 1,
                "1100100001": 1,
                "0101101000": 1,
                "0011000001": 1,
                "0001001010": 1,
                "0110000100": 1,
                "0011110101": 1,
                "1101110101": 1,
                "1111100111": 1,
                "0110010001": 1,
                "0011100101": 1,
                "0111111110": 2,
                "0101111010": 1,
                "0101001101": 1,
                "1101010010": 1,
                "1111101011": 1,
                "1100111110": 1,
                "1010000101": 1,
                "1100110011": 1,
                "1110001101": 1,
                "0000000000": 1,
                "1100000111": 1,
                "0000100101": 1,
                "0001001011": 1,
                "0011000100": 1,
                "1111111111": 1,
                "1010001111": 1,
                "1010010010": 1,
                "1000100011": 2,
                "1101100011": 2,
                "0110001010": 1,
                "1100101111": 1,
                "1101010111": 1,
                "1101101011": 1,
                "0110010011": 1,
                "0111101011": 1,
                "0100010010": 1,
                "1011011100": 1,
                "1111001101": 1,
                "0100001110": 1,
                "1010110000": 2,
                "0000110101": 1,
                "1000000011": 1,
                "0001011101": 1,
                "0001101111": 2,
                "0000111111": 1,
                "0110111110": 1,
                "1110010111": 1,
                "1001110001": 1,
                "0001101011": 3,
                "1010111001": 1,
                "0101011111": 1,
                "1110100000": 1,
                "0000110001": 1,
                "1000101111": 1,
                "0100111010": 1,
                "1001011011": 1,
                "1111011011": 1,
                "0101000011": 1,
                "0010101111": 1,
                "0001011111": 1,
                "1101100111": 1,
                "0110100000": 1,
                "0110000011": 1,
                "0011110001": 1,
                "1010001011": 1,
                "0111000101": 1,
                "0011100110": 1,
                "0110101001": 1,
                "0010000000": 1,
                "0111110001": 1,
                "1111111110": 1,
                "1101101110": 1,
                "0011100000": 1,
                "1111001110": 2,
                "0011011110": 1,
                "0001011110": 1,
                "1101110000": 1,
                "0010001111": 1
            },
            false,
            1.0
        ],
        [
            [
                [
                    -6,
                    2,
                    9
                ],
                [
                    6,
                    8,
                    1
                ],
                [
                    -3,
                    2,
                    -8
                ],
                [
                    -6,
                    -8,
                    7
                ],
                [
                    5,
                    -6,
                    -7
                ],
                [
                    -6,
                    -8,
                    4
                ],
                [
                    8,
                    -2,
                    -3
                ],
                [
                    6,
                    -2,
                    10
                ],
                [
                    1,
                    7,
                    -3
                ],
                [
                    -5,
                    -7,
                    2
                ],
                [
                    -3,
                    -9,
                    -7
                ],
                [
                    -5,
                    -9,
                    3
                ],
                [
                    4,
                    6,
                    3
                ],
                [
                    -1,
                    7,
                    -5
                ],
                [
                    7,
                    10,
                    9
                ],
                [
                    -3,
                    -2,
                    10
                ],
                [
                    1,
                    -7,
                    -6
                ],
                [
                    -10,
                    7,
                    1
                ],
                [
                    5,
                    -9,
                    -8
                ],
                [
                    3,
                    6,
                    5
                ],
                [
                    10,
                    -8,
                    -9
                ],
                [
                    6,
                    -10,
                    -2
                ],
                [
                    -3,
                    -9,
                    -2
                ],
                [
                    -10,
                    5,
                    3
                ],
                [
                    10,
                    -3,
                    8
                ],
                [
                    2,
                    -8,
                    6
                ],
                [
                    10,
                    7,
                    -2
                ],
                [
                    -8,
                    6,
                    -10
                ],
                [
                    -10,
                    -4,
                    9
                ],
                [
                    -5,
                    -2,
                    8
                ],
                [
                    9,
                    2,
                    5
                ],
                [
                    -10,
                    3,
                    8
                ],
                [
                    4,
                    -7,
                    -10
                ],
                [
                    -2,
                    1,
                    -5
                ],
                [
                    -10,
                    -9,
                    -6
                ],
                [
                    -4,
                    2,
                    -3
                ],
                [
                    -3,
                    1,
                    10
                ],
                [
                    -7,
                    -6,
                    2
                ],
                [
                    8,
                    -5,
                    -3
                ],
                [
                    -5,
                    10,
                    1
                ],
                [
                    -6,
                    -8,
                    -1
                ],
                [
                    -8,
                    5,
                    2
                ],
                [
                    -3,
                    2,
                    9
                ],
                [
                    5,
                    -3,
                    -4
                ],
                [
                    -6,
                    8,
                    -7
                ]
            ],
            "{   'fun': 0.97,\n    'jac': None,\n    'nfev': 180,\n    'nit': 0,\n    'njev': 20,\n    'x': array([1.3981937 , 0.73956463, 2.7379648 , 0.46117424, 0.65115442,\n       0.01888568, 0.20752713, 2.72924342])}",
            {
                "1100000100": 1,
                "0011111011": 1,
                "0110110001": 1,
                "1111110000": 1,
                "1100111110": 1,
                "1000111001": 1,
                "0110000100": 1,
                "0001101001": 1,
                "1101101010": 1,
                "0111100010": 1,
                "0011011101": 1,
                "0100011001": 1,
                "1010010010": 1,
                "1001000101": 1,
                "1010111000": 1,
                "1111111111": 1,
                "0011001100": 1,
                "0000100000": 1,
                "0011101100": 1,
                "0101010011": 1,
                "0001100001": 1,
                "0000001111": 3,
                "1000000101": 1,
                "1011000011": 1,
                "0101110100": 1,
                "1011110001": 1,
                "0100001111": 1,
                "1010100101": 1,
                "0010100110": 1,
                "1010000010": 1,
                "1011101001": 1,
                "1110100011": 1,
                "1011100100": 1,
                "0110110100": 1,
                "0110011110": 1,
                "0001110101": 1,
                "1000111010": 1,
                "1110101011": 1,
                "0000010110": 2,
                "0101100010": 1,
                "1100110011": 1,
                "1001110111": 1,
                "1111101001": 1,
                "0111001110": 1,
                "0011011111": 1,
                "1011010010": 1,
                "0010000111": 1,
                "0000101110": 1,
                "0100011011": 1,
                "0100010011": 1,
                "1100000101": 2,
                "1000111111": 1,
                "0101101101": 1,
                "0111011101": 1,
                "0010010111": 2,
                "0011010111": 1,
                "0111101100": 1,
                "0001100100": 2,
                "1000111101": 1,
                "1101001011": 1,
                "1100111001": 1,
                "0011111111": 1,
                "1111011001": 1,
                "1111001110": 1,
                "0111000111": 1,
                "0101010101": 2,
                "1111100011": 1,
                "0110011011": 1,
                "0010011110": 1,
                "1011111100": 1,
                "0011101111": 1,
                "1011010111": 1,
                "0011010011": 1,
                "1100110010": 1,
                "0001011011": 1,
                "1101001101": 1,
                "1010000110": 1,
                "1111010001": 1,
                "1110001111": 1,
                "1101100111": 1,
                "1100110100": 1,
                "0111010001": 1,
                "0010011010": 2,
                "0100101000": 4,
                "0111111001": 1,
                "1100011000": 1,
                "1011101101": 1,
                "0111111111": 1,
                "0110010001": 1
            },
            true,
            0.87
        ],
        [
            [
                [
                    -3,
                    4,
                    -8
                ],
                [
                    -2,
                    8,
                    -7
                ],
                [
                    -8,
                    1,
                    4
                ],
                [
                    -8,
                    -9,
                    7
                ],
                [
                    5,
                    -3,
                    6
                ],
                [
                    -6,
                    -4,
                    7
                ],
                [
                    -2,
                    9,
                    -10
                ],
                [
                    -10,
                    -5,
                    -4
                ],
                [
                    10,
                    4,
                    1
                ],
                [
                    -5,
                    1,
                    -2
                ],
                [
                    8,
                    -5,
                    7
                ],
                [
                    -1,
                    10,
                    5
                ],
                [
                    10,
                    8,
                    1
                ],
                [
                    5,
                    9,
                    8
                ],
                [
                    7,
                    4,
                    -1
                ],
                [
                    -8,
                    -10,
                    7
                ],
                [
                    -2,
                    -7,
                    -4
                ],
                [
                    -4,
                    -3,
                    -1
                ],
                [
                    1,
                    -8,
                    -4
                ],
                [
                    5,
                    1,
                    10
                ],
                [
                    1,
                    -10,
                    5
                ],
                [
                    -1,
                    10,
                    4
                ],
                [
                    -4,
                    -3,
                    -6
                ],
                [
                    -8,
                    10,
                    -9
                ],
                [
                    -10,
                    1,
                    9
                ],
                [
                    -3,
                    -10,
                    8
                ],
                [
                    9,
                    -8,
                    -7
                ],
                [
                    -8,
                    6,
                    4
                ],
                [
                    -7,
                    2,
                    10
                ],
                [
                    10,
                    -2,
                    -5
                ],
                [
                    1,
                    5,
                    -10
                ],
                [
                    9,
                    -1,
                    -6
                ],
                [
                    -1,
                    -8,
                    3
                ],
                [
                    2,
                    1,
                    -9
                ],
                [
                    -5,
                    3,
                    2
                ],
                [
                    -1,
                    7,
                    -8
                ],
                [
                    10,
                    -9,
                    4
                ],
                [
                    1,
                    2,
                    7
                ],
                [
                    8,
                    -7,
                    9
                ],
                [
                    -4,
                    9,
                    8
                ],
                [
                    7,
                    2,
                    -5
                ],
                [
                    -2,
                    -3,
                    -1
                ],
                [
                    -1,
                    -3,
                    -8
                ],
                [
                    5,
                    -7,
                    2
                ],
                [
                    9,
                    3,
                    -5
                ]
            ],
            "{   'fun': 0.98,\n    'jac': None,\n    'nfev': 207,\n    'nit': 3,\n    'njev': 23,\n    'x': array([1.2980982 , 1.5130459 , 0.67244518, 1.64201283, 0.03176706,\n       1.56170563, 0.69038539, 2.29319045])}",
            {
                "1000100100": 1,
                "0010011001": 1,
                "1110010001": 1,
                "1100101100": 1,
                "0011111011": 1,
                "0110001010": 1,
                "1001011100": 1,
                "1011010011": 1,
                "0000000011": 1,
                "0001010011": 1,
                "1111000000": 1,
                "1011001100": 1,
                "0111011100": 1,
                "0010100100": 1,
                "1001000011": 1,
                "1110001100": 1,
                "0010001001": 1,
                "1001111111": 1,
                "0101010010": 1,
                "0000100101": 1,
                "1111010011": 1,
                "1111110000": 1,
                "1011001111": 1,
                "0111101000": 1,
                "0011011010": 1,
                "1101100010": 1,
                "0011001010": 1,
                "0111011011": 1,
                "1110110101": 1,
                "0010001111": 1,
                "0010000101": 1,
                "1101011010": 1,
                "0111011110": 1,
                "0100111000": 1,
                "1000001010": 1,
                "1010111101": 1,
                "0000101101": 1,
                "0101010001": 1,
                "0011011100": 1,
                "1101000101": 1,
                "1111010101": 1,
                "1001001100": 1,
                "0111010001": 1,
                "1111000010": 1,
                "1011010001": 2,
                "1000010111": 1,
                "1110110110": 1,
                "1010001101": 1,
                "0000111011": 1,
                "0000010100": 1,
                "0000000000": 2,
                "0100101100": 1,
                "0101001101": 1,
                "1001111011": 2,
                "1110100010": 1,
                "0010000001": 1,
                "0001100001": 1,
                "1110011100": 1,
                "1110111000": 1,
                "1010001010": 1,
                "1110000000": 1,
                "1101111011": 1,
                "1100001001": 1,
                "0011101100": 1,
                "1110101111": 1,
                "1001100111": 1,
                "0011011011": 1,
                "0100010001": 1,
                "1000110010": 1,
                "1100010011": 1,
                "1100000110": 1,
                "1100000011": 1,
                "0100100000": 1,
                "1101000011": 1,
                "0100100100": 3,
                "1001101010": 1,
                "1111010100": 1,
                "0011111111": 1,
                "1100111001": 1,
                "0101111010": 1,
                "1110001001": 1,
                "1010101100": 1,
                "1110011010": 1,
                "1101111100": 2,
                "0010100000": 1,
                "0101000100": 1,
                "1000011100": 1,
                "0001100110": 1,
                "1100100110": 1,
                "1010100000": 1,
                "1010010101": 1,
                "1110001010": 1,
                "1011100110": 1,
                "0111010010": 1
            },
            true,
            0.95
        ],
        [
            [
                [
                    -1,
                    -2,
                    6
                ],
                [
                    -8,
                    -4,
                    5
                ],
                [
                    4,
                    5,
                    7
                ],
                [
                    -10,
                    9,
                    8
                ],
                [
                    -8,
                    -7,
                    4
                ],
                [
                    7,
                    -4,
                    2
                ],
                [
                    5,
                    9,
                    -4
                ],
                [
                    2,
                    4,
                    8
                ],
                [
                    7,
                    -10,
                    6
                ],
                [
                    7,
                    -5,
                    10
                ],
                [
                    10,
                    6,
                    3
                ],
                [
                    8,
                    10,
                    2
                ],
                [
                    -1,
                    -9,
                    -2
                ],
                [
                    -7,
                    -10,
                    -9
                ],
                [
                    5,
                    -9,
                    -1
                ],
                [
                    -3,
                    1,
                    -10
                ],
                [
                    -9,
                    -5,
                    -4
                ],
                [
                    -2,
                    -3,
                    -9
                ],
                [
                    -6,
                    -8,
                    10
                ],
                [
                    1,
                    8,
                    -10
                ],
                [
                    -5,
                    1,
                    4
                ],
                [
                    10,
                    9,
                    6
                ],
                [
                    -6,
                    1,
                    -3
                ],
                [
                    -3,
                    -5,
                    4
                ],
                [
                    -5,
                    4,
                    1
                ],
                [
                    2,
                    10,
                    1
                ],
                [
                    3,
                    -6,
                    7
                ],
                [
                    -10,
                    -7,
                    -6
                ],
                [
                    -5,
                    9,
                    8
                ],
                [
                    -6,
                    -1,
                    -2
                ],
                [
                    -6,
                    9,
                    4
                ],
                [
                    5,
                    -9,
                    6
                ],
                [
                    3,
                    9,
                    5
                ],
                [
                    -9,
                    6,
                    3
                ],
                [
                    2,
                    9,
                    8
                ],
                [
                    -4,
                    -3,
                    -5
                ],
                [
                    5,
                    -4,
                    1
                ],
                [
                    -7,
                    -4,
                    3
                ],
                [
                    3,
                    -1,
                    2
                ],
                [
                    -9,
                    -10,
                    5
                ],
                [
                    -9,
                    6,
                    -2
                ],
                [
                    -9,
                    -1,
                    10
                ],
                [
                    7,
                    4,
                    10
                ],
                [
                    -5,
                    3,
                    -7
                ],
                [
                    -8,
                    5,
                    10
                ]
            ],
            "{   'fun': 0.99,\n    'jac': None,\n    'nfev': 216,\n    'nit': 2,\n    'njev': 24,\n    'x': array([0.62824875, 0.63304003, 1.90872717, 1.83929159, 0.55726243,\n       0.94828209, 0.37123251, 0.71003052])}",
            {
                "1000100000": 1,
                "0111101111": 1,
                "1111110110": 1,
                "0111000001": 1,
                "0100111101": 1,
                "1011100101": 1,
                "1110001101": 1,
                "0101100010": 1,
                "0010111101": 1,
                "0111010010": 1,
                "1110000100": 1,
                "1101111101": 1,
                "0110011101": 1,
                "0011110111": 1,
                "0000011011": 1,
                "0110011111": 1,
                "0110110010": 1,
                "0000000100": 1,
                "1110100011": 1,
                "1011111110": 1,
                "1110001001": 1,
                "0101111010": 1,
                "0010111110": 1,
                "0010011100": 1,
                "0100001111": 1,
                "0101000101": 1,
                "0101001001": 1,
                "1001010100": 1,
                "1010000000": 1,
                "0100000110": 1,
                "0010011101": 1,
                "1101011001": 1,
                "0000011001": 1,
                "0100111011": 1,
                "0100001000": 1,
                "1011011100": 1,
                "1110011101": 2,
                "1100011001": 1,
                "0100001001": 1,
                "1001000110": 1,
                "1000000011": 1,
                "1100111111": 1,
                "1001110100": 1,
                "0111001000": 1,
                "1000110011": 1,
                "0101110011": 1,
                "0011000101": 1,
                "0000110000": 1,
                "1001000101": 1,
                "1101010000": 1,
                "0011100110": 1,
                "1110110110": 1,
                "1000111101": 1,
                "0101101011": 1,
                "1001001101": 1,
                "1010010001": 1,
                "1111111111": 1,
                "0000100110": 1,
                "0011100111": 1,
                "1011110111": 1,
                "0001110001": 1,
                "1110101000": 1,
                "0110010110": 1,
                "1100111110": 1,
                "0001100111": 1,
                "0100000101": 1,
                "0001110000": 1,
                "0100101011": 1,
                "1110100000": 1,
                "0011100100": 1,
                "1100101010": 1,
                "1001010101": 1,
                "0001000011": 1,
                "0000101001": 1,
                "0111000011": 1,
                "1101111010": 1,
                "1000111000": 1,
                "0011100101": 1,
                "0001101011": 1,
                "1100001111": 1,
                "0010010101": 1,
                "1010010111": 1,
                "1010100111": 1,
                "0010000100": 1,
                "1111101001": 1,
                "1001110111": 1,
                "1101000001": 1,
                "0010000001": 1,
                "1011110101": 1,
                "1000101101": 1,
                "0101010110": 1,
                "0011011110": 1,
                "0010110011": 1,
                "0111000110": 1,
                "0101101000": 1,
                "1010000110": 1,
                "1001001011": 1,
                "0110000100": 1,
                "1001001001": 1
            },
            true,
            0.97
        ]
    ]
}