{
    "n": 10,
    "m": 45,
    "results": [
        [
            [
                [
                    -9,
                    -7,
                    -3
                ],
                [
                    7,
                    -5,
                    10
                ],
                [
                    -2,
                    -10,
                    8
                ],
                [
                    -9,
                    -1,
                    7
                ],
                [
                    -8,
                    2,
                    -4
                ],
                [
                    -10,
                    -4,
                    -6
                ],
                [
                    -2,
                    8,
                    -7
                ],
                [
                    -6,
                    -5,
                    7
                ],
                [
                    -7,
                    10,
                    -2
                ],
                [
                    2,
                    3,
                    6
                ],
                [
                    -4,
                    -3,
                    -6
                ],
                [
                    7,
                    -9,
                    6
                ],
                [
                    -7,
                    -3,
                    1
                ],
                [
                    -6,
                    -10,
                    2
                ],
                [
                    4,
                    -5,
                    -1
                ],
                [
                    9,
                    -8,
                    -1
                ],
                [
                    3,
                    -4,
                    -8
                ],
                [
                    -4,
                    10,
                    7
                ],
                [
                    8,
                    -1,
                    -9
                ],
                [
                    -4,
                    7,
                    1
                ],
                [
                    5,
                    -2,
                    -6
                ],
                [
                    -3,
                    -10,
                    -8
                ],
                [
                    -8,
                    4,
                    -1
                ],
                [
                    10,
                    1,
                    3
                ],
                [
                    -9,
                    3,
                    -4
                ],
                [
                    -7,
                    -10,
                    -5
                ],
                [
                    -8,
                    -5,
                    -10
                ],
                [
                    -10,
                    1,
                    -5
                ],
                [
                    3,
                    7,
                    6
                ],
                [
                    -7,
                    9,
                    -8
                ],
                [
                    -10,
                    3,
                    -8
                ],
                [
                    8,
                    4,
                    -9
                ],
                [
                    5,
                    7,
                    -8
                ],
                [
                    5,
                    4,
                    7
                ],
                [
                    -8,
                    -3,
                    9
                ],
                [
                    -3,
                    9,
                    -2
                ],
                [
                    1,
                    2,
                    -6
                ],
                [
                    4,
                    -7,
                    -1
                ],
                [
                    2,
                    -4,
                    8
                ],
                [
                    6,
                    -10,
                    7
                ],
                [
                    9,
                    2,
                    1
                ],
                [
                    -9,
                    4,
                    7
                ],
                [
                    -4,
                    2,
                    -10
                ],
                [
                    2,
                    -10,
                    -9
                ],
                [
                    6,
                    -1,
                    10
                ]
            ],
            "{   'fun': 1.0,\n    'jac': None,\n    'nfev': 3,\n    'nit': 0,\n    'njev': 1,\n    'x': array([0.84543156, 1.22578621])}",
            {
                "1111010101": 1,
                "1110000010": 1,
                "0001111011": 1,
                "1010000100": 1,
                "1111000001": 1,
                "0000101001": 1,
                "1101101010": 1,
                "1100000110": 1,
                "1101000011": 1,
                "1111001011": 1,
                "1010100101": 1,
                "1111011100": 1,
                "0011000000": 1,
                "1101100011": 1,
                "1100110011": 1,
                "1110110000": 1,
                "0111110100": 1,
                "1000101000": 1,
                "1111011111": 1,
                "1001110010": 1,
                "0110101111": 1,
                "1000100011": 1,
                "1111010011": 1,
                "1101011101": 1,
                "0000000100": 2,
                "1101000000": 1,
                "0000110011": 1,
                "0011101001": 1,
                "0110110010": 1,
                "0000011111": 1,
                "0001000110": 1,
                "0100010111": 1,
                "1110110011": 1,
                "0010010100": 1,
                "0101111011": 1,
                "0010010101": 1,
                "0101111010": 1,
                "1101010011": 1,
                "0010011101": 1,
                "0001011001": 1,
                "1001100010": 1,
                "1100111101": 2,
                "0110111010": 1,
                "0000111011": 1,
                "0111100001": 1,
                "1010011010": 1,
                "0010000001": 1,
                "1000000110": 1,
                "1000101001": 1,
                "1100011000": 1,
                "0001111100": 1,
                "0110001101": 1,
                "1000100101": 1,
                "1000100110": 1,
                "0011101100": 1,
                "0011100011": 1,
                "0101010000": 1,
                "1010111110": 1,
                "0000001000": 1,
                "1101101100": 1,
                "0110101011": 1,
                "1101001100": 1,
                "1011100100": 1,
                "1100100101": 1,
                "1111011001": 1,
                "0001111000": 1,
                "1011011110": 1,
                "0111010100": 1,
                "1001000010": 1,
                "1010110000": 1,
                "1100001111": 1,
                "0010100000": 1,
                "0010111000": 1,
                "0001100000": 1,
                "0011100110": 1,
                "1011110110": 1,
                "0010101111": 1,
                "1100111100": 1,
                "1000010000": 2,
                "1001111101": 1,
                "1100110100": 1,
                "1110000101": 1,
                "1001000001": 1,
                "0000111010": 1,
                "0111101111": 1,
                "0111110101": 2,
                "1010110010": 1,
                "0000100000": 1,
                "0110111000": 1,
                "1111000000": 1,
                "0110100010": 1,
                "0110000111": 1,
                "1011000011": 1,
                "1010001100": 1,
                "1100010000": 1,
                "0000111001": 1
            },
            false,
            1.0
        ],
        [
            [
                [
                    -4,
                    3,
                    10
                ],
                [
                    10,
                    -3,
                    6
                ],
                [
                    -3,
                    -2,
                    -7
                ],
                [
                    2,
                    10,
                    3
                ],
                [
                    8,
                    -3,
                    -6
                ],
                [
                    8,
                    -6,
                    -7
                ],
                [
                    10,
                    -5,
                    -7
                ],
                [
                    -1,
                    5,
                    -9
                ],
                [
                    3,
                    -1,
                    -10
                ],
                [
                    -8,
                    9,
                    -5
                ],
                [
                    8,
                    -2,
                    -10
                ],
                [
                    9,
                    7,
                    -2
                ],
                [
                    6,
                    -9,
                    10
                ],
                [
                    -1,
                    3,
                    -9
                ],
                [
                    -1,
                    -9,
                    5
                ],
                [
                    9,
                    -6,
                    -7
                ],
                [
                    3,
                    4,
                    10
                ],
                [
                    9,
                    -8,
                    6
                ],
                [
                    -5,
                    1,
                    4
                ],
                [
                    2,
                    6,
                    9
                ],
                [
                    4,
                    -3,
                    -2
                ],
                [
                    -10,
                    7,
                    -9
                ],
                [
                    8,
                    -7,
                    -9
                ],
                [
                    -2,
                    -9,
                    -4
                ],
                [
                    -1,
                    -4,
                    5
                ],
                [
                    -3,
                    9,
                    10
                ],
                [
                    9,
                    5,
                    10
                ],
                [
                    -3,
                    -1,
                    -10
                ],
                [
                    -10,
                    -7,
                    -1
                ],
                [
                    7,
                    -4,
                    3
                ],
                [
                    -7,
                    -9,
                    -10
                ],
                [
                    2,
                    -10,
                    -8
                ],
                [
                    -1,
                    -2,
                    -9
                ],
                [
                    10,
                    3,
                    2
                ],
                [
                    -5,
                    -7,
                    2
                ],
                [
                    -5,
                    -4,
                    -3
                ],
                [
                    -5,
                    8,
                    10
                ],
                [
                    -7,
                    -6,
                    -8
                ],
                [
                    -7,
                    3,
                    10
                ],
                [
                    -6,
                    -5,
                    -3
                ],
                [
                    8,
                    2,
                    5
                ],
                [
                    10,
                    2,
                    -6
                ],
                [
                    10,
                    -3,
                    -4
                ],
                [
                    -10,
                    -4,
                    -3
                ],
                [
                    4,
                    3,
                    -1
                ]
            ],
            "{   'fun': 1.0,\n    'jac': None,\n    'nfev': 3,\n    'nit': 0,\n    'njev': 1,\n    'x': array([0.10931673, 0.8711891 ])}",
            {
                "0101101110": 1,
                "0101001101": 1,
                "1101011011": 1,
                "1101010001": 1,
                "0011001111": 1,
                "0000111100": 1,
                "0111010010": 1,
                "0100001010": 1,
                "1111000110": 1,
                "0001010010": 1,
                "1001110000": 1,
                "1100111111": 1,
                "0011011100": 1,
                "1110001110": 1,
                "0010101011": 1,
                "1111110010": 1,
                "1010111000": 1,
                "1111011101": 1,
                "0111111111": 1,
                "1111010100": 1,
                "1010000000": 1,
                "1010101000": 1,
                "0100011111": 1,
                "1001011110": 1,
                "1000110111": 1,
                "1110111111": 1,
                "0010110101": 1,
                "1100010111": 1,
                "0010100110": 1,
                "0010101111": 1,
                "0100100100": 1,
                "1111110001": 1,
                "0110101001": 1,
                "1110001011": 1,
                "1011101111": 1,
                "1011111110": 1,
                "0010100000": 1,
                "1011111011": 2,
                "0011100100": 1,
                "1011001001": 1,
                "0011100111": 1,
                "1000000100": 1,
                "1010000011": 1,
                "1111100110": 1,
                "1100001000": 1,
                "0100001110": 1,
                "1111110110": 1,
                "1010111111": 1,
                "1101110100": 1,
                "0110010000": 2,
                "0101101111": 1,
                "1101001100": 1,
                "1100110011": 2,
                "1110001101": 3,
                "1000100111": 1,
                "1011000010": 1,
                "1110011110": 1,
                "0000101010": 1,
                "1001111111": 2,
                "1110010001": 1,
                "1100111101": 1,
                "1111001111": 1,
                "0111010000": 1,
                "0100010101": 1,
                "1000010000": 1,
                "1101000010": 1,
                "0100000011": 1,
                "0100110111": 1,
                "1000111110": 1,
                "1010000111": 1,
                "0011111010": 1,
                "1100100001": 1,
                "0010010100": 1,
                "0100000111": 1,
                "0010100001": 1,
                "0010011011": 2,
                "0110100001": 1,
                "0001010100": 1,
                "0001010101": 1,
                "0011011110": 1,
                "1111001110": 1,
                "1110101111": 1,
                "0111001100": 1,
                "1110001111": 1,
                "1110101100": 1,
                "1000011001": 2,
                "0111000001": 1,
                "1100110100": 1,
                "0011101110": 1,
                "1100011010": 1,
                "1011000111": 1,
                "1011111111": 1
            },
            false,
            1.0
        ],
        [
            [
                [
                    1,
                    5,
                    3
                ],
                [
                    -4,
                    5,
                    -9
                ],
                [
                    -3,
                    9,
                    -6
                ],
                [
                    -5,
                    6,
                    -9
                ],
                [
                    1,
                    7,
                    -9
                ],
                [
                    -1,
                    9,
                    -10
                ],
                [
                    9,
                    -3,
                    4
                ],
                [
                    9,
                    1,
                    7
                ],
                [
                    -2,
                    -1,
                    -6
                ],
                [
                    -7,
                    4,
                    5
                ],
                [
                    6,
                    -3,
                    -8
                ],
                [
                    2,
                    4,
                    -7
                ],
                [
                    8,
                    -1,
                    2
                ],
                [
                    7,
                    -5,
                    -3
                ],
                [
                    -6,
                    10,
                    -7
                ],
                [
                    -10,
                    -4,
                    2
                ],
                [
                    10,
                    -4,
                    -7
                ],
                [
                    3,
                    -9,
                    5
                ],
                [
                    5,
                    -10,
                    8
                ],
                [
                    -1,
                    -8,
                    -2
                ],
                [
                    6,
                    -7,
                    -5
                ],
                [
                    2,
                    -6,
                    -7
                ],
                [
                    1,
                    9,
                    6
                ],
                [
                    -6,
                    3,
                    9
                ],
                [
                    -9,
                    -8,
                    2
                ],
                [
                    -4,
                    -2,
                    6
                ],
                [
                    8,
                    -10,
                    -1
                ],
                [
                    -2,
                    6,
                    8
                ],
                [
                    -2,
                    -7,
                    10
                ],
                [
                    10,
                    4,
                    -6
                ],
                [
                    -1,
                    4,
                    -10
                ],
                [
                    -9,
                    -3,
                    7
                ],
                [
                    -2,
                    -3,
                    10
                ],
                [
                    -2,
                    8,
                    7
                ],
                [
                    -4,
                    9,
                    -8
                ],
                [
                    10,
                    -3,
                    -6
                ],
                [
                    -7,
                    9,
                    4
                ],
                [
                    -9,
                    8,
                    -4
                ],
                [
                    4,
                    -2,
                    -6
                ],
                [
                    8,
                    2,
                    4
                ],
                [
                    4,
                    2,
                    7
                ],
                [
                    -1,
                    10,
                    -4
                ],
                [
                    -5,
                    -3,
                    -4
                ],
                [
                    4,
                    -6,
                    3
                ],
                [
                    -1,
                    8,
                    -5
                ]
            ],
            "{   'fun': 1.0,\n    'jac': None,\n    'nfev': 3,\n    'nit': 0,\n    'njev': 1,\n    'x': array([2.42585848, 0.03004599])}",
            {
                "0000101100": 1,
                "0011111000": 1,
                "0010110001": 1,
                "0111010100": 1,
                "0101110001": 1,
                "0111101100": 1,
                "1110000100": 1,
                "1100011110": 1,
                "0100011011": 1,
                "0010010110": 1,
                "1011001110": 1,
                "1110101000": 1,
                "0111101101": 1,
                "1110001110": 1,
                "0000011111": 1,
                "1111110010": 1,
                "0101011001": 1,
                "1011110100": 1,
                "0000100011": 1,
                "0000110110": 1,
                "0111111001": 1,
                "1111101110": 1,
                "1001110110": 1,
                "1101010111": 1,
                "0001101011": 1,
                "1011111000": 1,
                "1000010001": 1,
                "0001011000": 1,
                "1100111101": 1,
                "1001111111": 1,
                "1100100000": 1,
                "1000111000": 1,
                "1111111010": 1,
                "1000111111": 1,
                "0110011011": 1,
                "1011111111": 1,
                "1011001010": 1,
                "1011101010": 1,
                "0101101110": 1,
                "1110111000": 1,
                "1010011100": 1,
                "1101110010": 1,
                "0111011111": 1,
                "1111101011": 1,
                "1111000010": 1,
                "1100111110": 1,
                "0110000001": 1,
                "1110101011": 1,
                "0000001010": 1,
                "0100000010": 1,
                "1110000000": 1,
                "0100011100": 1,
                "0110010101": 1,
                "1010000011": 1,
                "1010110101": 1,
                "0011000101": 1,
                "1101101000": 1,
                "0101011100": 1,
                "0110100100": 1,
                "1101010110": 1,
                "0010001100": 1,
                "0100010001": 1,
                "1101000011": 1,
                "0001011111": 2,
                "0100000101": 1,
                "1001001100": 1,
                "0101110101": 1,
                "0110111001": 1,
                "0000100000": 1,
                "1000111010": 2,
                "0010101111": 1,
                "0110110110": 2,
                "0011110101": 1,
                "0011011110": 2,
                "1111001110": 1,
                "0111010010": 1,
                "1010000111": 1,
                "1101001101": 1,
                "1010110110": 1,
                "1110000001": 1,
                "1101101100": 1,
                "0000001000": 1,
                "1001011100": 2,
                "1011101011": 1,
                "0011101111": 2,
                "1011111100": 2,
                "1011110001": 1,
                "1010011000": 1,
                "0101111110": 2,
                "0110100011": 1,
                "0110111000": 1,
                "0010100011": 1
            },
            false,
            1.0
        ],
        [
            [
                [
                    8,
                    4,
                    10
                ],
                [
                    2,
                    -3,
                    10
                ],
                [
                    -3,
                    5,
                    -2
                ],
                [
                    -8,
                    -6,
                    -5
                ],
                [
                    -9,
                    10,
                    8
                ],
                [
                    1,
                    -5,
                    8
                ],
                [
                    -4,
                    8,
                    -3
                ],
                [
                    4,
                    -1,
                    3
                ],
                [
                    -1,
                    5,
                    -4
                ],
                [
                    10,
                    -1,
                    -5
                ],
                [
                    4,
                    -9,
                    8
                ],
                [
                    7,
                    8,
                    -3
                ],
                [
                    -2,
                    7,
                    -1
                ],
                [
                    8,
                    -3,
                    -7
                ],
                [
                    -8,
                    4,
                    -7
                ],
                [
                    1,
                    -7,
                    -5
                ],
                [
                    -4,
                    3,
                    -8
                ],
                [
                    -7,
                    8,
                    4
                ],
                [
                    -6,
                    1,
                    -2
                ],
                [
                    -6,
                    -1,
                    -2
                ],
                [
                    -10,
                    -7,
                    -1
                ],
                [
                    1,
                    -5,
                    6
                ],
                [
                    1,
                    8,
                    -7
                ],
                [
                    -9,
                    -8,
                    3
                ],
                [
                    4,
                    -8,
                    10
                ],
                [
                    1,
                    -4,
                    7
                ],
                [
                    10,
                    -8,
                    1
                ],
                [
                    -8,
                    10,
                    -9
                ],
                [
                    -1,
                    5,
                    -2
                ],
                [
                    8,
                    3,
                    2
                ],
                [
                    -5,
                    -10,
                    -2
                ],
                [
                    -9,
                    -6,
                    7
                ],
                [
                    -10,
                    2,
                    -4
                ],
                [
                    4,
                    2,
                    -1
                ],
                [
                    10,
                    2,
                    -1
                ],
                [
                    10,
                    6,
                    -5
                ],
                [
                    -2,
                    -1,
                    -5
                ],
                [
                    -2,
                    -5,
                    -4
                ],
                [
                    9,
                    -5,
                    8
                ],
                [
                    9,
                    1,
                    2
                ],
                [
                    -10,
                    -4,
                    6
                ],
                [
                    -5,
                    6,
                    7
                ],
                [
                    2,
                    8,
                    -9
                ],
                [
                    -8,
                    3,
                    -4
                ],
                [
                    4,
                    5,
                    -10
                ]
            ],
            "{   'fun': 1.0,\n    'jac': None,\n    'nfev': 3,\n    'nit': 0,\n    'njev': 1,\n    'x': array([2.72992658, 1.35219818])}",
            {
                "0100010110": 1,
                "1111001001": 1,
                "1110101110": 1,
                "0011111110": 1,
                "0110011100": 1,
                "0100011110": 1,
                "1001000111": 1,
                "0101110011": 1,
                "0011001001": 1,
                "1100010100": 1,
                "1100000010": 1,
                "0000010000": 1,
                "0001110100": 1,
                "0110011010": 1,
                "0110100111": 1,
                "1100011000": 1,
                "0100011010": 1,
                "0101000101": 1,
                "0111100010": 1,
                "1001111000": 1,
                "1100101001": 1,
                "1011111000": 1,
                "1000000100": 1,
                "1110001100": 1,
                "1001001011": 1,
                "0111101001": 2,
                "0100100001": 1,
                "1001101100": 1,
                "1000110101": 1,
                "0001001011": 1,
                "1100000110": 1,
                "1010011000": 1,
                "1011110001": 1,
                "0111000101": 1,
                "0101111001": 1,
                "1100001011": 1,
                "0001011010": 1,
                "0101100010": 1,
                "0111001110": 1,
                "0100001100": 2,
                "0111000011": 1,
                "1011000111": 1,
                "0010011010": 1,
                "1101100100": 1,
                "1011110000": 2,
                "1101110010": 2,
                "1010101010": 1,
                "0011001011": 1,
                "0110001011": 1,
                "1100110100": 1,
                "0101110010": 1,
                "0100111010": 1,
                "0110011111": 1,
                "1100100100": 1,
                "1101101001": 1,
                "0001010001": 1,
                "0010101000": 1,
                "1001011100": 1,
                "0101011000": 2,
                "1001010010": 1,
                "1110111100": 1,
                "1110010010": 1,
                "0111000001": 1,
                "0010011110": 1,
                "1001000110": 1,
                "1111010100": 1,
                "1111101000": 1,
                "0001010100": 1,
                "0010001101": 1,
                "1000110110": 1,
                "1111110100": 1,
                "1001110100": 1,
                "0001111001": 1,
                "1111111010": 1,
                "0111010010": 2,
                "1111100010": 2,
                "0110000010": 1,
                "1010011010": 1,
                "0001100100": 1,
                "1011010101": 1,
                "1000010111": 1,
                "0100110010": 1,
                "0011110110": 1,
                "1010111110": 1,
                "0000001000": 1,
                "1011111010": 1,
                "0011010111": 1,
                "1101100001": 1,
                "1111100001": 1,
                "1001011000": 1,
                "0010110101": 1,
                "0000100101": 1,
                "1110110111": 1
            },
            false,
            1.0
        ],
        [
            [
                [
                    -7,
                    -6,
                    5
                ],
                [
                    -7,
                    -4,
                    -10
                ],
                [
                    -8,
                    3,
                    9
                ],
                [
                    -3,
                    9,
                    -8
                ],
                [
                    -10,
                    7,
                    1
                ],
                [
                    -1,
                    7,
                    -4
                ],
                [
                    1,
                    -4,
                    2
                ],
                [
                    4,
                    7,
                    -1
                ],
                [
                    -8,
                    7,
                    1
                ],
                [
                    1,
                    -10,
                    9
                ],
                [
                    -3,
                    -1,
                    -6
                ],
                [
                    8,
                    -7,
                    -2
                ],
                [
                    -8,
                    9,
                    6
                ],
                [
                    2,
                    -4,
                    -8
                ],
                [
                    9,
                    1,
                    -4
                ],
                [
                    -3,
                    7,
                    -4
                ],
                [
                    9,
                    -8,
                    2
                ],
                [
                    -10,
                    -5,
                    -8
                ],
                [
                    -2,
                    8,
                    3
                ],
                [
                    -7,
                    -9,
                    -6
                ],
                [
                    -3,
                    7,
                    -8
                ],
                [
                    4,
                    9,
                    10
                ],
                [
                    -7,
                    4,
                    2
                ],
                [
                    9,
                    -1,
                    4
                ],
                [
                    -9,
                    1,
                    4
                ],
                [
                    2,
                    -10,
                    1
                ],
                [
                    5,
                    10,
                    -2
                ],
                [
                    -2,
                    -8,
                    6
                ],
                [
                    -3,
                    8,
                    -6
                ],
                [
                    5,
                    3,
                    7
                ],
                [
                    -5,
                    -8,
                    -3
                ],
                [
                    2,
                    -10,
                    8
                ],
                [
                    -2,
                    -9,
                    -5
                ],
                [
                    1,
                    -10,
                    9
                ],
                [
                    4,
                    2,
                    7
                ],
                [
                    9,
                    -4,
                    -5
                ],
                [
                    -7,
                    5,
                    8
                ],
                [
                    5,
                    -9,
                    4
                ],
                [
                    -7,
                    -5,
                    3
                ],
                [
                    1,
                    5,
                    -9
                ],
                [
                    -10,
                    5,
                    8
                ],
                [
                    -9,
                    -2,
                    -6
                ],
                [
                    3,
                    6,
                    5
                ],
                [
                    -1,
                    -3,
                    -10
                ],
                [
                    -10,
                    -3,
                    -8
                ]
            ],
            "{   'fun': 1.0,\n    'jac': None,\n    'nfev': 3,\n    'nit': 0,\n    'njev': 1,\n    'x': array([0.51645798, 1.65605785])}",
            {
                "1111001101": 1,
                "1111010001": 1,
                "1011101011": 1,
                "1010100011": 1,
                "1100011110": 1,
                "1011011010": 1,
                "0100111001": 1,
                "0100110111": 1,
                "0010010110": 1,
                "1110110111": 1,
                "0000001010": 1,
                "0000111001": 1,
                "0011100001": 1,
                "1101110000": 2,
                "0101101110": 1,
                "0010111110": 1,
                "1010011100": 1,
                "0110001011": 1,
                "1000101010": 1,
                "0010110101": 1,
                "0000000011": 1,
                "0101011001": 1,
                "1101000101": 1,
                "1111001110": 1,
                "0100000100": 1,
                "1001011001": 1,
                "0001101001": 1,
                "0110010000": 1,
                "0000100110": 1,
                "0101001100": 1,
                "0100000111": 1,
                "1110010010": 1,
                "0001011011": 1,
                "1100110010": 1,
                "1010100100": 1,
                "0110111011": 1,
                "0010110000": 1,
                "0100111000": 1,
                "1100111001": 1,
                "0000110010": 1,
                "0000000001": 1,
                "0001011001": 1,
                "0010100111": 1,
                "0010011010": 1,
                "1101000000": 1,
                "0110100001": 1,
                "0010000001": 1,
                "1001110110": 1,
                "0110111101": 1,
                "1110001101": 1,
                "1100010011": 1,
                "0010000100": 1,
                "0101000011": 1,
                "0010100100": 1,
                "0111101101": 1,
                "1011010011": 1,
                "0001010000": 1,
                "0011010101": 1,
                "1110011101": 1,
                "1111101000": 1,
                "1011011001": 1,
                "0000111010": 1,
                "1010000110": 1,
                "1000010000": 1,
                "0100010101": 1,
                "1001110001": 1,
                "1001001000": 1,
                "1011011101": 1,
                "1010111001": 1,
                "0011101000": 1,
                "0010110011": 1,
                "0110010110": 1,
                "1100001000": 1,
                "1110101000": 1,
                "1001110000": 1,
                "1011100000": 1,
                "0101011110": 1,
                "0101000110": 1,
                "0110000010": 1,
                "1111000111": 1,
                "1100000011": 1,
                "1000110101": 1,
                "1100001011": 1,
                "0111111111": 1,
                "1111100100": 1,
                "1100000001": 1,
                "0001011000": 1,
                "1101111111": 1,
                "0011010000": 1,
                "1111100011": 1,
                "0001010010": 1,
                "0110011000": 1,
                "1101110101": 1,
                "1011010101": 1,
                "0101000101": 1,
                "1100101100": 1,
                "0100010010": 1,
                "0100011101": 1,
                "1001000010": 1
            },
            false,
            1.0
        ]
    ]
}