{
    "n": 10,
    "m": 45,
    "results": [
        [
            [
                [
                    10,
                    -3,
                    6
                ],
                [
                    9,
                    -7,
                    -10
                ],
                [
                    -3,
                    8,
                    10
                ],
                [
                    1,
                    -5,
                    -3
                ],
                [
                    3,
                    -7,
                    8
                ],
                [
                    -2,
                    -7,
                    9
                ],
                [
                    10,
                    -4,
                    8
                ],
                [
                    6,
                    -4,
                    -2
                ],
                [
                    7,
                    4,
                    -5
                ],
                [
                    9,
                    6,
                    -7
                ],
                [
                    6,
                    -8,
                    -5
                ],
                [
                    -3,
                    -8,
                    -9
                ],
                [
                    6,
                    1,
                    -3
                ],
                [
                    4,
                    6,
                    -10
                ],
                [
                    -4,
                    -8,
                    6
                ],
                [
                    6,
                    7,
                    -10
                ],
                [
                    -4,
                    1,
                    3
                ],
                [
                    -7,
                    -3,
                    -10
                ],
                [
                    -10,
                    8,
                    -4
                ],
                [
                    -10,
                    -1,
                    9
                ],
                [
                    -3,
                    5,
                    -9
                ],
                [
                    -8,
                    -5,
                    -3
                ],
                [
                    -2,
                    9,
                    -5
                ],
                [
                    2,
                    7,
                    -4
                ],
                [
                    -1,
                    10,
                    -2
                ],
                [
                    -1,
                    -4,
                    3
                ],
                [
                    -1,
                    -2,
                    -5
                ],
                [
                    2,
                    9,
                    -10
                ],
                [
                    -2,
                    9,
                    7
                ],
                [
                    10,
                    1,
                    -7
                ],
                [
                    -3,
                    10,
                    8
                ],
                [
                    -1,
                    6,
                    -4
                ],
                [
                    -10,
                    6,
                    1
                ],
                [
                    9,
                    4,
                    -8
                ],
                [
                    -4,
                    2,
                    -1
                ],
                [
                    -4,
                    -1,
                    -10
                ],
                [
                    -10,
                    -6,
                    -4
                ],
                [
                    8,
                    -5,
                    -1
                ],
                [
                    3,
                    -9,
                    7
                ],
                [
                    6,
                    -2,
                    3
                ],
                [
                    -9,
                    -4,
                    -3
                ],
                [
                    8,
                    5,
                    -2
                ],
                [
                    9,
                    -8,
                    -6
                ],
                [
                    1,
                    6,
                    7
                ],
                [
                    3,
                    -4,
                    -2
                ]
            ],
            "{   'fun': 0.99,\n    'jac': None,\n    'nfev': 63,\n    'nit': 0,\n    'njev': 21,\n    'x': array([0.84543156, 1.22578621])}",
            {
                "0110011100": 1,
                "0101000000": 1,
                "1000110111": 1,
                "0001101010": 1,
                "0100100111": 1,
                "0110100011": 1,
                "0111111101": 1,
                "1101111111": 1,
                "0010101111": 1,
                "0100111101": 1,
                "1000011001": 1,
                "1101011010": 1,
                "0001000011": 1,
                "1111011001": 1,
                "0000101100": 1,
                "1100011101": 1,
                "0010110000": 1,
                "1010110101": 1,
                "0101010100": 1,
                "1010110110": 1,
                "0100011100": 1,
                "1111000100": 1,
                "1100101010": 1,
                "1001010001": 1,
                "0000000000": 1,
                "0010110100": 1,
                "1110110101": 1,
                "0010000010": 1,
                "0001011001": 1,
                "1101011100": 1,
                "0001000000": 1,
                "1011010100": 1,
                "0111100000": 1,
                "1111100000": 1,
                "1100101111": 1,
                "1010111110": 1,
                "0000110011": 1,
                "0011101001": 1,
                "1000001100": 1,
                "0110101111": 1,
                "1011001110": 1,
                "0110100110": 1,
                "0001101100": 1,
                "0001101101": 1,
                "1010110100": 1,
                "1010111011": 1,
                "0000100001": 1,
                "0100110110": 1,
                "0100000010": 2,
                "1011110000": 1,
                "1010001000": 1,
                "0011001001": 1,
                "1011011011": 1,
                "0110111100": 1,
                "1111111110": 1,
                "0111110110": 1,
                "0001100111": 1,
                "0011111000": 1,
                "1101100110": 1,
                "1000011011": 1,
                "0011011000": 1,
                "0100111000": 1,
                "1011011000": 1,
                "1100000000": 1,
                "1001100001": 1,
                "1110000100": 1,
                "0110100010": 1,
                "1111110001": 1,
                "1011101101": 1,
                "0110110111": 1,
                "0101101110": 1,
                "0101110101": 1,
                "1110101010": 1,
                "1011101100": 1,
                "0110110011": 1,
                "1101101101": 1,
                "0100010101": 1,
                "0011001101": 1,
                "0000011001": 1,
                "0100111010": 1,
                "1010100011": 2,
                "0100010100": 1,
                "1111100001": 2,
                "1010101101": 1,
                "0011000011": 1,
                "1100011111": 1,
                "1010101011": 2,
                "0010101000": 1,
                "0100011001": 1,
                "0000110010": 1,
                "0110100111": 1,
                "1100110001": 1,
                "0100101111": 2,
                "0110110000": 1,
                "1001110101": 1
            },
            true,
            0.93
        ],
        [
            [
                [
                    4,
                    -5,
                    1
                ],
                [
                    10,
                    -7,
                    4
                ],
                [
                    -1,
                    -3,
                    -5
                ],
                [
                    -6,
                    2,
                    -10
                ],
                [
                    -8,
                    7,
                    -5
                ],
                [
                    8,
                    6,
                    9
                ],
                [
                    10,
                    -9,
                    -7
                ],
                [
                    -4,
                    -1,
                    -5
                ],
                [
                    -1,
                    -7,
                    5
                ],
                [
                    6,
                    4,
                    1
                ],
                [
                    10,
                    4,
                    5
                ],
                [
                    -3,
                    -9,
                    10
                ],
                [
                    8,
                    -6,
                    7
                ],
                [
                    -9,
                    8,
                    -3
                ],
                [
                    -4,
                    8,
                    -7
                ],
                [
                    9,
                    5,
                    -6
                ],
                [
                    -8,
                    -3,
                    2
                ],
                [
                    4,
                    5,
                    -6
                ],
                [
                    6,
                    2,
                    -1
                ],
                [
                    5,
                    8,
                    3
                ],
                [
                    -2,
                    1,
                    5
                ],
                [
                    1,
                    -2,
                    9
                ],
                [
                    -1,
                    -9,
                    -10
                ],
                [
                    -8,
                    9,
                    5
                ],
                [
                    10,
                    -6,
                    3
                ],
                [
                    -7,
                    -8,
                    -6
                ],
                [
                    -8,
                    4,
                    10
                ],
                [
                    -8,
                    3,
                    -2
                ],
                [
                    -2,
                    10,
                    3
                ],
                [
                    -10,
                    -4,
                    -9
                ],
                [
                    1,
                    -2,
                    -10
                ],
                [
                    2,
                    10,
                    -3
                ],
                [
                    -5,
                    3,
                    -1
                ],
                [
                    2,
                    5,
                    7
                ],
                [
                    9,
                    4,
                    8
                ],
                [
                    8,
                    -6,
                    -10
                ],
                [
                    5,
                    -1,
                    -10
                ],
                [
                    -10,
                    1,
                    6
                ],
                [
                    -9,
                    7,
                    2
                ],
                [
                    -6,
                    4,
                    1
                ],
                [
                    3,
                    1,
                    4
                ],
                [
                    -10,
                    1,
                    6
                ],
                [
                    9,
                    10,
                    4
                ],
                [
                    -10,
                    7,
                    8
                ],
                [
                    2,
                    3,
                    -4
                ]
            ],
            "{   'fun': 1.0,\n    'jac': None,\n    'nfev': 3,\n    'nit': 0,\n    'njev': 1,\n    'x': array([0.10931673, 0.8711891 ])}",
            {
                "1000101011": 1,
                "1011110001": 1,
                "1101111000": 1,
                "0010101101": 1,
                "1110000001": 1,
                "0110000001": 1,
                "0111000110": 1,
                "1000010110": 1,
                "0011110111": 1,
                "1110010110": 1,
                "0110110101": 1,
                "1011000000": 1,
                "1000111001": 1,
                "0001011001": 1,
                "1010000010": 1,
                "0001000000": 1,
                "0111001000": 1,
                "1011111010": 1,
                "0011100100": 1,
                "1110010011": 1,
                "1100000000": 1,
                "1100001101": 1,
                "0010101110": 1,
                "1010101011": 2,
                "0011011000": 1,
                "1111111100": 1,
                "1110001010": 1,
                "1111111000": 1,
                "1101111110": 2,
                "1010010110": 1,
                "1000011111": 2,
                "1101011010": 1,
                "1111101101": 1,
                "0100100000": 1,
                "1100101101": 1,
                "0000100011": 1,
                "0000111100": 1,
                "0100001100": 1,
                "0111000011": 1,
                "1010100000": 1,
                "1011011111": 1,
                "0000101110": 1,
                "1001011110": 1,
                "1111110011": 1,
                "1010101110": 1,
                "1100010111": 1,
                "0001011110": 1,
                "1011111111": 1,
                "1011000111": 1,
                "1100000011": 1,
                "0011111101": 1,
                "0000011101": 1,
                "1101010010": 2,
                "0100101010": 1,
                "1010001000": 1,
                "1011110000": 1,
                "0101111101": 1,
                "0111010000": 1,
                "0000100000": 1,
                "1101010001": 1,
                "1000010111": 1,
                "1001101101": 1,
                "1101001000": 1,
                "0011011001": 1,
                "1100101001": 1,
                "1000001010": 1,
                "1100101111": 1,
                "0001101101": 1,
                "0001110110": 1,
                "0000111000": 1,
                "1001100110": 1,
                "1000111011": 1,
                "0111001101": 1,
                "0101100100": 1,
                "0011011011": 1,
                "1000100100": 1,
                "0001101111": 1,
                "0000110011": 1,
                "1000000100": 1,
                "1010110101": 1,
                "1010001101": 2,
                "0000101111": 2,
                "0100010001": 1,
                "1001101011": 1,
                "1101011111": 1,
                "0110101100": 1,
                "0001000001": 1,
                "0000010110": 2,
                "0011101110": 1,
                "1111111101": 1,
                "0111111111": 1,
                "1111011010": 1,
                "0111100100": 1
            },
            false,
            1.0
        ],
        [
            [
                [
                    2,
                    -7,
                    -5
                ],
                [
                    -3,
                    -6,
                    2
                ],
                [
                    8,
                    -7,
                    5
                ],
                [
                    8,
                    7,
                    -6
                ],
                [
                    7,
                    -10,
                    -8
                ],
                [
                    -10,
                    -4,
                    5
                ],
                [
                    -7,
                    5,
                    1
                ],
                [
                    -8,
                    1,
                    -5
                ],
                [
                    4,
                    -7,
                    5
                ],
                [
                    3,
                    -4,
                    -5
                ],
                [
                    4,
                    3,
                    -7
                ],
                [
                    2,
                    3,
                    -5
                ],
                [
                    9,
                    -7,
                    -2
                ],
                [
                    7,
                    -1,
                    5
                ],
                [
                    5,
                    -4,
                    10
                ],
                [
                    -5,
                    9,
                    -10
                ],
                [
                    9,
                    -1,
                    -7
                ],
                [
                    8,
                    -9,
                    -2
                ],
                [
                    4,
                    -1,
                    6
                ],
                [
                    7,
                    -5,
                    1
                ],
                [
                    3,
                    10,
                    -6
                ],
                [
                    -3,
                    -7,
                    -6
                ],
                [
                    7,
                    -1,
                    4
                ],
                [
                    -10,
                    1,
                    6
                ],
                [
                    -8,
                    5,
                    -2
                ],
                [
                    -2,
                    -5,
                    10
                ],
                [
                    -9,
                    -6,
                    -5
                ],
                [
                    -4,
                    -3,
                    7
                ],
                [
                    -8,
                    -1,
                    10
                ],
                [
                    10,
                    -5,
                    8
                ],
                [
                    4,
                    -8,
                    10
                ],
                [
                    7,
                    9,
                    5
                ],
                [
                    1,
                    3,
                    6
                ],
                [
                    -8,
                    6,
                    -4
                ],
                [
                    4,
                    -10,
                    7
                ],
                [
                    -10,
                    4,
                    5
                ],
                [
                    -6,
                    2,
                    -5
                ],
                [
                    -3,
                    1,
                    4
                ],
                [
                    -3,
                    1,
                    -2
                ],
                [
                    3,
                    2,
                    9
                ],
                [
                    -7,
                    8,
                    -5
                ],
                [
                    8,
                    -10,
                    9
                ],
                [
                    -6,
                    4,
                    -10
                ],
                [
                    -8,
                    -3,
                    6
                ],
                [
                    4,
                    -5,
                    10
                ]
            ],
            "{   'fun': 1.0,\n    'jac': None,\n    'nfev': 3,\n    'nit': 0,\n    'njev': 1,\n    'x': array([2.42585848, 0.03004599])}",
            {
                "0100011100": 1,
                "1110000111": 1,
                "1001011000": 1,
                "0110010100": 1,
                "1011101100": 1,
                "1100010011": 1,
                "0110000111": 1,
                "0001010111": 1,
                "0110110101": 1,
                "0111001100": 1,
                "0110010101": 1,
                "1101010010": 1,
                "0010011110": 1,
                "0100100100": 1,
                "1001000010": 1,
                "0111100110": 1,
                "1101101000": 1,
                "0100111100": 1,
                "1111111010": 1,
                "1110111111": 1,
                "0000101100": 1,
                "1111001101": 1,
                "0110000010": 1,
                "0101110100": 1,
                "0000011011": 1,
                "1010010110": 1,
                "1001000110": 1,
                "0100001001": 1,
                "1011111001": 1,
                "0110010011": 1,
                "0010111000": 1,
                "1111000100": 1,
                "0011110101": 1,
                "0110000100": 1,
                "1001110100": 1,
                "0001000110": 1,
                "1011001100": 1,
                "0011110100": 1,
                "0011000110": 1,
                "1011101111": 1,
                "1001011100": 1,
                "0010011100": 1,
                "1011010110": 1,
                "1011010100": 1,
                "1000000100": 1,
                "0000110001": 2,
                "1101010001": 1,
                "1001001111": 1,
                "0011010111": 1,
                "1011011010": 1,
                "0111101110": 1,
                "0100100000": 1,
                "0001011111": 1,
                "1100110100": 1,
                "0000010000": 1,
                "0000101001": 1,
                "0000101111": 2,
                "0111101111": 1,
                "0110011101": 1,
                "0100111000": 1,
                "0101101110": 1,
                "1001110011": 1,
                "0000000100": 1,
                "0010101001": 1,
                "0010010111": 1,
                "0010010101": 1,
                "1111110011": 1,
                "0111011000": 1,
                "1101001101": 2,
                "1111111101": 1,
                "0110101001": 1,
                "1001001010": 1,
                "1000010111": 1,
                "0010001101": 1,
                "0001000111": 1,
                "1111100010": 2,
                "1101000010": 1,
                "0011001101": 1,
                "1010000010": 1,
                "0110111101": 1,
                "1001010111": 1,
                "0101000000": 1,
                "0100110100": 1,
                "1001100011": 1,
                "0000100110": 1,
                "0101101011": 1,
                "0111010000": 1,
                "0110100111": 1,
                "1100011000": 1,
                "1000011011": 1,
                "0001110100": 2,
                "0111101101": 1,
                "1101110001": 1,
                "1100100000": 1,
                "0111111110": 1
            },
            false,
            1.0
        ],
        [
            [
                [
                    5,
                    9,
                    -1
                ],
                [
                    5,
                    10,
                    9
                ],
                [
                    -2,
                    6,
                    -3
                ],
                [
                    8,
                    6,
                    9
                ],
                [
                    -8,
                    3,
                    10
                ],
                [
                    -5,
                    10,
                    -3
                ],
                [
                    1,
                    2,
                    5
                ],
                [
                    -5,
                    -3,
                    7
                ],
                [
                    -5,
                    1,
                    -8
                ],
                [
                    -5,
                    6,
                    2
                ],
                [
                    -2,
                    1,
                    -10
                ],
                [
                    10,
                    -1,
                    -7
                ],
                [
                    -2,
                    9,
                    -5
                ],
                [
                    7,
                    9,
                    -1
                ],
                [
                    -7,
                    6,
                    -5
                ],
                [
                    4,
                    -9,
                    10
                ],
                [
                    5,
                    -6,
                    -9
                ],
                [
                    -8,
                    4,
                    5
                ],
                [
                    9,
                    8,
                    5
                ],
                [
                    -10,
                    1,
                    7
                ],
                [
                    6,
                    2,
                    7
                ],
                [
                    4,
                    8,
                    3
                ],
                [
                    9,
                    -7,
                    -6
                ],
                [
                    3,
                    6,
                    5
                ],
                [
                    4,
                    2,
                    -8
                ],
                [
                    -4,
                    -10,
                    5
                ],
                [
                    -2,
                    6,
                    -5
                ],
                [
                    -5,
                    -9,
                    -1
                ],
                [
                    -1,
                    7,
                    3
                ],
                [
                    2,
                    -4,
                    -9
                ],
                [
                    -3,
                    -10,
                    -8
                ],
                [
                    -1,
                    6,
                    -9
                ],
                [
                    -8,
                    9,
                    -6
                ],
                [
                    -3,
                    -9,
                    8
                ],
                [
                    -5,
                    -8,
                    -1
                ],
                [
                    3,
                    10,
                    -5
                ],
                [
                    8,
                    9,
                    -10
                ],
                [
                    5,
                    -1,
                    -9
                ],
                [
                    5,
                    -6,
                    -4
                ],
                [
                    -9,
                    10,
                    -3
                ],
                [
                    -2,
                    5,
                    -1
                ],
                [
                    -2,
                    -8,
                    -9
                ],
                [
                    5,
                    6,
                    -10
                ],
                [
                    8,
                    4,
                    10
                ],
                [
                    -9,
                    -10,
                    -3
                ]
            ],
            "{   'fun': 1.0,\n    'jac': None,\n    'nfev': 3,\n    'nit': 0,\n    'njev': 1,\n    'x': array([2.72992658, 1.35219818])}",
            {
                "1110011001": 1,
                "0000001101": 1,
                "1001100110": 1,
                "1110001001": 1,
                "1111000101": 1,
                "0000100011": 1,
                "1011010001": 1,
                "1101010000": 1,
                "1001110011": 1,
                "0010111001": 1,
                "0001101011": 1,
                "1010001011": 1,
                "0000100100": 1,
                "1101001010": 1,
                "0101101011": 1,
                "0111000010": 1,
                "0011011010": 1,
                "0011101011": 1,
                "0100010011": 1,
                "1010110001": 1,
                "1011000100": 1,
                "0011000110": 1,
                "1001000101": 1,
                "1110111010": 1,
                "0101110101": 2,
                "0000101111": 1,
                "0101100011": 1,
                "0100011111": 1,
                "1000011011": 1,
                "1000000011": 1,
                "1111111001": 1,
                "0011110010": 1,
                "0110110001": 1,
                "1100011010": 1,
                "0010111110": 1,
                "0101110001": 1,
                "1001101001": 1,
                "0100100011": 1,
                "0111011001": 1,
                "1101111110": 1,
                "1110000110": 1,
                "0110111100": 1,
                "1110001000": 1,
                "1011100001": 1,
                "1110101000": 2,
                "1000110101": 1,
                "1000100000": 1,
                "0010000100": 1,
                "1100000110": 1,
                "0101011011": 1,
                "0001011111": 1,
                "0100001011": 1,
                "0100000001": 1,
                "0010010011": 1,
                "0010010110": 1,
                "0010110010": 1,
                "1110101011": 1,
                "0110000100": 1,
                "1111010001": 2,
                "0101011010": 1,
                "1000001110": 1,
                "1101000110": 1,
                "1010100010": 1,
                "0000010011": 1,
                "0011010011": 1,
                "0001101101": 1,
                "0001001110": 1,
                "0001110001": 1,
                "1000010010": 1,
                "1100011111": 2,
                "1010101011": 1,
                "0100001111": 1,
                "1110100111": 1,
                "0101100101": 1,
                "1111110100": 1,
                "0000010000": 1,
                "1000011101": 1,
                "1011010000": 1,
                "0101000111": 1,
                "0001111100": 1,
                "1110101001": 1,
                "0010100000": 2,
                "1001100101": 1,
                "0111001101": 1,
                "1010011110": 1,
                "1111111101": 1,
                "0101100001": 1,
                "0101000000": 2,
                "0110000001": 1,
                "1111110001": 1,
                "0100011101": 1,
                "1100110001": 1,
                "1111010111": 1,
                "0100100101": 1
            },
            false,
            1.0
        ],
        [
            [
                [
                    4,
                    2,
                    9
                ],
                [
                    -1,
                    -6,
                    9
                ],
                [
                    2,
                    -1,
                    -9
                ],
                [
                    -5,
                    -7,
                    -1
                ],
                [
                    5,
                    4,
                    8
                ],
                [
                    -3,
                    5,
                    -9
                ],
                [
                    9,
                    -4,
                    2
                ],
                [
                    3,
                    8,
                    -2
                ],
                [
                    2,
                    -8,
                    -5
                ],
                [
                    -6,
                    -5,
                    -2
                ],
                [
                    4,
                    -1,
                    -7
                ],
                [
                    6,
                    9,
                    7
                ],
                [
                    8,
                    6,
                    -7
                ],
                [
                    -10,
                    2,
                    -8
                ],
                [
                    10,
                    8,
                    3
                ],
                [
                    -7,
                    -8,
                    -3
                ],
                [
                    4,
                    -10,
                    2
                ],
                [
                    -3,
                    10,
                    -9
                ],
                [
                    1,
                    4,
                    10
                ],
                [
                    1,
                    -4,
                    9
                ],
                [
                    -2,
                    -4,
                    6
                ],
                [
                    -4,
                    -2,
                    -6
                ],
                [
                    3,
                    8,
                    -1
                ],
                [
                    -7,
                    -2,
                    5
                ],
                [
                    2,
                    9,
                    1
                ],
                [
                    -10,
                    9,
                    8
                ],
                [
                    8,
                    4,
                    10
                ],
                [
                    7,
                    -5,
                    6
                ],
                [
                    -10,
                    -4,
                    -3
                ],
                [
                    -8,
                    -7,
                    1
                ],
                [
                    5,
                    -7,
                    8
                ],
                [
                    -3,
                    10,
                    -4
                ],
                [
                    -9,
                    8,
                    4
                ],
                [
                    1,
                    -3,
                    -5
                ],
                [
                    8,
                    5,
                    -9
                ],
                [
                    -3,
                    9,
                    -2
                ],
                [
                    -9,
                    8,
                    6
                ],
                [
                    8,
                    10,
                    -5
                ],
                [
                    2,
                    6,
                    8
                ],
                [
                    -6,
                    3,
                    -2
                ],
                [
                    5,
                    -2,
                    4
                ],
                [
                    -5,
                    8,
                    -6
                ],
                [
                    -2,
                    3,
                    7
                ],
                [
                    7,
                    -9,
                    -6
                ],
                [
                    8,
                    2,
                    6
                ]
            ],
            "{   'fun': 1.0,\n    'jac': None,\n    'nfev': 3,\n    'nit': 0,\n    'njev': 1,\n    'x': array([0.51645798, 1.65605785])}",
            {
                "1010110111": 1,
                "0110010011": 1,
                "0110111111": 1,
                "0101101010": 1,
                "0010000101": 1,
                "0000010110": 1,
                "0011011100": 1,
                "0100111000": 1,
                "1101000001": 1,
                "1110101010": 1,
                "1011001111": 1,
                "1110111000": 1,
                "0111111011": 1,
                "1010100011": 1,
                "0100101110": 1,
                "0101010001": 2,
                "1111001111": 1,
                "0110101111": 1,
                "0100001001": 1,
                "1101000101": 1,
                "0010100101": 1,
                "1100110100": 1,
                "0111010101": 1,
                "1011101001": 1,
                "0010000110": 1,
                "1110100001": 1,
                "0000100111": 1,
                "0101110110": 1,
                "1100010110": 1,
                "1111011100": 1,
                "1101010111": 1,
                "0100001111": 1,
                "1110110100": 1,
                "1011110000": 1,
                "1010101100": 1,
                "0000010010": 1,
                "1000001111": 1,
                "1000001011": 1,
                "1011110010": 1,
                "0101010110": 1,
                "0111000111": 1,
                "0110100100": 1,
                "0011010011": 1,
                "1010100010": 1,
                "1001100011": 1,
                "0010000001": 1,
                "1111000101": 1,
                "1000001110": 1,
                "0000111001": 1,
                "1001101010": 1,
                "1101110111": 1,
                "1110010101": 1,
                "0011101000": 2,
                "1000101000": 1,
                "1001111000": 1,
                "1100011010": 1,
                "1111000110": 1,
                "0010101001": 1,
                "1010110100": 1,
                "0011111000": 1,
                "0110101110": 1,
                "0001011000": 1,
                "0110111001": 1,
                "0110011100": 1,
                "0101100011": 1,
                "0111111010": 2,
                "1110111111": 1,
                "0110100000": 1,
                "0100110111": 1,
                "1011011110": 1,
                "0000011011": 1,
                "1101111110": 1,
                "0111000100": 3,
                "0100000110": 1,
                "1110101101": 1,
                "1100000010": 1,
                "1001010111": 1,
                "0111001111": 1,
                "0110100011": 1,
                "1111010111": 1,
                "1101111001": 1,
                "0110110100": 1,
                "0010110001": 1,
                "0101100100": 1,
                "0100110010": 1,
                "1010111100": 1,
                "0111110100": 2,
                "0011000110": 1,
                "1100010011": 1,
                "0100110101": 1,
                "0111111111": 1,
                "1100101101": 1,
                "1001000011": 1,
                "0110000000": 1
            },
            false,
            1.0
        ]
    ]
}