{
    "n": 10,
    "m": 45,
    "results": [
        [
            [
                [
                    9,
                    -10,
                    5
                ],
                [
                    2,
                    -10,
                    -5
                ],
                [
                    -8,
                    5,
                    2
                ],
                [
                    5,
                    3,
                    2
                ],
                [
                    -10,
                    5,
                    6
                ],
                [
                    -2,
                    -6,
                    9
                ],
                [
                    1,
                    -6,
                    -10
                ],
                [
                    -7,
                    9,
                    4
                ],
                [
                    -3,
                    6,
                    -2
                ],
                [
                    10,
                    -2,
                    -3
                ],
                [
                    4,
                    -10,
                    5
                ],
                [
                    -1,
                    2,
                    3
                ],
                [
                    -5,
                    -10,
                    1
                ],
                [
                    3,
                    5,
                    -7
                ],
                [
                    5,
                    -2,
                    7
                ],
                [
                    -7,
                    -3,
                    -9
                ],
                [
                    9,
                    1,
                    5
                ],
                [
                    2,
                    6,
                    -1
                ],
                [
                    9,
                    5,
                    -4
                ],
                [
                    5,
                    -8,
                    3
                ],
                [
                    5,
                    10,
                    -9
                ],
                [
                    5,
                    -8,
                    7
                ],
                [
                    -3,
                    -10,
                    -5
                ],
                [
                    9,
                    3,
                    -7
                ],
                [
                    4,
                    -9,
                    3
                ],
                [
                    4,
                    3,
                    -6
                ],
                [
                    9,
                    -1,
                    5
                ],
                [
                    -5,
                    -2,
                    3
                ],
                [
                    5,
                    -4,
                    10
                ],
                [
                    -8,
                    -7,
                    3
                ],
                [
                    -7,
                    -9,
                    -5
                ],
                [
                    2,
                    -4,
                    3
                ],
                [
                    1,
                    -8,
                    4
                ],
                [
                    3,
                    -8,
                    5
                ],
                [
                    9,
                    4,
                    2
                ],
                [
                    -7,
                    -6,
                    10
                ],
                [
                    -3,
                    8,
                    -9
                ],
                [
                    -9,
                    -1,
                    6
                ],
                [
                    6,
                    -5,
                    8
                ],
                [
                    -1,
                    -3,
                    6
                ],
                [
                    -3,
                    6,
                    -7
                ],
                [
                    -1,
                    6,
                    -2
                ],
                [
                    -10,
                    9,
                    -2
                ],
                [
                    4,
                    1,
                    8
                ],
                [
                    4,
                    -2,
                    -6
                ]
            ],
            "{   'fun': 0.99,\n    'jac': None,\n    'nfev': 108,\n    'nit': 1,\n    'njev': 36,\n    'x': array([0.84543156, 1.2257876 ])}",
            {
                "1001000110": 1,
                "1101011111": 1,
                "0011011011": 1,
                "0100100011": 1,
                "1000010101": 1,
                "1000000010": 1,
                "0111111111": 1,
                "0110111011": 1,
                "1011101100": 1,
                "0011010001": 1,
                "0010100011": 1,
                "1111100011": 1,
                "1101110010": 1,
                "0010010010": 1,
                "0101111100": 1,
                "0011000001": 1,
                "1001110101": 1,
                "0100000110": 1,
                "1110101101": 1,
                "0100101110": 1,
                "0011100100": 1,
                "0010100100": 1,
                "0000001111": 1,
                "0000101010": 1,
                "0100001110": 1,
                "0101001011": 1,
                "0100011101": 1,
                "0100100001": 1,
                "0000001011": 1,
                "0001001100": 1,
                "0111011000": 1,
                "0001111110": 1,
                "1100101110": 1,
                "0101001101": 1,
                "1001111100": 1,
                "0100101100": 1,
                "1001011110": 1,
                "0010000001": 1,
                "1000101101": 1,
                "1001011111": 1,
                "0101001100": 1,
                "1111000110": 1,
                "0000110110": 1,
                "1010101010": 1,
                "0100110011": 1,
                "0111001011": 1,
                "1100110000": 1,
                "1011010001": 1,
                "1011110110": 1,
                "1000111101": 1,
                "0101010100": 1,
                "0111000010": 1,
                "0100110010": 1,
                "0111110100": 1,
                "1010010111": 1,
                "0101111011": 1,
                "0010010101": 1,
                "1110010011": 1,
                "0100111001": 1,
                "0111100001": 1,
                "1110111101": 1,
                "1100111111": 1,
                "1100010111": 2,
                "0000010111": 1,
                "0011111010": 1,
                "0000111111": 1,
                "1110100001": 1,
                "0100001101": 1,
                "1101100111": 1,
                "0100100000": 1,
                "0110111100": 1,
                "1101000011": 1,
                "1111001011": 1,
                "0011111011": 1,
                "0010100010": 1,
                "1101000010": 1,
                "1101100011": 1,
                "0001010001": 1,
                "0001111101": 1,
                "1011100011": 1,
                "0000000000": 1,
                "1101100101": 1,
                "0111101001": 1,
                "1011110010": 1,
                "1100010000": 1,
                "1001100101": 1,
                "0101100100": 1,
                "0010000111": 1,
                "0100101001": 1,
                "1011011101": 1,
                "1010101101": 1,
                "0011100001": 1,
                "0001101110": 1,
                "0000100110": 1,
                "0111011111": 1,
                "1111101011": 1,
                "1101010010": 1,
                "0011000101": 1,
                "0110100000": 1
            },
            true,
            0.96
        ],
        [
            [
                [
                    6,
                    3,
                    10
                ],
                [
                    10,
                    -2,
                    7
                ],
                [
                    5,
                    -4,
                    1
                ],
                [
                    -7,
                    2,
                    5
                ],
                [
                    -5,
                    1,
                    -4
                ],
                [
                    -8,
                    -3,
                    -2
                ],
                [
                    -10,
                    6,
                    -7
                ],
                [
                    -8,
                    -3,
                    -5
                ],
                [
                    8,
                    2,
                    6
                ],
                [
                    2,
                    3,
                    -4
                ],
                [
                    -3,
                    8,
                    -1
                ],
                [
                    3,
                    2,
                    -9
                ],
                [
                    -5,
                    -1,
                    -9
                ],
                [
                    -1,
                    -9,
                    4
                ],
                [
                    -6,
                    -1,
                    -5
                ],
                [
                    10,
                    -5,
                    -7
                ],
                [
                    3,
                    4,
                    9
                ],
                [
                    5,
                    -7,
                    -2
                ],
                [
                    7,
                    -1,
                    8
                ],
                [
                    3,
                    4,
                    -10
                ],
                [
                    6,
                    9,
                    3
                ],
                [
                    10,
                    -4,
                    6
                ],
                [
                    -10,
                    4,
                    -9
                ],
                [
                    7,
                    -8,
                    10
                ],
                [
                    -1,
                    -10,
                    5
                ],
                [
                    8,
                    6,
                    -3
                ],
                [
                    2,
                    -5,
                    -9
                ],
                [
                    3,
                    4,
                    9
                ],
                [
                    6,
                    4,
                    -10
                ],
                [
                    2,
                    -8,
                    -9
                ],
                [
                    2,
                    -4,
                    -6
                ],
                [
                    -1,
                    5,
                    -10
                ],
                [
                    10,
                    -3,
                    -7
                ],
                [
                    -3,
                    6,
                    -8
                ],
                [
                    -5,
                    -3,
                    -7
                ],
                [
                    -6,
                    8,
                    -1
                ],
                [
                    3,
                    9,
                    -2
                ],
                [
                    2,
                    -5,
                    -1
                ],
                [
                    10,
                    -9,
                    5
                ],
                [
                    2,
                    10,
                    -7
                ],
                [
                    -3,
                    8,
                    10
                ],
                [
                    -10,
                    -9,
                    6
                ],
                [
                    10,
                    4,
                    2
                ],
                [
                    2,
                    -1,
                    3
                ],
                [
                    -1,
                    5,
                    10
                ]
            ],
            "{   'fun': 1.0,\n    'jac': None,\n    'nfev': 3,\n    'nit': 0,\n    'njev': 1,\n    'x': array([0.10931673, 0.8711891 ])}",
            {
                "1000000010": 1,
                "0111100001": 1,
                "0111001110": 1,
                "1011010010": 1,
                "1110100111": 1,
                "0101001100": 1,
                "0111100110": 1,
                "1101101000": 1,
                "0110001101": 1,
                "0000011101": 1,
                "1111011111": 1,
                "0101011100": 1,
                "1111010110": 1,
                "0110010011": 2,
                "0111000011": 1,
                "0000101010": 1,
                "0001000111": 1,
                "0000101001": 1,
                "0110111011": 1,
                "1101110000": 1,
                "0100110001": 1,
                "1110100100": 1,
                "1011011100": 1,
                "1101101111": 1,
                "1101100110": 1,
                "0101110011": 1,
                "1000100101": 1,
                "0011111000": 1,
                "0110111111": 1,
                "1100010000": 1,
                "1010110011": 1,
                "0110110100": 1,
                "1100001001": 1,
                "0010000111": 1,
                "0000011111": 1,
                "1001110110": 2,
                "1001110011": 1,
                "1001010000": 1,
                "0100101000": 1,
                "0001010000": 1,
                "1111011011": 1,
                "0010100010": 1,
                "1000010000": 1,
                "1011000111": 1,
                "1100110101": 1,
                "1001010001": 1,
                "0110110110": 2,
                "0101111010": 2,
                "0110101111": 1,
                "0110110001": 1,
                "0101110111": 2,
                "0010001010": 1,
                "0011001011": 1,
                "0001100010": 1,
                "0010111011": 2,
                "0101000010": 1,
                "0101010110": 1,
                "0011011110": 1,
                "0111000111": 1,
                "0000001010": 1,
                "1111100001": 1,
                "1011100110": 1,
                "0010011110": 1,
                "0111000001": 1,
                "0001111100": 1,
                "0111001100": 1,
                "0111111110": 1,
                "1110000010": 1,
                "0000010010": 1,
                "1011101110": 1,
                "1101110010": 2,
                "1110011010": 1,
                "0001001101": 1,
                "1111001000": 1,
                "1010010110": 1,
                "1010111011": 1,
                "0110110101": 1,
                "0111010001": 1,
                "0000110011": 1,
                "0011110101": 1,
                "0101001110": 1,
                "1011100111": 1,
                "0011011000": 1,
                "0111011000": 1,
                "1000010010": 1,
                "1101110110": 1,
                "1001001011": 1,
                "1100100110": 1,
                "1101001101": 1,
                "1101101011": 1,
                "0011010000": 1,
                "1010110101": 1,
                "1111100110": 1
            },
            false,
            1.0
        ],
        [
            [
                [
                    -5,
                    7,
                    -8
                ],
                [
                    4,
                    -5,
                    8
                ],
                [
                    6,
                    9,
                    7
                ],
                [
                    10,
                    -5,
                    -9
                ],
                [
                    -10,
                    2,
                    6
                ],
                [
                    10,
                    1,
                    -5
                ],
                [
                    -4,
                    -5,
                    1
                ],
                [
                    2,
                    -3,
                    7
                ],
                [
                    8,
                    1,
                    4
                ],
                [
                    1,
                    -4,
                    -5
                ],
                [
                    -5,
                    2,
                    -9
                ],
                [
                    -10,
                    8,
                    -3
                ],
                [
                    -4,
                    7,
                    -5
                ],
                [
                    -8,
                    9,
                    -3
                ],
                [
                    -7,
                    -8,
                    5
                ],
                [
                    10,
                    3,
                    -1
                ],
                [
                    1,
                    10,
                    5
                ],
                [
                    4,
                    2,
                    3
                ],
                [
                    5,
                    -8,
                    -7
                ],
                [
                    -8,
                    9,
                    -6
                ],
                [
                    -10,
                    -7,
                    -2
                ],
                [
                    -2,
                    8,
                    4
                ],
                [
                    4,
                    8,
                    5
                ],
                [
                    1,
                    -8,
                    9
                ],
                [
                    -9,
                    5,
                    10
                ],
                [
                    -2,
                    -1,
                    -7
                ],
                [
                    5,
                    9,
                    2
                ],
                [
                    1,
                    7,
                    -6
                ],
                [
                    3,
                    8,
                    10
                ],
                [
                    -5,
                    9,
                    -4
                ],
                [
                    -3,
                    9,
                    4
                ],
                [
                    10,
                    -6,
                    -9
                ],
                [
                    4,
                    -2,
                    9
                ],
                [
                    3,
                    -4,
                    -6
                ],
                [
                    8,
                    7,
                    4
                ],
                [
                    -8,
                    -10,
                    5
                ],
                [
                    -4,
                    5,
                    10
                ],
                [
                    5,
                    -7,
                    9
                ],
                [
                    1,
                    2,
                    4
                ],
                [
                    -6,
                    -2,
                    -3
                ],
                [
                    -3,
                    -8,
                    2
                ],
                [
                    1,
                    2,
                    5
                ],
                [
                    6,
                    -3,
                    -7
                ],
                [
                    -1,
                    8,
                    3
                ],
                [
                    -9,
                    -3,
                    -2
                ]
            ],
            "{   'fun': 1.0,\n    'jac': None,\n    'nfev': 63,\n    'nit': 0,\n    'njev': 21,\n    'x': array([2.42585848, 0.03004599])}",
            {
                "1101101110": 1,
                "1101010110": 1,
                "1011111001": 1,
                "1100110011": 1,
                "0110001010": 1,
                "1110110111": 1,
                "0000111100": 1,
                "1101011111": 1,
                "0100000101": 1,
                "0000111010": 1,
                "0101100101": 1,
                "0101110000": 1,
                "1100111100": 1,
                "1100001110": 1,
                "0000011000": 1,
                "1100100111": 1,
                "0111101101": 2,
                "1111010000": 1,
                "0010011111": 1,
                "1001011011": 1,
                "0101000011": 1,
                "1111010110": 1,
                "0100100011": 1,
                "1100000011": 1,
                "1110110110": 1,
                "0000101101": 1,
                "0110110001": 1,
                "0101011000": 1,
                "0011001000": 1,
                "1011101011": 1,
                "1000011000": 1,
                "0101000000": 1,
                "0101011110": 1,
                "1001001110": 1,
                "1110110010": 1,
                "0111110001": 1,
                "1010101110": 1,
                "1100000100": 1,
                "1001110011": 1,
                "1110100110": 1,
                "0110011111": 1,
                "0000011011": 1,
                "0001101101": 1,
                "1101001011": 1,
                "1010111001": 1,
                "1110010111": 1,
                "1001010010": 1,
                "1011111110": 1,
                "0011011111": 1,
                "1001011101": 1,
                "0011101001": 1,
                "1011100001": 1,
                "1010110110": 1,
                "0101010100": 2,
                "0000000011": 1,
                "0001010110": 1,
                "1100110101": 1,
                "0111110000": 1,
                "0110100000": 1,
                "0111001010": 1,
                "0000111101": 1,
                "1101111001": 1,
                "1000001011": 1,
                "1001111111": 1,
                "0000101010": 1,
                "1010110111": 1,
                "0111101110": 1,
                "0011101111": 1,
                "1110101100": 1,
                "1100000001": 1,
                "1110010001": 1,
                "0111010000": 1,
                "0000100000": 1,
                "1010110010": 1,
                "0001111000": 1,
                "1101001000": 1,
                "1011110010": 1,
                "0000011110": 1,
                "0010000000": 1,
                "0010010111": 1,
                "1110000010": 2,
                "1011110101": 1,
                "0000100100": 1,
                "1001100101": 2,
                "1001000100": 1,
                "0010000011": 1,
                "1111110101": 1,
                "0010010000": 1,
                "1010110000": 1,
                "1001101010": 1,
                "0010110011": 2,
                "1001001001": 1,
                "0110111001": 1,
                "0010110111": 1,
                "1011001110": 1
            },
            false,
            0.98
        ],
        [
            [
                [
                    9,
                    -2,
                    -3
                ],
                [
                    9,
                    5,
                    -2
                ],
                [
                    6,
                    -10,
                    7
                ],
                [
                    4,
                    1,
                    5
                ],
                [
                    -8,
                    1,
                    -6
                ],
                [
                    -9,
                    -3,
                    5
                ],
                [
                    3,
                    -10,
                    -2
                ],
                [
                    7,
                    -1,
                    -5
                ],
                [
                    7,
                    9,
                    -5
                ],
                [
                    1,
                    -7,
                    -8
                ],
                [
                    -8,
                    4,
                    9
                ],
                [
                    -1,
                    6,
                    -3
                ],
                [
                    -10,
                    -8,
                    9
                ],
                [
                    1,
                    -6,
                    8
                ],
                [
                    7,
                    8,
                    2
                ],
                [
                    -4,
                    -3,
                    9
                ],
                [
                    -2,
                    10,
                    -7
                ],
                [
                    8,
                    6,
                    1
                ],
                [
                    4,
                    10,
                    8
                ],
                [
                    -9,
                    4,
                    8
                ],
                [
                    -4,
                    -1,
                    9
                ],
                [
                    9,
                    -3,
                    -6
                ],
                [
                    2,
                    6,
                    1
                ],
                [
                    1,
                    -8,
                    2
                ],
                [
                    -10,
                    -8,
                    4
                ],
                [
                    -9,
                    -5,
                    -8
                ],
                [
                    6,
                    7,
                    9
                ],
                [
                    3,
                    -5,
                    -10
                ],
                [
                    -4,
                    6,
                    -7
                ],
                [
                    6,
                    -1,
                    -10
                ],
                [
                    10,
                    4,
                    -5
                ],
                [
                    5,
                    -2,
                    -9
                ],
                [
                    -4,
                    5,
                    3
                ],
                [
                    -8,
                    9,
                    5
                ],
                [
                    7,
                    -1,
                    -2
                ],
                [
                    -1,
                    -8,
                    6
                ],
                [
                    9,
                    7,
                    4
                ],
                [
                    -5,
                    -9,
                    -6
                ],
                [
                    6,
                    -4,
                    9
                ],
                [
                    -10,
                    -3,
                    2
                ],
                [
                    2,
                    4,
                    -5
                ],
                [
                    -3,
                    -9,
                    -5
                ],
                [
                    7,
                    -8,
                    -1
                ],
                [
                    6,
                    -9,
                    10
                ],
                [
                    -4,
                    -3,
                    -8
                ]
            ],
            "{   'fun': 1.0,\n    'jac': None,\n    'nfev': 81,\n    'nit': 2,\n    'njev': 27,\n    'x': array([2.72992654, 1.35219827])}",
            {
                "0010111000": 1,
                "0000111111": 1,
                "0011001011": 1,
                "0101110010": 1,
                "0110100111": 1,
                "1011001000": 1,
                "1000001010": 1,
                "0111110100": 1,
                "1111001110": 1,
                "1000010011": 1,
                "0111011101": 1,
                "1111010000": 1,
                "1000011000": 1,
                "0101000000": 1,
                "1111111000": 2,
                "0101011011": 1,
                "0001011100": 1,
                "1111010110": 1,
                "1011101110": 1,
                "0011110110": 1,
                "0010010100": 1,
                "0000111110": 1,
                "0010100011": 1,
                "1001101010": 1,
                "0011001111": 1,
                "1101001001": 1,
                "1111001011": 1,
                "1011111001": 1,
                "1100011001": 1,
                "1011000100": 1,
                "1001111011": 1,
                "0011010000": 1,
                "1011010010": 1,
                "1110111010": 1,
                "0001111101": 1,
                "1011110011": 1,
                "1000000111": 1,
                "1001100000": 1,
                "0001110011": 1,
                "1111001001": 1,
                "0011111010": 2,
                "0000010101": 1,
                "0000100001": 1,
                "1100110000": 1,
                "0110111010": 1,
                "1101101101": 1,
                "0100110100": 1,
                "0000111010": 1,
                "0111000101": 1,
                "1100110101": 1,
                "0110010010": 1,
                "1010100010": 2,
                "1111000101": 1,
                "1000011110": 2,
                "0001101100": 1,
                "1010101100": 1,
                "1011110000": 1,
                "1011001011": 1,
                "1011000010": 1,
                "0010101101": 1,
                "1001110101": 1,
                "1100101110": 1,
                "1000111100": 2,
                "0010000011": 1,
                "0001110100": 1,
                "1001010110": 1,
                "1111101100": 1,
                "0011110011": 1,
                "1010011010": 1,
                "0000101010": 1,
                "1011000111": 2,
                "0110010111": 1,
                "1001010000": 1,
                "1110100110": 1,
                "0110011110": 1,
                "0001110101": 1,
                "1010101011": 1,
                "1101000100": 1,
                "0000100010": 1,
                "1111001010": 1,
                "1001111110": 1,
                "0000100110": 1,
                "1001001101": 1,
                "0011111001": 1,
                "1101101000": 1,
                "1110001010": 1,
                "0001011101": 1,
                "1111100001": 1,
                "0000001010": 1,
                "0100011011": 1,
                "0100011110": 1,
                "0110011001": 1,
                "0000110110": 1,
                "0100100001": 1
            },
            false,
            0.98
        ],
        [
            [
                [
                    -8,
                    -3,
                    4
                ],
                [
                    -3,
                    -8,
                    7
                ],
                [
                    -1,
                    -8,
                    9
                ],
                [
                    -10,
                    6,
                    2
                ],
                [
                    3,
                    7,
                    -8
                ],
                [
                    -8,
                    -7,
                    6
                ],
                [
                    3,
                    -7,
                    8
                ],
                [
                    -7,
                    4,
                    -8
                ],
                [
                    -8,
                    7,
                    10
                ],
                [
                    2,
                    10,
                    -7
                ],
                [
                    10,
                    -6,
                    1
                ],
                [
                    8,
                    -10,
                    2
                ],
                [
                    1,
                    -9,
                    2
                ],
                [
                    1,
                    5,
                    -3
                ],
                [
                    -9,
                    -10,
                    6
                ],
                [
                    -5,
                    -9,
                    -8
                ],
                [
                    7,
                    3,
                    2
                ],
                [
                    -2,
                    8,
                    6
                ],
                [
                    3,
                    4,
                    -6
                ],
                [
                    -10,
                    -1,
                    5
                ],
                [
                    -3,
                    2,
                    1
                ],
                [
                    8,
                    -2,
                    7
                ],
                [
                    -4,
                    -9,
                    -7
                ],
                [
                    -1,
                    10,
                    -8
                ],
                [
                    -9,
                    -5,
                    -2
                ],
                [
                    -2,
                    8,
                    6
                ],
                [
                    -8,
                    -2,
                    6
                ],
                [
                    -9,
                    4,
                    6
                ],
                [
                    7,
                    4,
                    10
                ],
                [
                    -1,
                    -3,
                    -7
                ],
                [
                    -2,
                    3,
                    10
                ],
                [
                    8,
                    5,
                    9
                ],
                [
                    4,
                    3,
                    -6
                ],
                [
                    3,
                    10,
                    1
                ],
                [
                    2,
                    6,
                    8
                ],
                [
                    1,
                    6,
                    8
                ],
                [
                    7,
                    3,
                    -10
                ],
                [
                    -1,
                    7,
                    5
                ],
                [
                    7,
                    2,
                    10
                ],
                [
                    5,
                    1,
                    -10
                ],
                [
                    2,
                    -3,
                    9
                ],
                [
                    8,
                    -4,
                    -2
                ],
                [
                    7,
                    -8,
                    -2
                ],
                [
                    1,
                    6,
                    -3
                ],
                [
                    5,
                    -6,
                    -10
                ]
            ],
            "{   'fun': 1.0,\n    'jac': None,\n    'nfev': 3,\n    'nit': 0,\n    'njev': 1,\n    'x': array([0.51645798, 1.65605785])}",
            {
                "0010100101": 1,
                "1101011001": 1,
                "0111011101": 1,
                "0011011001": 1,
                "1101111010": 1,
                "0000100001": 1,
                "0101101110": 1,
                "0011000100": 1,
                "1110110000": 1,
                "0110011101": 1,
                "1101101100": 1,
                "1101011111": 1,
                "0001110010": 1,
                "1010111101": 1,
                "1010100001": 2,
                "1000111001": 1,
                "1111100000": 1,
                "1111001010": 1,
                "1110011100": 1,
                "1010011000": 1,
                "1111011111": 1,
                "0000110101": 1,
                "0000000010": 1,
                "1001011101": 1,
                "0001101011": 1,
                "1001110001": 1,
                "1001111101": 1,
                "1100110100": 1,
                "0011011101": 1,
                "1011111101": 1,
                "1100100101": 1,
                "0011100111": 1,
                "0010001000": 1,
                "1100011000": 1,
                "0111011111": 1,
                "0110001111": 2,
                "0100011101": 1,
                "0110000001": 1,
                "1000001000": 1,
                "0110111101": 1,
                "0010111110": 1,
                "0111000110": 1,
                "0011001000": 1,
                "0110011011": 1,
                "0110011000": 3,
                "1010101110": 1,
                "1010100101": 1,
                "0011100110": 1,
                "1101010000": 1,
                "0001001110": 1,
                "1110000111": 1,
                "1010100111": 1,
                "1110110100": 1,
                "0100100110": 1,
                "1100110110": 1,
                "1000001110": 1,
                "0100010000": 1,
                "1001100110": 1,
                "0100001000": 1,
                "1001001100": 1,
                "1001011010": 1,
                "1111111011": 1,
                "1011110000": 1,
                "1001010111": 1,
                "1001110000": 1,
                "1110101101": 1,
                "1111011110": 1,
                "0010001010": 1,
                "1101000001": 1,
                "0011111100": 1,
                "1101111001": 1,
                "1110011110": 1,
                "1110101110": 1,
                "0000111101": 1,
                "0100100101": 1,
                "1011010011": 1,
                "0001110100": 1,
                "1100100111": 2,
                "0011101111": 1,
                "0010011000": 1,
                "0001010001": 1,
                "0011101011": 1,
                "1111101110": 1,
                "1001110110": 1,
                "0000011100": 1,
                "1010110011": 1,
                "1110111111": 1,
                "1101000111": 1,
                "1000110101": 1,
                "0100101101": 1,
                "0011100100": 1,
                "1111001001": 1,
                "0100111111": 1,
                "1010000110": 1,
                "0110110000": 1
            },
            false,
            1.0
        ]
    ]
}