{
    "n": 10,
    "m": 45,
    "results": [
        [
            [
                [
                    9,
                    6,
                    -1
                ],
                [
                    6,
                    2,
                    8
                ],
                [
                    7,
                    -1,
                    2
                ],
                [
                    -10,
                    7,
                    -8
                ],
                [
                    6,
                    -1,
                    5
                ],
                [
                    -6,
                    -10,
                    -1
                ],
                [
                    -4,
                    10,
                    2
                ],
                [
                    3,
                    2,
                    8
                ],
                [
                    -7,
                    -3,
                    -2
                ],
                [
                    9,
                    -2,
                    3
                ],
                [
                    10,
                    -2,
                    9
                ],
                [
                    -7,
                    6,
                    9
                ],
                [
                    -6,
                    9,
                    1
                ],
                [
                    8,
                    10,
                    4
                ],
                [
                    -7,
                    -9,
                    10
                ],
                [
                    5,
                    -6,
                    -9
                ],
                [
                    2,
                    -8,
                    -3
                ],
                [
                    -4,
                    -9,
                    8
                ],
                [
                    4,
                    6,
                    3
                ],
                [
                    -6,
                    2,
                    5
                ],
                [
                    10,
                    6,
                    1
                ],
                [
                    6,
                    -7,
                    -5
                ],
                [
                    -5,
                    -10,
                    7
                ],
                [
                    5,
                    10,
                    1
                ],
                [
                    2,
                    -8,
                    -1
                ],
                [
                    -3,
                    1,
                    -4
                ],
                [
                    -4,
                    -10,
                    1
                ],
                [
                    7,
                    2,
                    -1
                ],
                [
                    10,
                    -2,
                    -1
                ],
                [
                    7,
                    -8,
                    -6
                ],
                [
                    -4,
                    -5,
                    -7
                ],
                [
                    -10,
                    -1,
                    -8
                ],
                [
                    -10,
                    8,
                    -2
                ],
                [
                    10,
                    -1,
                    -9
                ],
                [
                    -8,
                    7,
                    -4
                ],
                [
                    -6,
                    9,
                    5
                ],
                [
                    4,
                    -3,
                    -9
                ],
                [
                    -4,
                    -5,
                    2
                ],
                [
                    2,
                    10,
                    -7
                ],
                [
                    4,
                    -10,
                    -7
                ],
                [
                    6,
                    -10,
                    -3
                ],
                [
                    -4,
                    6,
                    -8
                ],
                [
                    -1,
                    -10,
                    -7
                ],
                [
                    1,
                    3,
                    7
                ],
                [
                    10,
                    -3,
                    -2
                ]
            ],
            "{   'fun': 1.0,\n    'jac': None,\n    'nfev': 5,\n    'nit': 0,\n    'njev': 1,\n    'x': array([1.56829047, 2.70425762, 1.11249116, 2.23230737])}",
            {
                "1110011001": 1,
                "0100000011": 1,
                "0011110011": 1,
                "0111101001": 1,
                "0011101000": 1,
                "0010111011": 1,
                "0111110111": 1,
                "1110110101": 1,
                "0111110001": 1,
                "1011001110": 1,
                "1100110111": 1,
                "0000100100": 1,
                "1001111010": 1,
                "1000110000": 1,
                "1011110101": 1,
                "1101001110": 1,
                "0010000100": 1,
                "0001000001": 1,
                "0000100101": 1,
                "0100110010": 1,
                "1010111100": 1,
                "1111010101": 1,
                "1001101110": 1,
                "0100101111": 1,
                "0001010011": 1,
                "1001111001": 1,
                "1110001111": 1,
                "0011010001": 1,
                "1100011101": 1,
                "1001010101": 1,
                "1001111111": 1,
                "1101111010": 1,
                "0110011011": 1,
                "0101000100": 1,
                "0010111000": 1,
                "0110101111": 1,
                "1011101000": 1,
                "0000000001": 1,
                "0011100011": 1,
                "1000100111": 1,
                "0111101010": 1,
                "1010011011": 1,
                "0001010010": 2,
                "0001000011": 1,
                "1011000010": 1,
                "1001110000": 2,
                "1111111111": 1,
                "0100001001": 1,
                "0000110101": 1,
                "1001100100": 1,
                "1111110101": 2,
                "1111000000": 1,
                "0111000101": 1,
                "0110100001": 1,
                "0000001111": 1,
                "0110011110": 1,
                "1100001000": 1,
                "0100111111": 1,
                "0110111011": 1,
                "0100101100": 1,
                "0001011001": 1,
                "1001100010": 1,
                "1010110000": 1,
                "0001000000": 1,
                "0001111101": 2,
                "0100011111": 1,
                "0011011000": 1,
                "1111100001": 1,
                "0111010111": 1,
                "1010101011": 1,
                "0011111011": 1,
                "1101000010": 1,
                "0000101110": 1,
                "0110000110": 1,
                "1100010000": 1,
                "0000011100": 1,
                "1011001000": 1,
                "0010110001": 1,
                "1000111000": 1,
                "0011100101": 1,
                "1100100000": 1,
                "1110111001": 1,
                "1111011100": 1,
                "1000100000": 1,
                "1110101010": 1,
                "0000001001": 1,
                "1011111010": 1,
                "0100000111": 1,
                "0010010111": 1,
                "1101100011": 1,
                "0111011101": 1,
                "1010010110": 1,
                "0111010100": 1,
                "1001101101": 1,
                "1111011001": 1,
                "0110011100": 1
            },
            false,
            1.0
        ],
        [
            [
                [
                    -4,
                    5,
                    9
                ],
                [
                    9,
                    3,
                    8
                ],
                [
                    10,
                    -3,
                    6
                ],
                [
                    -2,
                    5,
                    -7
                ],
                [
                    5,
                    -4,
                    2
                ],
                [
                    -9,
                    10,
                    -1
                ],
                [
                    10,
                    5,
                    8
                ],
                [
                    -3,
                    8,
                    2
                ],
                [
                    -7,
                    6,
                    2
                ],
                [
                    -8,
                    9,
                    -10
                ],
                [
                    2,
                    3,
                    5
                ],
                [
                    -8,
                    -2,
                    6
                ],
                [
                    -10,
                    4,
                    -2
                ],
                [
                    -1,
                    -2,
                    -9
                ],
                [
                    -4,
                    10,
                    2
                ],
                [
                    2,
                    1,
                    -8
                ],
                [
                    8,
                    -5,
                    4
                ],
                [
                    10,
                    1,
                    6
                ],
                [
                    9,
                    8,
                    -6
                ],
                [
                    7,
                    4,
                    3
                ],
                [
                    -2,
                    4,
                    -8
                ],
                [
                    4,
                    2,
                    -5
                ],
                [
                    -4,
                    -1,
                    -2
                ],
                [
                    2,
                    8,
                    3
                ],
                [
                    -1,
                    -10,
                    2
                ],
                [
                    10,
                    8,
                    -4
                ],
                [
                    -8,
                    7,
                    4
                ],
                [
                    5,
                    -9,
                    4
                ],
                [
                    6,
                    7,
                    4
                ],
                [
                    10,
                    7,
                    -9
                ],
                [
                    -1,
                    10,
                    -8
                ],
                [
                    7,
                    2,
                    9
                ],
                [
                    9,
                    -1,
                    -6
                ],
                [
                    -8,
                    6,
                    10
                ],
                [
                    -2,
                    -5,
                    -3
                ],
                [
                    3,
                    -4,
                    5
                ],
                [
                    3,
                    -9,
                    6
                ],
                [
                    -2,
                    -3,
                    -4
                ],
                [
                    8,
                    -10,
                    1
                ],
                [
                    3,
                    -6,
                    -4
                ],
                [
                    -2,
                    7,
                    9
                ],
                [
                    -1,
                    8,
                    9
                ],
                [
                    1,
                    6,
                    -4
                ],
                [
                    -9,
                    3,
                    -10
                ],
                [
                    -7,
                    -2,
                    -4
                ]
            ],
            "{   'fun': 1.0,\n    'jac': None,\n    'nfev': 5,\n    'nit': 0,\n    'njev': 1,\n    'x': array([1.59969015, 3.10670539, 2.43367616, 0.15758597])}",
            {
                "1111100011": 1,
                "0011010100": 1,
                "0011010010": 1,
                "1010110001": 1,
                "1000100001": 1,
                "0001111101": 1,
                "0100010111": 2,
                "0110000100": 1,
                "1101010110": 1,
                "1000111010": 1,
                "1100000101": 1,
                "1000101011": 1,
                "0010010110": 1,
                "0010011101": 1,
                "0100101011": 1,
                "0011111000": 1,
                "0101101100": 1,
                "1111110010": 1,
                "1001001111": 1,
                "0100111100": 1,
                "0101011101": 1,
                "1111000010": 1,
                "1010001110": 1,
                "0010011010": 1,
                "1001000010": 2,
                "1010110000": 1,
                "1100110101": 1,
                "1110001111": 1,
                "0001010110": 1,
                "1100001001": 1,
                "0001111010": 1,
                "0111100100": 1,
                "0011101001": 1,
                "0110011110": 2,
                "0100001100": 1,
                "0011100001": 1,
                "0101111001": 1,
                "1011010010": 1,
                "0100111110": 1,
                "0001000110": 1,
                "1110011010": 1,
                "1010000100": 1,
                "1011110000": 1,
                "1101110010": 1,
                "0010000010": 1,
                "0100100110": 1,
                "1010001100": 1,
                "0001011011": 1,
                "1100111010": 1,
                "1111001111": 1,
                "0100101000": 1,
                "0001111001": 1,
                "0111110111": 1,
                "0110000110": 1,
                "0000011110": 1,
                "1001000001": 1,
                "0000111010": 1,
                "1000000111": 1,
                "0111010110": 1,
                "0001111110": 1,
                "0101000011": 1,
                "1001101110": 1,
                "0011101010": 1,
                "0000100000": 1,
                "1001001101": 1,
                "1001111111": 1,
                "1111111001": 1,
                "0001111111": 1,
                "0010011110": 1,
                "1000011001": 1,
                "1011111100": 1,
                "0101010000": 1,
                "1010111110": 1,
                "1110110000": 1,
                "0000011011": 1,
                "1101111110": 1,
                "1000101100": 1,
                "0000000010": 1,
                "1111010100": 1,
                "1110010101": 1,
                "1100100111": 1,
                "0101011111": 1,
                "0011011011": 1,
                "0110111110": 1,
                "1100101011": 1,
                "0010111101": 1,
                "1011111011": 1,
                "0110001110": 2,
                "1010110011": 1,
                "0000110010": 1,
                "0001101001": 1,
                "1000110111": 1,
                "1011111111": 1,
                "0001011110": 1,
                "0110101110": 1,
                "0001000001": 1
            },
            false,
            1.0
        ],
        [
            [
                [
                    -2,
                    -6,
                    9
                ],
                [
                    3,
                    9,
                    2
                ],
                [
                    -6,
                    7,
                    5
                ],
                [
                    4,
                    -10,
                    2
                ],
                [
                    -1,
                    -5,
                    -7
                ],
                [
                    9,
                    2,
                    -6
                ],
                [
                    1,
                    -3,
                    6
                ],
                [
                    2,
                    3,
                    -5
                ],
                [
                    -4,
                    6,
                    -7
                ],
                [
                    -3,
                    -10,
                    9
                ],
                [
                    4,
                    1,
                    7
                ],
                [
                    -9,
                    -5,
                    -8
                ],
                [
                    10,
                    3,
                    -9
                ],
                [
                    4,
                    9,
                    2
                ],
                [
                    1,
                    -10,
                    -9
                ],
                [
                    -7,
                    -2,
                    -5
                ],
                [
                    -3,
                    -7,
                    -5
                ],
                [
                    1,
                    10,
                    -4
                ],
                [
                    5,
                    -6,
                    -3
                ],
                [
                    -6,
                    -9,
                    -5
                ],
                [
                    -3,
                    -7,
                    -2
                ],
                [
                    3,
                    5,
                    -9
                ],
                [
                    5,
                    -4,
                    -9
                ],
                [
                    6,
                    -3,
                    -2
                ],
                [
                    -5,
                    -8,
                    4
                ],
                [
                    10,
                    -3,
                    -5
                ],
                [
                    7,
                    3,
                    -8
                ],
                [
                    -1,
                    -9,
                    10
                ],
                [
                    -4,
                    9,
                    -3
                ],
                [
                    2,
                    -8,
                    -9
                ],
                [
                    -5,
                    4,
                    -7
                ],
                [
                    2,
                    6,
                    1
                ],
                [
                    6,
                    -2,
                    5
                ],
                [
                    2,
                    1,
                    10
                ],
                [
                    4,
                    9,
                    -1
                ],
                [
                    5,
                    3,
                    10
                ],
                [
                    -7,
                    -10,
                    -8
                ],
                [
                    -8,
                    -7,
                    -2
                ],
                [
                    -2,
                    7,
                    3
                ],
                [
                    -8,
                    6,
                    -7
                ],
                [
                    -9,
                    1,
                    2
                ],
                [
                    4,
                    -9,
                    5
                ],
                [
                    -7,
                    4,
                    9
                ],
                [
                    10,
                    1,
                    -6
                ],
                [
                    -7,
                    10,
                    2
                ]
            ],
            "{   'fun': 1.0,\n    'jac': None,\n    'nfev': 5,\n    'nit': 0,\n    'njev': 1,\n    'x': array([0.84543156, 1.22578621, 2.83200717, 0.82193502])}",
            {
                "1101000101": 1,
                "1010111111": 1,
                "0100010101": 1,
                "1110011110": 1,
                "1001111010": 1,
                "1101101100": 1,
                "0110100011": 1,
                "0100000101": 1,
                "1111000111": 1,
                "1111100100": 1,
                "0011101000": 1,
                "1001111000": 1,
                "0010111110": 1,
                "1000001001": 1,
                "1001011001": 1,
                "1111000100": 1,
                "1001110111": 1,
                "1100011000": 1,
                "1010111101": 1,
                "1000000001": 1,
                "1100000100": 1,
                "1011100110": 1,
                "1101100110": 1,
                "1011011000": 1,
                "1100000000": 1,
                "0110101001": 1,
                "0111000101": 1,
                "1011000001": 1,
                "0001100010": 1,
                "0011001011": 1,
                "1101000110": 1,
                "1011000111": 1,
                "0001100011": 1,
                "1000101100": 1,
                "1111000011": 1,
                "1110001111": 1,
                "0100010000": 1,
                "0111100101": 1,
                "1100111101": 1,
                "1000111110": 1,
                "0000011011": 1,
                "0110001111": 1,
                "1100000111": 1,
                "1110001100": 1,
                "1101110101": 1,
                "1100000010": 1,
                "0001101100": 1,
                "0100100100": 1,
                "1111111100": 1,
                "0001110111": 1,
                "1100110110": 1,
                "1110011011": 1,
                "0101110001": 1,
                "0001011111": 1,
                "1001111101": 1,
                "1001000111": 1,
                "1111010010": 1,
                "1001100001": 1,
                "1111011011": 1,
                "0111111001": 1,
                "0000101100": 1,
                "0000110011": 1,
                "1111110100": 1,
                "0001000110": 1,
                "0111010101": 1,
                "1010010001": 1,
                "1001111110": 1,
                "0001101001": 1,
                "1101100100": 1,
                "0000011010": 1,
                "1001101100": 1,
                "1111100110": 2,
                "1000000100": 1,
                "1101010001": 1,
                "0001001111": 1,
                "0101001001": 1,
                "1110111011": 1,
                "0000110100": 1,
                "1000100111": 1,
                "1100110011": 1,
                "0111010001": 1,
                "0010110010": 1,
                "0010111101": 1,
                "1111011010": 1,
                "0101111011": 1,
                "0011010000": 1,
                "0110011011": 1,
                "1010110100": 1,
                "0111110001": 1,
                "1010101110": 1,
                "1100011110": 1,
                "0110100101": 1,
                "1010000111": 1,
                "1010110110": 1,
                "1111101100": 1,
                "1110000110": 1,
                "1101000011": 1,
                "1010100101": 1,
                "1101001001": 1
            },
            false,
            1.0
        ],
        [
            [
                [
                    -4,
                    3,
                    10
                ],
                [
                    -9,
                    -5,
                    4
                ],
                [
                    7,
                    5,
                    4
                ],
                [
                    9,
                    7,
                    3
                ],
                [
                    9,
                    -6,
                    -3
                ],
                [
                    7,
                    -6,
                    -3
                ],
                [
                    3,
                    2,
                    -10
                ],
                [
                    10,
                    5,
                    3
                ],
                [
                    10,
                    -8,
                    -1
                ],
                [
                    7,
                    -4,
                    1
                ],
                [
                    2,
                    10,
                    -6
                ],
                [
                    -8,
                    2,
                    -7
                ],
                [
                    6,
                    -5,
                    8
                ],
                [
                    -4,
                    10,
                    -2
                ],
                [
                    4,
                    -8,
                    7
                ],
                [
                    -10,
                    -8,
                    9
                ],
                [
                    -2,
                    -4,
                    9
                ],
                [
                    1,
                    8,
                    3
                ],
                [
                    10,
                    -1,
                    -2
                ],
                [
                    2,
                    -10,
                    8
                ],
                [
                    1,
                    4,
                    6
                ],
                [
                    -2,
                    6,
                    -10
                ],
                [
                    4,
                    -8,
                    -7
                ],
                [
                    -6,
                    2,
                    1
                ],
                [
                    2,
                    1,
                    -7
                ],
                [
                    6,
                    -7,
                    -8
                ],
                [
                    -10,
                    9,
                    -6
                ],
                [
                    1,
                    5,
                    -9
                ],
                [
                    6,
                    3,
                    2
                ],
                [
                    -8,
                    10,
                    -1
                ],
                [
                    10,
                    -1,
                    -3
                ],
                [
                    6,
                    -9,
                    -3
                ],
                [
                    -6,
                    1,
                    7
                ],
                [
                    4,
                    -1,
                    3
                ],
                [
                    5,
                    1,
                    -10
                ],
                [
                    -10,
                    -6,
                    -9
                ],
                [
                    10,
                    -7,
                    -3
                ],
                [
                    10,
                    9,
                    -7
                ],
                [
                    -1,
                    4,
                    -9
                ],
                [
                    -2,
                    -1,
                    9
                ],
                [
                    6,
                    5,
                    -10
                ],
                [
                    -3,
                    -1,
                    4
                ],
                [
                    3,
                    10,
                    -4
                ],
                [
                    10,
                    9,
                    -1
                ],
                [
                    6,
                    -4,
                    -2
                ]
            ],
            "{   'fun': 1.0,\n    'jac': None,\n    'nfev': 5,\n    'nit': 0,\n    'njev': 1,\n    'x': array([1.15175677, 2.80327582, 0.40026449, 2.63297964])}",
            {
                "1101010011": 1,
                "1000000000": 1,
                "1010110100": 1,
                "0000110010": 1,
                "1100110010": 1,
                "0000010111": 1,
                "0100110000": 1,
                "0110101110": 1,
                "0011011010": 1,
                "0101100000": 1,
                "1001011010": 1,
                "0100101000": 1,
                "1011101010": 1,
                "1000100000": 1,
                "1001101100": 1,
                "1000110101": 1,
                "1110111000": 1,
                "0011101011": 1,
                "0010101101": 1,
                "1100000000": 1,
                "0100111110": 1,
                "0000101100": 1,
                "0101110011": 1,
                "0000011010": 1,
                "0101011101": 1,
                "1011111110": 1,
                "1111001101": 1,
                "1100110000": 1,
                "1010111011": 2,
                "1100000100": 1,
                "1001101011": 1,
                "1101010111": 1,
                "0000111110": 1,
                "0100001010": 1,
                "1101010110": 1,
                "1100100101": 1,
                "0111010100": 1,
                "1110010110": 1,
                "0111000100": 1,
                "1000100011": 1,
                "1000001100": 1,
                "0000101011": 1,
                "0101100001": 1,
                "0000110001": 1,
                "1111100100": 1,
                "0010000100": 2,
                "0111011011": 1,
                "1010010000": 1,
                "0000011001": 1,
                "0000101000": 1,
                "1001000010": 1,
                "1001101010": 1,
                "0110000100": 1,
                "0000000010": 1,
                "1100110111": 1,
                "1111010000": 1,
                "1111101001": 1,
                "1101101000": 1,
                "1100101100": 2,
                "1101101110": 1,
                "0011110111": 1,
                "0111010101": 1,
                "0111001000": 1,
                "0000011111": 2,
                "0100010100": 1,
                "0010011100": 1,
                "1001010111": 1,
                "1000011000": 1,
                "0110110100": 1,
                "0001000100": 1,
                "0000111100": 2,
                "0110111011": 1,
                "1111001110": 1,
                "1010000010": 1,
                "1111010001": 1,
                "0010100100": 1,
                "0001010111": 1,
                "0111011100": 1,
                "0011100001": 1,
                "0000001101": 1,
                "1111111001": 1,
                "1101110010": 1,
                "0010001011": 1,
                "1110110000": 1,
                "1000101000": 1,
                "0101111100": 1,
                "1001111000": 2,
                "1100111101": 1,
                "1101100001": 1,
                "0011010111": 2,
                "1011011101": 1,
                "1001110001": 1,
                "1000110010": 1
            },
            false,
            1.0
        ],
        [
            [
                [
                    4,
                    -2,
                    6
                ],
                [
                    10,
                    -2,
                    -4
                ],
                [
                    4,
                    3,
                    -1
                ],
                [
                    -9,
                    5,
                    8
                ],
                [
                    10,
                    -7,
                    -8
                ],
                [
                    -6,
                    10,
                    9
                ],
                [
                    2,
                    4,
                    10
                ],
                [
                    -8,
                    6,
                    -9
                ],
                [
                    5,
                    -6,
                    -3
                ],
                [
                    -2,
                    9,
                    -4
                ],
                [
                    8,
                    3,
                    -5
                ],
                [
                    7,
                    -8,
                    -2
                ],
                [
                    -3,
                    -8,
                    10
                ],
                [
                    -10,
                    7,
                    -2
                ],
                [
                    -5,
                    1,
                    8
                ],
                [
                    -5,
                    2,
                    -9
                ],
                [
                    -3,
                    -1,
                    9
                ],
                [
                    -5,
                    -1,
                    9
                ],
                [
                    -4,
                    -3,
                    1
                ],
                [
                    4,
                    9,
                    3
                ],
                [
                    9,
                    -4,
                    6
                ],
                [
                    -9,
                    -4,
                    8
                ],
                [
                    6,
                    -3,
                    4
                ],
                [
                    6,
                    -2,
                    -5
                ],
                [
                    3,
                    -4,
                    -2
                ],
                [
                    -6,
                    4,
                    -9
                ],
                [
                    -4,
                    2,
                    1
                ],
                [
                    -8,
                    -4,
                    -5
                ],
                [
                    8,
                    -6,
                    10
                ],
                [
                    -1,
                    9,
                    -5
                ],
                [
                    9,
                    1,
                    6
                ],
                [
                    -10,
                    -1,
                    -8
                ],
                [
                    -8,
                    4,
                    1
                ],
                [
                    6,
                    -1,
                    4
                ],
                [
                    2,
                    4,
                    -1
                ],
                [
                    5,
                    4,
                    10
                ],
                [
                    -4,
                    10,
                    -6
                ],
                [
                    -8,
                    -3,
                    -2
                ],
                [
                    9,
                    7,
                    -4
                ],
                [
                    8,
                    -10,
                    9
                ],
                [
                    5,
                    -1,
                    6
                ],
                [
                    9,
                    7,
                    1
                ],
                [
                    5,
                    9,
                    4
                ],
                [
                    8,
                    3,
                    4
                ],
                [
                    -2,
                    -1,
                    -9
                ]
            ],
            "{   'fun': 1.0,\n    'jac': None,\n    'nfev': 5,\n    'nit': 0,\n    'njev': 1,\n    'x': array([0.9942314 , 0.54689217, 0.10931673, 0.8711891 ])}",
            {
                "1111101110": 1,
                "1111001001": 1,
                "0111101100": 1,
                "0110110001": 1,
                "1100110000": 1,
                "1100111010": 1,
                "1110000111": 1,
                "1110001011": 1,
                "1100001010": 1,
                "1111101011": 1,
                "1111011101": 1,
                "0011000011": 2,
                "1100001011": 1,
                "0010010001": 1,
                "1101100001": 1,
                "1100110100": 1,
                "1011010100": 1,
                "0000101111": 1,
                "1110010111": 1,
                "1110100001": 1,
                "0010010110": 1,
                "1011001110": 1,
                "1010111101": 1,
                "0010101101": 1,
                "0001101001": 1,
                "0100011001": 1,
                "0111101010": 1,
                "1110101100": 1,
                "0101001011": 1,
                "1011000001": 1,
                "1100001101": 1,
                "1100101000": 1,
                "1001011001": 1,
                "0011011010": 1,
                "0001101101": 1,
                "0011110011": 1,
                "1010011010": 1,
                "0110001001": 1,
                "1100001100": 1,
                "1110001000": 1,
                "0110111100": 1,
                "1011011001": 2,
                "0001000111": 1,
                "1101110100": 1,
                "1001000100": 1,
                "0001010011": 1,
                "1011001100": 1,
                "0011100110": 1,
                "1101010000": 1,
                "0110000001": 1,
                "1010110000": 1,
                "1111110001": 1,
                "0100011111": 1,
                "1100010010": 1,
                "0000010110": 1,
                "0100111100": 1,
                "1000000001": 1,
                "0011000101": 1,
                "0011000000": 1,
                "1001001000": 2,
                "1100010110": 1,
                "0100111101": 1,
                "0110100000": 1,
                "1001110101": 1,
                "0011011001": 1,
                "1011101001": 1,
                "0100110011": 1,
                "0010000110": 1,
                "1010111110": 1,
                "0110110010": 1,
                "0100101000": 2,
                "0111111001": 1,
                "0011101000": 1,
                "0100000110": 1,
                "0101000000": 1,
                "0101000100": 1,
                "1111001000": 1,
                "0111110010": 1,
                "0010100101": 1,
                "1011100110": 1,
                "0111010010": 1,
                "0001100110": 1,
                "1010110110": 1,
                "1101011000": 1,
                "0001011101": 1,
                "0010101110": 1,
                "0011010110": 1,
                "0110111001": 1,
                "0011111110": 1,
                "1100010011": 1,
                "1101100000": 1,
                "0001110110": 1,
                "1000010101": 1,
                "0001001010": 1,
                "1101010100": 1,
                "0101010010": 1
            },
            false,
            1.0
        ]
    ]
}