{
    "n": 10,
    "m": 45,
    "results": [
        [
            [
                [
                    -5,
                    -4,
                    -6
                ],
                [
                    5,
                    -1,
                    2
                ],
                [
                    -5,
                    10,
                    -4
                ],
                [
                    7,
                    4,
                    5
                ],
                [
                    7,
                    -2,
                    -3
                ],
                [
                    4,
                    8,
                    6
                ],
                [
                    -9,
                    5,
                    -10
                ],
                [
                    8,
                    -4,
                    1
                ],
                [
                    6,
                    7,
                    -10
                ],
                [
                    -4,
                    -9,
                    -8
                ],
                [
                    7,
                    8,
                    -9
                ],
                [
                    1,
                    -7,
                    9
                ],
                [
                    -8,
                    -2,
                    -1
                ],
                [
                    -8,
                    4,
                    -3
                ],
                [
                    -2,
                    9,
                    -6
                ],
                [
                    5,
                    7,
                    -6
                ],
                [
                    -8,
                    2,
                    -5
                ],
                [
                    7,
                    -4,
                    -5
                ],
                [
                    -4,
                    -1,
                    9
                ],
                [
                    -2,
                    9,
                    -10
                ],
                [
                    5,
                    -1,
                    -10
                ],
                [
                    -2,
                    -10,
                    -4
                ],
                [
                    -7,
                    -5,
                    8
                ],
                [
                    -2,
                    4,
                    -9
                ],
                [
                    -9,
                    4,
                    7
                ],
                [
                    -2,
                    3,
                    -6
                ],
                [
                    7,
                    -2,
                    9
                ],
                [
                    -8,
                    1,
                    -2
                ],
                [
                    3,
                    2,
                    1
                ],
                [
                    10,
                    -7,
                    -8
                ],
                [
                    -5,
                    10,
                    -8
                ],
                [
                    -10,
                    -3,
                    4
                ],
                [
                    4,
                    -9,
                    5
                ],
                [
                    9,
                    1,
                    -6
                ],
                [
                    9,
                    2,
                    -4
                ],
                [
                    8,
                    -2,
                    -5
                ],
                [
                    7,
                    9,
                    5
                ],
                [
                    9,
                    -8,
                    -7
                ],
                [
                    -7,
                    5,
                    -10
                ],
                [
                    10,
                    2,
                    -7
                ],
                [
                    6,
                    8,
                    5
                ],
                [
                    -1,
                    -5,
                    2
                ],
                [
                    1,
                    8,
                    -4
                ],
                [
                    -7,
                    -2,
                    4
                ],
                [
                    2,
                    3,
                    1
                ]
            ],
            "{   'fun': 1.0,\n    'jac': None,\n    'nfev': 105,\n    'nit': 0,\n    'njev': 21,\n    'x': array([1.56829047, 2.70425762, 1.11249116, 2.23230737])}",
            {
                "0101010010": 1,
                "1000000111": 1,
                "0011010110": 1,
                "1100111111": 1,
                "0111110000": 1,
                "0011101111": 1,
                "0110011101": 1,
                "1111001010": 1,
                "0111001100": 1,
                "0010101111": 1,
                "1101101000": 1,
                "0101011010": 1,
                "1011100011": 1,
                "0110011011": 1,
                "1011101110": 1,
                "1000100010": 1,
                "0001000111": 1,
                "0011101011": 1,
                "0100111010": 1,
                "0100101001": 1,
                "1111110100": 1,
                "0101100011": 1,
                "0011100000": 1,
                "1010101011": 1,
                "0110110000": 1,
                "1101000000": 1,
                "0111001010": 1,
                "0111000101": 1,
                "0111100000": 1,
                "0010000011": 1,
                "1011100101": 1,
                "1000001010": 1,
                "1001111000": 1,
                "1100001011": 1,
                "0010111101": 1,
                "0111100110": 1,
                "0011110101": 1,
                "1001001001": 1,
                "0101111011": 1,
                "0111111001": 1,
                "1001100001": 1,
                "0010001001": 1,
                "0011011101": 1,
                "0101001011": 1,
                "1011111101": 1,
                "0101001010": 1,
                "1101011000": 1,
                "1001100100": 1,
                "0011010001": 1,
                "0010100011": 1,
                "1111000110": 1,
                "0000100011": 1,
                "0001100101": 1,
                "0011011111": 1,
                "0111001110": 1,
                "1000101101": 1,
                "0000000111": 1,
                "0011110000": 1,
                "1011110011": 1,
                "1011000011": 2,
                "1010100010": 1,
                "1111110010": 1,
                "0010010001": 1,
                "1110000100": 1,
                "1100110110": 1,
                "0110110001": 1,
                "0101001101": 1,
                "0011100110": 1,
                "0110101001": 1,
                "1010101010": 1,
                "1111001011": 1,
                "1011011011": 2,
                "1101000011": 1,
                "0111110001": 1,
                "1101011101": 1,
                "0110111010": 1,
                "0001110100": 1,
                "1000011011": 1,
                "1110001101": 1,
                "0000110100": 1,
                "1110100100": 1,
                "1111000010": 1,
                "1101010010": 1,
                "1100000001": 1,
                "1100111101": 1,
                "1100011011": 1,
                "0001110001": 1,
                "1111110111": 1,
                "0110000001": 1,
                "0000000101": 1,
                "1001111101": 1,
                "1100110100": 1,
                "1100010100": 1,
                "0001000101": 1,
                "1011001100": 1,
                "1110101110": 1,
                "0010101101": 1,
                "0000111101": 1
            },
            false,
            0.96
        ],
        [
            [
                [
                    1,
                    2,
                    -9
                ],
                [
                    -6,
                    -1,
                    -7
                ],
                [
                    8,
                    -3,
                    10
                ],
                [
                    4,
                    -1,
                    -2
                ],
                [
                    -3,
                    5,
                    2
                ],
                [
                    -10,
                    -6,
                    3
                ],
                [
                    3,
                    4,
                    10
                ],
                [
                    7,
                    1,
                    -6
                ],
                [
                    8,
                    5,
                    1
                ],
                [
                    10,
                    7,
                    -5
                ],
                [
                    -8,
                    -9,
                    5
                ],
                [
                    -4,
                    2,
                    3
                ],
                [
                    -10,
                    -1,
                    -7
                ],
                [
                    -9,
                    3,
                    1
                ],
                [
                    -2,
                    1,
                    4
                ],
                [
                    5,
                    -10,
                    6
                ],
                [
                    -3,
                    -8,
                    -2
                ],
                [
                    -9,
                    -5,
                    -4
                ],
                [
                    -2,
                    6,
                    -1
                ],
                [
                    -7,
                    4,
                    8
                ],
                [
                    2,
                    10,
                    9
                ],
                [
                    -2,
                    -4,
                    8
                ],
                [
                    9,
                    -10,
                    -1
                ],
                [
                    -3,
                    -7,
                    9
                ],
                [
                    -6,
                    -5,
                    -10
                ],
                [
                    1,
                    -9,
                    8
                ],
                [
                    -9,
                    2,
                    -5
                ],
                [
                    10,
                    -7,
                    -5
                ],
                [
                    -3,
                    -1,
                    -9
                ],
                [
                    -6,
                    -9,
                    10
                ],
                [
                    -7,
                    3,
                    6
                ],
                [
                    -4,
                    -7,
                    -2
                ],
                [
                    4,
                    3,
                    8
                ],
                [
                    -8,
                    5,
                    9
                ],
                [
                    -2,
                    -4,
                    10
                ],
                [
                    3,
                    -1,
                    -4
                ],
                [
                    -1,
                    9,
                    10
                ],
                [
                    -10,
                    8,
                    4
                ],
                [
                    -1,
                    9,
                    7
                ],
                [
                    3,
                    2,
                    1
                ],
                [
                    -7,
                    4,
                    2
                ],
                [
                    -9,
                    10,
                    -8
                ],
                [
                    4,
                    -7,
                    -8
                ],
                [
                    9,
                    -1,
                    -7
                ],
                [
                    9,
                    4,
                    -1
                ]
            ],
            "{   'fun': 0.92,\n    'jac': None,\n    'nfev': 85,\n    'nit': 1,\n    'njev': 17,\n    'x': array([1.59968975, 3.10670539, 2.43367738, 0.15758556])}",
            {
                "1001110010": 1,
                "1000100100": 1,
                "0100010011": 1,
                "1100000000": 1,
                "0110110110": 1,
                "0101100011": 1,
                "1011001110": 1,
                "0011000000": 1,
                "1111101101": 1,
                "0010010111": 1,
                "1101101111": 1,
                "1010010110": 1,
                "1011011110": 2,
                "0000110010": 1,
                "1000001101": 1,
                "0011011111": 1,
                "0010010001": 1,
                "0001001111": 1,
                "0000000110": 1,
                "1111011001": 1,
                "1001100111": 1,
                "1110100011": 1,
                "1101111111": 1,
                "0100001110": 1,
                "0010100011": 1,
                "0011010001": 1,
                "0110111110": 1,
                "1110001100": 1,
                "0110100110": 1,
                "1001111011": 1,
                "1100011000": 1,
                "0011100101": 1,
                "0001100101": 1,
                "1101010111": 1,
                "1101000010": 1,
                "1011000100": 1,
                "1110001011": 1,
                "0111100010": 1,
                "0011011101": 1,
                "1010011100": 2,
                "0000100101": 2,
                "0111011111": 1,
                "0000011101": 2,
                "0111011001": 2,
                "0000110001": 2,
                "0010101000": 1,
                "0110100000": 1,
                "1001111111": 1,
                "0101111001": 1,
                "1010010100": 5,
                "1011000110": 1,
                "1000000111": 1,
                "0011100100": 1,
                "1100101010": 1,
                "0000001110": 1,
                "1111001011": 1,
                "0100100000": 1,
                "0001111110": 1,
                "1000010010": 1,
                "1101010101": 1,
                "1001001100": 1,
                "1111010000": 1,
                "1110111000": 1,
                "1001111101": 1,
                "0100100111": 1,
                "0101100101": 1,
                "0001000000": 1,
                "0001010110": 1,
                "0101111111": 1,
                "1111011101": 1,
                "1111011000": 1,
                "1101110101": 1,
                "0011001100": 1,
                "1110100100": 1,
                "0010101010": 1,
                "1110111100": 1,
                "0010001100": 1,
                "1010000010": 1,
                "1011000011": 1,
                "0110000111": 1,
                "0101110000": 1,
                "0011110101": 1,
                "0010100001": 1,
                "0001011101": 1,
                "1001000110": 1,
                "1101010011": 1,
                "0111101001": 1,
                "1010011010": 3
            },
            true,
            0.85
        ],
        [
            [
                [
                    -2,
                    -5,
                    7
                ],
                [
                    -10,
                    5,
                    -4
                ],
                [
                    -4,
                    -9,
                    2
                ],
                [
                    7,
                    6,
                    9
                ],
                [
                    1,
                    -8,
                    -4
                ],
                [
                    2,
                    -3,
                    -10
                ],
                [
                    -2,
                    -3,
                    -1
                ],
                [
                    -6,
                    7,
                    2
                ],
                [
                    -2,
                    6,
                    7
                ],
                [
                    -1,
                    -6,
                    -7
                ],
                [
                    -1,
                    -8,
                    -7
                ],
                [
                    7,
                    3,
                    -9
                ],
                [
                    -10,
                    3,
                    -6
                ],
                [
                    5,
                    -3,
                    -7
                ],
                [
                    3,
                    7,
                    9
                ],
                [
                    1,
                    -3,
                    8
                ],
                [
                    -2,
                    5,
                    6
                ],
                [
                    5,
                    9,
                    1
                ],
                [
                    -1,
                    -9,
                    4
                ],
                [
                    8,
                    -7,
                    6
                ],
                [
                    -6,
                    4,
                    5
                ],
                [
                    -6,
                    -2,
                    -3
                ],
                [
                    5,
                    8,
                    -7
                ],
                [
                    1,
                    5,
                    -3
                ],
                [
                    -1,
                    -10,
                    2
                ],
                [
                    -10,
                    -5,
                    9
                ],
                [
                    -5,
                    -2,
                    -4
                ],
                [
                    -10,
                    -3,
                    7
                ],
                [
                    -5,
                    -2,
                    -1
                ],
                [
                    8,
                    -7,
                    9
                ],
                [
                    -2,
                    10,
                    4
                ],
                [
                    6,
                    3,
                    1
                ],
                [
                    8,
                    -2,
                    6
                ],
                [
                    -5,
                    -1,
                    4
                ],
                [
                    -2,
                    -1,
                    -9
                ],
                [
                    7,
                    -6,
                    9
                ],
                [
                    -4,
                    -9,
                    -3
                ],
                [
                    -4,
                    6,
                    7
                ],
                [
                    -7,
                    10,
                    5
                ],
                [
                    2,
                    6,
                    -7
                ],
                [
                    -4,
                    9,
                    -8
                ],
                [
                    7,
                    9,
                    5
                ],
                [
                    9,
                    -4,
                    -1
                ],
                [
                    1,
                    8,
                    -5
                ],
                [
                    -8,
                    -2,
                    -4
                ]
            ],
            "{   'fun': 1.0,\n    'jac': None,\n    'nfev': 130,\n    'nit': 2,\n    'njev': 26,\n    'x': array([0.84543432, 1.22578898, 2.83200993, 0.82194054])}",
            {
                "1111010000": 1,
                "1110001000": 1,
                "0100011101": 1,
                "0001011100": 1,
                "1011000110": 1,
                "1101111100": 1,
                "1001100001": 1,
                "1101010100": 1,
                "1101101101": 1,
                "0111111100": 1,
                "1000001110": 1,
                "0011111011": 1,
                "0100010101": 1,
                "0100100101": 1,
                "1000011001": 1,
                "0100111110": 1,
                "1111101000": 1,
                "1000100100": 2,
                "0010001101": 1,
                "0011000101": 1,
                "0010000000": 1,
                "0001000000": 1,
                "1000000011": 1,
                "0010110011": 1,
                "1111010110": 1,
                "1011010101": 1,
                "0001100000": 1,
                "1000111101": 1,
                "0101110000": 1,
                "1010100001": 1,
                "0111011010": 1,
                "1110000010": 1,
                "1011110011": 1,
                "0001111101": 1,
                "1010111010": 1,
                "0011111110": 1,
                "1010000100": 1,
                "1101001011": 1,
                "1011110000": 1,
                "0101001101": 1,
                "0110001001": 1,
                "0111001100": 1,
                "1100001010": 1,
                "0011111100": 1,
                "0101100010": 1,
                "1100010100": 1,
                "1011001101": 1,
                "1101001010": 1,
                "0010101110": 1,
                "1110111001": 1,
                "1011111011": 1,
                "1001110110": 1,
                "1001110011": 1,
                "0001011011": 1,
                "0011010011": 2,
                "1100110110": 1,
                "0001110111": 1,
                "0000000000": 1,
                "0000011110": 1,
                "0111100100": 1,
                "1100001011": 1,
                "1111100100": 1,
                "0111100010": 1,
                "0010101010": 1,
                "0100101111": 1,
                "0011101010": 1,
                "0111011100": 1,
                "0011010111": 1,
                "1101010001": 1,
                "1011100010": 1,
                "0110110101": 1,
                "0010010010": 1,
                "1010001001": 1,
                "1100011101": 1,
                "1010011110": 1,
                "1010110011": 1,
                "1000101011": 1,
                "0101110110": 1,
                "1110111011": 1,
                "1000000010": 1,
                "1000110011": 1,
                "1010111110": 1,
                "0101010000": 1,
                "0011110000": 1,
                "0101010111": 1,
                "1101000101": 1,
                "1010101010": 3,
                "0110101011": 1,
                "0101001000": 1,
                "1111011000": 1,
                "1010101111": 1,
                "0101000110": 2,
                "0100000011": 1,
                "0111101000": 2
            },
            false,
            0.92
        ],
        [
            [
                [
                    9,
                    7,
                    -3
                ],
                [
                    5,
                    3,
                    -4
                ],
                [
                    -3,
                    4,
                    -10
                ],
                [
                    5,
                    10,
                    -8
                ],
                [
                    9,
                    -2,
                    -7
                ],
                [
                    -1,
                    -10,
                    -5
                ],
                [
                    -5,
                    -9,
                    -8
                ],
                [
                    9,
                    3,
                    2
                ],
                [
                    -6,
                    3,
                    -2
                ],
                [
                    2,
                    4,
                    -9
                ],
                [
                    -8,
                    4,
                    6
                ],
                [
                    -7,
                    10,
                    8
                ],
                [
                    4,
                    -1,
                    -2
                ],
                [
                    9,
                    3,
                    -6
                ],
                [
                    8,
                    -5,
                    -4
                ],
                [
                    9,
                    -2,
                    10
                ],
                [
                    6,
                    5,
                    3
                ],
                [
                    -2,
                    -3,
                    -4
                ],
                [
                    -2,
                    -10,
                    -5
                ],
                [
                    7,
                    -3,
                    -10
                ],
                [
                    4,
                    -7,
                    1
                ],
                [
                    -9,
                    2,
                    3
                ],
                [
                    8,
                    6,
                    5
                ],
                [
                    8,
                    7,
                    6
                ],
                [
                    -4,
                    -7,
                    -6
                ],
                [
                    -9,
                    7,
                    5
                ],
                [
                    2,
                    -10,
                    3
                ],
                [
                    1,
                    -6,
                    10
                ],
                [
                    -1,
                    -10,
                    7
                ],
                [
                    10,
                    -6,
                    -1
                ],
                [
                    -7,
                    -1,
                    2
                ],
                [
                    -5,
                    8,
                    1
                ],
                [
                    2,
                    4,
                    -1
                ],
                [
                    -4,
                    6,
                    1
                ],
                [
                    -8,
                    5,
                    10
                ],
                [
                    -2,
                    10,
                    5
                ],
                [
                    8,
                    6,
                    7
                ],
                [
                    -2,
                    -1,
                    -10
                ],
                [
                    -3,
                    -2,
                    -4
                ],
                [
                    9,
                    2,
                    8
                ],
                [
                    -2,
                    1,
                    8
                ],
                [
                    5,
                    2,
                    -1
                ],
                [
                    9,
                    2,
                    -10
                ],
                [
                    -6,
                    3,
                    -4
                ],
                [
                    -9,
                    1,
                    -8
                ]
            ],
            "{   'fun': 1.0,\n    'jac': None,\n    'nfev': 5,\n    'nit': 0,\n    'njev': 1,\n    'x': array([1.15175677, 2.80327582, 0.40026449, 2.63297964])}",
            {
                "0100100111": 1,
                "0100011010": 1,
                "0000011010": 1,
                "0110011000": 1,
                "1010010010": 1,
                "0000011111": 1,
                "0011011110": 1,
                "0010001000": 1,
                "1001100001": 1,
                "0001001101": 1,
                "1100001011": 1,
                "0001010011": 1,
                "1110011100": 1,
                "0101011010": 1,
                "0110100000": 1,
                "0001000100": 1,
                "1110001100": 1,
                "1110010111": 1,
                "0010101011": 1,
                "0010001101": 1,
                "0001010100": 1,
                "0010100100": 1,
                "1010111011": 1,
                "0110111001": 1,
                "1101001001": 1,
                "1110101001": 1,
                "0011110100": 1,
                "0011000110": 2,
                "0010011110": 1,
                "0010011000": 1,
                "0111101010": 1,
                "1001001010": 1,
                "0110011101": 1,
                "0011110111": 1,
                "1101011001": 1,
                "0100111011": 1,
                "0100100110": 1,
                "1110001010": 1,
                "0110101110": 1,
                "1010001001": 1,
                "1000011100": 1,
                "0011101000": 1,
                "0000001101": 1,
                "1100000011": 1,
                "0111101111": 1,
                "1010110100": 1,
                "0010101001": 1,
                "1100000000": 1,
                "1011000100": 1,
                "1110001011": 1,
                "0000010011": 1,
                "0110001101": 1,
                "1100011111": 1,
                "1011110001": 1,
                "0101101111": 1,
                "1000111110": 1,
                "1010010110": 1,
                "1111110110": 1,
                "0100110110": 1,
                "1000101010": 1,
                "0000011100": 1,
                "0000111100": 1,
                "1000001111": 1,
                "0011110000": 1,
                "1010100000": 1,
                "1100001101": 1,
                "1110000010": 1,
                "1110010000": 1,
                "1111111111": 1,
                "0011001100": 1,
                "0001101011": 1,
                "0101000001": 2,
                "0100100100": 1,
                "0010100011": 1,
                "0011100111": 1,
                "1000100110": 1,
                "1010100010": 1,
                "0001110111": 1,
                "0110101100": 2,
                "0010111011": 1,
                "1100100011": 1,
                "1010001010": 1,
                "0100000100": 1,
                "1011111111": 1,
                "1001001100": 1,
                "1001101111": 2,
                "1000010101": 1,
                "1110100110": 1,
                "0011110110": 1,
                "1000110001": 1,
                "0101000110": 1,
                "0101001101": 1,
                "1100100110": 1,
                "1100001000": 1,
                "0011001110": 1,
                "1111001101": 1
            },
            false,
            1.0
        ],
        [
            [
                [
                    2,
                    -3,
                    5
                ],
                [
                    3,
                    -1,
                    -6
                ],
                [
                    3,
                    -4,
                    -8
                ],
                [
                    1,
                    -2,
                    -3
                ],
                [
                    -2,
                    -10,
                    -6
                ],
                [
                    8,
                    -6,
                    -3
                ],
                [
                    -8,
                    -9,
                    7
                ],
                [
                    -8,
                    10,
                    3
                ],
                [
                    -3,
                    2,
                    5
                ],
                [
                    -9,
                    3,
                    1
                ],
                [
                    -7,
                    -3,
                    1
                ],
                [
                    9,
                    5,
                    6
                ],
                [
                    -9,
                    1,
                    7
                ],
                [
                    10,
                    -8,
                    1
                ],
                [
                    10,
                    1,
                    6
                ],
                [
                    5,
                    -1,
                    3
                ],
                [
                    1,
                    -8,
                    -6
                ],
                [
                    -6,
                    -7,
                    -9
                ],
                [
                    4,
                    -7,
                    10
                ],
                [
                    -10,
                    3,
                    -5
                ],
                [
                    2,
                    1,
                    -5
                ],
                [
                    1,
                    -3,
                    -2
                ],
                [
                    -6,
                    1,
                    7
                ],
                [
                    -5,
                    6,
                    7
                ],
                [
                    -1,
                    -7,
                    3
                ],
                [
                    -6,
                    7,
                    -1
                ],
                [
                    -3,
                    -6,
                    5
                ],
                [
                    -7,
                    -1,
                    -9
                ],
                [
                    -1,
                    -10,
                    -9
                ],
                [
                    -2,
                    10,
                    7
                ],
                [
                    -6,
                    4,
                    -2
                ],
                [
                    1,
                    -3,
                    4
                ],
                [
                    -4,
                    6,
                    -1
                ],
                [
                    2,
                    -7,
                    4
                ],
                [
                    5,
                    -3,
                    7
                ],
                [
                    3,
                    -6,
                    -7
                ],
                [
                    -7,
                    8,
                    -10
                ],
                [
                    10,
                    -7,
                    6
                ],
                [
                    -10,
                    8,
                    4
                ],
                [
                    -3,
                    6,
                    1
                ],
                [
                    -2,
                    -9,
                    -10
                ],
                [
                    -7,
                    -10,
                    -6
                ],
                [
                    -8,
                    7,
                    6
                ],
                [
                    -3,
                    4,
                    -6
                ],
                [
                    -10,
                    -7,
                    4
                ]
            ],
            "{   'fun': 1.0,\n    'jac': None,\n    'nfev': 120,\n    'nit': 2,\n    'njev': 24,\n    'x': array([0.9942339 , 0.54689467, 0.10931673, 0.8711891 ])}",
            {
                "0010100100": 1,
                "1100000000": 1,
                "1011101001": 1,
                "0000100100": 1,
                "0000000011": 1,
                "0011000100": 1,
                "1000001111": 1,
                "1010111100": 1,
                "0110010000": 1,
                "0000111110": 1,
                "1101011101": 1,
                "0010111000": 1,
                "0000101011": 1,
                "1100101100": 1,
                "1110010010": 1,
                "0010011000": 1,
                "1000011001": 1,
                "1111001101": 1,
                "0010101010": 1,
                "0011000001": 1,
                "0001000110": 1,
                "1100101011": 1,
                "1011001011": 1,
                "0000111101": 1,
                "0110101010": 1,
                "0011001111": 2,
                "0000011010": 1,
                "0010101001": 2,
                "0001111011": 1,
                "1001010001": 1,
                "0000010011": 1,
                "1001101011": 1,
                "0001011010": 2,
                "1010010000": 1,
                "1100010100": 1,
                "1110100110": 1,
                "1001110011": 1,
                "0010001000": 1,
                "0101111011": 2,
                "1101110001": 1,
                "0110111110": 1,
                "0110010001": 1,
                "1111100001": 1,
                "0000110110": 1,
                "1111000110": 1,
                "1011101010": 2,
                "1011000001": 1,
                "1101100101": 1,
                "1110001101": 1,
                "1001111100": 1,
                "0000100101": 1,
                "1110010000": 1,
                "0100110011": 1,
                "1101000101": 1,
                "0001010001": 1,
                "0101000010": 1,
                "1111011001": 1,
                "0101010111": 1,
                "0000101110": 1,
                "0011001000": 1,
                "1001110110": 1,
                "1100111010": 1,
                "1111000001": 1,
                "0010111110": 1,
                "1001111000": 1,
                "1000010001": 1,
                "0010110111": 1,
                "1001010111": 1,
                "1001110000": 1,
                "0110001010": 1,
                "0111100101": 1,
                "0001101111": 1,
                "0011100000": 1,
                "0000001100": 1,
                "1000000110": 1,
                "0000110101": 1,
                "1101010100": 1,
                "0110100101": 1,
                "0001000000": 1,
                "0001110011": 1,
                "1000000111": 1,
                "0000101000": 1,
                "1101000111": 1,
                "1111101001": 1,
                "0001111111": 1,
                "0001010000": 1,
                "1011000000": 1,
                "0101100100": 1,
                "0000110010": 1,
                "1011001000": 1,
                "1011011110": 1,
                "0110001111": 1,
                "1011100010": 1,
                "0001111001": 1,
                "1111101111": 1
            },
            false,
            0.97
        ]
    ]
}