{
    "n": 10,
    "m": 45,
    "results": [
        [
            [
                [
                    -8,
                    -9,
                    1
                ],
                [
                    2,
                    8,
                    -6
                ],
                [
                    -10,
                    -9,
                    1
                ],
                [
                    -6,
                    3,
                    -5
                ],
                [
                    -6,
                    9,
                    -2
                ],
                [
                    -8,
                    10,
                    6
                ],
                [
                    -2,
                    -7,
                    8
                ],
                [
                    -7,
                    6,
                    -1
                ],
                [
                    -7,
                    -3,
                    4
                ],
                [
                    -2,
                    -3,
                    7
                ],
                [
                    -1,
                    -6,
                    -9
                ],
                [
                    -1,
                    5,
                    -6
                ],
                [
                    -7,
                    -4,
                    -3
                ],
                [
                    -9,
                    -2,
                    7
                ],
                [
                    -5,
                    4,
                    9
                ],
                [
                    -6,
                    -7,
                    -10
                ],
                [
                    3,
                    5,
                    2
                ],
                [
                    8,
                    7,
                    -3
                ],
                [
                    1,
                    -9,
                    -10
                ],
                [
                    3,
                    6,
                    2
                ],
                [
                    3,
                    8,
                    5
                ],
                [
                    4,
                    3,
                    -2
                ],
                [
                    -4,
                    10,
                    -7
                ],
                [
                    7,
                    -4,
                    6
                ],
                [
                    -2,
                    -5,
                    4
                ],
                [
                    -5,
                    8,
                    -7
                ],
                [
                    -7,
                    -6,
                    1
                ],
                [
                    -3,
                    -1,
                    5
                ],
                [
                    1,
                    8,
                    -6
                ],
                [
                    -2,
                    -6,
                    7
                ],
                [
                    5,
                    2,
                    10
                ],
                [
                    5,
                    8,
                    4
                ],
                [
                    -5,
                    -4,
                    -9
                ],
                [
                    3,
                    -6,
                    5
                ],
                [
                    -4,
                    8,
                    7
                ],
                [
                    5,
                    8,
                    4
                ],
                [
                    8,
                    1,
                    9
                ],
                [
                    -6,
                    -1,
                    -4
                ],
                [
                    5,
                    -4,
                    -6
                ],
                [
                    -8,
                    -3,
                    -9
                ],
                [
                    -2,
                    -3,
                    -6
                ],
                [
                    -9,
                    2,
                    -10
                ],
                [
                    -1,
                    2,
                    -10
                ],
                [
                    -5,
                    -8,
                    7
                ],
                [
                    4,
                    5,
                    9
                ]
            ],
            "{   'fun': 1.0,\n    'jac': None,\n    'nfev': 3,\n    'nit': 0,\n    'njev': 1,\n    'x': array([0.07271878, 0.08518428])}",
            {
                "0000010001": 1,
                "1000101011": 1,
                "0000001011": 1,
                "1000000101": 1,
                "0011110001": 1,
                "1001110110": 1,
                "1000110001": 1,
                "0011111000": 1,
                "1001010001": 1,
                "0010101010": 1,
                "0100101110": 1,
                "1011101101": 1,
                "0011111001": 1,
                "0011010000": 1,
                "1011001000": 1,
                "0000111010": 1,
                "0101100110": 1,
                "1101100111": 1,
                "0110110110": 1,
                "1001001100": 1,
                "0110011110": 1,
                "0111101011": 1,
                "1000000100": 1,
                "0011011100": 1,
                "1001101011": 1,
                "0100100010": 1,
                "1010000100": 1,
                "0111110010": 2,
                "1110111100": 1,
                "0110000010": 1,
                "1100100100": 1,
                "1000001110": 1,
                "0000001010": 1,
                "0001111110": 1,
                "1000010010": 1,
                "0010101100": 1,
                "0111101110": 1,
                "1011000101": 1,
                "1000011101": 1,
                "0101111100": 1,
                "0100101010": 1,
                "1101100100": 1,
                "0101011101": 1,
                "1110010100": 1,
                "0011001001": 1,
                "1001000110": 1,
                "0011001111": 1,
                "0001000101": 1,
                "1000110101": 1,
                "1111111100": 3,
                "0000000100": 1,
                "0100100000": 1,
                "1010100101": 1,
                "0000101010": 1,
                "1101111010": 2,
                "1110100010": 1,
                "1111110100": 1,
                "0101110000": 1,
                "1001011100": 1,
                "0011001000": 1,
                "0100000001": 1,
                "0111011011": 2,
                "0011101110": 1,
                "0101011110": 2,
                "1010010011": 1,
                "0010010001": 1,
                "0011000011": 1,
                "0100110001": 1,
                "1101111001": 1,
                "0010101101": 1,
                "1010111000": 1,
                "0011100010": 1,
                "1000111010": 1,
                "1111011001": 1,
                "1011001001": 1,
                "1011110010": 1,
                "0111111101": 1,
                "0010111001": 1,
                "1001001000": 1,
                "1011011101": 1,
                "1010111100": 1,
                "0000110100": 1,
                "1000010001": 1,
                "1110010001": 2,
                "1110101100": 1,
                "0110111001": 1,
                "1000100110": 1,
                "1010100010": 1,
                "0011010011": 1,
                "1111100101": 1,
                "1110111110": 1,
                "0000011011": 1,
                "0000101101": 1
            },
            false,
            1.0
        ],
        [
            [
                [
                    -3,
                    2,
                    7
                ],
                [
                    -2,
                    7,
                    10
                ],
                [
                    4,
                    -5,
                    -10
                ],
                [
                    -8,
                    3,
                    -6
                ],
                [
                    4,
                    2,
                    -7
                ],
                [
                    -4,
                    9,
                    -10
                ],
                [
                    -2,
                    3,
                    6
                ],
                [
                    10,
                    -5,
                    1
                ],
                [
                    -3,
                    6,
                    7
                ],
                [
                    -2,
                    10,
                    3
                ],
                [
                    4,
                    8,
                    7
                ],
                [
                    -4,
                    10,
                    -1
                ],
                [
                    7,
                    -10,
                    8
                ],
                [
                    7,
                    -8,
                    -9
                ],
                [
                    -3,
                    1,
                    -5
                ],
                [
                    3,
                    1,
                    4
                ],
                [
                    -1,
                    10,
                    -4
                ],
                [
                    -1,
                    -3,
                    -9
                ],
                [
                    9,
                    5,
                    -3
                ],
                [
                    -10,
                    -1,
                    4
                ],
                [
                    7,
                    5,
                    -4
                ],
                [
                    5,
                    -1,
                    -8
                ],
                [
                    4,
                    2,
                    3
                ],
                [
                    6,
                    8,
                    9
                ],
                [
                    5,
                    -7,
                    10
                ],
                [
                    -2,
                    -8,
                    -7
                ],
                [
                    -1,
                    10,
                    9
                ],
                [
                    -5,
                    1,
                    3
                ],
                [
                    -4,
                    10,
                    7
                ],
                [
                    -1,
                    -9,
                    -6
                ],
                [
                    -9,
                    5,
                    -4
                ],
                [
                    10,
                    -1,
                    -3
                ],
                [
                    8,
                    10,
                    -1
                ],
                [
                    -2,
                    -4,
                    -9
                ],
                [
                    -8,
                    -1,
                    -6
                ],
                [
                    7,
                    8,
                    -10
                ],
                [
                    -10,
                    3,
                    5
                ],
                [
                    -4,
                    -7,
                    -5
                ],
                [
                    -3,
                    9,
                    -5
                ],
                [
                    -10,
                    2,
                    8
                ],
                [
                    -5,
                    -4,
                    -6
                ],
                [
                    1,
                    -10,
                    -7
                ],
                [
                    6,
                    8,
                    4
                ],
                [
                    2,
                    -5,
                    8
                ],
                [
                    -5,
                    1,
                    4
                ]
            ],
            "{   'fun': 1.0,\n    'jac': None,\n    'nfev': 3,\n    'nit': 0,\n    'njev': 1,\n    'x': array([2.49748869, 0.8393808 ])}",
            {
                "0011000100": 1,
                "1110100011": 1,
                "1010000111": 1,
                "1001111001": 1,
                "1110001110": 1,
                "0000110101": 1,
                "0001000011": 1,
                "0000001010": 1,
                "1001111011": 1,
                "0110110110": 1,
                "1001101011": 1,
                "0010000100": 1,
                "1101100010": 1,
                "1001000000": 1,
                "0011110100": 1,
                "1110111000": 1,
                "1111101101": 1,
                "0100100010": 1,
                "0111100110": 1,
                "0001101101": 1,
                "1011011110": 1,
                "0111010001": 1,
                "1110010111": 1,
                "1001011110": 1,
                "1000101001": 1,
                "0000101010": 1,
                "1111100111": 1,
                "0110101110": 1,
                "0010000101": 1,
                "0111011011": 1,
                "1110110101": 1,
                "1100110100": 1,
                "0100100111": 1,
                "0011111111": 1,
                "0011011001": 1,
                "1100010110": 1,
                "0101110111": 1,
                "0101111001": 1,
                "1110000110": 1,
                "0110111100": 1,
                "0100100000": 1,
                "0001001110": 1,
                "1011001110": 1,
                "0010110111": 1,
                "0001011001": 1,
                "1101011100": 1,
                "0000100000": 1,
                "1111010010": 1,
                "1101011111": 2,
                "0110011000": 1,
                "1001001110": 1,
                "1010011001": 1,
                "1011010000": 1,
                "1100100101": 1,
                "1110011000": 1,
                "0110100000": 1,
                "0010011011": 1,
                "1101000000": 2,
                "1010110101": 1,
                "0001110100": 1,
                "1100001111": 1,
                "1011010011": 1,
                "1100100111": 1,
                "0000111000": 1,
                "1110100000": 1,
                "0011111001": 1,
                "0011000101": 1,
                "0010110011": 1,
                "0111000010": 1,
                "1001011011": 1,
                "0000101000": 1,
                "0011101010": 1,
                "1101111011": 1,
                "1001101111": 1,
                "0011100100": 1,
                "1011001000": 1,
                "0000110010": 2,
                "0111001101": 1,
                "0101111011": 1,
                "1010010111": 1,
                "0011011111": 1,
                "1100010111": 2,
                "0010110101": 1,
                "1101101111": 1,
                "0010100011": 1,
                "1111100010": 1,
                "1101000110": 1,
                "0100000100": 1,
                "0000011110": 1,
                "0111101001": 1,
                "1101010111": 1,
                "0011001101": 1,
                "1110000010": 1,
                "1100100000": 1,
                "1011101010": 1,
                "1010000100": 1
            },
            false,
            1.0
        ],
        [
            [
                [
                    10,
                    6,
                    9
                ],
                [
                    2,
                    1,
                    -4
                ],
                [
                    2,
                    -6,
                    9
                ],
                [
                    -2,
                    7,
                    10
                ],
                [
                    8,
                    10,
                    -9
                ],
                [
                    -2,
                    -6,
                    -4
                ],
                [
                    2,
                    9,
                    -1
                ],
                [
                    8,
                    -7,
                    5
                ],
                [
                    -2,
                    -1,
                    -6
                ],
                [
                    -2,
                    5,
                    -4
                ],
                [
                    -3,
                    -5,
                    -2
                ],
                [
                    10,
                    -9,
                    -1
                ],
                [
                    8,
                    2,
                    -5
                ],
                [
                    -8,
                    7,
                    -5
                ],
                [
                    7,
                    -6,
                    -2
                ],
                [
                    -8,
                    -3,
                    9
                ],
                [
                    -5,
                    -10,
                    -3
                ],
                [
                    -10,
                    6,
                    -7
                ],
                [
                    -6,
                    3,
                    8
                ],
                [
                    -7,
                    -10,
                    -3
                ],
                [
                    -7,
                    -10,
                    -4
                ],
                [
                    5,
                    10,
                    -6
                ],
                [
                    2,
                    1,
                    -5
                ],
                [
                    2,
                    7,
                    -6
                ],
                [
                    2,
                    7,
                    5
                ],
                [
                    -1,
                    9,
                    4
                ],
                [
                    -1,
                    8,
                    -7
                ],
                [
                    -5,
                    -8,
                    -4
                ],
                [
                    -8,
                    -6,
                    -3
                ],
                [
                    7,
                    -4,
                    5
                ],
                [
                    -8,
                    2,
                    -5
                ],
                [
                    7,
                    -5,
                    8
                ],
                [
                    3,
                    -9,
                    5
                ],
                [
                    -2,
                    8,
                    -9
                ],
                [
                    -6,
                    -1,
                    7
                ],
                [
                    -5,
                    -10,
                    -4
                ],
                [
                    6,
                    -7,
                    3
                ],
                [
                    4,
                    9,
                    5
                ],
                [
                    -8,
                    -10,
                    6
                ],
                [
                    4,
                    -3,
                    10
                ],
                [
                    7,
                    6,
                    -5
                ],
                [
                    7,
                    -10,
                    3
                ],
                [
                    9,
                    6,
                    1
                ],
                [
                    5,
                    -1,
                    -7
                ],
                [
                    -10,
                    5,
                    -7
                ]
            ],
            "{   'fun': 1.0,\n    'jac': None,\n    'nfev': 63,\n    'nit': 0,\n    'njev': 21,\n    'x': array([1.76215289, 1.68291279])}",
            {
                "0101111011": 1,
                "0101111010": 1,
                "0101011111": 1,
                "0011100001": 1,
                "1111101111": 1,
                "0111100001": 1,
                "1011001101": 1,
                "0110000101": 1,
                "0100111100": 1,
                "0010110001": 1,
                "0110101111": 1,
                "0111101110": 1,
                "1111000110": 1,
                "1100100001": 1,
                "1100010011": 1,
                "0010000100": 1,
                "1110100101": 1,
                "1101001111": 1,
                "1010110101": 1,
                "0010010010": 1,
                "1011110010": 1,
                "0100000110": 1,
                "1000011000": 1,
                "1101111100": 1,
                "1001101000": 1,
                "0011010101": 1,
                "0101110010": 1,
                "1000100111": 1,
                "0101100010": 1,
                "1100111100": 1,
                "0110111101": 1,
                "1111100111": 1,
                "0001000010": 1,
                "1110001100": 1,
                "0011001000": 1,
                "0011001110": 1,
                "0101110011": 1,
                "0100101001": 1,
                "1110000100": 1,
                "0111100011": 1,
                "0011010100": 1,
                "1111100101": 1,
                "1010111110": 1,
                "0111100110": 1,
                "0011101111": 1,
                "1111101011": 1,
                "0111011111": 1,
                "1101001010": 1,
                "1001101110": 1,
                "1101010100": 1,
                "0010011001": 1,
                "0110011101": 1,
                "1001111011": 1,
                "1100011000": 1,
                "0101001101": 1,
                "0101101001": 1,
                "1111111001": 1,
                "0011110010": 1,
                "1100011010": 1,
                "1000001010": 1,
                "1110110001": 1,
                "0001100110": 1,
                "0100110101": 1,
                "1111100100": 1,
                "1110010101": 1,
                "0101001110": 1,
                "1100100111": 1,
                "1000001001": 1,
                "1100011100": 1,
                "1111001001": 1,
                "1000000111": 1,
                "0110001011": 1,
                "0011001011": 2,
                "1110000110": 1,
                "1110001000": 1,
                "0010111111": 1,
                "0010101001": 1,
                "0001100100": 1,
                "0101001111": 1,
                "0110001110": 1,
                "1000100010": 1,
                "0001001010": 1,
                "1111010100": 2,
                "1000000011": 1,
                "0010110011": 1,
                "0100001110": 1,
                "0010110100": 1,
                "0101011010": 1,
                "0110110011": 1,
                "1101101110": 1,
                "0010101011": 1,
                "1001000010": 1,
                "1101011110": 1,
                "1001101010": 1,
                "1011101101": 1,
                "1010110000": 1,
                "0111111110": 1,
                "1100001101": 1
            },
            false,
            0.95
        ],
        [
            [
                [
                    9,
                    8,
                    3
                ],
                [
                    -6,
                    -1,
                    -10
                ],
                [
                    -3,
                    -8,
                    10
                ],
                [
                    9,
                    -2,
                    3
                ],
                [
                    -1,
                    10,
                    -4
                ],
                [
                    8,
                    1,
                    -4
                ],
                [
                    3,
                    7,
                    4
                ],
                [
                    7,
                    3,
                    4
                ],
                [
                    10,
                    9,
                    2
                ],
                [
                    -10,
                    -3,
                    -1
                ],
                [
                    -4,
                    -10,
                    5
                ],
                [
                    -5,
                    -7,
                    1
                ],
                [
                    5,
                    2,
                    8
                ],
                [
                    9,
                    -1,
                    -10
                ],
                [
                    9,
                    5,
                    -3
                ],
                [
                    -3,
                    6,
                    10
                ],
                [
                    7,
                    3,
                    -9
                ],
                [
                    2,
                    -6,
                    -8
                ],
                [
                    6,
                    -4,
                    9
                ],
                [
                    3,
                    10,
                    -2
                ],
                [
                    -8,
                    1,
                    -5
                ],
                [
                    6,
                    -1,
                    -2
                ],
                [
                    4,
                    6,
                    1
                ],
                [
                    -7,
                    -8,
                    -9
                ],
                [
                    9,
                    1,
                    10
                ],
                [
                    9,
                    3,
                    6
                ],
                [
                    -2,
                    -8,
                    -6
                ],
                [
                    -1,
                    -7,
                    -8
                ],
                [
                    4,
                    6,
                    3
                ],
                [
                    -9,
                    7,
                    -4
                ],
                [
                    -8,
                    3,
                    10
                ],
                [
                    -7,
                    10,
                    1
                ],
                [
                    -3,
                    4,
                    8
                ],
                [
                    9,
                    -1,
                    -6
                ],
                [
                    -2,
                    -7,
                    9
                ],
                [
                    10,
                    -1,
                    -8
                ],
                [
                    8,
                    -6,
                    -5
                ],
                [
                    3,
                    2,
                    8
                ],
                [
                    3,
                    1,
                    -10
                ],
                [
                    5,
                    8,
                    -10
                ],
                [
                    1,
                    -7,
                    -4
                ],
                [
                    5,
                    4,
                    9
                ],
                [
                    -8,
                    -1,
                    -7
                ],
                [
                    8,
                    10,
                    6
                ],
                [
                    6,
                    10,
                    2
                ]
            ],
            "{   'fun': 1.0,\n    'jac': None,\n    'nfev': 3,\n    'nit': 0,\n    'njev': 1,\n    'x': array([2.48651562, 2.64260122])}",
            {
                "1101011000": 1,
                "1011011001": 1,
                "0111111011": 1,
                "0100111100": 1,
                "1100000110": 1,
                "0010010000": 1,
                "0110001101": 2,
                "0001010001": 1,
                "1000100111": 1,
                "0010000000": 1,
                "0000010101": 1,
                "0000100000": 1,
                "1110101010": 1,
                "1000101000": 1,
                "0000111110": 1,
                "0010111010": 1,
                "1001110111": 1,
                "0000101011": 1,
                "0010110110": 1,
                "1000100001": 1,
                "1110110110": 1,
                "1010111111": 1,
                "1011110000": 1,
                "0101010111": 1,
                "1100100101": 1,
                "1000001011": 1,
                "1100001011": 1,
                "0100001100": 1,
                "0001100011": 1,
                "0000000111": 1,
                "0100100110": 1,
                "1111011001": 1,
                "1000000100": 1,
                "0110111111": 1,
                "1100011001": 1,
                "0111011011": 1,
                "0110100110": 1,
                "1011010100": 1,
                "1111100000": 1,
                "0001011001": 1,
                "0000011111": 1,
                "0010000111": 1,
                "0100101001": 1,
                "1111010110": 1,
                "1101001100": 1,
                "0101001110": 1,
                "1100100111": 1,
                "0111001111": 2,
                "1110000011": 1,
                "1011111111": 1,
                "0011101010": 1,
                "1011111100": 1,
                "0001111101": 1,
                "1110000000": 1,
                "0011000000": 1,
                "1001110001": 2,
                "1110100101": 1,
                "1010111001": 2,
                "1001101000": 1,
                "1111001001": 2,
                "0000111111": 2,
                "0010110111": 1,
                "1111011111": 1,
                "0101000100": 1,
                "0101111110": 1,
                "0010011010": 2,
                "1110000001": 1,
                "0101001111": 1,
                "1000010000": 1,
                "1010101001": 1,
                "1110010011": 1,
                "0100010000": 1,
                "0010011001": 1,
                "1100011110": 1,
                "1110100111": 1,
                "1001001110": 1,
                "1110110010": 1,
                "1100111101": 1,
                "1010000101": 1,
                "1100010000": 1,
                "0101100100": 1,
                "0110000111": 1,
                "0110000000": 1,
                "0000100010": 1,
                "0000011000": 1,
                "0000001011": 1,
                "1011100010": 1,
                "0000010010": 1,
                "0110010010": 1,
                "1001011000": 1,
                "0100011010": 1,
                "0111110000": 1,
                "1100001001": 1
            },
            false,
            1.0
        ],
        [
            [
                [
                    -1,
                    3,
                    2
                ],
                [
                    -1,
                    4,
                    -5
                ],
                [
                    -9,
                    -1,
                    -4
                ],
                [
                    9,
                    10,
                    4
                ],
                [
                    -9,
                    -8,
                    -10
                ],
                [
                    4,
                    -7,
                    -5
                ],
                [
                    -7,
                    -5,
                    -9
                ],
                [
                    4,
                    9,
                    6
                ],
                [
                    10,
                    5,
                    -7
                ],
                [
                    3,
                    8,
                    9
                ],
                [
                    3,
                    6,
                    -10
                ],
                [
                    -9,
                    2,
                    1
                ],
                [
                    -2,
                    5,
                    7
                ],
                [
                    -2,
                    7,
                    1
                ],
                [
                    9,
                    -8,
                    -6
                ],
                [
                    10,
                    -7,
                    -6
                ],
                [
                    4,
                    2,
                    7
                ],
                [
                    -10,
                    4,
                    6
                ],
                [
                    8,
                    -3,
                    -1
                ],
                [
                    2,
                    -9,
                    3
                ],
                [
                    -6,
                    8,
                    2
                ],
                [
                    6,
                    1,
                    -7
                ],
                [
                    -6,
                    2,
                    4
                ],
                [
                    7,
                    8,
                    3
                ],
                [
                    3,
                    2,
                    5
                ],
                [
                    -4,
                    -5,
                    1
                ],
                [
                    9,
                    -5,
                    6
                ],
                [
                    9,
                    7,
                    8
                ],
                [
                    4,
                    -7,
                    -6
                ],
                [
                    5,
                    -6,
                    -9
                ],
                [
                    4,
                    -10,
                    7
                ],
                [
                    2,
                    -9,
                    3
                ],
                [
                    -10,
                    -6,
                    3
                ],
                [
                    -1,
                    6,
                    -9
                ],
                [
                    10,
                    -8,
                    3
                ],
                [
                    8,
                    -3,
                    -1
                ],
                [
                    -8,
                    2,
                    4
                ],
                [
                    -10,
                    5,
                    -6
                ],
                [
                    -7,
                    1,
                    10
                ],
                [
                    -1,
                    -8,
                    6
                ],
                [
                    1,
                    -7,
                    8
                ],
                [
                    4,
                    7,
                    -6
                ],
                [
                    8,
                    3,
                    -5
                ],
                [
                    -3,
                    -7,
                    -6
                ],
                [
                    6,
                    4,
                    -2
                ]
            ],
            "{   'fun': 1.0,\n    'jac': None,\n    'nfev': 3,\n    'nit': 0,\n    'njev': 1,\n    'x': array([2.58572401, 0.04774246])}",
            {
                "1101110011": 1,
                "1000110001": 1,
                "0000010111": 1,
                "0111111100": 1,
                "0110000011": 1,
                "1101101101": 1,
                "1111101001": 1,
                "0110110000": 1,
                "1001110110": 1,
                "1010010100": 1,
                "0111101110": 1,
                "1100011101": 1,
                "0000111000": 1,
                "1101011110": 1,
                "1110110101": 1,
                "1100100001": 1,
                "1111001101": 1,
                "1111101000": 1,
                "1010100000": 1,
                "0010000100": 1,
                "1100000110": 1,
                "1000000010": 1,
                "1010000100": 1,
                "0111001111": 1,
                "0101001001": 1,
                "0100110100": 2,
                "1000110100": 1,
                "0111011100": 1,
                "0001101110": 2,
                "1101101110": 1,
                "1001110101": 2,
                "1111001111": 1,
                "1111111010": 1,
                "1011010000": 1,
                "0000111101": 1,
                "1010100100": 1,
                "1000001101": 1,
                "0010100101": 1,
                "0110000110": 1,
                "1000100110": 1,
                "0100010101": 1,
                "0001011010": 2,
                "0000001011": 1,
                "0100001110": 1,
                "1111101100": 1,
                "0100001100": 1,
                "1011000001": 2,
                "0110110101": 1,
                "0111010001": 1,
                "0000000101": 1,
                "1000010101": 1,
                "0000110100": 1,
                "0011011101": 1,
                "0001101011": 1,
                "0010110001": 1,
                "0110100111": 1,
                "1001100101": 1,
                "1110101100": 1,
                "1101011010": 1,
                "1011111100": 1,
                "0001010010": 1,
                "1101010001": 1,
                "1010100011": 1,
                "1111111000": 1,
                "0001111110": 1,
                "0011100111": 1,
                "0001110001": 1,
                "1000010010": 1,
                "0111011000": 1,
                "0011011100": 1,
                "0111010000": 1,
                "1001101111": 2,
                "1000000111": 1,
                "1001111011": 1,
                "1101001110": 1,
                "1101101011": 1,
                "1001010011": 1,
                "0100101111": 1,
                "1011001111": 1,
                "1010001011": 1,
                "1000010100": 1,
                "0100101101": 1,
                "1010001101": 1,
                "0111101011": 1,
                "1100000001": 1,
                "1001001111": 1,
                "0011101000": 2,
                "0011111110": 1,
                "0100101010": 1,
                "0000011101": 1,
                "0100010100": 1,
                "1010101000": 1,
                "0110100010": 1
            },
            false,
            1.0
        ]
    ]
}