{
    "n": 10,
    "m": 45,
    "results": [
        [
            [
                [
                    8,
                    -1,
                    9
                ],
                [
                    10,
                    3,
                    6
                ],
                [
                    -10,
                    -8,
                    -4
                ],
                [
                    -7,
                    -9,
                    3
                ],
                [
                    5,
                    -9,
                    10
                ],
                [
                    1,
                    8,
                    2
                ],
                [
                    6,
                    8,
                    1
                ],
                [
                    2,
                    -5,
                    -8
                ],
                [
                    4,
                    1,
                    -3
                ],
                [
                    6,
                    9,
                    7
                ],
                [
                    6,
                    -10,
                    7
                ],
                [
                    3,
                    2,
                    -8
                ],
                [
                    -3,
                    7,
                    5
                ],
                [
                    -2,
                    -7,
                    -1
                ],
                [
                    6,
                    1,
                    -4
                ],
                [
                    6,
                    -4,
                    2
                ],
                [
                    5,
                    -6,
                    9
                ],
                [
                    -1,
                    8,
                    7
                ],
                [
                    -7,
                    -8,
                    -3
                ],
                [
                    -9,
                    -2,
                    -6
                ],
                [
                    6,
                    7,
                    -3
                ],
                [
                    -1,
                    3,
                    5
                ],
                [
                    3,
                    10,
                    -4
                ],
                [
                    10,
                    6,
                    3
                ],
                [
                    4,
                    -5,
                    1
                ],
                [
                    2,
                    -10,
                    8
                ],
                [
                    -4,
                    5,
                    -10
                ],
                [
                    2,
                    -4,
                    6
                ],
                [
                    4,
                    6,
                    2
                ],
                [
                    10,
                    6,
                    8
                ],
                [
                    -2,
                    -4,
                    -8
                ],
                [
                    1,
                    -5,
                    -7
                ],
                [
                    7,
                    -1,
                    3
                ],
                [
                    4,
                    6,
                    7
                ],
                [
                    2,
                    -4,
                    8
                ],
                [
                    2,
                    9,
                    -1
                ],
                [
                    -10,
                    4,
                    -7
                ],
                [
                    4,
                    -9,
                    2
                ],
                [
                    -5,
                    -9,
                    3
                ],
                [
                    -6,
                    1,
                    9
                ],
                [
                    -3,
                    9,
                    -8
                ],
                [
                    -5,
                    -6,
                    -1
                ],
                [
                    -10,
                    -7,
                    5
                ],
                [
                    -6,
                    -9,
                    -8
                ],
                [
                    3,
                    8,
                    10
                ]
            ],
            "{   'fun': 1.0,\n    'jac': None,\n    'nfev': 3,\n    'nit': 0,\n    'njev': 1,\n    'x': array([0.07271878, 0.08518428])}",
            {
                "1011010000": 1,
                "1001110111": 1,
                "0101110100": 1,
                "1001011010": 1,
                "1101000111": 1,
                "1000110010": 1,
                "1101000011": 1,
                "1001111011": 1,
                "1000000111": 1,
                "0101110011": 1,
                "0110100011": 1,
                "1111010001": 1,
                "1101101111": 1,
                "0101000111": 1,
                "1101110111": 1,
                "0111111000": 1,
                "0101111011": 1,
                "0010001000": 1,
                "1110110001": 1,
                "0101110111": 1,
                "0100110001": 1,
                "1011000010": 1,
                "1011100001": 1,
                "1001001101": 1,
                "0111100011": 1,
                "1111010110": 1,
                "1111011011": 1,
                "0011010101": 1,
                "1011111101": 2,
                "0010001001": 1,
                "1110011111": 1,
                "1100010010": 1,
                "0001000001": 1,
                "1000111111": 1,
                "1000111000": 1,
                "1000011101": 2,
                "0100111100": 1,
                "1000000001": 1,
                "0000110000": 1,
                "1001000111": 1,
                "1100000110": 1,
                "1010111111": 1,
                "0100010011": 1,
                "0111001000": 1,
                "1001110100": 1,
                "1101100011": 1,
                "1001101100": 1,
                "0110101011": 1,
                "0000001111": 1,
                "1111100111": 1,
                "0101101001": 1,
                "1100101011": 1,
                "1010111011": 1,
                "0100001100": 1,
                "0001000100": 1,
                "0101111010": 1,
                "0110110110": 1,
                "1010100011": 1,
                "1101110000": 1,
                "0010101011": 1,
                "0100010001": 1,
                "0111001110": 1,
                "0001110010": 1,
                "0100011111": 1,
                "1010001110": 1,
                "0101011101": 1,
                "1100111110": 1,
                "0111101111": 1,
                "0000111010": 1,
                "1001000001": 1,
                "0010100000": 1,
                "1111101010": 1,
                "0101111000": 1,
                "1111011000": 1,
                "1010110001": 1,
                "0000101000": 1,
                "0100111010": 1,
                "0100100110": 2,
                "1101111011": 1,
                "1010001111": 1,
                "0001010111": 1,
                "1000101001": 1,
                "0001000111": 1,
                "0011101111": 1,
                "0010000101": 1,
                "1110010010": 1,
                "0001100100": 1,
                "1110100001": 1,
                "1110001100": 1,
                "0010111111": 1,
                "0100101011": 2,
                "1110100000": 2,
                "1000010001": 1,
                "1100011011": 1,
                "0101001001": 1
            },
            false,
            1.0
        ],
        [
            [
                [
                    3,
                    5,
                    10
                ],
                [
                    2,
                    -9,
                    -10
                ],
                [
                    -8,
                    3,
                    -7
                ],
                [
                    6,
                    -8,
                    -9
                ],
                [
                    -1,
                    -3,
                    -2
                ],
                [
                    -7,
                    -5,
                    9
                ],
                [
                    -5,
                    4,
                    -3
                ],
                [
                    -1,
                    -6,
                    -2
                ],
                [
                    -4,
                    -1,
                    7
                ],
                [
                    8,
                    -3,
                    -7
                ],
                [
                    -9,
                    2,
                    -4
                ],
                [
                    -5,
                    -10,
                    -1
                ],
                [
                    10,
                    5,
                    2
                ],
                [
                    -5,
                    -10,
                    -8
                ],
                [
                    -8,
                    -2,
                    1
                ],
                [
                    8,
                    4,
                    -2
                ],
                [
                    -5,
                    -2,
                    -1
                ],
                [
                    -4,
                    9,
                    8
                ],
                [
                    -2,
                    -7,
                    8
                ],
                [
                    6,
                    4,
                    7
                ],
                [
                    -10,
                    -2,
                    -4
                ],
                [
                    -10,
                    -4,
                    -7
                ],
                [
                    7,
                    -5,
                    4
                ],
                [
                    5,
                    7,
                    -1
                ],
                [
                    2,
                    9,
                    3
                ],
                [
                    -6,
                    -1,
                    -10
                ],
                [
                    -6,
                    8,
                    -2
                ],
                [
                    -7,
                    -4,
                    5
                ],
                [
                    2,
                    -6,
                    -3
                ],
                [
                    8,
                    -4,
                    7
                ],
                [
                    9,
                    -6,
                    7
                ],
                [
                    8,
                    5,
                    -4
                ],
                [
                    -3,
                    5,
                    -1
                ],
                [
                    7,
                    8,
                    1
                ],
                [
                    -2,
                    -10,
                    -5
                ],
                [
                    7,
                    -2,
                    -10
                ],
                [
                    7,
                    -4,
                    8
                ],
                [
                    9,
                    5,
                    3
                ],
                [
                    -3,
                    7,
                    -5
                ],
                [
                    9,
                    -2,
                    -6
                ],
                [
                    -2,
                    -3,
                    5
                ],
                [
                    -4,
                    -7,
                    -1
                ],
                [
                    -7,
                    -4,
                    3
                ],
                [
                    2,
                    -7,
                    9
                ],
                [
                    -4,
                    9,
                    -6
                ]
            ],
            "{   'fun': 0.96,\n    'jac': None,\n    'nfev': 69,\n    'nit': 2,\n    'njev': 23,\n    'x': array([2.49748869, 0.8393808 ])}",
            {
                "0000111100": 1,
                "0011111000": 1,
                "1001101000": 1,
                "1110011011": 1,
                "0111111111": 1,
                "0111001100": 1,
                "1001011101": 1,
                "1101101111": 1,
                "1101000100": 1,
                "0010001000": 1,
                "1111101100": 1,
                "1010001000": 1,
                "0100001010": 1,
                "0101010001": 1,
                "0100100011": 1,
                "0011000000": 1,
                "0010000101": 1,
                "0111011101": 1,
                "1111001101": 1,
                "1000100010": 1,
                "1110000111": 1,
                "0010001111": 1,
                "0110101110": 1,
                "0001101001": 1,
                "1101101010": 1,
                "1100010100": 1,
                "0101110001": 1,
                "0111100101": 1,
                "0110000011": 1,
                "0111001010": 1,
                "0100111101": 1,
                "1011101011": 1,
                "0110010011": 1,
                "0110101011": 1,
                "0001111001": 1,
                "1010011111": 1,
                "1110000000": 2,
                "1010011001": 1,
                "1100011011": 1,
                "1101111001": 1,
                "0010101101": 1,
                "1011011010": 1,
                "0111011011": 1,
                "0011101110": 2,
                "1001100000": 1,
                "0011101100": 1,
                "0110111001": 1,
                "0110001011": 1,
                "1110111101": 1,
                "0100111001": 1,
                "1111110100": 1,
                "0111001000": 1,
                "1010011011": 1,
                "1010100001": 1,
                "0010001001": 1,
                "0101110010": 1,
                "1100111000": 1,
                "0110101111": 1,
                "1110001011": 1,
                "1111100001": 1,
                "1101111000": 2,
                "1010110011": 1,
                "1100010000": 1,
                "0101011010": 1,
                "0010110100": 1,
                "1111001011": 1,
                "0100100000": 1,
                "1000010010": 1,
                "0010110010": 1,
                "0101101001": 1,
                "0110011001": 1,
                "1100010111": 1,
                "0011010011": 1,
                "1001010101": 1,
                "1110011100": 1,
                "0111000011": 1,
                "0001111010": 1,
                "0001000100": 1,
                "1100101001": 1,
                "0101111100": 1,
                "0111100010": 1,
                "0000001011": 1,
                "0100100001": 1,
                "1010000001": 1,
                "1100101111": 1,
                "1010010001": 1,
                "0111010000": 1,
                "1001111110": 1,
                "0001100000": 1,
                "1011010001": 1,
                "1001111001": 1,
                "1111010001": 1,
                "1110101010": 1,
                "0010010100": 1,
                "1111100111": 1,
                "1010000010": 2
            },
            true,
            0.94
        ],
        [
            [
                [
                    -5,
                    4,
                    -10
                ],
                [
                    -7,
                    -9,
                    -6
                ],
                [
                    -8,
                    9,
                    -1
                ],
                [
                    4,
                    6,
                    -1
                ],
                [
                    3,
                    -6,
                    9
                ],
                [
                    -7,
                    10,
                    2
                ],
                [
                    5,
                    -4,
                    -2
                ],
                [
                    3,
                    -9,
                    10
                ],
                [
                    7,
                    2,
                    8
                ],
                [
                    -2,
                    -8,
                    9
                ],
                [
                    -1,
                    2,
                    3
                ],
                [
                    4,
                    7,
                    1
                ],
                [
                    7,
                    5,
                    10
                ],
                [
                    -5,
                    6,
                    -3
                ],
                [
                    -2,
                    -9,
                    7
                ],
                [
                    3,
                    -5,
                    -2
                ],
                [
                    1,
                    -5,
                    -4
                ],
                [
                    -3,
                    9,
                    -4
                ],
                [
                    4,
                    -3,
                    -10
                ],
                [
                    -2,
                    1,
                    8
                ],
                [
                    -6,
                    -8,
                    -7
                ],
                [
                    -10,
                    -4,
                    3
                ],
                [
                    -1,
                    10,
                    2
                ],
                [
                    8,
                    -7,
                    6
                ],
                [
                    -10,
                    7,
                    4
                ],
                [
                    8,
                    6,
                    -7
                ],
                [
                    -7,
                    -6,
                    -1
                ],
                [
                    8,
                    9,
                    6
                ],
                [
                    2,
                    6,
                    -10
                ],
                [
                    -3,
                    2,
                    -1
                ],
                [
                    7,
                    9,
                    5
                ],
                [
                    -10,
                    3,
                    5
                ],
                [
                    2,
                    -10,
                    -8
                ],
                [
                    6,
                    3,
                    -10
                ],
                [
                    3,
                    -9,
                    -1
                ],
                [
                    -2,
                    -6,
                    -10
                ],
                [
                    -9,
                    -8,
                    -2
                ],
                [
                    -5,
                    -8,
                    6
                ],
                [
                    6,
                    5,
                    -1
                ],
                [
                    4,
                    9,
                    10
                ],
                [
                    2,
                    10,
                    3
                ],
                [
                    -4,
                    -1,
                    -6
                ],
                [
                    -3,
                    7,
                    -5
                ],
                [
                    5,
                    -10,
                    -2
                ],
                [
                    9,
                    -8,
                    -10
                ]
            ],
            "{   'fun': 1.0,\n    'jac': None,\n    'nfev': 3,\n    'nit': 0,\n    'njev': 1,\n    'x': array([1.76215289, 1.68291279])}",
            {
                "1101000001": 1,
                "1001011010": 1,
                "0010010001": 1,
                "1101110000": 1,
                "1000001110": 1,
                "0001000101": 1,
                "0110111100": 1,
                "1010110010": 1,
                "0010111110": 1,
                "0111000011": 1,
                "1101001100": 1,
                "1001101001": 1,
                "0011000011": 1,
                "1101010001": 1,
                "1110010110": 1,
                "0101101000": 1,
                "0110111110": 1,
                "1100100111": 1,
                "1110010101": 1,
                "1110111001": 1,
                "0110110100": 1,
                "0000111011": 1,
                "0101010010": 1,
                "1100001011": 1,
                "0100100100": 1,
                "0101001010": 1,
                "1010110101": 1,
                "1100011001": 1,
                "0011101110": 1,
                "0101010101": 1,
                "1001100110": 1,
                "0011111001": 1,
                "1001110001": 1,
                "0011000000": 1,
                "1100000001": 1,
                "1001001111": 1,
                "1110110110": 1,
                "1101101111": 1,
                "1110010011": 1,
                "0110001000": 1,
                "0101101001": 1,
                "0110110101": 1,
                "0010001100": 1,
                "0010000000": 1,
                "0010011010": 1,
                "0111011010": 1,
                "0000010000": 1,
                "0001101110": 1,
                "0000101110": 1,
                "1001011001": 1,
                "0110001100": 1,
                "1100100011": 1,
                "1010001111": 1,
                "1100110111": 1,
                "0110000100": 1,
                "1001100001": 1,
                "1111001111": 1,
                "0111111001": 1,
                "0011101001": 1,
                "1101001111": 1,
                "1101000010": 1,
                "0101001111": 1,
                "0011111011": 1,
                "0100001001": 1,
                "0111111100": 1,
                "0010111100": 1,
                "1100101110": 1,
                "0101000011": 1,
                "1001011100": 1,
                "1111111101": 2,
                "0000100100": 1,
                "0001111000": 1,
                "0101110011": 1,
                "0011000001": 1,
                "0000011111": 1,
                "0111010101": 1,
                "1110001110": 1,
                "1010011011": 1,
                "0010001000": 1,
                "1101100101": 1,
                "1101010011": 1,
                "0010000100": 1,
                "1101101110": 1,
                "0011100000": 1,
                "1001100011": 1,
                "0100000100": 1,
                "0000101001": 1,
                "1011101110": 1,
                "0101011001": 1,
                "1111001010": 1,
                "0111001001": 2,
                "1111110101": 1,
                "0101010000": 1,
                "0011110110": 1,
                "0010111111": 2,
                "0000110001": 1,
                "1111111100": 1
            },
            false,
            1.0
        ],
        [
            [
                [
                    4,
                    -8,
                    2
                ],
                [
                    -8,
                    -6,
                    1
                ],
                [
                    -8,
                    4,
                    -5
                ],
                [
                    1,
                    -2,
                    -3
                ],
                [
                    -1,
                    4,
                    8
                ],
                [
                    6,
                    -10,
                    -8
                ],
                [
                    -6,
                    -8,
                    9
                ],
                [
                    7,
                    5,
                    8
                ],
                [
                    10,
                    6,
                    -8
                ],
                [
                    -2,
                    10,
                    5
                ],
                [
                    -6,
                    10,
                    -3
                ],
                [
                    -4,
                    -6,
                    -7
                ],
                [
                    4,
                    -7,
                    -8
                ],
                [
                    -9,
                    7,
                    6
                ],
                [
                    -7,
                    1,
                    4
                ],
                [
                    -4,
                    6,
                    -9
                ],
                [
                    2,
                    -3,
                    -8
                ],
                [
                    -2,
                    3,
                    -9
                ],
                [
                    -8,
                    -5,
                    2
                ],
                [
                    -7,
                    4,
                    6
                ],
                [
                    1,
                    -3,
                    10
                ],
                [
                    -4,
                    5,
                    7
                ],
                [
                    -4,
                    5,
                    1
                ],
                [
                    -4,
                    -3,
                    9
                ],
                [
                    10,
                    9,
                    -8
                ],
                [
                    -5,
                    -6,
                    -9
                ],
                [
                    10,
                    1,
                    -5
                ],
                [
                    -8,
                    -5,
                    1
                ],
                [
                    8,
                    -6,
                    -1
                ],
                [
                    5,
                    -9,
                    6
                ],
                [
                    -9,
                    8,
                    2
                ],
                [
                    7,
                    -2,
                    3
                ],
                [
                    -6,
                    -7,
                    -2
                ],
                [
                    -7,
                    -3,
                    -5
                ],
                [
                    10,
                    3,
                    7
                ],
                [
                    -8,
                    5,
                    10
                ],
                [
                    7,
                    9,
                    -10
                ],
                [
                    1,
                    -8,
                    -7
                ],
                [
                    9,
                    -7,
                    -8
                ],
                [
                    -3,
                    7,
                    8
                ],
                [
                    -8,
                    -10,
                    -5
                ],
                [
                    -9,
                    -3,
                    -10
                ],
                [
                    -9,
                    -7,
                    -1
                ],
                [
                    -6,
                    -2,
                    -1
                ],
                [
                    -8,
                    -2,
                    10
                ]
            ],
            "{   'fun': 0.99,\n    'jac': None,\n    'nfev': 87,\n    'nit': 4,\n    'njev': 29,\n    'x': array([2.48651894, 2.64259822])}",
            {
                "0111010111": 1,
                "1110110111": 1,
                "0011000000": 1,
                "0010110011": 1,
                "0101010111": 1,
                "0011101010": 1,
                "1011101100": 1,
                "1100011001": 1,
                "0010101001": 1,
                "1101001111": 1,
                "0110000000": 1,
                "1100101000": 1,
                "0010000011": 1,
                "0010100100": 1,
                "0101100010": 1,
                "0000010101": 1,
                "0111010000": 1,
                "1011001011": 1,
                "1110011110": 1,
                "1110011011": 1,
                "0100100110": 1,
                "1011000001": 1,
                "1000101101": 1,
                "1000100010": 1,
                "1101011001": 1,
                "0101110010": 1,
                "1100001111": 1,
                "1101110001": 1,
                "1000001011": 1,
                "0011011011": 1,
                "0101100101": 1,
                "1100001101": 1,
                "0001011000": 1,
                "0000000110": 1,
                "0110100100": 1,
                "0001011011": 1,
                "0101001100": 1,
                "0011110110": 2,
                "0100111001": 1,
                "0110100011": 1,
                "0010010110": 1,
                "1010100110": 1,
                "0100011010": 2,
                "1011010010": 1,
                "0011011111": 1,
                "0001010001": 2,
                "0110110111": 1,
                "0101101110": 1,
                "0001000101": 1,
                "1001011011": 1,
                "0100101101": 1,
                "0011011100": 1,
                "1111010110": 1,
                "1011110000": 1,
                "0101111101": 1,
                "1100000111": 1,
                "0110100110": 1,
                "0100110011": 1,
                "0111010010": 1,
                "1011100110": 1,
                "0101000110": 1,
                "0111101000": 1,
                "0001101101": 1,
                "1100110101": 2,
                "0001011010": 1,
                "0100010101": 1,
                "0100110101": 1,
                "1111100100": 1,
                "0011101000": 1,
                "0001001011": 1,
                "1100101010": 1,
                "0110000101": 1,
                "0010011100": 1,
                "1110110010": 1,
                "1011010001": 2,
                "0010100000": 1,
                "1111001011": 1,
                "0110111100": 1,
                "1110001000": 1,
                "0011101111": 1,
                "0101001001": 1,
                "0010011010": 1,
                "1011100100": 1,
                "0110001011": 1,
                "0110111001": 1,
                "0100010111": 1,
                "1000100100": 1,
                "0100101001": 1,
                "0111001000": 1,
                "1001100110": 1,
                "0000100010": 1,
                "1111010101": 1,
                "0001100111": 1,
                "1111000010": 1,
                "1111101011": 1
            },
            true,
            0.94
        ],
        [
            [
                [
                    -8,
                    3,
                    7
                ],
                [
                    6,
                    -9,
                    -8
                ],
                [
                    -2,
                    -6,
                    7
                ],
                [
                    -6,
                    9,
                    -10
                ],
                [
                    9,
                    -8,
                    5
                ],
                [
                    9,
                    -4,
                    -6
                ],
                [
                    -1,
                    -2,
                    -4
                ],
                [
                    9,
                    5,
                    -1
                ],
                [
                    4,
                    -2,
                    9
                ],
                [
                    1,
                    6,
                    10
                ],
                [
                    -5,
                    -7,
                    10
                ],
                [
                    8,
                    -9,
                    1
                ],
                [
                    -3,
                    -10,
                    -6
                ],
                [
                    3,
                    4,
                    -1
                ],
                [
                    10,
                    9,
                    -5
                ],
                [
                    -8,
                    6,
                    -5
                ],
                [
                    4,
                    -9,
                    6
                ],
                [
                    -8,
                    1,
                    2
                ],
                [
                    -1,
                    3,
                    10
                ],
                [
                    -4,
                    2,
                    -8
                ],
                [
                    5,
                    7,
                    10
                ],
                [
                    -4,
                    1,
                    3
                ],
                [
                    4,
                    2,
                    -7
                ],
                [
                    3,
                    6,
                    10
                ],
                [
                    2,
                    -8,
                    -1
                ],
                [
                    7,
                    -2,
                    -8
                ],
                [
                    3,
                    -9,
                    4
                ],
                [
                    -3,
                    9,
                    -4
                ],
                [
                    -10,
                    7,
                    3
                ],
                [
                    6,
                    -3,
                    -9
                ],
                [
                    4,
                    -10,
                    5
                ],
                [
                    -3,
                    -7,
                    4
                ],
                [
                    6,
                    -7,
                    5
                ],
                [
                    -1,
                    -9,
                    8
                ],
                [
                    -1,
                    -3,
                    6
                ],
                [
                    7,
                    3,
                    10
                ],
                [
                    -6,
                    5,
                    9
                ],
                [
                    8,
                    -1,
                    3
                ],
                [
                    -9,
                    -1,
                    -3
                ],
                [
                    8,
                    -2,
                    -6
                ],
                [
                    -10,
                    -5,
                    -2
                ],
                [
                    -9,
                    -1,
                    -7
                ],
                [
                    -4,
                    -2,
                    -1
                ],
                [
                    -3,
                    6,
                    -5
                ],
                [
                    4,
                    6,
                    10
                ]
            ],
            "{   'fun': 1.0,\n    'jac': None,\n    'nfev': 3,\n    'nit': 0,\n    'njev': 1,\n    'x': array([2.58572401, 0.04774246])}",
            {
                "1111010011": 1,
                "0110011001": 1,
                "1100001100": 1,
                "1111001011": 1,
                "1000000101": 1,
                "1001111000": 1,
                "0111101110": 1,
                "1111010101": 1,
                "1011010100": 1,
                "1011000010": 1,
                "1011011010": 1,
                "0110111101": 1,
                "1001110000": 1,
                "1101010010": 1,
                "1001111101": 1,
                "1111100011": 1,
                "0000111111": 1,
                "0100010001": 1,
                "1010100110": 1,
                "1110111000": 1,
                "1001000100": 1,
                "1010110011": 1,
                "0101011111": 1,
                "1000001111": 1,
                "0000010000": 1,
                "0100010011": 1,
                "0111011110": 1,
                "0110110011": 1,
                "1001011101": 1,
                "1000111001": 1,
                "0000011001": 1,
                "1010011010": 1,
                "0010111011": 1,
                "1101111111": 1,
                "0100111100": 1,
                "1001011000": 1,
                "1111111101": 1,
                "0100110010": 2,
                "0011110100": 1,
                "1111111111": 1,
                "0011001100": 1,
                "0000100000": 1,
                "0011110111": 1,
                "1011100100": 1,
                "1001001110": 1,
                "1100000000": 1,
                "1110100000": 1,
                "1101011101": 1,
                "0111101010": 1,
                "0101011010": 1,
                "1101011110": 1,
                "0011110001": 1,
                "1101000000": 1,
                "1000111101": 1,
                "0111000010": 1,
                "1000010000": 1,
                "1101010111": 1,
                "0010101011": 1,
                "1000101101": 1,
                "1011000001": 1,
                "1111001110": 1,
                "1010011000": 1,
                "1011110001": 1,
                "1100000011": 1,
                "0010100111": 1,
                "1111011100": 1,
                "1011111000": 1,
                "0001101011": 1,
                "1100010001": 1,
                "1000110010": 1,
                "1110111101": 1,
                "1100100000": 1,
                "1111111110": 1,
                "1111110011": 1,
                "0010011001": 1,
                "1111110100": 1,
                "1100101110": 1,
                "0111011000": 1,
                "0101000011": 1,
                "0000000100": 1,
                "1000100010": 1,
                "0110001000": 1,
                "0011101010": 1,
                "1100110001": 1,
                "1110111110": 1,
                "1010111011": 1,
                "0111010001": 1,
                "1100101011": 1,
                "1101001011": 1,
                "1010101100": 1,
                "1110011010": 1,
                "1011101010": 1,
                "1011000111": 1,
                "0100000100": 1,
                "0110010111": 1,
                "0001000010": 1,
                "0111001100": 1,
                "0000001110": 1,
                "1001100000": 1
            },
            false,
            1.0
        ]
    ]
}