{
    "n": 10,
    "m": 45,
    "results": [
        [
            [
                [
                    9,
                    -4,
                    -8
                ],
                [
                    -8,
                    -3,
                    1
                ],
                [
                    3,
                    6,
                    -10
                ],
                [
                    5,
                    8,
                    -4
                ],
                [
                    -6,
                    -1,
                    7
                ],
                [
                    10,
                    -1,
                    -7
                ],
                [
                    5,
                    8,
                    -3
                ],
                [
                    3,
                    -10,
                    6
                ],
                [
                    -8,
                    2,
                    -10
                ],
                [
                    8,
                    9,
                    -1
                ],
                [
                    1,
                    8,
                    -3
                ],
                [
                    6,
                    10,
                    -8
                ],
                [
                    7,
                    -2,
                    6
                ],
                [
                    -4,
                    -7,
                    -3
                ],
                [
                    -3,
                    -5,
                    7
                ],
                [
                    -5,
                    -8,
                    -4
                ],
                [
                    -8,
                    10,
                    -4
                ],
                [
                    -10,
                    1,
                    -5
                ],
                [
                    3,
                    -7,
                    6
                ],
                [
                    1,
                    2,
                    9
                ],
                [
                    -2,
                    -1,
                    -7
                ],
                [
                    4,
                    -6,
                    9
                ],
                [
                    4,
                    -5,
                    7
                ],
                [
                    -8,
                    7,
                    -9
                ],
                [
                    8,
                    5,
                    -3
                ],
                [
                    4,
                    -10,
                    8
                ],
                [
                    10,
                    -4,
                    7
                ],
                [
                    -3,
                    -8,
                    -1
                ],
                [
                    8,
                    -4,
                    1
                ],
                [
                    -8,
                    -10,
                    4
                ],
                [
                    -8,
                    -7,
                    -3
                ],
                [
                    -9,
                    -5,
                    -3
                ],
                [
                    10,
                    8,
                    5
                ],
                [
                    -8,
                    -4,
                    1
                ],
                [
                    -9,
                    -6,
                    -7
                ],
                [
                    8,
                    -4,
                    -6
                ],
                [
                    -4,
                    -10,
                    -1
                ],
                [
                    -9,
                    6,
                    2
                ],
                [
                    -6,
                    -2,
                    -1
                ],
                [
                    9,
                    -4,
                    -5
                ],
                [
                    -3,
                    -5,
                    -8
                ],
                [
                    9,
                    1,
                    -4
                ],
                [
                    2,
                    7,
                    6
                ],
                [
                    1,
                    -9,
                    -7
                ],
                [
                    -5,
                    -10,
                    8
                ]
            ],
            "{   'fun': 1.0,\n    'jac': None,\n    'nfev': 3,\n    'nit': 0,\n    'njev': 1,\n    'x': array([0.07271878, 0.08518428])}",
            {
                "0101100010": 1,
                "1010101001": 1,
                "0100000100": 1,
                "0111111100": 1,
                "1001010001": 1,
                "0011101000": 1,
                "1110101001": 1,
                "1000000100": 1,
                "0101000010": 1,
                "0011110011": 1,
                "1110111001": 1,
                "1100110010": 1,
                "1111111111": 1,
                "1111110000": 1,
                "0111001110": 1,
                "0000100101": 1,
                "1111001101": 1,
                "1001010010": 1,
                "1000101001": 1,
                "0010000001": 1,
                "0101010011": 1,
                "0011101011": 1,
                "1101000101": 1,
                "0111101010": 1,
                "0000100011": 1,
                "1111000110": 1,
                "1100001011": 1,
                "0110011110": 1,
                "1111101100": 1,
                "0101110011": 1,
                "0111111110": 1,
                "1000111000": 1,
                "1100010101": 1,
                "0000000011": 1,
                "0110000110": 1,
                "1110110011": 1,
                "0110000111": 1,
                "0110010101": 1,
                "0010111001": 1,
                "0001100111": 1,
                "1110000101": 1,
                "1001001010": 1,
                "1000111101": 1,
                "1000101110": 1,
                "1100101111": 1,
                "0100011000": 1,
                "1111111100": 1,
                "1000011011": 1,
                "0000111011": 1,
                "0100111001": 1,
                "1001011001": 1,
                "0110001011": 1,
                "0110100001": 1,
                "0110000011": 1,
                "1110011000": 1,
                "0101010101": 1,
                "1010111101": 1,
                "1100110100": 1,
                "0100011010": 1,
                "1000101111": 1,
                "1100011001": 1,
                "0000000111": 1,
                "1001000111": 1,
                "1000001110": 1,
                "0110000001": 1,
                "1111110001": 1,
                "0100011101": 1,
                "0101001001": 1,
                "0010001000": 1,
                "0011010111": 1,
                "1000011001": 1,
                "0100010001": 1,
                "1001011101": 1,
                "0101000111": 1,
                "0100001000": 1,
                "0101010000": 1,
                "0100100010": 1,
                "0111000010": 1,
                "0100101101": 3,
                "0010001001": 1,
                "0100101111": 1,
                "1110100001": 1,
                "1110010111": 1,
                "1110001100": 1,
                "0110110000": 1,
                "1111110111": 1,
                "0010100011": 1,
                "0011100100": 1,
                "0001111011": 1,
                "1011110000": 1,
                "0000011001": 1,
                "1101011001": 1,
                "0110100111": 1,
                "1010110011": 1,
                "1100010000": 1,
                "0011011001": 1,
                "0010011100": 1,
                "1110010100": 1
            },
            false,
            1.0
        ],
        [
            [
                [
                    -4,
                    2,
                    -6
                ],
                [
                    -5,
                    1,
                    -10
                ],
                [
                    -7,
                    4,
                    10
                ],
                [
                    -4,
                    -10,
                    7
                ],
                [
                    1,
                    -6,
                    -2
                ],
                [
                    1,
                    10,
                    -3
                ],
                [
                    4,
                    -1,
                    10
                ],
                [
                    -5,
                    7,
                    4
                ],
                [
                    1,
                    7,
                    -4
                ],
                [
                    -5,
                    -2,
                    10
                ],
                [
                    -8,
                    -10,
                    -4
                ],
                [
                    6,
                    -7,
                    -4
                ],
                [
                    5,
                    6,
                    9
                ],
                [
                    1,
                    -10,
                    7
                ],
                [
                    -9,
                    3,
                    -10
                ],
                [
                    3,
                    -5,
                    8
                ],
                [
                    3,
                    10,
                    -5
                ],
                [
                    7,
                    4,
                    -1
                ],
                [
                    7,
                    3,
                    -6
                ],
                [
                    1,
                    -9,
                    7
                ],
                [
                    -3,
                    6,
                    -1
                ],
                [
                    5,
                    -1,
                    -7
                ],
                [
                    8,
                    2,
                    1
                ],
                [
                    10,
                    7,
                    -9
                ],
                [
                    9,
                    -3,
                    2
                ],
                [
                    -10,
                    -8,
                    -4
                ],
                [
                    3,
                    -7,
                    -2
                ],
                [
                    -3,
                    -10,
                    1
                ],
                [
                    6,
                    -1,
                    -4
                ],
                [
                    7,
                    6,
                    2
                ],
                [
                    6,
                    1,
                    -5
                ],
                [
                    3,
                    -10,
                    -7
                ],
                [
                    -3,
                    5,
                    2
                ],
                [
                    -8,
                    4,
                    9
                ],
                [
                    3,
                    -2,
                    4
                ],
                [
                    3,
                    -1,
                    8
                ],
                [
                    3,
                    -10,
                    7
                ],
                [
                    5,
                    -2,
                    9
                ],
                [
                    -1,
                    -7,
                    5
                ],
                [
                    -4,
                    1,
                    -3
                ],
                [
                    -10,
                    -6,
                    8
                ],
                [
                    -7,
                    -5,
                    6
                ],
                [
                    -3,
                    4,
                    5
                ],
                [
                    -6,
                    -9,
                    -8
                ],
                [
                    3,
                    5,
                    10
                ]
            ],
            "{   'fun': 1.0,\n    'jac': None,\n    'nfev': 3,\n    'nit': 0,\n    'njev': 1,\n    'x': array([2.49748869, 0.8393808 ])}",
            {
                "0000100101": 1,
                "1110010111": 1,
                "0101100101": 1,
                "1101011110": 1,
                "1010000000": 1,
                "1110101110": 1,
                "0001001000": 1,
                "0011111011": 1,
                "0010001100": 1,
                "1010110111": 1,
                "0011010000": 1,
                "0001000001": 1,
                "0010111111": 1,
                "1000000101": 1,
                "0010111000": 1,
                "0011001010": 1,
                "0110111011": 1,
                "1001000100": 1,
                "0000011100": 1,
                "0110100111": 1,
                "1111011011": 1,
                "0010010001": 1,
                "1010010100": 2,
                "1011100001": 1,
                "1001011101": 1,
                "1001000110": 1,
                "0100001001": 1,
                "0000101001": 1,
                "0111000100": 1,
                "1011010110": 1,
                "0010111011": 1,
                "0110000101": 1,
                "1111010110": 1,
                "0100100010": 1,
                "0101110100": 1,
                "0110000111": 1,
                "0000111110": 1,
                "0010000010": 1,
                "1001100010": 1,
                "0001111110": 2,
                "1000010110": 1,
                "1111100000": 1,
                "0011110111": 1,
                "1011100100": 1,
                "1101111101": 1,
                "1011001100": 1,
                "0001111000": 1,
                "1001101101": 1,
                "1010010011": 1,
                "1011100000": 1,
                "1100110101": 1,
                "1011010011": 1,
                "0111101101": 1,
                "0001010111": 1,
                "1001011110": 1,
                "0001101100": 1,
                "1100001010": 1,
                "1011110011": 2,
                "1110010000": 1,
                "0101101011": 1,
                "1001011001": 1,
                "0011110010": 2,
                "0001000111": 1,
                "1000101110": 1,
                "1000100100": 1,
                "1010010101": 1,
                "1110011000": 1,
                "0110000011": 1,
                "0101100011": 1,
                "0100110111": 1,
                "1101111110": 1,
                "0001101010": 1,
                "0110011111": 1,
                "0000011011": 1,
                "1010101011": 1,
                "0001100110": 1,
                "0001001111": 1,
                "1101011011": 1,
                "1010011000": 1,
                "1100001100": 1,
                "1101100010": 1,
                "0011101010": 1,
                "0100101111": 1,
                "0001001001": 1,
                "0100001101": 1,
                "0011000010": 1,
                "1100000000": 1,
                "0100001000": 1,
                "1011110110": 1,
                "1001001010": 1,
                "1000111101": 1,
                "0110101001": 1,
                "0000100010": 1,
                "0001110011": 1,
                "0000001110": 1,
                "1010001101": 1
            },
            false,
            1.0
        ],
        [
            [
                [
                    -6,
                    -10,
                    7
                ],
                [
                    -8,
                    -7,
                    -9
                ],
                [
                    6,
                    4,
                    2
                ],
                [
                    -7,
                    -3,
                    9
                ],
                [
                    4,
                    -9,
                    -6
                ],
                [
                    -8,
                    9,
                    -6
                ],
                [
                    7,
                    1,
                    -4
                ],
                [
                    -3,
                    7,
                    9
                ],
                [
                    3,
                    -8,
                    7
                ],
                [
                    -3,
                    -2,
                    -8
                ],
                [
                    -4,
                    -6,
                    -9
                ],
                [
                    10,
                    -5,
                    -4
                ],
                [
                    -1,
                    -10,
                    8
                ],
                [
                    -7,
                    5,
                    9
                ],
                [
                    -4,
                    2,
                    -8
                ],
                [
                    -9,
                    8,
                    4
                ],
                [
                    6,
                    3,
                    -4
                ],
                [
                    1,
                    8,
                    6
                ],
                [
                    2,
                    6,
                    -10
                ],
                [
                    -1,
                    -7,
                    8
                ],
                [
                    -5,
                    -3,
                    -9
                ],
                [
                    -4,
                    2,
                    -7
                ],
                [
                    -10,
                    2,
                    -8
                ],
                [
                    -9,
                    1,
                    -2
                ],
                [
                    -7,
                    -10,
                    9
                ],
                [
                    1,
                    4,
                    -10
                ],
                [
                    5,
                    -6,
                    1
                ],
                [
                    -3,
                    -10,
                    -8
                ],
                [
                    -4,
                    -2,
                    -8
                ],
                [
                    -8,
                    -5,
                    9
                ],
                [
                    -6,
                    -4,
                    -5
                ],
                [
                    6,
                    -5,
                    -9
                ],
                [
                    10,
                    7,
                    -3
                ],
                [
                    -1,
                    9,
                    -8
                ],
                [
                    -6,
                    -5,
                    1
                ],
                [
                    -4,
                    7,
                    5
                ],
                [
                    3,
                    -9,
                    -5
                ],
                [
                    -10,
                    7,
                    -6
                ],
                [
                    -1,
                    -5,
                    -4
                ],
                [
                    5,
                    -8,
                    -9
                ],
                [
                    9,
                    -4,
                    6
                ],
                [
                    7,
                    -2,
                    -6
                ],
                [
                    -2,
                    5,
                    -3
                ],
                [
                    -7,
                    -8,
                    4
                ],
                [
                    3,
                    7,
                    -8
                ]
            ],
            "{   'fun': 0.98,\n    'jac': None,\n    'nfev': 78,\n    'nit': 3,\n    'njev': 26,\n    'x': array([1.76215318, 1.68291295])}",
            {
                "0111101110": 1,
                "0111101111": 1,
                "0110000100": 1,
                "1110001000": 1,
                "1111011011": 1,
                "0010011010": 1,
                "0011010100": 1,
                "1000010000": 1,
                "1011111101": 1,
                "1101010110": 1,
                "0111100000": 1,
                "1000101100": 1,
                "0101111111": 1,
                "0110101100": 1,
                "0000010001": 1,
                "1000110111": 1,
                "1110111111": 1,
                "1111010011": 1,
                "1000001100": 1,
                "1001100110": 1,
                "1111010101": 1,
                "1100011000": 1,
                "0010101010": 1,
                "1110111011": 1,
                "0101000011": 1,
                "1011001101": 1,
                "0001110001": 2,
                "1101101000": 1,
                "1011010110": 1,
                "0110001000": 1,
                "1000011001": 2,
                "1011111100": 1,
                "1100010101": 1,
                "0000001010": 1,
                "1110101010": 1,
                "1010111110": 1,
                "0101001100": 1,
                "0101110110": 1,
                "1111111111": 1,
                "0101101011": 1,
                "1100001111": 1,
                "1000011011": 1,
                "0011111100": 1,
                "1010110111": 1,
                "0010100110": 1,
                "0000011000": 1,
                "0110110111": 1,
                "0001001010": 1,
                "1101100101": 1,
                "1100010010": 1,
                "1001011001": 1,
                "1111000100": 1,
                "0000110110": 1,
                "0111010011": 1,
                "0011110100": 1,
                "0000010100": 1,
                "0111110101": 1,
                "1000110000": 1,
                "1000110100": 1,
                "0111100001": 1,
                "0000001100": 1,
                "0000111101": 1,
                "0111110011": 1,
                "0001001101": 1,
                "1011001110": 1,
                "0110110000": 1,
                "1001010101": 1,
                "0001011011": 1,
                "1101011100": 1,
                "0001110000": 1,
                "0001101000": 1,
                "1010101011": 2,
                "0110001101": 1,
                "1100100011": 1,
                "1010101100": 1,
                "0101000001": 1,
                "0111110010": 1,
                "1100010000": 1,
                "0000011100": 1,
                "0101100000": 1,
                "1010100010": 1,
                "0000000011": 1,
                "0110000110": 1,
                "1110011111": 1,
                "0011011001": 1,
                "0001111000": 1,
                "1011010001": 1,
                "1100110001": 1,
                "0100101111": 1,
                "0001011101": 1,
                "0110011110": 1,
                "0001101111": 1,
                "0101100111": 1,
                "1000101011": 1,
                "1010010011": 1,
                "0000101100": 1,
                "1010011101": 1
            },
            true,
            0.96
        ],
        [
            [
                [
                    -3,
                    2,
                    -1
                ],
                [
                    5,
                    7,
                    1
                ],
                [
                    -7,
                    9,
                    -4
                ],
                [
                    -5,
                    9,
                    4
                ],
                [
                    10,
                    5,
                    -4
                ],
                [
                    1,
                    -10,
                    -8
                ],
                [
                    -6,
                    7,
                    -5
                ],
                [
                    -6,
                    10,
                    5
                ],
                [
                    5,
                    -3,
                    -1
                ],
                [
                    6,
                    8,
                    9
                ],
                [
                    10,
                    3,
                    6
                ],
                [
                    2,
                    4,
                    6
                ],
                [
                    -10,
                    -1,
                    7
                ],
                [
                    8,
                    6,
                    -2
                ],
                [
                    5,
                    10,
                    6
                ],
                [
                    -4,
                    -1,
                    2
                ],
                [
                    5,
                    -1,
                    8
                ],
                [
                    -10,
                    4,
                    7
                ],
                [
                    -10,
                    9,
                    -6
                ],
                [
                    4,
                    2,
                    1
                ],
                [
                    -5,
                    -10,
                    -9
                ],
                [
                    -4,
                    -6,
                    3
                ],
                [
                    -9,
                    8,
                    4
                ],
                [
                    -9,
                    10,
                    6
                ],
                [
                    9,
                    3,
                    7
                ],
                [
                    5,
                    -8,
                    7
                ],
                [
                    -4,
                    -6,
                    -3
                ],
                [
                    7,
                    -1,
                    4
                ],
                [
                    -1,
                    9,
                    5
                ],
                [
                    -1,
                    5,
                    -4
                ],
                [
                    -9,
                    -1,
                    -7
                ],
                [
                    -8,
                    9,
                    -10
                ],
                [
                    -7,
                    -5,
                    -6
                ],
                [
                    -5,
                    6,
                    -4
                ],
                [
                    6,
                    -8,
                    -5
                ],
                [
                    -4,
                    6,
                    7
                ],
                [
                    -5,
                    3,
                    -7
                ],
                [
                    -9,
                    8,
                    4
                ],
                [
                    4,
                    -7,
                    -5
                ],
                [
                    6,
                    2,
                    3
                ],
                [
                    7,
                    1,
                    -9
                ],
                [
                    -9,
                    4,
                    -10
                ],
                [
                    -6,
                    3,
                    10
                ],
                [
                    -9,
                    -6,
                    4
                ],
                [
                    5,
                    9,
                    -4
                ]
            ],
            "{   'fun': 1.0,\n    'jac': None,\n    'nfev': 3,\n    'nit': 0,\n    'njev': 1,\n    'x': array([2.48651562, 2.64260122])}",
            {
                "1001100011": 1,
                "1010110001": 1,
                "0110010010": 1,
                "0010110011": 1,
                "0111011010": 1,
                "0110100000": 1,
                "1110111110": 1,
                "1010010011": 1,
                "1100001100": 1,
                "1110110111": 1,
                "1010100000": 1,
                "0100011001": 1,
                "0011001000": 1,
                "1000000011": 1,
                "1001011111": 1,
                "0101001000": 1,
                "1101011011": 1,
                "0001001111": 1,
                "0100110001": 1,
                "1000010001": 1,
                "0001100100": 1,
                "0100001100": 1,
                "1110111000": 1,
                "1100010010": 1,
                "1011000110": 1,
                "0010000101": 1,
                "0010101111": 2,
                "0000111111": 1,
                "1110111111": 1,
                "1101101010": 1,
                "1100010001": 1,
                "1011001111": 1,
                "0101110000": 1,
                "0010000111": 1,
                "1110100010": 1,
                "1001111011": 2,
                "0000001110": 1,
                "0100101010": 1,
                "1011000100": 1,
                "1101001100": 1,
                "0000001001": 2,
                "1100011001": 1,
                "0110011110": 1,
                "0011101001": 1,
                "0011001110": 1,
                "1010000011": 1,
                "1001010001": 1,
                "1011001100": 2,
                "1101001000": 1,
                "1000101111": 1,
                "0010111111": 1,
                "0110111010": 1,
                "0011111110": 1,
                "0101001001": 1,
                "0000001101": 1,
                "0111010111": 1,
                "0100000010": 1,
                "0100001000": 1,
                "1110011101": 1,
                "1000111110": 1,
                "1011011110": 1,
                "0001110010": 1,
                "0100110011": 1,
                "1100011010": 1,
                "1100101001": 1,
                "1100010011": 1,
                "1011110001": 1,
                "1100101110": 1,
                "0100011101": 1,
                "1111110001": 1,
                "1010010100": 1,
                "1111000111": 1,
                "0111101000": 1,
                "1010101111": 1,
                "0010100000": 1,
                "1000001111": 1,
                "0100011011": 1,
                "0101100110": 2,
                "0111010010": 1,
                "1101101111": 1,
                "0100010000": 1,
                "0011000110": 1,
                "1110011001": 1,
                "0000000000": 1,
                "1101010011": 1,
                "0100010100": 1,
                "0111101100": 1,
                "0111110111": 1,
                "0100110000": 1,
                "0010110110": 1,
                "1100110110": 1,
                "1010111111": 1,
                "0101111101": 1,
                "1101110010": 1,
                "0001111011": 1
            },
            false,
            1.0
        ],
        [
            [
                [
                    -1,
                    3,
                    10
                ],
                [
                    -10,
                    -4,
                    -2
                ],
                [
                    -5,
                    -1,
                    -8
                ],
                [
                    -9,
                    -10,
                    -2
                ],
                [
                    7,
                    8,
                    -5
                ],
                [
                    -8,
                    -6,
                    -10
                ],
                [
                    8,
                    7,
                    -6
                ],
                [
                    10,
                    -7,
                    -8
                ],
                [
                    -1,
                    8,
                    6
                ],
                [
                    4,
                    5,
                    7
                ],
                [
                    5,
                    -3,
                    7
                ],
                [
                    -3,
                    8,
                    -10
                ],
                [
                    -5,
                    2,
                    -7
                ],
                [
                    -9,
                    -2,
                    6
                ],
                [
                    8,
                    10,
                    1
                ],
                [
                    3,
                    -1,
                    -7
                ],
                [
                    7,
                    -6,
                    -5
                ],
                [
                    -4,
                    -8,
                    10
                ],
                [
                    7,
                    5,
                    3
                ],
                [
                    -3,
                    -1,
                    -5
                ],
                [
                    -10,
                    -2,
                    -8
                ],
                [
                    -10,
                    -1,
                    6
                ],
                [
                    -8,
                    3,
                    -2
                ],
                [
                    3,
                    9,
                    6
                ],
                [
                    4,
                    7,
                    1
                ],
                [
                    -2,
                    -8,
                    -10
                ],
                [
                    -4,
                    -1,
                    -9
                ],
                [
                    6,
                    9,
                    -8
                ],
                [
                    10,
                    -4,
                    -8
                ],
                [
                    5,
                    4,
                    -7
                ],
                [
                    -2,
                    3,
                    -4
                ],
                [
                    -8,
                    7,
                    9
                ],
                [
                    -7,
                    -8,
                    -9
                ],
                [
                    10,
                    -5,
                    -1
                ],
                [
                    -4,
                    2,
                    -5
                ],
                [
                    5,
                    -9,
                    3
                ],
                [
                    4,
                    6,
                    -7
                ],
                [
                    3,
                    2,
                    4
                ],
                [
                    -5,
                    6,
                    -7
                ],
                [
                    4,
                    -1,
                    -6
                ],
                [
                    -9,
                    -10,
                    -8
                ],
                [
                    6,
                    3,
                    2
                ],
                [
                    -6,
                    -1,
                    -9
                ],
                [
                    -2,
                    3,
                    -7
                ],
                [
                    -9,
                    -4,
                    -1
                ]
            ],
            "{   'fun': 1.0,\n    'jac': None,\n    'nfev': 3,\n    'nit': 0,\n    'njev': 1,\n    'x': array([2.58572401, 0.04774246])}",
            {
                "0010011000": 1,
                "1001000000": 1,
                "0101010010": 1,
                "0111000010": 1,
                "0101110011": 1,
                "0100010011": 1,
                "0000011110": 1,
                "0011000111": 1,
                "1111101110": 1,
                "0101000011": 1,
                "0011101000": 1,
                "0111100111": 1,
                "1011110000": 1,
                "0110001100": 1,
                "0000001011": 1,
                "0101010100": 1,
                "0000000101": 1,
                "1001100011": 1,
                "0000001001": 1,
                "0101100000": 1,
                "0100100100": 1,
                "0100111001": 1,
                "0111100001": 1,
                "1110100010": 1,
                "1010011011": 1,
                "1110001110": 2,
                "1000110001": 1,
                "1100000011": 1,
                "0001101000": 1,
                "1110100111": 1,
                "1010111010": 1,
                "1101100110": 1,
                "0000010110": 1,
                "1011000110": 1,
                "1101110101": 1,
                "0100110000": 1,
                "0001110100": 1,
                "1100100111": 1,
                "1111101001": 1,
                "0001000010": 1,
                "1010111011": 1,
                "1001000001": 1,
                "0111000100": 1,
                "0000111010": 1,
                "0001001000": 1,
                "0100001101": 1,
                "0010101100": 1,
                "1011011011": 1,
                "1111001011": 1,
                "1101000011": 1,
                "1110011101": 1,
                "0001000100": 1,
                "0001110010": 1,
                "1100001101": 1,
                "0000111111": 1,
                "0001010010": 1,
                "1110001100": 1,
                "1110100001": 1,
                "1001001011": 1,
                "0011001011": 1,
                "1010010111": 1,
                "0111010010": 1,
                "0010111110": 1,
                "1100011010": 1,
                "0000110000": 2,
                "1111111010": 1,
                "0000010100": 1,
                "0011000110": 1,
                "1110010110": 1,
                "0110000000": 1,
                "0110011111": 1,
                "1011001100": 1,
                "1011010001": 1,
                "0001100000": 1,
                "1000100001": 1,
                "0111010110": 1,
                "0001101100": 1,
                "1011010111": 1,
                "1010011110": 2,
                "0111010011": 1,
                "1100110110": 1,
                "1011101000": 1,
                "1001100010": 1,
                "1000001111": 1,
                "0011100000": 1,
                "1000101010": 1,
                "1110000111": 1,
                "0010000011": 1,
                "1000000101": 1,
                "0101101101": 1,
                "1110010100": 1,
                "0101011110": 1,
                "1001110001": 1,
                "1100010110": 1,
                "0000111110": 1,
                "1111110011": 1,
                "0010011001": 1
            },
            false,
            1.0
        ]
    ]
}