{
    "n": 10,
    "m": 45,
    "results": [
        [
            [
                [
                    -1,
                    5,
                    -4
                ],
                [
                    3,
                    4,
                    5
                ],
                [
                    7,
                    3,
                    4
                ],
                [
                    5,
                    9,
                    4
                ],
                [
                    3,
                    5,
                    1
                ],
                [
                    -8,
                    -9,
                    5
                ],
                [
                    -7,
                    3,
                    -8
                ],
                [
                    -5,
                    -6,
                    8
                ],
                [
                    7,
                    -8,
                    -6
                ],
                [
                    4,
                    5,
                    8
                ],
                [
                    1,
                    6,
                    4
                ],
                [
                    10,
                    2,
                    5
                ],
                [
                    -6,
                    -7,
                    -5
                ],
                [
                    4,
                    2,
                    -9
                ],
                [
                    10,
                    -1,
                    5
                ],
                [
                    -10,
                    6,
                    2
                ],
                [
                    2,
                    -6,
                    -8
                ],
                [
                    9,
                    -6,
                    -1
                ],
                [
                    -9,
                    1,
                    -4
                ],
                [
                    -6,
                    -5,
                    -8
                ],
                [
                    -7,
                    2,
                    10
                ],
                [
                    9,
                    6,
                    2
                ],
                [
                    2,
                    9,
                    5
                ],
                [
                    -3,
                    -7,
                    8
                ],
                [
                    -6,
                    8,
                    -10
                ],
                [
                    -8,
                    2,
                    9
                ],
                [
                    6,
                    -1,
                    -5
                ],
                [
                    5,
                    -9,
                    -8
                ],
                [
                    -5,
                    2,
                    -4
                ],
                [
                    2,
                    9,
                    -8
                ],
                [
                    2,
                    -5,
                    -1
                ],
                [
                    -1,
                    -5,
                    9
                ],
                [
                    5,
                    6,
                    4
                ],
                [
                    -2,
                    3,
                    -7
                ],
                [
                    10,
                    -1,
                    -5
                ],
                [
                    9,
                    -1,
                    -10
                ],
                [
                    6,
                    9,
                    -8
                ],
                [
                    -3,
                    2,
                    1
                ],
                [
                    -10,
                    2,
                    -9
                ],
                [
                    -7,
                    -1,
                    -8
                ],
                [
                    2,
                    7,
                    -6
                ],
                [
                    -5,
                    -2,
                    3
                ],
                [
                    5,
                    10,
                    -3
                ],
                [
                    -8,
                    -2,
                    9
                ],
                [
                    -1,
                    9,
                    10
                ]
            ],
            "{   'fun': 1.0,\n    'jac': None,\n    'nfev': 105,\n    'nit': 0,\n    'njev': 21,\n    'x': array([1.56829047, 2.70425762, 1.11249116, 2.23230737])}",
            {
                "1100111011": 1,
                "0101011011": 1,
                "1001010001": 1,
                "1111100001": 1,
                "0111011010": 1,
                "0111101100": 2,
                "1000011001": 1,
                "0100000111": 1,
                "0000100011": 1,
                "0100000101": 1,
                "0101110011": 1,
                "0000100111": 1,
                "1000001011": 1,
                "1011000000": 1,
                "1001100001": 1,
                "0110101110": 1,
                "0011010110": 1,
                "1111011110": 1,
                "1001011001": 1,
                "1101100001": 1,
                "1100111101": 1,
                "0011001010": 1,
                "0000001110": 1,
                "0001001101": 1,
                "0010100010": 1,
                "1100101100": 1,
                "0111100001": 1,
                "1011001111": 1,
                "1000111010": 1,
                "1001011000": 1,
                "0101000011": 1,
                "0011100111": 1,
                "0100111111": 1,
                "0101000100": 1,
                "0001011101": 1,
                "1001000101": 1,
                "0100010000": 1,
                "0110100100": 1,
                "1110000111": 1,
                "0010000011": 1,
                "0000110010": 1,
                "0110100111": 1,
                "1011111000": 1,
                "1110100101": 1,
                "1111010110": 1,
                "0010110011": 1,
                "0000110111": 1,
                "1001101011": 1,
                "0000110011": 1,
                "1001100010": 1,
                "1000001111": 1,
                "0111100100": 1,
                "1111001000": 1,
                "0011101101": 1,
                "1011011110": 1,
                "1100111000": 1,
                "0111001110": 1,
                "1011010010": 1,
                "0011111110": 1,
                "1011000100": 1,
                "1100000101": 2,
                "0010110100": 1,
                "0010000111": 1,
                "1110100010": 1,
                "0011001001": 1,
                "1101001010": 1,
                "1111111111": 1,
                "1010001111": 1,
                "0100011100": 1,
                "0100000110": 1,
                "1011100000": 1,
                "1111101101": 1,
                "0111100111": 1,
                "0101111001": 1,
                "0101110111": 1,
                "1100110000": 1,
                "1100101011": 1,
                "0000100001": 1,
                "0110110111": 1,
                "0110010111": 1,
                "1011110100": 1,
                "1110000101": 1,
                "0111101111": 1,
                "0100010010": 1,
                "0110011101": 1,
                "0111100011": 1,
                "1001001010": 1,
                "1011010101": 1,
                "0101010010": 1,
                "0100001100": 1,
                "1111110010": 1,
                "0000100100": 1,
                "0100011110": 1,
                "1100011100": 1,
                "1000110111": 1,
                "1100010001": 1,
                "0000111101": 2
            },
            false,
            0.97
        ],
        [
            [
                [
                    1,
                    -4,
                    -9
                ],
                [
                    -9,
                    -3,
                    5
                ],
                [
                    -4,
                    7,
                    -5
                ],
                [
                    -10,
                    -3,
                    6
                ],
                [
                    -8,
                    -9,
                    2
                ],
                [
                    -5,
                    9,
                    2
                ],
                [
                    -2,
                    -5,
                    3
                ],
                [
                    7,
                    -10,
                    -4
                ],
                [
                    -9,
                    -7,
                    4
                ],
                [
                    3,
                    4,
                    -1
                ],
                [
                    -10,
                    -7,
                    -4
                ],
                [
                    -1,
                    2,
                    8
                ],
                [
                    1,
                    5,
                    -3
                ],
                [
                    -2,
                    -6,
                    10
                ],
                [
                    -5,
                    -2,
                    -7
                ],
                [
                    8,
                    -3,
                    9
                ],
                [
                    1,
                    2,
                    -6
                ],
                [
                    4,
                    9,
                    1
                ],
                [
                    4,
                    -5,
                    3
                ],
                [
                    5,
                    9,
                    -4
                ],
                [
                    -9,
                    -8,
                    4
                ],
                [
                    10,
                    -3,
                    -5
                ],
                [
                    10,
                    1,
                    4
                ],
                [
                    4,
                    2,
                    8
                ],
                [
                    -1,
                    -8,
                    3
                ],
                [
                    -10,
                    -6,
                    -3
                ],
                [
                    3,
                    7,
                    1
                ],
                [
                    5,
                    1,
                    -2
                ],
                [
                    6,
                    -8,
                    2
                ],
                [
                    -4,
                    8,
                    3
                ],
                [
                    -2,
                    -9,
                    -6
                ],
                [
                    -1,
                    9,
                    7
                ],
                [
                    5,
                    4,
                    -7
                ],
                [
                    9,
                    -1,
                    -5
                ],
                [
                    -3,
                    4,
                    5
                ],
                [
                    -3,
                    -2,
                    6
                ],
                [
                    -3,
                    -8,
                    1
                ],
                [
                    5,
                    -6,
                    2
                ],
                [
                    3,
                    5,
                    -2
                ],
                [
                    4,
                    3,
                    1
                ],
                [
                    -8,
                    -5,
                    7
                ],
                [
                    9,
                    -10,
                    4
                ],
                [
                    -6,
                    2,
                    -5
                ],
                [
                    7,
                    -9,
                    3
                ],
                [
                    -7,
                    -2,
                    -5
                ]
            ],
            "{   'fun': 1.0,\n    'jac': None,\n    'nfev': 5,\n    'nit': 0,\n    'njev': 1,\n    'x': array([1.59969015, 3.10670539, 2.43367616, 0.15758597])}",
            {
                "0101000010": 1,
                "1011111011": 1,
                "1001101111": 1,
                "0001110011": 1,
                "1111000000": 1,
                "1110110111": 1,
                "0111000100": 1,
                "0111000101": 1,
                "0110110011": 1,
                "0000010111": 1,
                "1101011011": 1,
                "1010101111": 1,
                "1010011010": 1,
                "0010111000": 1,
                "1110101001": 1,
                "0011011001": 1,
                "1110010010": 1,
                "0010011110": 1,
                "1001101001": 1,
                "0001111001": 1,
                "0110111001": 1,
                "1011100100": 1,
                "1111111010": 1,
                "0100110101": 1,
                "0110100011": 2,
                "0001101111": 1,
                "0110011110": 1,
                "1110111010": 2,
                "1000001111": 1,
                "1011000000": 1,
                "0011101000": 1,
                "1100110101": 1,
                "0001010110": 1,
                "1010011100": 1,
                "0000100010": 1,
                "0010111110": 1,
                "1000100100": 1,
                "1001001111": 1,
                "0011010100": 1,
                "1010111000": 1,
                "1110001010": 1,
                "1010110100": 1,
                "0111011101": 1,
                "1101011111": 1,
                "0101000101": 2,
                "0011101101": 1,
                "0111010100": 1,
                "1000001101": 1,
                "1001010000": 1,
                "0011001100": 1,
                "1010010001": 1,
                "1100001001": 1,
                "0001111010": 1,
                "0010110110": 1,
                "0110101111": 1,
                "0011100011": 1,
                "0001001000": 1,
                "1100010000": 1,
                "1010110011": 1,
                "0111001101": 1,
                "0010011011": 1,
                "0110000011": 1,
                "0101111101": 1,
                "1010101100": 1,
                "1111011111": 1,
                "1001010011": 1,
                "1000000110": 1,
                "0111010110": 1,
                "1101100111": 1,
                "0001011111": 1,
                "1011100000": 1,
                "0101111110": 1,
                "1111111110": 1,
                "1100000000": 1,
                "0000010110": 1,
                "0100110011": 1,
                "1000001110": 1,
                "0011001111": 1,
                "0110111011": 1,
                "0100001100": 1,
                "0001100011": 2,
                "1110001101": 2,
                "1100010110": 1,
                "1001110001": 1,
                "1111011100": 1,
                "0100010010": 1,
                "1010001101": 1,
                "0001100101": 1,
                "1001110100": 1,
                "1000110110": 1,
                "1010011011": 1,
                "1111110111": 1,
                "1000010010": 2,
                "0001111110": 1
            },
            false,
            1.0
        ],
        [
            [
                [
                    -3,
                    -9,
                    8
                ],
                [
                    -7,
                    4,
                    9
                ],
                [
                    -5,
                    10,
                    7
                ],
                [
                    -2,
                    -8,
                    6
                ],
                [
                    2,
                    -3,
                    -4
                ],
                [
                    -8,
                    10,
                    -6
                ],
                [
                    7,
                    2,
                    10
                ],
                [
                    4,
                    -10,
                    -7
                ],
                [
                    2,
                    9,
                    3
                ],
                [
                    -3,
                    7,
                    -8
                ],
                [
                    -3,
                    -10,
                    -6
                ],
                [
                    -1,
                    2,
                    3
                ],
                [
                    4,
                    9,
                    3
                ],
                [
                    -6,
                    9,
                    10
                ],
                [
                    -10,
                    3,
                    7
                ],
                [
                    7,
                    -5,
                    -2
                ],
                [
                    9,
                    -4,
                    5
                ],
                [
                    2,
                    1,
                    7
                ],
                [
                    3,
                    -2,
                    -5
                ],
                [
                    -10,
                    -2,
                    5
                ],
                [
                    9,
                    -3,
                    6
                ],
                [
                    3,
                    -5,
                    -9
                ],
                [
                    -7,
                    1,
                    -5
                ],
                [
                    -5,
                    -7,
                    8
                ],
                [
                    -2,
                    3,
                    4
                ],
                [
                    -5,
                    10,
                    -9
                ],
                [
                    9,
                    -1,
                    -7
                ],
                [
                    9,
                    10,
                    -1
                ],
                [
                    1,
                    -3,
                    -9
                ],
                [
                    9,
                    4,
                    7
                ],
                [
                    -7,
                    1,
                    4
                ],
                [
                    -10,
                    -6,
                    3
                ],
                [
                    4,
                    2,
                    -1
                ],
                [
                    8,
                    -2,
                    -10
                ],
                [
                    2,
                    3,
                    -7
                ],
                [
                    1,
                    8,
                    -5
                ],
                [
                    -2,
                    -4,
                    10
                ],
                [
                    -1,
                    -8,
                    6
                ],
                [
                    1,
                    7,
                    10
                ],
                [
                    -2,
                    -5,
                    4
                ],
                [
                    4,
                    -6,
                    -1
                ],
                [
                    1,
                    10,
                    5
                ],
                [
                    -10,
                    7,
                    -9
                ],
                [
                    5,
                    4,
                    1
                ],
                [
                    10,
                    -7,
                    -8
                ]
            ],
            "{   'fun': 1.0,\n    'jac': None,\n    'nfev': 5,\n    'nit': 0,\n    'njev': 1,\n    'x': array([0.84543156, 1.22578621, 2.83200717, 0.82193502])}",
            {
                "1010010101": 1,
                "0010101111": 1,
                "0100101110": 1,
                "1011011000": 1,
                "0001100110": 1,
                "0111011101": 1,
                "1110000101": 1,
                "0011110111": 1,
                "0100111000": 1,
                "0100011101": 1,
                "1111111010": 1,
                "1101101110": 1,
                "0100000000": 1,
                "1000011010": 1,
                "0111101001": 1,
                "0000010000": 1,
                "1011111111": 1,
                "1111111110": 1,
                "1100110010": 1,
                "1111010011": 1,
                "1110011100": 1,
                "1001011101": 1,
                "0100010100": 1,
                "0011110100": 1,
                "1011101111": 1,
                "1010111100": 1,
                "1100000110": 1,
                "1001001100": 1,
                "0101001111": 1,
                "0100111010": 1,
                "0110101000": 1,
                "1110001111": 1,
                "0011000100": 1,
                "1000011100": 1,
                "1101110100": 2,
                "1101010000": 1,
                "1111100011": 1,
                "1000101100": 1,
                "0111111110": 1,
                "1000011001": 1,
                "1010000001": 2,
                "1000110011": 1,
                "1100111111": 1,
                "1111100000": 1,
                "1011010100": 2,
                "0100001010": 1,
                "1100100101": 1,
                "1100011001": 1,
                "0111101101": 1,
                "1011100111": 1,
                "0100011111": 1,
                "0110011010": 1,
                "0011010101": 1,
                "1110111000": 1,
                "0111000011": 1,
                "0110111011": 1,
                "0101110000": 1,
                "1110001110": 1,
                "0110100011": 1,
                "1110100000": 1,
                "0010010101": 1,
                "1010011110": 1,
                "0111010100": 1,
                "0100110111": 1,
                "0010100001": 2,
                "1010010001": 1,
                "0000000101": 1,
                "0101000101": 1,
                "0000111001": 1,
                "1110101011": 1,
                "1010101101": 1,
                "1101101010": 1,
                "1011011100": 2,
                "1000010011": 1,
                "1100010001": 1,
                "1000010100": 1,
                "1000110101": 1,
                "0000110000": 1,
                "1110001010": 1,
                "1010010010": 1,
                "0011000111": 1,
                "0011111000": 2,
                "0101100010": 1,
                "1010001001": 1,
                "0010100100": 1,
                "0000001111": 1,
                "0101110100": 1,
                "0101000110": 1,
                "1111000111": 1,
                "0110000010": 1,
                "0001101011": 1,
                "1110100101": 1,
                "0111001110": 1,
                "0001101100": 1
            },
            false,
            1.0
        ],
        [
            [
                [
                    6,
                    -4,
                    5
                ],
                [
                    6,
                    -1,
                    9
                ],
                [
                    -5,
                    -4,
                    -1
                ],
                [
                    -6,
                    4,
                    -3
                ],
                [
                    6,
                    8,
                    -2
                ],
                [
                    8,
                    4,
                    -9
                ],
                [
                    -4,
                    -8,
                    -2
                ],
                [
                    -3,
                    5,
                    -1
                ],
                [
                    8,
                    2,
                    1
                ],
                [
                    -1,
                    9,
                    7
                ],
                [
                    8,
                    -10,
                    -1
                ],
                [
                    -6,
                    -1,
                    -4
                ],
                [
                    3,
                    -6,
                    7
                ],
                [
                    -10,
                    -2,
                    -6
                ],
                [
                    -10,
                    9,
                    6
                ],
                [
                    8,
                    5,
                    -1
                ],
                [
                    -5,
                    -9,
                    -1
                ],
                [
                    -10,
                    -8,
                    -7
                ],
                [
                    6,
                    7,
                    -1
                ],
                [
                    8,
                    -4,
                    -1
                ],
                [
                    2,
                    3,
                    10
                ],
                [
                    -7,
                    4,
                    -10
                ],
                [
                    -5,
                    2,
                    1
                ],
                [
                    9,
                    7,
                    -10
                ],
                [
                    -5,
                    1,
                    -2
                ],
                [
                    1,
                    9,
                    -4
                ],
                [
                    -6,
                    9,
                    -8
                ],
                [
                    6,
                    -2,
                    -3
                ],
                [
                    -10,
                    6,
                    -4
                ],
                [
                    -5,
                    2,
                    7
                ],
                [
                    9,
                    6,
                    -7
                ],
                [
                    -7,
                    -6,
                    -10
                ],
                [
                    -8,
                    -7,
                    2
                ],
                [
                    10,
                    6,
                    2
                ],
                [
                    5,
                    -1,
                    7
                ],
                [
                    -7,
                    -6,
                    -3
                ],
                [
                    -2,
                    6,
                    -5
                ],
                [
                    2,
                    -7,
                    10
                ],
                [
                    -6,
                    1,
                    -3
                ],
                [
                    6,
                    10,
                    9
                ],
                [
                    -4,
                    2,
                    5
                ],
                [
                    -10,
                    4,
                    3
                ],
                [
                    -6,
                    -8,
                    -2
                ],
                [
                    9,
                    -7,
                    -8
                ],
                [
                    5,
                    1,
                    6
                ]
            ],
            "{   'fun': 0.99,\n    'jac': None,\n    'nfev': 115,\n    'nit': 2,\n    'njev': 23,\n    'x': array([1.15175672, 2.80327596, 0.40026442, 2.63297961])}",
            {
                "1010010010": 1,
                "0011111001": 1,
                "1110001001": 1,
                "1101010110": 1,
                "1001100000": 1,
                "1010101000": 1,
                "0110100111": 1,
                "0111100001": 1,
                "0010010000": 1,
                "1111011110": 1,
                "1010101010": 1,
                "1100101001": 1,
                "0101111100": 1,
                "0000101111": 1,
                "0110000110": 1,
                "0110111110": 1,
                "0011010001": 1,
                "0011110001": 1,
                "0101001010": 1,
                "1001101101": 1,
                "0011010010": 1,
                "0110101101": 1,
                "0010001110": 1,
                "0101110011": 1,
                "0100111011": 1,
                "0011000010": 1,
                "1001000001": 1,
                "1011100010": 1,
                "1111001011": 1,
                "1111111011": 1,
                "1110011001": 1,
                "0001000101": 1,
                "1011010101": 1,
                "0001100000": 1,
                "0010011000": 1,
                "1101110011": 1,
                "0101111110": 1,
                "1011001101": 1,
                "0111110001": 1,
                "1000110111": 2,
                "1110000000": 1,
                "0001111101": 1,
                "1011101110": 1,
                "0111011100": 1,
                "0110110111": 1,
                "0111111110": 1,
                "1100110011": 1,
                "1011110000": 1,
                "0101111101": 1,
                "0001011001": 1,
                "1000001111": 1,
                "0101101011": 1,
                "0000101110": 1,
                "1010010101": 1,
                "1100010101": 1,
                "0110110011": 1,
                "1111001010": 1,
                "1101010111": 1,
                "0001011010": 1,
                "0100100011": 1,
                "1100111000": 2,
                "0010110110": 1,
                "0100011111": 1,
                "1011100111": 1,
                "0011111000": 1,
                "0111001011": 1,
                "1001010101": 1,
                "0001000110": 1,
                "0110111011": 1,
                "1011010010": 1,
                "1110111010": 2,
                "0001101000": 1,
                "0001010101": 1,
                "1111011000": 1,
                "0110010101": 1,
                "1010111000": 1,
                "0000000111": 1,
                "1000101001": 2,
                "0000110110": 1,
                "1010100011": 1,
                "0000111111": 1,
                "0100110100": 1,
                "0010010101": 1,
                "1010010111": 1,
                "0110000111": 1,
                "0110100010": 1,
                "0111110101": 1,
                "1011011101": 1,
                "0101101100": 1,
                "1011111101": 1,
                "1101011111": 1,
                "1010100110": 1,
                "0001011100": 1,
                "1110010001": 1,
                "0011010111": 1,
                "0100011001": 1
            },
            true,
            0.94
        ],
        [
            [
                [
                    -4,
                    7,
                    -10
                ],
                [
                    6,
                    10,
                    -4
                ],
                [
                    6,
                    2,
                    -1
                ],
                [
                    10,
                    8,
                    -7
                ],
                [
                    -2,
                    -10,
                    3
                ],
                [
                    -3,
                    5,
                    -10
                ],
                [
                    -2,
                    4,
                    -3
                ],
                [
                    -3,
                    7,
                    -6
                ],
                [
                    9,
                    6,
                    4
                ],
                [
                    -3,
                    -4,
                    -5
                ],
                [
                    8,
                    9,
                    7
                ],
                [
                    -1,
                    -6,
                    8
                ],
                [
                    -1,
                    -9,
                    8
                ],
                [
                    -9,
                    -1,
                    -7
                ],
                [
                    8,
                    4,
                    -9
                ],
                [
                    6,
                    1,
                    2
                ],
                [
                    -10,
                    -6,
                    1
                ],
                [
                    -10,
                    -4,
                    1
                ],
                [
                    10,
                    7,
                    5
                ],
                [
                    3,
                    -8,
                    -4
                ],
                [
                    6,
                    -2,
                    3
                ],
                [
                    -2,
                    8,
                    3
                ],
                [
                    5,
                    -10,
                    -2
                ],
                [
                    -2,
                    -8,
                    -7
                ],
                [
                    -9,
                    -6,
                    1
                ],
                [
                    2,
                    5,
                    4
                ],
                [
                    -10,
                    1,
                    -8
                ],
                [
                    -3,
                    -6,
                    9
                ],
                [
                    -6,
                    -9,
                    -5
                ],
                [
                    -9,
                    -2,
                    -5
                ],
                [
                    8,
                    5,
                    -10
                ],
                [
                    -7,
                    10,
                    -5
                ],
                [
                    -3,
                    1,
                    -6
                ],
                [
                    6,
                    -7,
                    -10
                ],
                [
                    2,
                    -4,
                    10
                ],
                [
                    -5,
                    10,
                    -9
                ],
                [
                    -9,
                    -8,
                    7
                ],
                [
                    -4,
                    6,
                    10
                ],
                [
                    2,
                    -1,
                    -4
                ],
                [
                    10,
                    9,
                    -6
                ],
                [
                    -1,
                    -6,
                    -10
                ],
                [
                    -10,
                    -7,
                    -4
                ],
                [
                    -3,
                    8,
                    -5
                ],
                [
                    2,
                    -4,
                    6
                ],
                [
                    -10,
                    2,
                    -1
                ]
            ],
            "{   'fun': 1.0,\n    'jac': None,\n    'nfev': 5,\n    'nit': 0,\n    'njev': 1,\n    'x': array([0.9942314 , 0.54689217, 0.10931673, 0.8711891 ])}",
            {
                "0010111111": 1,
                "0111001100": 1,
                "1111100000": 1,
                "1011100100": 1,
                "1011000100": 1,
                "0011001101": 1,
                "1000010000": 1,
                "1001011111": 1,
                "1001101000": 1,
                "1101111010": 1,
                "1011001101": 1,
                "0110100111": 1,
                "1100101100": 1,
                "1001001111": 1,
                "1101111111": 1,
                "0010100001": 2,
                "1110001001": 1,
                "0001010001": 1,
                "0100111011": 1,
                "0001101000": 1,
                "0010101111": 1,
                "1101001010": 1,
                "1010010000": 1,
                "1100011001": 1,
                "1011111001": 1,
                "1011010001": 1,
                "0010111110": 1,
                "1011011001": 1,
                "0101100110": 1,
                "0111100110": 1,
                "0000001000": 1,
                "1110110010": 2,
                "1100110011": 1,
                "1011101011": 1,
                "1111001000": 1,
                "1101111110": 2,
                "0010000101": 1,
                "1010001000": 1,
                "0111110010": 1,
                "1000010110": 1,
                "0110001000": 1,
                "0110001010": 1,
                "0111111010": 1,
                "1000100000": 1,
                "1010000010": 1,
                "0101011101": 1,
                "0010111011": 1,
                "0010110011": 1,
                "1000000100": 1,
                "0110101111": 2,
                "1001101011": 1,
                "1100111011": 1,
                "1000100101": 1,
                "0011000001": 1,
                "1010011101": 1,
                "0000111101": 1,
                "1101111001": 1,
                "0110000110": 1,
                "1100010111": 1,
                "1000100110": 1,
                "0110010010": 1,
                "0000010111": 1,
                "0010000100": 1,
                "1100010011": 1,
                "1010100110": 2,
                "1010111001": 1,
                "1001110001": 1,
                "0001001110": 1,
                "0000111111": 1,
                "0010100000": 1,
                "1110101001": 1,
                "1100001011": 1,
                "0111111111": 1,
                "0110100010": 1,
                "0010111100": 2,
                "1001101111": 1,
                "0011101100": 1,
                "0001000011": 1,
                "0000101111": 1,
                "0010001111": 1,
                "0010101011": 1,
                "1111110010": 1,
                "1001110100": 1,
                "1000110110": 1,
                "1101001000": 1,
                "1001101101": 1,
                "1110001111": 1,
                "0010011010": 2,
                "1110011000": 1,
                "1101000000": 1,
                "1010000000": 1,
                "0000100100": 1,
                "1010111100": 1
            },
            false,
            1.0
        ]
    ]
}