{
    "n": 10,
    "m": 45,
    "results": [
        [
            [
                [
                    4,
                    3,
                    -2
                ],
                [
                    3,
                    2,
                    -7
                ],
                [
                    -3,
                    -7,
                    -1
                ],
                [
                    9,
                    -10,
                    -2
                ],
                [
                    9,
                    -6,
                    10
                ],
                [
                    -5,
                    -4,
                    1
                ],
                [
                    9,
                    7,
                    -1
                ],
                [
                    -1,
                    -2,
                    6
                ],
                [
                    -7,
                    -5,
                    2
                ],
                [
                    -7,
                    9,
                    6
                ],
                [
                    5,
                    -1,
                    -10
                ],
                [
                    5,
                    -8,
                    -10
                ],
                [
                    -8,
                    7,
                    -10
                ],
                [
                    -4,
                    -6,
                    -3
                ],
                [
                    -3,
                    -1,
                    -2
                ],
                [
                    9,
                    -8,
                    -3
                ],
                [
                    -8,
                    10,
                    -7
                ],
                [
                    -4,
                    -10,
                    5
                ],
                [
                    -1,
                    -7,
                    10
                ],
                [
                    4,
                    8,
                    2
                ],
                [
                    -7,
                    -2,
                    3
                ],
                [
                    1,
                    -9,
                    -3
                ],
                [
                    6,
                    -8,
                    1
                ],
                [
                    -9,
                    -10,
                    -6
                ],
                [
                    3,
                    -10,
                    2
                ],
                [
                    -1,
                    -7,
                    5
                ],
                [
                    -1,
                    9,
                    4
                ],
                [
                    -9,
                    -5,
                    -3
                ],
                [
                    -10,
                    2,
                    -1
                ],
                [
                    -2,
                    10,
                    9
                ],
                [
                    10,
                    -4,
                    6
                ],
                [
                    7,
                    4,
                    1
                ],
                [
                    -6,
                    9,
                    -3
                ],
                [
                    -5,
                    7,
                    10
                ],
                [
                    7,
                    -4,
                    -6
                ],
                [
                    -10,
                    3,
                    -6
                ],
                [
                    5,
                    -9,
                    -3
                ],
                [
                    -7,
                    -8,
                    -4
                ],
                [
                    10,
                    -7,
                    -9
                ],
                [
                    8,
                    -5,
                    6
                ],
                [
                    1,
                    -4,
                    -8
                ],
                [
                    3,
                    -8,
                    -2
                ],
                [
                    -2,
                    -4,
                    10
                ],
                [
                    -9,
                    -6,
                    7
                ],
                [
                    -6,
                    -4,
                    5
                ]
            ],
            "{   'fun': 1.0,\n    'jac': None,\n    'nfev': 9,\n    'nit': 0,\n    'njev': 1,\n    'x': array([1.48071935, 0.0954396 , 2.1734847 , 1.06912731, 2.42272838,\n       2.07750153, 1.7463542 , 2.86819155])}",
            {
                "0101000100": 1,
                "1101001100": 1,
                "0100000101": 1,
                "1001010000": 1,
                "0001001010": 1,
                "1101010011": 1,
                "1000111000": 1,
                "1101100110": 1,
                "0011011111": 1,
                "1011111100": 1,
                "0010000111": 1,
                "1011010101": 1,
                "1000010011": 1,
                "1100010001": 1,
                "1101100011": 1,
                "0001011111": 1,
                "0001001101": 2,
                "0110011001": 1,
                "1111000010": 1,
                "0001001001": 1,
                "0111000101": 1,
                "1010110111": 1,
                "1010011101": 1,
                "1001100010": 1,
                "0110011000": 1,
                "0000010110": 1,
                "0110011100": 1,
                "0010011101": 1,
                "0101011110": 1,
                "0100010100": 1,
                "1011001010": 1,
                "1011111111": 1,
                "0001011110": 1,
                "0101101001": 1,
                "1110011011": 1,
                "1101001010": 1,
                "1000011100": 1,
                "1110101010": 1,
                "0100101101": 1,
                "1110000110": 1,
                "1100001011": 1,
                "0011000110": 1,
                "0111011011": 1,
                "0100000001": 1,
                "1011111011": 1,
                "1110111001": 1,
                "0001110100": 1,
                "1110010101": 1,
                "1100100111": 1,
                "0101001110": 1,
                "1000100011": 1,
                "0110101111": 1,
                "0001100101": 1,
                "1010000011": 1,
                "0111010110": 1,
                "0001100001": 1,
                "0110100110": 1,
                "1111000101": 1,
                "0110100000": 1,
                "0100111101": 1,
                "1010000110": 1,
                "1000110011": 1,
                "0011111010": 1,
                "0100010111": 2,
                "1110110011": 2,
                "0101011100": 1,
                "1010000000": 1,
                "0101001001": 1,
                "1010101001": 2,
                "1100100010": 2,
                "0111111001": 1,
                "1111001111": 1,
                "0111101000": 1,
                "0011110011": 1,
                "1111010101": 1,
                "1100100110": 1,
                "1111111101": 1,
                "0001100110": 1,
                "1011011010": 1,
                "0010101101": 1,
                "1001110111": 1,
                "0001111101": 1,
                "1100100011": 1,
                "1110101000": 1,
                "1011100001": 1,
                "0100111011": 1,
                "0000101000": 1,
                "1110011101": 1,
                "1100101010": 1,
                "0011010001": 1,
                "1100110011": 1,
                "1110001101": 1,
                "1000000001": 1,
                "1101001111": 1,
                "0011010111": 1
            },
            false,
            1.0
        ],
        [
            [
                [
                    -4,
                    2,
                    -7
                ],
                [
                    -1,
                    -3,
                    5
                ],
                [
                    4,
                    9,
                    8
                ],
                [
                    7,
                    -3,
                    2
                ],
                [
                    -8,
                    3,
                    9
                ],
                [
                    -8,
                    -9,
                    -6
                ],
                [
                    -5,
                    -1,
                    -9
                ],
                [
                    -5,
                    -4,
                    9
                ],
                [
                    -2,
                    -5,
                    9
                ],
                [
                    -3,
                    7,
                    8
                ],
                [
                    7,
                    -3,
                    -1
                ],
                [
                    -6,
                    -3,
                    -7
                ],
                [
                    -10,
                    -5,
                    -9
                ],
                [
                    -2,
                    5,
                    -8
                ],
                [
                    -5,
                    -9,
                    -6
                ],
                [
                    10,
                    2,
                    -6
                ],
                [
                    5,
                    -7,
                    6
                ],
                [
                    9,
                    7,
                    -5
                ],
                [
                    -4,
                    8,
                    -7
                ],
                [
                    4,
                    8,
                    2
                ],
                [
                    2,
                    -3,
                    -9
                ],
                [
                    10,
                    4,
                    -1
                ],
                [
                    -10,
                    6,
                    -3
                ],
                [
                    -8,
                    -3,
                    -7
                ],
                [
                    -9,
                    -8,
                    -5
                ],
                [
                    5,
                    1,
                    -4
                ],
                [
                    1,
                    2,
                    -10
                ],
                [
                    4,
                    -7,
                    -9
                ],
                [
                    -3,
                    -4,
                    -5
                ],
                [
                    -5,
                    -1,
                    -4
                ],
                [
                    -8,
                    -9,
                    -4
                ],
                [
                    7,
                    2,
                    4
                ],
                [
                    10,
                    3,
                    -1
                ],
                [
                    -10,
                    5,
                    2
                ],
                [
                    1,
                    6,
                    8
                ],
                [
                    -8,
                    -7,
                    10
                ],
                [
                    -9,
                    7,
                    -10
                ],
                [
                    2,
                    5,
                    -3
                ],
                [
                    8,
                    7,
                    9
                ],
                [
                    5,
                    1,
                    -2
                ],
                [
                    2,
                    -10,
                    -7
                ],
                [
                    5,
                    1,
                    -10
                ],
                [
                    6,
                    -3,
                    -8
                ],
                [
                    9,
                    6,
                    -1
                ],
                [
                    6,
                    7,
                    -2
                ]
            ],
            "{   'fun': 1.0,\n    'jac': None,\n    'nfev': 9,\n    'nit': 0,\n    'njev': 1,\n    'x': array([2.01627936, 0.45033675, 0.66518797, 0.09883824, 1.79835481,\n       1.74181394, 1.82882941, 0.02556421])}",
            {
                "1011111100": 1,
                "1100011100": 1,
                "0110110110": 1,
                "0000100000": 1,
                "0001001011": 1,
                "0111000101": 1,
                "0011111100": 1,
                "0000110100": 1,
                "1001110111": 1,
                "1100001110": 1,
                "1111110110": 1,
                "0101101110": 1,
                "0001001010": 2,
                "1101011011": 1,
                "0111100101": 1,
                "0000110011": 1,
                "0110010011": 1,
                "1001110110": 1,
                "1111011010": 1,
                "0101111000": 1,
                "0001111000": 1,
                "0111011011": 1,
                "1111010101": 1,
                "1110111001": 2,
                "0011111000": 1,
                "0110010101": 1,
                "1101111111": 1,
                "1100000001": 1,
                "1001100100": 1,
                "1010110110": 1,
                "0010101011": 1,
                "0111010010": 1,
                "0100101101": 1,
                "1101110100": 1,
                "1010001000": 1,
                "1110001010": 1,
                "1001001100": 1,
                "0110000111": 1,
                "0110011000": 1,
                "1011011101": 1,
                "1010011111": 1,
                "0110000100": 1,
                "0100010111": 1,
                "1111100111": 1,
                "0110111101": 1,
                "1000010111": 1,
                "0011100110": 1,
                "1100100101": 1,
                "0111011001": 1,
                "0010010110": 1,
                "0110111000": 1,
                "0101011010": 1,
                "1111111100": 1,
                "1111010011": 1,
                "1100100111": 1,
                "0001101010": 1,
                "1101111110": 1,
                "0110001111": 1,
                "0011110110": 1,
                "0111001001": 1,
                "0000101111": 1,
                "0110010001": 1,
                "1111101000": 1,
                "1000101110": 1,
                "0010000100": 1,
                "1010011000": 1,
                "1010110100": 1,
                "1111101101": 1,
                "0001110001": 1,
                "0011001101": 1,
                "0011111011": 1,
                "0010000001": 1,
                "0000000000": 1,
                "1011100011": 1,
                "1101000000": 1,
                "1011101111": 1,
                "1110010111": 1,
                "1100010111": 1,
                "1010100010": 1,
                "1111111001": 1,
                "0011101100": 1,
                "1001100000": 1,
                "1001111100": 1,
                "1101001110": 1,
                "1111001101": 1,
                "0010100011": 1,
                "1101000110": 1,
                "1111100010": 1,
                "1010010101": 1,
                "1110000110": 1,
                "1011011011": 1,
                "0011010000": 1,
                "1100000010": 1,
                "0100000110": 1,
                "0101011110": 1,
                "1001110000": 1,
                "0111101011": 1,
                "0001100101": 1
            },
            false,
            1.0
        ],
        [
            [
                [
                    7,
                    10,
                    -5
                ],
                [
                    -2,
                    -1,
                    7
                ],
                [
                    -1,
                    -2,
                    6
                ],
                [
                    -10,
                    6,
                    9
                ],
                [
                    -5,
                    9,
                    8
                ],
                [
                    -10,
                    -3,
                    -7
                ],
                [
                    -1,
                    4,
                    -3
                ],
                [
                    -4,
                    -10,
                    -9
                ],
                [
                    -7,
                    6,
                    -1
                ],
                [
                    -7,
                    -2,
                    -5
                ],
                [
                    10,
                    -7,
                    1
                ],
                [
                    -8,
                    1,
                    -9
                ],
                [
                    8,
                    -6,
                    3
                ],
                [
                    -2,
                    7,
                    4
                ],
                [
                    7,
                    9,
                    1
                ],
                [
                    -4,
                    8,
                    5
                ],
                [
                    5,
                    -2,
                    6
                ],
                [
                    -7,
                    9,
                    -1
                ],
                [
                    5,
                    10,
                    -8
                ],
                [
                    6,
                    7,
                    3
                ],
                [
                    -2,
                    -7,
                    8
                ],
                [
                    -8,
                    4,
                    -10
                ],
                [
                    -8,
                    3,
                    -4
                ],
                [
                    8,
                    -9,
                    -3
                ],
                [
                    8,
                    -7,
                    -1
                ],
                [
                    9,
                    3,
                    -1
                ],
                [
                    -10,
                    -5,
                    7
                ],
                [
                    -3,
                    -9,
                    8
                ],
                [
                    10,
                    5,
                    8
                ],
                [
                    -7,
                    8,
                    6
                ],
                [
                    10,
                    8,
                    -2
                ],
                [
                    -6,
                    -4,
                    -10
                ],
                [
                    6,
                    8,
                    -3
                ],
                [
                    8,
                    9,
                    -2
                ],
                [
                    10,
                    -1,
                    2
                ],
                [
                    -2,
                    -6,
                    -1
                ],
                [
                    -4,
                    -8,
                    -10
                ],
                [
                    -9,
                    10,
                    -1
                ],
                [
                    -6,
                    4,
                    9
                ],
                [
                    -2,
                    1,
                    -10
                ],
                [
                    6,
                    3,
                    4
                ],
                [
                    10,
                    5,
                    -8
                ],
                [
                    -1,
                    2,
                    5
                ],
                [
                    -2,
                    5,
                    -10
                ],
                [
                    -10,
                    -5,
                    2
                ]
            ],
            "{   'fun': 1.0,\n    'jac': None,\n    'nfev': 9,\n    'nit': 0,\n    'njev': 1,\n    'x': array([0.64633728, 2.55433418, 0.54532469, 3.11379288, 2.62387962,\n       1.73804859, 2.32003728, 2.62789475])}",
            {
                "0110011011": 1,
                "0011000000": 1,
                "1101000101": 1,
                "0010100111": 1,
                "1010001001": 1,
                "0101001010": 1,
                "1110100001": 1,
                "0010010110": 1,
                "0100001010": 1,
                "0011011000": 1,
                "1011010000": 1,
                "1001011100": 1,
                "1100010000": 1,
                "1001000100": 1,
                "0110100111": 1,
                "1010001100": 1,
                "0110010100": 1,
                "1011001111": 1,
                "1100110111": 1,
                "1000010100": 2,
                "0001111000": 1,
                "1111011001": 1,
                "1011011000": 1,
                "0110011111": 1,
                "0111010100": 1,
                "1110011111": 1,
                "1100011001": 1,
                "0001100111": 1,
                "0001011011": 1,
                "1100100011": 1,
                "0111000000": 1,
                "1111010110": 1,
                "1011010100": 1,
                "1000000100": 1,
                "1010111000": 1,
                "1101110101": 1,
                "1111000101": 1,
                "1000101001": 2,
                "0000111100": 1,
                "1000101010": 1,
                "0111100011": 1,
                "1100101000": 1,
                "1110000100": 1,
                "0111111011": 1,
                "1110010110": 2,
                "0011011101": 1,
                "0001010110": 1,
                "1111000011": 1,
                "1001010001": 1,
                "1110000001": 1,
                "0110011001": 1,
                "0000001010": 1,
                "1000101000": 1,
                "1001100110": 1,
                "0111110001": 2,
                "1100110100": 1,
                "0110011100": 1,
                "0101000001": 1,
                "1011111100": 1,
                "1110101100": 1,
                "0000110101": 1,
                "1001000110": 1,
                "0100100101": 1,
                "1111010010": 1,
                "1001000010": 1,
                "0101111010": 1,
                "1110000011": 1,
                "1011111111": 1,
                "1000110001": 1,
                "1110111111": 2,
                "0001101001": 1,
                "0000111111": 1,
                "1101010011": 1,
                "0011100100": 1,
                "1100001110": 1,
                "0000011111": 1,
                "1110100010": 1,
                "1000000010": 1,
                "1010011000": 1,
                "0000011001": 1,
                "0000001111": 1,
                "1100101101": 1,
                "1101010101": 1,
                "0001111110": 1,
                "1010111110": 1,
                "0000001000": 1,
                "0100100010": 1,
                "1101101100": 1,
                "0011110101": 1,
                "0010000110": 1,
                "1100100110": 1,
                "0111010000": 1,
                "1101001010": 1,
                "1111011110": 1,
                "0110100001": 1
            },
            false,
            1.0
        ],
        [
            [
                [
                    -3,
                    -8,
                    2
                ],
                [
                    -3,
                    -2,
                    -8
                ],
                [
                    3,
                    4,
                    6
                ],
                [
                    8,
                    2,
                    3
                ],
                [
                    -3,
                    -7,
                    9
                ],
                [
                    5,
                    7,
                    1
                ],
                [
                    3,
                    5,
                    1
                ],
                [
                    1,
                    3,
                    10
                ],
                [
                    7,
                    -2,
                    -5
                ],
                [
                    10,
                    9,
                    -7
                ],
                [
                    -7,
                    -5,
                    4
                ],
                [
                    -7,
                    -5,
                    9
                ],
                [
                    -8,
                    3,
                    2
                ],
                [
                    -10,
                    -9,
                    8
                ],
                [
                    -7,
                    5,
                    -3
                ],
                [
                    -10,
                    8,
                    3
                ],
                [
                    7,
                    -8,
                    4
                ],
                [
                    -8,
                    -2,
                    4
                ],
                [
                    -9,
                    1,
                    -10
                ],
                [
                    -8,
                    10,
                    -3
                ],
                [
                    2,
                    7,
                    -5
                ],
                [
                    -6,
                    -2,
                    1
                ],
                [
                    4,
                    8,
                    1
                ],
                [
                    8,
                    -4,
                    10
                ],
                [
                    8,
                    -2,
                    -4
                ],
                [
                    -6,
                    4,
                    -5
                ],
                [
                    6,
                    2,
                    10
                ],
                [
                    3,
                    1,
                    10
                ],
                [
                    -6,
                    -3,
                    -9
                ],
                [
                    3,
                    -5,
                    -8
                ],
                [
                    -2,
                    8,
                    1
                ],
                [
                    -3,
                    -1,
                    -4
                ],
                [
                    -3,
                    5,
                    -7
                ],
                [
                    -4,
                    -10,
                    5
                ],
                [
                    -5,
                    -10,
                    1
                ],
                [
                    -9,
                    -1,
                    -7
                ],
                [
                    3,
                    -9,
                    -5
                ],
                [
                    -9,
                    4,
                    -6
                ],
                [
                    3,
                    -2,
                    -8
                ],
                [
                    4,
                    1,
                    -8
                ],
                [
                    -4,
                    7,
                    -5
                ],
                [
                    7,
                    -1,
                    4
                ],
                [
                    -10,
                    -8,
                    7
                ],
                [
                    3,
                    9,
                    6
                ],
                [
                    -10,
                    -9,
                    1
                ]
            ],
            "{   'fun': 1.0,\n    'jac': None,\n    'nfev': 9,\n    'nit': 0,\n    'njev': 1,\n    'x': array([2.87888611, 0.95784197, 1.84348411, 1.08096319, 2.65358555,\n       0.03427751, 3.03655753, 1.19110443])}",
            {
                "1110001011": 1,
                "0111000010": 1,
                "0101100101": 1,
                "0110001010": 1,
                "0000100111": 1,
                "0010101000": 1,
                "1111010010": 1,
                "1000000111": 1,
                "0100000101": 1,
                "0101011111": 1,
                "1010100100": 1,
                "0010010110": 1,
                "0110000011": 1,
                "0010011000": 1,
                "1110001101": 2,
                "1101101101": 1,
                "0010011001": 1,
                "1110101011": 1,
                "0000111001": 1,
                "1111000010": 1,
                "0100110100": 1,
                "1011001001": 1,
                "1001111001": 1,
                "1001111111": 1,
                "0011110110": 1,
                "1001000000": 1,
                "0000100011": 1,
                "1011010100": 1,
                "0111011110": 1,
                "1100010101": 1,
                "1111001010": 1,
                "1001001001": 1,
                "0110111101": 1,
                "0111001000": 1,
                "1110100101": 1,
                "1000111001": 1,
                "0100010101": 1,
                "1101000101": 1,
                "0101011001": 1,
                "0111110010": 1,
                "1010101100": 1,
                "1101001011": 1,
                "1110010111": 1,
                "0110111001": 1,
                "0101110101": 1,
                "1011000001": 1,
                "1010011110": 1,
                "1001000100": 1,
                "0100110111": 1,
                "1110111101": 1,
                "0100111001": 1,
                "1110110110": 1,
                "0100011111": 1,
                "1000011011": 1,
                "1000001100": 1,
                "1111111100": 1,
                "1101110000": 1,
                "1111011010": 1,
                "1010011001": 1,
                "0101001101": 1,
                "0000100001": 1,
                "0101101001": 1,
                "1000001000": 1,
                "1001001111": 1,
                "0110011101": 1,
                "1100011100": 1,
                "0101011100": 1,
                "0011110011": 1,
                "1010011010": 2,
                "0110010010": 1,
                "1100010111": 1,
                "0010000000": 1,
                "0111100101": 1,
                "1011010110": 1,
                "0010011100": 2,
                "0000110000": 1,
                "1101101000": 1,
                "0001111100": 1,
                "0001111111": 1,
                "1001110111": 1,
                "1100001010": 1,
                "1100110100": 1,
                "1101011011": 1,
                "1000100101": 1,
                "0011000001": 1,
                "0000101100": 1,
                "1010011000": 1,
                "0101101111": 1,
                "1011100001": 1,
                "1110101000": 1,
                "1010000011": 1,
                "1111100110": 2,
                "0110110010": 1,
                "1010110101": 1,
                "0101100001": 1,
                "0001100110": 1
            },
            false,
            1.0
        ],
        [
            [
                [
                    7,
                    9,
                    -1
                ],
                [
                    -5,
                    4,
                    -10
                ],
                [
                    5,
                    3,
                    -1
                ],
                [
                    -10,
                    -8,
                    -1
                ],
                [
                    3,
                    -4,
                    -6
                ],
                [
                    1,
                    -2,
                    -3
                ],
                [
                    -2,
                    -10,
                    1
                ],
                [
                    -9,
                    -1,
                    3
                ],
                [
                    -1,
                    -5,
                    10
                ],
                [
                    2,
                    10,
                    7
                ],
                [
                    -10,
                    5,
                    2
                ],
                [
                    -4,
                    2,
                    7
                ],
                [
                    5,
                    -7,
                    -3
                ],
                [
                    6,
                    -4,
                    -5
                ],
                [
                    10,
                    6,
                    -7
                ],
                [
                    6,
                    4,
                    2
                ],
                [
                    -3,
                    10,
                    4
                ],
                [
                    8,
                    7,
                    3
                ],
                [
                    5,
                    -10,
                    -1
                ],
                [
                    -1,
                    4,
                    -2
                ],
                [
                    1,
                    4,
                    -9
                ],
                [
                    7,
                    -2,
                    -8
                ],
                [
                    10,
                    6,
                    -9
                ],
                [
                    -9,
                    -5,
                    -1
                ],
                [
                    -7,
                    -2,
                    8
                ],
                [
                    9,
                    -8,
                    1
                ],
                [
                    4,
                    9,
                    10
                ],
                [
                    3,
                    5,
                    -4
                ],
                [
                    6,
                    -9,
                    -3
                ],
                [
                    -2,
                    -1,
                    -10
                ],
                [
                    -1,
                    -8,
                    4
                ],
                [
                    -8,
                    5,
                    1
                ],
                [
                    -7,
                    8,
                    10
                ],
                [
                    2,
                    5,
                    -6
                ],
                [
                    6,
                    4,
                    2
                ],
                [
                    2,
                    -3,
                    -1
                ],
                [
                    -2,
                    -8,
                    7
                ],
                [
                    9,
                    4,
                    5
                ],
                [
                    1,
                    5,
                    -10
                ],
                [
                    -3,
                    -6,
                    -9
                ],
                [
                    9,
                    4,
                    6
                ],
                [
                    2,
                    8,
                    -3
                ],
                [
                    -5,
                    7,
                    3
                ],
                [
                    -8,
                    7,
                    -5
                ],
                [
                    -7,
                    2,
                    10
                ]
            ],
            "{   'fun': 1.0,\n    'jac': None,\n    'nfev': 9,\n    'nit': 0,\n    'njev': 1,\n    'x': array([2.97225254, 1.92919953, 2.22614485, 1.43966739, 1.15023207,\n       1.71696454, 0.90613298, 2.48152622])}",
            {
                "1111010000": 1,
                "1110011101": 1,
                "0010001101": 1,
                "0000100101": 2,
                "0111100100": 1,
                "0101000010": 1,
                "1000010000": 1,
                "1100110011": 1,
                "1010000111": 1,
                "1010110110": 1,
                "1011010100": 1,
                "0000101101": 1,
                "1110101100": 1,
                "0010111010": 1,
                "1011101100": 1,
                "0100110001": 1,
                "1101110011": 1,
                "1110101101": 1,
                "1110011100": 1,
                "1001001111": 1,
                "0000001011": 1,
                "1100010000": 1,
                "1001100101": 1,
                "0001111110": 1,
                "1101011011": 1,
                "1101001110": 1,
                "1001111100": 1,
                "0100000010": 1,
                "1010000101": 1,
                "1110110111": 1,
                "0110110110": 1,
                "0110110000": 1,
                "0110011010": 1,
                "0111111101": 1,
                "1011011101": 1,
                "0010101011": 1,
                "0101100110": 1,
                "0010111110": 1,
                "1000101000": 1,
                "0111000101": 1,
                "0100001111": 1,
                "1011110001": 1,
                "1010100001": 1,
                "0101110000": 1,
                "0010000111": 1,
                "1111110100": 1,
                "0000001000": 1,
                "0101010000": 1,
                "1000110011": 1,
                "0001011110": 1,
                "1111111011": 1,
                "1000101100": 1,
                "1110000010": 1,
                "0100111010": 1,
                "1010100100": 1,
                "0001110101": 1,
                "0100011101": 1,
                "1100011100": 1,
                "1100110110": 1,
                "0000000000": 1,
                "1101100101": 1,
                "1011001001": 1,
                "1011100011": 1,
                "0011111010": 1,
                "0000101110": 1,
                "0011110000": 1,
                "1010001001": 1,
                "0011000001": 1,
                "0000101100": 1,
                "1000100000": 1,
                "0100111100": 1,
                "1000000001": 3,
                "1101101111": 1,
                "0001010000": 1,
                "1101111100": 1,
                "1010101110": 1,
                "0011101000": 1,
                "0101011011": 1,
                "1001101110": 1,
                "0001111011": 1,
                "0011100110": 1,
                "0001011001": 1,
                "0100111110": 1,
                "1110111010": 1,
                "0101010010": 1,
                "0110111011": 1,
                "1101011111": 1,
                "0101000101": 1,
                "1111000111": 1,
                "1010001111": 1,
                "0100011100": 1,
                "0110011100": 1,
                "1100101000": 1,
                "0110000111": 1,
                "0111100011": 1,
                "1111101110": 1,
                "1011111011": 1
            },
            false,
            1.0
        ]
    ]
}