{
    "n": 10,
    "m": 45,
    "results": [
        [
            [
                [
                    -4,
                    -2,
                    6
                ],
                [
                    4,
                    3,
                    -1
                ],
                [
                    -1,
                    -3,
                    -8
                ],
                [
                    6,
                    4,
                    10
                ],
                [
                    6,
                    2,
                    10
                ],
                [
                    -7,
                    -1,
                    -9
                ],
                [
                    -6,
                    10,
                    9
                ],
                [
                    1,
                    -10,
                    -6
                ],
                [
                    -5,
                    3,
                    -10
                ],
                [
                    1,
                    10,
                    -3
                ],
                [
                    10,
                    5,
                    9
                ],
                [
                    9,
                    5,
                    7
                ],
                [
                    6,
                    5,
                    1
                ],
                [
                    9,
                    7,
                    5
                ],
                [
                    5,
                    9,
                    -3
                ],
                [
                    -9,
                    -7,
                    -10
                ],
                [
                    -6,
                    -8,
                    -4
                ],
                [
                    -4,
                    -3,
                    2
                ],
                [
                    4,
                    6,
                    -3
                ],
                [
                    -2,
                    7,
                    -10
                ],
                [
                    4,
                    10,
                    9
                ],
                [
                    1,
                    -6,
                    -10
                ],
                [
                    -6,
                    2,
                    8
                ],
                [
                    -10,
                    9,
                    3
                ],
                [
                    5,
                    6,
                    -10
                ],
                [
                    -1,
                    -5,
                    -10
                ],
                [
                    3,
                    10,
                    1
                ],
                [
                    3,
                    -6,
                    4
                ],
                [
                    8,
                    5,
                    2
                ],
                [
                    7,
                    -9,
                    -4
                ],
                [
                    -1,
                    -4,
                    -9
                ],
                [
                    -10,
                    9,
                    -1
                ],
                [
                    -2,
                    -8,
                    7
                ],
                [
                    -4,
                    -9,
                    8
                ],
                [
                    -5,
                    -10,
                    3
                ],
                [
                    9,
                    5,
                    -10
                ],
                [
                    -10,
                    -4,
                    -8
                ],
                [
                    -8,
                    3,
                    9
                ],
                [
                    8,
                    -5,
                    -2
                ],
                [
                    -6,
                    -9,
                    2
                ],
                [
                    6,
                    4,
                    3
                ],
                [
                    5,
                    -8,
                    1
                ],
                [
                    -7,
                    1,
                    2
                ],
                [
                    6,
                    2,
                    -10
                ],
                [
                    -3,
                    5,
                    10
                ]
            ],
            "{   'fun': 1.0,\n    'jac': None,\n    'nfev': 9,\n    'nit': 0,\n    'njev': 1,\n    'x': array([1.48071935, 0.0954396 , 2.1734847 , 1.06912731, 2.42272838,\n       2.07750153, 1.7463542 , 2.86819155])}",
            {
                "1101101011": 1,
                "1100010010": 1,
                "1111101111": 1,
                "1001010010": 1,
                "0000001001": 1,
                "1000110100": 1,
                "0101010010": 1,
                "1101101111": 1,
                "1000100010": 1,
                "1010100101": 1,
                "0110101011": 1,
                "0000111101": 1,
                "0000010011": 1,
                "1010000101": 1,
                "0100010100": 1,
                "0111011011": 1,
                "1011111001": 1,
                "0011000000": 1,
                "1100011100": 1,
                "0011001011": 1,
                "0110111001": 1,
                "1010100001": 1,
                "0110010010": 1,
                "0110001111": 1,
                "0001000000": 1,
                "0000000010": 1,
                "1111110010": 1,
                "1000111011": 1,
                "1011100100": 2,
                "1100001000": 1,
                "0001110101": 1,
                "0001111101": 1,
                "1110000000": 1,
                "1110010111": 1,
                "0010001101": 1,
                "0101100101": 1,
                "0001101000": 2,
                "0010111110": 1,
                "0101010101": 1,
                "1010101100": 2,
                "0011010010": 1,
                "0011100110": 1,
                "1000100001": 1,
                "0100110110": 1,
                "1001000000": 1,
                "1100000001": 1,
                "0011010111": 2,
                "1000110001": 1,
                "1100011110": 1,
                "1100100101": 1,
                "1000010101": 1,
                "0001111000": 1,
                "1011010011": 1,
                "1001001001": 1,
                "0100000111": 1,
                "1000111111": 1,
                "0001101100": 1,
                "1001011110": 1,
                "0011100010": 1,
                "1110101011": 1,
                "0011100001": 1,
                "1001110111": 1,
                "0001000010": 1,
                "0101001011": 2,
                "0011011100": 1,
                "0111111000": 1,
                "1111011010": 1,
                "0100011001": 1,
                "1010101011": 1,
                "0100110100": 1,
                "1010011010": 1,
                "1100111000": 1,
                "0000101011": 1,
                "0000001101": 1,
                "1010000000": 1,
                "0010100101": 1,
                "1000001101": 1,
                "0110110011": 1,
                "1111100011": 1,
                "1010110111": 1,
                "0000100101": 1,
                "1001000111": 1,
                "0101011101": 1,
                "0001100111": 1,
                "1010110010": 1,
                "1001001101": 1,
                "0000100110": 1,
                "1111000001": 1,
                "1011010010": 1,
                "0011011111": 1,
                "0011000110": 1,
                "0100110010": 1,
                "0010011010": 1,
                "1100100000": 1,
                "0111000010": 1
            },
            false,
            1.0
        ],
        [
            [
                [
                    3,
                    5,
                    4
                ],
                [
                    2,
                    1,
                    7
                ],
                [
                    3,
                    1,
                    -7
                ],
                [
                    10,
                    9,
                    6
                ],
                [
                    -3,
                    -6,
                    -9
                ],
                [
                    6,
                    -8,
                    4
                ],
                [
                    5,
                    -6,
                    7
                ],
                [
                    8,
                    10,
                    3
                ],
                [
                    -2,
                    -9,
                    10
                ],
                [
                    -10,
                    -8,
                    -3
                ],
                [
                    -9,
                    3,
                    5
                ],
                [
                    9,
                    -10,
                    7
                ],
                [
                    -10,
                    -7,
                    2
                ],
                [
                    -6,
                    -8,
                    5
                ],
                [
                    -3,
                    -2,
                    1
                ],
                [
                    -2,
                    10,
                    -4
                ],
                [
                    -3,
                    8,
                    9
                ],
                [
                    3,
                    -5,
                    -8
                ],
                [
                    -6,
                    1,
                    8
                ],
                [
                    9,
                    -4,
                    -2
                ],
                [
                    -5,
                    2,
                    6
                ],
                [
                    -9,
                    -7,
                    -5
                ],
                [
                    -8,
                    10,
                    7
                ],
                [
                    -3,
                    -5,
                    7
                ],
                [
                    10,
                    6,
                    3
                ],
                [
                    6,
                    -5,
                    7
                ],
                [
                    -1,
                    9,
                    -8
                ],
                [
                    7,
                    2,
                    8
                ],
                [
                    7,
                    -2,
                    -6
                ],
                [
                    5,
                    -6,
                    7
                ],
                [
                    -10,
                    -7,
                    -4
                ],
                [
                    9,
                    -6,
                    3
                ],
                [
                    -9,
                    -7,
                    6
                ],
                [
                    9,
                    4,
                    10
                ],
                [
                    -4,
                    -5,
                    -9
                ],
                [
                    6,
                    -2,
                    10
                ],
                [
                    -9,
                    -1,
                    -3
                ],
                [
                    8,
                    -10,
                    3
                ],
                [
                    4,
                    -7,
                    -5
                ],
                [
                    4,
                    8,
                    -1
                ],
                [
                    -3,
                    8,
                    -10
                ],
                [
                    9,
                    -10,
                    -7
                ],
                [
                    -5,
                    -10,
                    -1
                ],
                [
                    -2,
                    -9,
                    -7
                ],
                [
                    10,
                    7,
                    6
                ]
            ],
            "{   'fun': 0.99,\n    'jac': None,\n    'nfev': 270,\n    'nit': 4,\n    'njev': 30,\n    'x': array([2.01628053, 0.45033685, 0.66518896, 0.09884103, 1.79835491,\n       1.74181394, 1.82883047, 0.02556517])}",
            {
                "0000101101": 1,
                "0010100010": 1,
                "0101000111": 1,
                "0000110100": 1,
                "1000010010": 1,
                "0110101010": 1,
                "0001001001": 1,
                "1111101111": 1,
                "0111101010": 1,
                "1000011110": 1,
                "1001011010": 1,
                "1000101101": 1,
                "1100010001": 1,
                "0011011010": 1,
                "1010000000": 1,
                "0111110100": 1,
                "0010001010": 1,
                "1111011110": 1,
                "0100111111": 1,
                "0010000100": 1,
                "0010101100": 1,
                "0100100010": 1,
                "0011101001": 1,
                "0110011110": 1,
                "1000010100": 1,
                "0000110111": 1,
                "0101011001": 1,
                "0000011111": 1,
                "1110001110": 1,
                "1001110100": 1,
                "0100000000": 1,
                "1011111110": 1,
                "0101000110": 1,
                "0000011100": 1,
                "0001010101": 3,
                "1110100111": 1,
                "1011101010": 1,
                "0010001101": 1,
                "0001000111": 1,
                "0001100000": 1,
                "1011111011": 1,
                "1000001100": 1,
                "0111011110": 1,
                "1011101100": 1,
                "0110001010": 1,
                "0111110011": 1,
                "1010010111": 1,
                "1010110110": 2,
                "0000111000": 1,
                "1010110100": 1,
                "0111100111": 1,
                "0101101100": 1,
                "0111111011": 1,
                "0001011001": 1,
                "0101111111": 1,
                "0110111111": 1,
                "1011000101": 1,
                "0101110001": 2,
                "0110000110": 2,
                "1000100110": 1,
                "0100000111": 1,
                "0011110101": 1,
                "1010001101": 1,
                "1010000011": 1,
                "0010100000": 1,
                "1000011111": 1,
                "1111010100": 1,
                "1101110011": 1,
                "1001010111": 1,
                "0111011001": 1,
                "1111001000": 2,
                "1101111110": 1,
                "1011101001": 1,
                "0000100011": 1,
                "1110100110": 1,
                "1001110011": 1,
                "1000010101": 1,
                "1011011011": 1,
                "1110000110": 1,
                "1101001001": 1,
                "1110001000": 1,
                "0010111110": 1,
                "0111100010": 1,
                "1101101001": 1,
                "1110010011": 1,
                "1001011001": 1,
                "0011110010": 2,
                "1110001111": 1,
                "1111010001": 1,
                "1001010001": 1,
                "1111110010": 1,
                "1001110110": 1,
                "0101011000": 1
            },
            true,
            0.95
        ],
        [
            [
                [
                    -8,
                    3,
                    9
                ],
                [
                    10,
                    -1,
                    4
                ],
                [
                    -4,
                    -6,
                    9
                ],
                [
                    3,
                    -4,
                    -6
                ],
                [
                    -7,
                    1,
                    3
                ],
                [
                    -5,
                    3,
                    -2
                ],
                [
                    -2,
                    -10,
                    8
                ],
                [
                    -7,
                    3,
                    -10
                ],
                [
                    7,
                    -3,
                    10
                ],
                [
                    7,
                    -1,
                    -5
                ],
                [
                    9,
                    -7,
                    5
                ],
                [
                    6,
                    -1,
                    5
                ],
                [
                    -5,
                    6,
                    -3
                ],
                [
                    7,
                    -3,
                    1
                ],
                [
                    8,
                    -9,
                    6
                ],
                [
                    4,
                    -5,
                    -6
                ],
                [
                    -8,
                    -2,
                    -5
                ],
                [
                    9,
                    -8,
                    -2
                ],
                [
                    -6,
                    -1,
                    2
                ],
                [
                    10,
                    6,
                    -9
                ],
                [
                    7,
                    9,
                    -10
                ],
                [
                    8,
                    -5,
                    -2
                ],
                [
                    -5,
                    6,
                    -1
                ],
                [
                    1,
                    10,
                    -9
                ],
                [
                    2,
                    -8,
                    1
                ],
                [
                    2,
                    5,
                    -4
                ],
                [
                    -10,
                    9,
                    8
                ],
                [
                    -7,
                    5,
                    10
                ],
                [
                    -2,
                    7,
                    -4
                ],
                [
                    4,
                    2,
                    10
                ],
                [
                    -8,
                    1,
                    2
                ],
                [
                    5,
                    -7,
                    -6
                ],
                [
                    -5,
                    6,
                    -9
                ],
                [
                    -3,
                    -4,
                    -6
                ],
                [
                    1,
                    8,
                    -7
                ],
                [
                    4,
                    -3,
                    -1
                ],
                [
                    -10,
                    1,
                    6
                ],
                [
                    7,
                    -1,
                    8
                ],
                [
                    8,
                    6,
                    5
                ],
                [
                    -3,
                    9,
                    4
                ],
                [
                    -1,
                    6,
                    -2
                ],
                [
                    4,
                    9,
                    -10
                ],
                [
                    8,
                    -1,
                    3
                ],
                [
                    10,
                    -9,
                    5
                ],
                [
                    3,
                    7,
                    -10
                ]
            ],
            "{   'fun': 0.99,\n    'jac': None,\n    'nfev': 171,\n    'nit': 2,\n    'njev': 19,\n    'x': array([0.64633728, 2.55433418, 0.54532469, 3.11379276, 2.62387962,\n       1.73804859, 2.32003716, 2.62789475])}",
            {
                "0001001100": 1,
                "1111111011": 1,
                "1110001111": 1,
                "0100000011": 1,
                "1011100011": 1,
                "0010100101": 1,
                "1111101011": 1,
                "0110110110": 1,
                "0010100111": 1,
                "1000010110": 1,
                "0001000000": 2,
                "0111100000": 1,
                "0101111110": 1,
                "0010011101": 1,
                "0001000010": 1,
                "0100000000": 1,
                "1001000010": 1,
                "0100100100": 1,
                "1111011110": 1,
                "1010000111": 1,
                "0011000000": 1,
                "1100000011": 1,
                "1001111010": 1,
                "0011000100": 1,
                "1101101110": 1,
                "1000110000": 1,
                "1111101010": 1,
                "1011000100": 1,
                "1110001011": 2,
                "0010010110": 1,
                "1101101001": 1,
                "0000101101": 1,
                "1100110011": 1,
                "0001000101": 1,
                "1000010100": 1,
                "0010111011": 1,
                "0100100101": 1,
                "0110011101": 2,
                "1011111011": 1,
                "1100001101": 1,
                "1010001011": 1,
                "0101010100": 1,
                "0110000011": 1,
                "0100000001": 1,
                "0111001110": 1,
                "1000010000": 1,
                "0011111011": 1,
                "1010111110": 1,
                "0001010000": 1,
                "0000011111": 1,
                "0010001100": 1,
                "1010000010": 1,
                "1111111111": 1,
                "1110010000": 1,
                "1001111110": 1,
                "0011001100": 1,
                "0111001011": 1,
                "0000111000": 1,
                "1001000110": 1,
                "1111010100": 1,
                "1001100100": 1,
                "0010001101": 1,
                "1100000111": 1,
                "1111001000": 1,
                "0010100110": 1,
                "0000011000": 2,
                "1011011011": 1,
                "1111100010": 1,
                "0000110010": 1,
                "0110100111": 1,
                "1001100000": 1,
                "0011101100": 1,
                "1001111000": 1,
                "0011110000": 1,
                "1011011111": 1,
                "0110100100": 2,
                "1100101110": 1,
                "0001101111": 1,
                "0001011110": 1,
                "0100000100": 1,
                "1101100001": 1,
                "1110010001": 1,
                "1110010110": 1,
                "0101001011": 1,
                "0011111000": 1,
                "0111101010": 1,
                "1110000100": 1,
                "1000111101": 1,
                "1000100001": 1,
                "0001100000": 1,
                "1101010000": 1,
                "1001110011": 1,
                "0010101001": 1,
                "0011101111": 1,
                "0010011110": 1
            },
            true,
            0.92
        ],
        [
            [
                [
                    -9,
                    5,
                    -1
                ],
                [
                    9,
                    2,
                    -3
                ],
                [
                    -7,
                    -3,
                    -2
                ],
                [
                    9,
                    -1,
                    5
                ],
                [
                    -3,
                    -1,
                    9
                ],
                [
                    8,
                    -6,
                    -7
                ],
                [
                    -2,
                    -4,
                    10
                ],
                [
                    -7,
                    10,
                    -6
                ],
                [
                    10,
                    -4,
                    8
                ],
                [
                    4,
                    7,
                    1
                ],
                [
                    10,
                    -7,
                    -6
                ],
                [
                    -9,
                    4,
                    7
                ],
                [
                    10,
                    1,
                    -4
                ],
                [
                    5,
                    -1,
                    6
                ],
                [
                    -10,
                    6,
                    -8
                ],
                [
                    5,
                    2,
                    10
                ],
                [
                    -6,
                    2,
                    10
                ],
                [
                    8,
                    -1,
                    -6
                ],
                [
                    -2,
                    4,
                    -8
                ],
                [
                    9,
                    8,
                    -10
                ],
                [
                    -1,
                    -5,
                    6
                ],
                [
                    4,
                    3,
                    6
                ],
                [
                    8,
                    9,
                    -3
                ],
                [
                    4,
                    -6,
                    -9
                ],
                [
                    -5,
                    9,
                    7
                ],
                [
                    3,
                    8,
                    -4
                ],
                [
                    4,
                    6,
                    10
                ],
                [
                    -7,
                    -1,
                    -6
                ],
                [
                    -10,
                    -7,
                    2
                ],
                [
                    -10,
                    -1,
                    5
                ],
                [
                    10,
                    -5,
                    4
                ],
                [
                    -3,
                    5,
                    -8
                ],
                [
                    10,
                    -3,
                    -4
                ],
                [
                    -2,
                    9,
                    -3
                ],
                [
                    2,
                    -5,
                    -7
                ],
                [
                    2,
                    -9,
                    6
                ],
                [
                    7,
                    -5,
                    -1
                ],
                [
                    -5,
                    -6,
                    9
                ],
                [
                    -10,
                    -2,
                    5
                ],
                [
                    7,
                    -8,
                    5
                ],
                [
                    -2,
                    8,
                    6
                ],
                [
                    -10,
                    -1,
                    -4
                ],
                [
                    4,
                    -9,
                    2
                ],
                [
                    1,
                    9,
                    -5
                ],
                [
                    2,
                    3,
                    -8
                ]
            ],
            "{   'fun': 0.96,\n    'jac': None,\n    'nfev': 270,\n    'nit': 2,\n    'njev': 30,\n    'x': array([2.87888611, 0.95784196, 1.84348409, 1.08096319, 2.65358554,\n       0.0342775 , 3.03655751, 1.19110444])}",
            {
                "0101011111": 1,
                "1001101100": 1,
                "1011101110": 1,
                "0011010101": 1,
                "0100100000": 1,
                "1110001000": 1,
                "0000110110": 1,
                "0110010001": 1,
                "1110101000": 1,
                "0000000101": 1,
                "1110100110": 1,
                "0000110001": 1,
                "0111100111": 1,
                "0101100101": 1,
                "0100001111": 1,
                "1100111100": 5,
                "0001000001": 1,
                "1011110001": 1,
                "1001000100": 1,
                "0110010011": 1,
                "0010000000": 1,
                "0001001101": 1,
                "1100010100": 2,
                "0101110011": 1,
                "1010001001": 1,
                "1101011111": 1,
                "1100101100": 4,
                "1010100001": 2,
                "1010001101": 1,
                "1110110110": 1,
                "0010010101": 1,
                "0100100010": 1,
                "0000110101": 1,
                "1111100111": 1,
                "1110111100": 2,
                "1110101100": 1,
                "0001111100": 1,
                "1110111010": 4,
                "0101011000": 1,
                "0000111101": 1,
                "1110111110": 2,
                "1100111110": 6,
                "0001011011": 1,
                "0111001010": 1,
                "0010011010": 1,
                "0010001101": 1,
                "1011100110": 1,
                "0000110111": 1,
                "1001001001": 1,
                "0010100001": 1,
                "0000011011": 1,
                "0010000010": 1,
                "0100101100": 1,
                "0001001111": 1,
                "0110001001": 1,
                "1111110110": 1,
                "0110100011": 1,
                "1101100010": 1,
                "1111001100": 1,
                "0011000110": 1,
                "0111001111": 2,
                "0101011100": 1,
                "0101001001": 1,
                "0010001111": 1,
                "0010101011": 1,
                "1010001000": 1,
                "1100111001": 1,
                "1101001000": 1,
                "0011111000": 1,
                "0011100111": 1,
                "1011001101": 1,
                "0110001110": 1,
                "1001100111": 1,
                "1110111001": 1,
                "0100001010": 1,
                "0100110000": 1,
                "1100100111": 2,
                "0111101101": 2
            },
            true,
            0.66
        ],
        [
            [
                [
                    10,
                    8,
                    3
                ],
                [
                    2,
                    9,
                    6
                ],
                [
                    10,
                    1,
                    -6
                ],
                [
                    2,
                    7,
                    -9
                ],
                [
                    7,
                    -9,
                    -4
                ],
                [
                    -9,
                    -7,
                    -4
                ],
                [
                    6,
                    5,
                    4
                ],
                [
                    10,
                    4,
                    7
                ],
                [
                    -8,
                    1,
                    3
                ],
                [
                    -9,
                    1,
                    5
                ],
                [
                    1,
                    -2,
                    -6
                ],
                [
                    10,
                    -5,
                    -6
                ],
                [
                    10,
                    -4,
                    -3
                ],
                [
                    -1,
                    -3,
                    6
                ],
                [
                    10,
                    2,
                    5
                ],
                [
                    7,
                    8,
                    -3
                ],
                [
                    -7,
                    -10,
                    -4
                ],
                [
                    3,
                    8,
                    -4
                ],
                [
                    -9,
                    8,
                    -1
                ],
                [
                    -2,
                    -10,
                    -7
                ],
                [
                    5,
                    1,
                    9
                ],
                [
                    -10,
                    4,
                    -8
                ],
                [
                    4,
                    2,
                    7
                ],
                [
                    9,
                    1,
                    -10
                ],
                [
                    -2,
                    -4,
                    -3
                ],
                [
                    -8,
                    -9,
                    1
                ],
                [
                    9,
                    -5,
                    3
                ],
                [
                    7,
                    -2,
                    3
                ],
                [
                    2,
                    8,
                    -10
                ],
                [
                    7,
                    -3,
                    -4
                ],
                [
                    -1,
                    3,
                    -2
                ],
                [
                    -6,
                    -4,
                    10
                ],
                [
                    -1,
                    10,
                    4
                ],
                [
                    -8,
                    -1,
                    3
                ],
                [
                    6,
                    -4,
                    -8
                ],
                [
                    -4,
                    2,
                    -6
                ],
                [
                    -3,
                    -9,
                    -8
                ],
                [
                    -8,
                    -4,
                    10
                ],
                [
                    -7,
                    -4,
                    3
                ],
                [
                    -1,
                    -7,
                    -6
                ],
                [
                    10,
                    2,
                    9
                ],
                [
                    -7,
                    -10,
                    6
                ],
                [
                    -4,
                    3,
                    -1
                ],
                [
                    4,
                    3,
                    9
                ],
                [
                    9,
                    -1,
                    3
                ]
            ],
            "{   'fun': 0.98,\n    'jac': None,\n    'nfev': 162,\n    'nit': 1,\n    'njev': 18,\n    'x': array([2.97225185, 1.92919814, 2.22614415, 1.43966532, 1.15023207,\n       1.71696454, 0.9061316 , 2.48152484])}",
            {
                "0110000100": 1,
                "0100011010": 1,
                "0010111001": 1,
                "0010110101": 1,
                "1010001100": 1,
                "1111101000": 1,
                "1111000000": 1,
                "1110111011": 1,
                "0001001011": 1,
                "0011000100": 1,
                "0101100010": 1,
                "1111010010": 1,
                "0111101011": 1,
                "1110000011": 1,
                "1101110000": 1,
                "0111000001": 1,
                "1011101011": 1,
                "1010101011": 1,
                "0010101000": 1,
                "0110111100": 1,
                "1011101101": 1,
                "0101010110": 2,
                "1101110100": 1,
                "1110111100": 1,
                "0100101110": 1,
                "1000000111": 1,
                "1100101010": 1,
                "0011010110": 1,
                "0000110101": 1,
                "0001011101": 1,
                "1101000000": 1,
                "0110000011": 1,
                "1110010101": 1,
                "0011011000": 1,
                "1100100011": 1,
                "1000000010": 1,
                "0101100000": 2,
                "0011100001": 1,
                "0111011100": 1,
                "0101010001": 1,
                "1000111011": 1,
                "0101010010": 1,
                "0010001110": 2,
                "0100010100": 2,
                "0100100001": 1,
                "0000111011": 1,
                "1100110001": 1,
                "0111011000": 1,
                "1000010010": 2,
                "1010110110": 1,
                "1100100110": 1,
                "0101010100": 1,
                "1010001011": 1,
                "0111000100": 2,
                "1011110100": 1,
                "1011111110": 1,
                "1111100101": 1,
                "0101110011": 1,
                "1000111111": 1,
                "1100000001": 1,
                "1001111110": 1,
                "0000100110": 1,
                "1010010101": 1,
                "0101011111": 1,
                "0111010110": 1,
                "1001011110": 1,
                "1000101001": 2,
                "0110100110": 1,
                "1101101101": 1,
                "1000010011": 1,
                "0011010011": 1,
                "0000010011": 1,
                "1010000110": 1,
                "1001001011": 2,
                "1011101100": 1,
                "0100001111": 1,
                "0110011011": 1,
                "0011010000": 2,
                "1010101100": 1,
                "0000111101": 1,
                "1011000010": 1,
                "0001110010": 1,
                "1001010111": 1,
                "0010011101": 1,
                "1010010011": 1,
                "0001010110": 1,
                "1001111001": 1,
                "0100111000": 1,
                "1101000110": 1,
                "1100101011": 1,
                "0010111101": 1
            },
            true,
            0.9
        ]
    ]
}