{
    "n": 10,
    "m": 45,
    "results": [
        [
            [
                [
                    -10,
                    -9,
                    4
                ],
                [
                    4,
                    -5,
                    -1
                ],
                [
                    -2,
                    3,
                    5
                ],
                [
                    -1,
                    7,
                    -3
                ],
                [
                    2,
                    4,
                    -5
                ],
                [
                    -3,
                    -7,
                    -10
                ],
                [
                    7,
                    1,
                    4
                ],
                [
                    10,
                    2,
                    5
                ],
                [
                    4,
                    -8,
                    -6
                ],
                [
                    2,
                    -3,
                    9
                ],
                [
                    8,
                    3,
                    1
                ],
                [
                    -8,
                    -2,
                    4
                ],
                [
                    3,
                    -6,
                    -8
                ],
                [
                    9,
                    5,
                    4
                ],
                [
                    5,
                    2,
                    7
                ],
                [
                    7,
                    -8,
                    10
                ],
                [
                    7,
                    6,
                    -10
                ],
                [
                    -5,
                    7,
                    -4
                ],
                [
                    3,
                    4,
                    10
                ],
                [
                    1,
                    3,
                    5
                ],
                [
                    3,
                    -9,
                    2
                ],
                [
                    -7,
                    6,
                    4
                ],
                [
                    8,
                    -5,
                    7
                ],
                [
                    -8,
                    -7,
                    -1
                ],
                [
                    -2,
                    9,
                    10
                ],
                [
                    -4,
                    -9,
                    -1
                ],
                [
                    9,
                    3,
                    -5
                ],
                [
                    -3,
                    5,
                    -6
                ],
                [
                    -4,
                    1,
                    2
                ],
                [
                    2,
                    9,
                    -5
                ],
                [
                    2,
                    -5,
                    -10
                ],
                [
                    2,
                    -6,
                    -5
                ],
                [
                    1,
                    -10,
                    -8
                ],
                [
                    -7,
                    9,
                    -5
                ],
                [
                    -3,
                    -2,
                    1
                ],
                [
                    -5,
                    -6,
                    -4
                ],
                [
                    -8,
                    -7,
                    5
                ],
                [
                    3,
                    6,
                    7
                ],
                [
                    7,
                    -1,
                    5
                ],
                [
                    -6,
                    -5,
                    3
                ],
                [
                    -2,
                    -4,
                    -5
                ],
                [
                    -4,
                    7,
                    9
                ],
                [
                    6,
                    10,
                    -8
                ],
                [
                    2,
                    1,
                    -5
                ],
                [
                    6,
                    -1,
                    -9
                ]
            ],
            "{   'fun': 1.0,\n    'jac': None,\n    'nfev': 17,\n    'nit': 0,\n    'njev': 1,\n    'x': array([0.07271878, 0.08518428, 2.49748869, 0.8393808 , 1.76215289,\n       1.68291279, 2.48651562, 2.64260122, 2.58572401, 0.04774246,\n       1.62396976, 3.0400057 , 0.48383555, 1.06155082, 2.31572148,\n       2.38593535])}",
            {
                "0011111001": 1,
                "1101110111": 1,
                "1010111000": 1,
                "1011000111": 1,
                "0010100100": 1,
                "1110011100": 1,
                "0001110000": 1,
                "1011101001": 1,
                "1001100010": 1,
                "1111111110": 1,
                "0101100110": 1,
                "0100000101": 1,
                "1011111110": 1,
                "1001001000": 1,
                "0111011010": 1,
                "1110011000": 1,
                "1000001001": 1,
                "1001100101": 1,
                "1010011001": 1,
                "0010111101": 1,
                "1001101110": 1,
                "0111100111": 1,
                "1110111001": 1,
                "0110001110": 1,
                "1111101011": 1,
                "0011001110": 1,
                "0011011001": 1,
                "1101001000": 2,
                "1110110101": 1,
                "0100000001": 1,
                "1101000110": 1,
                "1101000001": 1,
                "1101000010": 1,
                "0011001001": 1,
                "0110001000": 1,
                "1110010011": 1,
                "1101110000": 1,
                "0010101011": 1,
                "0110011000": 1,
                "1110110100": 1,
                "1101101101": 1,
                "1001101011": 1,
                "1001001010": 1,
                "0001100011": 1,
                "0101010010": 1,
                "0010011100": 1,
                "0111101100": 1,
                "0011000011": 2,
                "1110000010": 1,
                "1000111000": 1,
                "1100001101": 1,
                "0011100101": 1,
                "1011110100": 1,
                "0000111010": 1,
                "0101110101": 1,
                "0110001011": 1,
                "1111011110": 1,
                "0101001100": 1,
                "0000011110": 2,
                "1100110011": 1,
                "0001100001": 1,
                "0101010011": 1,
                "1000000110": 1,
                "1101011100": 2,
                "0001010001": 1,
                "0011101011": 1,
                "1011000000": 1,
                "1100001010": 1,
                "0100000000": 1,
                "0001111111": 1,
                "0000101000": 1,
                "1000001101": 1,
                "0100111011": 1,
                "0001001101": 1,
                "0000001110": 1,
                "0101000011": 1,
                "1100101110": 1,
                "0001001100": 1,
                "1000100110": 1,
                "0110010010": 1,
                "1010100010": 1,
                "0110000110": 1,
                "1111100011": 1,
                "1111000001": 1,
                "0000110001": 1,
                "0100110110": 1,
                "1000110001": 1,
                "1100010001": 1,
                "1101101010": 1,
                "1000100011": 1,
                "0011101101": 1,
                "1111001000": 1,
                "0000011011": 1,
                "1111100110": 1,
                "0111100010": 1,
                "0001001001": 1
            },
            false,
            1.0
        ],
        [
            [
                [
                    3,
                    -4,
                    -9
                ],
                [
                    7,
                    -9,
                    -2
                ],
                [
                    3,
                    -9,
                    -1
                ],
                [
                    3,
                    1,
                    10
                ],
                [
                    -2,
                    7,
                    10
                ],
                [
                    1,
                    -10,
                    -5
                ],
                [
                    -9,
                    -2,
                    -4
                ],
                [
                    -9,
                    5,
                    1
                ],
                [
                    1,
                    -5,
                    3
                ],
                [
                    10,
                    -4,
                    -5
                ],
                [
                    -6,
                    9,
                    2
                ],
                [
                    -10,
                    3,
                    -8
                ],
                [
                    6,
                    -8,
                    2
                ],
                [
                    -8,
                    4,
                    10
                ],
                [
                    1,
                    9,
                    -5
                ],
                [
                    9,
                    1,
                    4
                ],
                [
                    2,
                    6,
                    7
                ],
                [
                    -7,
                    4,
                    2
                ],
                [
                    9,
                    -8,
                    -2
                ],
                [
                    -3,
                    6,
                    7
                ],
                [
                    -5,
                    7,
                    1
                ],
                [
                    10,
                    5,
                    8
                ],
                [
                    2,
                    -7,
                    3
                ],
                [
                    4,
                    1,
                    -6
                ],
                [
                    5,
                    1,
                    -4
                ],
                [
                    -4,
                    -7,
                    2
                ],
                [
                    -7,
                    1,
                    5
                ],
                [
                    -3,
                    -2,
                    8
                ],
                [
                    -10,
                    -3,
                    2
                ],
                [
                    7,
                    -2,
                    -4
                ],
                [
                    10,
                    4,
                    -9
                ],
                [
                    -4,
                    2,
                    8
                ],
                [
                    5,
                    -10,
                    9
                ],
                [
                    -4,
                    6,
                    2
                ],
                [
                    -2,
                    4,
                    8
                ],
                [
                    -8,
                    -9,
                    2
                ],
                [
                    4,
                    10,
                    -6
                ],
                [
                    -6,
                    8,
                    -7
                ],
                [
                    5,
                    -1,
                    -3
                ],
                [
                    6,
                    -10,
                    -8
                ],
                [
                    4,
                    7,
                    -5
                ],
                [
                    9,
                    6,
                    -5
                ],
                [
                    -3,
                    10,
                    -8
                ],
                [
                    -3,
                    -10,
                    5
                ],
                [
                    -6,
                    -1,
                    7
                ]
            ],
            "{   'fun': 1.0,\n    'jac': None,\n    'nfev': 357,\n    'nit': 0,\n    'njev': 21,\n    'x': array([0.52740253, 0.17713412, 0.19211593, 0.02383559, 1.32984143,\n       1.60249976, 1.62505177, 2.34059286, 1.6666536 , 1.0587211 ,\n       1.21780493, 0.12920819, 2.0136214 , 2.25877179, 1.60499451,\n       0.67771998])}",
            {
                "0101101000": 1,
                "0001000111": 1,
                "1110111011": 1,
                "0111100101": 1,
                "0101000111": 1,
                "0100101011": 1,
                "0101001100": 1,
                "0001001000": 1,
                "0101111001": 1,
                "0111111111": 1,
                "0000111011": 1,
                "0111000101": 1,
                "1111010011": 1,
                "1001010110": 1,
                "1011100001": 2,
                "0010000010": 1,
                "1000011101": 1,
                "1001001001": 1,
                "0011110101": 1,
                "0000010111": 1,
                "1011010001": 1,
                "1111011001": 1,
                "0110100110": 1,
                "1100100000": 1,
                "1010010001": 1,
                "1010110010": 2,
                "1011000101": 1,
                "1111010001": 1,
                "0110101011": 1,
                "1101000101": 1,
                "1110111101": 1,
                "1001100110": 1,
                "1101010100": 1,
                "0111110001": 1,
                "1111111011": 1,
                "1101001110": 1,
                "1100101111": 1,
                "0110001010": 1,
                "1001100101": 1,
                "1110111110": 1,
                "1011101111": 1,
                "1011001111": 1,
                "0101111011": 1,
                "0111011011": 1,
                "0110111110": 1,
                "1111101101": 1,
                "1101100011": 1,
                "0111000011": 1,
                "1110011100": 1,
                "1011000010": 1,
                "1111001001": 1,
                "0011100100": 1,
                "1001110010": 1,
                "1000010001": 1,
                "1111010100": 1,
                "0011010010": 1,
                "1001101000": 1,
                "0100101000": 1,
                "1011110011": 1,
                "1010001010": 1,
                "1000011010": 1,
                "0100000110": 1,
                "0001000101": 1,
                "0011110011": 1,
                "1011000001": 2,
                "0101010110": 1,
                "1000101101": 1,
                "0111011110": 1,
                "1100110000": 1,
                "0111000110": 1,
                "0110011101": 1,
                "0100010010": 1,
                "0110011011": 1,
                "0100101001": 1,
                "1001101001": 1,
                "0100100011": 1,
                "0101100000": 2,
                "0001111011": 1,
                "0101000001": 1,
                "0100000000": 1,
                "1001110111": 1,
                "1110101111": 1,
                "0010000101": 1,
                "0111000001": 2,
                "1110101100": 1,
                "0100110111": 1,
                "1011011101": 2,
                "1100010110": 1,
                "0011101011": 1,
                "1011000111": 1,
                "0000001010": 1,
                "1000100110": 1,
                "1100010111": 2
            },
            false,
            0.98
        ],
        [
            [
                [
                    2,
                    -8,
                    -3
                ],
                [
                    3,
                    10,
                    -6
                ],
                [
                    -7,
                    5,
                    -9
                ],
                [
                    -5,
                    -9,
                    -1
                ],
                [
                    -1,
                    9,
                    -2
                ],
                [
                    4,
                    1,
                    -8
                ],
                [
                    -1,
                    6,
                    10
                ],
                [
                    -4,
                    6,
                    -7
                ],
                [
                    -9,
                    -6,
                    4
                ],
                [
                    -10,
                    2,
                    -1
                ],
                [
                    -1,
                    6,
                    -5
                ],
                [
                    -1,
                    7,
                    10
                ],
                [
                    -1,
                    10,
                    2
                ],
                [
                    6,
                    9,
                    7
                ],
                [
                    7,
                    -1,
                    3
                ],
                [
                    4,
                    5,
                    10
                ],
                [
                    2,
                    -9,
                    -10
                ],
                [
                    -10,
                    -1,
                    3
                ],
                [
                    9,
                    -7,
                    1
                ],
                [
                    -1,
                    -2,
                    -6
                ],
                [
                    4,
                    7,
                    -3
                ],
                [
                    -3,
                    10,
                    -4
                ],
                [
                    7,
                    8,
                    9
                ],
                [
                    -10,
                    -8,
                    1
                ],
                [
                    -4,
                    2,
                    -5
                ],
                [
                    7,
                    -4,
                    -10
                ],
                [
                    -3,
                    5,
                    1
                ],
                [
                    -4,
                    -10,
                    2
                ],
                [
                    -1,
                    10,
                    7
                ],
                [
                    -4,
                    -7,
                    -3
                ],
                [
                    -8,
                    3,
                    7
                ],
                [
                    -4,
                    -9,
                    -5
                ],
                [
                    -8,
                    -4,
                    -3
                ],
                [
                    10,
                    -7,
                    8
                ],
                [
                    7,
                    -8,
                    -4
                ],
                [
                    -1,
                    8,
                    -2
                ],
                [
                    -10,
                    -1,
                    -2
                ],
                [
                    -9,
                    -8,
                    3
                ],
                [
                    -2,
                    1,
                    -6
                ],
                [
                    -8,
                    -1,
                    4
                ],
                [
                    10,
                    5,
                    -6
                ],
                [
                    9,
                    7,
                    6
                ],
                [
                    -3,
                    10,
                    9
                ],
                [
                    9,
                    7,
                    10
                ],
                [
                    -8,
                    -7,
                    -2
                ]
            ],
            "{   'fun': 0.98,\n    'jac': None,\n    'nfev': 357,\n    'nit': 0,\n    'njev': 21,\n    'x': array([1.48071935, 0.0954396 , 2.1734847 , 1.06912731, 2.42272838,\n       2.07750153, 1.7463542 , 2.86819155, 2.01533095, 0.17313298,\n       2.22046682, 1.28221917, 0.60161809, 0.30824827, 0.32188582,\n       1.1411655 ])}",
            {
                "1011101111": 1,
                "0100010011": 1,
                "1001111011": 1,
                "0000110110": 1,
                "1100110110": 1,
                "0111011100": 1,
                "1110101011": 1,
                "1000100111": 1,
                "1100001011": 1,
                "1011110111": 1,
                "0101000011": 1,
                "1110100011": 1,
                "1000010111": 1,
                "0000110000": 1,
                "0011000101": 1,
                "0111100110": 1,
                "0101010001": 1,
                "0101001100": 1,
                "1110001011": 1,
                "1001010110": 1,
                "0000001110": 1,
                "0111011111": 1,
                "0111101001": 1,
                "1101010011": 1,
                "1010111000": 1,
                "1011110100": 1,
                "1101000000": 1,
                "1010011001": 1,
                "0100001000": 1,
                "1000000101": 1,
                "0101101000": 1,
                "0011011101": 1,
                "1000010100": 1,
                "1001001101": 2,
                "0011001001": 1,
                "1001011100": 1,
                "1010101011": 1,
                "1101001000": 1,
                "1110101101": 1,
                "1100100010": 1,
                "1101010101": 1,
                "0011110101": 1,
                "0000101000": 1,
                "1010100100": 1,
                "0110011000": 1,
                "0000000010": 1,
                "1000000011": 1,
                "1100110010": 1,
                "0010101010": 1,
                "1000100101": 1,
                "1000101001": 1,
                "0001010111": 1,
                "0101010011": 1,
                "1000101100": 1,
                "0111001011": 1,
                "0101011011": 1,
                "0111101000": 1,
                "0101110100": 1,
                "1100101111": 1,
                "0001100010": 1,
                "0010001010": 1,
                "1100111111": 1,
                "0110001100": 1,
                "1001000000": 1,
                "0100111001": 1,
                "1000110100": 1,
                "1100101001": 1,
                "1001010010": 1,
                "0010010000": 1,
                "1111110001": 1,
                "1111011100": 1,
                "1001110001": 1,
                "0010111001": 1,
                "0001101011": 1,
                "1110001100": 1,
                "0111000000": 2,
                "0110101011": 1,
                "1011000111": 1,
                "1111101111": 1,
                "0100010001": 1,
                "1100010100": 1,
                "1000111111": 1,
                "1011100001": 1,
                "0011001110": 1,
                "1101110100": 1,
                "0110010000": 1,
                "1010101001": 1,
                "0100010000": 1,
                "0111110111": 1,
                "1111010010": 1,
                "1001110010": 1,
                "0101100101": 1,
                "0011011011": 1,
                "0100011100": 1,
                "1101111011": 3,
                "1010001111": 1
            },
            true,
            0.94
        ],
        [
            [
                [
                    -2,
                    10,
                    4
                ],
                [
                    2,
                    9,
                    -5
                ],
                [
                    3,
                    -7,
                    -1
                ],
                [
                    -7,
                    2,
                    1
                ],
                [
                    -5,
                    -7,
                    1
                ],
                [
                    -8,
                    -1,
                    7
                ],
                [
                    -5,
                    2,
                    -8
                ],
                [
                    -2,
                    7,
                    4
                ],
                [
                    1,
                    -4,
                    -5
                ],
                [
                    -4,
                    7,
                    5
                ],
                [
                    1,
                    8,
                    -4
                ],
                [
                    6,
                    -8,
                    2
                ],
                [
                    -4,
                    9,
                    -1
                ],
                [
                    6,
                    3,
                    -5
                ],
                [
                    5,
                    6,
                    9
                ],
                [
                    -4,
                    5,
                    -6
                ],
                [
                    -8,
                    7,
                    -2
                ],
                [
                    -8,
                    -5,
                    -4
                ],
                [
                    2,
                    3,
                    -1
                ],
                [
                    -4,
                    2,
                    -5
                ],
                [
                    -9,
                    -3,
                    -7
                ],
                [
                    -8,
                    -9,
                    -10
                ],
                [
                    1,
                    4,
                    -6
                ],
                [
                    2,
                    1,
                    10
                ],
                [
                    -9,
                    6,
                    -3
                ],
                [
                    2,
                    -5,
                    9
                ],
                [
                    -9,
                    -7,
                    6
                ],
                [
                    -6,
                    -9,
                    3
                ],
                [
                    3,
                    5,
                    -6
                ],
                [
                    -2,
                    -9,
                    -3
                ],
                [
                    -10,
                    1,
                    -7
                ],
                [
                    7,
                    -9,
                    -4
                ],
                [
                    -2,
                    -4,
                    6
                ],
                [
                    -3,
                    5,
                    -6
                ],
                [
                    7,
                    6,
                    9
                ],
                [
                    -2,
                    -7,
                    1
                ],
                [
                    2,
                    1,
                    5
                ],
                [
                    4,
                    -1,
                    -2
                ],
                [
                    -5,
                    8,
                    4
                ],
                [
                    -3,
                    9,
                    2
                ],
                [
                    -9,
                    -2,
                    -1
                ],
                [
                    -8,
                    -5,
                    -3
                ],
                [
                    5,
                    -6,
                    7
                ],
                [
                    -6,
                    -4,
                    3
                ],
                [
                    -2,
                    4,
                    1
                ]
            ],
            "{   'fun': 1.0,\n    'jac': None,\n    'nfev': 17,\n    'nit': 0,\n    'njev': 1,\n    'x': array([1.33487669, 1.00900965, 0.22807744, 0.60074661, 0.88076112,\n       0.31796452, 2.1276346 , 2.22580558, 1.02628103, 2.59942956,\n       1.58516241, 1.45514712, 1.53900416, 1.17033285, 0.20420515,\n       0.34428298])}",
            {
                "0101111111": 1,
                "0101001010": 1,
                "1011001011": 1,
                "0101001111": 1,
                "0010110000": 1,
                "1111110101": 1,
                "0110110110": 1,
                "0110101110": 1,
                "0000000000": 1,
                "0000101111": 1,
                "1100011101": 1,
                "1100101010": 1,
                "1010110000": 1,
                "1100010101": 1,
                "0011010001": 1,
                "0110111110": 1,
                "0100111111": 1,
                "0011110111": 1,
                "1011011110": 1,
                "1010010110": 1,
                "0000100100": 1,
                "1000111010": 1,
                "1110111111": 1,
                "0011111110": 1,
                "0010110001": 1,
                "1001101100": 1,
                "0111100001": 1,
                "0010011111": 1,
                "0110100010": 1,
                "0100111110": 1,
                "1100010111": 2,
                "1000110110": 1,
                "1001110100": 1,
                "1011101111": 1,
                "1000011110": 1,
                "1011001110": 1,
                "0010010011": 1,
                "1000000010": 1,
                "1011110001": 1,
                "0111101111": 1,
                "0111000101": 1,
                "1101010100": 1,
                "0011011100": 1,
                "1001101011": 1,
                "1011111000": 1,
                "0101100110": 1,
                "1100110100": 1,
                "0010000011": 1,
                "0111111110": 1,
                "0101101110": 1,
                "1000011001": 1,
                "0101101010": 1,
                "1011010110": 1,
                "1011111111": 1,
                "0010010100": 1,
                "1101011001": 1,
                "1111101100": 1,
                "0100000101": 2,
                "1011110111": 1,
                "1001010010": 1,
                "0010001010": 1,
                "0110001011": 1,
                "0011101011": 1,
                "0001010001": 1,
                "1101010001": 1,
                "0011010111": 1,
                "1110010011": 1,
                "1101110100": 1,
                "1011111001": 1,
                "1011100001": 1,
                "0011001110": 1,
                "0111011111": 1,
                "0001100111": 1,
                "0000000001": 1,
                "1111101011": 1,
                "1000010111": 1,
                "1110110110": 1,
                "0101001110": 1,
                "0000010111": 1,
                "0010111101": 1,
                "0010110010": 1,
                "1000100100": 1,
                "1110011101": 1,
                "0011111111": 1,
                "1101001000": 1,
                "0100110011": 1,
                "1000101111": 1,
                "0010111111": 1,
                "1101111100": 1,
                "0011010101": 1,
                "0111011100": 1,
                "0100001101": 1,
                "1000101000": 1,
                "0010111110": 1,
                "1100011010": 1,
                "1110110001": 1,
                "0011101010": 1,
                "1100110001": 1
            },
            false,
            1.0
        ],
        [
            [
                [
                    -1,
                    -3,
                    -5
                ],
                [
                    9,
                    6,
                    -5
                ],
                [
                    1,
                    -4,
                    -7
                ],
                [
                    4,
                    -7,
                    5
                ],
                [
                    3,
                    -7,
                    5
                ],
                [
                    2,
                    1,
                    4
                ],
                [
                    5,
                    -4,
                    -1
                ],
                [
                    -3,
                    7,
                    2
                ],
                [
                    9,
                    1,
                    -6
                ],
                [
                    6,
                    -7,
                    8
                ],
                [
                    -6,
                    -3,
                    9
                ],
                [
                    -10,
                    6,
                    -2
                ],
                [
                    2,
                    -8,
                    7
                ],
                [
                    -7,
                    8,
                    -2
                ],
                [
                    9,
                    4,
                    -7
                ],
                [
                    -7,
                    5,
                    -1
                ],
                [
                    1,
                    -5,
                    -4
                ],
                [
                    -3,
                    -5,
                    9
                ],
                [
                    10,
                    1,
                    -7
                ],
                [
                    5,
                    -10,
                    3
                ],
                [
                    -2,
                    1,
                    9
                ],
                [
                    8,
                    -10,
                    -2
                ],
                [
                    2,
                    5,
                    7
                ],
                [
                    1,
                    3,
                    -5
                ],
                [
                    10,
                    4,
                    2
                ],
                [
                    -2,
                    -10,
                    7
                ],
                [
                    10,
                    -9,
                    -6
                ],
                [
                    -1,
                    5,
                    10
                ],
                [
                    2,
                    -6,
                    -7
                ],
                [
                    -9,
                    -7,
                    8
                ],
                [
                    1,
                    -9,
                    2
                ],
                [
                    -6,
                    8,
                    -3
                ],
                [
                    2,
                    -3,
                    4
                ],
                [
                    1,
                    8,
                    5
                ],
                [
                    -5,
                    2,
                    7
                ],
                [
                    4,
                    8,
                    -5
                ],
                [
                    -10,
                    -8,
                    7
                ],
                [
                    9,
                    3,
                    -7
                ],
                [
                    -1,
                    3,
                    2
                ],
                [
                    2,
                    7,
                    -6
                ],
                [
                    9,
                    -5,
                    6
                ],
                [
                    4,
                    -7,
                    -3
                ],
                [
                    6,
                    -2,
                    1
                ],
                [
                    6,
                    3,
                    -5
                ],
                [
                    7,
                    4,
                    9
                ]
            ],
            "{   'fun': 0.98,\n    'jac': None,\n    'nfev': 357,\n    'nit': 0,\n    'njev': 21,\n    'x': array([1.35547066, 0.56570572, 1.36489077, 2.7854499 , 2.08535372,\n       2.61884749, 1.29102271, 2.15145623, 2.01627936, 0.45033675,\n       0.66518797, 0.09883824, 1.79835481, 1.74181394, 1.82882941,\n       0.02556421])}",
            {
                "1011111101": 1,
                "1101010110": 1,
                "0011100101": 1,
                "1011001001": 1,
                "1111110011": 1,
                "1110011011": 1,
                "1000111001": 1,
                "1101011110": 1,
                "1000011001": 1,
                "0001100010": 1,
                "1111111011": 2,
                "1101000100": 1,
                "1000100010": 1,
                "1110111001": 1,
                "0110001110": 1,
                "1110111010": 1,
                "0111110100": 1,
                "1010000000": 1,
                "1100101010": 1,
                "1000000111": 1,
                "0111100101": 1,
                "0111110111": 1,
                "1000111010": 1,
                "0010101001": 1,
                "0111101111": 1,
                "1011011010": 1,
                "1110011110": 1,
                "1000100100": 1,
                "1000010101": 1,
                "0101101110": 1,
                "1010110010": 1,
                "0000100000": 2,
                "0000000011": 2,
                "0001110111": 1,
                "0000011001": 1,
                "1001001011": 2,
                "1101010111": 1,
                "0101001111": 1,
                "1111000100": 3,
                "1011100110": 2,
                "1111110110": 1,
                "1010100110": 1,
                "0011001010": 1,
                "1110001000": 1,
                "0110111100": 1,
                "1111100010": 1,
                "0110001001": 1,
                "1000000011": 1,
                "0001011101": 1,
                "1001011101": 1,
                "1111011000": 1,
                "1011000001": 1,
                "1001011111": 1,
                "1011010100": 1,
                "1111100000": 1,
                "0001000010": 1,
                "0001010110": 1,
                "0101001110": 1,
                "1011100111": 1,
                "0100011111": 1,
                "0001001111": 1,
                "1011011111": 1,
                "0000100001": 1,
                "0010001011": 1,
                "1100101001": 1,
                "0111100010": 1,
                "1110000111": 1,
                "1000100101": 1,
                "1100011101": 1,
                "1000011000": 1,
                "1011100001": 1,
                "1101101000": 1,
                "0100011001": 2,
                "0110001101": 1,
                "0100110110": 1,
                "1100100001": 1,
                "1001100001": 1,
                "0100101000": 1,
                "0100101100": 1,
                "0100011011": 1,
                "1101010000": 1,
                "0001100000": 1,
                "0001110001": 2,
                "1111110111": 1,
                "1101011111": 1,
                "1000111111": 1,
                "1110000000": 1,
                "0110101010": 1,
                "0001100011": 1,
                "0000011111": 1,
                "1110001110": 1
            },
            true,
            0.92
        ]
    ]
}