{
    "n": 10,
    "m": 45,
    "results": [
        [
            [
                [
                    4,
                    9,
                    -5
                ],
                [
                    10,
                    -7,
                    -6
                ],
                [
                    4,
                    -7,
                    9
                ],
                [
                    7,
                    -2,
                    4
                ],
                [
                    -5,
                    2,
                    10
                ],
                [
                    4,
                    5,
                    9
                ],
                [
                    9,
                    -3,
                    2
                ],
                [
                    2,
                    -1,
                    4
                ],
                [
                    2,
                    5,
                    -4
                ],
                [
                    10,
                    1,
                    2
                ],
                [
                    -6,
                    8,
                    9
                ],
                [
                    -3,
                    1,
                    6
                ],
                [
                    -1,
                    3,
                    5
                ],
                [
                    -3,
                    -6,
                    -9
                ],
                [
                    8,
                    -3,
                    5
                ],
                [
                    -1,
                    -9,
                    -5
                ],
                [
                    -7,
                    8,
                    -4
                ],
                [
                    2,
                    -7,
                    6
                ],
                [
                    3,
                    -1,
                    -5
                ],
                [
                    -2,
                    6,
                    3
                ],
                [
                    9,
                    -7,
                    4
                ],
                [
                    -5,
                    2,
                    3
                ],
                [
                    2,
                    9,
                    5
                ],
                [
                    10,
                    -5,
                    -8
                ],
                [
                    6,
                    -9,
                    4
                ],
                [
                    -6,
                    -1,
                    10
                ],
                [
                    8,
                    -7,
                    -10
                ],
                [
                    3,
                    -1,
                    -4
                ],
                [
                    10,
                    2,
                    8
                ],
                [
                    2,
                    10,
                    4
                ],
                [
                    -10,
                    -8,
                    -9
                ],
                [
                    -5,
                    -7,
                    -1
                ],
                [
                    7,
                    -6,
                    -5
                ],
                [
                    -9,
                    -7,
                    3
                ],
                [
                    -10,
                    8,
                    -1
                ],
                [
                    -9,
                    -4,
                    -10
                ],
                [
                    1,
                    -7,
                    4
                ],
                [
                    10,
                    -3,
                    -6
                ],
                [
                    6,
                    5,
                    -4
                ],
                [
                    10,
                    -8,
                    -1
                ],
                [
                    1,
                    -6,
                    9
                ],
                [
                    -8,
                    -4,
                    -9
                ],
                [
                    -2,
                    6,
                    -4
                ],
                [
                    2,
                    -7,
                    8
                ],
                [
                    -7,
                    -4,
                    -5
                ]
            ],
            "{   'fun': 1.0,\n    'jac': None,\n    'nfev': 252,\n    'nit': 2,\n    'njev': 28,\n    'x': array([2.43056353, 2.58611355, 1.58920063, 1.27968746, 0.28672321,\n       1.39678086, 2.72992658, 1.35220089])}",
            {
                "1010000000": 1,
                "1000011111": 1,
                "1111000010": 1,
                "1001101101": 1,
                "0111111001": 1,
                "1110111100": 1,
                "1111011110": 1,
                "0100010011": 1,
                "0000100001": 1,
                "0001000110": 1,
                "1011110001": 1,
                "1100010100": 1,
                "0010011001": 1,
                "0111000110": 1,
                "0110001001": 1,
                "0000111101": 1,
                "0110101101": 1,
                "1100100111": 1,
                "0100110011": 2,
                "0110101011": 1,
                "1111100010": 1,
                "1110000111": 1,
                "1100110011": 1,
                "0010000000": 1,
                "0111000111": 1,
                "1111100100": 1,
                "0110011101": 1,
                "1001000110": 1,
                "0101111011": 1,
                "1111000110": 1,
                "0000100011": 1,
                "1010111000": 1,
                "1111011000": 1,
                "1000101000": 1,
                "1010111111": 1,
                "1110111010": 1,
                "0111001110": 1,
                "0110000110": 1,
                "1001011000": 1,
                "1011000100": 1,
                "1111001100": 1,
                "1000000100": 1,
                "1111100110": 1,
                "1010110101": 1,
                "1011110110": 1,
                "0001100100": 1,
                "0010100110": 1,
                "1110000001": 1,
                "0110011001": 1,
                "0110110001": 1,
                "1000001100": 1,
                "0001110001": 1,
                "0001111110": 1,
                "0110101000": 1,
                "1000110010": 1,
                "1011110011": 1,
                "1100100011": 1,
                "1100100000": 1,
                "1110011000": 1,
                "1010011101": 1,
                "0110011011": 1,
                "0111111100": 1,
                "1010110111": 1,
                "1000010101": 1,
                "1001010000": 1,
                "0111101001": 1,
                "1101100101": 1,
                "0111011101": 1,
                "1001011001": 1,
                "0111011100": 1,
                "1010000101": 1,
                "0001000101": 1,
                "0111110110": 1,
                "1010111010": 1,
                "0110000111": 1,
                "0001101111": 1,
                "0001110101": 1,
                "0110010110": 1,
                "0010000101": 1,
                "0111101111": 1,
                "0111000100": 1,
                "1001100101": 2,
                "0101100100": 1,
                "1001101010": 1,
                "0010010000": 1,
                "1101111000": 1,
                "0010000110": 1,
                "1000001000": 2,
                "1110010001": 1,
                "1011011110": 1,
                "0110101010": 1,
                "1111001101": 1,
                "1001100110": 1,
                "1101000100": 1,
                "1000000110": 1,
                "0001101100": 2
            },
            false,
            0.88
        ],
        [
            [
                [
                    -1,
                    -5,
                    7
                ],
                [
                    2,
                    10,
                    -8
                ],
                [
                    8,
                    -1,
                    -2
                ],
                [
                    -5,
                    9,
                    -6
                ],
                [
                    -1,
                    8,
                    -6
                ],
                [
                    -8,
                    -3,
                    5
                ],
                [
                    -2,
                    6,
                    -4
                ],
                [
                    -6,
                    -5,
                    -9
                ],
                [
                    10,
                    3,
                    -1
                ],
                [
                    -10,
                    1,
                    -9
                ],
                [
                    10,
                    -4,
                    6
                ],
                [
                    -7,
                    -8,
                    5
                ],
                [
                    -2,
                    9,
                    -8
                ],
                [
                    -10,
                    3,
                    -2
                ],
                [
                    -7,
                    2,
                    -4
                ],
                [
                    -5,
                    -6,
                    2
                ],
                [
                    3,
                    -2,
                    6
                ],
                [
                    -10,
                    5,
                    1
                ],
                [
                    8,
                    9,
                    -3
                ],
                [
                    -2,
                    -4,
                    -7
                ],
                [
                    -3,
                    -2,
                    -5
                ],
                [
                    6,
                    -7,
                    4
                ],
                [
                    -5,
                    -9,
                    8
                ],
                [
                    10,
                    -5,
                    -4
                ],
                [
                    -2,
                    4,
                    -1
                ],
                [
                    -1,
                    -4,
                    -10
                ],
                [
                    6,
                    -5,
                    -2
                ],
                [
                    6,
                    8,
                    5
                ],
                [
                    -1,
                    -10,
                    9
                ],
                [
                    -2,
                    9,
                    -10
                ],
                [
                    7,
                    1,
                    -2
                ],
                [
                    4,
                    1,
                    -2
                ],
                [
                    6,
                    8,
                    -9
                ],
                [
                    3,
                    5,
                    -9
                ],
                [
                    9,
                    8,
                    -5
                ],
                [
                    8,
                    4,
                    -5
                ],
                [
                    -2,
                    -8,
                    -7
                ],
                [
                    6,
                    10,
                    9
                ],
                [
                    5,
                    -8,
                    10
                ],
                [
                    -8,
                    5,
                    -4
                ],
                [
                    -5,
                    -7,
                    1
                ],
                [
                    -7,
                    -10,
                    -2
                ],
                [
                    -3,
                    -5,
                    -6
                ],
                [
                    7,
                    -6,
                    1
                ],
                [
                    -9,
                    1,
                    -5
                ]
            ],
            "{   'fun': 0.95,\n    'jac': None,\n    'nfev': 459,\n    'nit': 4,\n    'njev': 51,\n    'x': array([0.11335284, 0.64267573, 2.00111899, 0.46956582, 1.40042968,\n       0.42343262, 1.588767  , 2.81906258])}",
            {
                "1110101101": 1,
                "1010001010": 1,
                "1011000111": 1,
                "0111111010": 2,
                "1111001111": 1,
                "0100010000": 1,
                "1011000001": 1,
                "1000100010": 1,
                "0110111010": 1,
                "1011011011": 1,
                "0010111101": 1,
                "1100000100": 1,
                "0010000111": 2,
                "0111001000": 1,
                "1010011000": 1,
                "1111101010": 1,
                "1110101001": 1,
                "1111110110": 1,
                "0011000111": 1,
                "0011000101": 1,
                "1000101100": 1,
                "0110110110": 1,
                "0110111011": 1,
                "0011001111": 1,
                "0100110000": 1,
                "1011100111": 1,
                "1111111101": 1,
                "0101000011": 1,
                "1100011011": 1,
                "1100001000": 1,
                "0010000101": 1,
                "0101100010": 1,
                "0010110001": 1,
                "0101100100": 4,
                "0100101101": 1,
                "1011000010": 1,
                "1101111001": 1,
                "0011000010": 1,
                "1101011001": 2,
                "0011001011": 1,
                "1101010111": 1,
                "1101101011": 1,
                "0001011011": 1,
                "1100110010": 1,
                "0000010011": 1,
                "1101111010": 2,
                "0111010110": 1,
                "1111100001": 1,
                "0101001011": 1,
                "0011110111": 1,
                "1101111101": 2,
                "0101110111": 1,
                "1001111011": 1,
                "1101010101": 1,
                "1111000001": 1,
                "0100011000": 1,
                "1111010011": 1,
                "1000100011": 1,
                "1111111100": 1,
                "1100010010": 1,
                "0001100000": 4,
                "1101001011": 2,
                "1001000010": 2,
                "1101110111": 1,
                "1101100110": 1,
                "0001001010": 1,
                "1001111110": 1,
                "0111001111": 2,
                "1011101100": 1,
                "0100010011": 1,
                "1010010000": 2,
                "0111011011": 1,
                "0111100001": 1,
                "1111010000": 1,
                "1100110111": 1,
                "0011111110": 1,
                "0010100110": 1,
                "1010010101": 1,
                "0011111010": 1,
                "0011110000": 1,
                "0100101010": 1,
                "0011001000": 1,
                "0110001101": 1,
                "0100011001": 1,
                "1100011111": 1
            },
            true,
            0.81
        ],
        [
            [
                [
                    -5,
                    8,
                    -3
                ],
                [
                    -2,
                    -9,
                    6
                ],
                [
                    2,
                    -4,
                    7
                ],
                [
                    3,
                    -9,
                    -1
                ],
                [
                    -5,
                    9,
                    -4
                ],
                [
                    -8,
                    10,
                    9
                ],
                [
                    10,
                    1,
                    -7
                ],
                [
                    -10,
                    9,
                    -2
                ],
                [
                    -5,
                    1,
                    -6
                ],
                [
                    -8,
                    -2,
                    -7
                ],
                [
                    1,
                    3,
                    9
                ],
                [
                    1,
                    8,
                    2
                ],
                [
                    -2,
                    -10,
                    6
                ],
                [
                    -2,
                    4,
                    5
                ],
                [
                    -7,
                    5,
                    -8
                ],
                [
                    -7,
                    -4,
                    -5
                ],
                [
                    1,
                    4,
                    10
                ],
                [
                    7,
                    -6,
                    -4
                ],
                [
                    -3,
                    -8,
                    4
                ],
                [
                    10,
                    8,
                    1
                ],
                [
                    4,
                    7,
                    6
                ],
                [
                    4,
                    -9,
                    6
                ],
                [
                    8,
                    -7,
                    -1
                ],
                [
                    6,
                    -5,
                    9
                ],
                [
                    -2,
                    9,
                    6
                ],
                [
                    -2,
                    -10,
                    -9
                ],
                [
                    -2,
                    3,
                    -6
                ],
                [
                    7,
                    8,
                    6
                ],
                [
                    -1,
                    10,
                    3
                ],
                [
                    3,
                    2,
                    6
                ],
                [
                    3,
                    -1,
                    6
                ],
                [
                    -8,
                    -5,
                    10
                ],
                [
                    1,
                    -7,
                    8
                ],
                [
                    3,
                    -7,
                    4
                ],
                [
                    -9,
                    8,
                    -6
                ],
                [
                    -8,
                    -4,
                    3
                ],
                [
                    -3,
                    -8,
                    4
                ],
                [
                    2,
                    9,
                    -5
                ],
                [
                    2,
                    8,
                    4
                ],
                [
                    -10,
                    -7,
                    -1
                ],
                [
                    5,
                    10,
                    -6
                ],
                [
                    -6,
                    -9,
                    1
                ],
                [
                    -1,
                    7,
                    5
                ],
                [
                    4,
                    -3,
                    7
                ],
                [
                    4,
                    2,
                    10
                ]
            ],
            "{   'fun': 1.0,\n    'jac': None,\n    'nfev': 9,\n    'nit': 0,\n    'njev': 1,\n    'x': array([1.3981937 , 0.73956463, 2.7379648 , 0.46117424, 0.65115442,\n       0.01888568, 0.20752713, 2.72924342])}",
            {
                "1111100110": 1,
                "1111011000": 1,
                "1100000100": 1,
                "1011111010": 1,
                "1000011101": 1,
                "0001110110": 1,
                "1111101101": 1,
                "1010000111": 1,
                "1010000000": 1,
                "1110100011": 1,
                "1101000010": 1,
                "0010110010": 1,
                "0110001011": 1,
                "1001000001": 1,
                "0110010011": 1,
                "0111010111": 1,
                "0101010011": 1,
                "1000000110": 1,
                "0100000011": 1,
                "0011110011": 1,
                "1011110001": 1,
                "1000000101": 1,
                "1110000111": 1,
                "1111101111": 1,
                "1010010010": 1,
                "1011100001": 1,
                "1001111001": 1,
                "0011011011": 1,
                "0001010101": 1,
                "0100001100": 2,
                "1010101010": 1,
                "1111001000": 2,
                "1000101110": 1,
                "0010001101": 1,
                "1011111110": 1,
                "0100111111": 1,
                "1110010111": 1,
                "0100101101": 1,
                "0010000000": 1,
                "1111011100": 1,
                "0100110000": 1,
                "0100101110": 1,
                "0101011010": 1,
                "1000001110": 1,
                "1100010001": 1,
                "0010101000": 1,
                "1011101011": 1,
                "1010011011": 1,
                "0101110000": 1,
                "1010000100": 1,
                "0000011000": 1,
                "0101100111": 1,
                "1110000100": 1,
                "0001001010": 1,
                "0001001001": 1,
                "1110110111": 1,
                "1001011000": 1,
                "0010110101": 1,
                "1000100110": 1,
                "0100011101": 1,
                "0100100100": 1,
                "1101010010": 1,
                "0011011101": 1,
                "0101101100": 2,
                "1101100001": 2,
                "1110010001": 1,
                "1010011111": 1,
                "1010001010": 2,
                "0110011100": 1,
                "1100000101": 1,
                "0000100011": 1,
                "0001011100": 1,
                "0100111110": 1,
                "0011011111": 1,
                "1101000011": 1,
                "1100101101": 1,
                "1101001001": 1,
                "0111001111": 1,
                "1111001010": 1,
                "0010101011": 1,
                "0011111010": 1,
                "0000101110": 1,
                "0101011111": 1,
                "1100001001": 1,
                "0000110010": 1,
                "1010110011": 1,
                "1011000000": 1,
                "0100111011": 1,
                "0001011101": 1,
                "0011001001": 1,
                "1110110000": 1,
                "0110011001": 1,
                "0101010001": 1,
                "1111110101": 1,
                "1100101111": 1
            },
            false,
            1.0
        ],
        [
            [
                [
                    -9,
                    -5,
                    -4
                ],
                [
                    1,
                    9,
                    7
                ],
                [
                    -9,
                    -1,
                    -2
                ],
                [
                    4,
                    -8,
                    9
                ],
                [
                    10,
                    -6,
                    9
                ],
                [
                    3,
                    -6,
                    -10
                ],
                [
                    -6,
                    5,
                    -8
                ],
                [
                    -2,
                    6,
                    9
                ],
                [
                    3,
                    -7,
                    -9
                ],
                [
                    -6,
                    -7,
                    -3
                ],
                [
                    5,
                    -8,
                    10
                ],
                [
                    4,
                    -3,
                    -8
                ],
                [
                    -3,
                    -5,
                    -2
                ],
                [
                    7,
                    10,
                    -8
                ],
                [
                    -10,
                    -3,
                    -8
                ],
                [
                    -10,
                    5,
                    3
                ],
                [
                    1,
                    -10,
                    8
                ],
                [
                    3,
                    -1,
                    -10
                ],
                [
                    -1,
                    -5,
                    -9
                ],
                [
                    -10,
                    -5,
                    4
                ],
                [
                    -4,
                    6,
                    -9
                ],
                [
                    -1,
                    7,
                    -9
                ],
                [
                    6,
                    3,
                    -1
                ],
                [
                    -10,
                    4,
                    3
                ],
                [
                    5,
                    8,
                    -9
                ],
                [
                    6,
                    3,
                    -1
                ],
                [
                    6,
                    -4,
                    -7
                ],
                [
                    -3,
                    -7,
                    -5
                ],
                [
                    10,
                    -4,
                    2
                ],
                [
                    -1,
                    -8,
                    4
                ],
                [
                    -4,
                    5,
                    6
                ],
                [
                    -1,
                    -5,
                    -9
                ],
                [
                    1,
                    -2,
                    7
                ],
                [
                    1,
                    4,
                    7
                ],
                [
                    -1,
                    3,
                    -9
                ],
                [
                    -7,
                    -5,
                    -1
                ],
                [
                    -5,
                    -8,
                    -1
                ],
                [
                    1,
                    -8,
                    -5
                ],
                [
                    3,
                    4,
                    -8
                ],
                [
                    1,
                    6,
                    4
                ],
                [
                    -2,
                    -9,
                    -7
                ],
                [
                    3,
                    9,
                    8
                ],
                [
                    -8,
                    2,
                    3
                ],
                [
                    -1,
                    -10,
                    7
                ],
                [
                    3,
                    -10,
                    1
                ]
            ],
            "{   'fun': 0.97,\n    'jac': None,\n    'nfev': 243,\n    'nit': 2,\n    'njev': 27,\n    'x': array([1.29809873, 1.51304695, 0.67244551, 1.64201364, 0.03176888,\n       1.56170418, 0.6903858 , 2.29318904])}",
            {
                "0000011100": 1,
                "1000001110": 1,
                "1100001101": 1,
                "1101101001": 1,
                "0110011001": 1,
                "1000000111": 1,
                "1010011100": 1,
                "1010011101": 1,
                "1010011000": 1,
                "0100010010": 1,
                "1010001101": 1,
                "1101101100": 1,
                "0111100110": 1,
                "0111001001": 1,
                "1101100001": 1,
                "1110001001": 1,
                "0001001001": 1,
                "0110011111": 1,
                "0110111011": 1,
                "1000100110": 1,
                "1010100010": 1,
                "1100100010": 1,
                "1100110010": 1,
                "0000010011": 1,
                "1011111000": 1,
                "0011011100": 1,
                "0011100010": 2,
                "1100110011": 1,
                "0110101110": 1,
                "0011101110": 1,
                "0010010010": 1,
                "1010010000": 1,
                "0011111011": 1,
                "0001011010": 1,
                "1011011000": 3,
                "1010001110": 1,
                "1110111101": 1,
                "0110111101": 1,
                "1001111101": 1,
                "0110011000": 1,
                "1100010001": 1,
                "1101000111": 1,
                "1110111111": 1,
                "1010101110": 1,
                "0011100001": 1,
                "0100100100": 1,
                "1100000011": 2,
                "0100010111": 1,
                "1011101011": 1,
                "1011000111": 1,
                "0111001000": 1,
                "1110100010": 1,
                "1001111110": 1,
                "1001001101": 1,
                "0011001001": 1,
                "1111111111": 1,
                "1011010001": 1,
                "0101110010": 1,
                "0101110101": 1,
                "1111011110": 1,
                "0000111010": 1,
                "1101100000": 1,
                "1110011001": 1,
                "0111101010": 1,
                "0101010100": 2,
                "1110111001": 2,
                "1100111100": 2,
                "0100001001": 2,
                "0000001111": 1,
                "1000000101": 1,
                "0111001010": 1,
                "0000010101": 3,
                "0110101011": 1,
                "1110010010": 1,
                "0010011110": 1,
                "1100111000": 1,
                "1010111111": 1,
                "1101001011": 1,
                "0101111101": 1,
                "0101100101": 1,
                "0100001111": 1,
                "0111110110": 1,
                "0111011101": 1,
                "1111101000": 1,
                "0001010100": 1,
                "1101100101": 1,
                "0111101001": 1,
                "1111001011": 1,
                "1100101101": 1,
                "0010111110": 1
            },
            true,
            0.92
        ],
        [
            [
                [
                    -7,
                    -2,
                    -9
                ],
                [
                    9,
                    10,
                    1
                ],
                [
                    -10,
                    6,
                    -8
                ],
                [
                    -2,
                    1,
                    3
                ],
                [
                    10,
                    1,
                    -6
                ],
                [
                    -3,
                    4,
                    5
                ],
                [
                    7,
                    -10,
                    -8
                ],
                [
                    -9,
                    -1,
                    2
                ],
                [
                    4,
                    6,
                    -1
                ],
                [
                    10,
                    -2,
                    6
                ],
                [
                    -3,
                    -4,
                    7
                ],
                [
                    -1,
                    -10,
                    4
                ],
                [
                    -4,
                    6,
                    -1
                ],
                [
                    -5,
                    -7,
                    -10
                ],
                [
                    -10,
                    6,
                    -5
                ],
                [
                    -3,
                    5,
                    10
                ],
                [
                    -4,
                    5,
                    -3
                ],
                [
                    8,
                    9,
                    3
                ],
                [
                    -7,
                    8,
                    -1
                ],
                [
                    -9,
                    1,
                    -4
                ],
                [
                    10,
                    5,
                    1
                ],
                [
                    -1,
                    3,
                    4
                ],
                [
                    -2,
                    -10,
                    -7
                ],
                [
                    6,
                    5,
                    -10
                ],
                [
                    10,
                    -2,
                    -8
                ],
                [
                    7,
                    -6,
                    -9
                ],
                [
                    -8,
                    -6,
                    4
                ],
                [
                    -5,
                    4,
                    1
                ],
                [
                    8,
                    4,
                    -2
                ],
                [
                    -5,
                    8,
                    9
                ],
                [
                    -10,
                    -4,
                    7
                ],
                [
                    -1,
                    2,
                    6
                ],
                [
                    -9,
                    10,
                    -2
                ],
                [
                    4,
                    -8,
                    10
                ],
                [
                    9,
                    1,
                    -4
                ],
                [
                    6,
                    9,
                    -8
                ],
                [
                    9,
                    -4,
                    2
                ],
                [
                    -9,
                    -10,
                    1
                ],
                [
                    -1,
                    -3,
                    -10
                ],
                [
                    -1,
                    -10,
                    3
                ],
                [
                    10,
                    6,
                    8
                ],
                [
                    6,
                    5,
                    -4
                ],
                [
                    5,
                    6,
                    8
                ],
                [
                    -1,
                    -10,
                    -5
                ],
                [
                    7,
                    3,
                    5
                ]
            ],
            "{   'fun': 1.0,\n    'jac': None,\n    'nfev': 9,\n    'nit': 0,\n    'njev': 1,\n    'x': array([0.62824875, 0.63304003, 1.90872717, 1.83929159, 0.55726243,\n       0.94828209, 0.37123251, 0.71003052])}",
            {
                "0110101100": 1,
                "0101000101": 1,
                "0000110110": 1,
                "1011000001": 1,
                "0001110011": 1,
                "1000110010": 1,
                "0010011101": 1,
                "0000001010": 1,
                "0111010101": 1,
                "1100011000": 1,
                "0101010101": 1,
                "0010011111": 1,
                "0011110101": 1,
                "1000101111": 1,
                "0010111111": 1,
                "1001011000": 1,
                "0100010011": 1,
                "0100110100": 1,
                "1101010011": 1,
                "0010000000": 1,
                "1101111110": 1,
                "1100001100": 2,
                "0100100000": 1,
                "0111000001": 1,
                "0110110000": 1,
                "0001111011": 1,
                "1101110010": 1,
                "1100111011": 1,
                "1000000100": 1,
                "1001001100": 1,
                "0001001110": 1,
                "1011101011": 1,
                "0100011001": 1,
                "1100001001": 1,
                "1000111000": 1,
                "1110010000": 1,
                "0000100110": 1,
                "0111010000": 1,
                "0001110001": 1,
                "1101101100": 1,
                "0011010000": 1,
                "0000001101": 1,
                "1110111011": 2,
                "0010001001": 1,
                "0000111011": 1,
                "0000011000": 1,
                "1101101101": 1,
                "0011111110": 1,
                "0100001111": 1,
                "1100011010": 1,
                "1001111000": 1,
                "0011111101": 1,
                "0111110011": 1,
                "1000000010": 1,
                "0000101110": 1,
                "0001011011": 1,
                "1010000101": 1,
                "1010011001": 1,
                "1101101111": 1,
                "0101010010": 2,
                "0101100010": 1,
                "0011011010": 1,
                "1001000000": 1,
                "1001111001": 1,
                "0101001011": 1,
                "1011111101": 1,
                "0101000010": 1,
                "0001101011": 1,
                "1100010110": 1,
                "1001100111": 2,
                "0110001110": 1,
                "0110011001": 1,
                "1100011101": 1,
                "1100001011": 1,
                "0110101101": 2,
                "0111100000": 2,
                "0001100111": 1,
                "0000000001": 1,
                "1010101111": 1,
                "0011000011": 1,
                "0100011111": 1,
                "0101001110": 1,
                "0110011010": 1,
                "0111101101": 1,
                "1101001101": 1,
                "1100100110": 1,
                "0010110001": 1,
                "1011000000": 1,
                "0001010000": 1,
                "0100001101": 1,
                "0110101001": 1,
                "1101010000": 1,
                "1100000101": 1,
                "0110111111": 1
            },
            false,
            1.0
        ]
    ]
}