{
    "n": 10,
    "m": 45,
    "results": [
        [
            [
                [
                    8,
                    5,
                    -10
                ],
                [
                    -1,
                    -7,
                    -4
                ],
                [
                    -10,
                    -5,
                    8
                ],
                [
                    -7,
                    -9,
                    3
                ],
                [
                    -10,
                    -3,
                    6
                ],
                [
                    -10,
                    -1,
                    -4
                ],
                [
                    -8,
                    -2,
                    1
                ],
                [
                    4,
                    -2,
                    8
                ],
                [
                    4,
                    3,
                    10
                ],
                [
                    4,
                    -2,
                    10
                ],
                [
                    -8,
                    3,
                    -5
                ],
                [
                    -10,
                    9,
                    -5
                ],
                [
                    4,
                    2,
                    5
                ],
                [
                    4,
                    -1,
                    10
                ],
                [
                    4,
                    6,
                    -5
                ],
                [
                    2,
                    6,
                    -10
                ],
                [
                    1,
                    -2,
                    3
                ],
                [
                    -3,
                    -8,
                    2
                ],
                [
                    8,
                    7,
                    -6
                ],
                [
                    6,
                    4,
                    -3
                ],
                [
                    -1,
                    4,
                    9
                ],
                [
                    -4,
                    -2,
                    8
                ],
                [
                    3,
                    -2,
                    1
                ],
                [
                    9,
                    -1,
                    3
                ],
                [
                    10,
                    3,
                    6
                ],
                [
                    7,
                    -8,
                    -9
                ],
                [
                    7,
                    1,
                    -5
                ],
                [
                    3,
                    -1,
                    9
                ],
                [
                    6,
                    -2,
                    -1
                ],
                [
                    8,
                    7,
                    -4
                ],
                [
                    4,
                    -1,
                    -7
                ],
                [
                    -2,
                    7,
                    3
                ],
                [
                    -6,
                    8,
                    2
                ],
                [
                    -4,
                    5,
                    -6
                ],
                [
                    -2,
                    -3,
                    6
                ],
                [
                    -4,
                    -9,
                    5
                ],
                [
                    9,
                    2,
                    6
                ],
                [
                    -7,
                    10,
                    6
                ],
                [
                    -8,
                    1,
                    6
                ],
                [
                    -8,
                    -5,
                    10
                ],
                [
                    2,
                    8,
                    -9
                ],
                [
                    -9,
                    -10,
                    -2
                ],
                [
                    -8,
                    -3,
                    -4
                ],
                [
                    2,
                    -5,
                    1
                ],
                [
                    3,
                    -5,
                    6
                ]
            ],
            "{   'fun': 1.0,\n    'jac': None,\n    'nfev': 9,\n    'nit': 0,\n    'njev': 1,\n    'x': array([2.43056353, 2.58611626, 1.58920063, 1.27969017, 0.28672592,\n       1.39678086, 2.72992658, 1.35219818])}",
            {
                "0110101110": 1,
                "0000001001": 1,
                "1101001000": 1,
                "0100111000": 1,
                "0010100101": 1,
                "0000001011": 1,
                "0010100010": 1,
                "1111110101": 1,
                "1110000100": 1,
                "0010100100": 1,
                "0011000111": 1,
                "0010001100": 1,
                "1010000010": 1,
                "0001010010": 1,
                "1010011011": 1,
                "0001100010": 1,
                "1111101111": 1,
                "1111110000": 1,
                "1111100010": 1,
                "1101111001": 1,
                "1001100010": 2,
                "1001111000": 2,
                "0011011111": 1,
                "1100010001": 1,
                "1000111010": 1,
                "1011111011": 1,
                "1110111001": 1,
                "1101110001": 1,
                "0100110000": 1,
                "0111001100": 1,
                "0100000000": 2,
                "1001101000": 1,
                "0100001010": 1,
                "0101011011": 1,
                "1001001001": 1,
                "1000001000": 1,
                "0011010111": 1,
                "1111001001": 1,
                "0011111010": 1,
                "0110110110": 2,
                "1111001100": 1,
                "1101110011": 1,
                "1100000000": 1,
                "0101000111": 1,
                "0000000000": 1,
                "1011100011": 1,
                "0011011110": 1,
                "1001011111": 2,
                "0111000101": 1,
                "0000111010": 1,
                "1011110101": 1,
                "0101010011": 1,
                "1111100101": 1,
                "1101011110": 1,
                "1001000010": 1,
                "1111110001": 1,
                "0001100000": 1,
                "1011010001": 1,
                "1011100001": 1,
                "0000000101": 1,
                "0111001111": 1,
                "0000110111": 2,
                "1100000100": 1,
                "1001111111": 2,
                "1011110000": 1,
                "1110000011": 2,
                "1011110001": 1,
                "0010000100": 1,
                "1111101100": 1,
                "1010101111": 1,
                "1011010110": 1,
                "0110000011": 1,
                "0011110001": 1,
                "0010011010": 1,
                "1010100010": 1,
                "0000000011": 1,
                "0011010011": 1,
                "0100110010": 1,
                "1000110101": 1,
                "1100011001": 1,
                "1010011100": 1,
                "0101000011": 1,
                "0111111110": 2,
                "1110000010": 1,
                "0100010010": 1,
                "1000000100": 1,
                "1010001101": 1,
                "0101000101": 1,
                "1100101100": 1,
                "1100001001": 1,
                "1001111011": 1
            },
            false,
            1.0
        ],
        [
            [
                [
                    -4,
                    8,
                    9
                ],
                [
                    -1,
                    -2,
                    3
                ],
                [
                    2,
                    -7,
                    8
                ],
                [
                    -6,
                    -9,
                    -4
                ],
                [
                    -4,
                    -2,
                    9
                ],
                [
                    7,
                    9,
                    -8
                ],
                [
                    6,
                    -2,
                    -1
                ],
                [
                    4,
                    5,
                    10
                ],
                [
                    1,
                    -6,
                    -9
                ],
                [
                    2,
                    4,
                    -3
                ],
                [
                    -4,
                    8,
                    -3
                ],
                [
                    8,
                    -10,
                    7
                ],
                [
                    6,
                    10,
                    1
                ],
                [
                    10,
                    -9,
                    5
                ],
                [
                    -8,
                    10,
                    -7
                ],
                [
                    -4,
                    -2,
                    10
                ],
                [
                    3,
                    1,
                    10
                ],
                [
                    4,
                    -5,
                    1
                ],
                [
                    9,
                    1,
                    -7
                ],
                [
                    6,
                    -8,
                    -4
                ],
                [
                    -5,
                    -7,
                    8
                ],
                [
                    -9,
                    -10,
                    4
                ],
                [
                    1,
                    -8,
                    -9
                ],
                [
                    4,
                    7,
                    -3
                ],
                [
                    5,
                    -1,
                    3
                ],
                [
                    -5,
                    -10,
                    -1
                ],
                [
                    -4,
                    -5,
                    -7
                ],
                [
                    -6,
                    8,
                    -10
                ],
                [
                    7,
                    2,
                    -3
                ],
                [
                    7,
                    -6,
                    10
                ],
                [
                    -9,
                    8,
                    1
                ],
                [
                    -1,
                    7,
                    -3
                ],
                [
                    8,
                    6,
                    -10
                ],
                [
                    -10,
                    -8,
                    -1
                ],
                [
                    5,
                    7,
                    -4
                ],
                [
                    -6,
                    -8,
                    4
                ],
                [
                    6,
                    -5,
                    10
                ],
                [
                    7,
                    -2,
                    6
                ],
                [
                    9,
                    -2,
                    -10
                ],
                [
                    6,
                    -7,
                    -5
                ],
                [
                    -2,
                    9,
                    -4
                ],
                [
                    -2,
                    -4,
                    1
                ],
                [
                    -1,
                    -6,
                    5
                ],
                [
                    2,
                    8,
                    1
                ],
                [
                    -3,
                    7,
                    -6
                ]
            ],
            "{   'fun': 1.0,\n    'jac': None,\n    'nfev': 9,\n    'nit': 0,\n    'njev': 1,\n    'x': array([0.11335274, 0.64267565, 2.00111908, 0.46956595, 1.4004297 ,\n       0.42343266, 1.58876697, 2.8190626 ])}",
            {
                "1010011110": 1,
                "0110101100": 1,
                "1010010101": 1,
                "0000000100": 1,
                "0011100110": 1,
                "1001001010": 1,
                "0001100000": 1,
                "1110000000": 1,
                "1011000011": 1,
                "0001111101": 1,
                "1010110111": 1,
                "0100111000": 1,
                "0100100101": 1,
                "0101110000": 1,
                "1101101110": 1,
                "0001010010": 1,
                "0101110110": 1,
                "0100111010": 1,
                "0010110011": 1,
                "0111000110": 1,
                "0111110001": 1,
                "0010110100": 1,
                "0011011101": 1,
                "0001000101": 1,
                "1001011011": 1,
                "0100110001": 1,
                "1010000000": 1,
                "1110111011": 1,
                "0101010001": 1,
                "1000110011": 1,
                "1111101011": 1,
                "0100101010": 1,
                "0011100011": 2,
                "0000110000": 1,
                "1010111010": 1,
                "1001101000": 1,
                "0111010010": 2,
                "0000110111": 1,
                "0100010101": 1,
                "0100011110": 1,
                "1101110000": 1,
                "1000011011": 1,
                "0010001001": 1,
                "0100000110": 2,
                "1110010111": 2,
                "1110100001": 1,
                "0100111111": 1,
                "1101011100": 1,
                "1010110010": 1,
                "0011001001": 1,
                "1100100000": 1,
                "0110001101": 1,
                "0101110101": 1,
                "1100111111": 1,
                "0010101110": 1,
                "0011010110": 2,
                "1110010010": 1,
                "1011001001": 1,
                "1101100111": 1,
                "1001000000": 1,
                "1101100010": 1,
                "0110101010": 2,
                "0000001100": 1,
                "0001100110": 1,
                "1001010110": 1,
                "1110000101": 1,
                "1101110110": 1,
                "0001110001": 1,
                "0001111110": 1,
                "0000001111": 1,
                "1000111100": 1,
                "0111011010": 2,
                "1000010101": 1,
                "1001010000": 1,
                "0001001010": 1,
                "1110011001": 1,
                "0001110110": 1,
                "0000001110": 1,
                "0001110011": 1,
                "0011101100": 1,
                "0010100111": 1,
                "1111101110": 1,
                "0111001110": 1,
                "1000110001": 1,
                "0010001110": 1,
                "1000000100": 1,
                "0111101011": 1,
                "1010000011": 1,
                "1111100110": 1,
                "1101000100": 1,
                "1001100100": 1,
                "1101011000": 1,
                "1001100011": 1
            },
            false,
            1.0
        ],
        [
            [
                [
                    3,
                    10,
                    -7
                ],
                [
                    5,
                    -9,
                    7
                ],
                [
                    7,
                    1,
                    -4
                ],
                [
                    7,
                    -9,
                    -6
                ],
                [
                    -3,
                    2,
                    8
                ],
                [
                    -10,
                    -2,
                    -1
                ],
                [
                    -7,
                    -5,
                    -6
                ],
                [
                    -1,
                    10,
                    3
                ],
                [
                    6,
                    -8,
                    -1
                ],
                [
                    -3,
                    -10,
                    -8
                ],
                [
                    -10,
                    -9,
                    2
                ],
                [
                    -4,
                    1,
                    3
                ],
                [
                    9,
                    -6,
                    1
                ],
                [
                    -1,
                    -10,
                    -4
                ],
                [
                    -6,
                    2,
                    3
                ],
                [
                    7,
                    -6,
                    -1
                ],
                [
                    7,
                    -9,
                    6
                ],
                [
                    7,
                    9,
                    -6
                ],
                [
                    4,
                    -10,
                    -2
                ],
                [
                    2,
                    -9,
                    -5
                ],
                [
                    -5,
                    -9,
                    -10
                ],
                [
                    -6,
                    7,
                    10
                ],
                [
                    1,
                    -10,
                    -9
                ],
                [
                    -1,
                    8,
                    7
                ],
                [
                    1,
                    -5,
                    9
                ],
                [
                    3,
                    -9,
                    -4
                ],
                [
                    -7,
                    4,
                    2
                ],
                [
                    9,
                    -3,
                    -2
                ],
                [
                    4,
                    -9,
                    2
                ],
                [
                    10,
                    2,
                    1
                ],
                [
                    6,
                    4,
                    -9
                ],
                [
                    -2,
                    -8,
                    3
                ],
                [
                    10,
                    -9,
                    6
                ],
                [
                    -3,
                    -4,
                    7
                ],
                [
                    7,
                    -4,
                    -1
                ],
                [
                    -3,
                    -9,
                    6
                ],
                [
                    9,
                    -10,
                    4
                ],
                [
                    6,
                    -7,
                    5
                ],
                [
                    -1,
                    -4,
                    6
                ],
                [
                    10,
                    -5,
                    -6
                ],
                [
                    5,
                    -8,
                    -7
                ],
                [
                    -9,
                    -5,
                    -7
                ],
                [
                    9,
                    2,
                    3
                ],
                [
                    5,
                    -6,
                    -7
                ],
                [
                    2,
                    3,
                    5
                ]
            ],
            "{   'fun': 1.0,\n    'jac': None,\n    'nfev': 9,\n    'nit': 0,\n    'njev': 1,\n    'x': array([1.3981937 , 0.73956463, 2.7379648 , 0.46117424, 0.65115442,\n       0.01888568, 0.20752713, 2.72924342])}",
            {
                "0010011010": 1,
                "0111000001": 1,
                "0010100011": 1,
                "1100101100": 1,
                "0101000111": 2,
                "0010101000": 1,
                "1011101101": 1,
                "0110000001": 1,
                "1010111010": 1,
                "0000010100": 1,
                "0100111111": 1,
                "1100000110": 1,
                "1001110011": 1,
                "1111101000": 1,
                "1100110001": 1,
                "1000010111": 1,
                "1101110101": 1,
                "0100010010": 1,
                "0110011011": 1,
                "0100101001": 1,
                "0001011010": 1,
                "0101001111": 1,
                "0001000100": 1,
                "1101111001": 1,
                "1110010000": 1,
                "1011111110": 1,
                "0011100100": 1,
                "1100101010": 1,
                "0001010011": 2,
                "1100100101": 1,
                "0001100110": 1,
                "1111101100": 1,
                "1000000101": 1,
                "0000011000": 1,
                "0010111010": 2,
                "0111010010": 2,
                "1100010110": 1,
                "1111011100": 1,
                "1001110000": 1,
                "1010010011": 1,
                "0101000000": 1,
                "0001110100": 1,
                "1010110011": 1,
                "1001000100": 1,
                "0000110010": 1,
                "0111101100": 1,
                "0100010110": 1,
                "0100010100": 1,
                "1111101010": 1,
                "1110001010": 1,
                "1000001110": 1,
                "1001000111": 1,
                "0101011010": 1,
                "1100111010": 1,
                "0001100010": 1,
                "0010101110": 1,
                "0010001010": 1,
                "0110111001": 1,
                "0111011000": 1,
                "0100110100": 1,
                "1101010011": 1,
                "0011110010": 2,
                "1001111111": 1,
                "1111111001": 1,
                "0001011000": 1,
                "1101111111": 1,
                "1100111101": 1,
                "0000010010": 1,
                "1111111000": 1,
                "0101110010": 1,
                "1010100100": 1,
                "1011101000": 2,
                "1010101111": 2,
                "1001111101": 1,
                "0100100111": 1,
                "0000110101": 1,
                "1001000110": 1,
                "1001100100": 1,
                "0101111111": 1,
                "0001101010": 1,
                "0110011111": 1,
                "1110000110": 1,
                "0011010011": 1,
                "0110100100": 1,
                "1011111101": 1,
                "0101000010": 1,
                "0100011010": 1,
                "1011101110": 1,
                "0000100001": 1,
                "0101001010": 1,
                "1111101101": 1,
                "0101010001": 1,
                "0011000011": 1
            },
            false,
            1.0
        ],
        [
            [
                [
                    -1,
                    -8,
                    -5
                ],
                [
                    -7,
                    -3,
                    8
                ],
                [
                    -3,
                    9,
                    -4
                ],
                [
                    8,
                    -6,
                    9
                ],
                [
                    -7,
                    5,
                    -9
                ],
                [
                    -4,
                    -10,
                    6
                ],
                [
                    -7,
                    9,
                    2
                ],
                [
                    -6,
                    -9,
                    8
                ],
                [
                    -1,
                    -5,
                    -8
                ],
                [
                    -7,
                    3,
                    -5
                ],
                [
                    -5,
                    -7,
                    -2
                ],
                [
                    -2,
                    3,
                    -10
                ],
                [
                    -2,
                    -5,
                    3
                ],
                [
                    10,
                    -8,
                    -9
                ],
                [
                    -9,
                    -4,
                    -7
                ],
                [
                    -3,
                    8,
                    -2
                ],
                [
                    -4,
                    -6,
                    -8
                ],
                [
                    10,
                    5,
                    4
                ],
                [
                    3,
                    -8,
                    -4
                ],
                [
                    7,
                    -6,
                    9
                ],
                [
                    -8,
                    -7,
                    -4
                ],
                [
                    8,
                    -1,
                    7
                ],
                [
                    4,
                    2,
                    -9
                ],
                [
                    -2,
                    7,
                    3
                ],
                [
                    7,
                    10,
                    -3
                ],
                [
                    1,
                    -4,
                    -7
                ],
                [
                    1,
                    2,
                    -5
                ],
                [
                    -9,
                    7,
                    -5
                ],
                [
                    3,
                    -10,
                    -9
                ],
                [
                    -5,
                    8,
                    -6
                ],
                [
                    10,
                    3,
                    -4
                ],
                [
                    -9,
                    5,
                    -6
                ],
                [
                    6,
                    5,
                    -2
                ],
                [
                    -7,
                    -2,
                    -10
                ],
                [
                    6,
                    -3,
                    -9
                ],
                [
                    5,
                    -8,
                    2
                ],
                [
                    7,
                    10,
                    1
                ],
                [
                    -1,
                    -4,
                    -5
                ],
                [
                    -9,
                    -8,
                    7
                ],
                [
                    8,
                    -10,
                    1
                ],
                [
                    -5,
                    -2,
                    8
                ],
                [
                    7,
                    8,
                    3
                ],
                [
                    -6,
                    -8,
                    5
                ],
                [
                    -3,
                    10,
                    9
                ],
                [
                    1,
                    3,
                    2
                ]
            ],
            "{   'fun': 1.0,\n    'jac': None,\n    'nfev': 306,\n    'nit': 3,\n    'njev': 34,\n    'x': array([1.29809736, 1.51304652, 0.67244492, 1.64201228, 0.03176752,\n       1.56170435, 0.69038503, 2.29318997])}",
            {
                "1010011111": 1,
                "0001000011": 1,
                "0110101001": 1,
                "0000100010": 1,
                "1101011010": 1,
                "0100100010": 1,
                "0100011001": 1,
                "1001110010": 1,
                "0101110111": 1,
                "1001011001": 1,
                "0111001110": 1,
                "0001111001": 1,
                "0001001001": 1,
                "1010010101": 1,
                "1100100110": 1,
                "1010010001": 1,
                "1000111110": 1,
                "0101111110": 1,
                "1011100000": 1,
                "0011000111": 1,
                "1110000010": 1,
                "1010010000": 1,
                "0000110110": 1,
                "1011101111": 1,
                "1010111100": 2,
                "1000101001": 1,
                "1111010111": 1,
                "1011000010": 1,
                "1000100110": 1,
                "0001110011": 1,
                "0100110110": 1,
                "1110111111": 1,
                "1101101010": 1,
                "1001000000": 1,
                "1101011000": 1,
                "1001011101": 1,
                "0100001000": 1,
                "0111111010": 1,
                "1100111010": 1,
                "1000001001": 1,
                "1000011011": 1,
                "0110100100": 1,
                "0011111110": 1,
                "0100111010": 2,
                "1101011001": 1,
                "0110100111": 1,
                "1001001011": 2,
                "0010011011": 1,
                "1010010111": 1,
                "0100110101": 1,
                "0110010100": 1,
                "0111111111": 1,
                "1000100000": 1,
                "1010100111": 1,
                "0011111000": 1,
                "0000011010": 1,
                "0000011101": 1,
                "0100101010": 1,
                "1010111000": 1,
                "1100101101": 1,
                "0110101000": 1,
                "0010001001": 1,
                "0110100010": 1,
                "1000011101": 1,
                "1011110111": 1,
                "1000101111": 1,
                "0110111010": 1,
                "0011101001": 1,
                "0000000101": 1,
                "1000011100": 1,
                "1011010100": 1,
                "0111100000": 1,
                "1010100110": 1,
                "0010110111": 1,
                "1001111011": 1,
                "0010001010": 1,
                "1011111110": 1,
                "0011000101": 1,
                "1010110100": 1,
                "0010101001": 1,
                "1010111111": 1,
                "0101111101": 1,
                "0001111011": 1,
                "0101101100": 1,
                "0101101000": 1,
                "0110011101": 1,
                "0110000100": 1,
                "0111000000": 1,
                "1101100110": 1,
                "1010011100": 1,
                "0001011000": 1,
                "0001110000": 1,
                "0001011110": 2,
                "1111101111": 1,
                "0101001001": 1,
                "1011101001": 1
            },
            false,
            0.95
        ],
        [
            [
                [
                    -1,
                    9,
                    -10
                ],
                [
                    6,
                    -3,
                    10
                ],
                [
                    2,
                    4,
                    8
                ],
                [
                    -6,
                    -9,
                    -7
                ],
                [
                    5,
                    4,
                    -2
                ],
                [
                    5,
                    6,
                    10
                ],
                [
                    3,
                    10,
                    8
                ],
                [
                    -1,
                    -9,
                    -5
                ],
                [
                    6,
                    8,
                    4
                ],
                [
                    -10,
                    -1,
                    7
                ],
                [
                    10,
                    -7,
                    -4
                ],
                [
                    10,
                    7,
                    2
                ],
                [
                    -9,
                    2,
                    -1
                ],
                [
                    -6,
                    10,
                    2
                ],
                [
                    -8,
                    -9,
                    6
                ],
                [
                    3,
                    5,
                    -4
                ],
                [
                    10,
                    2,
                    -1
                ],
                [
                    1,
                    6,
                    -10
                ],
                [
                    -7,
                    -4,
                    1
                ],
                [
                    -4,
                    -5,
                    -9
                ],
                [
                    -4,
                    -1,
                    3
                ],
                [
                    5,
                    -7,
                    10
                ],
                [
                    -2,
                    9,
                    8
                ],
                [
                    -6,
                    -1,
                    -2
                ],
                [
                    6,
                    3,
                    2
                ],
                [
                    9,
                    1,
                    6
                ],
                [
                    -7,
                    -3,
                    -1
                ],
                [
                    -2,
                    5,
                    -8
                ],
                [
                    1,
                    2,
                    8
                ],
                [
                    -4,
                    8,
                    6
                ],
                [
                    8,
                    -6,
                    -9
                ],
                [
                    1,
                    5,
                    4
                ],
                [
                    8,
                    -4,
                    -3
                ],
                [
                    -8,
                    -9,
                    -5
                ],
                [
                    10,
                    3,
                    1
                ],
                [
                    -4,
                    3,
                    -10
                ],
                [
                    5,
                    -10,
                    2
                ],
                [
                    -7,
                    3,
                    1
                ],
                [
                    2,
                    -10,
                    -7
                ],
                [
                    8,
                    -7,
                    -9
                ],
                [
                    9,
                    -3,
                    2
                ],
                [
                    4,
                    8,
                    10
                ],
                [
                    -2,
                    -6,
                    1
                ],
                [
                    -8,
                    -1,
                    4
                ],
                [
                    8,
                    7,
                    3
                ]
            ],
            "{   'fun': 0.99,\n    'jac': None,\n    'nfev': 189,\n    'nit': 0,\n    'njev': 21,\n    'x': array([0.62824875, 0.63304003, 1.90872717, 1.83929159, 0.55726243,\n       0.94828209, 0.37123251, 0.71003052])}",
            {
                "1000001111": 1,
                "0100100100": 1,
                "0110000111": 1,
                "0111000101": 1,
                "1101011100": 1,
                "1001010101": 1,
                "1100111011": 1,
                "1011010010": 1,
                "0000011001": 1,
                "1011101010": 1,
                "1110011101": 1,
                "1111001010": 1,
                "1111010100": 1,
                "1000010110": 1,
                "0111111100": 1,
                "1010011011": 1,
                "1101010011": 1,
                "0000000000": 1,
                "0000011110": 1,
                "0110011101": 1,
                "1011001101": 1,
                "0001110001": 1,
                "0111000110": 1,
                "1111001100": 1,
                "0010001011": 1,
                "0000111111": 1,
                "0011001000": 1,
                "1001000100": 1,
                "0000110010": 1,
                "1111011101": 1,
                "0111110000": 1,
                "0001100110": 1,
                "0101001111": 1,
                "1110100100": 1,
                "1110010111": 1,
                "0010111001": 1,
                "1010111001": 1,
                "0010011001": 1,
                "0111110001": 1,
                "0010011000": 1,
                "1111010010": 1,
                "0001011111": 1,
                "1100110100": 1,
                "0101110100": 1,
                "1010101111": 1,
                "1111111111": 1,
                "0000100000": 1,
                "0111010000": 1,
                "1011111001": 1,
                "0011101110": 1,
                "0010010010": 1,
                "0111000011": 1,
                "1000100110": 1,
                "1110011111": 2,
                "1100100101": 1,
                "0010001001": 1,
                "1010111011": 1,
                "1111011111": 1,
                "1010100110": 1,
                "0011001010": 1,
                "1011011010": 1,
                "1111010111": 1,
                "1101001001": 1,
                "0010110110": 1,
                "1110001010": 1,
                "1100001101": 1,
                "1000101100": 1,
                "0101110101": 1,
                "0011001011": 1,
                "0000001011": 1,
                "0110011111": 1,
                "1001011110": 1,
                "1111000101": 1,
                "0010000001": 1,
                "0101100011": 1,
                "0001101110": 1,
                "0111011100": 1,
                "0010001110": 1,
                "0011110010": 1,
                "1010111010": 2,
                "0001101000": 1,
                "1110011011": 1,
                "1001101101": 2,
                "0001111111": 1,
                "1110110011": 1,
                "0100000111": 1,
                "1011011000": 1,
                "0110100000": 1,
                "0010011010": 1,
                "0101000000": 2,
                "0101111110": 1,
                "1000011010": 1,
                "0100100011": 1,
                "1101001100": 1,
                "0001101111": 1,
                "1011100001": 1
            },
            true,
            0.98
        ]
    ]
}