{
    "n": 10,
    "m": 45,
    "results": [
        [
            [
                [
                    -10,
                    1,
                    -6
                ],
                [
                    -1,
                    -5,
                    -7
                ],
                [
                    9,
                    -2,
                    3
                ],
                [
                    5,
                    7,
                    -1
                ],
                [
                    -3,
                    2,
                    4
                ],
                [
                    9,
                    3,
                    -4
                ],
                [
                    7,
                    9,
                    -1
                ],
                [
                    -1,
                    3,
                    -2
                ],
                [
                    1,
                    4,
                    -8
                ],
                [
                    -8,
                    -5,
                    -3
                ],
                [
                    3,
                    10,
                    9
                ],
                [
                    -6,
                    -9,
                    -7
                ],
                [
                    6,
                    -5,
                    -1
                ],
                [
                    4,
                    8,
                    -6
                ],
                [
                    1,
                    -7,
                    8
                ],
                [
                    7,
                    -3,
                    -2
                ],
                [
                    2,
                    4,
                    -8
                ],
                [
                    -7,
                    6,
                    -5
                ],
                [
                    2,
                    -1,
                    8
                ],
                [
                    -4,
                    -1,
                    -5
                ],
                [
                    -9,
                    -4,
                    2
                ],
                [
                    8,
                    7,
                    -5
                ],
                [
                    1,
                    -9,
                    -2
                ],
                [
                    -2,
                    3,
                    -4
                ],
                [
                    5,
                    -1,
                    7
                ],
                [
                    -10,
                    -5,
                    3
                ],
                [
                    -5,
                    1,
                    -8
                ],
                [
                    -6,
                    10,
                    -5
                ],
                [
                    7,
                    -5,
                    -9
                ],
                [
                    -10,
                    7,
                    -6
                ],
                [
                    -5,
                    -6,
                    -1
                ],
                [
                    -1,
                    -5,
                    -7
                ],
                [
                    3,
                    -2,
                    -6
                ],
                [
                    -2,
                    3,
                    -10
                ],
                [
                    -9,
                    5,
                    -3
                ],
                [
                    -6,
                    -3,
                    -5
                ],
                [
                    -2,
                    -5,
                    4
                ],
                [
                    -9,
                    -1,
                    6
                ],
                [
                    1,
                    -2,
                    -4
                ],
                [
                    -2,
                    -6,
                    -8
                ],
                [
                    -3,
                    -4,
                    10
                ],
                [
                    2,
                    3,
                    -8
                ],
                [
                    -10,
                    -5,
                    -9
                ],
                [
                    -1,
                    9,
                    2
                ],
                [
                    5,
                    2,
                    6
                ]
            ],
            "{   'fun': 0.99,\n    'jac': None,\n    'nfev': 342,\n    'nit': 5,\n    'njev': 38,\n    'x': array([2.43056327, 2.58611667, 1.58920044, 1.27969047, 0.28672674,\n       1.39678112, 2.72992684, 1.35219825])}",
            {
                "1110100111": 1,
                "0001010011": 1,
                "1100111000": 1,
                "1100000100": 1,
                "0010011011": 1,
                "1100000010": 1,
                "1101010010": 1,
                "0110010110": 1,
                "1011001111": 1,
                "1101010001": 1,
                "0001100110": 1,
                "1100100110": 1,
                "1010110110": 1,
                "1111110100": 1,
                "1101011000": 1,
                "0110111000": 1,
                "1100001110": 1,
                "1100110011": 1,
                "1001110101": 1,
                "0000101000": 1,
                "0100110100": 1,
                "0111101001": 1,
                "0111001100": 1,
                "1001000010": 1,
                "0100111000": 1,
                "0110110011": 1,
                "0101000010": 1,
                "0001000111": 1,
                "1000101010": 1,
                "1111010101": 1,
                "1001000111": 2,
                "1001010011": 1,
                "1101101011": 1,
                "1000010011": 1,
                "1111110110": 2,
                "1100111001": 1,
                "0101011011": 1,
                "0110110000": 2,
                "0000101010": 1,
                "1001001111": 1,
                "1100000001": 1,
                "0101111111": 2,
                "0001100000": 1,
                "1011110110": 1,
                "0101000110": 1,
                "1110001000": 1,
                "1011011011": 1,
                "1011010000": 1,
                "1001100000": 1,
                "1001101111": 1,
                "1100101010": 1,
                "1011010011": 1,
                "0100110000": 1,
                "0100011111": 1,
                "1000011011": 1,
                "0110001111": 1,
                "1111001000": 1,
                "0101110101": 1,
                "1011000001": 2,
                "0011001111": 1,
                "0100001100": 1,
                "0000001010": 1,
                "0001101110": 1,
                "0011000111": 1,
                "1111101110": 1,
                "1111110011": 1,
                "0000100011": 1,
                "1110100011": 1,
                "1110111000": 2,
                "0110001100": 1,
                "0100100011": 1,
                "1011111010": 1,
                "1001101001": 1,
                "0000001001": 1,
                "1011000100": 1,
                "0101111000": 1,
                "1101111011": 1,
                "1100100011": 1,
                "1010000010": 1,
                "0000110010": 1,
                "1011001000": 1,
                "0101111101": 1,
                "1110011010": 1,
                "0111110010": 2,
                "0010001111": 1,
                "0001011100": 1,
                "0111010110": 1,
                "0011100010": 1,
                "1000110011": 1,
                "1111110101": 1,
                "0111111111": 1,
                "0110010001": 1,
                "1010001101": 1
            },
            true,
            0.88
        ],
        [
            [
                [
                    -2,
                    -4,
                    5
                ],
                [
                    -7,
                    9,
                    -6
                ],
                [
                    8,
                    6,
                    -9
                ],
                [
                    -4,
                    -2,
                    5
                ],
                [
                    8,
                    -9,
                    1
                ],
                [
                    -1,
                    -8,
                    -2
                ],
                [
                    -6,
                    -9,
                    -7
                ],
                [
                    -9,
                    1,
                    2
                ],
                [
                    -4,
                    -8,
                    -9
                ],
                [
                    6,
                    2,
                    3
                ],
                [
                    -1,
                    3,
                    5
                ],
                [
                    8,
                    -5,
                    -9
                ],
                [
                    -1,
                    -8,
                    -3
                ],
                [
                    2,
                    5,
                    7
                ],
                [
                    2,
                    -3,
                    1
                ],
                [
                    7,
                    -8,
                    -5
                ],
                [
                    9,
                    7,
                    -5
                ],
                [
                    -2,
                    -9,
                    10
                ],
                [
                    1,
                    3,
                    -8
                ],
                [
                    -5,
                    -8,
                    4
                ],
                [
                    7,
                    2,
                    4
                ],
                [
                    -9,
                    7,
                    5
                ],
                [
                    2,
                    -7,
                    3
                ],
                [
                    5,
                    -7,
                    9
                ],
                [
                    7,
                    -10,
                    -6
                ],
                [
                    -6,
                    1,
                    -3
                ],
                [
                    -7,
                    3,
                    8
                ],
                [
                    -7,
                    4,
                    -1
                ],
                [
                    -4,
                    7,
                    -5
                ],
                [
                    2,
                    7,
                    1
                ],
                [
                    -1,
                    5,
                    6
                ],
                [
                    9,
                    7,
                    -2
                ],
                [
                    1,
                    8,
                    -4
                ],
                [
                    -10,
                    -1,
                    -8
                ],
                [
                    -2,
                    5,
                    4
                ],
                [
                    -2,
                    -9,
                    8
                ],
                [
                    3,
                    -2,
                    -5
                ],
                [
                    2,
                    7,
                    -6
                ],
                [
                    9,
                    6,
                    -7
                ],
                [
                    1,
                    -3,
                    -7
                ],
                [
                    7,
                    -6,
                    -2
                ],
                [
                    -6,
                    -8,
                    2
                ],
                [
                    -9,
                    -6,
                    4
                ],
                [
                    -9,
                    -4,
                    6
                ],
                [
                    4,
                    -5,
                    -8
                ]
            ],
            "{   'fun': 1.0,\n    'jac': None,\n    'nfev': 9,\n    'nit': 0,\n    'njev': 1,\n    'x': array([0.11335274, 0.64267565, 2.00111908, 0.46956595, 1.4004297 ,\n       0.42343266, 1.58876697, 2.8190626 ])}",
            {
                "0101000011": 1,
                "0010101111": 1,
                "0101000110": 1,
                "0000010011": 1,
                "1111100100": 1,
                "1000001110": 1,
                "1101011101": 1,
                "0001111111": 1,
                "0101011101": 1,
                "0011010100": 1,
                "0101101110": 1,
                "1100101111": 1,
                "1011011000": 1,
                "1100010111": 1,
                "0101001011": 1,
                "0101000010": 1,
                "1001010110": 1,
                "0100010001": 1,
                "0000001010": 1,
                "0100110110": 1,
                "1000101010": 1,
                "1111010101": 1,
                "0011101010": 1,
                "1011110011": 1,
                "0011111101": 1,
                "0100111110": 1,
                "0010111100": 1,
                "0010101011": 1,
                "0001000100": 1,
                "0101001001": 1,
                "0010011010": 1,
                "0100100111": 1,
                "1101011111": 1,
                "0000000110": 1,
                "1110010111": 1,
                "1110000001": 1,
                "1100011100": 3,
                "0101001101": 1,
                "1110011110": 1,
                "0111101011": 1,
                "0100110100": 1,
                "1011100011": 1,
                "0000000100": 2,
                "0110111011": 1,
                "0001100011": 1,
                "1010111101": 1,
                "0011000011": 1,
                "1101000101": 1,
                "0110101011": 1,
                "0100110011": 2,
                "1100110110": 1,
                "0001110111": 1,
                "0101100100": 1,
                "1011010111": 1,
                "0110011110": 1,
                "0110010110": 1,
                "1100010100": 1,
                "0000100001": 1,
                "1001101101": 1,
                "1101010100": 1,
                "1011010100": 1,
                "1011111000": 1,
                "1100101001": 1,
                "1101100011": 1,
                "1010110100": 1,
                "0110010011": 1,
                "0011111001": 1,
                "1000000001": 1,
                "1001110110": 1,
                "1010010010": 1,
                "1101011000": 1,
                "1101110001": 1,
                "0110011010": 1,
                "0000010111": 1,
                "0010100110": 1,
                "0000111011": 1,
                "0001100100": 1,
                "0001100000": 1,
                "0110101001": 1,
                "1110110110": 1,
                "0111110100": 1,
                "0001001111": 1,
                "1101010001": 1,
                "1000011101": 1,
                "1110110100": 1,
                "0011011011": 1,
                "0011010101": 1,
                "0110100110": 1,
                "1001011110": 1,
                "0101010011": 1,
                "1000101001": 1,
                "1000100111": 2,
                "0110011100": 1,
                "0010101110": 1,
                "1100111111": 1
            },
            false,
            1.0
        ],
        [
            [
                [
                    2,
                    1,
                    5
                ],
                [
                    -10,
                    9,
                    4
                ],
                [
                    -7,
                    -3,
                    1
                ],
                [
                    -2,
                    10,
                    -3
                ],
                [
                    9,
                    -8,
                    -3
                ],
                [
                    4,
                    -1,
                    -10
                ],
                [
                    -9,
                    -6,
                    7
                ],
                [
                    -9,
                    -5,
                    8
                ],
                [
                    -4,
                    -9,
                    1
                ],
                [
                    -6,
                    -1,
                    -5
                ],
                [
                    -10,
                    -2,
                    8
                ],
                [
                    -1,
                    -6,
                    8
                ],
                [
                    1,
                    -9,
                    -3
                ],
                [
                    6,
                    1,
                    -10
                ],
                [
                    -9,
                    -7,
                    1
                ],
                [
                    7,
                    4,
                    1
                ],
                [
                    -4,
                    -1,
                    6
                ],
                [
                    -5,
                    3,
                    4
                ],
                [
                    -1,
                    -5,
                    -7
                ],
                [
                    -7,
                    8,
                    6
                ],
                [
                    3,
                    8,
                    5
                ],
                [
                    -2,
                    -6,
                    3
                ],
                [
                    9,
                    6,
                    -10
                ],
                [
                    -5,
                    6,
                    1
                ],
                [
                    10,
                    3,
                    -7
                ],
                [
                    -8,
                    -5,
                    -3
                ],
                [
                    5,
                    7,
                    6
                ],
                [
                    -2,
                    6,
                    7
                ],
                [
                    8,
                    -4,
                    -7
                ],
                [
                    -5,
                    6,
                    9
                ],
                [
                    -1,
                    -7,
                    -6
                ],
                [
                    -7,
                    4,
                    -6
                ],
                [
                    -3,
                    7,
                    -8
                ],
                [
                    -1,
                    -4,
                    -7
                ],
                [
                    5,
                    9,
                    1
                ],
                [
                    -9,
                    8,
                    10
                ],
                [
                    -7,
                    4,
                    1
                ],
                [
                    -7,
                    10,
                    -2
                ],
                [
                    10,
                    -3,
                    1
                ],
                [
                    2,
                    -7,
                    -10
                ],
                [
                    -3,
                    5,
                    -4
                ],
                [
                    -7,
                    8,
                    4
                ],
                [
                    -1,
                    -2,
                    -9
                ],
                [
                    10,
                    -1,
                    -2
                ],
                [
                    -3,
                    -10,
                    4
                ]
            ],
            "{   'fun': 0.99,\n    'jac': None,\n    'nfev': 207,\n    'nit': 2,\n    'njev': 23,\n    'x': array([1.39819361, 0.73956418, 2.73796453, 0.46117397, 0.65115406,\n       0.01888523, 0.20752695, 2.72924315])}",
            {
                "0100110111": 1,
                "0111000011": 1,
                "1100100001": 1,
                "1001100000": 1,
                "0111001110": 1,
                "1100100100": 1,
                "1111010011": 1,
                "1001110001": 1,
                "1001100001": 1,
                "0111000101": 1,
                "0011000011": 1,
                "0001011100": 1,
                "0101100000": 1,
                "1111110011": 1,
                "0101100010": 1,
                "1001011011": 1,
                "1101010011": 1,
                "1000111000": 5,
                "1111000110": 1,
                "0100101100": 1,
                "1000011101": 1,
                "1011010100": 1,
                "0010110011": 1,
                "1100111011": 1,
                "0010101001": 1,
                "0001000001": 1,
                "0000010110": 1,
                "0011000101": 1,
                "0111111111": 1,
                "0101010100": 1,
                "1000011100": 1,
                "1101000001": 1,
                "1111101010": 1,
                "0000010100": 1,
                "1010010011": 1,
                "0101011110": 1,
                "0100000110": 1,
                "0111001000": 1,
                "1110111101": 1,
                "0001011010": 1,
                "1100000110": 1,
                "0101101111": 1,
                "1010011000": 1,
                "1001010100": 1,
                "1000100010": 1,
                "0110001110": 1,
                "1101010000": 1,
                "0011100110": 1,
                "0110101001": 1,
                "0111100101": 2,
                "1111101000": 1,
                "0101101110": 1,
                "1001011110": 1,
                "0101011111": 1,
                "0000101110": 3,
                "0110000110": 1,
                "0000111000": 2,
                "1001011010": 1,
                "0101100100": 1,
                "1001000100": 1,
                "1101011111": 1,
                "1101011010": 1,
                "0110000011": 1,
                "0010011011": 1,
                "1101000000": 1,
                "0011001011": 1,
                "0011010110": 1,
                "1111001010": 1,
                "0000000010": 1,
                "0101000010": 1,
                "0010100001": 1,
                "1100110001": 1,
                "0001010110": 1,
                "1011001101": 1,
                "1101100010": 1,
                "1110110100": 1,
                "1110100111": 1,
                "1001010101": 2,
                "1101011100": 1,
                "1110010011": 1,
                "1010101001": 1,
                "1100000100": 1,
                "1011000010": 1,
                "1110011110": 1,
                "0100000010": 1,
                "0010101101": 1,
                "0110101010": 1,
                "1111110101": 2,
                "0101010001": 1,
                "1000111100": 1
            },
            true,
            0.84
        ],
        [
            [
                [
                    -10,
                    5,
                    -8
                ],
                [
                    4,
                    3,
                    8
                ],
                [
                    -8,
                    -3,
                    -7
                ],
                [
                    6,
                    -4,
                    9
                ],
                [
                    10,
                    -2,
                    -8
                ],
                [
                    -9,
                    -2,
                    10
                ],
                [
                    -1,
                    5,
                    7
                ],
                [
                    -4,
                    -7,
                    -6
                ],
                [
                    3,
                    -8,
                    6
                ],
                [
                    10,
                    9,
                    -7
                ],
                [
                    1,
                    3,
                    6
                ],
                [
                    3,
                    7,
                    8
                ],
                [
                    6,
                    9,
                    8
                ],
                [
                    8,
                    4,
                    -9
                ],
                [
                    7,
                    8,
                    10
                ],
                [
                    -6,
                    -5,
                    4
                ],
                [
                    -2,
                    4,
                    -1
                ],
                [
                    7,
                    9,
                    -4
                ],
                [
                    -10,
                    9,
                    -4
                ],
                [
                    3,
                    -4,
                    -5
                ],
                [
                    9,
                    10,
                    5
                ],
                [
                    6,
                    -1,
                    -8
                ],
                [
                    -8,
                    -10,
                    -7
                ],
                [
                    7,
                    2,
                    3
                ],
                [
                    10,
                    1,
                    2
                ],
                [
                    -5,
                    2,
                    -4
                ],
                [
                    -1,
                    -10,
                    7
                ],
                [
                    6,
                    2,
                    8
                ],
                [
                    -7,
                    -10,
                    6
                ],
                [
                    3,
                    -1,
                    10
                ],
                [
                    9,
                    5,
                    4
                ],
                [
                    2,
                    8,
                    -10
                ],
                [
                    -3,
                    4,
                    1
                ],
                [
                    4,
                    6,
                    -9
                ],
                [
                    -1,
                    3,
                    -8
                ],
                [
                    9,
                    2,
                    1
                ],
                [
                    8,
                    -10,
                    5
                ],
                [
                    3,
                    6,
                    -2
                ],
                [
                    -4,
                    7,
                    10
                ],
                [
                    -9,
                    10,
                    -3
                ],
                [
                    9,
                    6,
                    -1
                ],
                [
                    -10,
                    -8,
                    3
                ],
                [
                    -3,
                    -8,
                    -4
                ],
                [
                    4,
                    2,
                    3
                ],
                [
                    -6,
                    8,
                    7
                ]
            ],
            "{   'fun': 0.99,\n    'jac': None,\n    'nfev': 189,\n    'nit': 0,\n    'njev': 21,\n    'x': array([1.2980972 , 1.51304619, 0.67244475, 1.64201211, 0.03176735,\n       1.56170418, 0.69038503, 2.2931898 ])}",
            {
                "0110010111": 1,
                "1000000100": 1,
                "0000010011": 1,
                "1011010001": 1,
                "1011110011": 1,
                "0001110000": 1,
                "0111111111": 1,
                "0011110111": 1,
                "0011000000": 1,
                "0000101111": 1,
                "0101100010": 1,
                "0111111001": 1,
                "1111110010": 1,
                "0111000001": 1,
                "1110100000": 1,
                "1011010000": 1,
                "0000101011": 1,
                "0001011100": 1,
                "0111110101": 1,
                "0111110010": 1,
                "1110110000": 1,
                "1111110001": 1,
                "0010010000": 1,
                "1101011110": 1,
                "0101000101": 1,
                "1101111110": 1,
                "1011000110": 1,
                "1100111010": 1,
                "1001111000": 1,
                "1000101000": 1,
                "1111000111": 1,
                "0101101101": 1,
                "1010010101": 1,
                "0001001011": 2,
                "0111111011": 1,
                "1001000100": 1,
                "1011010111": 1,
                "0111000111": 1,
                "0000000111": 1,
                "1111001110": 1,
                "1100110111": 1,
                "0001110010": 1,
                "1000100101": 1,
                "1011110010": 1,
                "0111101001": 1,
                "1010100100": 1,
                "0010010111": 1,
                "0001011101": 2,
                "0000110101": 1,
                "0010011100": 1,
                "0100010110": 1,
                "0111100101": 1,
                "0010000000": 1,
                "1010100111": 1,
                "1110110011": 2,
                "1110010101": 1,
                "1110101010": 1,
                "1011110100": 1,
                "1111100111": 1,
                "1101010100": 1,
                "1011011001": 1,
                "1110011101": 1,
                "0101100001": 1,
                "1001111111": 1,
                "1101110100": 1,
                "0101110000": 1,
                "1010011011": 1,
                "1011100000": 1,
                "1000011010": 1,
                "1110101000": 1,
                "1100001000": 1,
                "0011101001": 1,
                "0100100000": 1,
                "1010100101": 1,
                "1000101001": 1,
                "0000111100": 1,
                "1111100010": 1,
                "1001100010": 1,
                "1110111000": 1,
                "0001110001": 1,
                "0001111110": 1,
                "1111111111": 1,
                "1110100001": 1,
                "0100111111": 1,
                "0011111111": 1,
                "0111011100": 1,
                "1111100001": 1,
                "1100010001": 1,
                "1000110001": 1,
                "1101010110": 1,
                "0101010111": 1,
                "0111011001": 1,
                "0000001001": 1,
                "0100100011": 1,
                "0010101101": 1,
                "1011000010": 1,
                "1101101001": 1
            },
            true,
            0.96
        ],
        [
            [
                [
                    5,
                    6,
                    7
                ],
                [
                    5,
                    6,
                    -4
                ],
                [
                    5,
                    9,
                    -4
                ],
                [
                    5,
                    1,
                    -6
                ],
                [
                    5,
                    8,
                    6
                ],
                [
                    6,
                    -3,
                    4
                ],
                [
                    -3,
                    -7,
                    -9
                ],
                [
                    -9,
                    1,
                    4
                ],
                [
                    -4,
                    -7,
                    -5
                ],
                [
                    -6,
                    2,
                    4
                ],
                [
                    -2,
                    -9,
                    -6
                ],
                [
                    9,
                    -2,
                    -3
                ],
                [
                    -2,
                    -6,
                    -9
                ],
                [
                    -10,
                    -8,
                    -3
                ],
                [
                    -1,
                    -10,
                    5
                ],
                [
                    8,
                    -4,
                    5
                ],
                [
                    -3,
                    -8,
                    1
                ],
                [
                    9,
                    -1,
                    7
                ],
                [
                    -2,
                    -7,
                    -9
                ],
                [
                    4,
                    -1,
                    9
                ],
                [
                    9,
                    -1,
                    -6
                ],
                [
                    9,
                    3,
                    -8
                ],
                [
                    10,
                    4,
                    9
                ],
                [
                    -5,
                    -6,
                    -2
                ],
                [
                    1,
                    4,
                    -10
                ],
                [
                    -8,
                    -5,
                    -7
                ],
                [
                    -2,
                    1,
                    10
                ],
                [
                    -2,
                    8,
                    3
                ],
                [
                    10,
                    4,
                    -7
                ],
                [
                    7,
                    -1,
                    9
                ],
                [
                    -7,
                    -5,
                    -10
                ],
                [
                    -5,
                    -8,
                    -3
                ],
                [
                    -10,
                    5,
                    2
                ],
                [
                    4,
                    10,
                    -7
                ],
                [
                    -6,
                    -7,
                    4
                ],
                [
                    5,
                    -9,
                    -3
                ],
                [
                    -3,
                    10,
                    -6
                ],
                [
                    7,
                    3,
                    -2
                ],
                [
                    10,
                    5,
                    -2
                ],
                [
                    7,
                    2,
                    -5
                ],
                [
                    -1,
                    5,
                    3
                ],
                [
                    -8,
                    -4,
                    -2
                ],
                [
                    5,
                    9,
                    -7
                ],
                [
                    -10,
                    8,
                    7
                ],
                [
                    -3,
                    -8,
                    -6
                ]
            ],
            "{   'fun': 1.0,\n    'jac': None,\n    'nfev': 189,\n    'nit': 0,\n    'njev': 21,\n    'x': array([0.62824875, 0.63304003, 1.90872717, 1.83929159, 0.55726243,\n       0.94828209, 0.37123251, 0.71003052])}",
            {
                "1010001100": 1,
                "1011101001": 1,
                "1110000111": 1,
                "1110101011": 1,
                "1011011100": 1,
                "0011000110": 1,
                "0111100001": 1,
                "0100010001": 1,
                "1110100001": 1,
                "1110010111": 1,
                "1010100001": 1,
                "0000100000": 1,
                "1100010000": 1,
                "1011001011": 1,
                "1111010001": 1,
                "0001111110": 1,
                "1101011000": 1,
                "1001100100": 1,
                "1000111000": 1,
                "1100100000": 1,
                "0100110101": 1,
                "0101111001": 1,
                "1001101100": 1,
                "0111001010": 1,
                "1100111000": 1,
                "0000011001": 1,
                "0000000000": 1,
                "1111000111": 1,
                "0001101101": 1,
                "1011111001": 1,
                "1100011001": 1,
                "0010001001": 1,
                "0111000011": 1,
                "1000001011": 1,
                "0111100101": 1,
                "0100010110": 1,
                "1110110110": 1,
                "0110000001": 1,
                "1000101000": 1,
                "0101001010": 1,
                "0011000100": 1,
                "0100111000": 1,
                "0011111010": 1,
                "1010100000": 1,
                "1100101010": 2,
                "1001010101": 1,
                "1010000111": 1,
                "0101101100": 1,
                "0101001011": 1,
                "0101110001": 1,
                "0100110110": 1,
                "1100011011": 1,
                "1101000100": 1,
                "0100010010": 1,
                "1111100110": 1,
                "0100011001": 1,
                "1111111110": 1,
                "0000100111": 1,
                "0110001111": 1,
                "1011011110": 1,
                "0110011111": 1,
                "0000011011": 1,
                "0101001111": 1,
                "0011111011": 1,
                "1111100000": 1,
                "0001000000": 1,
                "1001000011": 1,
                "0110000111": 1,
                "0101100111": 1,
                "1000000001": 1,
                "0100111100": 1,
                "0000010110": 1,
                "0001000001": 1,
                "1100011101": 1,
                "0011000001": 1,
                "0001111001": 1,
                "1101001100": 1,
                "1101110011": 1,
                "0101011110": 2,
                "1010010011": 1,
                "0000000001": 1,
                "1010100101": 1,
                "1100101101": 1,
                "1101001001": 1,
                "1000011111": 1,
                "1111101010": 1,
                "0010001011": 1,
                "0110010110": 1,
                "1110101000": 1,
                "0000000101": 1,
                "0000110011": 1,
                "0100001010": 1,
                "1101010110": 1,
                "1011110101": 1,
                "1001011110": 1,
                "1111000101": 1,
                "1100100011": 1,
                "1011110011": 1
            },
            false,
            0.98
        ]
    ]
}