{
    "n": 10,
    "m": 45,
    "results": [
        [
            [
                [
                    -4,
                    -7,
                    8
                ],
                [
                    -10,
                    -5,
                    2
                ],
                [
                    9,
                    1,
                    3
                ],
                [
                    10,
                    -1,
                    -5
                ],
                [
                    3,
                    -4,
                    -8
                ],
                [
                    8,
                    -9,
                    2
                ],
                [
                    5,
                    -9,
                    -4
                ],
                [
                    -7,
                    3,
                    -5
                ],
                [
                    2,
                    -7,
                    -5
                ],
                [
                    -8,
                    10,
                    1
                ],
                [
                    -10,
                    -8,
                    -9
                ],
                [
                    -10,
                    6,
                    -4
                ],
                [
                    -1,
                    6,
                    -4
                ],
                [
                    -1,
                    2,
                    9
                ],
                [
                    -1,
                    2,
                    -3
                ],
                [
                    -9,
                    -5,
                    7
                ],
                [
                    6,
                    -1,
                    3
                ],
                [
                    -5,
                    -2,
                    -1
                ],
                [
                    -6,
                    -5,
                    -8
                ],
                [
                    3,
                    10,
                    6
                ],
                [
                    7,
                    -1,
                    -10
                ],
                [
                    2,
                    -7,
                    1
                ],
                [
                    -3,
                    2,
                    9
                ],
                [
                    -5,
                    6,
                    -10
                ],
                [
                    -4,
                    -9,
                    -5
                ],
                [
                    2,
                    9,
                    8
                ],
                [
                    -8,
                    -4,
                    6
                ],
                [
                    -4,
                    6,
                    -3
                ],
                [
                    6,
                    4,
                    -2
                ],
                [
                    -7,
                    3,
                    4
                ],
                [
                    6,
                    3,
                    -4
                ],
                [
                    -5,
                    -2,
                    4
                ],
                [
                    -9,
                    3,
                    -1
                ],
                [
                    7,
                    -3,
                    -5
                ],
                [
                    2,
                    8,
                    7
                ],
                [
                    -3,
                    -2,
                    -6
                ],
                [
                    8,
                    -10,
                    5
                ],
                [
                    8,
                    2,
                    3
                ],
                [
                    -3,
                    -10,
                    5
                ],
                [
                    -1,
                    -2,
                    4
                ],
                [
                    4,
                    2,
                    8
                ],
                [
                    -10,
                    -1,
                    4
                ],
                [
                    5,
                    4,
                    3
                ],
                [
                    8,
                    9,
                    3
                ],
                [
                    2,
                    9,
                    4
                ]
            ],
            "{   'fun': 1.0,\n    'jac': None,\n    'nfev': 9,\n    'nit': 0,\n    'njev': 1,\n    'x': array([2.43056353, 2.58611626, 1.58920063, 1.27969017, 0.28672592,\n       1.39678086, 2.72992658, 1.35219818])}",
            {
                "0000101100": 1,
                "0100010110": 1,
                "0100101100": 1,
                "1011001111": 1,
                "1011110011": 1,
                "0000001001": 1,
                "0010111111": 1,
                "0000001010": 1,
                "1110101011": 1,
                "0000110010": 1,
                "0100011101": 1,
                "1110001010": 2,
                "1001110000": 2,
                "0001011010": 1,
                "0110000010": 1,
                "1011110110": 1,
                "1011010101": 1,
                "1010110001": 1,
                "1111010010": 1,
                "1001000110": 1,
                "0010111000": 1,
                "1111010111": 1,
                "0010101101": 1,
                "0001001101": 1,
                "1001011000": 1,
                "1011101011": 1,
                "0111101110": 1,
                "1100000101": 1,
                "0101000011": 1,
                "0011100111": 1,
                "0111011000": 1,
                "1011001001": 1,
                "1001000001": 1,
                "0001110010": 1,
                "0100111101": 1,
                "0111001010": 1,
                "0001001111": 1,
                "0001010001": 1,
                "1100110001": 1,
                "1001101110": 1,
                "0011101010": 1,
                "0011010111": 1,
                "0001001001": 2,
                "0001111000": 1,
                "1100111010": 1,
                "1000110101": 1,
                "1100000111": 1,
                "1000111110": 1,
                "0110011111": 1,
                "1100001110": 1,
                "1100111100": 1,
                "1010011100": 1,
                "1010010000": 1,
                "1000000111": 1,
                "0011100100": 1,
                "0001110011": 1,
                "1111000110": 1,
                "0001010010": 1,
                "1111101100": 1,
                "1010000111": 1,
                "0110111110": 1,
                "1110010111": 1,
                "1110100001": 1,
                "0000100000": 1,
                "1011100001": 1,
                "0001001000": 1,
                "1101100100": 1,
                "0000011010": 1,
                "1111101011": 1,
                "0011001011": 1,
                "0001001110": 1,
                "1100110100": 1,
                "1001111001": 1,
                "0001010011": 1,
                "1001111010": 1,
                "0110011001": 1,
                "1100111000": 2,
                "1100110110": 1,
                "0010010101": 1,
                "1100100100": 1,
                "0010110111": 1,
                "0011001010": 1,
                "1000101110": 1,
                "0001000111": 1,
                "1101101110": 1,
                "1010011011": 1,
                "0010000111": 1,
                "1100110000": 1,
                "1010101010": 1,
                "1100010110": 1,
                "0101110111": 1,
                "1100110011": 1,
                "0000110100": 1,
                "0101101000": 1,
                "0111111011": 1,
                "1100111011": 1
            },
            false,
            1.0
        ],
        [
            [
                [
                    -4,
                    -10,
                    -9
                ],
                [
                    8,
                    -3,
                    4
                ],
                [
                    4,
                    8,
                    10
                ],
                [
                    -7,
                    -9,
                    -1
                ],
                [
                    -3,
                    5,
                    6
                ],
                [
                    3,
                    6,
                    -4
                ],
                [
                    -5,
                    -1,
                    -8
                ],
                [
                    -3,
                    6,
                    -8
                ],
                [
                    9,
                    -7,
                    1
                ],
                [
                    -9,
                    -5,
                    3
                ],
                [
                    4,
                    -7,
                    5
                ],
                [
                    10,
                    8,
                    3
                ],
                [
                    8,
                    3,
                    -9
                ],
                [
                    9,
                    -6,
                    4
                ],
                [
                    -8,
                    -3,
                    5
                ],
                [
                    -9,
                    -7,
                    -6
                ],
                [
                    7,
                    -5,
                    3
                ],
                [
                    -3,
                    6,
                    2
                ],
                [
                    -4,
                    -1,
                    -9
                ],
                [
                    -4,
                    6,
                    9
                ],
                [
                    9,
                    1,
                    4
                ],
                [
                    -8,
                    -10,
                    1
                ],
                [
                    -5,
                    -4,
                    -7
                ],
                [
                    -9,
                    -6,
                    -10
                ],
                [
                    -7,
                    3,
                    -8
                ],
                [
                    2,
                    -9,
                    6
                ],
                [
                    -10,
                    -9,
                    6
                ],
                [
                    -7,
                    -9,
                    -3
                ],
                [
                    -8,
                    3,
                    7
                ],
                [
                    5,
                    -6,
                    8
                ],
                [
                    1,
                    10,
                    8
                ],
                [
                    9,
                    7,
                    4
                ],
                [
                    7,
                    -3,
                    -8
                ],
                [
                    1,
                    2,
                    6
                ],
                [
                    7,
                    3,
                    1
                ],
                [
                    5,
                    -6,
                    -2
                ],
                [
                    9,
                    -1,
                    -5
                ],
                [
                    4,
                    -7,
                    2
                ],
                [
                    2,
                    -1,
                    -6
                ],
                [
                    -8,
                    6,
                    10
                ],
                [
                    3,
                    8,
                    2
                ],
                [
                    -7,
                    -1,
                    -2
                ],
                [
                    -9,
                    8,
                    7
                ],
                [
                    -10,
                    3,
                    -6
                ],
                [
                    4,
                    -9,
                    -7
                ]
            ],
            "{   'fun': 0.99,\n    'jac': None,\n    'nfev': 207,\n    'nit': 3,\n    'njev': 23,\n    'x': array([0.11335274, 0.64267567, 2.00111917, 0.46956602, 1.40042974,\n       0.42343269, 1.5887672 , 2.81906271])}",
            {
                "0100000100": 1,
                "1001010010": 1,
                "1100011000": 1,
                "0111110101": 1,
                "0100100100": 1,
                "0101111010": 1,
                "1001010100": 1,
                "0000001111": 1,
                "1000111100": 1,
                "0011100111": 1,
                "0010000101": 1,
                "1110010010": 1,
                "0111000001": 1,
                "1010100011": 1,
                "0010110010": 1,
                "0110110001": 1,
                "0111000011": 1,
                "1100011101": 1,
                "0110001000": 1,
                "1001110001": 1,
                "0000001001": 1,
                "1000111101": 3,
                "1100101010": 1,
                "1001000110": 1,
                "1011101110": 1,
                "0111100010": 1,
                "1000001010": 1,
                "1111100111": 1,
                "1100001000": 1,
                "1101010100": 1,
                "1011110010": 1,
                "1011100011": 1,
                "0101100101": 1,
                "1010010101": 1,
                "0011110000": 1,
                "1110110000": 1,
                "1110000100": 1,
                "0001010111": 1,
                "1011110101": 1,
                "1101000011": 1,
                "1100111011": 1,
                "0000111110": 1,
                "0010011011": 2,
                "1010101010": 1,
                "0111000110": 1,
                "0001100010": 1,
                "0000010001": 1,
                "0101110001": 1,
                "1100010100": 1,
                "0101001111": 2,
                "1111011111": 1,
                "1001011011": 1,
                "0001000000": 1,
                "1111011101": 1,
                "0011001000": 1,
                "0101111000": 1,
                "0001111111": 1,
                "0100101001": 1,
                "0010000111": 1,
                "1010011011": 1,
                "0100001110": 1,
                "0101011010": 1,
                "1101111101": 1,
                "0101010100": 1,
                "1011001111": 1,
                "1010000111": 1,
                "1010100010": 1,
                "0010101111": 1,
                "0011010011": 1,
                "0100011010": 1,
                "0010111111": 1,
                "0011110101": 1,
                "0010000110": 1,
                "0101010111": 1,
                "1100111001": 1,
                "0101010101": 1,
                "1101000100": 1,
                "0111000101": 1,
                "1101100000": 1,
                "0011100101": 1,
                "1000111000": 1,
                "0000111001": 1,
                "0111011100": 1,
                "1010101101": 1,
                "0101010110": 2,
                "1000110100": 1,
                "0111100001": 1,
                "1101111011": 1,
                "0100011100": 1,
                "0000111101": 1,
                "1101111001": 1,
                "0100000010": 1,
                "1010011001": 1,
                "0000000001": 2
            },
            true,
            0.94
        ],
        [
            [
                [
                    -2,
                    5,
                    -10
                ],
                [
                    -6,
                    10,
                    -7
                ],
                [
                    7,
                    5,
                    -3
                ],
                [
                    -3,
                    -5,
                    6
                ],
                [
                    4,
                    -8,
                    1
                ],
                [
                    -2,
                    -8,
                    9
                ],
                [
                    4,
                    -5,
                    2
                ],
                [
                    3,
                    2,
                    -4
                ],
                [
                    3,
                    1,
                    -4
                ],
                [
                    8,
                    -6,
                    -4
                ],
                [
                    6,
                    -4,
                    -8
                ],
                [
                    1,
                    9,
                    -7
                ],
                [
                    8,
                    7,
                    -9
                ],
                [
                    9,
                    7,
                    -10
                ],
                [
                    -10,
                    -5,
                    -1
                ],
                [
                    -2,
                    -9,
                    -4
                ],
                [
                    5,
                    8,
                    -4
                ],
                [
                    9,
                    10,
                    -7
                ],
                [
                    9,
                    6,
                    -4
                ],
                [
                    8,
                    10,
                    9
                ],
                [
                    -3,
                    9,
                    2
                ],
                [
                    5,
                    -10,
                    -3
                ],
                [
                    4,
                    -8,
                    -5
                ],
                [
                    6,
                    9,
                    7
                ],
                [
                    2,
                    -5,
                    -1
                ],
                [
                    3,
                    9,
                    -6
                ],
                [
                    -7,
                    -5,
                    -4
                ],
                [
                    2,
                    -5,
                    1
                ],
                [
                    3,
                    -6,
                    -2
                ],
                [
                    -3,
                    -7,
                    -1
                ],
                [
                    -1,
                    9,
                    -10
                ],
                [
                    10,
                    -1,
                    -7
                ],
                [
                    4,
                    -10,
                    3
                ],
                [
                    6,
                    9,
                    3
                ],
                [
                    4,
                    3,
                    -2
                ],
                [
                    -6,
                    7,
                    -5
                ],
                [
                    -8,
                    4,
                    -10
                ],
                [
                    1,
                    -2,
                    -7
                ],
                [
                    -6,
                    10,
                    -8
                ],
                [
                    -5,
                    4,
                    1
                ],
                [
                    7,
                    5,
                    -2
                ],
                [
                    4,
                    7,
                    -9
                ],
                [
                    8,
                    10,
                    -7
                ],
                [
                    3,
                    -1,
                    -6
                ],
                [
                    1,
                    4,
                    9
                ]
            ],
            "{   'fun': 1.0,\n    'jac': None,\n    'nfev': 9,\n    'nit': 0,\n    'njev': 1,\n    'x': array([1.3981937 , 0.73956463, 2.7379648 , 0.46117424, 0.65115442,\n       0.01888568, 0.20752713, 2.72924342])}",
            {
                "1100001110": 1,
                "1010011001": 1,
                "0010110101": 1,
                "0111010010": 1,
                "1010010110": 1,
                "1010000010": 1,
                "0010001100": 1,
                "1001111011": 1,
                "0100001000": 1,
                "1010000111": 1,
                "1000001101": 1,
                "0000001011": 1,
                "0000011000": 1,
                "0001000101": 1,
                "0101100011": 1,
                "1010100101": 1,
                "1101011011": 1,
                "1100100000": 1,
                "1100011001": 1,
                "1110011010": 1,
                "1010101100": 1,
                "0001010011": 1,
                "0001100111": 1,
                "0001011000": 1,
                "0011010111": 1,
                "0010111011": 1,
                "0110100011": 2,
                "1101110110": 1,
                "1111110111": 1,
                "0111111101": 1,
                "0001110110": 1,
                "1111111011": 1,
                "0100011001": 1,
                "1011101011": 1,
                "1101111011": 1,
                "1010011111": 1,
                "1010001010": 1,
                "1011110011": 1,
                "1100100011": 1,
                "1010011101": 1,
                "1000100101": 1,
                "1100110000": 2,
                "1111111111": 1,
                "0011001001": 1,
                "1010110001": 1,
                "0101001110": 1,
                "1100001111": 1,
                "1100001011": 1,
                "0000110011": 1,
                "0110011110": 1,
                "0100001100": 1,
                "1010100110": 2,
                "1100010011": 1,
                "0100110010": 1,
                "0100000100": 1,
                "0001101001": 1,
                "1000010011": 1,
                "0110000011": 1,
                "0110100000": 1,
                "1110100001": 1,
                "0101111100": 1,
                "1000110011": 1,
                "1111100110": 1,
                "0001100101": 1,
                "1001000001": 1,
                "0000111010": 2,
                "1011110100": 1,
                "1001101010": 1,
                "0000100011": 1,
                "1001100111": 1,
                "0010010011": 1,
                "0101110100": 1,
                "1010011010": 1,
                "1010101111": 1,
                "0111100100": 1,
                "1011001000": 1,
                "0001111111": 1,
                "1111101001": 1,
                "1101011000": 1,
                "0000110101": 1,
                "0110000100": 2,
                "1011110101": 1,
                "1000000110": 1,
                "1000100001": 1,
                "1011010001": 1,
                "1000010111": 1,
                "1100010100": 1,
                "0100110100": 1,
                "1000101111": 1,
                "0010111111": 1,
                "0000110001": 1,
                "0110100100": 1,
                "0010101110": 1,
                "0001011100": 1,
                "0010011110": 1
            },
            false,
            1.0
        ],
        [
            [
                [
                    -9,
                    8,
                    6
                ],
                [
                    4,
                    9,
                    -5
                ],
                [
                    -10,
                    -2,
                    8
                ],
                [
                    -2,
                    -8,
                    -10
                ],
                [
                    -7,
                    -1,
                    3
                ],
                [
                    -3,
                    -1,
                    -5
                ],
                [
                    -8,
                    5,
                    -7
                ],
                [
                    -9,
                    -7,
                    -4
                ],
                [
                    -4,
                    7,
                    1
                ],
                [
                    -9,
                    6,
                    -3
                ],
                [
                    -2,
                    -1,
                    9
                ],
                [
                    9,
                    1,
                    -8
                ],
                [
                    7,
                    4,
                    10
                ],
                [
                    4,
                    -9,
                    -3
                ],
                [
                    -2,
                    10,
                    8
                ],
                [
                    3,
                    9,
                    5
                ],
                [
                    -7,
                    3,
                    -5
                ],
                [
                    4,
                    7,
                    10
                ],
                [
                    -9,
                    -4,
                    -2
                ],
                [
                    -2,
                    -4,
                    -9
                ],
                [
                    -1,
                    6,
                    -5
                ],
                [
                    6,
                    -1,
                    10
                ],
                [
                    3,
                    4,
                    1
                ],
                [
                    3,
                    5,
                    1
                ],
                [
                    -2,
                    -8,
                    1
                ],
                [
                    5,
                    7,
                    3
                ],
                [
                    -3,
                    8,
                    -9
                ],
                [
                    10,
                    6,
                    -9
                ],
                [
                    -10,
                    4,
                    9
                ],
                [
                    8,
                    -2,
                    -7
                ],
                [
                    -2,
                    3,
                    -10
                ],
                [
                    3,
                    8,
                    2
                ],
                [
                    -2,
                    1,
                    -5
                ],
                [
                    6,
                    -4,
                    -7
                ],
                [
                    2,
                    7,
                    1
                ],
                [
                    10,
                    2,
                    4
                ],
                [
                    2,
                    -3,
                    -5
                ],
                [
                    2,
                    -7,
                    1
                ],
                [
                    -7,
                    10,
                    -2
                ],
                [
                    -10,
                    -7,
                    3
                ],
                [
                    9,
                    -10,
                    -4
                ],
                [
                    1,
                    5,
                    10
                ],
                [
                    -5,
                    -6,
                    -4
                ],
                [
                    9,
                    -7,
                    10
                ],
                [
                    -10,
                    -8,
                    -3
                ]
            ],
            "{   'fun': 0.98,\n    'jac': None,\n    'nfev': 198,\n    'nit': 2,\n    'njev': 22,\n    'x': array([1.29809784, 1.51304619, 0.67244476, 1.64201211, 0.03176799,\n       1.56170483, 0.69038471, 2.29318981])}",
            {
                "0011101000": 1,
                "0000100001": 1,
                "0000110101": 1,
                "0101011111": 1,
                "0010101001": 1,
                "0111000010": 1,
                "1111001101": 1,
                "1100100001": 1,
                "1000110101": 1,
                "1011000110": 1,
                "0001100101": 1,
                "1101011100": 1,
                "0110000010": 1,
                "1010011010": 1,
                "0001101101": 1,
                "1011100110": 1,
                "1011101010": 1,
                "1100000110": 2,
                "1110010010": 1,
                "0110100001": 1,
                "1110111010": 1,
                "1100001010": 1,
                "1110110010": 1,
                "0100110000": 1,
                "0110011010": 1,
                "1011010011": 1,
                "1100010110": 1,
                "1101100110": 2,
                "1101001111": 1,
                "1010001100": 1,
                "1001101101": 1,
                "1000001010": 1,
                "1110110001": 1,
                "1001101010": 1,
                "0111110101": 1,
                "0100010011": 1,
                "1001011010": 1,
                "1111111011": 1,
                "0111110001": 1,
                "1100011110": 1,
                "0110100101": 1,
                "0101101100": 1,
                "1100101010": 1,
                "1010110111": 1,
                "1111100011": 1,
                "1100001110": 1,
                "1010101100": 1,
                "0111101100": 1,
                "0100010110": 2,
                "1010100001": 1,
                "0011100011": 1,
                "1111111010": 1,
                "0010101011": 1,
                "0111101111": 2,
                "1100000000": 1,
                "1010000000": 1,
                "1100100110": 1,
                "1101000100": 2,
                "1010101001": 1,
                "0001010111": 1,
                "0101010011": 1,
                "0000101001": 1,
                "1100110110": 1,
                "1111100001": 1,
                "0000111001": 1,
                "0100011100": 1,
                "0010110001": 1,
                "0101100100": 1,
                "1001000100": 1,
                "1011010111": 2,
                "0110101110": 1,
                "1001011100": 1,
                "1111010000": 1,
                "1100110111": 1,
                "0111101110": 1,
                "1100111010": 1,
                "1011000000": 1,
                "1110011110": 3,
                "0101111010": 1,
                "1101111010": 1,
                "1001111111": 1,
                "1001001010": 1,
                "1011010001": 1,
                "1011001101": 1,
                "1101110011": 1,
                "0101111110": 1,
                "0001100011": 1,
                "1101100010": 1,
                "1111110000": 1,
                "0010001010": 1,
                "0110001011": 1,
                "1110101001": 1
            },
            true,
            0.93
        ],
        [
            [
                [
                    -4,
                    1,
                    5
                ],
                [
                    -10,
                    2,
                    6
                ],
                [
                    -4,
                    -6,
                    9
                ],
                [
                    2,
                    3,
                    7
                ],
                [
                    -5,
                    4,
                    -9
                ],
                [
                    6,
                    2,
                    8
                ],
                [
                    -8,
                    -10,
                    5
                ],
                [
                    -10,
                    -2,
                    3
                ],
                [
                    -10,
                    -1,
                    -3
                ],
                [
                    8,
                    -3,
                    6
                ],
                [
                    6,
                    8,
                    5
                ],
                [
                    10,
                    2,
                    3
                ],
                [
                    -9,
                    10,
                    2
                ],
                [
                    -6,
                    -2,
                    -5
                ],
                [
                    -2,
                    -9,
                    -10
                ],
                [
                    2,
                    10,
                    -5
                ],
                [
                    3,
                    -2,
                    -8
                ],
                [
                    10,
                    -3,
                    -8
                ],
                [
                    -8,
                    -6,
                    1
                ],
                [
                    -1,
                    -8,
                    5
                ],
                [
                    7,
                    -9,
                    -2
                ],
                [
                    9,
                    4,
                    -2
                ],
                [
                    1,
                    -8,
                    3
                ],
                [
                    1,
                    -3,
                    -8
                ],
                [
                    -3,
                    -10,
                    -2
                ],
                [
                    1,
                    -8,
                    7
                ],
                [
                    -9,
                    -1,
                    2
                ],
                [
                    8,
                    -9,
                    -6
                ],
                [
                    -9,
                    -6,
                    -1
                ],
                [
                    10,
                    3,
                    6
                ],
                [
                    -6,
                    4,
                    5
                ],
                [
                    10,
                    7,
                    -5
                ],
                [
                    -10,
                    6,
                    2
                ],
                [
                    1,
                    -8,
                    5
                ],
                [
                    4,
                    -6,
                    -2
                ],
                [
                    -2,
                    7,
                    -10
                ],
                [
                    4,
                    -1,
                    2
                ],
                [
                    -3,
                    8,
                    10
                ],
                [
                    -4,
                    -9,
                    1
                ],
                [
                    6,
                    2,
                    -8
                ],
                [
                    3,
                    -6,
                    1
                ],
                [
                    6,
                    -9,
                    -2
                ],
                [
                    -7,
                    8,
                    4
                ],
                [
                    6,
                    7,
                    -10
                ],
                [
                    5,
                    -1,
                    -3
                ]
            ],
            "{   'fun': 1.0,\n    'jac': None,\n    'nfev': 207,\n    'nit': 2,\n    'njev': 23,\n    'x': array([0.62824909, 0.63304003, 1.90872717, 1.83929175, 0.55726243,\n       0.94828209, 0.37123268, 0.71003068])}",
            {
                "0000100000": 1,
                "1110011000": 1,
                "1111000100": 1,
                "0111110011": 1,
                "1010111001": 1,
                "1111111110": 1,
                "0110110110": 1,
                "0011111110": 1,
                "1010100000": 1,
                "1011000111": 1,
                "1000000010": 1,
                "1100011010": 1,
                "1100100000": 1,
                "1101010000": 1,
                "1011110110": 1,
                "0111110101": 1,
                "1000110100": 1,
                "0110001111": 1,
                "1100000111": 1,
                "1001000001": 1,
                "0010100010": 1,
                "0011111011": 1,
                "1000010000": 1,
                "0100100111": 1,
                "0001011111": 1,
                "1100011111": 1,
                "1010101011": 1,
                "1001000101": 2,
                "1011100000": 1,
                "1001101101": 1,
                "1100000101": 1,
                "0101100011": 1,
                "0000100111": 1,
                "1010100011": 1,
                "0100011000": 1,
                "0001110111": 1,
                "0110101011": 1,
                "0001000100": 1,
                "1011000001": 1,
                "0110111111": 1,
                "0111011011": 1,
                "1001001001": 1,
                "0111000000": 1,
                "1111000000": 1,
                "1011100101": 1,
                "1100000000": 1,
                "1111101101": 1,
                "0111011101": 1,
                "1010001011": 1,
                "1110010110": 1,
                "0101001011": 1,
                "1011110000": 1,
                "1010111111": 1,
                "0111001111": 1,
                "0100010011": 1,
                "1111001101": 1,
                "1010111000": 1,
                "0101110110": 2,
                "0011010001": 1,
                "0000011111": 1,
                "0010000111": 2,
                "1101101000": 1,
                "0011111001": 2,
                "0001011000": 1,
                "0011111100": 1,
                "0001110001": 1,
                "1111101000": 1,
                "1101111000": 1,
                "1100001110": 1,
                "1001110111": 2,
                "1000000101": 1,
                "0010000001": 1,
                "0101010011": 1,
                "1000101001": 1,
                "1000000110": 1,
                "0011001011": 1,
                "1010000101": 1,
                "1100110010": 1,
                "1111110001": 1,
                "0010010000": 1,
                "1001000010": 1,
                "0011110110": 1,
                "1111110101": 1,
                "1000111011": 1,
                "0111001101": 1,
                "1011010111": 1,
                "0001111001": 1,
                "0100000101": 1,
                "1101010101": 1,
                "0011000010": 1,
                "0101110010": 1,
                "0011010101": 1,
                "0001010000": 1,
                "1011000000": 1,
                "0001011101": 1
            },
            false,
            0.96
        ]
    ]
}