{
    "n": 10,
    "m": 45,
    "results": [
        [
            [
                [
                    10,
                    5,
                    -9
                ],
                [
                    -2,
                    3,
                    -5
                ],
                [
                    -1,
                    -3,
                    10
                ],
                [
                    -6,
                    3,
                    8
                ],
                [
                    8,
                    -3,
                    -9
                ],
                [
                    1,
                    4,
                    -5
                ],
                [
                    -3,
                    -7,
                    -8
                ],
                [
                    -7,
                    10,
                    -2
                ],
                [
                    -7,
                    -10,
                    2
                ],
                [
                    -8,
                    -9,
                    -7
                ],
                [
                    1,
                    -3,
                    -4
                ],
                [
                    9,
                    -10,
                    -3
                ],
                [
                    5,
                    -2,
                    7
                ],
                [
                    -7,
                    -3,
                    6
                ],
                [
                    -5,
                    3,
                    4
                ],
                [
                    8,
                    -1,
                    -9
                ],
                [
                    7,
                    8,
                    -9
                ],
                [
                    9,
                    3,
                    -2
                ],
                [
                    -1,
                    -3,
                    5
                ],
                [
                    -4,
                    -10,
                    2
                ],
                [
                    5,
                    -4,
                    7
                ],
                [
                    -8,
                    -6,
                    -2
                ],
                [
                    10,
                    6,
                    2
                ],
                [
                    4,
                    -7,
                    6
                ],
                [
                    2,
                    8,
                    5
                ],
                [
                    -10,
                    4,
                    6
                ],
                [
                    3,
                    -7,
                    -1
                ],
                [
                    -3,
                    -8,
                    -10
                ],
                [
                    2,
                    8,
                    -7
                ],
                [
                    8,
                    6,
                    -9
                ],
                [
                    -10,
                    -3,
                    2
                ],
                [
                    3,
                    -10,
                    -4
                ],
                [
                    -10,
                    -7,
                    8
                ],
                [
                    5,
                    -1,
                    9
                ],
                [
                    1,
                    -6,
                    -10
                ],
                [
                    -7,
                    -10,
                    -6
                ],
                [
                    -1,
                    4,
                    -7
                ],
                [
                    -9,
                    10,
                    4
                ],
                [
                    -5,
                    10,
                    -6
                ],
                [
                    -8,
                    -10,
                    -4
                ],
                [
                    -8,
                    6,
                    -2
                ],
                [
                    5,
                    7,
                    -10
                ],
                [
                    -9,
                    10,
                    -3
                ],
                [
                    9,
                    -6,
                    -3
                ],
                [
                    -2,
                    5,
                    -6
                ]
            ],
            "{   'fun': 0.99,\n    'jac': None,\n    'nfev': 189,\n    'nit': 0,\n    'njev': 21,\n    'x': array([2.43056353, 2.58611626, 1.58920063, 1.27969017, 0.28672592,\n       1.39678086, 2.72992658, 1.35219818])}",
            {
                "0000111010": 1,
                "0110011011": 1,
                "1111010101": 1,
                "1101011001": 1,
                "0110001001": 1,
                "0011101000": 1,
                "1101111111": 1,
                "0001001111": 1,
                "0000100001": 1,
                "0000000111": 1,
                "0010110111": 1,
                "1011011110": 1,
                "0010100000": 1,
                "0101110101": 1,
                "1100111111": 1,
                "0111111111": 1,
                "1100110001": 1,
                "1100101001": 1,
                "0100011110": 1,
                "0100000101": 1,
                "1100010011": 1,
                "1111110000": 1,
                "1100010100": 1,
                "1000110001": 1,
                "1101101010": 1,
                "1101011111": 1,
                "0101110001": 1,
                "0010110000": 1,
                "0000000010": 1,
                "1110101100": 2,
                "0111101000": 1,
                "1010000000": 1,
                "0000001101": 1,
                "1111110011": 1,
                "0101010011": 1,
                "1100100010": 1,
                "1110000010": 1,
                "0100110100": 1,
                "1101100101": 1,
                "1000111100": 1,
                "0011010101": 1,
                "0001101011": 1,
                "1011111000": 1,
                "1001001000": 1,
                "1000110101": 1,
                "1000010100": 1,
                "0100101101": 1,
                "1000111001": 1,
                "1110100110": 2,
                "1100011111": 1,
                "1001011100": 1,
                "0011001000": 1,
                "0111000110": 2,
                "1010010011": 1,
                "0101000000": 1,
                "1001010001": 1,
                "1100010101": 1,
                "0110000100": 1,
                "1001001001": 1,
                "1111100110": 1,
                "1001010110": 1,
                "1001100010": 1,
                "0101111111": 1,
                "1010101101": 1,
                "0000111001": 1,
                "1111101011": 1,
                "0111110111": 1,
                "0001110101": 1,
                "1110110100": 1,
                "0001101000": 1,
                "1001101101": 1,
                "1110011011": 1,
                "1100111001": 1,
                "1101010000": 1,
                "0110101001": 1,
                "0110100010": 2,
                "0010101101": 1,
                "0100100101": 1,
                "1101000101": 1,
                "0101111101": 1,
                "1010001000": 2,
                "1011110000": 1,
                "1010101100": 1,
                "1000010000": 2,
                "0100010101": 1,
                "0111010101": 1,
                "1111111010": 1,
                "0000101101": 1,
                "0110100000": 1,
                "1010110001": 1,
                "0011100000": 2,
                "1110000110": 1,
                "1011011011": 1
            },
            true,
            0.94
        ],
        [
            [
                [
                    -7,
                    9,
                    -6
                ],
                [
                    -5,
                    7,
                    -1
                ],
                [
                    2,
                    3,
                    8
                ],
                [
                    -7,
                    -4,
                    5
                ],
                [
                    -10,
                    1,
                    4
                ],
                [
                    -8,
                    -3,
                    -6
                ],
                [
                    -5,
                    -6,
                    -10
                ],
                [
                    -2,
                    5,
                    -1
                ],
                [
                    4,
                    -1,
                    5
                ],
                [
                    6,
                    -8,
                    9
                ],
                [
                    1,
                    -9,
                    -8
                ],
                [
                    -3,
                    -7,
                    -5
                ],
                [
                    -7,
                    -9,
                    10
                ],
                [
                    6,
                    -4,
                    9
                ],
                [
                    -8,
                    7,
                    -1
                ],
                [
                    -8,
                    1,
                    4
                ],
                [
                    6,
                    -10,
                    2
                ],
                [
                    -7,
                    6,
                    -5
                ],
                [
                    -8,
                    -10,
                    -3
                ],
                [
                    -9,
                    6,
                    -1
                ],
                [
                    5,
                    9,
                    -3
                ],
                [
                    10,
                    2,
                    3
                ],
                [
                    -4,
                    9,
                    -2
                ],
                [
                    -7,
                    -3,
                    -9
                ],
                [
                    4,
                    1,
                    -5
                ],
                [
                    10,
                    -1,
                    -4
                ],
                [
                    2,
                    -7,
                    -1
                ],
                [
                    7,
                    -6,
                    3
                ],
                [
                    4,
                    -9,
                    -2
                ],
                [
                    -4,
                    2,
                    1
                ],
                [
                    -10,
                    7,
                    1
                ],
                [
                    6,
                    4,
                    5
                ],
                [
                    1,
                    -8,
                    7
                ],
                [
                    -7,
                    -5,
                    -6
                ],
                [
                    8,
                    1,
                    5
                ],
                [
                    -7,
                    6,
                    -1
                ],
                [
                    9,
                    2,
                    -6
                ],
                [
                    10,
                    -1,
                    -9
                ],
                [
                    4,
                    2,
                    -3
                ],
                [
                    -5,
                    -4,
                    7
                ],
                [
                    -5,
                    1,
                    3
                ],
                [
                    8,
                    -4,
                    -7
                ],
                [
                    -5,
                    2,
                    8
                ],
                [
                    -5,
                    2,
                    -9
                ],
                [
                    4,
                    10,
                    7
                ]
            ],
            "{   'fun': 0.99,\n    'jac': None,\n    'nfev': 216,\n    'nit': 2,\n    'njev': 24,\n    'x': array([0.11335274, 0.64267565, 2.00111903, 0.46956599, 1.4004297 ,\n       0.42343261, 1.58876702, 2.81906255])}",
            {
                "0110101000": 1,
                "0010111011": 1,
                "0010101000": 1,
                "1000100110": 1,
                "1011000000": 1,
                "1011011011": 1,
                "1100101101": 1,
                "1110111000": 1,
                "0111101101": 1,
                "0010000100": 1,
                "0111001001": 1,
                "0101011011": 1,
                "1000101010": 1,
                "0100000110": 1,
                "1011001110": 1,
                "1110100100": 1,
                "0000111000": 1,
                "1111000011": 1,
                "1110111111": 1,
                "1000011101": 1,
                "1000101101": 1,
                "1110001100": 1,
                "0101001010": 1,
                "1100100101": 1,
                "0001111000": 1,
                "0101110010": 1,
                "0000101000": 1,
                "1010111010": 1,
                "0100001111": 1,
                "1000111001": 1,
                "1011000110": 1,
                "0011100000": 2,
                "1111010110": 1,
                "0110101010": 1,
                "0000101011": 1,
                "1000100011": 2,
                "0011000101": 1,
                "1000111000": 1,
                "1111000001": 2,
                "0001111001": 1,
                "1101010101": 1,
                "1101001011": 1,
                "1010111111": 1,
                "1100100110": 1,
                "0101100100": 1,
                "0000100110": 1,
                "0000100000": 1,
                "1001110111": 1,
                "0100000000": 1,
                "0001111111": 1,
                "0010100000": 1,
                "0010111000": 1,
                "0111111010": 1,
                "0100010000": 1,
                "0000011111": 1,
                "1000110110": 1,
                "1001001010": 1,
                "0001000000": 1,
                "1101011011": 1,
                "0011101011": 1,
                "0110100010": 1,
                "0011100001": 1,
                "1111100001": 1,
                "0010011010": 1,
                "0110100000": 1,
                "1101000000": 1,
                "1011111100": 1,
                "1000011001": 1,
                "1110010010": 1,
                "1100100010": 1,
                "1001001110": 1,
                "0100111110": 1,
                "0111001110": 1,
                "0111000100": 1,
                "1110000101": 1,
                "0000000110": 1,
                "0000010001": 1,
                "0010111101": 1,
                "0101101001": 1,
                "0101111010": 1,
                "0001001110": 1,
                "0000001111": 1,
                "1010100111": 1,
                "1010000101": 1,
                "1101011100": 2,
                "0110001111": 1,
                "0100110111": 1,
                "1100000111": 1,
                "0001100010": 1,
                "0010101110": 1,
                "1010001010": 1,
                "1111010100": 1,
                "0000110101": 1,
                "0000000010": 1,
                "0100100110": 1,
                "1111110000": 1
            },
            true,
            0.97
        ],
        [
            [
                [
                    -10,
                    9,
                    -6
                ],
                [
                    -5,
                    -6,
                    -8
                ],
                [
                    -10,
                    -4,
                    3
                ],
                [
                    9,
                    3,
                    10
                ],
                [
                    -8,
                    5,
                    -3
                ],
                [
                    10,
                    6,
                    -1
                ],
                [
                    4,
                    -5,
                    -1
                ],
                [
                    1,
                    2,
                    -10
                ],
                [
                    -10,
                    -5,
                    -8
                ],
                [
                    9,
                    1,
                    -7
                ],
                [
                    2,
                    1,
                    6
                ],
                [
                    -7,
                    10,
                    -5
                ],
                [
                    -9,
                    -1,
                    -10
                ],
                [
                    -5,
                    -10,
                    -4
                ],
                [
                    -5,
                    -3,
                    1
                ],
                [
                    -2,
                    9,
                    1
                ],
                [
                    10,
                    1,
                    7
                ],
                [
                    -5,
                    10,
                    -3
                ],
                [
                    2,
                    6,
                    -3
                ],
                [
                    6,
                    -4,
                    9
                ],
                [
                    6,
                    4,
                    9
                ],
                [
                    7,
                    6,
                    3
                ],
                [
                    1,
                    -9,
                    -7
                ],
                [
                    10,
                    7,
                    -4
                ],
                [
                    6,
                    -4,
                    -2
                ],
                [
                    -6,
                    8,
                    -5
                ],
                [
                    3,
                    8,
                    10
                ],
                [
                    -3,
                    -10,
                    5
                ],
                [
                    2,
                    7,
                    10
                ],
                [
                    -1,
                    2,
                    -6
                ],
                [
                    3,
                    -4,
                    6
                ],
                [
                    -1,
                    7,
                    6
                ],
                [
                    -8,
                    6,
                    5
                ],
                [
                    -5,
                    -6,
                    -7
                ],
                [
                    -7,
                    -5,
                    4
                ],
                [
                    -4,
                    -6,
                    2
                ],
                [
                    8,
                    2,
                    -6
                ],
                [
                    9,
                    -10,
                    5
                ],
                [
                    10,
                    9,
                    2
                ],
                [
                    -3,
                    1,
                    8
                ],
                [
                    5,
                    1,
                    -4
                ],
                [
                    -5,
                    7,
                    -4
                ],
                [
                    9,
                    10,
                    -8
                ],
                [
                    -1,
                    3,
                    -10
                ],
                [
                    -4,
                    10,
                    -1
                ]
            ],
            "{   'fun': 0.96,\n    'jac': None,\n    'nfev': 261,\n    'nit': 3,\n    'njev': 29,\n    'x': array([1.39819453, 0.73956546, 2.73796507, 0.46117451, 0.6511547 ,\n       0.01888598, 0.20752878, 2.72924478])}",
            {
                "0111100010": 1,
                "0110001110": 1,
                "0110100010": 1,
                "0101101111": 1,
                "0110100100": 1,
                "0000010011": 1,
                "1111101010": 1,
                "1011010101": 2,
                "0110101001": 1,
                "1001011111": 1,
                "0101000111": 1,
                "1100100001": 1,
                "1110000011": 1,
                "0011000101": 1,
                "1100100011": 1,
                "1010100110": 1,
                "0011001010": 1,
                "0010011101": 1,
                "0110111010": 1,
                "1001110010": 1,
                "1110100110": 1,
                "0001100011": 1,
                "0011001111": 1,
                "0011111011": 1,
                "0001011010": 1,
                "1101100111": 1,
                "1001111101": 1,
                "1101000011": 1,
                "0110001101": 1,
                "1011010100": 1,
                "1100111011": 1,
                "1110110100": 1,
                "1011001111": 1,
                "1111110000": 1,
                "1101101101": 2,
                "1011100110": 1,
                "0011000011": 2,
                "0011001100": 1,
                "0101100010": 1,
                "1000100111": 1,
                "0111001010": 2,
                "0001010001": 1,
                "1000111001": 1,
                "1011101111": 1,
                "0101011001": 1,
                "1001101110": 1,
                "1110001111": 1,
                "1011101001": 1,
                "1110111100": 1,
                "1110100010": 1,
                "0011010000": 1,
                "1001100001": 1,
                "0001010000": 1,
                "1111001111": 1,
                "0010101101": 1,
                "0100000010": 1,
                "1110011011": 1,
                "0011111111": 1,
                "1011011101": 1,
                "0000011000": 2,
                "0011110000": 1,
                "1010010101": 1,
                "1110011101": 1,
                "0001010100": 2,
                "0010011000": 1,
                "1010000111": 1,
                "1100111111": 1,
                "0010101110": 1,
                "0110111001": 1,
                "0000000010": 1,
                "0001011101": 1,
                "0111101100": 1,
                "0010011100": 1,
                "0101110011": 1,
                "1100011101": 1,
                "0010010010": 1,
                "1000110000": 1,
                "0110001010": 1,
                "1111101110": 1,
                "0110011100": 1,
                "0001110111": 1,
                "0000011010": 1,
                "0001100111": 1,
                "1000011100": 3,
                "0001001011": 2,
                "0001000010": 1,
                "0001111100": 1,
                "1110001001": 1,
                "0111111111": 1,
                "1111100100": 1,
                "0110010100": 1
            },
            true,
            0.9
        ],
        [
            [
                [
                    -10,
                    -3,
                    -1
                ],
                [
                    7,
                    -1,
                    -6
                ],
                [
                    -7,
                    -9,
                    3
                ],
                [
                    2,
                    4,
                    1
                ],
                [
                    -1,
                    -3,
                    2
                ],
                [
                    -8,
                    -9,
                    -3
                ],
                [
                    -3,
                    7,
                    2
                ],
                [
                    3,
                    4,
                    -9
                ],
                [
                    6,
                    1,
                    4
                ],
                [
                    -9,
                    6,
                    3
                ],
                [
                    2,
                    -7,
                    6
                ],
                [
                    5,
                    -1,
                    -7
                ],
                [
                    -8,
                    -2,
                    -5
                ],
                [
                    4,
                    7,
                    -3
                ],
                [
                    9,
                    -2,
                    -5
                ],
                [
                    -6,
                    -9,
                    10
                ],
                [
                    7,
                    5,
                    6
                ],
                [
                    -2,
                    -4,
                    -7
                ],
                [
                    10,
                    -9,
                    7
                ],
                [
                    -1,
                    9,
                    -3
                ],
                [
                    5,
                    -2,
                    8
                ],
                [
                    2,
                    -5,
                    -4
                ],
                [
                    -6,
                    -4,
                    2
                ],
                [
                    -3,
                    7,
                    -2
                ],
                [
                    -5,
                    9,
                    -8
                ],
                [
                    10,
                    -3,
                    8
                ],
                [
                    -10,
                    5,
                    -8
                ],
                [
                    10,
                    8,
                    -5
                ],
                [
                    7,
                    -6,
                    -10
                ],
                [
                    -8,
                    6,
                    9
                ],
                [
                    -5,
                    6,
                    -8
                ],
                [
                    2,
                    -3,
                    10
                ],
                [
                    7,
                    -9,
                    5
                ],
                [
                    -2,
                    10,
                    1
                ],
                [
                    -4,
                    -1,
                    3
                ],
                [
                    -7,
                    2,
                    -4
                ],
                [
                    -5,
                    1,
                    -4
                ],
                [
                    8,
                    10,
                    7
                ],
                [
                    3,
                    -1,
                    6
                ],
                [
                    6,
                    -10,
                    -8
                ],
                [
                    -10,
                    7,
                    4
                ],
                [
                    -3,
                    2,
                    -10
                ],
                [
                    -2,
                    -8,
                    7
                ],
                [
                    -2,
                    -7,
                    -10
                ],
                [
                    9,
                    -6,
                    -8
                ]
            ],
            "{   'fun': 1.0,\n    'jac': None,\n    'nfev': 189,\n    'nit': 1,\n    'njev': 21,\n    'x': array([1.29809716, 1.51304615, 0.67244471, 1.64201207, 0.03176735,\n       1.56170414, 0.69038503, 2.2931898 ])}",
            {
                "0010001100": 1,
                "1001111000": 1,
                "0011101100": 1,
                "1101001100": 1,
                "1011100010": 1,
                "1111100000": 1,
                "1000010100": 1,
                "1111111111": 1,
                "1001111110": 1,
                "1110001100": 1,
                "1111111000": 1,
                "0110000101": 1,
                "0101111011": 1,
                "0011011100": 1,
                "1010111000": 1,
                "0101001010": 1,
                "0001111010": 1,
                "1000100110": 1,
                "0000001100": 1,
                "1111011111": 1,
                "0111101111": 1,
                "1001110001": 1,
                "0010001001": 1,
                "0011101010": 1,
                "0011001011": 1,
                "0010101010": 2,
                "0000010110": 1,
                "0101001101": 1,
                "1010110110": 1,
                "0100010101": 1,
                "1111101111": 1,
                "1101110001": 1,
                "0011011011": 1,
                "0111110110": 1,
                "1110000000": 1,
                "1011110011": 1,
                "1110001011": 1,
                "1101000011": 1,
                "0000011110": 1,
                "1111101000": 1,
                "0100100110": 1,
                "1111001111": 1,
                "0111111010": 1,
                "0101100011": 1,
                "0111100110": 1,
                "1000111001": 1,
                "1010010000": 1,
                "1000010010": 1,
                "0100101011": 1,
                "1110100000": 1,
                "0000110001": 1,
                "0100110010": 1,
                "1100110101": 1,
                "1101101110": 1,
                "1000000010": 1,
                "0101101111": 1,
                "1101000001": 2,
                "1000110000": 1,
                "1101101000": 1,
                "0111101000": 1,
                "1111000100": 1,
                "0100110001": 1,
                "0011000011": 1,
                "0100110011": 1,
                "1000110111": 1,
                "0111001111": 2,
                "0110110011": 1,
                "0000111100": 1,
                "0010110000": 1,
                "0101010010": 1,
                "0100011101": 1,
                "1101000110": 1,
                "0111010001": 1,
                "1010111011": 1,
                "1100101011": 1,
                "0000011101": 1,
                "0011100011": 1,
                "1100111110": 1,
                "1101100100": 1,
                "1100011101": 1,
                "0011110111": 1,
                "0100111000": 1,
                "1101111101": 1,
                "1001001110": 1,
                "1111111110": 1,
                "0010011001": 1,
                "0100011001": 1,
                "1010101011": 1,
                "0100010010": 1,
                "1001000000": 1,
                "0011011010": 1,
                "1000011100": 1,
                "1110101000": 1,
                "1100001000": 1,
                "1000010111": 1,
                "0010010100": 1,
                "0011110101": 1
            },
            false,
            0.96
        ],
        [
            [
                [
                    -3,
                    1,
                    -7
                ],
                [
                    4,
                    8,
                    -1
                ],
                [
                    -10,
                    1,
                    -3
                ],
                [
                    4,
                    -6,
                    3
                ],
                [
                    5,
                    2,
                    -8
                ],
                [
                    8,
                    -10,
                    -2
                ],
                [
                    2,
                    -5,
                    7
                ],
                [
                    -5,
                    -6,
                    -4
                ],
                [
                    4,
                    -3,
                    6
                ],
                [
                    1,
                    8,
                    5
                ],
                [
                    -2,
                    10,
                    1
                ],
                [
                    9,
                    3,
                    7
                ],
                [
                    2,
                    6,
                    -1
                ],
                [
                    2,
                    9,
                    -7
                ],
                [
                    -4,
                    -8,
                    6
                ],
                [
                    2,
                    -10,
                    9
                ],
                [
                    4,
                    2,
                    -8
                ],
                [
                    -7,
                    -2,
                    5
                ],
                [
                    8,
                    -7,
                    -2
                ],
                [
                    -6,
                    2,
                    3
                ],
                [
                    6,
                    -3,
                    5
                ],
                [
                    2,
                    -5,
                    -9
                ],
                [
                    -3,
                    -10,
                    7
                ],
                [
                    9,
                    -7,
                    4
                ],
                [
                    7,
                    8,
                    -2
                ],
                [
                    6,
                    2,
                    -7
                ],
                [
                    2,
                    7,
                    8
                ],
                [
                    -4,
                    -7,
                    -6
                ],
                [
                    7,
                    2,
                    9
                ],
                [
                    3,
                    -4,
                    -6
                ],
                [
                    2,
                    1,
                    -4
                ],
                [
                    8,
                    -3,
                    -4
                ],
                [
                    7,
                    1,
                    -4
                ],
                [
                    -6,
                    -3,
                    -8
                ],
                [
                    9,
                    -5,
                    10
                ],
                [
                    3,
                    10,
                    -5
                ],
                [
                    8,
                    -9,
                    2
                ],
                [
                    -5,
                    8,
                    -9
                ],
                [
                    -8,
                    3,
                    2
                ],
                [
                    7,
                    6,
                    10
                ],
                [
                    -4,
                    6,
                    7
                ],
                [
                    -6,
                    -5,
                    -9
                ],
                [
                    -4,
                    6,
                    -3
                ],
                [
                    4,
                    1,
                    -6
                ],
                [
                    -8,
                    -10,
                    -1
                ]
            ],
            "{   'fun': 1.0,\n    'jac': None,\n    'nfev': 297,\n    'nit': 3,\n    'njev': 33,\n    'x': array([0.62824875, 0.63304112, 1.90872717, 1.83929268, 0.55726243,\n       0.94828209, 0.3712336 , 0.71003161])}",
            {
                "1101000011": 1,
                "0001100000": 1,
                "0110011011": 1,
                "1111011111": 1,
                "1100111010": 1,
                "0101001000": 1,
                "1110011111": 1,
                "1110101011": 1,
                "1010101011": 1,
                "1010011110": 1,
                "0000011100": 1,
                "1101100110": 1,
                "1111100110": 1,
                "1101000101": 1,
                "1011000011": 1,
                "0001111101": 1,
                "0101110001": 1,
                "0000101111": 1,
                "0100100001": 1,
                "0000111011": 1,
                "1110110000": 1,
                "0000100100": 1,
                "0111000000": 1,
                "1001100110": 1,
                "1110101110": 1,
                "0000111101": 1,
                "0001110111": 1,
                "1011111101": 1,
                "1111110001": 2,
                "1111001010": 1,
                "0101101111": 1,
                "1100000110": 1,
                "1111110010": 1,
                "1010111101": 1,
                "1111010000": 1,
                "1010110010": 1,
                "0011001100": 1,
                "0101101011": 1,
                "0110010111": 1,
                "1100000000": 1,
                "0100111000": 1,
                "1001101001": 1,
                "1110000101": 1,
                "0111101111": 1,
                "1110010010": 2,
                "1000111111": 2,
                "1111011100": 1,
                "0111111101": 1,
                "1100011110": 1,
                "1000100000": 1,
                "1111100000": 1,
                "1011010100": 1,
                "1100110001": 1,
                "0101000001": 1,
                "1010000100": 1,
                "0111110010": 1,
                "1110110111": 1,
                "1111001100": 1,
                "1110001001": 1,
                "1100000001": 1,
                "1100111101": 1,
                "0101010010": 1,
                "0001011010": 1,
                "0010100010": 1,
                "0111001010": 1,
                "0100111101": 1,
                "0100010111": 1,
                "1011100101": 2,
                "0100100111": 1,
                "0111100110": 1,
                "0111010100": 1,
                "0000011011": 1,
                "0010110011": 1,
                "0001000100": 1,
                "1000011110": 1,
                "0101010011": 1,
                "0100011010": 1,
                "0000110001": 1,
                "1000101111": 1,
                "0001000001": 1,
                "1010000111": 1,
                "1001010110": 1,
                "1111111101": 1,
                "0010010101": 1,
                "0001000110": 1,
                "0111001000": 1,
                "0001001111": 2,
                "1111010001": 1,
                "0001010010": 1,
                "1011001101": 1,
                "0111110100": 1,
                "0101011100": 1,
                "0001101001": 1,
                "1111000111": 1,
                "1010011010": 1
            },
            false,
            0.96
        ]
    ]
}