{
    "n": 10,
    "m": 45,
    "results": [
        [
            [
                [
                    8,
                    -1,
                    5
                ],
                [
                    7,
                    -8,
                    -9
                ],
                [
                    -2,
                    8,
                    4
                ],
                [
                    -2,
                    6,
                    8
                ],
                [
                    9,
                    -10,
                    -7
                ],
                [
                    5,
                    -9,
                    -3
                ],
                [
                    9,
                    -10,
                    -4
                ],
                [
                    -10,
                    -7,
                    -6
                ],
                [
                    2,
                    -9,
                    5
                ],
                [
                    -5,
                    10,
                    -7
                ],
                [
                    6,
                    -2,
                    4
                ],
                [
                    -10,
                    -9,
                    -7
                ],
                [
                    9,
                    -5,
                    1
                ],
                [
                    -10,
                    -7,
                    9
                ],
                [
                    10,
                    -9,
                    3
                ],
                [
                    6,
                    1,
                    -3
                ],
                [
                    -9,
                    -1,
                    -8
                ],
                [
                    -9,
                    -5,
                    3
                ],
                [
                    -3,
                    9,
                    8
                ],
                [
                    7,
                    -5,
                    1
                ],
                [
                    3,
                    9,
                    7
                ],
                [
                    -7,
                    8,
                    -9
                ],
                [
                    4,
                    9,
                    -2
                ],
                [
                    3,
                    -8,
                    -9
                ],
                [
                    -2,
                    -9,
                    8
                ],
                [
                    -2,
                    3,
                    -10
                ],
                [
                    -6,
                    1,
                    3
                ],
                [
                    3,
                    6,
                    -8
                ],
                [
                    -2,
                    5,
                    1
                ],
                [
                    3,
                    4,
                    7
                ],
                [
                    -3,
                    1,
                    -5
                ],
                [
                    2,
                    -10,
                    -7
                ],
                [
                    2,
                    -7,
                    4
                ],
                [
                    9,
                    5,
                    -4
                ],
                [
                    -4,
                    6,
                    7
                ],
                [
                    4,
                    -8,
                    -6
                ],
                [
                    -8,
                    -2,
                    1
                ],
                [
                    5,
                    -6,
                    8
                ],
                [
                    5,
                    -8,
                    1
                ],
                [
                    7,
                    5,
                    2
                ],
                [
                    -9,
                    4,
                    -10
                ],
                [
                    -7,
                    10,
                    -1
                ],
                [
                    -3,
                    9,
                    -2
                ],
                [
                    10,
                    9,
                    3
                ],
                [
                    -3,
                    -10,
                    6
                ]
            ],
            "{   'fun': 0.99,\n    'jac': None,\n    'nfev': 72,\n    'nit': None,\n    'njev': None,\n    'x': array([1.78951464, 0.51207427, 0.24216766, 1.62181954, 0.74267509,\n       0.36650544, 2.15297455, 3.17039531])}",
            {
                "1100001100": 1,
                "0011000001": 1,
                "1110101001": 1,
                "0010110010": 1,
                "0001110101": 1,
                "1000100011": 1,
                "0101011110": 1,
                "0101110010": 1,
                "0010100101": 1,
                "0110001110": 1,
                "0000101101": 1,
                "1001111011": 1,
                "0000111010": 1,
                "0111000100": 1,
                "1001011111": 1,
                "0101001000": 1,
                "0011010100": 1,
                "0110011000": 1,
                "0010111100": 1,
                "1110111100": 1,
                "1101011000": 1,
                "0001011101": 1,
                "1011001101": 1,
                "0011101000": 4,
                "1111000111": 1,
                "1011001010": 1,
                "1011000111": 1,
                "0011010000": 1,
                "0100101100": 1,
                "0010100011": 1,
                "0000111110": 1,
                "1010010010": 1,
                "1010000101": 1,
                "1100110010": 1,
                "1000101001": 1,
                "0000001000": 1,
                "1111110101": 1,
                "1000110011": 1,
                "0101011101": 1,
                "0011001111": 1,
                "0110101000": 1,
                "1101000111": 1,
                "1000110010": 1,
                "1011110001": 2,
                "0100001111": 1,
                "1000110101": 1,
                "1101100000": 1,
                "1101010101": 1,
                "1011110010": 1,
                "1010001000": 1,
                "1010000100": 2,
                "1011110000": 1,
                "0001110010": 1,
                "1100110111": 2,
                "1100100100": 1,
                "0011001010": 1,
                "0010010110": 1,
                "1111011111": 1,
                "0001101110": 1,
                "1110110001": 1,
                "1000001010": 1,
                "0011011001": 1,
                "1100001111": 1,
                "1100100111": 1,
                "0101000101": 1,
                "0000111101": 1,
                "1110011110": 1,
                "0010010101": 1,
                "0111011001": 1,
                "0100001010": 2,
                "0101010111": 2,
                "0110111000": 1,
                "1010110010": 1,
                "0111001111": 1,
                "0100010011": 1,
                "1000100001": 1,
                "0011100110": 1,
                "0111000110": 1,
                "0100110101": 1,
                "1111100100": 1,
                "0110010001": 1,
                "0011101111": 1,
                "1011111100": 1,
                "1110000000": 2,
                "0011111010": 1,
                "0100011001": 1,
                "0010101100": 1,
                "0110011101": 1,
                "1110011111": 1,
                "1011101010": 1,
                "1110011101": 1
            },
            true,
            0.97
        ],
        [
            [
                [
                    -6,
                    -5,
                    -4
                ],
                [
                    1,
                    -7,
                    -8
                ],
                [
                    -4,
                    5,
                    3
                ],
                [
                    3,
                    -4,
                    2
                ],
                [
                    7,
                    5,
                    10
                ],
                [
                    -6,
                    -9,
                    -7
                ],
                [
                    10,
                    -2,
                    3
                ],
                [
                    -6,
                    -8,
                    1
                ],
                [
                    6,
                    -3,
                    -1
                ],
                [
                    3,
                    -9,
                    -4
                ],
                [
                    -8,
                    3,
                    -4
                ],
                [
                    -3,
                    8,
                    -10
                ],
                [
                    -7,
                    2,
                    1
                ],
                [
                    -6,
                    -8,
                    3
                ],
                [
                    6,
                    8,
                    -9
                ],
                [
                    -6,
                    -8,
                    2
                ],
                [
                    1,
                    4,
                    6
                ],
                [
                    6,
                    10,
                    8
                ],
                [
                    1,
                    -10,
                    8
                ],
                [
                    9,
                    5,
                    -8
                ],
                [
                    -9,
                    10,
                    1
                ],
                [
                    7,
                    -3,
                    2
                ],
                [
                    2,
                    -7,
                    -8
                ],
                [
                    5,
                    -6,
                    -1
                ],
                [
                    5,
                    -1,
                    -4
                ],
                [
                    7,
                    4,
                    -10
                ],
                [
                    -6,
                    8,
                    4
                ],
                [
                    -4,
                    -9,
                    10
                ],
                [
                    -7,
                    5,
                    3
                ],
                [
                    4,
                    6,
                    -3
                ],
                [
                    5,
                    -2,
                    1
                ],
                [
                    -6,
                    -9,
                    -10
                ],
                [
                    5,
                    -4,
                    -6
                ],
                [
                    -7,
                    6,
                    -1
                ],
                [
                    -5,
                    2,
                    -7
                ],
                [
                    -9,
                    -5,
                    -6
                ],
                [
                    3,
                    6,
                    1
                ],
                [
                    -6,
                    -8,
                    -1
                ],
                [
                    -7,
                    -5,
                    -9
                ],
                [
                    5,
                    4,
                    3
                ],
                [
                    2,
                    1,
                    -6
                ],
                [
                    -3,
                    -2,
                    8
                ],
                [
                    9,
                    -8,
                    7
                ],
                [
                    -6,
                    5,
                    1
                ],
                [
                    -4,
                    -7,
                    -5
                ]
            ],
            "{   'fun': 1.0,\n    'jac': None,\n    'nfev': 77,\n    'nit': None,\n    'njev': None,\n    'x': array([1.20993051, 0.71489386, 1.89169706, 2.34972188, 1.10325042,\n       0.99531575, 1.92324905, 2.14422262])}",
            {
                "0100011111": 1,
                "0101001110": 1,
                "0110101100": 1,
                "1010101010": 1,
                "1110011111": 1,
                "1101111000": 1,
                "0111100111": 1,
                "1111101010": 1,
                "1110011011": 1,
                "1010011000": 1,
                "1001110111": 1,
                "1010010011": 1,
                "0101100100": 1,
                "0110100111": 1,
                "1101111110": 1,
                "1010111101": 1,
                "1110110010": 1,
                "1111001001": 1,
                "1010111001": 1,
                "0100010000": 1,
                "1010100110": 1,
                "0010001001": 1,
                "1000110111": 2,
                "1001000110": 1,
                "1001011101": 1,
                "1101001100": 1,
                "0100100011": 1,
                "1001010110": 1,
                "1010110110": 1,
                "1111010111": 1,
                "1110011110": 1,
                "1100001000": 1,
                "1011100001": 1,
                "0011111100": 1,
                "1111010000": 1,
                "1100000101": 1,
                "0001000101": 1,
                "1010010000": 1,
                "1110110101": 1,
                "0001100111": 1,
                "0001001000": 1,
                "1110100011": 1,
                "0000100101": 1,
                "1000000000": 1,
                "0000110000": 1,
                "1111110100": 1,
                "0101010010": 1,
                "0110111011": 1,
                "1111101000": 1,
                "1000101110": 1,
                "0111110101": 1,
                "1101010111": 1,
                "1001011110": 1,
                "0001010111": 2,
                "0101011000": 1,
                "0101110010": 1,
                "0000010110": 1,
                "0010101001": 1,
                "0110100010": 1,
                "1001000011": 1,
                "0000001111": 1,
                "1000111100": 1,
                "1111001111": 1,
                "1100111000": 1,
                "1011101000": 1,
                "1110000010": 1,
                "0100110100": 1,
                "0111101001": 1,
                "0101010100": 1,
                "1011001111": 1,
                "0000101010": 1,
                "0011101000": 1,
                "0001001011": 1,
                "1100110010": 1,
                "1101110010": 1,
                "1101001011": 1,
                "0101111101": 1,
                "0010011100": 1,
                "1011010110": 1,
                "1010101000": 1,
                "0101101001": 1,
                "1010111011": 1,
                "1111001101": 1,
                "1111100101": 1,
                "1010001100": 1,
                "0011000111": 1,
                "0111110110": 1,
                "1010011010": 1,
                "1111000111": 1,
                "0010011000": 1,
                "0100100100": 1,
                "1100110101": 1,
                "0111110100": 1,
                "0110000011": 1,
                "0111001010": 1,
                "1000010111": 1,
                "1000111001": 1,
                "1011101110": 1
            },
            false,
            0.95
        ],
        [
            [
                [
                    1,
                    6,
                    10
                ],
                [
                    5,
                    -10,
                    7
                ],
                [
                    7,
                    -2,
                    3
                ],
                [
                    5,
                    6,
                    -3
                ],
                [
                    6,
                    8,
                    -5
                ],
                [
                    -3,
                    -2,
                    1
                ],
                [
                    4,
                    2,
                    10
                ],
                [
                    6,
                    -3,
                    -9
                ],
                [
                    -4,
                    -2,
                    -8
                ],
                [
                    9,
                    4,
                    3
                ],
                [
                    -2,
                    1,
                    -8
                ],
                [
                    7,
                    -4,
                    10
                ],
                [
                    2,
                    4,
                    7
                ],
                [
                    10,
                    5,
                    -2
                ],
                [
                    1,
                    -9,
                    4
                ],
                [
                    -9,
                    -1,
                    -3
                ],
                [
                    6,
                    4,
                    -7
                ],
                [
                    -1,
                    -9,
                    -7
                ],
                [
                    -4,
                    3,
                    6
                ],
                [
                    3,
                    -4,
                    -9
                ],
                [
                    6,
                    -1,
                    -2
                ],
                [
                    -3,
                    10,
                    5
                ],
                [
                    -6,
                    -10,
                    5
                ],
                [
                    8,
                    2,
                    -9
                ],
                [
                    -2,
                    10,
                    -5
                ],
                [
                    3,
                    8,
                    -5
                ],
                [
                    -6,
                    -4,
                    1
                ],
                [
                    -1,
                    4,
                    3
                ],
                [
                    4,
                    -1,
                    10
                ],
                [
                    10,
                    -3,
                    -6
                ],
                [
                    -7,
                    5,
                    3
                ],
                [
                    6,
                    -2,
                    5
                ],
                [
                    -6,
                    -10,
                    -4
                ],
                [
                    -9,
                    -3,
                    -1
                ],
                [
                    -1,
                    3,
                    4
                ],
                [
                    -8,
                    6,
                    10
                ],
                [
                    -2,
                    -1,
                    8
                ],
                [
                    3,
                    10,
                    4
                ],
                [
                    4,
                    5,
                    3
                ],
                [
                    7,
                    -10,
                    -6
                ],
                [
                    -3,
                    7,
                    9
                ],
                [
                    7,
                    -9,
                    4
                ],
                [
                    -5,
                    -7,
                    8
                ],
                [
                    5,
                    7,
                    1
                ],
                [
                    10,
                    -1,
                    3
                ]
            ],
            "{   'fun': 0.96,\n    'jac': None,\n    'nfev': 71,\n    'nit': None,\n    'njev': None,\n    'x': array([0.25622621, 1.08951562, 1.83893303, 3.08397718, 2.91184174,\n       2.75590442, 0.75436475, 0.68158658])}",
            {
                "0101001001": 1,
                "0011011101": 1,
                "0010111000": 1,
                "1110010101": 1,
                "1011001101": 1,
                "0100001100": 1,
                "0110000010": 1,
                "1110001001": 1,
                "1100110001": 1,
                "0001011101": 1,
                "0011111010": 1,
                "0000101100": 1,
                "0101011001": 1,
                "0001110010": 1,
                "1100111101": 1,
                "1011010100": 1,
                "0111101011": 1,
                "1001101111": 1,
                "1000111101": 1,
                "0001111000": 1,
                "1101010101": 1,
                "0001110110": 1,
                "0100111011": 1,
                "1100011111": 1,
                "0101001010": 1,
                "0000100011": 1,
                "1001100110": 1,
                "1011011100": 1,
                "1110001101": 1,
                "0111111000": 1,
                "1010011110": 1,
                "0010000010": 1,
                "1110001000": 1,
                "1101001001": 1,
                "0000110111": 1,
                "1101110101": 1,
                "1101001100": 1,
                "0110111111": 1,
                "0100000001": 1,
                "1110011010": 1,
                "1010101100": 1,
                "0111111100": 1,
                "0011010000": 1,
                "0110010110": 1,
                "0000000101": 1,
                "1111100010": 1,
                "1100100110": 1,
                "1111101100": 1,
                "1011100011": 1,
                "0000000000": 1,
                "1001111001": 1,
                "1111010001": 1,
                "1100011110": 2,
                "1000101010": 1,
                "1100100001": 1,
                "1101010110": 1,
                "0111011001": 1,
                "1100100101": 1,
                "0011011010": 1,
                "0010010001": 1,
                "0001011011": 1,
                "0010101110": 1,
                "0010100110": 1,
                "1101110111": 1,
                "0110000001": 1,
                "1010000010": 1,
                "0100010110": 1,
                "0001011110": 1,
                "0000010100": 1,
                "1100101111": 2,
                "1101111100": 1,
                "0001010000": 1,
                "1011111011": 1,
                "0000100111": 1,
                "1000011000": 1,
                "0010011101": 1,
                "1110101101": 1,
                "0001111010": 1,
                "0111110110": 1,
                "0001101000": 2,
                "0000000111": 1,
                "0111000000": 1,
                "0011000011": 1,
                "1000001110": 1,
                "0100001110": 1,
                "1100111010": 1,
                "1110000111": 1,
                "1110100110": 1,
                "1001110010": 1,
                "0101101110": 1,
                "0011100011": 1,
                "1011011000": 1,
                "1011001110": 1,
                "0011110111": 1,
                "1011011101": 2,
                "1110100101": 1
            },
            true,
            0.91
        ],
        [
            [
                [
                    -5,
                    2,
                    10
                ],
                [
                    -2,
                    -1,
                    -4
                ],
                [
                    1,
                    8,
                    4
                ],
                [
                    -1,
                    -10,
                    4
                ],
                [
                    2,
                    -9,
                    6
                ],
                [
                    6,
                    -7,
                    4
                ],
                [
                    3,
                    9,
                    -7
                ],
                [
                    7,
                    5,
                    4
                ],
                [
                    -5,
                    -10,
                    -7
                ],
                [
                    -9,
                    10,
                    2
                ],
                [
                    10,
                    4,
                    7
                ],
                [
                    5,
                    10,
                    4
                ],
                [
                    -5,
                    3,
                    -9
                ],
                [
                    6,
                    4,
                    -10
                ],
                [
                    -3,
                    7,
                    -4
                ],
                [
                    2,
                    -8,
                    9
                ],
                [
                    -7,
                    -1,
                    -3
                ],
                [
                    9,
                    1,
                    -5
                ],
                [
                    1,
                    7,
                    -2
                ],
                [
                    9,
                    -3,
                    2
                ],
                [
                    6,
                    10,
                    2
                ],
                [
                    9,
                    4,
                    2
                ],
                [
                    -8,
                    -6,
                    7
                ],
                [
                    -2,
                    9,
                    3
                ],
                [
                    -4,
                    -3,
                    -1
                ],
                [
                    10,
                    3,
                    -5
                ],
                [
                    1,
                    -10,
                    4
                ],
                [
                    6,
                    -10,
                    7
                ],
                [
                    10,
                    3,
                    -5
                ],
                [
                    -7,
                    -1,
                    -10
                ],
                [
                    -9,
                    -7,
                    -8
                ],
                [
                    3,
                    6,
                    -2
                ],
                [
                    7,
                    -9,
                    1
                ],
                [
                    -8,
                    3,
                    9
                ],
                [
                    -8,
                    -3,
                    -10
                ],
                [
                    1,
                    -5,
                    4
                ],
                [
                    -9,
                    4,
                    -5
                ],
                [
                    -7,
                    -6,
                    -10
                ],
                [
                    -4,
                    -3,
                    -5
                ],
                [
                    9,
                    -6,
                    -8
                ],
                [
                    -4,
                    10,
                    -6
                ],
                [
                    10,
                    5,
                    -8
                ],
                [
                    -5,
                    -9,
                    -7
                ],
                [
                    -4,
                    -5,
                    -6
                ],
                [
                    7,
                    8,
                    3
                ]
            ],
            "{   'fun': 1.0,\n    'jac': None,\n    'nfev': 72,\n    'nit': None,\n    'njev': None,\n    'x': array([ 0.98961178,  2.23154726, -0.54793545,  0.48472673,  0.9213141 ,\n        0.89039222,  0.50542598,  0.58519199])}",
            {
                "0011010000": 1,
                "0110111001": 1,
                "0101011011": 1,
                "1010100011": 1,
                "0110010011": 1,
                "1111010001": 1,
                "1011000000": 1,
                "1100001001": 1,
                "0000110011": 1,
                "0101010000": 1,
                "1110101111": 1,
                "1000010001": 1,
                "0000101100": 1,
                "0000111010": 1,
                "0110111100": 1,
                "1101001001": 1,
                "1100100010": 1,
                "1000110000": 1,
                "1100101011": 1,
                "1001001010": 1,
                "1000100001": 1,
                "1011111010": 1,
                "1001101001": 1,
                "0111011011": 1,
                "0110111111": 1,
                "0000100111": 1,
                "1011111011": 1,
                "0000001010": 1,
                "0111010111": 1,
                "0011000010": 1,
                "0100111100": 1,
                "0111100010": 1,
                "0100110111": 1,
                "0110001111": 1,
                "0001111101": 1,
                "1100100011": 1,
                "1011001000": 1,
                "0111001101": 1,
                "0010110001": 1,
                "0011111000": 1,
                "0011010100": 1,
                "0000010100": 1,
                "0010100110": 1,
                "0000111011": 1,
                "1110001101": 1,
                "0011001001": 1,
                "1001000011": 1,
                "0111100011": 1,
                "1111000000": 1,
                "1100101110": 1,
                "0111110110": 1,
                "0100011001": 1,
                "1101010110": 1,
                "1100100101": 1,
                "1011100111": 1,
                "0110011010": 1,
                "0100011011": 1,
                "1110010111": 1,
                "1101001011": 1,
                "1101000100": 1,
                "0000011111": 1,
                "0010000111": 1,
                "1011111100": 1,
                "1010010011": 1,
                "1101110011": 1,
                "0110101011": 1,
                "1001110001": 1,
                "1100010110": 1,
                "0101010110": 1,
                "1111001110": 1,
                "1001011011": 1,
                "0010100001": 1,
                "0100010111": 1,
                "1111000111": 1,
                "0001110111": 1,
                "1000011110": 1,
                "0010000001": 1,
                "0001101100": 1,
                "1001010101": 1,
                "1001101111": 1,
                "1100101010": 1,
                "1011011000": 1,
                "0100001000": 1,
                "1000110111": 1,
                "1100000100": 1,
                "1001101011": 1,
                "0101111010": 1,
                "0100010010": 1,
                "0111101011": 1,
                "1001110010": 1,
                "0001001010": 1,
                "0000111100": 1,
                "0100001100": 1,
                "0100100101": 1,
                "0100000010": 1,
                "1101111001": 1,
                "1001111101": 1,
                "1010001100": 1,
                "1101010011": 1,
                "0100110100": 1
            },
            false,
            0.97
        ],
        [
            [
                [
                    -2,
                    1,
                    6
                ],
                [
                    -5,
                    -9,
                    3
                ],
                [
                    -9,
                    3,
                    4
                ],
                [
                    7,
                    8,
                    -4
                ],
                [
                    -2,
                    -8,
                    -10
                ],
                [
                    -2,
                    4,
                    -7
                ],
                [
                    -2,
                    6,
                    9
                ],
                [
                    -1,
                    -7,
                    -10
                ],
                [
                    -5,
                    -10,
                    8
                ],
                [
                    10,
                    9,
                    5
                ],
                [
                    6,
                    -8,
                    2
                ],
                [
                    7,
                    -8,
                    2
                ],
                [
                    -8,
                    -10,
                    9
                ],
                [
                    -3,
                    9,
                    -7
                ],
                [
                    -8,
                    2,
                    -9
                ],
                [
                    -8,
                    -5,
                    -9
                ],
                [
                    6,
                    -5,
                    10
                ],
                [
                    6,
                    -8,
                    5
                ],
                [
                    2,
                    5,
                    -4
                ],
                [
                    -9,
                    -6,
                    1
                ],
                [
                    6,
                    -10,
                    -3
                ],
                [
                    10,
                    1,
                    -3
                ],
                [
                    -8,
                    2,
                    -5
                ],
                [
                    -7,
                    -4,
                    3
                ],
                [
                    5,
                    -8,
                    -2
                ],
                [
                    3,
                    1,
                    5
                ],
                [
                    2,
                    -1,
                    8
                ],
                [
                    5,
                    4,
                    3
                ],
                [
                    -1,
                    -8,
                    -9
                ],
                [
                    7,
                    4,
                    -3
                ],
                [
                    9,
                    6,
                    -3
                ],
                [
                    -4,
                    -9,
                    3
                ],
                [
                    -3,
                    -7,
                    -2
                ],
                [
                    1,
                    5,
                    9
                ],
                [
                    6,
                    -5,
                    -10
                ],
                [
                    -4,
                    10,
                    -3
                ],
                [
                    2,
                    4,
                    -8
                ],
                [
                    3,
                    5,
                    10
                ],
                [
                    9,
                    3,
                    4
                ],
                [
                    5,
                    -10,
                    -3
                ],
                [
                    8,
                    -1,
                    -2
                ],
                [
                    2,
                    10,
                    -3
                ],
                [
                    3,
                    9,
                    -1
                ],
                [
                    3,
                    10,
                    -6
                ],
                [
                    3,
                    8,
                    7
                ]
            ],
            "{   'fun': 1.0,\n    'jac': None,\n    'nfev': 49,\n    'nit': None,\n    'njev': None,\n    'x': array([2.5701968 , 2.63437836, 1.98367466, 0.48936482, 2.24505123,\n       1.05055914, 0.75198785, 2.768817  ])}",
            {
                "0101110101": 1,
                "0101111000": 1,
                "1000001010": 1,
                "0101000111": 1,
                "0001011111": 1,
                "0011000010": 1,
                "1000000100": 1,
                "1010010000": 1,
                "0111010001": 1,
                "1110100100": 1,
                "1010111001": 1,
                "1111101011": 1,
                "0100101100": 1,
                "0011111000": 1,
                "1100000110": 1,
                "1111001111": 1,
                "1100110111": 1,
                "1111010111": 1,
                "0100100110": 1,
                "1111110000": 1,
                "0001111001": 1,
                "1110101101": 1,
                "0000011110": 1,
                "1000111011": 2,
                "0101100100": 1,
                "0011000100": 1,
                "1000011100": 1,
                "1110000110": 1,
                "0000010010": 1,
                "0001001100": 1,
                "0010000011": 1,
                "1111110101": 1,
                "0110111101": 1,
                "0011100010": 1,
                "0001110111": 1,
                "1000100011": 1,
                "1111010100": 1,
                "1110000011": 2,
                "1110000000": 1,
                "1010001010": 1,
                "0010001000": 1,
                "1010101001": 1,
                "0110010000": 1,
                "1001101110": 1,
                "0011101010": 1,
                "1000111101": 1,
                "1000010111": 1,
                "1000010010": 1,
                "1110101100": 1,
                "0101001011": 1,
                "1110010110": 1,
                "0101111001": 1,
                "1001101100": 1,
                "1000010100": 1,
                "1110110011": 1,
                "1100010001": 1,
                "1011011100": 1,
                "0111101100": 1,
                "0100010100": 2,
                "0111100101": 1,
                "0001101111": 1,
                "1100000011": 1,
                "0001011110": 1,
                "1001100011": 1,
                "1010101101": 1,
                "0011101101": 1,
                "1000111110": 1,
                "1011110100": 1,
                "0111110001": 1,
                "1111110011": 1,
                "0000100110": 1,
                "1110010000": 1,
                "1010010001": 1,
                "0101101011": 1,
                "0111111110": 1,
                "1000101100": 2,
                "0011011110": 1,
                "0011111001": 1,
                "0000110000": 1,
                "0000101110": 1,
                "0011010001": 1,
                "1010110100": 1,
                "1101001000": 1,
                "1100001111": 1,
                "1000001001": 1,
                "0011011000": 1,
                "1110000001": 2,
                "0110110110": 1,
                "1110110111": 1,
                "1111001100": 1,
                "1001010010": 1,
                "0100110011": 1,
                "0101100000": 1,
                "1111010110": 2
            },
            false,
            1.0
        ]
    ]
}