{
    "n": 10,
    "m": 45,
    "results": [
        [
            [
                [
                    1,
                    -3,
                    -2
                ],
                [
                    -2,
                    1,
                    -4
                ],
                [
                    10,
                    3,
                    -4
                ],
                [
                    7,
                    -9,
                    5
                ],
                [
                    4,
                    5,
                    -7
                ],
                [
                    -5,
                    10,
                    6
                ],
                [
                    -2,
                    -9,
                    1
                ],
                [
                    9,
                    -6,
                    -7
                ],
                [
                    -8,
                    4,
                    9
                ],
                [
                    9,
                    6,
                    1
                ],
                [
                    2,
                    -3,
                    -1
                ],
                [
                    1,
                    -10,
                    3
                ],
                [
                    8,
                    -6,
                    7
                ],
                [
                    -4,
                    2,
                    -10
                ],
                [
                    8,
                    6,
                    7
                ],
                [
                    10,
                    7,
                    -2
                ],
                [
                    -3,
                    -5,
                    -1
                ],
                [
                    -7,
                    3,
                    -10
                ],
                [
                    -8,
                    -4,
                    2
                ],
                [
                    6,
                    -10,
                    -2
                ],
                [
                    -8,
                    2,
                    -4
                ],
                [
                    -4,
                    -9,
                    -6
                ],
                [
                    -4,
                    8,
                    1
                ],
                [
                    5,
                    4,
                    -3
                ],
                [
                    7,
                    -4,
                    -9
                ],
                [
                    9,
                    -10,
                    -1
                ],
                [
                    -5,
                    -2,
                    8
                ],
                [
                    10,
                    -4,
                    -3
                ],
                [
                    -6,
                    4,
                    -8
                ],
                [
                    1,
                    5,
                    -10
                ],
                [
                    3,
                    9,
                    8
                ],
                [
                    2,
                    -1,
                    -8
                ],
                [
                    -10,
                    8,
                    -4
                ],
                [
                    1,
                    8,
                    4
                ],
                [
                    3,
                    -4,
                    8
                ],
                [
                    -9,
                    -6,
                    -1
                ],
                [
                    -2,
                    10,
                    -4
                ],
                [
                    -1,
                    7,
                    -4
                ],
                [
                    -2,
                    -7,
                    -8
                ],
                [
                    5,
                    10,
                    -7
                ],
                [
                    -3,
                    -4,
                    -7
                ],
                [
                    5,
                    -1,
                    -2
                ],
                [
                    -1,
                    5,
                    -9
                ],
                [
                    -9,
                    -2,
                    6
                ],
                [
                    3,
                    -9,
                    -8
                ]
            ],
            "{   'fun': 1.0,\n    'jac': None,\n    'nfev': 78,\n    'nit': None,\n    'njev': None,\n    'x': array([ 3.22448305,  0.08664293, -0.15156643,  0.19482408,  0.75121232,\n       -0.05300486,  2.16446802,  2.71740799])}",
            {
                "0110110111": 1,
                "1000011001": 1,
                "1110100010": 1,
                "1010100000": 1,
                "0011111010": 1,
                "0111011101": 1,
                "0100011101": 1,
                "0000010000": 1,
                "0000000010": 1,
                "1101000110": 1,
                "1011000100": 1,
                "0010101011": 1,
                "0000101111": 1,
                "1110100100": 1,
                "1000001110": 1,
                "1010010011": 1,
                "0010100111": 1,
                "0110100110": 1,
                "0001010111": 1,
                "1011010110": 1,
                "0111100101": 1,
                "1010000001": 1,
                "0001100101": 1,
                "1011000111": 1,
                "0101111011": 1,
                "1111011010": 1,
                "1100011100": 1,
                "1001111010": 1,
                "1111011100": 1,
                "1011111000": 1,
                "0111110101": 1,
                "0010001110": 1,
                "0110001100": 1,
                "1101000000": 1,
                "1110011000": 1,
                "1001111001": 2,
                "0101110010": 1,
                "1000001011": 1,
                "0110101111": 1,
                "0100011000": 1,
                "0010001001": 1,
                "0001110100": 1,
                "1000011011": 1,
                "0011110100": 1,
                "1101011101": 1,
                "0111110001": 1,
                "1110001010": 1,
                "1101101000": 1,
                "0001101101": 1,
                "0110000010": 1,
                "0111101000": 1,
                "1000111000": 1,
                "1110000010": 1,
                "0111101001": 1,
                "0100101011": 1,
                "1010001001": 1,
                "1010111000": 1,
                "1111011101": 1,
                "0011010100": 2,
                "1111100101": 1,
                "1111001010": 1,
                "1010101010": 1,
                "0111010010": 1,
                "1100000100": 1,
                "0001000000": 1,
                "1100101001": 1,
                "0001101010": 1,
                "0000011011": 1,
                "0100101000": 1,
                "1111001111": 1,
                "0111111001": 1,
                "1010001100": 1,
                "0011000111": 1,
                "0111010000": 2,
                "0011001001": 1,
                "0011111101": 1,
                "0100011100": 1,
                "1100001010": 1,
                "1110010011": 1,
                "1010101001": 1,
                "1001000000": 1,
                "0110100011": 1,
                "0111100001": 1,
                "0001000001": 1,
                "1000010000": 1,
                "0000110010": 1,
                "1010011110": 1,
                "1000101110": 1,
                "1011101010": 2,
                "0110101010": 1,
                "0011001111": 1,
                "1111110111": 1,
                "1100101110": 1,
                "1000110011": 1,
                "0101010000": 1,
                "0000001000": 1
            },
            false,
            0.96
        ],
        [
            [
                [
                    -7,
                    9,
                    5
                ],
                [
                    2,
                    -5,
                    -9
                ],
                [
                    9,
                    3,
                    8
                ],
                [
                    -4,
                    -7,
                    -9
                ],
                [
                    -6,
                    5,
                    4
                ],
                [
                    3,
                    7,
                    -9
                ],
                [
                    8,
                    -2,
                    4
                ],
                [
                    7,
                    9,
                    10
                ],
                [
                    9,
                    -6,
                    7
                ],
                [
                    5,
                    -8,
                    -2
                ],
                [
                    4,
                    -6,
                    -7
                ],
                [
                    4,
                    2,
                    -6
                ],
                [
                    -10,
                    -6,
                    -7
                ],
                [
                    8,
                    3,
                    6
                ],
                [
                    -4,
                    7,
                    1
                ],
                [
                    2,
                    3,
                    6
                ],
                [
                    6,
                    5,
                    1
                ],
                [
                    6,
                    -1,
                    -3
                ],
                [
                    -5,
                    -1,
                    -2
                ],
                [
                    -3,
                    1,
                    5
                ],
                [
                    3,
                    4,
                    2
                ],
                [
                    -4,
                    9,
                    -2
                ],
                [
                    5,
                    -3,
                    6
                ],
                [
                    8,
                    -2,
                    7
                ],
                [
                    3,
                    4,
                    -1
                ],
                [
                    -6,
                    3,
                    -2
                ],
                [
                    8,
                    -4,
                    10
                ],
                [
                    6,
                    -3,
                    -9
                ],
                [
                    5,
                    -7,
                    10
                ],
                [
                    -8,
                    1,
                    -2
                ],
                [
                    -3,
                    2,
                    6
                ],
                [
                    6,
                    8,
                    -9
                ],
                [
                    -8,
                    4,
                    -5
                ],
                [
                    -2,
                    -9,
                    7
                ],
                [
                    3,
                    5,
                    -6
                ],
                [
                    6,
                    -3,
                    4
                ],
                [
                    -8,
                    -2,
                    6
                ],
                [
                    8,
                    6,
                    -9
                ],
                [
                    5,
                    -2,
                    8
                ],
                [
                    -5,
                    1,
                    9
                ],
                [
                    -9,
                    2,
                    -3
                ],
                [
                    -10,
                    4,
                    -9
                ],
                [
                    -6,
                    7,
                    -3
                ],
                [
                    -4,
                    1,
                    -8
                ],
                [
                    9,
                    10,
                    -7
                ]
            ],
            "{   'fun': 1.0,\n    'jac': None,\n    'nfev': 49,\n    'nit': None,\n    'njev': None,\n    'x': array([1.20550453, 0.72007837, 1.89708972, 1.36126478, 1.10541887,\n       0.99838178, 1.92665882, 1.14246927])}",
            {
                "0101011110": 1,
                "1001011001": 1,
                "1000100100": 1,
                "0000111101": 1,
                "1000011001": 1,
                "0101111010": 1,
                "0100100110": 1,
                "1110100010": 1,
                "1101011011": 1,
                "0101101100": 1,
                "0000100010": 1,
                "1111111010": 1,
                "1100010010": 1,
                "1000100001": 1,
                "1011110110": 1,
                "0010011111": 1,
                "0110000101": 1,
                "0010011100": 1,
                "0100011010": 1,
                "1011000001": 1,
                "1111100101": 1,
                "0011100000": 1,
                "0010100000": 1,
                "1100100000": 1,
                "1101101011": 1,
                "1011000100": 1,
                "0110111110": 1,
                "0101110010": 1,
                "0110011010": 1,
                "0000101111": 1,
                "0000001001": 2,
                "0100100011": 1,
                "0001110011": 1,
                "1100101100": 1,
                "0000100101": 1,
                "1101110100": 1,
                "1000010010": 1,
                "1000111100": 1,
                "0001001110": 1,
                "0101100011": 1,
                "0010000001": 1,
                "1010000001": 1,
                "0111101011": 1,
                "1010001101": 1,
                "0110110010": 1,
                "0010000010": 1,
                "1010000100": 1,
                "1101110010": 1,
                "0110101010": 1,
                "1110011000": 2,
                "1011101001": 1,
                "0100111100": 1,
                "0010111001": 1,
                "1110100101": 1,
                "0101011101": 1,
                "1101100100": 1,
                "0000000001": 2,
                "0010011001": 1,
                "1001010100": 1,
                "1110000100": 1,
                "0011000110": 2,
                "1100001001": 1,
                "0111000110": 1,
                "0001001010": 1,
                "1110100110": 1,
                "0001011111": 1,
                "1010011110": 1,
                "1000111011": 1,
                "1110110010": 1,
                "0100010101": 1,
                "1010001010": 1,
                "1110000000": 1,
                "1110100111": 1,
                "1010111010": 1,
                "0001001100": 1,
                "0110010001": 1,
                "0111010111": 1,
                "0001101110": 2,
                "0000000100": 2,
                "1001100111": 1,
                "0010010110": 1,
                "1111011111": 1,
                "0011101000": 1,
                "1000101010": 1,
                "1001101100": 1,
                "1110011011": 1,
                "1001101101": 1,
                "1110001111": 2,
                "0011001110": 1,
                "0110001101": 1,
                "0101011000": 1,
                "0101111000": 1,
                "1111001011": 1
            },
            false,
            1.0
        ],
        [
            [
                [
                    8,
                    -5,
                    10
                ],
                [
                    -4,
                    1,
                    -10
                ],
                [
                    -2,
                    5,
                    6
                ],
                [
                    -10,
                    -2,
                    -9
                ],
                [
                    -3,
                    -1,
                    6
                ],
                [
                    -3,
                    9,
                    -10
                ],
                [
                    6,
                    10,
                    -4
                ],
                [
                    3,
                    6,
                    -4
                ],
                [
                    8,
                    -6,
                    7
                ],
                [
                    7,
                    -5,
                    -1
                ],
                [
                    -10,
                    3,
                    -5
                ],
                [
                    6,
                    7,
                    -10
                ],
                [
                    -4,
                    -3,
                    6
                ],
                [
                    -9,
                    -7,
                    2
                ],
                [
                    -2,
                    -9,
                    7
                ],
                [
                    -9,
                    2,
                    -6
                ],
                [
                    9,
                    3,
                    -4
                ],
                [
                    -1,
                    10,
                    8
                ],
                [
                    -4,
                    8,
                    5
                ],
                [
                    7,
                    9,
                    10
                ],
                [
                    -5,
                    -4,
                    -3
                ],
                [
                    7,
                    -2,
                    -6
                ],
                [
                    -10,
                    -4,
                    9
                ],
                [
                    1,
                    2,
                    -6
                ],
                [
                    8,
                    -9,
                    -4
                ],
                [
                    9,
                    -6,
                    -3
                ],
                [
                    -7,
                    -4,
                    -1
                ],
                [
                    -1,
                    -6,
                    -4
                ],
                [
                    -4,
                    -1,
                    7
                ],
                [
                    -5,
                    -3,
                    -8
                ],
                [
                    -10,
                    -3,
                    -2
                ],
                [
                    6,
                    4,
                    8
                ],
                [
                    1,
                    2,
                    3
                ],
                [
                    6,
                    4,
                    -7
                ],
                [
                    6,
                    3,
                    -8
                ],
                [
                    -6,
                    8,
                    4
                ],
                [
                    8,
                    -5,
                    -1
                ],
                [
                    8,
                    -1,
                    7
                ],
                [
                    10,
                    -4,
                    9
                ],
                [
                    -4,
                    -2,
                    9
                ],
                [
                    1,
                    8,
                    -5
                ],
                [
                    6,
                    -5,
                    -9
                ],
                [
                    2,
                    1,
                    3
                ],
                [
                    -10,
                    -6,
                    -9
                ],
                [
                    -4,
                    -2,
                    3
                ]
            ],
            "{   'fun': 0.95,\n    'jac': None,\n    'nfev': 76,\n    'nit': None,\n    'njev': None,\n    'x': array([0.72376792, 1.64893696, 0.78745347, 4.12196763, 2.89286008,\n       2.61191051, 0.67833682, 0.62461645])}",
            {
                "0010000101": 1,
                "0010001111": 1,
                "1111010001": 1,
                "1000111111": 1,
                "0110110110": 1,
                "0110110100": 1,
                "1111001010": 1,
                "1101001010": 1,
                "0000100000": 1,
                "1110100011": 1,
                "1000000000": 1,
                "0101110100": 1,
                "1010110011": 1,
                "1001110111": 1,
                "0111101110": 1,
                "1111110111": 1,
                "1110001101": 1,
                "1000111101": 1,
                "0101110101": 1,
                "0111011101": 1,
                "1111101101": 1,
                "0101001010": 1,
                "1000001110": 1,
                "0011110010": 1,
                "0001101100": 1,
                "1000011110": 1,
                "0100101111": 1,
                "0010001001": 1,
                "1100100110": 1,
                "1111010101": 1,
                "1010001100": 1,
                "0000101010": 1,
                "0001001010": 1,
                "1001010000": 1,
                "0110111011": 1,
                "1010011101": 1,
                "1101010110": 1,
                "0111110101": 1,
                "1001000010": 1,
                "0110000001": 1,
                "1100010001": 1,
                "0100000010": 2,
                "0011100011": 1,
                "0111011111": 1,
                "0001111101": 1,
                "1101111011": 2,
                "0100100011": 1,
                "1000010110": 1,
                "0100111001": 1,
                "1110001000": 1,
                "0100011110": 1,
                "1011110000": 1,
                "1110110001": 1,
                "1110011100": 1,
                "0000100011": 1,
                "0011011111": 1,
                "1000000100": 2,
                "0110101111": 1,
                "1011111000": 1,
                "1011101110": 1,
                "1111001110": 1,
                "0101010110": 1,
                "1010100111": 2,
                "1000000101": 1,
                "0100110001": 1,
                "1010100100": 1,
                "1011100010": 1,
                "0100100001": 1,
                "1101101111": 1,
                "1001000101": 1,
                "0100110111": 1,
                "0110000100": 2,
                "1011100001": 1,
                "1000001000": 1,
                "1001001111": 2,
                "1110110100": 1,
                "1110100111": 1,
                "0001101000": 1,
                "0111001001": 1,
                "0111010111": 1,
                "0000111001": 1,
                "0111011100": 1,
                "1011000100": 1,
                "1110011011": 1,
                "0011111111": 1,
                "1000000111": 1,
                "0010011001": 1,
                "0100010110": 1,
                "1011010110": 1,
                "1010000101": 1,
                "1101011100": 1,
                "1010110111": 1,
                "0011010000": 1,
                "0111111100": 1
            },
            true,
            0.83
        ],
        [
            [
                [
                    5,
                    -8,
                    -4
                ],
                [
                    -1,
                    10,
                    9
                ],
                [
                    -1,
                    -2,
                    -10
                ],
                [
                    -10,
                    -2,
                    8
                ],
                [
                    -8,
                    -10,
                    -3
                ],
                [
                    1,
                    6,
                    5
                ],
                [
                    -6,
                    2,
                    -7
                ],
                [
                    -6,
                    -5,
                    -2
                ],
                [
                    -10,
                    -5,
                    -8
                ],
                [
                    -10,
                    -5,
                    -2
                ],
                [
                    -7,
                    -5,
                    9
                ],
                [
                    -9,
                    -6,
                    2
                ],
                [
                    9,
                    10,
                    -7
                ],
                [
                    10,
                    -9,
                    2
                ],
                [
                    10,
                    -8,
                    4
                ],
                [
                    -2,
                    1,
                    -4
                ],
                [
                    -9,
                    5,
                    4
                ],
                [
                    3,
                    9,
                    -2
                ],
                [
                    -10,
                    1,
                    3
                ],
                [
                    4,
                    -6,
                    -9
                ],
                [
                    9,
                    -1,
                    10
                ],
                [
                    -6,
                    1,
                    3
                ],
                [
                    -1,
                    -9,
                    -5
                ],
                [
                    -3,
                    9,
                    1
                ],
                [
                    -10,
                    -2,
                    -1
                ],
                [
                    -9,
                    3,
                    -1
                ],
                [
                    -7,
                    -1,
                    -2
                ],
                [
                    -4,
                    2,
                    -7
                ],
                [
                    3,
                    5,
                    4
                ],
                [
                    7,
                    -1,
                    10
                ],
                [
                    8,
                    -6,
                    2
                ],
                [
                    -10,
                    1,
                    -8
                ],
                [
                    -10,
                    -6,
                    -8
                ],
                [
                    3,
                    -7,
                    9
                ],
                [
                    3,
                    -9,
                    10
                ],
                [
                    -2,
                    7,
                    -4
                ],
                [
                    6,
                    -4,
                    8
                ],
                [
                    -4,
                    10,
                    8
                ],
                [
                    8,
                    -6,
                    10
                ],
                [
                    -2,
                    1,
                    -10
                ],
                [
                    -6,
                    10,
                    9
                ],
                [
                    -5,
                    2,
                    -6
                ],
                [
                    -8,
                    7,
                    4
                ],
                [
                    -5,
                    -3,
                    6
                ],
                [
                    8,
                    10,
                    1
                ]
            ],
            "{   'fun': 0.99,\n    'jac': None,\n    'nfev': 73,\n    'nit': None,\n    'njev': None,\n    'x': array([1.81165029, 2.01734728, 0.27438255, 1.30711748, 0.92116715,\n       2.29848152, 0.3015308 , 1.203051  ])}",
            {
                "1101100110": 1,
                "0101001001": 1,
                "0000001101": 1,
                "0011111001": 1,
                "1000100101": 1,
                "0101101110": 1,
                "1001110011": 1,
                "1010111100": 1,
                "1010111001": 1,
                "0111111001": 1,
                "1000001011": 1,
                "1001010101": 1,
                "0110000000": 1,
                "0100000110": 1,
                "1001110000": 1,
                "0000111001": 1,
                "1111100001": 1,
                "1100111100": 1,
                "1000011110": 1,
                "0101010111": 1,
                "1110100000": 1,
                "1110110101": 1,
                "0111011011": 1,
                "0001001001": 1,
                "1111001100": 1,
                "1000001110": 1,
                "0011011101": 1,
                "1000111001": 1,
                "0011000111": 1,
                "1010101100": 1,
                "1010111111": 1,
                "0000000010": 1,
                "1101011000": 1,
                "1010111110": 1,
                "0101010000": 1,
                "1011110001": 1,
                "1011000110": 1,
                "0010110000": 1,
                "0111101110": 1,
                "1100000101": 1,
                "1110010100": 1,
                "0101101101": 1,
                "1100100111": 1,
                "0110011010": 1,
                "0001111000": 1,
                "1001100010": 1,
                "0111010100": 1,
                "0100110111": 1,
                "1100111111": 1,
                "0011001101": 1,
                "0111101001": 1,
                "1101101111": 1,
                "0110010000": 1,
                "0110100000": 1,
                "0010111011": 1,
                "1100101100": 1,
                "0110101100": 1,
                "1000100011": 1,
                "0010101010": 1,
                "0010100011": 1,
                "0100011101": 1,
                "0000011111": 1,
                "0101110000": 1,
                "1000010010": 1,
                "1111110011": 1,
                "0111110001": 1,
                "1111111010": 1,
                "1100011010": 1,
                "0111001011": 1,
                "0010110010": 1,
                "1100101011": 1,
                "1100110000": 1,
                "1000000111": 1,
                "1011000111": 1,
                "0110010111": 1,
                "1110001100": 1,
                "0000110010": 2,
                "0110100111": 1,
                "0101100100": 1,
                "1001100101": 1,
                "1110111110": 1,
                "0100011001": 1,
                "0111101010": 1,
                "0001101001": 1,
                "1000010011": 1,
                "0100011110": 1,
                "1001111010": 1,
                "0000110100": 1,
                "1000100111": 1,
                "0110010001": 1,
                "1000011001": 1,
                "0110111100": 1,
                "0000100000": 1,
                "0110101001": 1,
                "1011010001": 2,
                "0010010001": 1,
                "1110000011": 1,
                "1111110010": 1
            },
            true,
            0.95
        ],
        [
            [
                [
                    -4,
                    -8,
                    6
                ],
                [
                    7,
                    10,
                    -4
                ],
                [
                    -9,
                    7,
                    -3
                ],
                [
                    7,
                    -6,
                    -3
                ],
                [
                    7,
                    9,
                    -3
                ],
                [
                    -9,
                    8,
                    1
                ],
                [
                    4,
                    -7,
                    1
                ],
                [
                    9,
                    5,
                    7
                ],
                [
                    5,
                    10,
                    3
                ],
                [
                    9,
                    7,
                    -3
                ],
                [
                    4,
                    -3,
                    -10
                ],
                [
                    6,
                    -9,
                    -4
                ],
                [
                    -2,
                    6,
                    8
                ],
                [
                    -7,
                    6,
                    2
                ],
                [
                    -6,
                    5,
                    -10
                ],
                [
                    -8,
                    -4,
                    1
                ],
                [
                    -9,
                    -10,
                    8
                ],
                [
                    2,
                    -1,
                    4
                ],
                [
                    9,
                    6,
                    2
                ],
                [
                    5,
                    8,
                    -7
                ],
                [
                    10,
                    8,
                    -6
                ],
                [
                    3,
                    -1,
                    -6
                ],
                [
                    -1,
                    -5,
                    4
                ],
                [
                    -3,
                    8,
                    -2
                ],
                [
                    -8,
                    2,
                    -4
                ],
                [
                    -8,
                    9,
                    -5
                ],
                [
                    -1,
                    -9,
                    3
                ],
                [
                    -6,
                    -3,
                    5
                ],
                [
                    7,
                    8,
                    -5
                ],
                [
                    -8,
                    -2,
                    6
                ],
                [
                    -9,
                    2,
                    7
                ],
                [
                    10,
                    8,
                    -2
                ],
                [
                    -9,
                    4,
                    -7
                ],
                [
                    1,
                    5,
                    9
                ],
                [
                    7,
                    -10,
                    -8
                ],
                [
                    -4,
                    3,
                    -2
                ],
                [
                    2,
                    4,
                    -8
                ],
                [
                    8,
                    4,
                    -5
                ],
                [
                    3,
                    2,
                    8
                ],
                [
                    -3,
                    8,
                    -9
                ],
                [
                    -6,
                    -10,
                    3
                ],
                [
                    -10,
                    -8,
                    6
                ],
                [
                    -6,
                    -9,
                    1
                ],
                [
                    -3,
                    -5,
                    -10
                ],
                [
                    -5,
                    7,
                    10
                ]
            ],
            "{   'fun': 1.0,\n    'jac': None,\n    'nfev': 75,\n    'nit': None,\n    'njev': None,\n    'x': array([2.58758679, 3.64755001, 1.9602487 , 0.44321255, 2.21033088,\n       0.96631943, 0.71696477, 2.99205125])}",
            {
                "0010110101": 1,
                "0111001000": 1,
                "0010100011": 1,
                "1010111111": 1,
                "1010100100": 1,
                "0000101111": 1,
                "1100001110": 1,
                "1101010001": 1,
                "1101011011": 1,
                "0001010000": 1,
                "1110010111": 1,
                "1010000111": 1,
                "0000010100": 1,
                "1000001110": 1,
                "1111100001": 1,
                "1011101100": 1,
                "0111110000": 1,
                "1110110101": 1,
                "0000010110": 1,
                "0101101101": 1,
                "0001001101": 1,
                "0100010110": 1,
                "0111100001": 1,
                "1010010101": 1,
                "1001111000": 1,
                "1100101001": 1,
                "0101110111": 1,
                "1110110001": 1,
                "0001001000": 1,
                "0111011111": 1,
                "1101010010": 1,
                "1110110011": 1,
                "0100010111": 1,
                "1111000111": 1,
                "1110110110": 1,
                "1111101010": 1,
                "0110010011": 1,
                "0111010000": 1,
                "0101101011": 1,
                "0101111111": 1,
                "1011110101": 1,
                "1000101001": 1,
                "0101010011": 1,
                "1000000110": 1,
                "0000100101": 1,
                "1101011100": 1,
                "0110001100": 1,
                "0100100101": 1,
                "1111001110": 1,
                "0111000111": 1,
                "0101001011": 1,
                "0101000010": 1,
                "1101111111": 1,
                "1000001000": 1,
                "1001001111": 1,
                "1101110001": 1,
                "1000001001": 1,
                "1111001011": 1,
                "0101100111": 1,
                "1111010010": 1,
                "1100110001": 1,
                "1100110110": 1,
                "1111010011": 1,
                "0010110110": 1,
                "1000100011": 1,
                "1010110111": 1,
                "1100001000": 1,
                "0010100110": 1,
                "0101001010": 1,
                "0110000001": 1,
                "0010010000": 1,
                "1110111010": 1,
                "0100111110": 1,
                "1100011101": 1,
                "0101110011": 1,
                "1101010111": 1,
                "1111110111": 1,
                "0011100111": 1,
                "1011110111": 1,
                "1001010100": 1,
                "0011001111": 1,
                "0010110000": 1,
                "1111100101": 1,
                "1011001100": 1,
                "1000010100": 1,
                "1101110000": 1,
                "1011100101": 1,
                "0000110010": 1,
                "1001000100": 1,
                "0110010000": 1,
                "0010011101": 1,
                "1100000010": 1,
                "1100101010": 1,
                "0011101100": 1,
                "1001101001": 1,
                "0000001001": 1,
                "1110011011": 1,
                "0001111000": 1,
                "0111111101": 1,
                "0010001000": 1
            },
            false,
            0.98
        ]
    ]
}