{
    "n": 10,
    "m": 45,
    "results": [
        [
            [
                [
                    -9,
                    5,
                    8
                ],
                [
                    -1,
                    -5,
                    -10
                ],
                [
                    -4,
                    -3,
                    -1
                ],
                [
                    1,
                    5,
                    -2
                ],
                [
                    -5,
                    -8,
                    4
                ],
                [
                    2,
                    -9,
                    6
                ],
                [
                    4,
                    5,
                    -2
                ],
                [
                    -1,
                    -5,
                    3
                ],
                [
                    -3,
                    4,
                    2
                ],
                [
                    1,
                    -7,
                    9
                ],
                [
                    1,
                    3,
                    6
                ],
                [
                    -1,
                    -9,
                    7
                ],
                [
                    7,
                    5,
                    -4
                ],
                [
                    -7,
                    -9,
                    -4
                ],
                [
                    8,
                    7,
                    -10
                ],
                [
                    1,
                    -7,
                    3
                ],
                [
                    5,
                    10,
                    3
                ],
                [
                    9,
                    -6,
                    -2
                ],
                [
                    -1,
                    -8,
                    -3
                ],
                [
                    -4,
                    8,
                    -7
                ],
                [
                    3,
                    -7,
                    -2
                ],
                [
                    8,
                    -2,
                    -10
                ],
                [
                    -2,
                    -10,
                    9
                ],
                [
                    -4,
                    2,
                    7
                ],
                [
                    -4,
                    -2,
                    1
                ],
                [
                    -4,
                    -2,
                    -7
                ],
                [
                    1,
                    -3,
                    -5
                ],
                [
                    -9,
                    6,
                    4
                ],
                [
                    -7,
                    -9,
                    -1
                ],
                [
                    9,
                    8,
                    -6
                ],
                [
                    5,
                    -10,
                    2
                ],
                [
                    2,
                    9,
                    -4
                ],
                [
                    6,
                    -4,
                    1
                ],
                [
                    4,
                    6,
                    -7
                ],
                [
                    4,
                    8,
                    2
                ],
                [
                    3,
                    -2,
                    -9
                ],
                [
                    7,
                    -8,
                    -9
                ],
                [
                    -5,
                    9,
                    -2
                ],
                [
                    -4,
                    2,
                    -9
                ],
                [
                    -1,
                    -2,
                    3
                ],
                [
                    7,
                    4,
                    10
                ],
                [
                    -3,
                    -1,
                    -7
                ],
                [
                    -4,
                    -3,
                    -6
                ],
                [
                    -1,
                    -3,
                    2
                ],
                [
                    -9,
                    -5,
                    -4
                ]
            ],
            "{   'fun': 1.0,\n    'jac': None,\n    'nfev': 9,\n    'nit': 0,\n    'njev': 1,\n    'x': array([0.07271878, 0.08518428, 2.49748869, 0.8393808 , 1.76215289,\n       1.68291279, 2.48651562, 2.64260122])}",
            {
                "1110000100": 1,
                "0001111000": 1,
                "0001011110": 1,
                "1010111101": 1,
                "0000101101": 1,
                "1010101101": 1,
                "0100001000": 1,
                "0110010110": 1,
                "1011011010": 1,
                "1011100110": 1,
                "1101101011": 2,
                "0000110110": 1,
                "1101001011": 1,
                "0001111011": 1,
                "0101110111": 1,
                "1110001011": 1,
                "1101111110": 1,
                "0010011000": 1,
                "1101101010": 2,
                "0010100101": 1,
                "1011011111": 1,
                "1000101011": 1,
                "0101010000": 1,
                "1010111110": 1,
                "0000011111": 1,
                "0000100111": 1,
                "1111001001": 1,
                "1011000011": 1,
                "0001011011": 1,
                "1111011000": 1,
                "1111111001": 1,
                "0101101001": 1,
                "1000110101": 1,
                "1110101010": 1,
                "1111010011": 1,
                "0001110111": 1,
                "1100110110": 1,
                "0100010010": 1,
                "1101011111": 1,
                "0011000011": 1,
                "0010100001": 1,
                "0010000110": 1,
                "1011001111": 1,
                "1111110000": 1,
                "0111110011": 1,
                "1010110110": 1,
                "1111000000": 1,
                "1111000001": 1,
                "0000110001": 1,
                "0110101001": 1,
                "1011010101": 2,
                "1111000011": 2,
                "0001101000": 1,
                "0111110110": 1,
                "1110110100": 1,
                "1010111001": 1,
                "1100111111": 1,
                "0010001010": 1,
                "1111110110": 1,
                "0110010010": 1,
                "1100000010": 2,
                "1101101000": 1,
                "0101000110": 1,
                "0001101101": 1,
                "0111101000": 1,
                "1110111101": 1,
                "1111010101": 1,
                "0010111010": 1,
                "0110111101": 1,
                "0100100111": 1,
                "0100001011": 1,
                "1111000101": 1,
                "1100100000": 1,
                "0100001100": 1,
                "1001100010": 1,
                "0010011011": 1,
                "1011010010": 1,
                "1011110001": 1,
                "0010000100": 1,
                "0111101111": 1,
                "0100011001": 1,
                "1000100111": 1,
                "1110001101": 1,
                "0111100111": 1,
                "0111100000": 1,
                "1111010010": 1,
                "0001001010": 1,
                "1011100111": 1,
                "1100011100": 1,
                "0110011101": 1,
                "0010101100": 1,
                "1011100100": 1,
                "1111001110": 1,
                "0101010110": 1,
                "1000101101": 1
            },
            false,
            1.0
        ],
        [
            [
                [
                    -2,
                    -8,
                    -4
                ],
                [
                    -5,
                    -9,
                    -8
                ],
                [
                    -8,
                    3,
                    9
                ],
                [
                    -9,
                    -6,
                    3
                ],
                [
                    10,
                    5,
                    9
                ],
                [
                    5,
                    -3,
                    -4
                ],
                [
                    8,
                    6,
                    7
                ],
                [
                    -4,
                    5,
                    -6
                ],
                [
                    7,
                    -5,
                    2
                ],
                [
                    -9,
                    -2,
                    -8
                ],
                [
                    -1,
                    -10,
                    -7
                ],
                [
                    2,
                    3,
                    8
                ],
                [
                    3,
                    -4,
                    7
                ],
                [
                    -6,
                    7,
                    4
                ],
                [
                    8,
                    -7,
                    -9
                ],
                [
                    -2,
                    7,
                    -9
                ],
                [
                    6,
                    -9,
                    -4
                ],
                [
                    -3,
                    7,
                    -1
                ],
                [
                    7,
                    -1,
                    -2
                ],
                [
                    -9,
                    -6,
                    10
                ],
                [
                    3,
                    6,
                    -10
                ],
                [
                    -4,
                    -10,
                    -5
                ],
                [
                    -5,
                    7,
                    -4
                ],
                [
                    -6,
                    -8,
                    2
                ],
                [
                    -1,
                    3,
                    4
                ],
                [
                    6,
                    4,
                    3
                ],
                [
                    2,
                    -6,
                    -10
                ],
                [
                    6,
                    3,
                    1
                ],
                [
                    3,
                    -9,
                    -10
                ],
                [
                    -8,
                    -10,
                    -9
                ],
                [
                    -9,
                    4,
                    8
                ],
                [
                    3,
                    -5,
                    9
                ],
                [
                    5,
                    -6,
                    -3
                ],
                [
                    1,
                    9,
                    5
                ],
                [
                    -4,
                    -9,
                    1
                ],
                [
                    -4,
                    5,
                    9
                ],
                [
                    3,
                    1,
                    8
                ],
                [
                    -1,
                    -2,
                    -8
                ],
                [
                    2,
                    8,
                    1
                ],
                [
                    -4,
                    9,
                    7
                ],
                [
                    7,
                    -8,
                    -10
                ],
                [
                    -1,
                    3,
                    4
                ],
                [
                    2,
                    10,
                    4
                ],
                [
                    -3,
                    -10,
                    -8
                ],
                [
                    -2,
                    -6,
                    9
                ]
            ],
            "{   'fun': 0.97,\n    'jac': None,\n    'nfev': 207,\n    'nit': 3,\n    'njev': 23,\n    'x': array([2.58572325, 0.04774238, 1.62396966, 3.04000578, 0.48383555,\n       1.06155102, 2.31572126, 2.38593492])}",
            {
                "0010000101": 1,
                "0011100000": 1,
                "1011010010": 1,
                "0001110010": 1,
                "0001001110": 1,
                "1000111111": 1,
                "1111010110": 1,
                "0001000001": 1,
                "1111110001": 1,
                "0110010111": 1,
                "1110101111": 1,
                "0100000000": 1,
                "1001111000": 1,
                "0101010000": 1,
                "0010100011": 2,
                "1010111101": 1,
                "0101110001": 1,
                "0110111111": 1,
                "0100000001": 1,
                "1000100001": 1,
                "1000111101": 1,
                "0000011110": 1,
                "0000000000": 1,
                "0100110111": 1,
                "0001011011": 1,
                "1010101101": 1,
                "0000111001": 1,
                "0100001011": 1,
                "1101000000": 1,
                "1010100000": 1,
                "1110110111": 1,
                "1111111000": 1,
                "1011011100": 1,
                "1000110001": 1,
                "0111101011": 1,
                "0101010101": 1,
                "1110000001": 1,
                "1100011100": 1,
                "1101111010": 1,
                "0001110011": 1,
                "0001000011": 1,
                "1001001100": 1,
                "0001101011": 1,
                "0001101101": 1,
                "0111111100": 1,
                "1000010010": 1,
                "0001111110": 1,
                "0100100101": 1,
                "0111111111": 1,
                "1101001010": 1,
                "1010110010": 1,
                "0000100110": 1,
                "1100000110": 1,
                "0101101111": 1,
                "0010001000": 1,
                "1101011101": 1,
                "0111101010": 1,
                "0101001101": 1,
                "0110001001": 2,
                "1000000110": 1,
                "0111000010": 1,
                "1110110100": 1,
                "0000111100": 1,
                "0011001111": 1,
                "0110000100": 1,
                "0100010111": 1,
                "1111100111": 1,
                "1010000010": 1,
                "0000100001": 1,
                "1010111011": 1,
                "1100110000": 1,
                "0011000001": 1,
                "1100011101": 1,
                "0101001000": 1,
                "1111011101": 1,
                "1101110101": 1,
                "0101110000": 1,
                "0110111010": 1,
                "0010010110": 2,
                "0011011001": 1,
                "0100110000": 1,
                "1011010011": 1,
                "1110111011": 1,
                "1001010100": 1,
                "1110101101": 1,
                "1001010111": 1,
                "1000010101": 1,
                "1111010010": 2,
                "0001000101": 1,
                "1010101011": 1,
                "0001001000": 1,
                "1010001110": 1,
                "1101010010": 1,
                "0001010000": 2,
                "0110000000": 1
            },
            true,
            0.92
        ],
        [
            [
                [
                    5,
                    -7,
                    2
                ],
                [
                    -6,
                    -7,
                    1
                ],
                [
                    10,
                    1,
                    -4
                ],
                [
                    1,
                    -10,
                    3
                ],
                [
                    8,
                    3,
                    -2
                ],
                [
                    -3,
                    2,
                    -7
                ],
                [
                    -6,
                    -3,
                    1
                ],
                [
                    -2,
                    -5,
                    -6
                ],
                [
                    5,
                    -1,
                    -9
                ],
                [
                    -6,
                    5,
                    -4
                ],
                [
                    -6,
                    -3,
                    -2
                ],
                [
                    -5,
                    10,
                    9
                ],
                [
                    7,
                    -6,
                    3
                ],
                [
                    3,
                    -4,
                    8
                ],
                [
                    6,
                    2,
                    9
                ],
                [
                    -9,
                    4,
                    10
                ],
                [
                    -1,
                    7,
                    4
                ],
                [
                    8,
                    5,
                    -2
                ],
                [
                    -7,
                    4,
                    -1
                ],
                [
                    -2,
                    3,
                    7
                ],
                [
                    -5,
                    7,
                    9
                ],
                [
                    7,
                    -8,
                    -1
                ],
                [
                    -4,
                    5,
                    -7
                ],
                [
                    1,
                    10,
                    -5
                ],
                [
                    4,
                    1,
                    -2
                ],
                [
                    -7,
                    2,
                    10
                ],
                [
                    1,
                    -6,
                    -5
                ],
                [
                    7,
                    -2,
                    -8
                ],
                [
                    -8,
                    6,
                    -3
                ],
                [
                    -8,
                    5,
                    10
                ],
                [
                    1,
                    4,
                    2
                ],
                [
                    -2,
                    -10,
                    9
                ],
                [
                    -1,
                    2,
                    -5
                ],
                [
                    -2,
                    -1,
                    -3
                ],
                [
                    2,
                    8,
                    7
                ],
                [
                    10,
                    -3,
                    -5
                ],
                [
                    6,
                    -4,
                    2
                ],
                [
                    7,
                    -6,
                    9
                ],
                [
                    7,
                    2,
                    5
                ],
                [
                    -4,
                    -7,
                    9
                ],
                [
                    -1,
                    -2,
                    8
                ],
                [
                    -1,
                    -4,
                    -8
                ],
                [
                    -5,
                    10,
                    2
                ],
                [
                    -4,
                    3,
                    -9
                ],
                [
                    3,
                    6,
                    -1
                ]
            ],
            "{   'fun': 1.0,\n    'jac': None,\n    'nfev': 9,\n    'nit': 0,\n    'njev': 1,\n    'x': array([0.52740253, 0.17713412, 0.19211593, 0.02383559, 1.32984143,\n       1.60249976, 1.62505177, 2.34059286])}",
            {
                "1111001011": 1,
                "1111110011": 1,
                "1111110001": 1,
                "1001101000": 1,
                "0001000110": 1,
                "1000100011": 1,
                "1110110011": 1,
                "0100001000": 1,
                "1010011000": 2,
                "1011001100": 1,
                "0001001110": 1,
                "1110010111": 1,
                "0000011000": 1,
                "0011001011": 1,
                "1101000100": 1,
                "1110001011": 1,
                "0010100011": 1,
                "0000101100": 1,
                "1001100101": 1,
                "1001000001": 2,
                "1101001101": 1,
                "0001011010": 1,
                "1100110101": 1,
                "1110011001": 1,
                "0011110100": 1,
                "1111000001": 1,
                "1110001010": 1,
                "0100000110": 1,
                "1111000110": 1,
                "1000101011": 1,
                "1000000000": 1,
                "1011100001": 1,
                "0101011000": 1,
                "0101111000": 1,
                "1001111101": 1,
                "1101100111": 1,
                "1011011101": 1,
                "1011111000": 2,
                "1010000011": 1,
                "0010100101": 1,
                "1000001101": 1,
                "1110110110": 1,
                "0001100100": 1,
                "1000010111": 1,
                "1001001010": 1,
                "1100100101": 1,
                "1010100011": 1,
                "1010010101": 1,
                "0010111011": 1,
                "0010000000": 1,
                "0111100101": 1,
                "0011010111": 1,
                "1000010001": 1,
                "0101010100": 1,
                "1111110000": 1,
                "0010101111": 1,
                "1000111010": 1,
                "1010001110": 1,
                "0000011010": 1,
                "0000000100": 1,
                "1110111001": 1,
                "1000110100": 1,
                "1000010110": 1,
                "1010110001": 1,
                "1111010010": 1,
                "0101001001": 1,
                "0111001111": 1,
                "0011011001": 1,
                "0011111111": 2,
                "1100111001": 1,
                "0100111101": 1,
                "0101000100": 1,
                "1010010010": 2,
                "1001110110": 1,
                "0111100110": 1,
                "0011101100": 1,
                "1001100000": 2,
                "0100101110": 1,
                "1101101101": 1,
                "0100011100": 1,
                "1000101100": 1,
                "1100100000": 1,
                "0000100001": 1,
                "0110110101": 1,
                "1100110000": 1,
                "1110001101": 1,
                "1101110100": 1,
                "1000110010": 1,
                "1000110001": 1,
                "1110111111": 1,
                "0001101100": 1,
                "0011100010": 1,
                "1000000110": 1,
                "0000001100": 1
            },
            false,
            1.0
        ],
        [
            [
                [
                    -9,
                    -8,
                    -7
                ],
                [
                    6,
                    1,
                    9
                ],
                [
                    8,
                    5,
                    1
                ],
                [
                    1,
                    4,
                    -10
                ],
                [
                    7,
                    9,
                    -4
                ],
                [
                    9,
                    1,
                    5
                ],
                [
                    -5,
                    3,
                    4
                ],
                [
                    -4,
                    -9,
                    5
                ],
                [
                    -2,
                    3,
                    -8
                ],
                [
                    -2,
                    -7,
                    4
                ],
                [
                    8,
                    10,
                    -3
                ],
                [
                    -1,
                    7,
                    -9
                ],
                [
                    -2,
                    -7,
                    10
                ],
                [
                    10,
                    5,
                    -2
                ],
                [
                    1,
                    -4,
                    10
                ],
                [
                    -4,
                    -3,
                    10
                ],
                [
                    -2,
                    1,
                    3
                ],
                [
                    -9,
                    -5,
                    8
                ],
                [
                    -10,
                    4,
                    -3
                ],
                [
                    -3,
                    -9,
                    -5
                ],
                [
                    6,
                    -9,
                    8
                ],
                [
                    -9,
                    8,
                    -4
                ],
                [
                    -2,
                    -8,
                    10
                ],
                [
                    5,
                    -10,
                    -6
                ],
                [
                    8,
                    2,
                    -10
                ],
                [
                    -1,
                    -7,
                    3
                ],
                [
                    -2,
                    -1,
                    8
                ],
                [
                    -3,
                    7,
                    4
                ],
                [
                    -3,
                    4,
                    -10
                ],
                [
                    4,
                    -9,
                    -7
                ],
                [
                    7,
                    -8,
                    2
                ],
                [
                    3,
                    -10,
                    2
                ],
                [
                    5,
                    -8,
                    -10
                ],
                [
                    6,
                    -10,
                    -4
                ],
                [
                    -2,
                    1,
                    8
                ],
                [
                    -1,
                    5,
                    -9
                ],
                [
                    2,
                    9,
                    -7
                ],
                [
                    10,
                    5,
                    -9
                ],
                [
                    -4,
                    -2,
                    -3
                ],
                [
                    -10,
                    -6,
                    -7
                ],
                [
                    -6,
                    8,
                    -4
                ],
                [
                    -2,
                    -10,
                    -8
                ],
                [
                    -5,
                    -2,
                    -8
                ],
                [
                    -1,
                    -8,
                    10
                ],
                [
                    6,
                    4,
                    10
                ]
            ],
            "{   'fun': 1.0,\n    'jac': None,\n    'nfev': 279,\n    'nit': 3,\n    'njev': 31,\n    'x': array([1.6666536 , 1.0587211 , 1.21780493, 0.12920881, 2.0136214 ,\n       2.2587721 , 1.60499482, 0.67771998])}",
            {
                "1000100111": 1,
                "1110011100": 1,
                "1100001110": 1,
                "0011011000": 1,
                "0000010110": 1,
                "1010000111": 1,
                "1111010001": 1,
                "1110111001": 1,
                "0011100101": 1,
                "1100011000": 1,
                "0010110100": 1,
                "1101100111": 1,
                "1101001001": 1,
                "0100100000": 1,
                "0110100100": 1,
                "0111101001": 1,
                "0100111011": 1,
                "0000001000": 1,
                "1001100101": 1,
                "1011010111": 1,
                "0011001000": 1,
                "1110000000": 1,
                "1101011111": 1,
                "0001010001": 1,
                "0011001001": 1,
                "1111110000": 1,
                "1101001011": 1,
                "1100001010": 1,
                "1101101010": 1,
                "1000010011": 1,
                "1000101000": 1,
                "1000001010": 1,
                "1011111110": 1,
                "1001010010": 1,
                "0010101101": 1,
                "0000111101": 2,
                "1010111101": 1,
                "1011010000": 1,
                "1001001011": 1,
                "1110011111": 1,
                "0111011001": 1,
                "0010011101": 1,
                "0101000000": 1,
                "0101011110": 1,
                "1100011100": 1,
                "1111111001": 1,
                "1101111010": 1,
                "1111011101": 1,
                "0010010101": 1,
                "0010001000": 1,
                "1010011011": 1,
                "0011101111": 1,
                "1001000110": 1,
                "0100010010": 1,
                "1011010001": 1,
                "1000111101": 1,
                "0110101001": 1,
                "0011011111": 1,
                "0110001011": 1,
                "0001001010": 1,
                "1111010010": 1,
                "0010010110": 1,
                "0100010110": 1,
                "0111100001": 1,
                "0000010100": 1,
                "0000101011": 1,
                "0010110110": 1,
                "0000111001": 1,
                "0111011100": 1,
                "1010000000": 2,
                "1111001010": 1,
                "1100010101": 1,
                "0111001111": 1,
                "1000011111": 1,
                "1111100010": 1,
                "1111010101": 1,
                "1101000101": 1,
                "0111101110": 1,
                "1001001100": 1,
                "0100101101": 1,
                "0001110000": 1,
                "1101111111": 1,
                "1100111101": 1,
                "1011100100": 1,
                "0100111101": 1,
                "0111001010": 1,
                "0110100101": 1,
                "0010011001": 1,
                "1100010011": 1,
                "0011000001": 1,
                "1010011101": 1,
                "0000101100": 1,
                "0000100001": 1,
                "1000101111": 1,
                "1110100000": 1,
                "0000110001": 1,
                "1100000000": 1,
                "1111101011": 1
            },
            false,
            0.95
        ],
        [
            [
                [
                    -2,
                    8,
                    -6
                ],
                [
                    -1,
                    3,
                    -6
                ],
                [
                    7,
                    -6,
                    -9
                ],
                [
                    4,
                    8,
                    3
                ],
                [
                    5,
                    9,
                    6
                ],
                [
                    -2,
                    9,
                    6
                ],
                [
                    9,
                    7,
                    -6
                ],
                [
                    -9,
                    2,
                    -8
                ],
                [
                    -5,
                    -4,
                    8
                ],
                [
                    -2,
                    8,
                    -1
                ],
                [
                    2,
                    -3,
                    -10
                ],
                [
                    2,
                    4,
                    9
                ],
                [
                    4,
                    -6,
                    -3
                ],
                [
                    -4,
                    -7,
                    -6
                ],
                [
                    3,
                    -6,
                    -2
                ],
                [
                    -6,
                    3,
                    -8
                ],
                [
                    10,
                    7,
                    5
                ],
                [
                    2,
                    10,
                    -4
                ],
                [
                    5,
                    -4,
                    -2
                ],
                [
                    7,
                    10,
                    5
                ],
                [
                    -8,
                    3,
                    -1
                ],
                [
                    -1,
                    -2,
                    -9
                ],
                [
                    9,
                    4,
                    -3
                ],
                [
                    -6,
                    2,
                    -8
                ],
                [
                    -8,
                    10,
                    3
                ],
                [
                    7,
                    -8,
                    -6
                ],
                [
                    -3,
                    5,
                    4
                ],
                [
                    -10,
                    -6,
                    8
                ],
                [
                    -9,
                    -5,
                    -10
                ],
                [
                    -9,
                    -5,
                    10
                ],
                [
                    -1,
                    7,
                    4
                ],
                [
                    4,
                    5,
                    -8
                ],
                [
                    -3,
                    -9,
                    -10
                ],
                [
                    -9,
                    -2,
                    6
                ],
                [
                    -5,
                    4,
                    2
                ],
                [
                    8,
                    7,
                    -9
                ],
                [
                    -10,
                    -6,
                    8
                ],
                [
                    9,
                    -6,
                    -8
                ],
                [
                    -9,
                    -8,
                    4
                ],
                [
                    7,
                    -9,
                    3
                ],
                [
                    -10,
                    8,
                    1
                ],
                [
                    -9,
                    6,
                    1
                ],
                [
                    2,
                    -6,
                    -5
                ],
                [
                    -6,
                    -1,
                    -4
                ],
                [
                    -4,
                    9,
                    10
                ]
            ],
            "{   'fun': 0.99,\n    'jac': None,\n    'nfev': 225,\n    'nit': 2,\n    'njev': 25,\n    'x': array([1.48071927, 0.09543952, 2.17348458, 1.06912715, 2.42272826,\n       2.0775014 , 1.74635416, 2.86819139])}",
            {
                "0001111010": 1,
                "1111000110": 1,
                "1100000101": 1,
                "1011111110": 1,
                "0110110110": 1,
                "0010100110": 1,
                "0111000100": 1,
                "0111101111": 1,
                "0101101101": 1,
                "1101000010": 1,
                "0011001100": 1,
                "0111100000": 1,
                "0001000000": 1,
                "0010001010": 1,
                "0011011001": 1,
                "0101001001": 1,
                "0001110000": 1,
                "1100111101": 1,
                "1011101000": 1,
                "1010010000": 1,
                "1000101001": 1,
                "0010000001": 1,
                "0000000011": 1,
                "1000110111": 1,
                "0100101101": 1,
                "1010001011": 1,
                "1010100100": 1,
                "1110000010": 1,
                "1010100000": 1,
                "0011110111": 1,
                "1001001110": 1,
                "1011101001": 1,
                "1110110001": 1,
                "1111001001": 1,
                "1110100001": 1,
                "0100110110": 1,
                "1001000000": 1,
                "1001011100": 1,
                "0011001000": 1,
                "1011000100": 1,
                "1011011000": 2,
                "0001111111": 1,
                "0110010011": 1,
                "1010100110": 1,
                "0010110111": 1,
                "1010010010": 1,
                "0010000010": 2,
                "0111000011": 1,
                "0000101010": 1,
                "1111111001": 1,
                "0100100010": 1,
                "0001001111": 1,
                "0001010001": 1,
                "0100000011": 1,
                "1101101110": 2,
                "0101010101": 1,
                "1111010101": 1,
                "1100010110": 1,
                "0010100100": 1,
                "0001011111": 1,
                "0010110001": 1,
                "1100110000": 1,
                "1011100001": 1,
                "0011101001": 1,
                "0000000101": 1,
                "0111011111": 1,
                "1111101011": 1,
                "0011100011": 2,
                "1010011000": 1,
                "1011110001": 1,
                "1101011010": 1,
                "0100000100": 1,
                "0100111100": 1,
                "0000110000": 1,
                "1110001010": 1,
                "0000010001": 1,
                "0000000110": 1,
                "1100001011": 1,
                "0101111110": 1,
                "1110101101": 1,
                "1011100000": 1,
                "0100011100": 1,
                "0011111101": 1,
                "1010111000": 3,
                "1000010111": 1,
                "0101100101": 1,
                "1010000001": 1,
                "0111101100": 1,
                "0111011110": 1,
                "0111001111": 2,
                "0110000111": 1,
                "0110100010": 1,
                "1001100111": 1
            },
            true,
            0.94
        ]
    ]
}