{
    "n": 10,
    "m": 45,
    "results": [
        [
            [
                [
                    -2,
                    8,
                    9
                ],
                [
                    -5,
                    -3,
                    -6
                ],
                [
                    10,
                    4,
                    2
                ],
                [
                    -2,
                    9,
                    6
                ],
                [
                    -4,
                    1,
                    6
                ],
                [
                    3,
                    2,
                    -4
                ],
                [
                    8,
                    6,
                    -9
                ],
                [
                    10,
                    9,
                    1
                ],
                [
                    -10,
                    -1,
                    8
                ],
                [
                    10,
                    -8,
                    1
                ],
                [
                    2,
                    -3,
                    1
                ],
                [
                    -9,
                    10,
                    -7
                ],
                [
                    8,
                    -5,
                    -4
                ],
                [
                    -9,
                    -1,
                    7
                ],
                [
                    -3,
                    -2,
                    -7
                ],
                [
                    1,
                    -9,
                    5
                ],
                [
                    4,
                    -7,
                    -10
                ],
                [
                    -9,
                    6,
                    2
                ],
                [
                    -6,
                    9,
                    -2
                ],
                [
                    -5,
                    -8,
                    10
                ],
                [
                    -5,
                    -3,
                    7
                ],
                [
                    -8,
                    3,
                    7
                ],
                [
                    4,
                    10,
                    8
                ],
                [
                    8,
                    -3,
                    -2
                ],
                [
                    4,
                    2,
                    -10
                ],
                [
                    -5,
                    9,
                    4
                ],
                [
                    1,
                    -7,
                    -8
                ],
                [
                    10,
                    -7,
                    3
                ],
                [
                    1,
                    7,
                    4
                ],
                [
                    -7,
                    -1,
                    5
                ],
                [
                    -6,
                    7,
                    9
                ],
                [
                    5,
                    -10,
                    -9
                ],
                [
                    -6,
                    7,
                    -2
                ],
                [
                    -9,
                    7,
                    6
                ],
                [
                    -4,
                    -8,
                    2
                ],
                [
                    3,
                    -10,
                    2
                ],
                [
                    -9,
                    -2,
                    -10
                ],
                [
                    2,
                    -8,
                    -4
                ],
                [
                    -7,
                    -6,
                    4
                ],
                [
                    10,
                    9,
                    2
                ],
                [
                    6,
                    -7,
                    -3
                ],
                [
                    -3,
                    4,
                    9
                ],
                [
                    -7,
                    1,
                    2
                ],
                [
                    -1,
                    -8,
                    -3
                ],
                [
                    -10,
                    7,
                    9
                ]
            ],
            "{   'fun': 1.0,\n    'jac': None,\n    'nfev': 9,\n    'nit': 0,\n    'njev': 1,\n    'x': array([0.07271878, 0.08518428, 2.49748869, 0.8393808 , 1.76215289,\n       1.68291279, 2.48651562, 2.64260122])}",
            {
                "0011110000": 1,
                "0111011001": 1,
                "1100111000": 1,
                "0101011001": 1,
                "1111100000": 1,
                "1001010001": 1,
                "0011001000": 1,
                "0111001011": 1,
                "0011110101": 1,
                "0000110111": 1,
                "1100001110": 1,
                "1000010101": 1,
                "0001110100": 1,
                "1011100111": 1,
                "1010010000": 1,
                "1000110111": 1,
                "0110101101": 1,
                "0010110111": 1,
                "0001000010": 1,
                "1101011011": 1,
                "1111001101": 1,
                "1011111101": 1,
                "0101000010": 1,
                "1011000100": 1,
                "0011010010": 1,
                "0101100010": 1,
                "1100011101": 1,
                "1010001001": 1,
                "1010111011": 1,
                "0000100001": 1,
                "1011010111": 1,
                "1011110011": 2,
                "1001010110": 1,
                "0000100101": 1,
                "1000000000": 1,
                "0101111100": 1,
                "0001101111": 1,
                "0011001110": 1,
                "1100111110": 1,
                "0101011101": 1,
                "0011010001": 1,
                "1100010111": 1,
                "0101010000": 1,
                "0000001000": 1,
                "1010100101": 1,
                "0011010000": 1,
                "0110101010": 1,
                "0001010000": 1,
                "0101100011": 1,
                "0000011011": 1,
                "1111001000": 3,
                "1101110111": 1,
                "0010000111": 1,
                "1001110100": 1,
                "0111000101": 1,
                "0011101000": 1,
                "0001001011": 1,
                "1001001101": 1,
                "1011111011": 1,
                "0010010011": 1,
                "0000100111": 1,
                "1110100011": 1,
                "0101010100": 1,
                "0010101011": 1,
                "1101110010": 1,
                "1110011010": 1,
                "0100010010": 2,
                "0001101101": 1,
                "0001011110": 1,
                "1001101111": 1,
                "0111101001": 1,
                "1011111000": 1,
                "1101101011": 1,
                "0010110011": 1,
                "0111100100": 1,
                "1010111010": 1,
                "0001010101": 1,
                "1000011001": 1,
                "0101101010": 1,
                "0101110101": 1,
                "1001011011": 1,
                "1000111101": 1,
                "1011010101": 1,
                "1101010000": 1,
                "0100011010": 1,
                "0010111111": 1,
                "0110010001": 1,
                "1100001011": 1,
                "1011100010": 1,
                "0000011000": 1,
                "1001111100": 1,
                "1100000011": 1,
                "1110111011": 1,
                "1001010100": 1,
                "0110110011": 1,
                "1100110100": 1
            },
            false,
            1.0
        ],
        [
            [
                [
                    10,
                    -4,
                    9
                ],
                [
                    6,
                    -1,
                    -2
                ],
                [
                    -6,
                    4,
                    -3
                ],
                [
                    1,
                    10,
                    -6
                ],
                [
                    10,
                    -1,
                    6
                ],
                [
                    9,
                    5,
                    -3
                ],
                [
                    -5,
                    1,
                    7
                ],
                [
                    -9,
                    1,
                    4
                ],
                [
                    -5,
                    -3,
                    -6
                ],
                [
                    10,
                    8,
                    -6
                ],
                [
                    -10,
                    2,
                    7
                ],
                [
                    -8,
                    -9,
                    -7
                ],
                [
                    2,
                    1,
                    4
                ],
                [
                    -7,
                    10,
                    6
                ],
                [
                    3,
                    -7,
                    -6
                ],
                [
                    -7,
                    -2,
                    5
                ],
                [
                    7,
                    2,
                    5
                ],
                [
                    7,
                    9,
                    2
                ],
                [
                    -10,
                    4,
                    7
                ],
                [
                    9,
                    4,
                    6
                ],
                [
                    10,
                    -3,
                    5
                ],
                [
                    8,
                    -7,
                    4
                ],
                [
                    4,
                    1,
                    -5
                ],
                [
                    8,
                    4,
                    -1
                ],
                [
                    8,
                    -6,
                    2
                ],
                [
                    3,
                    1,
                    -7
                ],
                [
                    -1,
                    -8,
                    3
                ],
                [
                    9,
                    8,
                    -3
                ],
                [
                    -3,
                    1,
                    9
                ],
                [
                    -5,
                    6,
                    10
                ],
                [
                    9,
                    8,
                    -3
                ],
                [
                    6,
                    3,
                    -10
                ],
                [
                    -4,
                    -8,
                    10
                ],
                [
                    9,
                    -8,
                    -10
                ],
                [
                    5,
                    1,
                    -2
                ],
                [
                    -5,
                    -4,
                    -9
                ],
                [
                    3,
                    -9,
                    10
                ],
                [
                    -2,
                    -3,
                    -7
                ],
                [
                    -2,
                    -5,
                    10
                ],
                [
                    -3,
                    -10,
                    -2
                ],
                [
                    7,
                    6,
                    -10
                ],
                [
                    5,
                    8,
                    -2
                ],
                [
                    4,
                    -6,
                    2
                ],
                [
                    -5,
                    -10,
                    2
                ],
                [
                    1,
                    -7,
                    -6
                ]
            ],
            "{   'fun': 1.0,\n    'jac': None,\n    'nfev': 243,\n    'nit': 3,\n    'njev': 27,\n    'x': array([2.58572551, 0.047744  , 1.62396976, 3.04000719, 0.48383704,\n       1.06155231, 2.31572139, 2.38593855])}",
            {
                "1101001101": 1,
                "0100100001": 1,
                "0011100010": 1,
                "1101110100": 1,
                "0010110110": 1,
                "0111110001": 1,
                "0110111110": 1,
                "0101010111": 1,
                "1111111000": 1,
                "0101100011": 1,
                "1001011011": 1,
                "0001000101": 1,
                "0100000010": 1,
                "1001000110": 1,
                "0111000000": 1,
                "1000011100": 1,
                "0101111110": 1,
                "0001100100": 1,
                "0110101001": 1,
                "0001100000": 1,
                "0011101001": 1,
                "1111001110": 1,
                "0111011101": 1,
                "1010110100": 1,
                "0101001001": 1,
                "1010001000": 1,
                "1011011001": 1,
                "0001000111": 1,
                "0010001101": 1,
                "0111110100": 1,
                "1011101111": 1,
                "1111101001": 1,
                "0011000011": 1,
                "0011111011": 1,
                "0010100010": 1,
                "1011011111": 1,
                "0000000001": 1,
                "1101010010": 1,
                "1100011011": 1,
                "0010100101": 1,
                "1101001100": 2,
                "0100100011": 1,
                "0011000111": 1,
                "1101001111": 1,
                "0000011111": 1,
                "1000110111": 1,
                "1100010001": 1,
                "1100111010": 1,
                "1000111011": 3,
                "0010111100": 1,
                "0101101010": 1,
                "1000111100": 1,
                "1101010011": 1,
                "1011101001": 1,
                "1010000010": 1,
                "0110001101": 1,
                "1110010101": 1,
                "0111101101": 1,
                "0110011010": 1,
                "1101000001": 1,
                "0010110010": 2,
                "0011110010": 1,
                "0110001100": 1,
                "0111010111": 1,
                "0000111001": 1,
                "0000001010": 1,
                "0011010110": 1,
                "0000010001": 1,
                "1111001111": 1,
                "1110110100": 1,
                "0100001111": 1,
                "1110110000": 1,
                "1100000000": 1,
                "1001100000": 1,
                "1001001100": 1,
                "1001010001": 1,
                "0101010010": 1,
                "0000111100": 1,
                "1110001101": 1,
                "0011111100": 1,
                "1011000011": 1,
                "1000010110": 1,
                "1110111101": 1,
                "0110100001": 1,
                "0010011011": 1,
                "0000111010": 1,
                "0111000100": 1,
                "0000100111": 1,
                "0110001110": 1,
                "1110110001": 1,
                "1100101001": 1,
                "1001101010": 1,
                "1001000010": 1,
                "1111110001": 1,
                "1010001011": 1,
                "0001100101": 1
            },
            false,
            0.93
        ],
        [
            [
                [
                    4,
                    3,
                    10
                ],
                [
                    10,
                    -1,
                    -4
                ],
                [
                    -10,
                    -6,
                    4
                ],
                [
                    3,
                    2,
                    -8
                ],
                [
                    7,
                    -4,
                    -8
                ],
                [
                    9,
                    -5,
                    -4
                ],
                [
                    4,
                    -5,
                    7
                ],
                [
                    10,
                    -5,
                    4
                ],
                [
                    -2,
                    -1,
                    -10
                ],
                [
                    5,
                    9,
                    -8
                ],
                [
                    9,
                    -2,
                    4
                ],
                [
                    3,
                    9,
                    -8
                ],
                [
                    6,
                    9,
                    -4
                ],
                [
                    3,
                    -7,
                    9
                ],
                [
                    -3,
                    4,
                    6
                ],
                [
                    -4,
                    10,
                    2
                ],
                [
                    -6,
                    -2,
                    8
                ],
                [
                    -2,
                    -6,
                    8
                ],
                [
                    10,
                    -7,
                    5
                ],
                [
                    -8,
                    10,
                    -1
                ],
                [
                    10,
                    -8,
                    5
                ],
                [
                    -6,
                    5,
                    -10
                ],
                [
                    10,
                    -9,
                    -2
                ],
                [
                    -10,
                    -6,
                    -7
                ],
                [
                    5,
                    9,
                    -1
                ],
                [
                    7,
                    5,
                    -9
                ],
                [
                    7,
                    -5,
                    3
                ],
                [
                    5,
                    -10,
                    -6
                ],
                [
                    -10,
                    2,
                    3
                ],
                [
                    -3,
                    4,
                    -5
                ],
                [
                    10,
                    -7,
                    -5
                ],
                [
                    -7,
                    4,
                    -2
                ],
                [
                    9,
                    3,
                    1
                ],
                [
                    6,
                    -5,
                    -2
                ],
                [
                    -1,
                    9,
                    -8
                ],
                [
                    6,
                    -4,
                    9
                ],
                [
                    -6,
                    -4,
                    -5
                ],
                [
                    -8,
                    1,
                    7
                ],
                [
                    -8,
                    10,
                    -6
                ],
                [
                    5,
                    -2,
                    6
                ],
                [
                    5,
                    2,
                    4
                ],
                [
                    7,
                    1,
                    6
                ],
                [
                    -7,
                    8,
                    5
                ],
                [
                    2,
                    -3,
                    10
                ],
                [
                    -2,
                    7,
                    1
                ]
            ],
            "{   'fun': 1.0,\n    'jac': None,\n    'nfev': 216,\n    'nit': 2,\n    'njev': 24,\n    'x': array([0.52740253, 0.17713412, 0.19211593, 0.02383562, 1.32984143,\n       1.60249976, 1.62505177, 2.34059286])}",
            {
                "1100010101": 1,
                "1110001010": 1,
                "1100001111": 1,
                "0000101110": 1,
                "1110101001": 1,
                "1100010010": 1,
                "0110110000": 1,
                "1011011100": 1,
                "1100110011": 1,
                "0101011101": 1,
                "0001100111": 1,
                "0111011111": 1,
                "1001000101": 1,
                "0111001011": 1,
                "0110011011": 1,
                "0011010101": 1,
                "0111100011": 1,
                "0110010100": 1,
                "0100001101": 2,
                "0000100011": 3,
                "0000111001": 1,
                "1010111000": 1,
                "0110010101": 1,
                "0100101100": 1,
                "1010010010": 1,
                "0001010111": 1,
                "1001011110": 1,
                "1011001101": 1,
                "0011101001": 1,
                "1111001001": 1,
                "1110101111": 1,
                "1101111101": 1,
                "0010101110": 1,
                "0101101000": 1,
                "0100111001": 1,
                "0100110001": 1,
                "1100101101": 1,
                "1100011110": 1,
                "0111100101": 1,
                "1010010110": 1,
                "0110001010": 1,
                "1000001101": 1,
                "0100111010": 1,
                "1101011001": 3,
                "1000100110": 1,
                "0001100000": 1,
                "1000100001": 1,
                "1000111101": 1,
                "0000100110": 1,
                "0000100000": 2,
                "0010010000": 1,
                "1010110000": 1,
                "1101011110": 1,
                "0100011101": 3,
                "1101001000": 1,
                "0000000000": 1,
                "1101101011": 1,
                "1101011100": 1,
                "0000010011": 1,
                "1001110001": 1,
                "0011000000": 1,
                "1000010000": 1,
                "0010100010": 1,
                "1010010111": 1,
                "0100000011": 1,
                "0111101000": 1,
                "0011111101": 2,
                "1011100110": 1,
                "0110001100": 1,
                "1111000100": 1,
                "0100010010": 1,
                "1011111001": 1,
                "0111000101": 3,
                "0101011011": 1,
                "0100011001": 1,
                "0100001100": 1,
                "0100000010": 1,
                "1110011110": 1,
                "1100111000": 1,
                "1111010011": 1,
                "0101100110": 1,
                "1001111101": 1,
                "0100100001": 1,
                "0000011100": 1,
                "0101100100": 1,
                "1011001000": 1,
                "0000110010": 1,
                "1011000111": 1,
                "0110010111": 1
            },
            false,
            0.96
        ],
        [
            [
                [
                    -2,
                    5,
                    10
                ],
                [
                    4,
                    -6,
                    9
                ],
                [
                    -7,
                    -6,
                    -3
                ],
                [
                    -5,
                    -10,
                    -2
                ],
                [
                    6,
                    1,
                    2
                ],
                [
                    -6,
                    3,
                    10
                ],
                [
                    8,
                    6,
                    5
                ],
                [
                    5,
                    -10,
                    -1
                ],
                [
                    5,
                    3,
                    -9
                ],
                [
                    -2,
                    -8,
                    1
                ],
                [
                    -7,
                    -1,
                    8
                ],
                [
                    -9,
                    7,
                    -1
                ],
                [
                    -5,
                    -6,
                    -1
                ],
                [
                    1,
                    2,
                    7
                ],
                [
                    9,
                    5,
                    -2
                ],
                [
                    7,
                    -1,
                    -8
                ],
                [
                    1,
                    -10,
                    -3
                ],
                [
                    -10,
                    5,
                    1
                ],
                [
                    -8,
                    -3,
                    -10
                ],
                [
                    -6,
                    8,
                    4
                ],
                [
                    -10,
                    -4,
                    -9
                ],
                [
                    -3,
                    6,
                    -9
                ],
                [
                    -10,
                    7,
                    1
                ],
                [
                    5,
                    -8,
                    6
                ],
                [
                    -5,
                    8,
                    1
                ],
                [
                    -7,
                    3,
                    4
                ],
                [
                    -2,
                    9,
                    -10
                ],
                [
                    -3,
                    -7,
                    -4
                ],
                [
                    -9,
                    4,
                    -3
                ],
                [
                    4,
                    3,
                    -1
                ],
                [
                    -2,
                    3,
                    9
                ],
                [
                    10,
                    7,
                    6
                ],
                [
                    -5,
                    6,
                    1
                ],
                [
                    7,
                    1,
                    6
                ],
                [
                    3,
                    -7,
                    9
                ],
                [
                    4,
                    -8,
                    7
                ],
                [
                    -9,
                    3,
                    -2
                ],
                [
                    4,
                    -2,
                    -6
                ],
                [
                    1,
                    3,
                    -5
                ],
                [
                    -7,
                    4,
                    5
                ],
                [
                    -1,
                    8,
                    -6
                ],
                [
                    9,
                    -6,
                    -5
                ],
                [
                    4,
                    -8,
                    3
                ],
                [
                    -2,
                    -7,
                    -8
                ],
                [
                    10,
                    -2,
                    -8
                ]
            ],
            "{   'fun': 0.97,\n    'jac': None,\n    'nfev': 261,\n    'nit': 3,\n    'njev': 29,\n    'x': array([1.66665404, 1.05872132, 1.21780559, 0.12920841, 2.01362162,\n       2.25877286, 1.60499538, 0.67772042])}",
            {
                "0111011001": 1,
                "0111000010": 1,
                "1110000011": 1,
                "0110011000": 1,
                "0011111010": 1,
                "0010110111": 1,
                "1111110110": 1,
                "1110010111": 1,
                "1111011001": 1,
                "1111001101": 1,
                "1010101000": 1,
                "1100000101": 1,
                "1001000010": 1,
                "1101110111": 1,
                "1010110000": 1,
                "1000100100": 1,
                "0001101000": 1,
                "1111001010": 1,
                "1001001000": 1,
                "1111011110": 1,
                "0001101100": 1,
                "0110111000": 1,
                "1011100111": 1,
                "0101011010": 1,
                "1100111010": 1,
                "1111000001": 1,
                "0101101101": 1,
                "1010000000": 1,
                "0000001101": 1,
                "1010010010": 1,
                "1100110001": 1,
                "0110101000": 1,
                "0100101000": 1,
                "0011010101": 1,
                "0110011111": 1,
                "0111010100": 1,
                "0101110010": 1,
                "1000010101": 2,
                "0111011000": 1,
                "0001111110": 2,
                "1011100100": 1,
                "0110000110": 1,
                "1011000101": 1,
                "1111100011": 1,
                "1001100010": 1,
                "0100001100": 1,
                "1111011000": 1,
                "0101001000": 1,
                "0011111001": 1,
                "1110111111": 1,
                "1011011100": 1,
                "1001011101": 1,
                "0001011101": 1,
                "0101011000": 1,
                "0000101101": 1,
                "1010001001": 1,
                "0111101010": 1,
                "0000110110": 1,
                "0000100011": 1,
                "1101100101": 1,
                "0000000000": 1,
                "1101010011": 1,
                "1010001110": 1,
                "1100111110": 1,
                "0001001000": 1,
                "1100101010": 1,
                "0111100110": 1,
                "0000001000": 1,
                "0011101011": 1,
                "1100010011": 1,
                "0110101101": 1,
                "1011011010": 1,
                "0100100101": 1,
                "0000000110": 2,
                "0110101100": 1,
                "0111100010": 1,
                "0111010011": 1,
                "0100101011": 1,
                "1110000101": 1,
                "0111000101": 1,
                "1001001100": 1,
                "1000011001": 1,
                "1111100001": 1,
                "1010110010": 1,
                "0110100001": 1,
                "1101000000": 2,
                "1000010001": 1,
                "0011010111": 2,
                "0001110000": 1,
                "0011110100": 1,
                "0011000110": 1,
                "1111100010": 2,
                "1010110101": 1,
                "0110110010": 1
            },
            true,
            0.91
        ],
        [
            [
                [
                    1,
                    -2,
                    -8
                ],
                [
                    6,
                    2,
                    7
                ],
                [
                    9,
                    5,
                    2
                ],
                [
                    -10,
                    -3,
                    7
                ],
                [
                    -1,
                    7,
                    -2
                ],
                [
                    9,
                    -8,
                    2
                ],
                [
                    -10,
                    1,
                    -7
                ],
                [
                    -3,
                    -4,
                    -7
                ],
                [
                    8,
                    9,
                    10
                ],
                [
                    -7,
                    -6,
                    4
                ],
                [
                    -7,
                    10,
                    -8
                ],
                [
                    -9,
                    -8,
                    5
                ],
                [
                    -5,
                    7,
                    6
                ],
                [
                    -5,
                    9,
                    -7
                ],
                [
                    -2,
                    4,
                    -7
                ],
                [
                    -6,
                    1,
                    -3
                ],
                [
                    -10,
                    1,
                    4
                ],
                [
                    -8,
                    -5,
                    10
                ],
                [
                    -1,
                    7,
                    6
                ],
                [
                    7,
                    -1,
                    -10
                ],
                [
                    -3,
                    5,
                    10
                ],
                [
                    10,
                    -9,
                    -1
                ],
                [
                    3,
                    2,
                    -7
                ],
                [
                    2,
                    9,
                    5
                ],
                [
                    -4,
                    -2,
                    3
                ],
                [
                    3,
                    -4,
                    7
                ],
                [
                    7,
                    -1,
                    -6
                ],
                [
                    -10,
                    3,
                    -2
                ],
                [
                    5,
                    -3,
                    -8
                ],
                [
                    1,
                    -10,
                    -5
                ],
                [
                    -10,
                    9,
                    -8
                ],
                [
                    -7,
                    -1,
                    -3
                ],
                [
                    1,
                    -4,
                    8
                ],
                [
                    -2,
                    3,
                    5
                ],
                [
                    3,
                    7,
                    8
                ],
                [
                    -1,
                    -6,
                    -2
                ],
                [
                    2,
                    5,
                    7
                ],
                [
                    -5,
                    -7,
                    -3
                ],
                [
                    5,
                    9,
                    6
                ],
                [
                    -10,
                    -2,
                    7
                ],
                [
                    -5,
                    -1,
                    10
                ],
                [
                    5,
                    6,
                    9
                ],
                [
                    -5,
                    -8,
                    -9
                ],
                [
                    -10,
                    4,
                    7
                ],
                [
                    2,
                    4,
                    6
                ]
            ],
            "{   'fun': 1.0,\n    'jac': None,\n    'nfev': 9,\n    'nit': 0,\n    'njev': 1,\n    'x': array([1.48071935, 0.0954396 , 2.1734847 , 1.06912731, 2.42272838,\n       2.07750153, 1.7463542 , 2.86819155])}",
            {
                "0011011010": 1,
                "1011111011": 1,
                "1111000111": 1,
                "1101111101": 1,
                "1101001001": 1,
                "0100001000": 1,
                "1010001001": 1,
                "1001110110": 1,
                "0110000001": 1,
                "1111010010": 1,
                "0101011011": 1,
                "1000100110": 1,
                "1000000111": 1,
                "0011111001": 1,
                "1000100100": 1,
                "0100100111": 1,
                "0110110010": 1,
                "1010001101": 2,
                "1101000001": 1,
                "1110101110": 1,
                "1000111000": 1,
                "1100001101": 1,
                "0111010111": 1,
                "0001100000": 1,
                "1100001001": 1,
                "0010110011": 1,
                "1001111010": 1,
                "1011100101": 1,
                "0110111000": 1,
                "0000010010": 1,
                "1111101010": 2,
                "1000011111": 1,
                "0100110110": 2,
                "1110011011": 1,
                "0001111111": 1,
                "0001111100": 1,
                "0101010010": 1,
                "1001010100": 1,
                "1101011000": 1,
                "0000110101": 1,
                "0000000101": 1,
                "1111110111": 1,
                "1011001101": 1,
                "0010011101": 1,
                "0101111110": 1,
                "0111011101": 1,
                "0110001000": 1,
                "1010101001": 1,
                "1110010011": 1,
                "0010010101": 1,
                "0111111010": 1,
                "0001100001": 1,
                "1001101001": 1,
                "1011111010": 1,
                "1000110001": 1,
                "1000011001": 1,
                "1110110100": 1,
                "1110100111": 1,
                "0010110001": 1,
                "0000011100": 1,
                "0001011011": 1,
                "1100100011": 1,
                "1011110011": 1,
                "1111110100": 1,
                "0111010101": 1,
                "1111100100": 1,
                "1000001001": 1,
                "0100110000": 1,
                "0011011000": 1,
                "0001110100": 1,
                "1000011011": 1,
                "1110111101": 1,
                "0111100001": 1,
                "1000110100": 1,
                "1110110101": 1,
                "0111011011": 1,
                "1101010110": 1,
                "1101001011": 1,
                "0111110010": 1,
                "1010101100": 1,
                "0000011001": 1,
                "0110010111": 1,
                "1100111100": 1,
                "0110000111": 1,
                "1110000100": 1,
                "1000101111": 1,
                "0111010011": 1,
                "1111110010": 1,
                "1100000100": 1,
                "1011100110": 1,
                "0101010100": 1,
                "0110001011": 1,
                "0010001010": 1,
                "0111101100": 1,
                "1011101011": 1,
                "0111011111": 1,
                "0000011101": 1
            },
            false,
            1.0
        ]
    ]
}