{
    "n": 10,
    "m": 45,
    "results": [
        [
            [
                [
                    -10,
                    -9,
                    4
                ],
                [
                    4,
                    -5,
                    -1
                ],
                [
                    -2,
                    3,
                    5
                ],
                [
                    -1,
                    7,
                    -3
                ],
                [
                    2,
                    4,
                    -5
                ],
                [
                    -3,
                    -7,
                    -10
                ],
                [
                    7,
                    1,
                    4
                ],
                [
                    10,
                    2,
                    5
                ],
                [
                    4,
                    -8,
                    -6
                ],
                [
                    2,
                    -3,
                    9
                ],
                [
                    8,
                    3,
                    1
                ],
                [
                    -8,
                    -2,
                    4
                ],
                [
                    3,
                    -6,
                    -8
                ],
                [
                    9,
                    5,
                    4
                ],
                [
                    5,
                    2,
                    7
                ],
                [
                    7,
                    -8,
                    10
                ],
                [
                    7,
                    6,
                    -10
                ],
                [
                    -5,
                    7,
                    -4
                ],
                [
                    3,
                    4,
                    10
                ],
                [
                    1,
                    3,
                    5
                ],
                [
                    3,
                    -9,
                    2
                ],
                [
                    -7,
                    6,
                    4
                ],
                [
                    8,
                    -5,
                    7
                ],
                [
                    -8,
                    -7,
                    -1
                ],
                [
                    -2,
                    9,
                    10
                ],
                [
                    -4,
                    -9,
                    -1
                ],
                [
                    9,
                    3,
                    -5
                ],
                [
                    -3,
                    5,
                    -6
                ],
                [
                    -4,
                    1,
                    2
                ],
                [
                    2,
                    9,
                    -5
                ],
                [
                    2,
                    -5,
                    -10
                ],
                [
                    2,
                    -6,
                    -5
                ],
                [
                    1,
                    -10,
                    -8
                ],
                [
                    -7,
                    9,
                    -5
                ],
                [
                    -3,
                    -2,
                    1
                ],
                [
                    -5,
                    -6,
                    -4
                ],
                [
                    -8,
                    -7,
                    5
                ],
                [
                    3,
                    6,
                    7
                ],
                [
                    7,
                    -1,
                    5
                ],
                [
                    -6,
                    -5,
                    3
                ],
                [
                    -2,
                    -4,
                    -5
                ],
                [
                    -4,
                    7,
                    9
                ],
                [
                    6,
                    10,
                    -8
                ],
                [
                    2,
                    1,
                    -5
                ],
                [
                    6,
                    -1,
                    -9
                ]
            ],
            "{   'fun': 1.0,\n    'jac': None,\n    'nfev': 125,\n    'nit': None,\n    'njev': None,\n    'x': array([1.8163331 , 0.49482302, 0.25663832, 0.60300264, 1.75130328,\n       0.35522201, 3.1644739 , 3.1257593 , 1.20553556, 0.72005567,\n       1.89706271, 1.36123852, 1.10537764, 0.99839764, 1.92662247,\n       1.14245713])}",
            {
                "1011111011": 1,
                "1001111100": 1,
                "0111110001": 1,
                "0111101110": 1,
                "1011100110": 1,
                "0011111001": 1,
                "1101001000": 1,
                "0011000111": 1,
                "0010001111": 1,
                "0011110010": 1,
                "0101111010": 1,
                "1110100101": 1,
                "1111110100": 1,
                "1101000000": 1,
                "0101011100": 1,
                "0100010110": 1,
                "1100100101": 1,
                "0011110011": 1,
                "1100000110": 1,
                "0111110100": 1,
                "0100011001": 1,
                "1000111011": 1,
                "0101001110": 1,
                "0111101101": 1,
                "1101110111": 1,
                "0001010101": 2,
                "0110111011": 2,
                "0010001011": 1,
                "0010111000": 1,
                "0001111111": 1,
                "0001110110": 1,
                "1100101010": 1,
                "0000001110": 1,
                "0011010010": 1,
                "0001001101": 1,
                "1001001111": 1,
                "1001100110": 1,
                "0101010101": 1,
                "0000011110": 1,
                "1111011000": 1,
                "1011001011": 1,
                "0100100101": 1,
                "1110101010": 1,
                "1000110101": 1,
                "1001111101": 2,
                "1000111100": 1,
                "1100110000": 1,
                "0110110101": 1,
                "0010111101": 1,
                "0111010000": 1,
                "0011001001": 1,
                "0001000100": 1,
                "0111000110": 1,
                "1000011010": 1,
                "1010010011": 1,
                "1000110011": 1,
                "1011001101": 1,
                "1000010010": 1,
                "0001110001": 1,
                "0011111011": 1,
                "0100101000": 1,
                "1111001111": 1,
                "0011010101": 1,
                "0001010000": 1,
                "0111111001": 2,
                "1100011101": 1,
                "1111010110": 1,
                "1001111010": 2,
                "1101001001": 1,
                "0011100010": 2,
                "0111010110": 1,
                "1010001010": 1,
                "1000001110": 1,
                "1001000111": 1,
                "0010110100": 1,
                "0011001110": 1,
                "1110101000": 1,
                "0110111001": 1,
                "0010101110": 2,
                "0110001011": 1,
                "1000101000": 1,
                "0101111100": 1,
                "1001111000": 2,
                "1011101001": 1,
                "1010000010": 1,
                "0001001011": 1,
                "1000011100": 1,
                "1011110100": 1,
                "1010000111": 1,
                "0010000110": 1,
                "1110110011": 1,
                "1010111101": 1
            },
            false,
            0.98
        ],
        [
            [
                [
                    3,
                    -4,
                    -9
                ],
                [
                    7,
                    -9,
                    -2
                ],
                [
                    3,
                    -9,
                    -1
                ],
                [
                    3,
                    1,
                    10
                ],
                [
                    -2,
                    7,
                    10
                ],
                [
                    1,
                    -10,
                    -5
                ],
                [
                    -9,
                    -2,
                    -4
                ],
                [
                    -9,
                    5,
                    1
                ],
                [
                    1,
                    -5,
                    3
                ],
                [
                    10,
                    -4,
                    -5
                ],
                [
                    -6,
                    9,
                    2
                ],
                [
                    -10,
                    3,
                    -8
                ],
                [
                    6,
                    -8,
                    2
                ],
                [
                    -8,
                    4,
                    10
                ],
                [
                    1,
                    9,
                    -5
                ],
                [
                    9,
                    1,
                    4
                ],
                [
                    2,
                    6,
                    7
                ],
                [
                    -7,
                    4,
                    2
                ],
                [
                    9,
                    -8,
                    -2
                ],
                [
                    -3,
                    6,
                    7
                ],
                [
                    -5,
                    7,
                    1
                ],
                [
                    10,
                    5,
                    8
                ],
                [
                    2,
                    -7,
                    3
                ],
                [
                    4,
                    1,
                    -6
                ],
                [
                    5,
                    1,
                    -4
                ],
                [
                    -4,
                    -7,
                    2
                ],
                [
                    -7,
                    1,
                    5
                ],
                [
                    -3,
                    -2,
                    8
                ],
                [
                    -10,
                    -3,
                    2
                ],
                [
                    7,
                    -2,
                    -4
                ],
                [
                    10,
                    4,
                    -9
                ],
                [
                    -4,
                    2,
                    8
                ],
                [
                    5,
                    -10,
                    9
                ],
                [
                    -4,
                    6,
                    2
                ],
                [
                    -2,
                    4,
                    8
                ],
                [
                    -8,
                    -9,
                    2
                ],
                [
                    4,
                    10,
                    -6
                ],
                [
                    -6,
                    8,
                    -7
                ],
                [
                    5,
                    -1,
                    -3
                ],
                [
                    6,
                    -10,
                    -8
                ],
                [
                    4,
                    7,
                    -5
                ],
                [
                    9,
                    6,
                    -5
                ],
                [
                    -3,
                    10,
                    -8
                ],
                [
                    -3,
                    -10,
                    5
                ],
                [
                    -6,
                    -1,
                    7
                ]
            ],
            "{   'fun': 1.0,\n    'jac': None,\n    'nfev': 124,\n    'nit': None,\n    'njev': None,\n    'x': array([0.25589257, 1.08889431, 0.83885594, 3.08390646, 2.91157183,\n       2.63083438, 0.75358796, 0.68072587, 1.81608381, 2.01726147,\n       0.27968333, 1.3054916 , 0.91997177, 0.88835155, 0.50352422,\n       1.40731074])}",
            {
                "0010101010": 1,
                "0111110101": 1,
                "1110011011": 1,
                "0000010100": 1,
                "0110111001": 1,
                "0011001011": 1,
                "0110000111": 1,
                "0011000101": 1,
                "1111101100": 1,
                "0111010011": 1,
                "1010110001": 1,
                "1111100010": 1,
                "0110010110": 1,
                "0000110011": 1,
                "0001110101": 1,
                "0011110001": 1,
                "0110110110": 1,
                "1010110101": 1,
                "1110000000": 1,
                "1111011111": 1,
                "0110001100": 1,
                "1001100101": 1,
                "0101100100": 1,
                "1010100001": 1,
                "1110100010": 1,
                "1000110110": 1,
                "1100001111": 1,
                "0011011000": 2,
                "1010100111": 1,
                "0000111010": 1,
                "1000110010": 1,
                "1001110010": 1,
                "1010110010": 1,
                "0011001001": 1,
                "1111111010": 1,
                "1010001110": 1,
                "0011100011": 1,
                "1001011011": 1,
                "1001101100": 1,
                "0110010111": 1,
                "0000101100": 1,
                "1100111010": 1,
                "0100001110": 1,
                "1101010100": 1,
                "1100100101": 1,
                "0000101010": 1,
                "1000001011": 1,
                "1010111011": 2,
                "1111011100": 1,
                "0100100011": 1,
                "1101010011": 1,
                "1101100101": 1,
                "0110010100": 1,
                "1001101010": 1,
                "0100011101": 1,
                "0100000010": 1,
                "1011001011": 1,
                "0001111011": 1,
                "1101001011": 1,
                "0100010110": 1,
                "1110110110": 1,
                "1011000110": 1,
                "0001000001": 1,
                "0110111101": 1,
                "1111111011": 2,
                "1000001100": 1,
                "1011000001": 1,
                "0111000010": 1,
                "0011000011": 1,
                "1100110111": 1,
                "0001001101": 2,
                "0111110011": 1,
                "0101010001": 1,
                "1000110011": 1,
                "1111110101": 1,
                "0111011100": 1,
                "0111010111": 1,
                "1111100001": 1,
                "1101111110": 1,
                "1111001000": 1,
                "0110001111": 1,
                "0001001111": 1,
                "0100111110": 1,
                "0011011111": 1,
                "0001101000": 1,
                "1011110101": 1,
                "0111111000": 1,
                "1111011010": 1,
                "0011011100": 1,
                "1010010111": 1,
                "0000011001": 1,
                "0100111010": 1,
                "1111010100": 1,
                "0100001001": 1,
                "1101110011": 1,
                "0001011011": 1
            },
            false,
            0.98
        ],
        [
            [
                [
                    2,
                    -8,
                    -3
                ],
                [
                    3,
                    10,
                    -6
                ],
                [
                    -7,
                    5,
                    -9
                ],
                [
                    -5,
                    -9,
                    -1
                ],
                [
                    -1,
                    9,
                    -2
                ],
                [
                    4,
                    1,
                    -8
                ],
                [
                    -1,
                    6,
                    10
                ],
                [
                    -4,
                    6,
                    -7
                ],
                [
                    -9,
                    -6,
                    4
                ],
                [
                    -10,
                    2,
                    -1
                ],
                [
                    -1,
                    6,
                    -5
                ],
                [
                    -1,
                    7,
                    10
                ],
                [
                    -1,
                    10,
                    2
                ],
                [
                    6,
                    9,
                    7
                ],
                [
                    7,
                    -1,
                    3
                ],
                [
                    4,
                    5,
                    10
                ],
                [
                    2,
                    -9,
                    -10
                ],
                [
                    -10,
                    -1,
                    3
                ],
                [
                    9,
                    -7,
                    1
                ],
                [
                    -1,
                    -2,
                    -6
                ],
                [
                    4,
                    7,
                    -3
                ],
                [
                    -3,
                    10,
                    -4
                ],
                [
                    7,
                    8,
                    9
                ],
                [
                    -10,
                    -8,
                    1
                ],
                [
                    -4,
                    2,
                    -5
                ],
                [
                    7,
                    -4,
                    -10
                ],
                [
                    -3,
                    5,
                    1
                ],
                [
                    -4,
                    -10,
                    2
                ],
                [
                    -1,
                    10,
                    7
                ],
                [
                    -4,
                    -7,
                    -3
                ],
                [
                    -8,
                    3,
                    7
                ],
                [
                    -4,
                    -9,
                    -5
                ],
                [
                    -8,
                    -4,
                    -3
                ],
                [
                    10,
                    -7,
                    8
                ],
                [
                    7,
                    -8,
                    -4
                ],
                [
                    -1,
                    8,
                    -2
                ],
                [
                    -10,
                    -1,
                    -2
                ],
                [
                    -9,
                    -8,
                    3
                ],
                [
                    -2,
                    1,
                    -6
                ],
                [
                    -8,
                    -1,
                    4
                ],
                [
                    10,
                    5,
                    -6
                ],
                [
                    9,
                    7,
                    6
                ],
                [
                    -3,
                    10,
                    9
                ],
                [
                    9,
                    7,
                    10
                ],
                [
                    -8,
                    -7,
                    -2
                ]
            ],
            "{   'fun': 0.83,\n    'jac': None,\n    'nfev': 138,\n    'nit': None,\n    'njev': None,\n    'x': array([3.56998919, 2.63473914, 2.98278423, 0.48910562, 2.24470281,\n       1.04987586, 1.75148554, 2.90733486, 2.4037863 , 3.0006933 ,\n       1.78616413, 1.25564712, 1.20369936, 3.01540553, 0.29286175,\n       2.1776001 ])}",
            {
                "1111101111": 1,
                "0100010101": 1,
                "0011000000": 1,
                "0110101101": 1,
                "0010110001": 1,
                "1100100010": 1,
                "1100010010": 1,
                "0110010001": 1,
                "1001101110": 1,
                "1101000000": 1,
                "1010010010": 1,
                "0101010101": 1,
                "0010011000": 1,
                "1001100100": 1,
                "1100010111": 1,
                "1110110101": 1,
                "0011101110": 1,
                "1011111101": 1,
                "1110011100": 1,
                "1000011111": 1,
                "0100010000": 2,
                "0000111111": 1,
                "1111000000": 1,
                "1100111100": 1,
                "1111110110": 1,
                "0011011010": 1,
                "1001111000": 2,
                "1111101100": 1,
                "0101110001": 1,
                "0100101011": 1,
                "0110101110": 1,
                "0000110100": 1,
                "0010101001": 1,
                "0011111101": 1,
                "1100100011": 1,
                "0011000100": 1,
                "1110010101": 1,
                "0011011000": 1,
                "1101010010": 1,
                "1010001110": 1,
                "1010111101": 1,
                "1101101101": 1,
                "0110111101": 1,
                "0011101101": 4,
                "0110011111": 1,
                "0011011111": 1,
                "0100111110": 1,
                "1110000111": 1,
                "1000111100": 1,
                "0011110010": 1,
                "0100001000": 2,
                "0111110001": 1,
                "0110110011": 1,
                "0001100011": 1,
                "1011101111": 2,
                "0111010101": 1,
                "1011001101": 1,
                "1000010010": 1,
                "1001001011": 1,
                "0100011011": 1,
                "1000001111": 1,
                "1010101011": 1,
                "1011010001": 1,
                "1110110110": 1,
                "1111111000": 1,
                "1111001100": 1,
                "1011101110": 1,
                "0101111011": 1,
                "0111100100": 1,
                "1010101101": 1,
                "0001101110": 1,
                "0100010010": 5,
                "0100001010": 1,
                "1101010110": 2,
                "0000001100": 1,
                "1011110101": 1,
                "1001011110": 1,
                "0010010001": 1,
                "1000001011": 1,
                "1101111010": 1,
                "0000001110": 2,
                "1000000111": 1,
                "1010010011": 1,
                "0101000000": 1,
                "1100000010": 1,
                "0000011110": 1,
                "1101010011": 1
            },
            true,
            0.75
        ],
        [
            [
                [
                    -2,
                    10,
                    4
                ],
                [
                    2,
                    9,
                    -5
                ],
                [
                    3,
                    -7,
                    -1
                ],
                [
                    -7,
                    2,
                    1
                ],
                [
                    -5,
                    -7,
                    1
                ],
                [
                    -8,
                    -1,
                    7
                ],
                [
                    -5,
                    2,
                    -8
                ],
                [
                    -2,
                    7,
                    4
                ],
                [
                    1,
                    -4,
                    -5
                ],
                [
                    -4,
                    7,
                    5
                ],
                [
                    1,
                    8,
                    -4
                ],
                [
                    6,
                    -8,
                    2
                ],
                [
                    -4,
                    9,
                    -1
                ],
                [
                    6,
                    3,
                    -5
                ],
                [
                    5,
                    6,
                    9
                ],
                [
                    -4,
                    5,
                    -6
                ],
                [
                    -8,
                    7,
                    -2
                ],
                [
                    -8,
                    -5,
                    -4
                ],
                [
                    2,
                    3,
                    -1
                ],
                [
                    -4,
                    2,
                    -5
                ],
                [
                    -9,
                    -3,
                    -7
                ],
                [
                    -8,
                    -9,
                    -10
                ],
                [
                    1,
                    4,
                    -6
                ],
                [
                    2,
                    1,
                    10
                ],
                [
                    -9,
                    6,
                    -3
                ],
                [
                    2,
                    -5,
                    9
                ],
                [
                    -9,
                    -7,
                    6
                ],
                [
                    -6,
                    -9,
                    3
                ],
                [
                    3,
                    5,
                    -6
                ],
                [
                    -2,
                    -9,
                    -3
                ],
                [
                    -10,
                    1,
                    -7
                ],
                [
                    7,
                    -9,
                    -4
                ],
                [
                    -2,
                    -4,
                    6
                ],
                [
                    -3,
                    5,
                    -6
                ],
                [
                    7,
                    6,
                    9
                ],
                [
                    -2,
                    -7,
                    1
                ],
                [
                    2,
                    1,
                    5
                ],
                [
                    4,
                    -1,
                    -2
                ],
                [
                    -5,
                    8,
                    4
                ],
                [
                    -3,
                    9,
                    2
                ],
                [
                    -9,
                    -2,
                    -1
                ],
                [
                    -8,
                    -5,
                    -3
                ],
                [
                    5,
                    -6,
                    7
                ],
                [
                    -6,
                    -4,
                    3
                ],
                [
                    -2,
                    4,
                    1
                ]
            ],
            "{   'fun': 1.0,\n    'jac': None,\n    'nfev': 97,\n    'nit': None,\n    'njev': None,\n    'x': array([0.17035472, 1.63790365, 1.70369948, 0.39855678, 0.90485002,\n       2.85959878, 2.27233237, 0.29015567, 0.61010462, 0.30403187,\n       1.07673259, 2.03273208, 2.06923884, 2.97462073, 2.28001482,\n       1.22888125])}",
            {
                "0110000001": 1,
                "0110110110": 1,
                "1101001000": 1,
                "1110011000": 1,
                "0110101000": 1,
                "1100000100": 1,
                "1101011001": 1,
                "0101110001": 1,
                "1100101110": 1,
                "0010110110": 1,
                "1000001100": 1,
                "1100011101": 1,
                "1110110000": 1,
                "1001100111": 1,
                "1100010101": 1,
                "0101111101": 1,
                "0010000110": 1,
                "0011110101": 1,
                "1001110010": 1,
                "1110100110": 1,
                "1110011100": 1,
                "0101101101": 1,
                "1111100110": 1,
                "1101111000": 1,
                "1000111010": 1,
                "0111111010": 1,
                "1010111001": 1,
                "0010001100": 1,
                "1110011001": 1,
                "0001011100": 2,
                "0100000010": 1,
                "1110001101": 1,
                "1110110101": 1,
                "0111010111": 1,
                "1111011110": 1,
                "0011010110": 1,
                "0010011100": 1,
                "0110000101": 1,
                "1110011101": 1,
                "0000011101": 1,
                "1000110100": 1,
                "0100111001": 1,
                "0000010111": 1,
                "0101111011": 1,
                "1111010101": 1,
                "0100110011": 1,
                "1101000101": 1,
                "0011010101": 1,
                "1101111100": 1,
                "1111001111": 1,
                "0010101001": 1,
                "0111101000": 1,
                "0100000011": 1,
                "1101000011": 1,
                "0100001110": 1,
                "1111110110": 1,
                "1111101111": 1,
                "1100000011": 1,
                "1111011101": 1,
                "1100011111": 1,
                "0101111000": 1,
                "1011101011": 1,
                "0010100011": 1,
                "1101000110": 1,
                "1011110110": 1,
                "0110101001": 1,
                "1001000100": 1,
                "1011010111": 1,
                "1101001101": 1,
                "0100001010": 1,
                "1011110010": 1,
                "1110000100": 1,
                "0110100010": 1,
                "0101010100": 1,
                "1111110010": 1,
                "1001010010": 1,
                "1000111100": 1,
                "1000000101": 1,
                "0010100100": 1,
                "1000100110": 1,
                "1001110000": 1,
                "1010010011": 1,
                "1111111110": 1,
                "0010011001": 1,
                "1011100010": 1,
                "0011001111": 1,
                "1111101010": 1,
                "1110101001": 1,
                "1010111011": 1,
                "0000010101": 1,
                "0110110101": 1,
                "0111010110": 1,
                "0001010111": 1,
                "0011100010": 1,
                "1100001011": 1,
                "0000010010": 1,
                "0010101010": 1,
                "1111000000": 2
            },
            false,
            1.0
        ],
        [
            [
                [
                    -1,
                    -3,
                    -5
                ],
                [
                    9,
                    6,
                    -5
                ],
                [
                    1,
                    -4,
                    -7
                ],
                [
                    4,
                    -7,
                    5
                ],
                [
                    3,
                    -7,
                    5
                ],
                [
                    2,
                    1,
                    4
                ],
                [
                    5,
                    -4,
                    -1
                ],
                [
                    -3,
                    7,
                    2
                ],
                [
                    9,
                    1,
                    -6
                ],
                [
                    6,
                    -7,
                    8
                ],
                [
                    -6,
                    -3,
                    9
                ],
                [
                    -10,
                    6,
                    -2
                ],
                [
                    2,
                    -8,
                    7
                ],
                [
                    -7,
                    8,
                    -2
                ],
                [
                    9,
                    4,
                    -7
                ],
                [
                    -7,
                    5,
                    -1
                ],
                [
                    1,
                    -5,
                    -4
                ],
                [
                    -3,
                    -5,
                    9
                ],
                [
                    10,
                    1,
                    -7
                ],
                [
                    5,
                    -10,
                    3
                ],
                [
                    -2,
                    1,
                    9
                ],
                [
                    8,
                    -10,
                    -2
                ],
                [
                    2,
                    5,
                    7
                ],
                [
                    1,
                    3,
                    -5
                ],
                [
                    10,
                    4,
                    2
                ],
                [
                    -2,
                    -10,
                    7
                ],
                [
                    10,
                    -9,
                    -6
                ],
                [
                    -1,
                    5,
                    10
                ],
                [
                    2,
                    -6,
                    -7
                ],
                [
                    -9,
                    -7,
                    8
                ],
                [
                    1,
                    -9,
                    2
                ],
                [
                    -6,
                    8,
                    -3
                ],
                [
                    2,
                    -3,
                    4
                ],
                [
                    1,
                    8,
                    5
                ],
                [
                    -5,
                    2,
                    7
                ],
                [
                    4,
                    8,
                    -5
                ],
                [
                    -10,
                    -8,
                    7
                ],
                [
                    9,
                    3,
                    -7
                ],
                [
                    -1,
                    3,
                    2
                ],
                [
                    2,
                    7,
                    -6
                ],
                [
                    9,
                    -5,
                    6
                ],
                [
                    4,
                    -7,
                    -3
                ],
                [
                    6,
                    -2,
                    1
                ],
                [
                    6,
                    3,
                    -5
                ],
                [
                    7,
                    4,
                    9
                ]
            ],
            "{   'fun': 0.98,\n    'jac': None,\n    'nfev': 137,\n    'nit': None,\n    'njev': None,\n    'x': array([0.90975118, 1.93186567, 2.05706542, 1.08687508, 1.60329461,\n       2.28410597, 1.67012204, 2.07618779, 0.56990503, 0.74023523,\n       2.79187903, 0.16046266, 2.76394747, 3.27346036, 2.13307409,\n       2.18987618])}",
            {
                "1001001111": 1,
                "1001100110": 1,
                "1010001010": 1,
                "0100011100": 1,
                "1010010101": 1,
                "1110010000": 1,
                "1001000101": 1,
                "1001011101": 1,
                "0010111010": 1,
                "1010000010": 1,
                "0100010110": 1,
                "0010011100": 1,
                "1100000010": 1,
                "1000011000": 1,
                "1010010011": 1,
                "1110100110": 1,
                "0110100010": 1,
                "0100000011": 1,
                "0111101000": 1,
                "1101101000": 1,
                "0011100011": 1,
                "1111101011": 1,
                "1010111001": 1,
                "1110100101": 1,
                "1000100010": 1,
                "0100001010": 1,
                "1101010110": 1,
                "0000000111": 1,
                "1000101101": 1,
                "0011011110": 1,
                "1000111110": 1,
                "0111010100": 1,
                "1100000111": 1,
                "0101110111": 1,
                "1100011010": 1,
                "0010111110": 1,
                "1111111001": 1,
                "0110100100": 1,
                "0101010001": 1,
                "0111000010": 1,
                "0100110001": 1,
                "0110100111": 1,
                "1001100101": 1,
                "1010011110": 1,
                "0001100010": 1,
                "0001010000": 1,
                "0111111001": 1,
                "1101111100": 1,
                "0000100011": 1,
                "1001101111": 1,
                "0011100100": 1,
                "0110110000": 1,
                "0000111111": 1,
                "1011000010": 1,
                "1110101110": 1,
                "1010110101": 1,
                "1010001101": 1,
                "1110011000": 1,
                "0011110001": 1,
                "1111010110": 1,
                "0001110110": 1,
                "1000110101": 1,
                "0001000101": 1,
                "1000001110": 1,
                "1101000110": 1,
                "1001100010": 1,
                "0010000010": 1,
                "1000001111": 1,
                "0111110011": 1,
                "0011100010": 1,
                "0010100110": 1,
                "0100100001": 1,
                "0000011000": 1,
                "0100111010": 1,
                "0010100101": 1,
                "0100100110": 1,
                "1010001011": 1,
                "0100011000": 1,
                "0000101011": 1,
                "1111100100": 1,
                "1100001011": 1,
                "1101001000": 1,
                "0101110001": 1,
                "0000000110": 1,
                "0110101100": 1,
                "1111110100": 1,
                "0000011111": 1,
                "0111001000": 2,
                "0011110101": 1,
                "0100010111": 1,
                "0010010100": 1,
                "1100011101": 1,
                "1111110011": 1,
                "1111111110": 1,
                "1101010100": 1,
                "0011001110": 2,
                "0011101001": 1,
                "0000110011": 1
            },
            true,
            0.93
        ]
    ]
}