{
    "n": 10,
    "m": 45,
    "results": [
        [
            [
                [
                    -2,
                    8,
                    9
                ],
                [
                    -5,
                    -3,
                    -6
                ],
                [
                    10,
                    4,
                    2
                ],
                [
                    -2,
                    9,
                    6
                ],
                [
                    -4,
                    1,
                    6
                ],
                [
                    3,
                    2,
                    -4
                ],
                [
                    8,
                    6,
                    -9
                ],
                [
                    10,
                    9,
                    1
                ],
                [
                    -10,
                    -1,
                    8
                ],
                [
                    10,
                    -8,
                    1
                ],
                [
                    2,
                    -3,
                    1
                ],
                [
                    -9,
                    10,
                    -7
                ],
                [
                    8,
                    -5,
                    -4
                ],
                [
                    -9,
                    -1,
                    7
                ],
                [
                    -3,
                    -2,
                    -7
                ],
                [
                    1,
                    -9,
                    5
                ],
                [
                    4,
                    -7,
                    -10
                ],
                [
                    -9,
                    6,
                    2
                ],
                [
                    -6,
                    9,
                    -2
                ],
                [
                    -5,
                    -8,
                    10
                ],
                [
                    -5,
                    -3,
                    7
                ],
                [
                    -8,
                    3,
                    7
                ],
                [
                    4,
                    10,
                    8
                ],
                [
                    8,
                    -3,
                    -2
                ],
                [
                    4,
                    2,
                    -10
                ],
                [
                    -5,
                    9,
                    4
                ],
                [
                    1,
                    -7,
                    -8
                ],
                [
                    10,
                    -7,
                    3
                ],
                [
                    1,
                    7,
                    4
                ],
                [
                    -7,
                    -1,
                    5
                ],
                [
                    -6,
                    7,
                    9
                ],
                [
                    5,
                    -10,
                    -9
                ],
                [
                    -6,
                    7,
                    -2
                ],
                [
                    -9,
                    7,
                    6
                ],
                [
                    -4,
                    -8,
                    2
                ],
                [
                    3,
                    -10,
                    2
                ],
                [
                    -9,
                    -2,
                    -10
                ],
                [
                    2,
                    -8,
                    -4
                ],
                [
                    -7,
                    -6,
                    4
                ],
                [
                    10,
                    9,
                    2
                ],
                [
                    6,
                    -7,
                    -3
                ],
                [
                    -3,
                    4,
                    9
                ],
                [
                    -7,
                    1,
                    2
                ],
                [
                    -1,
                    -8,
                    -3
                ],
                [
                    -10,
                    7,
                    9
                ]
            ],
            "{   'fun': 1.0,\n    'jac': None,\n    'nfev': 97,\n    'nit': None,\n    'njev': None,\n    'x': array([1.81635824, 0.49481195, 0.25664215, 0.60299632, 0.75131429,\n       0.35526777, 2.16444826, 3.12576065, 1.20550453, 0.72007837,\n       1.89708972, 1.36126478, 1.10541887, 0.99838178, 1.92665882,\n       1.14246927])}",
            {
                "1000110010": 1,
                "0101110111": 1,
                "0100011011": 1,
                "0111110100": 1,
                "0110110110": 1,
                "1000001000": 1,
                "0001010101": 1,
                "1111101110": 1,
                "0011001111": 1,
                "1000110000": 1,
                "0100101011": 1,
                "1110001111": 1,
                "1001010001": 1,
                "0111100001": 1,
                "0011000011": 1,
                "0100110001": 1,
                "1010110100": 1,
                "0111110001": 1,
                "1100110100": 1,
                "1111001001": 1,
                "1111001000": 1,
                "1010010110": 1,
                "1100010110": 1,
                "1110000101": 1,
                "0001010001": 1,
                "0000110010": 1,
                "0111001000": 2,
                "0100010011": 1,
                "0001000001": 1,
                "1011110001": 1,
                "1010011111": 1,
                "0000000111": 1,
                "0011101110": 1,
                "0011100110": 1,
                "0000000110": 1,
                "0000010001": 1,
                "1010000100": 1,
                "1010101100": 1,
                "0101101100": 1,
                "1001101110": 1,
                "0010110111": 1,
                "1010100110": 1,
                "0100011110": 1,
                "1011100101": 1,
                "0101111000": 1,
                "0100010111": 1,
                "0010010100": 1,
                "1100111011": 1,
                "0010100011": 1,
                "1000111010": 1,
                "0111001110": 1,
                "0110000010": 1,
                "0001110001": 1,
                "1101110110": 1,
                "1101011000": 2,
                "1000000011": 1,
                "1110001011": 1,
                "0001110100": 1,
                "1011001111": 1,
                "0100010101": 1,
                "0111010010": 1,
                "0000110111": 1,
                "1001010111": 1,
                "1011100000": 1,
                "1000111100": 1,
                "0101010101": 1,
                "0000100010": 2,
                "1001101001": 1,
                "1010110000": 1,
                "0010010000": 1,
                "0100010010": 2,
                "1100100010": 1,
                "0110101110": 2,
                "0010001111": 1,
                "0111010110": 1,
                "1111000101": 1,
                "0001010111": 1,
                "0011011001": 1,
                "0010000000": 1,
                "1101010011": 1,
                "1011110010": 1,
                "0100001010": 2,
                "0110101101": 1,
                "1011000010": 1,
                "0100000010": 1,
                "1100110000": 1,
                "0111100000": 1,
                "1111101111": 2,
                "0110010111": 1,
                "1101100000": 1,
                "1010110110": 1,
                "1010000111": 1,
                "0011100011": 1
            },
            false,
            1.0
        ],
        [
            [
                [
                    10,
                    -4,
                    9
                ],
                [
                    6,
                    -1,
                    -2
                ],
                [
                    -6,
                    4,
                    -3
                ],
                [
                    1,
                    10,
                    -6
                ],
                [
                    10,
                    -1,
                    6
                ],
                [
                    9,
                    5,
                    -3
                ],
                [
                    -5,
                    1,
                    7
                ],
                [
                    -9,
                    1,
                    4
                ],
                [
                    -5,
                    -3,
                    -6
                ],
                [
                    10,
                    8,
                    -6
                ],
                [
                    -10,
                    2,
                    7
                ],
                [
                    -8,
                    -9,
                    -7
                ],
                [
                    2,
                    1,
                    4
                ],
                [
                    -7,
                    10,
                    6
                ],
                [
                    3,
                    -7,
                    -6
                ],
                [
                    -7,
                    -2,
                    5
                ],
                [
                    7,
                    2,
                    5
                ],
                [
                    7,
                    9,
                    2
                ],
                [
                    -10,
                    4,
                    7
                ],
                [
                    9,
                    4,
                    6
                ],
                [
                    10,
                    -3,
                    5
                ],
                [
                    8,
                    -7,
                    4
                ],
                [
                    4,
                    1,
                    -5
                ],
                [
                    8,
                    4,
                    -1
                ],
                [
                    8,
                    -6,
                    2
                ],
                [
                    3,
                    1,
                    -7
                ],
                [
                    -1,
                    -8,
                    3
                ],
                [
                    9,
                    8,
                    -3
                ],
                [
                    -3,
                    1,
                    9
                ],
                [
                    -5,
                    6,
                    10
                ],
                [
                    9,
                    8,
                    -3
                ],
                [
                    6,
                    3,
                    -10
                ],
                [
                    -4,
                    -8,
                    10
                ],
                [
                    9,
                    -8,
                    -10
                ],
                [
                    5,
                    1,
                    -2
                ],
                [
                    -5,
                    -4,
                    -9
                ],
                [
                    3,
                    -9,
                    10
                ],
                [
                    -2,
                    -3,
                    -7
                ],
                [
                    -2,
                    -5,
                    10
                ],
                [
                    -3,
                    -10,
                    -2
                ],
                [
                    7,
                    6,
                    -10
                ],
                [
                    5,
                    8,
                    -2
                ],
                [
                    4,
                    -6,
                    2
                ],
                [
                    -5,
                    -10,
                    2
                ],
                [
                    1,
                    -7,
                    -6
                ]
            ],
            "{   'fun': 0.98,\n    'jac': None,\n    'nfev': 124,\n    'nit': None,\n    'njev': None,\n    'x': array([0.25631332, 1.08963885, 0.83887564, 3.08401752, 3.91178974,\n       2.6309203 , 1.75434074, 0.68166478, 1.81188128, 2.01735674,\n       0.27426513, 1.30696375, 0.92136147, 0.89041202, 0.50545308,\n       1.40752641])}",
            {
                "0011100000": 1,
                "1100000001": 1,
                "0101000101": 1,
                "1000101010": 1,
                "0101101010": 1,
                "1101011010": 1,
                "0001011001": 1,
                "1101001111": 1,
                "0101010011": 1,
                "0010100100": 1,
                "1001111111": 1,
                "0110100111": 1,
                "1011001000": 1,
                "1010110011": 1,
                "0010011111": 1,
                "1101000001": 1,
                "0100110101": 1,
                "1100000100": 1,
                "1100000101": 1,
                "0110111110": 1,
                "1010001011": 1,
                "1001101100": 1,
                "0101010010": 1,
                "0001100011": 1,
                "0100001101": 1,
                "1110111100": 1,
                "1011101001": 1,
                "1010011011": 1,
                "0111101010": 1,
                "1010111011": 1,
                "0001100000": 1,
                "1011000011": 1,
                "1100100011": 2,
                "0011111111": 1,
                "0011011001": 1,
                "1010000100": 1,
                "1110101000": 1,
                "0011001010": 1,
                "1011001110": 1,
                "1011111110": 1,
                "1100011110": 1,
                "1010101110": 1,
                "1111001011": 1,
                "1110001000": 1,
                "0011110100": 1,
                "1011101111": 1,
                "0100110010": 1,
                "0100110001": 1,
                "0111011100": 1,
                "0001101110": 1,
                "0001011111": 1,
                "1100110100": 2,
                "1001001000": 2,
                "1001110001": 1,
                "0001011010": 1,
                "1101010111": 1,
                "0000010011": 1,
                "1000011111": 1,
                "1110101001": 1,
                "0010111000": 1,
                "1010110100": 1,
                "1111100010": 1,
                "0000000011": 1,
                "1100110101": 1,
                "1111110101": 1,
                "0101010001": 1,
                "0010101111": 1,
                "1101110011": 1,
                "0010011101": 1,
                "1011100000": 1,
                "1001010110": 1,
                "0111000100": 1,
                "1011001101": 1,
                "0101100000": 1,
                "1101001100": 1,
                "1100100101": 1,
                "1010101000": 1,
                "0100010110": 1,
                "0001011110": 1,
                "1001010100": 1,
                "1100000011": 1,
                "0010010100": 1,
                "0010000110": 1,
                "0100010111": 1,
                "1111000110": 1,
                "0000110000": 1,
                "1110110101": 1,
                "1011111001": 1,
                "1010010000": 2,
                "1001001110": 1,
                "0100111000": 1,
                "1011101101": 1,
                "1111110001": 1,
                "0101001101": 1,
                "0101011011": 1,
                "0011101000": 1
            },
            true,
            0.97
        ],
        [
            [
                [
                    4,
                    3,
                    10
                ],
                [
                    10,
                    -1,
                    -4
                ],
                [
                    -10,
                    -6,
                    4
                ],
                [
                    3,
                    2,
                    -8
                ],
                [
                    7,
                    -4,
                    -8
                ],
                [
                    9,
                    -5,
                    -4
                ],
                [
                    4,
                    -5,
                    7
                ],
                [
                    10,
                    -5,
                    4
                ],
                [
                    -2,
                    -1,
                    -10
                ],
                [
                    5,
                    9,
                    -8
                ],
                [
                    9,
                    -2,
                    4
                ],
                [
                    3,
                    9,
                    -8
                ],
                [
                    6,
                    9,
                    -4
                ],
                [
                    3,
                    -7,
                    9
                ],
                [
                    -3,
                    4,
                    6
                ],
                [
                    -4,
                    10,
                    2
                ],
                [
                    -6,
                    -2,
                    8
                ],
                [
                    -2,
                    -6,
                    8
                ],
                [
                    10,
                    -7,
                    5
                ],
                [
                    -8,
                    10,
                    -1
                ],
                [
                    10,
                    -8,
                    5
                ],
                [
                    -6,
                    5,
                    -10
                ],
                [
                    10,
                    -9,
                    -2
                ],
                [
                    -10,
                    -6,
                    -7
                ],
                [
                    5,
                    9,
                    -1
                ],
                [
                    7,
                    5,
                    -9
                ],
                [
                    7,
                    -5,
                    3
                ],
                [
                    5,
                    -10,
                    -6
                ],
                [
                    -10,
                    2,
                    3
                ],
                [
                    -3,
                    4,
                    -5
                ],
                [
                    10,
                    -7,
                    -5
                ],
                [
                    -7,
                    4,
                    -2
                ],
                [
                    9,
                    3,
                    1
                ],
                [
                    6,
                    -5,
                    -2
                ],
                [
                    -1,
                    9,
                    -8
                ],
                [
                    6,
                    -4,
                    9
                ],
                [
                    -6,
                    -4,
                    -5
                ],
                [
                    -8,
                    1,
                    7
                ],
                [
                    -8,
                    10,
                    -6
                ],
                [
                    5,
                    -2,
                    6
                ],
                [
                    5,
                    2,
                    4
                ],
                [
                    7,
                    1,
                    6
                ],
                [
                    -7,
                    8,
                    5
                ],
                [
                    2,
                    -3,
                    10
                ],
                [
                    -2,
                    7,
                    1
                ]
            ],
            "{   'fun': 0.86,\n    'jac': None,\n    'nfev': 136,\n    'nit': None,\n    'njev': None,\n    'x': array([2.57344564, 2.68064485, 1.99522127, 0.47100664, 2.25573715,\n       2.04728958, 0.72748497, 2.7685561 , 2.62957041, 2.99484983,\n       0.78274246, 2.26299395, 1.1967637 , 3.01518322, 0.29781286,\n       3.16844677])}",
            {
                "1001000011": 1,
                "1101011101": 1,
                "0011100000": 1,
                "1111101100": 1,
                "0001110110": 2,
                "0100010110": 1,
                "0111100111": 1,
                "0011110001": 1,
                "0100000000": 1,
                "1000111011": 1,
                "0101001111": 1,
                "0100101110": 1,
                "0010110100": 1,
                "1011011001": 1,
                "1011000000": 1,
                "1111011011": 1,
                "1101110010": 1,
                "0111110010": 1,
                "0100011101": 1,
                "1101011110": 1,
                "1001000010": 1,
                "0010000110": 1,
                "0011110101": 1,
                "0001100000": 1,
                "1000010111": 1,
                "1110110100": 1,
                "1110100111": 1,
                "1100010001": 1,
                "1000010011": 1,
                "1111000011": 1,
                "0010000001": 1,
                "0001100001": 1,
                "1001100010": 2,
                "1110111000": 1,
                "1001111111": 1,
                "0111000011": 1,
                "0001101110": 1,
                "0000001010": 1,
                "1111011100": 4,
                "0010000100": 1,
                "1011110001": 1,
                "1001101011": 1,
                "0111010010": 1,
                "1110001000": 1,
                "1001100011": 1,
                "0110010111": 1,
                "1100011101": 1,
                "0001010010": 1,
                "0000100011": 1,
                "0101110010": 1,
                "0011000010": 1,
                "0100000110": 1,
                "0101000000": 1,
                "0010011101": 1,
                "0111100100": 1,
                "0101111011": 1,
                "0010001000": 1,
                "1110010110": 1,
                "0101101100": 1,
                "0111111110": 1,
                "0101100011": 1,
                "0010101111": 1,
                "1000010101": 1,
                "0110110111": 1,
                "1001010101": 1,
                "1010010100": 1,
                "1101011100": 2,
                "0011010011": 1,
                "0001101101": 1,
                "0000100101": 1,
                "0000000101": 1,
                "1111001101": 3,
                "1111111100": 1,
                "1111011101": 3,
                "1111011000": 1,
                "1111001100": 3,
                "0110110110": 1,
                "0011010010": 1,
                "0000101101": 1,
                "1010001110": 1,
                "0100101010": 1,
                "0111010011": 1,
                "0100011010": 1,
                "0110111010": 1,
                "0000011011": 1,
                "0100110111": 1,
                "1000110100": 1,
                "0010011111": 1
            },
            true,
            0.76
        ],
        [
            [
                [
                    -2,
                    5,
                    10
                ],
                [
                    4,
                    -6,
                    9
                ],
                [
                    -7,
                    -6,
                    -3
                ],
                [
                    -5,
                    -10,
                    -2
                ],
                [
                    6,
                    1,
                    2
                ],
                [
                    -6,
                    3,
                    10
                ],
                [
                    8,
                    6,
                    5
                ],
                [
                    5,
                    -10,
                    -1
                ],
                [
                    5,
                    3,
                    -9
                ],
                [
                    -2,
                    -8,
                    1
                ],
                [
                    -7,
                    -1,
                    8
                ],
                [
                    -9,
                    7,
                    -1
                ],
                [
                    -5,
                    -6,
                    -1
                ],
                [
                    1,
                    2,
                    7
                ],
                [
                    9,
                    5,
                    -2
                ],
                [
                    7,
                    -1,
                    -8
                ],
                [
                    1,
                    -10,
                    -3
                ],
                [
                    -10,
                    5,
                    1
                ],
                [
                    -8,
                    -3,
                    -10
                ],
                [
                    -6,
                    8,
                    4
                ],
                [
                    -10,
                    -4,
                    -9
                ],
                [
                    -3,
                    6,
                    -9
                ],
                [
                    -10,
                    7,
                    1
                ],
                [
                    5,
                    -8,
                    6
                ],
                [
                    -5,
                    8,
                    1
                ],
                [
                    -7,
                    3,
                    4
                ],
                [
                    -2,
                    9,
                    -10
                ],
                [
                    -3,
                    -7,
                    -4
                ],
                [
                    -9,
                    4,
                    -3
                ],
                [
                    4,
                    3,
                    -1
                ],
                [
                    -2,
                    3,
                    9
                ],
                [
                    10,
                    7,
                    6
                ],
                [
                    -5,
                    6,
                    1
                ],
                [
                    7,
                    1,
                    6
                ],
                [
                    3,
                    -7,
                    9
                ],
                [
                    4,
                    -8,
                    7
                ],
                [
                    -9,
                    3,
                    -2
                ],
                [
                    4,
                    -2,
                    -6
                ],
                [
                    1,
                    3,
                    -5
                ],
                [
                    -7,
                    4,
                    5
                ],
                [
                    -1,
                    8,
                    -6
                ],
                [
                    9,
                    -6,
                    -5
                ],
                [
                    4,
                    -8,
                    3
                ],
                [
                    -2,
                    -7,
                    -8
                ],
                [
                    10,
                    -2,
                    -8
                ]
            ],
            "{   'fun': 0.93,\n    'jac': None,\n    'nfev': 145,\n    'nit': None,\n    'njev': None,\n    'x': array([0.16594945, 1.703035  , 1.72690132, 0.37605885, 0.92016399,\n       2.85835818, 2.28874958, 0.49106789, 0.49549069, 0.38715823,\n       0.82576198, 2.27475828, 3.06920383, 2.96980665, 2.27592068,\n       1.21885707])}",
            {
                "0110110100": 1,
                "1011100000": 1,
                "1111010111": 1,
                "1100010111": 1,
                "0110000001": 1,
                "1110000100": 1,
                "1111000011": 1,
                "0011011001": 1,
                "1010000011": 1,
                "1001111000": 1,
                "1001000000": 1,
                "0010110000": 1,
                "0001110110": 1,
                "1110001000": 1,
                "1100101101": 1,
                "0011011110": 1,
                "0100110000": 1,
                "1111000000": 1,
                "1011100101": 1,
                "0000111001": 2,
                "1000010110": 1,
                "0010011010": 1,
                "0100000100": 1,
                "1110111111": 1,
                "1010100000": 2,
                "1011100010": 1,
                "1110001010": 1,
                "0100111100": 1,
                "0011000010": 1,
                "1111100010": 1,
                "0111010101": 1,
                "1110100010": 1,
                "0001100110": 1,
                "1101110010": 1,
                "1011110000": 1,
                "1000001110": 1,
                "0111010001": 1,
                "1100110000": 1,
                "1100100011": 1,
                "1101010110": 1,
                "0111011001": 4,
                "0110000100": 1,
                "0010010100": 1,
                "0011111110": 1,
                "0010000010": 1,
                "1000011101": 7,
                "0010101011": 1,
                "0110111001": 1,
                "0000100100": 1,
                "0011011101": 1,
                "1010011010": 1,
                "0101000110": 1,
                "0101100000": 1,
                "0011011111": 1,
                "0110100100": 1,
                "1000011001": 4,
                "0101111010": 1,
                "1110110111": 1,
                "1100010010": 1,
                "0100110010": 1,
                "1010111100": 1,
                "1011010001": 1,
                "0011010100": 1,
                "1101101111": 1,
                "1111101101": 1,
                "0001111100": 1,
                "1101100110": 1,
                "1001101011": 1,
                "0000110111": 1,
                "0000110011": 1,
                "0110010110": 1,
                "1001101111": 1,
                "0001110011": 1,
                "0011010101": 1,
                "0100101000": 1,
                "0000011101": 1,
                "0000011010": 1,
                "1101010010": 1,
                "0000000001": 1,
                "0111111101": 1,
                "1011111000": 1,
                "1110100101": 1,
                "0110101011": 2,
                "1010010010": 1,
                "1101001111": 1
            },
            true,
            0.8
        ],
        [
            [
                [
                    1,
                    -2,
                    -8
                ],
                [
                    6,
                    2,
                    7
                ],
                [
                    9,
                    5,
                    2
                ],
                [
                    -10,
                    -3,
                    7
                ],
                [
                    -1,
                    7,
                    -2
                ],
                [
                    9,
                    -8,
                    2
                ],
                [
                    -10,
                    1,
                    -7
                ],
                [
                    -3,
                    -4,
                    -7
                ],
                [
                    8,
                    9,
                    10
                ],
                [
                    -7,
                    -6,
                    4
                ],
                [
                    -7,
                    10,
                    -8
                ],
                [
                    -9,
                    -8,
                    5
                ],
                [
                    -5,
                    7,
                    6
                ],
                [
                    -5,
                    9,
                    -7
                ],
                [
                    -2,
                    4,
                    -7
                ],
                [
                    -6,
                    1,
                    -3
                ],
                [
                    -10,
                    1,
                    4
                ],
                [
                    -8,
                    -5,
                    10
                ],
                [
                    -1,
                    7,
                    6
                ],
                [
                    7,
                    -1,
                    -10
                ],
                [
                    -3,
                    5,
                    10
                ],
                [
                    10,
                    -9,
                    -1
                ],
                [
                    3,
                    2,
                    -7
                ],
                [
                    2,
                    9,
                    5
                ],
                [
                    -4,
                    -2,
                    3
                ],
                [
                    3,
                    -4,
                    7
                ],
                [
                    7,
                    -1,
                    -6
                ],
                [
                    -10,
                    3,
                    -2
                ],
                [
                    5,
                    -3,
                    -8
                ],
                [
                    1,
                    -10,
                    -5
                ],
                [
                    -10,
                    9,
                    -8
                ],
                [
                    -7,
                    -1,
                    -3
                ],
                [
                    1,
                    -4,
                    8
                ],
                [
                    -2,
                    3,
                    5
                ],
                [
                    3,
                    7,
                    8
                ],
                [
                    -1,
                    -6,
                    -2
                ],
                [
                    2,
                    5,
                    7
                ],
                [
                    -5,
                    -7,
                    -3
                ],
                [
                    5,
                    9,
                    6
                ],
                [
                    -10,
                    -2,
                    7
                ],
                [
                    -5,
                    -1,
                    10
                ],
                [
                    5,
                    6,
                    9
                ],
                [
                    -5,
                    -8,
                    -9
                ],
                [
                    -10,
                    4,
                    7
                ],
                [
                    2,
                    4,
                    6
                ]
            ],
            "{   'fun': 1.0,\n    'jac': None,\n    'nfev': 97,\n    'nit': None,\n    'njev': None,\n    'x': array([0.90050728, 1.90444649, 1.04138597, 1.10076616, 1.62559083,\n       2.34273767, 1.69450348, 2.11319985, 0.56797845, 0.79745165,\n       2.79887017, 0.18642035, 2.77132115, 3.04776203, 2.13287502,\n       2.19935783])}",
            {
                "0000000100": 1,
                "1101011011": 1,
                "1100111010": 1,
                "0011101010": 1,
                "1101111011": 1,
                "0111010010": 1,
                "0101000110": 1,
                "1101000010": 1,
                "0010000010": 1,
                "1011001101": 1,
                "0011001011": 1,
                "1110011000": 1,
                "0010011010": 1,
                "0110100001": 1,
                "1010011011": 1,
                "1101001011": 1,
                "0100011001": 1,
                "1101011101": 1,
                "0011000011": 1,
                "1010111010": 1,
                "1101100101": 1,
                "1011010010": 1,
                "0101111001": 1,
                "0000101101": 1,
                "1010111101": 1,
                "0010000110": 1,
                "0011010000": 1,
                "1100000101": 1,
                "0111010111": 2,
                "0111111110": 1,
                "1111110101": 1,
                "0000100100": 1,
                "1010000111": 1,
                "1111111101": 1,
                "1100001110": 1,
                "1000111010": 1,
                "1100011110": 1,
                "0001101111": 1,
                "1000100011": 1,
                "1001011111": 1,
                "1111001110": 1,
                "1111000110": 1,
                "1000000000": 1,
                "1000101011": 1,
                "0000101111": 1,
                "0110010111": 1,
                "1111101111": 1,
                "1011000111": 2,
                "1111011011": 1,
                "0111111001": 1,
                "1100111110": 1,
                "1101010010": 1,
                "0000100010": 1,
                "1001100110": 1,
                "0011000000": 1,
                "0100111001": 1,
                "1000110010": 1,
                "1001011011": 2,
                "1000100000": 1,
                "0111011110": 1,
                "1110001011": 1,
                "1100110100": 1,
                "0100100000": 1,
                "1000011110": 1,
                "0010111000": 1,
                "0101110001": 1,
                "1101011111": 1,
                "0101001101": 1,
                "1111000100": 1,
                "0011110010": 1,
                "1001001111": 1,
                "0001010011": 1,
                "1001010001": 1,
                "1001010000": 1,
                "1110100110": 2,
                "1111011010": 1,
                "0011000110": 1,
                "0110000101": 1,
                "1011010110": 1,
                "1000111100": 1,
                "1010110011": 1,
                "0101100100": 1,
                "1001100101": 1,
                "1011000101": 1,
                "0011000100": 1,
                "0110100100": 1,
                "1010010100": 1,
                "0000111101": 1,
                "1011011010": 1,
                "1011000010": 1,
                "1011101110": 1,
                "1100100001": 1,
                "1000101010": 1,
                "0001111001": 1,
                "0001111100": 1,
                "1111101001": 1
            },
            false,
            1.0
        ]
    ]
}