{
    "n": 10,
    "m": 45,
    "results": [
        [
            [
                [
                    -1,
                    3,
                    -4
                ],
                [
                    -1,
                    4,
                    -2
                ],
                [
                    2,
                    4,
                    -1
                ],
                [
                    -6,
                    -8,
                    -4
                ],
                [
                    -3,
                    -4,
                    -7
                ],
                [
                    1,
                    6,
                    4
                ],
                [
                    4,
                    -8,
                    -3
                ],
                [
                    7,
                    6,
                    -10
                ],
                [
                    7,
                    -4,
                    -2
                ],
                [
                    -5,
                    2,
                    -1
                ],
                [
                    3,
                    7,
                    10
                ],
                [
                    -5,
                    8,
                    -10
                ],
                [
                    -5,
                    2,
                    9
                ],
                [
                    5,
                    -7,
                    8
                ],
                [
                    -6,
                    4,
                    9
                ],
                [
                    -2,
                    -8,
                    5
                ],
                [
                    10,
                    7,
                    8
                ],
                [
                    -9,
                    -2,
                    3
                ],
                [
                    7,
                    10,
                    4
                ],
                [
                    4,
                    10,
                    -5
                ],
                [
                    -7,
                    6,
                    5
                ],
                [
                    10,
                    -9,
                    -5
                ],
                [
                    7,
                    2,
                    5
                ],
                [
                    -10,
                    -1,
                    -3
                ],
                [
                    -10,
                    -6,
                    -4
                ],
                [
                    7,
                    -1,
                    3
                ],
                [
                    -1,
                    7,
                    -4
                ],
                [
                    -2,
                    8,
                    3
                ],
                [
                    -2,
                    1,
                    -3
                ],
                [
                    7,
                    3,
                    8
                ],
                [
                    -3,
                    2,
                    7
                ],
                [
                    -9,
                    -10,
                    6
                ],
                [
                    5,
                    -3,
                    8
                ],
                [
                    -2,
                    1,
                    9
                ],
                [
                    2,
                    -4,
                    -7
                ],
                [
                    7,
                    5,
                    -2
                ],
                [
                    -2,
                    3,
                    -7
                ],
                [
                    -5,
                    1,
                    -9
                ],
                [
                    -2,
                    -7,
                    1
                ],
                [
                    6,
                    7,
                    1
                ],
                [
                    5,
                    8,
                    -4
                ],
                [
                    -7,
                    4,
                    -3
                ],
                [
                    1,
                    7,
                    2
                ],
                [
                    -3,
                    8,
                    -2
                ],
                [
                    8,
                    5,
                    -2
                ]
            ],
            "{   'fun': 1.0,\n    'jac': None,\n    'nfev': 3,\n    'nit': 0,\n    'njev': 1,\n    'x': array([0.84543156, 1.22578621])}",
            {
                "1000100100": 1,
                "1101010001": 1,
                "0110001011": 1,
                "1111000011": 1,
                "0001110110": 1,
                "0100000110": 1,
                "1100001110": 1,
                "0111101101": 1,
                "0100110010": 1,
                "0111001010": 1,
                "0110010110": 1,
                "0001011011": 1,
                "0100011010": 1,
                "0111010011": 1,
                "0101110000": 1,
                "0110001010": 1,
                "0011100101": 1,
                "1110101111": 1,
                "1010111111": 1,
                "1010001000": 1,
                "1101101001": 1,
                "1000000100": 1,
                "0110110010": 1,
                "1010111110": 1,
                "1000001000": 1,
                "1100010000": 1,
                "1001001001": 1,
                "1001111110": 1,
                "1010010001": 1,
                "1001001101": 1,
                "1111000010": 1,
                "0000011101": 1,
                "1110000011": 1,
                "0111010010": 1,
                "1101101101": 1,
                "1110100101": 1,
                "0101000101": 1,
                "0000000110": 1,
                "1000110111": 1,
                "1011011011": 1,
                "1101001001": 1,
                "0110111100": 1,
                "0000111100": 1,
                "0110111111": 1,
                "1100011001": 1,
                "1110110101": 1,
                "1001100001": 1,
                "0100101000": 1,
                "1100101011": 1,
                "0000100001": 1,
                "0101100000": 1,
                "0100100011": 1,
                "1001101010": 1,
                "0110000001": 2,
                "1101110111": 1,
                "1000100010": 1,
                "1010010010": 1,
                "0101001111": 1,
                "1101000010": 1,
                "0111110000": 1,
                "1001101110": 1,
                "1110100110": 1,
                "1011101000": 1,
                "1100110110": 1,
                "0000101011": 1,
                "1000010110": 1,
                "1010110001": 2,
                "1111001110": 1,
                "0111111111": 1,
                "0011100100": 1,
                "1110000001": 1,
                "0000100100": 1,
                "0110100101": 1,
                "0100111010": 1,
                "0000101000": 2,
                "0110110110": 1,
                "1110001100": 1,
                "0001101010": 1,
                "0000011011": 1,
                "0110011111": 1,
                "1000111110": 1,
                "1011011110": 1,
                "1101111010": 1,
                "1000001011": 1,
                "0011111111": 1,
                "0001111000": 1,
                "1010111101": 1,
                "1100011010": 1,
                "1001111000": 1,
                "0101111100": 2,
                "1000011101": 1,
                "0111111011": 1,
                "1100011101": 1,
                "0100010000": 1,
                "1001110101": 1,
                "0001000100": 1
            },
            false,
            1.0
        ],
        [
            [
                [
                    6,
                    3,
                    -2
                ],
                [
                    -2,
                    -5,
                    -8
                ],
                [
                    9,
                    7,
                    10
                ],
                [
                    -5,
                    9,
                    1
                ],
                [
                    -10,
                    -2,
                    -5
                ],
                [
                    -1,
                    9,
                    -7
                ],
                [
                    -5,
                    10,
                    -8
                ],
                [
                    6,
                    1,
                    10
                ],
                [
                    10,
                    -8,
                    1
                ],
                [
                    -8,
                    5,
                    -2
                ],
                [
                    6,
                    2,
                    -1
                ],
                [
                    -10,
                    -8,
                    3
                ],
                [
                    10,
                    -7,
                    -2
                ],
                [
                    7,
                    -4,
                    1
                ],
                [
                    -8,
                    2,
                    10
                ],
                [
                    -3,
                    5,
                    7
                ],
                [
                    -6,
                    2,
                    -9
                ],
                [
                    9,
                    4,
                    7
                ],
                [
                    5,
                    3,
                    -9
                ],
                [
                    -8,
                    -3,
                    -7
                ],
                [
                    2,
                    3,
                    6
                ],
                [
                    7,
                    4,
                    2
                ],
                [
                    6,
                    -4,
                    5
                ],
                [
                    1,
                    7,
                    9
                ],
                [
                    1,
                    -4,
                    -7
                ],
                [
                    -6,
                    2,
                    1
                ],
                [
                    6,
                    9,
                    7
                ],
                [
                    -9,
                    7,
                    -10
                ],
                [
                    -8,
                    10,
                    -3
                ],
                [
                    -8,
                    -10,
                    -5
                ],
                [
                    2,
                    6,
                    7
                ],
                [
                    3,
                    6,
                    9
                ],
                [
                    -6,
                    5,
                    1
                ],
                [
                    9,
                    2,
                    1
                ],
                [
                    -1,
                    2,
                    -8
                ],
                [
                    -9,
                    2,
                    8
                ],
                [
                    7,
                    -4,
                    -10
                ],
                [
                    10,
                    7,
                    -3
                ],
                [
                    -9,
                    -2,
                    -5
                ],
                [
                    -9,
                    4,
                    -10
                ],
                [
                    10,
                    4,
                    -6
                ],
                [
                    8,
                    -4,
                    5
                ],
                [
                    -3,
                    -6,
                    -2
                ],
                [
                    -9,
                    -5,
                    3
                ],
                [
                    1,
                    -3,
                    2
                ]
            ],
            "{   'fun': 1.0,\n    'jac': None,\n    'nfev': 3,\n    'nit': 0,\n    'njev': 1,\n    'x': array([0.10931673, 0.8711891 ])}",
            {
                "0001000110": 1,
                "1101011110": 1,
                "0011101000": 1,
                "0000111110": 1,
                "1111110111": 1,
                "1100100101": 1,
                "1110100111": 1,
                "1011000110": 1,
                "1010110100": 1,
                "0011011001": 1,
                "0110001100": 1,
                "1000011010": 1,
                "1111011010": 1,
                "0111100100": 1,
                "1111100100": 1,
                "1101111010": 1,
                "0100110011": 1,
                "0011000000": 1,
                "1100011010": 1,
                "0000000000": 1,
                "0100110100": 1,
                "1001110011": 1,
                "1100110000": 1,
                "1100000011": 1,
                "0110000011": 1,
                "1010110001": 1,
                "1010100000": 1,
                "0111000010": 1,
                "1110001011": 1,
                "1000000100": 1,
                "0001001000": 1,
                "1101111111": 1,
                "0000100011": 1,
                "0101101111": 1,
                "0011101011": 1,
                "0101001110": 1,
                "1011010011": 1,
                "0100110000": 1,
                "1110010101": 1,
                "0010001010": 1,
                "1101010101": 2,
                "0111001110": 1,
                "1100011001": 1,
                "0100000001": 1,
                "1011101011": 1,
                "1001001001": 1,
                "0011110101": 1,
                "0010000110": 1,
                "1011100110": 1,
                "1000100110": 1,
                "1100010111": 1,
                "1001010001": 1,
                "1000100001": 2,
                "1100100100": 1,
                "1101101001": 1,
                "1011111111": 2,
                "1011000011": 1,
                "1101111011": 1,
                "0001111101": 1,
                "1100110011": 1,
                "1000000001": 1,
                "0111111100": 1,
                "0110101101": 1,
                "1011000010": 1,
                "1101101010": 1,
                "0111001011": 1,
                "1111010101": 1,
                "1111001001": 2,
                "0110011111": 1,
                "0001101010": 1,
                "1001101100": 2,
                "0001000101": 1,
                "0111001111": 1,
                "1100001001": 1,
                "0000010100": 1,
                "0111110100": 1,
                "0101011010": 1,
                "0111101010": 1,
                "0010101111": 1,
                "1111100000": 1,
                "0010000001": 1,
                "0110100110": 1,
                "0111010110": 1,
                "0000001011": 1,
                "1111000000": 1,
                "1010111111": 1,
                "0110111010": 1,
                "0001001110": 1,
                "1000101101": 1,
                "0000000111": 1,
                "1011000001": 1,
                "0001110111": 1,
                "1111010011": 1,
                "1010101110": 1,
                "1100011110": 1
            },
            false,
            1.0
        ],
        [
            [
                [
                    -1,
                    9,
                    8
                ],
                [
                    1,
                    6,
                    -5
                ],
                [
                    -2,
                    -1,
                    -3
                ],
                [
                    10,
                    -2,
                    4
                ],
                [
                    7,
                    -4,
                    -1
                ],
                [
                    2,
                    1,
                    -10
                ],
                [
                    4,
                    1,
                    6
                ],
                [
                    -10,
                    7,
                    1
                ],
                [
                    1,
                    -10,
                    -5
                ],
                [
                    -4,
                    7,
                    5
                ],
                [
                    4,
                    7,
                    -5
                ],
                [
                    -6,
                    -1,
                    7
                ],
                [
                    2,
                    10,
                    -8
                ],
                [
                    4,
                    9,
                    -10
                ],
                [
                    -4,
                    2,
                    -3
                ],
                [
                    -7,
                    -4,
                    -8
                ],
                [
                    3,
                    5,
                    -1
                ],
                [
                    4,
                    8,
                    6
                ],
                [
                    5,
                    -4,
                    -8
                ],
                [
                    -4,
                    -10,
                    -1
                ],
                [
                    -2,
                    -4,
                    -1
                ],
                [
                    -6,
                    7,
                    -5
                ],
                [
                    -1,
                    3,
                    -4
                ],
                [
                    -2,
                    8,
                    -4
                ],
                [
                    8,
                    10,
                    -4
                ],
                [
                    2,
                    -3,
                    5
                ],
                [
                    2,
                    -4,
                    5
                ],
                [
                    -3,
                    6,
                    8
                ],
                [
                    -6,
                    1,
                    -2
                ],
                [
                    -8,
                    -7,
                    -4
                ],
                [
                    1,
                    -7,
                    9
                ],
                [
                    -6,
                    4,
                    -1
                ],
                [
                    -4,
                    1,
                    -3
                ],
                [
                    -7,
                    6,
                    9
                ],
                [
                    10,
                    -4,
                    9
                ],
                [
                    10,
                    6,
                    -3
                ],
                [
                    -9,
                    3,
                    4
                ],
                [
                    8,
                    -6,
                    7
                ],
                [
                    6,
                    9,
                    7
                ],
                [
                    -9,
                    -3,
                    2
                ],
                [
                    -9,
                    -8,
                    -2
                ],
                [
                    5,
                    -9,
                    -4
                ],
                [
                    4,
                    -2,
                    -3
                ],
                [
                    -9,
                    -2,
                    -4
                ],
                [
                    -1,
                    9,
                    8
                ]
            ],
            "{   'fun': 1.0,\n    'jac': None,\n    'nfev': 3,\n    'nit': 0,\n    'njev': 1,\n    'x': array([2.42585848, 0.03004599])}",
            {
                "0101111011": 1,
                "1100101100": 1,
                "1111100110": 1,
                "0000010000": 1,
                "0001101000": 1,
                "0101010111": 1,
                "1110001100": 1,
                "0101000011": 1,
                "1000000010": 1,
                "1010110111": 1,
                "1001000100": 1,
                "0010111000": 1,
                "1110001010": 1,
                "1110011100": 1,
                "1100110100": 1,
                "0101100110": 1,
                "1111100101": 1,
                "1011110100": 1,
                "0111101111": 1,
                "0000111001": 2,
                "0010101001": 1,
                "0010010111": 1,
                "0111001001": 1,
                "1010111110": 1,
                "1011011001": 1,
                "1000100100": 1,
                "1011011011": 1,
                "1110000110": 1,
                "1001111110": 1,
                "1101001010": 1,
                "1100100110": 1,
                "1110100011": 1,
                "1101110111": 1,
                "1001101010": 1,
                "0100111001": 1,
                "0110001010": 1,
                "1101000001": 2,
                "1011010110": 1,
                "0100010110": 1,
                "0001001000": 1,
                "0111011111": 1,
                "1000001011": 1,
                "0111000011": 1,
                "0001100011": 1,
                "0100001100": 1,
                "1110111010": 1,
                "1011101111": 1,
                "0010001010": 1,
                "1010010110": 1,
                "1111001000": 1,
                "1110110110": 1,
                "1000100001": 1,
                "1011110110": 1,
                "1001001010": 1,
                "0001100000": 1,
                "1110101010": 1,
                "0001000101": 1,
                "1111011011": 1,
                "0010111101": 1,
                "1001110111": 1,
                "1111101001": 1,
                "1110110101": 1,
                "0010010010": 2,
                "0110010110": 1,
                "1000100110": 1,
                "0110000110": 1,
                "1010100000": 1,
                "0000101110": 1,
                "0000000000": 1,
                "1011110010": 1,
                "1011111010": 1,
                "0101010110": 1,
                "1001011111": 1,
                "0010001100": 1,
                "0001000001": 1,
                "0111110011": 1,
                "1110010100": 1,
                "1001101110": 1,
                "1100110001": 1,
                "0101001110": 1,
                "1110010101": 1,
                "1100001111": 1,
                "1100011110": 1,
                "0010011001": 1,
                "0101011000": 1,
                "0011001000": 1,
                "0010011110": 1,
                "1010011111": 1,
                "1101111011": 1,
                "0100100110": 1,
                "1111000111": 1,
                "0011110011": 1,
                "1100110111": 1,
                "1011000100": 1,
                "0000110101": 1,
                "1101011000": 1,
                "1111010100": 1
            },
            false,
            1.0
        ],
        [
            [
                [
                    -4,
                    -8,
                    5
                ],
                [
                    9,
                    -2,
                    -3
                ],
                [
                    -2,
                    6,
                    -10
                ],
                [
                    -2,
                    -10,
                    -3
                ],
                [
                    8,
                    5,
                    2
                ],
                [
                    6,
                    -2,
                    5
                ],
                [
                    2,
                    -4,
                    -10
                ],
                [
                    -5,
                    -3,
                    1
                ],
                [
                    -8,
                    4,
                    1
                ],
                [
                    6,
                    -1,
                    -5
                ],
                [
                    4,
                    9,
                    -10
                ],
                [
                    -1,
                    -9,
                    -4
                ],
                [
                    4,
                    8,
                    -9
                ],
                [
                    -4,
                    8,
                    9
                ],
                [
                    -6,
                    -1,
                    4
                ],
                [
                    8,
                    7,
                    -10
                ],
                [
                    -8,
                    1,
                    2
                ],
                [
                    -6,
                    7,
                    3
                ],
                [
                    7,
                    5,
                    3
                ],
                [
                    -3,
                    4,
                    1
                ],
                [
                    -1,
                    -9,
                    10
                ],
                [
                    4,
                    10,
                    -7
                ],
                [
                    10,
                    1,
                    6
                ],
                [
                    3,
                    -5,
                    10
                ],
                [
                    10,
                    -5,
                    1
                ],
                [
                    -1,
                    -10,
                    5
                ],
                [
                    -8,
                    3,
                    -9
                ],
                [
                    -9,
                    -7,
                    -10
                ],
                [
                    10,
                    -8,
                    3
                ],
                [
                    3,
                    5,
                    8
                ],
                [
                    10,
                    2,
                    -9
                ],
                [
                    5,
                    -1,
                    -3
                ],
                [
                    -8,
                    6,
                    5
                ],
                [
                    -9,
                    10,
                    -5
                ],
                [
                    8,
                    2,
                    -4
                ],
                [
                    2,
                    8,
                    10
                ],
                [
                    -10,
                    5,
                    7
                ],
                [
                    3,
                    4,
                    -7
                ],
                [
                    -8,
                    1,
                    5
                ],
                [
                    -1,
                    -2,
                    3
                ],
                [
                    -6,
                    -8,
                    9
                ],
                [
                    8,
                    7,
                    -2
                ],
                [
                    -5,
                    3,
                    -10
                ],
                [
                    1,
                    2,
                    -3
                ],
                [
                    -2,
                    5,
                    7
                ]
            ],
            "{   'fun': 0.98,\n    'jac': None,\n    'nfev': 66,\n    'nit': 2,\n    'njev': 22,\n    'x': array([2.72992887, 1.35219817])}",
            {
                "0110010011": 1,
                "0010100011": 1,
                "1001011001": 1,
                "1001001111": 1,
                "1001101100": 1,
                "1111000001": 1,
                "0010111110": 1,
                "0111000111": 1,
                "1001110100": 1,
                "0100100111": 1,
                "0100000111": 1,
                "0111100100": 1,
                "0000001111": 1,
                "0010000011": 1,
                "0100111110": 1,
                "0010011110": 1,
                "1111000101": 1,
                "1010110011": 1,
                "1000110011": 1,
                "0111100110": 1,
                "1111101110": 1,
                "1101000011": 1,
                "1010111011": 1,
                "0000101110": 1,
                "0101100101": 1,
                "0111001011": 1,
                "0101100010": 1,
                "0001001001": 1,
                "1101000001": 1,
                "0001011110": 1,
                "0000000110": 1,
                "1010011000": 1,
                "0110000011": 2,
                "1010100100": 1,
                "0001000010": 1,
                "0111001100": 1,
                "0010011100": 1,
                "0011101011": 1,
                "1000110100": 1,
                "0100110001": 1,
                "0001111110": 1,
                "0101000011": 2,
                "0001110001": 1,
                "0001111011": 2,
                "1010000111": 1,
                "0001010010": 1,
                "1000101011": 1,
                "0111111001": 1,
                "1110011101": 1,
                "1011011100": 1,
                "1011101111": 1,
                "0000110000": 1,
                "0100111100": 1,
                "0001010110": 1,
                "0101001110": 1,
                "1011010011": 1,
                "0111111101": 1,
                "1100010110": 1,
                "0000101010": 1,
                "1010001001": 1,
                "0000101100": 1,
                "0001001011": 1,
                "1100011100": 1,
                "0110100100": 1,
                "1111000000": 1,
                "1001111110": 1,
                "0101101011": 1,
                "1010000001": 1,
                "0000111100": 1,
                "0110110000": 2,
                "0111011101": 1,
                "1000001111": 1,
                "0100101100": 1,
                "0000100111": 1,
                "1000100010": 1,
                "1001101110": 2,
                "1100110111": 1,
                "0110011100": 1,
                "1100101000": 1,
                "0110100010": 1,
                "0010111100": 1,
                "1001000011": 1,
                "0110000111": 1,
                "1110000100": 1,
                "1101101101": 1,
                "0010111010": 1,
                "0011001000": 1,
                "0001100010": 1,
                "0011010110": 1,
                "0110110111": 1,
                "0101101110": 2,
                "1001111100": 1,
                "1100011000": 1,
                "0101001101": 1
            },
            true,
            0.96
        ],
        [
            [
                [
                    -8,
                    -5,
                    6
                ],
                [
                    1,
                    -10,
                    8
                ],
                [
                    10,
                    7,
                    5
                ],
                [
                    -4,
                    3,
                    1
                ],
                [
                    -3,
                    4,
                    -6
                ],
                [
                    -8,
                    10,
                    3
                ],
                [
                    6,
                    10,
                    2
                ],
                [
                    -2,
                    9,
                    -3
                ],
                [
                    -2,
                    -3,
                    5
                ],
                [
                    -10,
                    -6,
                    9
                ],
                [
                    7,
                    10,
                    -9
                ],
                [
                    -4,
                    8,
                    -6
                ],
                [
                    5,
                    9,
                    3
                ],
                [
                    -2,
                    -8,
                    5
                ],
                [
                    -8,
                    -4,
                    -5
                ],
                [
                    -6,
                    -5,
                    -7
                ],
                [
                    -9,
                    -1,
                    -6
                ],
                [
                    1,
                    -8,
                    2
                ],
                [
                    1,
                    -7,
                    6
                ],
                [
                    -4,
                    -7,
                    9
                ],
                [
                    -3,
                    5,
                    -4
                ],
                [
                    -9,
                    -4,
                    -6
                ],
                [
                    8,
                    -1,
                    -7
                ],
                [
                    2,
                    -5,
                    -1
                ],
                [
                    -10,
                    1,
                    -6
                ],
                [
                    -7,
                    6,
                    4
                ],
                [
                    -8,
                    6,
                    4
                ],
                [
                    6,
                    5,
                    2
                ],
                [
                    1,
                    3,
                    4
                ],
                [
                    5,
                    9,
                    6
                ],
                [
                    2,
                    -9,
                    -7
                ],
                [
                    3,
                    -4,
                    6
                ],
                [
                    8,
                    2,
                    6
                ],
                [
                    -6,
                    -9,
                    -5
                ],
                [
                    3,
                    -7,
                    8
                ],
                [
                    -2,
                    -3,
                    -1
                ],
                [
                    -8,
                    10,
                    1
                ],
                [
                    -9,
                    -1,
                    10
                ],
                [
                    -6,
                    4,
                    2
                ],
                [
                    -7,
                    -10,
                    -4
                ],
                [
                    6,
                    -9,
                    -5
                ],
                [
                    -8,
                    3,
                    4
                ],
                [
                    -9,
                    -2,
                    -1
                ],
                [
                    -3,
                    -9,
                    8
                ],
                [
                    -5,
                    -1,
                    9
                ]
            ],
            "{   'fun': 1.0,\n    'jac': None,\n    'nfev': 3,\n    'nit': 0,\n    'njev': 1,\n    'x': array([0.51645798, 1.65605785])}",
            {
                "1010101010": 1,
                "1111110111": 1,
                "1011001000": 1,
                "0010000001": 1,
                "1001100011": 1,
                "1100110001": 1,
                "1000011101": 1,
                "0111111001": 1,
                "1111011100": 1,
                "1101011101": 1,
                "1001011001": 1,
                "0011110010": 1,
                "1011101110": 1,
                "0101110011": 1,
                "1101001100": 1,
                "1011111010": 1,
                "1010010000": 2,
                "0100000001": 1,
                "1101001111": 1,
                "1111101110": 1,
                "1110111001": 1,
                "0001001011": 2,
                "1110001010": 1,
                "1010010011": 1,
                "0110111000": 1,
                "1000110111": 1,
                "1000110001": 1,
                "1011110001": 1,
                "1011000100": 2,
                "0110111011": 1,
                "0001100011": 1,
                "0101101101": 2,
                "1110101011": 1,
                "1111100001": 1,
                "0111010111": 1,
                "1011101111": 1,
                "1101100110": 1,
                "0010001000": 1,
                "0011011101": 1,
                "0111100101": 1,
                "0100010000": 1,
                "0111111010": 1,
                "1111101000": 1,
                "1011010101": 1,
                "1000100001": 1,
                "0110101001": 1,
                "1011110110": 1,
                "1011101001": 1,
                "1101011001": 1,
                "0011000010": 1,
                "1111111111": 1,
                "1101001010": 1,
                "0111010100": 1,
                "0000011011": 1,
                "0100010111": 1,
                "0010010100": 1,
                "1110110011": 1,
                "0101100111": 1,
                "0110000111": 2,
                "0110000110": 1,
                "0110001010": 1,
                "1000110000": 1,
                "1101000001": 1,
                "0111110101": 1,
                "1111110011": 1,
                "0111110001": 1,
                "1001001110": 1,
                "1101111101": 1,
                "1011111100": 1,
                "1110101100": 2,
                "1011010000": 1,
                "1100110010": 1,
                "1001010101": 1,
                "1011101000": 1,
                "1100111000": 1,
                "0101110000": 1,
                "1100010010": 1,
                "1111101011": 1,
                "1010000111": 1,
                "1010110110": 1,
                "1110011000": 1,
                "0110000011": 1,
                "0100001110": 1,
                "1010011111": 1,
                "1101111011": 1,
                "0011011000": 1,
                "0100110000": 1,
                "0001110100": 1,
                "0111101101": 1,
                "1001011100": 1,
                "1000111100": 1,
                "0010111111": 1,
                "0100101011": 2
            },
            false,
            1.0
        ]
    ]
}