{
    "n": 10,
    "m": 45,
    "results": [
        [
            [
                [
                    -10,
                    -9,
                    6
                ],
                [
                    9,
                    -5,
                    1
                ],
                [
                    4,
                    10,
                    1
                ],
                [
                    -8,
                    9,
                    -3
                ],
                [
                    -8,
                    -3,
                    4
                ],
                [
                    -9,
                    6,
                    8
                ],
                [
                    8,
                    4,
                    2
                ],
                [
                    2,
                    -8,
                    3
                ],
                [
                    5,
                    2,
                    9
                ],
                [
                    8,
                    5,
                    -1
                ],
                [
                    -8,
                    -6,
                    -7
                ],
                [
                    6,
                    8,
                    1
                ],
                [
                    6,
                    -2,
                    -10
                ],
                [
                    -2,
                    7,
                    6
                ],
                [
                    5,
                    -8,
                    -7
                ],
                [
                    -10,
                    1,
                    9
                ],
                [
                    4,
                    10,
                    -7
                ],
                [
                    -7,
                    6,
                    10
                ],
                [
                    5,
                    8,
                    1
                ],
                [
                    4,
                    5,
                    -7
                ],
                [
                    3,
                    -6,
                    -7
                ],
                [
                    -8,
                    7,
                    -10
                ],
                [
                    5,
                    -2,
                    7
                ],
                [
                    -3,
                    -5,
                    -6
                ],
                [
                    10,
                    1,
                    -9
                ],
                [
                    1,
                    7,
                    -8
                ],
                [
                    4,
                    -2,
                    -3
                ],
                [
                    -1,
                    -9,
                    -4
                ],
                [
                    2,
                    -5,
                    -9
                ],
                [
                    -1,
                    -6,
                    10
                ],
                [
                    -2,
                    -4,
                    10
                ],
                [
                    -9,
                    10,
                    -1
                ],
                [
                    3,
                    -1,
                    -10
                ],
                [
                    2,
                    10,
                    8
                ],
                [
                    10,
                    9,
                    -3
                ],
                [
                    4,
                    -6,
                    -7
                ],
                [
                    5,
                    2,
                    -9
                ],
                [
                    2,
                    -7,
                    9
                ],
                [
                    5,
                    1,
                    2
                ],
                [
                    3,
                    -9,
                    4
                ],
                [
                    -2,
                    -10,
                    -7
                ],
                [
                    2,
                    -1,
                    9
                ],
                [
                    -5,
                    4,
                    -9
                ],
                [
                    -10,
                    -2,
                    -4
                ],
                [
                    -5,
                    10,
                    -6
                ]
            ],
            "{   'fun': 1.0,\n    'jac': None,\n    'nfev': 3,\n    'nit': 0,\n    'njev': 1,\n    'x': array([0.84543156, 1.22578621])}",
            {
                "0010010000": 1,
                "1000000100": 1,
                "1011000001": 1,
                "0110100010": 1,
                "1011111010": 1,
                "0010111011": 1,
                "0011001110": 1,
                "0011010001": 1,
                "0111001111": 1,
                "1011001111": 1,
                "1011111111": 1,
                "0101010001": 1,
                "1000101010": 1,
                "0101000010": 1,
                "0010011111": 1,
                "1000010110": 1,
                "1011010010": 1,
                "1111001001": 1,
                "0001010010": 1,
                "0110100100": 1,
                "1010010100": 1,
                "0110111100": 1,
                "1000111111": 1,
                "0010100111": 1,
                "0110101011": 1,
                "1001111110": 1,
                "1110010000": 1,
                "1100000101": 1,
                "0110011100": 1,
                "1101001000": 1,
                "0011101000": 1,
                "0010001010": 1,
                "0100010101": 1,
                "1101110011": 1,
                "1010010011": 2,
                "0110111101": 1,
                "0000100101": 1,
                "0000101001": 1,
                "0000101111": 1,
                "0001000011": 1,
                "0010110000": 1,
                "0010111101": 1,
                "0000100001": 1,
                "0111110101": 1,
                "1101110101": 1,
                "1000000011": 1,
                "1111010100": 1,
                "0000011000": 1,
                "0101000111": 1,
                "1011011000": 1,
                "1111110111": 1,
                "1101110110": 1,
                "1010001000": 1,
                "1101110010": 1,
                "1101010100": 1,
                "1000001000": 1,
                "1101100001": 1,
                "0110110110": 1,
                "1110100001": 1,
                "1010001001": 1,
                "1000100101": 2,
                "1101011010": 1,
                "0001011100": 1,
                "1010100100": 1,
                "0010010111": 1,
                "1101110001": 1,
                "0110111111": 1,
                "0011101110": 1,
                "1010010000": 1,
                "1100011001": 1,
                "0100101101": 1,
                "1001101100": 1,
                "1000111101": 2,
                "0001100100": 1,
                "1000010111": 1,
                "0010000100": 1,
                "1011101010": 1,
                "0001000111": 1,
                "0110001111": 1,
                "0100011110": 1,
                "0101111100": 1,
                "0111100010": 1,
                "1101010001": 1,
                "0110110111": 1,
                "0001111010": 1,
                "0110101100": 1,
                "0110100110": 1,
                "1011100100": 1,
                "0101011000": 1,
                "1011101011": 1,
                "1011010100": 1,
                "1001100111": 1,
                "1001000000": 1,
                "0110100011": 1,
                "0010101101": 1,
                "0100000010": 1,
                "1110101110": 1
            },
            false,
            1.0
        ],
        [
            [
                [
                    -1,
                    7,
                    -8
                ],
                [
                    -6,
                    -8,
                    -10
                ],
                [
                    2,
                    -8,
                    6
                ],
                [
                    -5,
                    1,
                    9
                ],
                [
                    8,
                    9,
                    1
                ],
                [
                    9,
                    5,
                    8
                ],
                [
                    3,
                    -2,
                    7
                ],
                [
                    -10,
                    -6,
                    -4
                ],
                [
                    -2,
                    -8,
                    9
                ],
                [
                    1,
                    6,
                    8
                ],
                [
                    -7,
                    5,
                    3
                ],
                [
                    -2,
                    10,
                    -7
                ],
                [
                    4,
                    1,
                    -7
                ],
                [
                    -9,
                    -3,
                    1
                ],
                [
                    -5,
                    -9,
                    -1
                ],
                [
                    2,
                    8,
                    -10
                ],
                [
                    -9,
                    6,
                    8
                ],
                [
                    8,
                    -4,
                    6
                ],
                [
                    -6,
                    -8,
                    -5
                ],
                [
                    -9,
                    -3,
                    4
                ],
                [
                    10,
                    -6,
                    -7
                ],
                [
                    -10,
                    -4,
                    -8
                ],
                [
                    5,
                    1,
                    -2
                ],
                [
                    9,
                    -3,
                    2
                ],
                [
                    3,
                    -5,
                    -2
                ],
                [
                    -2,
                    -7,
                    6
                ],
                [
                    -6,
                    9,
                    -5
                ],
                [
                    -5,
                    -2,
                    -3
                ],
                [
                    1,
                    -10,
                    8
                ],
                [
                    -6,
                    -3,
                    -7
                ],
                [
                    1,
                    9,
                    -10
                ],
                [
                    -2,
                    -7,
                    3
                ],
                [
                    -9,
                    -5,
                    -7
                ],
                [
                    -4,
                    -5,
                    -6
                ],
                [
                    -7,
                    -10,
                    3
                ],
                [
                    -9,
                    5,
                    -4
                ],
                [
                    -5,
                    3,
                    -2
                ],
                [
                    -10,
                    -5,
                    4
                ],
                [
                    9,
                    -3,
                    -10
                ],
                [
                    2,
                    7,
                    -1
                ],
                [
                    -4,
                    1,
                    6
                ],
                [
                    9,
                    5,
                    -3
                ],
                [
                    1,
                    -5,
                    -8
                ],
                [
                    -3,
                    -4,
                    1
                ],
                [
                    7,
                    2,
                    -5
                ]
            ],
            "{   'fun': 1.0,\n    'jac': None,\n    'nfev': 75,\n    'nit': 2,\n    'njev': 25,\n    'x': array([0.10931673, 0.87118913])}",
            {
                "0110001000": 1,
                "1111101110": 1,
                "0011111000": 1,
                "0111000100": 1,
                "1011000111": 1,
                "0100000001": 1,
                "0010000100": 1,
                "1100010011": 1,
                "1100101111": 1,
                "1000110110": 1,
                "0100101001": 1,
                "0011001110": 1,
                "0111111110": 1,
                "0111000110": 1,
                "0001000111": 1,
                "1000101110": 1,
                "1110110011": 1,
                "1111011011": 1,
                "0010010000": 1,
                "1110110010": 1,
                "0011111110": 1,
                "1101101100": 1,
                "1010111110": 1,
                "1011011100": 1,
                "1010010101": 1,
                "1100110001": 1,
                "0001001010": 1,
                "1011101000": 1,
                "1100111000": 1,
                "1100001011": 1,
                "0110010001": 1,
                "1011101100": 1,
                "1100010101": 1,
                "0110000110": 1,
                "0010111110": 1,
                "0110000111": 1,
                "0000101000": 1,
                "1000000000": 1,
                "1010011100": 1,
                "1001010010": 2,
                "0010111101": 2,
                "0000100110": 1,
                "1001100111": 1,
                "1000000011": 1,
                "0000010011": 1,
                "1010010110": 1,
                "0100001100": 1,
                "1110111000": 1,
                "1100100111": 1,
                "0001110100": 1,
                "1011100111": 1,
                "1000001001": 1,
                "0011011111": 1,
                "0100001000": 1,
                "1100000000": 1,
                "0011001000": 1,
                "0011100100": 1,
                "1000000111": 1,
                "1001101111": 1,
                "1010010011": 1,
                "0000111001": 1,
                "1011110011": 1,
                "1111111101": 1,
                "1011100010": 1,
                "1001001111": 1,
                "1101111111": 1,
                "1001001110": 1,
                "1101111101": 1,
                "0001110110": 1,
                "1000010100": 1,
                "1001111100": 1,
                "0001100101": 1,
                "1010001101": 1,
                "1111011001": 1,
                "0101011011": 1,
                "1110000001": 1,
                "0010011011": 1,
                "0110100000": 1,
                "0010011010": 1,
                "1000001111": 1,
                "1000011101": 1,
                "0100000011": 1,
                "0101000110": 2,
                "1100100001": 1,
                "1011011101": 1,
                "1010000100": 1,
                "0101111101": 1,
                "1010111111": 2,
                "1011110000": 1,
                "0100100000": 1,
                "1101000011": 1,
                "1000000001": 1,
                "0011111001": 1,
                "0111010110": 1,
                "0001010111": 1,
                "1000101001": 1
            },
            false,
            0.96
        ],
        [
            [
                [
                    -9,
                    -1,
                    6
                ],
                [
                    1,
                    -3,
                    -7
                ],
                [
                    -2,
                    4,
                    -3
                ],
                [
                    2,
                    1,
                    -5
                ],
                [
                    -2,
                    9,
                    -7
                ],
                [
                    7,
                    8,
                    6
                ],
                [
                    5,
                    3,
                    -4
                ],
                [
                    10,
                    2,
                    -1
                ],
                [
                    -5,
                    8,
                    7
                ],
                [
                    -7,
                    2,
                    -1
                ],
                [
                    9,
                    -10,
                    8
                ],
                [
                    5,
                    1,
                    -10
                ],
                [
                    1,
                    6,
                    -5
                ],
                [
                    -5,
                    4,
                    -10
                ],
                [
                    -1,
                    4,
                    10
                ],
                [
                    -5,
                    -3,
                    -1
                ],
                [
                    7,
                    9,
                    -10
                ],
                [
                    10,
                    -2,
                    -6
                ],
                [
                    -8,
                    3,
                    -1
                ],
                [
                    3,
                    -4,
                    2
                ],
                [
                    2,
                    -9,
                    1
                ],
                [
                    -2,
                    -7,
                    4
                ],
                [
                    -3,
                    -10,
                    5
                ],
                [
                    -10,
                    9,
                    -5
                ],
                [
                    -6,
                    -7,
                    -8
                ],
                [
                    10,
                    3,
                    7
                ],
                [
                    -5,
                    8,
                    3
                ],
                [
                    -2,
                    5,
                    3
                ],
                [
                    5,
                    1,
                    4
                ],
                [
                    3,
                    -1,
                    10
                ],
                [
                    -6,
                    1,
                    8
                ],
                [
                    -1,
                    -2,
                    3
                ],
                [
                    3,
                    -7,
                    8
                ],
                [
                    8,
                    5,
                    2
                ],
                [
                    10,
                    -1,
                    -2
                ],
                [
                    -7,
                    -5,
                    -10
                ],
                [
                    -1,
                    7,
                    6
                ],
                [
                    -2,
                    1,
                    -8
                ],
                [
                    -10,
                    9,
                    -4
                ],
                [
                    -5,
                    7,
                    9
                ],
                [
                    -1,
                    9,
                    -8
                ],
                [
                    -6,
                    -8,
                    7
                ],
                [
                    9,
                    1,
                    10
                ],
                [
                    2,
                    3,
                    4
                ],
                [
                    -8,
                    -2,
                    -10
                ]
            ],
            "{   'fun': 1.0,\n    'jac': None,\n    'nfev': 3,\n    'nit': 0,\n    'njev': 1,\n    'x': array([2.42585848, 0.03004599])}",
            {
                "0111100101": 1,
                "0001101000": 1,
                "1000110111": 1,
                "1111010001": 1,
                "1100110011": 1,
                "1100011110": 1,
                "0011111001": 1,
                "0010101010": 1,
                "0011100001": 1,
                "1000111100": 1,
                "1101000101": 1,
                "0001110111": 1,
                "0101101001": 1,
                "0101011111": 1,
                "1001001111": 1,
                "0001110000": 1,
                "0111111110": 1,
                "1001110111": 1,
                "0010011000": 1,
                "1110101100": 1,
                "1110100101": 1,
                "1010111001": 1,
                "1110010011": 1,
                "0010010110": 1,
                "0111111010": 1,
                "0001101111": 1,
                "0110101101": 1,
                "1101111001": 1,
                "0111000011": 1,
                "0101110011": 2,
                "1000111111": 1,
                "0111011001": 1,
                "1010110110": 1,
                "0111110010": 1,
                "1101001011": 1,
                "1110110010": 1,
                "1000110100": 1,
                "1101010001": 1,
                "0011101011": 1,
                "0001110001": 1,
                "1001000001": 1,
                "1110000101": 1,
                "1001000100": 1,
                "0101100100": 1,
                "0000110010": 1,
                "0000011100": 1,
                "1011010111": 1,
                "1110110111": 1,
                "0000111011": 1,
                "0100100001": 1,
                "1101101110": 1,
                "0100001110": 1,
                "0101011010": 2,
                "0100011001": 1,
                "0010010001": 1,
                "0011001101": 1,
                "1101010111": 1,
                "0001000100": 1,
                "0010110011": 1,
                "0110110010": 1,
                "1010000011": 1,
                "0001011011": 1,
                "0110100100": 1,
                "0011010011": 1,
                "0100010011": 1,
                "1100010101": 1,
                "1110110001": 1,
                "0010111110": 1,
                "0111100010": 1,
                "1110101001": 1,
                "0110001111": 1,
                "0101001100": 1,
                "0000001000": 1,
                "0111100110": 1,
                "1011110011": 1,
                "1101111011": 1,
                "1100100011": 1,
                "0000001100": 1,
                "0101010011": 1,
                "1000010111": 1,
                "0001000111": 1,
                "0101010110": 1,
                "0111010101": 1,
                "1011110001": 1,
                "1111000010": 1,
                "0001100111": 1,
                "0100101010": 1,
                "0100101101": 1,
                "1000110101": 1,
                "1001000110": 1,
                "1010110111": 1,
                "0110011011": 2,
                "0001101101": 1,
                "0010011101": 1,
                "1000011000": 1,
                "1111110110": 1,
                "0101110010": 1
            },
            false,
            1.0
        ],
        [
            [
                [
                    1,
                    -10,
                    9
                ],
                [
                    3,
                    -9,
                    -6
                ],
                [
                    -1,
                    -7,
                    -10
                ],
                [
                    -1,
                    3,
                    -6
                ],
                [
                    -8,
                    -6,
                    2
                ],
                [
                    8,
                    1,
                    4
                ],
                [
                    3,
                    4,
                    -5
                ],
                [
                    6,
                    8,
                    7
                ],
                [
                    -9,
                    -2,
                    7
                ],
                [
                    9,
                    5,
                    6
                ],
                [
                    8,
                    -5,
                    -4
                ],
                [
                    10,
                    -7,
                    -8
                ],
                [
                    -8,
                    7,
                    10
                ],
                [
                    -2,
                    -8,
                    9
                ],
                [
                    1,
                    -3,
                    -8
                ],
                [
                    9,
                    7,
                    -6
                ],
                [
                    -9,
                    8,
                    7
                ],
                [
                    9,
                    -2,
                    -8
                ],
                [
                    5,
                    2,
                    3
                ],
                [
                    -10,
                    -1,
                    8
                ],
                [
                    10,
                    2,
                    4
                ],
                [
                    -9,
                    -5,
                    6
                ],
                [
                    2,
                    -4,
                    -3
                ],
                [
                    1,
                    9,
                    10
                ],
                [
                    4,
                    5,
                    -8
                ],
                [
                    -2,
                    5,
                    -3
                ],
                [
                    9,
                    7,
                    -10
                ],
                [
                    -1,
                    8,
                    2
                ],
                [
                    -6,
                    -8,
                    1
                ],
                [
                    -8,
                    2,
                    7
                ],
                [
                    3,
                    -8,
                    -4
                ],
                [
                    -1,
                    -4,
                    3
                ],
                [
                    -4,
                    -5,
                    -7
                ],
                [
                    -6,
                    -4,
                    -10
                ],
                [
                    -9,
                    1,
                    -5
                ],
                [
                    -6,
                    -2,
                    4
                ],
                [
                    2,
                    9,
                    8
                ],
                [
                    9,
                    6,
                    7
                ],
                [
                    -1,
                    -3,
                    8
                ],
                [
                    3,
                    -6,
                    2
                ],
                [
                    -9,
                    5,
                    3
                ],
                [
                    8,
                    10,
                    9
                ],
                [
                    -2,
                    1,
                    -7
                ],
                [
                    2,
                    8,
                    5
                ],
                [
                    -7,
                    3,
                    -10
                ]
            ],
            "{   'fun': 1.0,\n    'jac': None,\n    'nfev': 3,\n    'nit': 0,\n    'njev': 1,\n    'x': array([2.72992658, 1.35219818])}",
            {
                "0010101001": 1,
                "0000100101": 1,
                "1010110111": 1,
                "1011100101": 1,
                "0010101101": 1,
                "0001101111": 1,
                "0110010011": 1,
                "1110011001": 1,
                "0011100000": 1,
                "1001000001": 1,
                "0000111100": 1,
                "1001000011": 1,
                "0110000000": 1,
                "1000001011": 1,
                "1001111111": 1,
                "0011010110": 1,
                "0110111001": 1,
                "0001100010": 1,
                "0111100111": 1,
                "1111000011": 1,
                "0101011000": 1,
                "1010000011": 1,
                "1011111101": 1,
                "1110010101": 1,
                "0100011011": 1,
                "0101001001": 1,
                "1111010100": 1,
                "0100111011": 1,
                "1011101111": 2,
                "0011110100": 1,
                "0100101000": 1,
                "0011010101": 1,
                "0100111101": 1,
                "0010011010": 2,
                "1100001001": 1,
                "1011110000": 1,
                "0101110011": 1,
                "1100011101": 1,
                "1110110010": 1,
                "1000110100": 1,
                "0110001000": 1,
                "0110010000": 1,
                "1011110001": 1,
                "0010000100": 1,
                "1011011110": 1,
                "1011011000": 1,
                "0101000111": 1,
                "1001100111": 1,
                "0000100111": 2,
                "0110011100": 2,
                "0101100011": 1,
                "0101010011": 1,
                "0111010110": 1,
                "0010000001": 1,
                "1001110110": 1,
                "0111000010": 1,
                "1111010110": 1,
                "1010001010": 1,
                "0100010101": 1,
                "1101010111": 1,
                "1000010000": 1,
                "0101001000": 1,
                "0111110000": 1,
                "0011110000": 1,
                "0010100001": 1,
                "0001001010": 1,
                "0000001110": 1,
                "1111001001": 1,
                "1100110000": 1,
                "0100001011": 1,
                "0001011111": 1,
                "1110010100": 1,
                "0000111001": 2,
                "1001001111": 1,
                "1000110111": 1,
                "0011111001": 2,
                "0101100001": 1,
                "0000111011": 1,
                "0100010100": 1,
                "1101010000": 1,
                "1110110110": 1,
                "1001001010": 1,
                "1000111000": 1,
                "0111111110": 1,
                "1000011010": 1,
                "1110111010": 2,
                "1000111010": 1,
                "1101000011": 1,
                "1110000110": 1,
                "1110100100": 1,
                "0000110100": 1,
                "0110101110": 1,
                "0000100000": 1
            },
            false,
            1.0
        ],
        [
            [
                [
                    9,
                    -3,
                    -4
                ],
                [
                    9,
                    6,
                    -1
                ],
                [
                    -9,
                    3,
                    -1
                ],
                [
                    -2,
                    -9,
                    8
                ],
                [
                    1,
                    -4,
                    10
                ],
                [
                    9,
                    -4,
                    8
                ],
                [
                    10,
                    -5,
                    2
                ],
                [
                    4,
                    5,
                    -3
                ],
                [
                    -9,
                    4,
                    3
                ],
                [
                    8,
                    -6,
                    9
                ],
                [
                    -2,
                    -4,
                    5
                ],
                [
                    4,
                    1,
                    8
                ],
                [
                    5,
                    -1,
                    -8
                ],
                [
                    8,
                    4,
                    -6
                ],
                [
                    2,
                    -7,
                    6
                ],
                [
                    -6,
                    8,
                    5
                ],
                [
                    7,
                    6,
                    1
                ],
                [
                    -3,
                    4,
                    -5
                ],
                [
                    -8,
                    2,
                    -5
                ],
                [
                    5,
                    -3,
                    6
                ],
                [
                    -8,
                    9,
                    -7
                ],
                [
                    -8,
                    2,
                    9
                ],
                [
                    8,
                    -4,
                    -9
                ],
                [
                    -8,
                    9,
                    4
                ],
                [
                    7,
                    6,
                    -9
                ],
                [
                    -10,
                    6,
                    -2
                ],
                [
                    -5,
                    2,
                    -3
                ],
                [
                    -8,
                    -2,
                    10
                ],
                [
                    5,
                    2,
                    -10
                ],
                [
                    -10,
                    1,
                    -2
                ],
                [
                    -3,
                    4,
                    6
                ],
                [
                    7,
                    10,
                    5
                ],
                [
                    1,
                    3,
                    -5
                ],
                [
                    -6,
                    -5,
                    8
                ],
                [
                    -1,
                    -5,
                    -7
                ],
                [
                    -9,
                    2,
                    -4
                ],
                [
                    -1,
                    4,
                    6
                ],
                [
                    -7,
                    -9,
                    10
                ],
                [
                    9,
                    -3,
                    5
                ],
                [
                    -5,
                    -4,
                    -3
                ],
                [
                    2,
                    -5,
                    -8
                ],
                [
                    7,
                    9,
                    -3
                ],
                [
                    -5,
                    8,
                    -6
                ],
                [
                    1,
                    -9,
                    10
                ],
                [
                    8,
                    5,
                    -1
                ]
            ],
            "{   'fun': 1.0,\n    'jac': None,\n    'nfev': 3,\n    'nit': 0,\n    'njev': 1,\n    'x': array([0.51645798, 1.65605785])}",
            {
                "1000111001": 1,
                "0001111110": 1,
                "0111011110": 1,
                "0000101001": 1,
                "1010110000": 1,
                "0111000001": 1,
                "0011110000": 1,
                "1001101000": 1,
                "0011100001": 1,
                "1000101100": 1,
                "1010000111": 1,
                "1111101100": 1,
                "1001101001": 1,
                "0111111111": 1,
                "0010101000": 1,
                "0100011001": 1,
                "0000100010": 1,
                "1000001100": 2,
                "1100000000": 1,
                "1110001100": 1,
                "1000100100": 1,
                "0110101000": 1,
                "1001010011": 1,
                "0001100010": 1,
                "1110101001": 1,
                "0101110100": 1,
                "1101010111": 1,
                "0110100101": 1,
                "1010101110": 1,
                "0000001000": 1,
                "0001000001": 1,
                "1010001010": 1,
                "1010011111": 1,
                "0100111101": 1,
                "1000100001": 1,
                "1000010111": 1,
                "1011100111": 1,
                "0101001110": 1,
                "1111001000": 1,
                "1100000111": 1,
                "1011011110": 1,
                "0000100001": 2,
                "0010001000": 1,
                "0111111000": 1,
                "0000000000": 1,
                "1101100101": 1,
                "0110111000": 1,
                "1111000101": 1,
                "0011100010": 1,
                "0011011010": 1,
                "0001101011": 3,
                "0111111101": 1,
                "0011000000": 1,
                "1101010110": 1,
                "1111001110": 1,
                "1000101101": 1,
                "0100000101": 1,
                "0000000010": 1,
                "1001100100": 1,
                "1001000100": 1,
                "1010011110": 1,
                "1001100101": 1,
                "1110110001": 1,
                "1100101001": 1,
                "1110101010": 1,
                "1000100000": 1,
                "0110001001": 1,
                "1001111100": 1,
                "0000001110": 1,
                "1000001000": 1,
                "1110010001": 1,
                "0001011000": 1,
                "0011010111": 2,
                "1110100010": 1,
                "1010011011": 1,
                "0111100011": 1,
                "0001111000": 1,
                "1100111001": 1,
                "0011011001": 1,
                "1100011100": 1,
                "0111101111": 1,
                "0010001110": 1,
                "0101110011": 1,
                "0111001110": 2,
                "1100100010": 1,
                "1011100100": 2,
                "1101100100": 1,
                "0000000001": 1,
                "0001001000": 1,
                "0011101001": 1,
                "1011100001": 1,
                "0111101100": 1,
                "0010111011": 1
            },
            false,
            1.0
        ]
    ]
}