{
    "n": 10,
    "m": 45,
    "results": [
        [
            [
                [
                    4,
                    -2,
                    1
                ],
                [
                    5,
                    -6,
                    2
                ],
                [
                    -8,
                    10,
                    2
                ],
                [
                    -8,
                    10,
                    9
                ],
                [
                    -4,
                    7,
                    -8
                ],
                [
                    5,
                    -3,
                    7
                ],
                [
                    -2,
                    3,
                    -4
                ],
                [
                    -2,
                    8,
                    5
                ],
                [
                    -4,
                    3,
                    -9
                ],
                [
                    -10,
                    2,
                    7
                ],
                [
                    2,
                    -9,
                    -7
                ],
                [
                    5,
                    2,
                    3
                ],
                [
                    -5,
                    -4,
                    -9
                ],
                [
                    3,
                    -4,
                    -2
                ],
                [
                    -2,
                    -3,
                    1
                ],
                [
                    -1,
                    -8,
                    2
                ],
                [
                    1,
                    6,
                    -9
                ],
                [
                    1,
                    -3,
                    -10
                ],
                [
                    -6,
                    -4,
                    -5
                ],
                [
                    8,
                    9,
                    3
                ],
                [
                    1,
                    -6,
                    2
                ],
                [
                    -7,
                    -6,
                    3
                ],
                [
                    6,
                    9,
                    2
                ],
                [
                    10,
                    -3,
                    6
                ],
                [
                    2,
                    -8,
                    -10
                ],
                [
                    1,
                    8,
                    3
                ],
                [
                    8,
                    4,
                    1
                ],
                [
                    -2,
                    5,
                    3
                ],
                [
                    4,
                    2,
                    6
                ],
                [
                    -4,
                    -1,
                    -10
                ],
                [
                    -4,
                    -10,
                    9
                ],
                [
                    9,
                    -8,
                    -7
                ],
                [
                    9,
                    -10,
                    -3
                ],
                [
                    8,
                    1,
                    -4
                ],
                [
                    -8,
                    -7,
                    -6
                ],
                [
                    -2,
                    -1,
                    3
                ],
                [
                    5,
                    8,
                    -1
                ],
                [
                    -4,
                    5,
                    -2
                ],
                [
                    9,
                    8,
                    1
                ],
                [
                    7,
                    -1,
                    -10
                ],
                [
                    1,
                    9,
                    -2
                ],
                [
                    -6,
                    1,
                    -10
                ],
                [
                    6,
                    1,
                    7
                ],
                [
                    5,
                    -1,
                    -2
                ],
                [
                    -10,
                    5,
                    3
                ]
            ],
            "{   'fun': 6.08,\n    'jac': None,\n    'nfev': 442,\n    'nit': 2,\n    'njev': 26,\n    'x': array([0.07271877, 0.08518427, 2.49748863, 0.83938078, 1.76215283,\n       1.68291282, 2.48651558, 2.64260116, 2.58572396, 0.0477424 ,\n       1.62396975, 3.04000568, 0.48383546, 1.06155081, 2.31572138,\n       2.38593531])}",
            {
                "1001100011": 1,
                "0011010100": 1,
                "0111100101": 1,
                "0000000111": 1,
                "0000110111": 1,
                "0010010101": 1,
                "0100011011": 1,
                "1111111010": 1,
                "1100110001": 1,
                "0000110110": 1,
                "0001010010": 1,
                "0000101000": 1,
                "1110000100": 2,
                "1100101000": 1,
                "1110101011": 1,
                "1001001001": 1,
                "0100010111": 1,
                "1010000000": 1,
                "1100000011": 1,
                "0101001101": 2,
                "1100001110": 1,
                "0000011110": 1,
                "1010100111": 2,
                "0001111101": 1,
                "1010001111": 1,
                "1101111011": 1,
                "0100111001": 1,
                "0111100001": 1,
                "0011100110": 1,
                "0110011100": 1,
                "1111101001": 1,
                "0001000010": 1,
                "0110100110": 1,
                "1111010110": 1,
                "1101111111": 1,
                "0011010111": 1,
                "1001110101": 1,
                "0001000100": 1,
                "0111011011": 1,
                "0100000001": 3,
                "1110100001": 1,
                "1000100000": 1,
                "0100101101": 1,
                "1001101100": 1,
                "1000110101": 1,
                "1010110100": 1,
                "1000000001": 1,
                "1101100110": 1,
                "1000000000": 2,
                "0111100010": 2,
                "1100011010": 1,
                "0011000110": 1,
                "0001101001": 1,
                "1000110001": 1,
                "0001011011": 1,
                "1100110010": 1,
                "0110100100": 1,
                "1001101101": 1,
                "1111011001": 1,
                "0000010101": 1,
                "0000100001": 1,
                "0101000101": 1,
                "0100100000": 2,
                "1101001001": 1,
                "0000011101": 1,
                "0110010010": 1,
                "1010100010": 1,
                "0111000001": 1,
                "1000100010": 1,
                "0000100111": 1,
                "1010000111": 1,
                "1111101100": 2,
                "1110011110": 1,
                "1110101110": 1,
                "1011011010": 2,
                "0001101000": 1,
                "1110100111": 1,
                "0100001111": 1,
                "1000001001": 1,
                "0111111101": 1,
                "1110000001": 1,
                "1101000100": 1,
                "0011110110": 1,
                "1101101100": 2,
                "0001010000": 1,
                "1111011011": 1,
                "1110110111": 1,
                "0111110001": 1,
                "1111110011": 1
            },
            false,
            4.81
        ],
        [
            [
                [
                    8,
                    -1,
                    -10
                ],
                [
                    9,
                    -5,
                    8
                ],
                [
                    6,
                    4,
                    -2
                ],
                [
                    5,
                    -9,
                    -2
                ],
                [
                    -10,
                    3,
                    2
                ],
                [
                    8,
                    1,
                    2
                ],
                [
                    -8,
                    -1,
                    5
                ],
                [
                    -10,
                    5,
                    3
                ],
                [
                    8,
                    10,
                    5
                ],
                [
                    9,
                    8,
                    2
                ],
                [
                    7,
                    -4,
                    -2
                ],
                [
                    1,
                    -9,
                    -5
                ],
                [
                    -3,
                    5,
                    -6
                ],
                [
                    6,
                    1,
                    8
                ],
                [
                    -6,
                    5,
                    10
                ],
                [
                    -4,
                    2,
                    -10
                ],
                [
                    8,
                    -5,
                    -4
                ],
                [
                    -1,
                    3,
                    8
                ],
                [
                    8,
                    -9,
                    -10
                ],
                [
                    5,
                    -6,
                    -2
                ],
                [
                    -3,
                    -10,
                    -1
                ],
                [
                    -3,
                    2,
                    -10
                ],
                [
                    -6,
                    9,
                    8
                ],
                [
                    -5,
                    -2,
                    -10
                ],
                [
                    -4,
                    -1,
                    -8
                ],
                [
                    3,
                    -1,
                    -5
                ],
                [
                    2,
                    -5,
                    8
                ],
                [
                    -3,
                    -7,
                    -9
                ],
                [
                    5,
                    -10,
                    -1
                ],
                [
                    1,
                    -2,
                    -5
                ],
                [
                    1,
                    10,
                    3
                ],
                [
                    7,
                    -9,
                    5
                ],
                [
                    -4,
                    6,
                    3
                ],
                [
                    2,
                    6,
                    -10
                ],
                [
                    -1,
                    7,
                    9
                ],
                [
                    8,
                    5,
                    2
                ],
                [
                    3,
                    -6,
                    -4
                ],
                [
                    -10,
                    2,
                    -5
                ],
                [
                    -3,
                    9,
                    -4
                ],
                [
                    4,
                    5,
                    3
                ],
                [
                    7,
                    -6,
                    5
                ],
                [
                    -1,
                    -6,
                    8
                ],
                [
                    4,
                    3,
                    -7
                ],
                [
                    -9,
                    -7,
                    3
                ],
                [
                    -8,
                    -1,
                    -2
                ]
            ],
            "{   'fun': 5.18,\n    'jac': None,\n    'nfev': 493,\n    'nit': 3,\n    'njev': 29,\n    'x': array([0.52740256, 0.177134  , 0.19211589, 0.02383558, 1.32984133,\n       1.60249979, 1.6250519 , 2.34059311, 1.66665349, 1.05872132,\n       1.2178049 , 0.12920804, 2.01362119, 2.25877177, 1.60499484,\n       0.67771996])}",
            {
                "0000100101": 1,
                "0000110100": 1,
                "1100101110": 1,
                "1111001010": 1,
                "1100001111": 1,
                "0101001110": 1,
                "0000100111": 1,
                "0010010011": 1,
                "0011101111": 1,
                "0010110100": 1,
                "1111111010": 2,
                "0100110110": 1,
                "0010100011": 1,
                "0000011010": 1,
                "0101010111": 1,
                "0111110101": 1,
                "0110001010": 1,
                "0100001100": 1,
                "0010110000": 1,
                "1100001000": 1,
                "0110010110": 1,
                "0100101100": 1,
                "0011110011": 1,
                "1001011001": 1,
                "0110011100": 1,
                "0111010001": 1,
                "1101011101": 2,
                "0011100101": 1,
                "1110001110": 1,
                "0001000110": 1,
                "0000111101": 1,
                "0010100001": 1,
                "1110110011": 1,
                "1010100011": 1,
                "0011101100": 1,
                "1000000111": 1,
                "1111001001": 2,
                "1010101011": 1,
                "0110001101": 1,
                "1111100101": 1,
                "1011111110": 1,
                "1101110111": 1,
                "1000111111": 3,
                "0011100000": 3,
                "0110110001": 1,
                "1011111111": 1,
                "1101001001": 2,
                "0011111110": 1,
                "0000101001": 1,
                "1111100000": 1,
                "1010110010": 2,
                "1001100001": 1,
                "0010001011": 1,
                "0001010111": 1,
                "1110111011": 1,
                "1001010100": 1,
                "0011011001": 1,
                "0101110010": 1,
                "0100111010": 1,
                "1010100100": 1,
                "0111101001": 1,
                "1110110101": 1,
                "1100011001": 1,
                "1101111011": 1,
                "1010011111": 1,
                "0000000111": 1,
                "0101111110": 1,
                "0110001111": 1,
                "0010111110": 1,
                "0101110111": 1,
                "0001111100": 1,
                "0001111111": 1,
                "0001110110": 1,
                "1001000110": 1,
                "1011011100": 1,
                "1000010011": 1,
                "1100011011": 1,
                "1100000001": 1,
                "0110010100": 1,
                "1111100100": 1,
                "0000101010": 1,
                "1100110101": 1,
                "1110001111": 1,
                "0001101011": 1,
                "1001110001": 1,
                "0010111001": 1,
                "1110100101": 2,
                "1110000001": 1,
                "0000100100": 1,
                "1101001100": 1
            },
            false,
            4.81
        ],
        [
            [
                [
                    -6,
                    10,
                    -2
                ],
                [
                    1,
                    3,
                    2
                ],
                [
                    -10,
                    -2,
                    1
                ],
                [
                    8,
                    -6,
                    10
                ],
                [
                    1,
                    -8,
                    10
                ],
                [
                    -1,
                    10,
                    6
                ],
                [
                    -9,
                    -8,
                    -10
                ],
                [
                    6,
                    8,
                    -10
                ],
                [
                    -2,
                    1,
                    -8
                ],
                [
                    1,
                    10,
                    3
                ],
                [
                    -1,
                    -2,
                    -6
                ],
                [
                    -6,
                    -1,
                    9
                ],
                [
                    7,
                    -8,
                    5
                ],
                [
                    1,
                    -10,
                    2
                ],
                [
                    10,
                    -1,
                    5
                ],
                [
                    -5,
                    4,
                    9
                ],
                [
                    -9,
                    -8,
                    -10
                ],
                [
                    10,
                    -8,
                    -7
                ],
                [
                    -9,
                    -4,
                    7
                ],
                [
                    -7,
                    -3,
                    2
                ],
                [
                    -2,
                    5,
                    -6
                ],
                [
                    10,
                    -8,
                    3
                ],
                [
                    7,
                    4,
                    5
                ],
                [
                    -6,
                    -9,
                    -7
                ],
                [
                    -3,
                    -4,
                    7
                ],
                [
                    4,
                    -8,
                    9
                ],
                [
                    -1,
                    -8,
                    -3
                ],
                [
                    -2,
                    -1,
                    -10
                ],
                [
                    -3,
                    -5,
                    8
                ],
                [
                    9,
                    -10,
                    -1
                ],
                [
                    -1,
                    6,
                    -2
                ],
                [
                    -8,
                    -7,
                    3
                ],
                [
                    -5,
                    -7,
                    2
                ],
                [
                    5,
                    -1,
                    -4
                ],
                [
                    -8,
                    2,
                    -9
                ],
                [
                    -4,
                    -3,
                    10
                ],
                [
                    -2,
                    7,
                    -8
                ],
                [
                    7,
                    5,
                    -3
                ],
                [
                    8,
                    -7,
                    9
                ],
                [
                    1,
                    -5,
                    -7
                ],
                [
                    -10,
                    -6,
                    -9
                ],
                [
                    -2,
                    5,
                    -1
                ],
                [
                    -8,
                    1,
                    9
                ],
                [
                    2,
                    10,
                    9
                ],
                [
                    3,
                    -1,
                    2
                ]
            ],
            "{   'fun': 5.99,\n    'jac': None,\n    'nfev': 425,\n    'nit': 2,\n    'njev': 25,\n    'x': array([1.48071934, 0.0954396 , 2.17348471, 1.06912731, 2.42272838,\n       2.07750152, 1.7463542 , 2.86819154, 2.01533093, 0.17313295,\n       2.22046684, 1.28221916, 0.60161807, 0.30824828, 0.32188581,\n       1.14116548])}",
            {
                "1111010110": 1,
                "0001101001": 1,
                "1000110001": 1,
                "1110110000": 1,
                "1100010101": 1,
                "0011011011": 1,
                "0010001011": 1,
                "0101111011": 1,
                "0000111001": 1,
                "1101011110": 1,
                "1010000111": 1,
                "0001111010": 1,
                "1011101001": 1,
                "0000001000": 1,
                "0000101101": 1,
                "0001100100": 1,
                "1101101110": 1,
                "1011011111": 1,
                "0110000011": 2,
                "1111101111": 1,
                "0100000111": 1,
                "0110000100": 1,
                "0100000101": 1,
                "1001001100": 1,
                "0110110001": 1,
                "0101010101": 1,
                "1110100000": 1,
                "1110010011": 1,
                "0001000111": 1,
                "0000111100": 1,
                "0010100100": 1,
                "1110000111": 1,
                "0100010100": 1,
                "0111100001": 1,
                "1010001101": 1,
                "1101011111": 1,
                "1111010100": 1,
                "0100001001": 1,
                "0100111100": 1,
                "0011010011": 1,
                "0001100010": 1,
                "0010001010": 1,
                "1110010111": 1,
                "1101110110": 1,
                "1100101110": 1,
                "0111111110": 1,
                "0111111100": 1,
                "1010110111": 2,
                "1100111010": 1,
                "1001000111": 1,
                "0100001110": 1,
                "1111100101": 1,
                "1111001011": 1,
                "1001000011": 1,
                "0101100111": 2,
                "0010111001": 1,
                "1011100101": 1,
                "0101011110": 1,
                "1000011010": 1,
                "1100011001": 1,
                "0101001010": 1,
                "0011011110": 1,
                "0010111110": 2,
                "0101110111": 1,
                "0101111001": 1,
                "0001010011": 1,
                "1100110011": 1,
                "0010101101": 1,
                "0100101110": 2,
                "0001110011": 1,
                "0001010010": 1,
                "1110001110": 1,
                "0111001000": 1,
                "0000011111": 1,
                "0010000111": 1,
                "0111101000": 1,
                "0110000010": 1,
                "1000111111": 1,
                "1111000010": 1,
                "1111101011": 2,
                "1110010110": 2,
                "0101001011": 1,
                "0001000010": 2,
                "1010011000": 1,
                "1011110001": 2,
                "1101010001": 1,
                "0001001111": 1,
                "1101001010": 1,
                "1111000101": 1,
                "0001101100": 1,
                "1011110101": 1
            },
            false,
            5.01
        ],
        [
            [
                [
                    5,
                    7,
                    -2
                ],
                [
                    10,
                    -5,
                    1
                ],
                [
                    5,
                    6,
                    -8
                ],
                [
                    10,
                    -3,
                    2
                ],
                [
                    10,
                    7,
                    9
                ],
                [
                    -2,
                    -1,
                    3
                ],
                [
                    1,
                    -7,
                    -10
                ],
                [
                    4,
                    -1,
                    9
                ],
                [
                    -10,
                    -2,
                    5
                ],
                [
                    6,
                    -8,
                    3
                ],
                [
                    5,
                    4,
                    -6
                ],
                [
                    1,
                    9,
                    -4
                ],
                [
                    4,
                    -3,
                    1
                ],
                [
                    7,
                    -8,
                    3
                ],
                [
                    3,
                    -10,
                    -1
                ],
                [
                    -3,
                    -6,
                    -1
                ],
                [
                    -10,
                    2,
                    6
                ],
                [
                    4,
                    10,
                    9
                ],
                [
                    8,
                    7,
                    -6
                ],
                [
                    -6,
                    -8,
                    -10
                ],
                [
                    7,
                    5,
                    -3
                ],
                [
                    5,
                    10,
                    -6
                ],
                [
                    -9,
                    -5,
                    -7
                ],
                [
                    -4,
                    -7,
                    -2
                ],
                [
                    10,
                    5,
                    6
                ],
                [
                    10,
                    9,
                    5
                ],
                [
                    7,
                    -1,
                    -10
                ],
                [
                    8,
                    -9,
                    5
                ],
                [
                    10,
                    -9,
                    2
                ],
                [
                    1,
                    -5,
                    10
                ],
                [
                    -10,
                    6,
                    4
                ],
                [
                    -3,
                    -10,
                    9
                ],
                [
                    10,
                    9,
                    -6
                ],
                [
                    -3,
                    -4,
                    8
                ],
                [
                    7,
                    10,
                    5
                ],
                [
                    6,
                    -8,
                    -7
                ],
                [
                    10,
                    -8,
                    -5
                ],
                [
                    5,
                    -8,
                    1
                ],
                [
                    -3,
                    10,
                    -1
                ],
                [
                    8,
                    3,
                    -9
                ],
                [
                    -4,
                    2,
                    -7
                ],
                [
                    1,
                    2,
                    9
                ],
                [
                    -10,
                    7,
                    2
                ],
                [
                    1,
                    10,
                    -6
                ],
                [
                    5,
                    1,
                    4
                ]
            ],
            "{   'fun': 5.47,\n    'jac': None,\n    'nfev': 408,\n    'nit': 4,\n    'njev': 24,\n    'x': array([1.33487679, 1.00900978, 0.22807752, 0.60074631, 0.88076104,\n       0.31796451, 2.12763486, 2.22580599, 1.02628099, 2.59942966,\n       1.58516264, 1.45514727, 1.53900442, 1.17033325, 0.20420523,\n       0.34428289])}",
            {
                "0111101001": 1,
                "1000110010": 1,
                "1011011011": 1,
                "0011000001": 1,
                "1011000011": 1,
                "1001010010": 1,
                "1001001100": 1,
                "1011000101": 1,
                "1001001011": 1,
                "0100011010": 1,
                "0001110111": 2,
                "0100000000": 1,
                "1101010100": 1,
                "1100100000": 1,
                "0011111000": 1,
                "0111001010": 1,
                "0011000000": 1,
                "0001010101": 1,
                "1010111010": 1,
                "1000010110": 1,
                "0111111001": 1,
                "1110010010": 1,
                "0110101011": 1,
                "0110001001": 1,
                "0011100000": 1,
                "1101001101": 1,
                "1111101100": 1,
                "0100000111": 1,
                "1011110110": 1,
                "0011100110": 1,
                "1011001011": 1,
                "1011000010": 2,
                "0000111101": 1,
                "1001001110": 1,
                "1101000001": 2,
                "1111101110": 1,
                "1100111010": 1,
                "1111100001": 1,
                "0010001011": 1,
                "1100001011": 1,
                "0001000000": 3,
                "1100010010": 1,
                "1000001001": 1,
                "1011100111": 2,
                "1110010101": 1,
                "1011001111": 1,
                "1110100011": 1,
                "0100111010": 1,
                "0011000010": 1,
                "0001110000": 1,
                "1000110101": 1,
                "1000100000": 1,
                "0000111010": 1,
                "1011110100": 1,
                "0011101001": 1,
                "0101010010": 1,
                "1100111110": 1,
                "1111000010": 1,
                "1101100100": 1,
                "0011010110": 1,
                "0101110101": 2,
                "1000000010": 1,
                "1111110101": 1,
                "0101010000": 1,
                "1101001010": 1,
                "0101101011": 1,
                "1111001110": 1,
                "0111000111": 1,
                "1111011001": 2,
                "1101011110": 1,
                "1101011000": 1,
                "1111010100": 1,
                "1111101101": 1,
                "0010010111": 1,
                "1111100110": 1,
                "1000000100": 1,
                "1001110101": 1,
                "0010110011": 1,
                "1110001011": 1,
                "0110101110": 2,
                "1110011111": 1,
                "1000100110": 1,
                "1111101111": 2,
                "1011111111": 1,
                "1001111111": 1,
                "1101111010": 1,
                "1000001011": 1,
                "1101001011": 1,
                "1010101100": 1,
                "0101111101": 1
            },
            false,
            4.93
        ],
        [
            [
                [
                    6,
                    2,
                    -1
                ],
                [
                    -8,
                    9,
                    -7
                ],
                [
                    9,
                    -7,
                    3
                ],
                [
                    -3,
                    -6,
                    5
                ],
                [
                    -5,
                    3,
                    -6
                ],
                [
                    -1,
                    -3,
                    -5
                ],
                [
                    -5,
                    -10,
                    4
                ],
                [
                    -1,
                    9,
                    -7
                ],
                [
                    1,
                    -4,
                    -2
                ],
                [
                    -5,
                    9,
                    -2
                ],
                [
                    9,
                    -3,
                    -1
                ],
                [
                    4,
                    6,
                    5
                ],
                [
                    -8,
                    5,
                    -6
                ],
                [
                    -5,
                    2,
                    -1
                ],
                [
                    -1,
                    4,
                    -9
                ],
                [
                    5,
                    -6,
                    10
                ],
                [
                    -6,
                    -9,
                    -1
                ],
                [
                    1,
                    2,
                    -10
                ],
                [
                    10,
                    1,
                    7
                ],
                [
                    10,
                    -2,
                    1
                ],
                [
                    -8,
                    -6,
                    7
                ],
                [
                    7,
                    -3,
                    -10
                ],
                [
                    3,
                    -9,
                    -2
                ],
                [
                    -3,
                    6,
                    8
                ],
                [
                    10,
                    -5,
                    -3
                ],
                [
                    8,
                    6,
                    9
                ],
                [
                    -9,
                    10,
                    -2
                ],
                [
                    -7,
                    9,
                    8
                ],
                [
                    9,
                    1,
                    6
                ],
                [
                    -2,
                    -7,
                    -9
                ],
                [
                    -10,
                    -4,
                    5
                ],
                [
                    9,
                    7,
                    6
                ],
                [
                    -3,
                    -7,
                    -8
                ],
                [
                    -7,
                    4,
                    -5
                ],
                [
                    -10,
                    1,
                    4
                ],
                [
                    6,
                    -1,
                    -4
                ],
                [
                    1,
                    7,
                    3
                ],
                [
                    -3,
                    -5,
                    9
                ],
                [
                    -8,
                    -2,
                    -3
                ],
                [
                    -4,
                    -5,
                    9
                ],
                [
                    4,
                    7,
                    8
                ],
                [
                    2,
                    4,
                    9
                ],
                [
                    10,
                    2,
                    -5
                ],
                [
                    7,
                    6,
                    9
                ],
                [
                    -1,
                    -5,
                    -10
                ]
            ],
            "{   'fun': 5.76,\n    'jac': None,\n    'nfev': 357,\n    'nit': 0,\n    'njev': 21,\n    'x': array([1.35547066, 0.56570572, 1.36489077, 2.7854499 , 2.08535372,\n       2.61884749, 1.29102271, 2.15145623, 2.01627936, 0.45033675,\n       0.66518797, 0.09883824, 1.79835481, 1.74181394, 1.82882941,\n       0.02556421])}",
            {
                "1010111010": 1,
                "1011100100": 1,
                "0000111110": 1,
                "0100011001": 1,
                "0011110000": 1,
                "0010000110": 1,
                "1001000010": 1,
                "1100111111": 1,
                "0110001011": 1,
                "0011101110": 1,
                "1010010000": 1,
                "0001100001": 1,
                "1000000110": 1,
                "0110101111": 2,
                "1111111101": 1,
                "0000101111": 1,
                "0101010100": 1,
                "1011001111": 1,
                "1111110000": 1,
                "1110100011": 1,
                "1110011000": 1,
                "1101010001": 1,
                "0001001111": 2,
                "0010110111": 2,
                "0111010000": 1,
                "0011001001": 1,
                "1011011100": 1,
                "0000110110": 1,
                "1111111010": 1,
                "1010111101": 1,
                "1010100100": 1,
                "0110111000": 2,
                "0100100001": 1,
                "0101111010": 1,
                "1110011010": 1,
                "1010000100": 1,
                "1010111111": 1,
                "1111001000": 1,
                "0110101001": 2,
                "1000111101": 1,
                "1000110011": 1,
                "0011110110": 2,
                "1011000011": 1,
                "1100000010": 1,
                "0101111100": 1,
                "0000100101": 1,
                "1000101011": 1,
                "1101000100": 2,
                "0101111011": 1,
                "0100101001": 1,
                "1010011011": 1,
                "1110011111": 1,
                "1001011000": 2,
                "1100101111": 1,
                "0010110001": 1,
                "1001100101": 1,
                "0100000011": 1,
                "0100101101": 1,
                "0011000000": 1,
                "1011111000": 1,
                "1111100110": 1,
                "1010000011": 1,
                "1010000001": 1,
                "1111100100": 1,
                "0110010001": 2,
                "0100110000": 1,
                "0101001110": 1,
                "0110110101": 1,
                "0010110010": 1,
                "1010111100": 1,
                "1000010110": 1,
                "1010110001": 1,
                "1011000010": 1,
                "0001100011": 1,
                "0100001100": 1,
                "0110111011": 1,
                "0001001000": 1,
                "1010001110": 1,
                "1111101011": 1,
                "0000011010": 1,
                "1101100100": 2,
                "1110110000": 1,
                "1111111011": 1,
                "1001011010": 1,
                "0111100111": 1,
                "0010100100": 1,
                "1101100010": 1,
                "1001111101": 1,
                "1100110100": 1,
                "0001010100": 1
            },
            false,
            5.03
        ]
    ]
}