{
    "n": 10,
    "m": 45,
    "results": [
        [
            [
                [
                    -5,
                    -8,
                    -9
                ],
                [
                    -4,
                    -8,
                    -10
                ],
                [
                    3,
                    -7,
                    -8
                ],
                [
                    3,
                    -6,
                    -10
                ],
                [
                    3,
                    7,
                    -4
                ],
                [
                    7,
                    -9,
                    -10
                ],
                [
                    5,
                    10,
                    9
                ],
                [
                    -10,
                    9,
                    -2
                ],
                [
                    8,
                    7,
                    9
                ],
                [
                    4,
                    5,
                    -7
                ],
                [
                    -4,
                    2,
                    -1
                ],
                [
                    -3,
                    -8,
                    -4
                ],
                [
                    -10,
                    9,
                    2
                ],
                [
                    -10,
                    9,
                    -7
                ],
                [
                    -2,
                    1,
                    -3
                ],
                [
                    2,
                    6,
                    -5
                ],
                [
                    -8,
                    -3,
                    1
                ],
                [
                    5,
                    -9,
                    -1
                ],
                [
                    6,
                    -10,
                    -5
                ],
                [
                    -4,
                    -9,
                    -6
                ],
                [
                    -3,
                    8,
                    4
                ],
                [
                    2,
                    -7,
                    -4
                ],
                [
                    -2,
                    7,
                    9
                ],
                [
                    -1,
                    -2,
                    -5
                ],
                [
                    9,
                    4,
                    10
                ],
                [
                    -4,
                    -6,
                    5
                ],
                [
                    -6,
                    9,
                    -4
                ],
                [
                    -2,
                    5,
                    7
                ],
                [
                    7,
                    8,
                    -6
                ],
                [
                    -1,
                    4,
                    -9
                ],
                [
                    3,
                    8,
                    1
                ],
                [
                    5,
                    -1,
                    -8
                ],
                [
                    9,
                    -3,
                    2
                ],
                [
                    -1,
                    2,
                    7
                ],
                [
                    6,
                    1,
                    4
                ],
                [
                    4,
                    -2,
                    10
                ],
                [
                    -9,
                    -1,
                    3
                ],
                [
                    2,
                    -6,
                    -7
                ],
                [
                    -7,
                    4,
                    2
                ],
                [
                    -9,
                    -8,
                    5
                ],
                [
                    -6,
                    10,
                    4
                ],
                [
                    -7,
                    1,
                    -10
                ],
                [
                    4,
                    -6,
                    -1
                ],
                [
                    -10,
                    -4,
                    5
                ],
                [
                    7,
                    -1,
                    9
                ]
            ],
            "{   'fun': 5.8,\n    'jac': None,\n    'nfev': 391,\n    'nit': 3,\n    'njev': 23,\n    'x': array([0.0727188 , 0.08518429, 2.4974887 , 0.83938081, 1.7621529 ,\n       1.6829128 , 2.48651562, 2.64260122, 2.58572401, 0.04774247,\n       1.62396976, 3.04000569, 0.48383555, 1.06155082, 2.31572148,\n       2.38593535])}",
            {
                "1001010010": 1,
                "1101000100": 1,
                "0100000000": 1,
                "0011011101": 1,
                "0001110010": 1,
                "1100110111": 1,
                "0000011000": 1,
                "0101100101": 1,
                "0111110011": 1,
                "1101110110": 1,
                "1111110111": 1,
                "0101111011": 2,
                "0111111000": 1,
                "0001011001": 1,
                "0110110110": 1,
                "0100111100": 2,
                "1000110000": 1,
                "1110011100": 1,
                "0100101110": 1,
                "1111001001": 1,
                "1101001111": 1,
                "0100100101": 1,
                "1110101110": 1,
                "1111101011": 2,
                "0110001100": 1,
                "1001011001": 2,
                "1001111000": 1,
                "1000101011": 1,
                "1101100110": 1,
                "0110110100": 1,
                "0110010010": 1,
                "0110010110": 1,
                "0001101011": 1,
                "0011000011": 1,
                "1010000000": 1,
                "0000001101": 1,
                "0110000111": 1,
                "0101100111": 1,
                "1000100101": 1,
                "0101010011": 1,
                "0111011100": 1,
                "1000110011": 2,
                "0111001001": 1,
                "1010010011": 1,
                "0011101110": 1,
                "1001001110": 1,
                "0001010011": 1,
                "0011100110": 1,
                "1000100001": 1,
                "1101111100": 1,
                "0001010000": 1,
                "1000001110": 2,
                "0101111000": 1,
                "1011101011": 1,
                "1101101001": 1,
                "0110011100": 1,
                "1010110100": 1,
                "0111111100": 1,
                "0000101110": 1,
                "1010010101": 1,
                "0011110000": 1,
                "1000010101": 1,
                "0001001010": 1,
                "1000100100": 1,
                "1110100000": 2,
                "1001001111": 1,
                "0001110000": 1,
                "1111110011": 1,
                "0101100100": 1,
                "0111001101": 1,
                "1001000001": 1,
                "1010000010": 1,
                "0110111101": 1,
                "1111000000": 1,
                "0110001011": 1,
                "1111011110": 1,
                "0011010110": 1,
                "0001000101": 1,
                "1110101010": 1,
                "0000100110": 1,
                "1101001010": 1,
                "0101101010": 1,
                "0110101010": 1,
                "0110111011": 1,
                "1000101101": 1,
                "0011101011": 1,
                "1100101101": 1,
                "0011111000": 1,
                "0111101010": 1,
                "1101011000": 1,
                "0100011000": 1,
                "1100100001": 1,
                "1000101010": 1
            },
            false,
            5.17
        ],
        [
            [
                [
                    4,
                    5,
                    6
                ],
                [
                    4,
                    -5,
                    -10
                ],
                [
                    10,
                    -9,
                    -3
                ],
                [
                    1,
                    7,
                    5
                ],
                [
                    -5,
                    2,
                    -1
                ],
                [
                    -3,
                    9,
                    8
                ],
                [
                    -9,
                    -10,
                    2
                ],
                [
                    7,
                    -8,
                    -2
                ],
                [
                    7,
                    -5,
                    -6
                ],
                [
                    -5,
                    9,
                    3
                ],
                [
                    -10,
                    -6,
                    7
                ],
                [
                    -7,
                    2,
                    -6
                ],
                [
                    5,
                    10,
                    1
                ],
                [
                    2,
                    -8,
                    -4
                ],
                [
                    1,
                    6,
                    7
                ],
                [
                    -9,
                    8,
                    10
                ],
                [
                    -8,
                    -9,
                    6
                ],
                [
                    -4,
                    9,
                    6
                ],
                [
                    2,
                    9,
                    3
                ],
                [
                    3,
                    7,
                    9
                ],
                [
                    2,
                    -1,
                    10
                ],
                [
                    -5,
                    -10,
                    4
                ],
                [
                    -4,
                    10,
                    8
                ],
                [
                    7,
                    -6,
                    -9
                ],
                [
                    -3,
                    -2,
                    9
                ],
                [
                    -2,
                    -9,
                    5
                ],
                [
                    -8,
                    -5,
                    -10
                ],
                [
                    -9,
                    -2,
                    10
                ],
                [
                    2,
                    -8,
                    -4
                ],
                [
                    10,
                    -6,
                    9
                ],
                [
                    9,
                    -3,
                    -1
                ],
                [
                    7,
                    4,
                    -5
                ],
                [
                    -8,
                    -2,
                    -6
                ],
                [
                    -5,
                    -10,
                    -6
                ],
                [
                    -10,
                    -1,
                    2
                ],
                [
                    -5,
                    -8,
                    -4
                ],
                [
                    1,
                    9,
                    -7
                ],
                [
                    -10,
                    4,
                    8
                ],
                [
                    6,
                    -10,
                    -4
                ],
                [
                    2,
                    8,
                    -7
                ],
                [
                    -2,
                    -3,
                    -5
                ],
                [
                    -4,
                    3,
                    5
                ],
                [
                    -9,
                    2,
                    -10
                ],
                [
                    1,
                    9,
                    2
                ],
                [
                    10,
                    -8,
                    5
                ]
            ],
            "{   'fun': 5.64,\n    'jac': None,\n    'nfev': 476,\n    'nit': 3,\n    'njev': 28,\n    'x': array([0.52740219, 0.17713392, 0.19211557, 0.02383573, 1.32984149,\n       1.60249966, 1.62505199, 2.34059369, 1.66665366, 1.0587214 ,\n       1.21780495, 0.1292082 , 2.0136207 , 2.25877223, 1.60499446,\n       0.67771965])}",
            {
                "0101010010": 1,
                "1001000000": 1,
                "1111100011": 1,
                "1011001001": 1,
                "0001111001": 1,
                "0001001010": 1,
                "0100111111": 1,
                "1110101111": 1,
                "1010111111": 1,
                "1000101101": 1,
                "1100011100": 1,
                "1000101001": 2,
                "0101010001": 1,
                "0101101001": 1,
                "0100001101": 1,
                "1011101110": 1,
                "1011000111": 1,
                "0100000100": 1,
                "1011111111": 1,
                "1001001110": 1,
                "1011010001": 1,
                "1000100001": 1,
                "0101111000": 1,
                "1001011100": 1,
                "0110001110": 1,
                "0110011110": 1,
                "1011000010": 2,
                "1101111001": 3,
                "1110111010": 1,
                "0000100010": 1,
                "0000111000": 1,
                "0111001011": 2,
                "1010011010": 2,
                "0110001001": 1,
                "0001010110": 2,
                "0111111111": 1,
                "0111010010": 1,
                "1001101001": 1,
                "0111110100": 1,
                "1110111110": 1,
                "1001000111": 2,
                "1011110100": 1,
                "0001011000": 1,
                "1101001101": 1,
                "0101100001": 1,
                "1010101000": 1,
                "1101100011": 1,
                "1010110001": 1,
                "0010011111": 1,
                "0110001010": 2,
                "1101011001": 1,
                "0001101001": 1,
                "1001110110": 1,
                "1010010010": 1,
                "0100011010": 1,
                "0110100001": 1,
                "0010011010": 1,
                "1011011000": 1,
                "1101111011": 2,
                "1010001010": 1,
                "0001001111": 1,
                "0001010001": 1,
                "0011101011": 1,
                "0110001000": 1,
                "1010101001": 1,
                "1100111001": 2,
                "0010011000": 1,
                "0111000001": 1,
                "0001100111": 1,
                "1011010111": 1,
                "0101001011": 1,
                "0101101100": 1,
                "1100000111": 2,
                "0100010011": 1,
                "0111001111": 1,
                "0111011110": 2,
                "1100001001": 1,
                "0001001001": 2,
                "0110000000": 1,
                "0010111100": 1,
                "0111100011": 1,
                "1100111111": 1,
                "0110001011": 1,
                "1000100111": 1,
                "1110110011": 2
            },
            false,
            4.92
        ],
        [
            [
                [
                    4,
                    8,
                    5
                ],
                [
                    -3,
                    6,
                    9
                ],
                [
                    8,
                    -2,
                    10
                ],
                [
                    -6,
                    10,
                    -2
                ],
                [
                    -6,
                    4,
                    1
                ],
                [
                    10,
                    6,
                    9
                ],
                [
                    5,
                    9,
                    2
                ],
                [
                    -10,
                    -1,
                    8
                ],
                [
                    -2,
                    9,
                    -3
                ],
                [
                    5,
                    1,
                    -4
                ],
                [
                    -2,
                    -5,
                    4
                ],
                [
                    4,
                    -1,
                    -6
                ],
                [
                    3,
                    8,
                    -10
                ],
                [
                    -9,
                    7,
                    5
                ],
                [
                    -2,
                    7,
                    -4
                ],
                [
                    -1,
                    3,
                    5
                ],
                [
                    -8,
                    -3,
                    1
                ],
                [
                    9,
                    -4,
                    -3
                ],
                [
                    -2,
                    9,
                    1
                ],
                [
                    7,
                    8,
                    -3
                ],
                [
                    1,
                    -2,
                    9
                ],
                [
                    -2,
                    -5,
                    -10
                ],
                [
                    -10,
                    6,
                    -8
                ],
                [
                    10,
                    -6,
                    -2
                ],
                [
                    3,
                    -7,
                    10
                ],
                [
                    2,
                    4,
                    8
                ],
                [
                    -3,
                    -1,
                    7
                ],
                [
                    8,
                    5,
                    -9
                ],
                [
                    -1,
                    4,
                    6
                ],
                [
                    10,
                    9,
                    8
                ],
                [
                    -4,
                    -3,
                    -6
                ],
                [
                    -8,
                    -4,
                    -3
                ],
                [
                    -5,
                    -8,
                    -2
                ],
                [
                    9,
                    8,
                    3
                ],
                [
                    -4,
                    8,
                    5
                ],
                [
                    -4,
                    -8,
                    -9
                ],
                [
                    -9,
                    7,
                    3
                ],
                [
                    -9,
                    -6,
                    -3
                ],
                [
                    9,
                    1,
                    -5
                ],
                [
                    -7,
                    -5,
                    -9
                ],
                [
                    -10,
                    3,
                    2
                ],
                [
                    -2,
                    -7,
                    -9
                ],
                [
                    9,
                    3,
                    -8
                ],
                [
                    -8,
                    9,
                    -3
                ],
                [
                    -7,
                    4,
                    -9
                ]
            ],
            "{   'fun': 5.9,\n    'jac': None,\n    'nfev': 459,\n    'nit': 3,\n    'njev': 27,\n    'x': array([1.4807193 , 0.09543967, 2.17348492, 1.06912741, 2.42272846,\n       2.07750159, 1.74635432, 2.86819161, 2.01533088, 0.17313305,\n       2.22046684, 1.28221914, 0.6016181 , 0.30824838, 0.32188587,\n       1.14116566])}",
            {
                "1111110010": 1,
                "0001101000": 1,
                "1000001011": 1,
                "1110110111": 1,
                "0000010000": 1,
                "1010100110": 1,
                "1100100100": 1,
                "1000011110": 1,
                "0100100011": 1,
                "1011100101": 1,
                "1010101111": 1,
                "1010011010": 1,
                "1000000011": 1,
                "0100111010": 1,
                "1110010001": 1,
                "1001001111": 1,
                "1100011011": 2,
                "1111110000": 1,
                "1101111001": 1,
                "0111011000": 1,
                "0101000011": 2,
                "1010000000": 1,
                "1111110001": 1,
                "1010101011": 1,
                "0010110100": 1,
                "1010100000": 1,
                "1111000001": 1,
                "0111000000": 2,
                "1110001000": 1,
                "1011011011": 1,
                "0111101110": 1,
                "1000000010": 2,
                "1100000110": 2,
                "1111100110": 1,
                "0000010001": 1,
                "1111101000": 1,
                "0101000000": 1,
                "0010111101": 1,
                "0011011001": 1,
                "0011111111": 1,
                "1100110011": 1,
                "1101111000": 2,
                "0010101111": 1,
                "0110110011": 1,
                "0111011110": 1,
                "0011011110": 1,
                "1011101000": 1,
                "0110101111": 1,
                "1001110001": 3,
                "0111111101": 1,
                "1001001000": 1,
                "0011100110": 1,
                "0001100100": 1,
                "1000010111": 1,
                "1001111100": 1,
                "0100110110": 1,
                "0110100010": 1,
                "1100100010": 1,
                "1001001110": 1,
                "0010101100": 1,
                "0011110111": 1,
                "1110101000": 1,
                "0001110101": 1,
                "1100001000": 1,
                "0101101000": 2,
                "0010100001": 1,
                "1110110010": 2,
                "1111011000": 1,
                "0101001000": 1,
                "1111011101": 1,
                "1110101111": 1,
                "0100000000": 1,
                "1000101011": 1,
                "1100011010": 1,
                "0101111100": 1,
                "1111111011": 1,
                "1111101100": 1,
                "0001100110": 2,
                "0111001011": 1,
                "0000100010": 1,
                "0101010101": 2,
                "1110111000": 1,
                "0011110010": 1,
                "0000001011": 1,
                "1011100010": 1,
                "1010111101": 1,
                "1110001110": 1,
                "1110000101": 1
            },
            false,
            4.81
        ],
        [
            [
                [
                    7,
                    -2,
                    9
                ],
                [
                    8,
                    7,
                    3
                ],
                [
                    -7,
                    1,
                    -2
                ],
                [
                    -1,
                    -6,
                    10
                ],
                [
                    -1,
                    -10,
                    -4
                ],
                [
                    -2,
                    6,
                    -4
                ],
                [
                    -8,
                    10,
                    2
                ],
                [
                    4,
                    -8,
                    -3
                ],
                [
                    9,
                    10,
                    7
                ],
                [
                    5,
                    10,
                    -4
                ],
                [
                    -4,
                    -3,
                    -10
                ],
                [
                    1,
                    -3,
                    -4
                ],
                [
                    7,
                    8,
                    -1
                ],
                [
                    8,
                    -1,
                    5
                ],
                [
                    5,
                    4,
                    10
                ],
                [
                    10,
                    -3,
                    -7
                ],
                [
                    3,
                    7,
                    5
                ],
                [
                    -8,
                    -1,
                    4
                ],
                [
                    10,
                    -2,
                    -1
                ],
                [
                    4,
                    2,
                    6
                ],
                [
                    2,
                    8,
                    4
                ],
                [
                    -10,
                    -8,
                    -4
                ],
                [
                    4,
                    -6,
                    3
                ],
                [
                    7,
                    2,
                    5
                ],
                [
                    1,
                    -8,
                    2
                ],
                [
                    -5,
                    6,
                    3
                ],
                [
                    6,
                    1,
                    -9
                ],
                [
                    6,
                    -1,
                    5
                ],
                [
                    8,
                    3,
                    -5
                ],
                [
                    -8,
                    -1,
                    6
                ],
                [
                    8,
                    9,
                    1
                ],
                [
                    2,
                    9,
                    1
                ],
                [
                    -5,
                    7,
                    3
                ],
                [
                    -3,
                    -5,
                    1
                ],
                [
                    -9,
                    8,
                    7
                ],
                [
                    3,
                    -1,
                    -8
                ],
                [
                    2,
                    9,
                    5
                ],
                [
                    3,
                    1,
                    -9
                ],
                [
                    7,
                    -10,
                    -1
                ],
                [
                    2,
                    -7,
                    -9
                ],
                [
                    -1,
                    -8,
                    -4
                ],
                [
                    10,
                    4,
                    7
                ],
                [
                    3,
                    -8,
                    1
                ],
                [
                    -2,
                    6,
                    -7
                ],
                [
                    -6,
                    5,
                    4
                ]
            ],
            "{   'fun': 5.77,\n    'jac': None,\n    'nfev': 425,\n    'nit': 4,\n    'njev': 25,\n    'x': array([1.3348772 , 1.00900991, 0.22807729, 0.60074736, 0.88076237,\n       0.31796516, 2.12763472, 2.22580636, 1.02628208, 2.59942987,\n       1.58516266, 1.45514784, 1.53900467, 1.17033295, 0.20420573,\n       0.34428379])}",
            {
                "1001011011": 1,
                "1101101111": 1,
                "1001010110": 1,
                "1001101001": 1,
                "1110110101": 1,
                "0110001111": 1,
                "1100011010": 1,
                "1110111001": 1,
                "0111011001": 1,
                "1010011101": 1,
                "0001111011": 1,
                "0111011010": 1,
                "1101110000": 1,
                "0010110110": 1,
                "1111000110": 1,
                "0000000011": 1,
                "1100000101": 1,
                "0011010000": 1,
                "0100110110": 1,
                "0010101010": 1,
                "0010011110": 1,
                "1000101110": 1,
                "1001100011": 1,
                "1011101111": 1,
                "1011111110": 1,
                "0110101101": 1,
                "1110101101": 1,
                "1101110011": 1,
                "1101110110": 1,
                "1100101110": 1,
                "1001111110": 1,
                "0011100011": 1,
                "1101100100": 1,
                "0010111111": 2,
                "0111010011": 1,
                "1111110100": 1,
                "1111011010": 1,
                "0100000000": 1,
                "1110101111": 1,
                "0010111101": 1,
                "0101100100": 1,
                "1010011110": 1,
                "1010110011": 2,
                "1011010111": 1,
                "0110010101": 2,
                "1100111101": 1,
                "1100000001": 1,
                "1110010110": 1,
                "0101101100": 1,
                "1011111101": 1,
                "1000001011": 1,
                "1100001100": 1,
                "0110111100": 2,
                "0110010100": 1,
                "0100110000": 1,
                "0011011000": 1,
                "0000101001": 1,
                "1100011111": 1,
                "1100010011": 1,
                "1001000111": 2,
                "1101000101": 1,
                "1011101101": 1,
                "1111110001": 1,
                "1001110010": 1,
                "1111000101": 1,
                "0001100001": 1,
                "0001110010": 1,
                "0111001110": 1,
                "1110111010": 1,
                "0000001010": 1,
                "0110100101": 1,
                "1101100101": 1,
                "1001110110": 1,
                "0110111001": 1,
                "1101101100": 2,
                "0000001000": 1,
                "0110011001": 1,
                "1011011111": 1,
                "1010010101": 1,
                "0101011111": 1,
                "0011110000": 1,
                "1101101010": 1,
                "1001000000": 1,
                "0011111001": 1,
                "0111101111": 2,
                "1010100011": 1,
                "0001010001": 1,
                "0000000010": 1,
                "1000010000": 1,
                "0011101100": 1,
                "0110101110": 1,
                "0011111100": 1,
                "1010110101": 1
            },
            false,
            5.16
        ],
        [
            [
                [
                    10,
                    7,
                    -9
                ],
                [
                    6,
                    -1,
                    -9
                ],
                [
                    -7,
                    -6,
                    -9
                ],
                [
                    -6,
                    7,
                    9
                ],
                [
                    1,
                    -2,
                    -5
                ],
                [
                    -2,
                    7,
                    -10
                ],
                [
                    -2,
                    -5,
                    1
                ],
                [
                    -2,
                    -4,
                    8
                ],
                [
                    -7,
                    1,
                    6
                ],
                [
                    10,
                    -6,
                    -4
                ],
                [
                    9,
                    8,
                    -10
                ],
                [
                    -6,
                    -1,
                    -8
                ],
                [
                    -5,
                    -2,
                    7
                ],
                [
                    7,
                    -9,
                    6
                ],
                [
                    7,
                    -10,
                    -8
                ],
                [
                    -5,
                    4,
                    -3
                ],
                [
                    6,
                    -1,
                    -9
                ],
                [
                    -7,
                    1,
                    -3
                ],
                [
                    -1,
                    -2,
                    8
                ],
                [
                    -10,
                    7,
                    1
                ],
                [
                    -6,
                    7,
                    -8
                ],
                [
                    -1,
                    -10,
                    -9
                ],
                [
                    5,
                    7,
                    -9
                ],
                [
                    -1,
                    -10,
                    9
                ],
                [
                    1,
                    7,
                    -5
                ],
                [
                    -4,
                    -2,
                    10
                ],
                [
                    9,
                    -6,
                    -4
                ],
                [
                    9,
                    -8,
                    -7
                ],
                [
                    -6,
                    -3,
                    2
                ],
                [
                    5,
                    9,
                    -6
                ],
                [
                    9,
                    -5,
                    -10
                ],
                [
                    9,
                    5,
                    2
                ],
                [
                    3,
                    -1,
                    -6
                ],
                [
                    1,
                    -7,
                    3
                ],
                [
                    -4,
                    9,
                    5
                ],
                [
                    -6,
                    -7,
                    -1
                ],
                [
                    4,
                    -3,
                    -1
                ],
                [
                    5,
                    -3,
                    8
                ],
                [
                    6,
                    -5,
                    -2
                ],
                [
                    5,
                    7,
                    8
                ],
                [
                    3,
                    -5,
                    -9
                ],
                [
                    2,
                    8,
                    3
                ],
                [
                    5,
                    3,
                    9
                ],
                [
                    -8,
                    5,
                    1
                ],
                [
                    -6,
                    -9,
                    4
                ]
            ],
            "{   'fun': 6.03,\n    'jac': None,\n    'nfev': 374,\n    'nit': 2,\n    'njev': 22,\n    'x': array([1.35547118, 0.56570563, 1.36489134, 2.78544963, 2.08535451,\n       2.61884813, 1.29102308, 2.15145666, 2.016279  , 0.45033731,\n       0.66518844, 0.09883872, 1.79835474, 1.74181414, 1.82882993,\n       0.0255643 ])}",
            {
                "0111001110": 1,
                "1011101000": 1,
                "0000001011": 1,
                "1100010101": 1,
                "0110011001": 1,
                "1010010101": 1,
                "1001111100": 2,
                "0001100001": 1,
                "0111010110": 1,
                "1100101111": 1,
                "0010010111": 1,
                "1101100011": 1,
                "1101000101": 1,
                "1001001101": 1,
                "1011010001": 1,
                "0011011100": 1,
                "1110010111": 1,
                "0010101100": 1,
                "0000001000": 1,
                "0111011111": 1,
                "1101100100": 1,
                "1010111000": 1,
                "0110010100": 1,
                "0001011001": 1,
                "0101101000": 1,
                "1010011110": 1,
                "0000111010": 1,
                "1100101010": 1,
                "1111101110": 1,
                "0111110111": 1,
                "1010101000": 1,
                "1001010001": 2,
                "1111000011": 1,
                "1100110101": 1,
                "0111101010": 1,
                "1111111010": 1,
                "1100001001": 1,
                "0001001001": 1,
                "0000001001": 1,
                "0000010010": 1,
                "1101010001": 1,
                "0001010001": 2,
                "1001111000": 1,
                "0111100010": 1,
                "1101100111": 1,
                "0011000010": 2,
                "1111110011": 1,
                "1111110010": 1,
                "0010101011": 1,
                "1110000011": 1,
                "1011101110": 1,
                "0100110110": 1,
                "1001010010": 1,
                "1100110011": 1,
                "0011011011": 1,
                "0001101000": 2,
                "0011110001": 1,
                "0010011011": 1,
                "0100110100": 1,
                "0001000001": 1,
                "1001010101": 1,
                "1100110010": 1,
                "0100110000": 1,
                "0100011111": 1,
                "0001101011": 1,
                "0000011011": 1,
                "1011011110": 1,
                "0110111100": 1,
                "1101001001": 1,
                "1101000011": 1,
                "1011111011": 1,
                "1001100111": 1,
                "0110101100": 1,
                "0011111101": 1,
                "0010000101": 1,
                "1000011001": 1,
                "1101100010": 1,
                "0111001100": 3,
                "0001111111": 1,
                "1011000000": 1,
                "1111100111": 2,
                "0101000100": 1,
                "1110101110": 1,
                "0101100111": 1,
                "1001000011": 1,
                "0111100011": 1,
                "1011001110": 1,
                "0010110111": 1,
                "0000011111": 1,
                "0001001011": 1,
                "1110111111": 1,
                "1100010001": 1
            },
            false,
            5.12
        ]
    ]
}