{
    "n": 10,
    "m": 45,
    "results": [
        [
            [
                [
                    -2,
                    8,
                    9
                ],
                [
                    -5,
                    -3,
                    -6
                ],
                [
                    10,
                    4,
                    2
                ],
                [
                    -2,
                    9,
                    6
                ],
                [
                    -4,
                    1,
                    6
                ],
                [
                    3,
                    2,
                    -4
                ],
                [
                    8,
                    6,
                    -9
                ],
                [
                    10,
                    9,
                    1
                ],
                [
                    -10,
                    -1,
                    8
                ],
                [
                    10,
                    -8,
                    1
                ],
                [
                    2,
                    -3,
                    1
                ],
                [
                    -9,
                    10,
                    -7
                ],
                [
                    8,
                    -5,
                    -4
                ],
                [
                    -9,
                    -1,
                    7
                ],
                [
                    -3,
                    -2,
                    -7
                ],
                [
                    1,
                    -9,
                    5
                ],
                [
                    4,
                    -7,
                    -10
                ],
                [
                    -9,
                    6,
                    2
                ],
                [
                    -6,
                    9,
                    -2
                ],
                [
                    -5,
                    -8,
                    10
                ],
                [
                    -5,
                    -3,
                    7
                ],
                [
                    -8,
                    3,
                    7
                ],
                [
                    4,
                    10,
                    8
                ],
                [
                    8,
                    -3,
                    -2
                ],
                [
                    4,
                    2,
                    -10
                ],
                [
                    -5,
                    9,
                    4
                ],
                [
                    1,
                    -7,
                    -8
                ],
                [
                    10,
                    -7,
                    3
                ],
                [
                    1,
                    7,
                    4
                ],
                [
                    -7,
                    -1,
                    5
                ],
                [
                    -6,
                    7,
                    9
                ],
                [
                    5,
                    -10,
                    -9
                ],
                [
                    -6,
                    7,
                    -2
                ],
                [
                    -9,
                    7,
                    6
                ],
                [
                    -4,
                    -8,
                    2
                ],
                [
                    3,
                    -10,
                    2
                ],
                [
                    -9,
                    -2,
                    -10
                ],
                [
                    2,
                    -8,
                    -4
                ],
                [
                    -7,
                    -6,
                    4
                ],
                [
                    10,
                    9,
                    2
                ],
                [
                    6,
                    -7,
                    -3
                ],
                [
                    -3,
                    4,
                    9
                ],
                [
                    -7,
                    1,
                    2
                ],
                [
                    -1,
                    -8,
                    -3
                ],
                [
                    -10,
                    7,
                    9
                ]
            ],
            "{   'fun': 5.54,\n    'jac': None,\n    'nfev': 442,\n    'nit': 2,\n    'njev': 26,\n    'x': array([0.07271878, 0.08518428, 2.49748869, 0.8393808 , 1.76215289,\n       1.68291279, 2.48651562, 2.64260122, 2.58572401, 0.04774246,\n       1.62396976, 3.04000569, 0.48383554, 1.06155081, 2.31572147,\n       2.38593535])}",
            {
                "1001000111": 2,
                "0101101001": 1,
                "1100010001": 1,
                "0110011100": 1,
                "1000100111": 1,
                "0111111000": 1,
                "0111100100": 1,
                "0100100001": 1,
                "1110011101": 1,
                "0011110110": 1,
                "0101001100": 1,
                "0111011000": 1,
                "0000111111": 1,
                "0001101110": 1,
                "0010010000": 1,
                "1000111011": 1,
                "1111110110": 1,
                "0000011001": 1,
                "1101101110": 1,
                "1001011011": 1,
                "0100101101": 1,
                "1100010111": 1,
                "1101100000": 1,
                "1001010001": 1,
                "1001100110": 2,
                "1111001011": 1,
                "0111101101": 1,
                "1000001001": 1,
                "1100011010": 2,
                "1010100001": 1,
                "1111110100": 1,
                "1111000110": 1,
                "0001010010": 1,
                "1100101010": 1,
                "0011100100": 1,
                "0010010100": 2,
                "1000011001": 1,
                "0101101010": 2,
                "1100000100": 1,
                "1010010101": 1,
                "1111000100": 1,
                "0010001110": 1,
                "1110111000": 1,
                "1001011001": 1,
                "1010111101": 1,
                "0001001111": 1,
                "1010011000": 1,
                "0101001111": 1,
                "1111011111": 2,
                "1001010010": 1,
                "0100111001": 1,
                "0011000110": 1,
                "0000010100": 1,
                "1110101110": 1,
                "1100000000": 2,
                "0111010110": 1,
                "0101010011": 1,
                "0011011110": 1,
                "0111000111": 1,
                "0100010110": 2,
                "0010111011": 1,
                "1011111001": 1,
                "0100111101": 1,
                "1001101101": 1,
                "0100001111": 1,
                "0010111010": 1,
                "0100011010": 1,
                "0100000000": 1,
                "1000111101": 1,
                "1001001101": 1,
                "1010011111": 1,
                "1010001010": 1,
                "1010101011": 1,
                "1111011100": 1,
                "0010111001": 1,
                "1001110001": 1,
                "1110100101": 1,
                "1101000101": 1,
                "0110101011": 1,
                "0110111001": 1,
                "1101101111": 1,
                "0100010000": 2,
                "0011101001": 1,
                "1111111100": 1,
                "0110101111": 1,
                "0000001001": 1,
                "1101111100": 1,
                "0001010000": 1,
                "1001101000": 1,
                "0100101000": 1,
                "0011010101": 1
            },
            false,
            5.06
        ],
        [
            [
                [
                    10,
                    -4,
                    9
                ],
                [
                    6,
                    -1,
                    -2
                ],
                [
                    -6,
                    4,
                    -3
                ],
                [
                    1,
                    10,
                    -6
                ],
                [
                    10,
                    -1,
                    6
                ],
                [
                    9,
                    5,
                    -3
                ],
                [
                    -5,
                    1,
                    7
                ],
                [
                    -9,
                    1,
                    4
                ],
                [
                    -5,
                    -3,
                    -6
                ],
                [
                    10,
                    8,
                    -6
                ],
                [
                    -10,
                    2,
                    7
                ],
                [
                    -8,
                    -9,
                    -7
                ],
                [
                    2,
                    1,
                    4
                ],
                [
                    -7,
                    10,
                    6
                ],
                [
                    3,
                    -7,
                    -6
                ],
                [
                    -7,
                    -2,
                    5
                ],
                [
                    7,
                    2,
                    5
                ],
                [
                    7,
                    9,
                    2
                ],
                [
                    -10,
                    4,
                    7
                ],
                [
                    9,
                    4,
                    6
                ],
                [
                    10,
                    -3,
                    5
                ],
                [
                    8,
                    -7,
                    4
                ],
                [
                    4,
                    1,
                    -5
                ],
                [
                    8,
                    4,
                    -1
                ],
                [
                    8,
                    -6,
                    2
                ],
                [
                    3,
                    1,
                    -7
                ],
                [
                    -1,
                    -8,
                    3
                ],
                [
                    9,
                    8,
                    -3
                ],
                [
                    -3,
                    1,
                    9
                ],
                [
                    -5,
                    6,
                    10
                ],
                [
                    9,
                    8,
                    -3
                ],
                [
                    6,
                    3,
                    -10
                ],
                [
                    -4,
                    -8,
                    10
                ],
                [
                    9,
                    -8,
                    -10
                ],
                [
                    5,
                    1,
                    -2
                ],
                [
                    -5,
                    -4,
                    -9
                ],
                [
                    3,
                    -9,
                    10
                ],
                [
                    -2,
                    -3,
                    -7
                ],
                [
                    -2,
                    -5,
                    10
                ],
                [
                    -3,
                    -10,
                    -2
                ],
                [
                    7,
                    6,
                    -10
                ],
                [
                    5,
                    8,
                    -2
                ],
                [
                    4,
                    -6,
                    2
                ],
                [
                    -5,
                    -10,
                    2
                ],
                [
                    1,
                    -7,
                    -6
                ]
            ],
            "{   'fun': 5.45,\n    'jac': None,\n    'nfev': 425,\n    'nit': 3,\n    'njev': 25,\n    'x': array([0.52740271, 0.17713404, 0.19211622, 0.02383597, 1.3298415 ,\n       1.60249955, 1.62505198, 2.3405935 , 1.66665372, 1.05872135,\n       1.21780566, 0.12920815, 2.01362163, 2.2587722 , 1.60499441,\n       0.67772019])}",
            {
                "0111011101": 1,
                "1001001100": 1,
                "0001011100": 1,
                "1110110010": 1,
                "1100111101": 1,
                "0101000111": 1,
                "0011101111": 1,
                "0011010100": 1,
                "0111000100": 1,
                "0010000001": 1,
                "1101101101": 1,
                "1001011101": 1,
                "1011000011": 1,
                "0000111011": 1,
                "1000110111": 1,
                "0001110011": 1,
                "0011100100": 1,
                "1101100110": 1,
                "0100101000": 1,
                "0111011100": 1,
                "1111110001": 1,
                "0100010001": 1,
                "1100111110": 1,
                "1101100100": 1,
                "0111010011": 1,
                "0110010100": 2,
                "1101001101": 1,
                "1111101100": 1,
                "0001000111": 1,
                "0100001111": 1,
                "0001010101": 1,
                "0011001111": 1,
                "0100001100": 1,
                "0001000100": 1,
                "0011011010": 1,
                "0000110011": 1,
                "1101000011": 1,
                "0100100000": 1,
                "1001001110": 1,
                "1001010101": 1,
                "0110101001": 1,
                "1011010111": 1,
                "0010011111": 1,
                "1011110010": 2,
                "1010011011": 2,
                "0100101001": 1,
                "1001001011": 1,
                "0101000000": 1,
                "0011101000": 1,
                "1100111000": 2,
                "1111111110": 1,
                "0110100101": 1,
                "1111001110": 1,
                "1011101111": 1,
                "0100010110": 1,
                "0010000000": 1,
                "0011011001": 1,
                "1010100000": 1,
                "1010100100": 1,
                "1000001111": 1,
                "1011101001": 1,
                "0001111111": 1,
                "1111001100": 1,
                "0101100000": 1,
                "0010101111": 1,
                "0010010101": 1,
                "1111111001": 1,
                "0100011001": 1,
                "0101111000": 1,
                "1100011111": 1,
                "1001111011": 1,
                "1010010010": 2,
                "1010111101": 2,
                "0101110001": 1,
                "0111001111": 1,
                "1110111001": 1,
                "0110001110": 1,
                "0000000100": 1,
                "0000001000": 1,
                "1000110011": 1,
                "0111100110": 1,
                "0101010001": 1,
                "0111001001": 1,
                "1010110010": 1,
                "0010101010": 1,
                "1001111010": 1,
                "1110110000": 1,
                "1010001000": 1,
                "0001000101": 1,
                "1000010100": 2,
                "1110100101": 2,
                "1011001101": 1
            },
            false,
            5.02
        ],
        [
            [
                [
                    4,
                    3,
                    10
                ],
                [
                    10,
                    -1,
                    -4
                ],
                [
                    -10,
                    -6,
                    4
                ],
                [
                    3,
                    2,
                    -8
                ],
                [
                    7,
                    -4,
                    -8
                ],
                [
                    9,
                    -5,
                    -4
                ],
                [
                    4,
                    -5,
                    7
                ],
                [
                    10,
                    -5,
                    4
                ],
                [
                    -2,
                    -1,
                    -10
                ],
                [
                    5,
                    9,
                    -8
                ],
                [
                    9,
                    -2,
                    4
                ],
                [
                    3,
                    9,
                    -8
                ],
                [
                    6,
                    9,
                    -4
                ],
                [
                    3,
                    -7,
                    9
                ],
                [
                    -3,
                    4,
                    6
                ],
                [
                    -4,
                    10,
                    2
                ],
                [
                    -6,
                    -2,
                    8
                ],
                [
                    -2,
                    -6,
                    8
                ],
                [
                    10,
                    -7,
                    5
                ],
                [
                    -8,
                    10,
                    -1
                ],
                [
                    10,
                    -8,
                    5
                ],
                [
                    -6,
                    5,
                    -10
                ],
                [
                    10,
                    -9,
                    -2
                ],
                [
                    -10,
                    -6,
                    -7
                ],
                [
                    5,
                    9,
                    -1
                ],
                [
                    7,
                    5,
                    -9
                ],
                [
                    7,
                    -5,
                    3
                ],
                [
                    5,
                    -10,
                    -6
                ],
                [
                    -10,
                    2,
                    3
                ],
                [
                    -3,
                    4,
                    -5
                ],
                [
                    10,
                    -7,
                    -5
                ],
                [
                    -7,
                    4,
                    -2
                ],
                [
                    9,
                    3,
                    1
                ],
                [
                    6,
                    -5,
                    -2
                ],
                [
                    -1,
                    9,
                    -8
                ],
                [
                    6,
                    -4,
                    9
                ],
                [
                    -6,
                    -4,
                    -5
                ],
                [
                    -8,
                    1,
                    7
                ],
                [
                    -8,
                    10,
                    -6
                ],
                [
                    5,
                    -2,
                    6
                ],
                [
                    5,
                    2,
                    4
                ],
                [
                    7,
                    1,
                    6
                ],
                [
                    -7,
                    8,
                    5
                ],
                [
                    2,
                    -3,
                    10
                ],
                [
                    -2,
                    7,
                    1
                ]
            ],
            "{   'fun': 5.86,\n    'jac': None,\n    'nfev': 476,\n    'nit': 4,\n    'njev': 28,\n    'x': array([1.48071932, 0.09543967, 2.17348481, 1.06912743, 2.42272825,\n       2.0775015 , 1.74635416, 2.86819164, 2.01533094, 0.17313307,\n       2.22046687, 1.28221916, 0.60161808, 0.30824814, 0.32188579,\n       1.14116559])}",
            {
                "0100010011": 1,
                "1000111000": 1,
                "0001101000": 1,
                "0011001011": 1,
                "1011001001": 1,
                "0111010000": 1,
                "1001111100": 1,
                "1110010010": 1,
                "0111000000": 1,
                "0011111010": 1,
                "1110010001": 1,
                "0011001101": 2,
                "1001001011": 1,
                "0100011001": 1,
                "0101011001": 1,
                "0110100100": 1,
                "0001101010": 1,
                "1000111110": 2,
                "1101011110": 1,
                "1010101000": 1,
                "1111101110": 1,
                "1010011011": 1,
                "0101110000": 1,
                "1000101010": 2,
                "0011110011": 1,
                "1111000111": 1,
                "1000010011": 1,
                "1100010001": 1,
                "1010110101": 1,
                "0110110100": 1,
                "0001110101": 1,
                "1010000111": 1,
                "1011000101": 1,
                "1001000111": 1,
                "0001111011": 1,
                "0001110111": 1,
                "1111111100": 1,
                "0000110001": 2,
                "0101111001": 2,
                "1111100100": 1,
                "1100010110": 1,
                "1011011101": 1,
                "1110100101": 1,
                "0000000110": 1,
                "1101101011": 2,
                "1100110001": 1,
                "0010001110": 1,
                "0101011100": 1,
                "0001000111": 1,
                "1000100100": 1,
                "0101010111": 2,
                "1111000110": 1,
                "0111101101": 1,
                "1011010011": 2,
                "1001010010": 2,
                "1000001010": 1,
                "1110000011": 1,
                "0000111001": 1,
                "1111010001": 1,
                "1001010001": 1,
                "1110011110": 1,
                "0110101101": 1,
                "0100000010": 1,
                "0000111101": 1,
                "0100000100": 1,
                "1011101001": 1,
                "0100101010": 1,
                "0001001000": 1,
                "0100101100": 1,
                "0010110111": 1,
                "1001110011": 1,
                "0001001010": 1,
                "1111001110": 1,
                "0111100111": 1,
                "1111100000": 2,
                "0111100000": 1,
                "1100101000": 1,
                "0000111000": 2,
                "1110000101": 1,
                "1001000001": 1,
                "0000111010": 1,
                "0100010001": 1,
                "0010010100": 1,
                "1001001001": 2,
                "0011110001": 1,
                "1101111011": 1,
                "0001001110": 1,
                "1010011100": 1
            },
            false,
            4.9
        ],
        [
            [
                [
                    -2,
                    5,
                    10
                ],
                [
                    4,
                    -6,
                    9
                ],
                [
                    -7,
                    -6,
                    -3
                ],
                [
                    -5,
                    -10,
                    -2
                ],
                [
                    6,
                    1,
                    2
                ],
                [
                    -6,
                    3,
                    10
                ],
                [
                    8,
                    6,
                    5
                ],
                [
                    5,
                    -10,
                    -1
                ],
                [
                    5,
                    3,
                    -9
                ],
                [
                    -2,
                    -8,
                    1
                ],
                [
                    -7,
                    -1,
                    8
                ],
                [
                    -9,
                    7,
                    -1
                ],
                [
                    -5,
                    -6,
                    -1
                ],
                [
                    1,
                    2,
                    7
                ],
                [
                    9,
                    5,
                    -2
                ],
                [
                    7,
                    -1,
                    -8
                ],
                [
                    1,
                    -10,
                    -3
                ],
                [
                    -10,
                    5,
                    1
                ],
                [
                    -8,
                    -3,
                    -10
                ],
                [
                    -6,
                    8,
                    4
                ],
                [
                    -10,
                    -4,
                    -9
                ],
                [
                    -3,
                    6,
                    -9
                ],
                [
                    -10,
                    7,
                    1
                ],
                [
                    5,
                    -8,
                    6
                ],
                [
                    -5,
                    8,
                    1
                ],
                [
                    -7,
                    3,
                    4
                ],
                [
                    -2,
                    9,
                    -10
                ],
                [
                    -3,
                    -7,
                    -4
                ],
                [
                    -9,
                    4,
                    -3
                ],
                [
                    4,
                    3,
                    -1
                ],
                [
                    -2,
                    3,
                    9
                ],
                [
                    10,
                    7,
                    6
                ],
                [
                    -5,
                    6,
                    1
                ],
                [
                    7,
                    1,
                    6
                ],
                [
                    3,
                    -7,
                    9
                ],
                [
                    4,
                    -8,
                    7
                ],
                [
                    -9,
                    3,
                    -2
                ],
                [
                    4,
                    -2,
                    -6
                ],
                [
                    1,
                    3,
                    -5
                ],
                [
                    -7,
                    4,
                    5
                ],
                [
                    -1,
                    8,
                    -6
                ],
                [
                    9,
                    -6,
                    -5
                ],
                [
                    4,
                    -8,
                    3
                ],
                [
                    -2,
                    -7,
                    -8
                ],
                [
                    10,
                    -2,
                    -8
                ]
            ],
            "{   'fun': 5.74,\n    'jac': None,\n    'nfev': 391,\n    'nit': 2,\n    'njev': 23,\n    'x': array([1.33487669, 1.00900966, 0.22807744, 0.60074662, 0.88076111,\n       0.31796449, 2.12763461, 2.22580558, 1.02628102, 2.59942955,\n       1.5851624 , 1.4551471 , 1.53900415, 1.17033285, 0.20420514,\n       0.34428296])}",
            {
                "1011101000": 1,
                "1000111001": 1,
                "1010110000": 1,
                "0111000111": 1,
                "1110001011": 1,
                "0010110100": 1,
                "0010000000": 1,
                "0101011101": 1,
                "1001010011": 1,
                "0011110110": 1,
                "0111111011": 1,
                "0101101100": 1,
                "0001010001": 1,
                "1100010100": 1,
                "1110010100": 1,
                "0001000001": 1,
                "1100011101": 1,
                "1000100001": 1,
                "0111111000": 1,
                "1111011010": 1,
                "1110101111": 1,
                "0001000010": 1,
                "1000111011": 1,
                "0000011100": 1,
                "1011001000": 1,
                "0101000111": 1,
                "1001110110": 1,
                "0000011111": 1,
                "0011111011": 1,
                "1001011000": 1,
                "1011111001": 1,
                "0100000001": 1,
                "1111011100": 2,
                "1000000100": 1,
                "0111101011": 1,
                "1110010011": 1,
                "0101010101": 1,
                "0001110000": 1,
                "0011111100": 1,
                "1101010011": 1,
                "0100110100": 1,
                "1011110010": 1,
                "1111010001": 1,
                "1110001111": 2,
                "1001111001": 2,
                "1001111111": 1,
                "1111111001": 1,
                "0111000011": 1,
                "1110011000": 1,
                "0100111101": 1,
                "1010010001": 1,
                "0101000110": 1,
                "1111000000": 2,
                "1110111001": 2,
                "1001100111": 1,
                "0110001110": 2,
                "0010001011": 2,
                "0101000100": 1,
                "0001101111": 1,
                "0010000101": 1,
                "1111001010": 1,
                "1110100001": 1,
                "0111101111": 1,
                "0111000101": 1,
                "0111000100": 1,
                "0100100000": 1,
                "1101001001": 1,
                "1110111100": 1,
                "0101000001": 1,
                "1010001000": 1,
                "0111110001": 1,
                "1101010100": 1,
                "1001010000": 1,
                "0101011011": 1,
                "1010001011": 1,
                "1011000011": 1,
                "1100100011": 1,
                "0011010101": 1,
                "1001011110": 1,
                "1000101001": 1,
                "1101001100": 1,
                "0110000100": 1,
                "1101111110": 1,
                "1111001000": 1,
                "0000111110": 1,
                "0011011001": 1,
                "1100111001": 1,
                "0000011001": 1,
                "0100111011": 1,
                "0110001010": 1,
                "1000110000": 1,
                "1010011100": 1,
                "1000101011": 1
            },
            false,
            5.01
        ],
        [
            [
                [
                    1,
                    -2,
                    -8
                ],
                [
                    6,
                    2,
                    7
                ],
                [
                    9,
                    5,
                    2
                ],
                [
                    -10,
                    -3,
                    7
                ],
                [
                    -1,
                    7,
                    -2
                ],
                [
                    9,
                    -8,
                    2
                ],
                [
                    -10,
                    1,
                    -7
                ],
                [
                    -3,
                    -4,
                    -7
                ],
                [
                    8,
                    9,
                    10
                ],
                [
                    -7,
                    -6,
                    4
                ],
                [
                    -7,
                    10,
                    -8
                ],
                [
                    -9,
                    -8,
                    5
                ],
                [
                    -5,
                    7,
                    6
                ],
                [
                    -5,
                    9,
                    -7
                ],
                [
                    -2,
                    4,
                    -7
                ],
                [
                    -6,
                    1,
                    -3
                ],
                [
                    -10,
                    1,
                    4
                ],
                [
                    -8,
                    -5,
                    10
                ],
                [
                    -1,
                    7,
                    6
                ],
                [
                    7,
                    -1,
                    -10
                ],
                [
                    -3,
                    5,
                    10
                ],
                [
                    10,
                    -9,
                    -1
                ],
                [
                    3,
                    2,
                    -7
                ],
                [
                    2,
                    9,
                    5
                ],
                [
                    -4,
                    -2,
                    3
                ],
                [
                    3,
                    -4,
                    7
                ],
                [
                    7,
                    -1,
                    -6
                ],
                [
                    -10,
                    3,
                    -2
                ],
                [
                    5,
                    -3,
                    -8
                ],
                [
                    1,
                    -10,
                    -5
                ],
                [
                    -10,
                    9,
                    -8
                ],
                [
                    -7,
                    -1,
                    -3
                ],
                [
                    1,
                    -4,
                    8
                ],
                [
                    -2,
                    3,
                    5
                ],
                [
                    3,
                    7,
                    8
                ],
                [
                    -1,
                    -6,
                    -2
                ],
                [
                    2,
                    5,
                    7
                ],
                [
                    -5,
                    -7,
                    -3
                ],
                [
                    5,
                    9,
                    6
                ],
                [
                    -10,
                    -2,
                    7
                ],
                [
                    -5,
                    -1,
                    10
                ],
                [
                    5,
                    6,
                    9
                ],
                [
                    -5,
                    -8,
                    -9
                ],
                [
                    -10,
                    4,
                    7
                ],
                [
                    2,
                    4,
                    6
                ]
            ],
            "{   'fun': 5.36,\n    'jac': None,\n    'nfev': 408,\n    'nit': 2,\n    'njev': 24,\n    'x': array([1.3554695 , 0.56570619, 1.36489161, 2.78544944, 2.08535577,\n       2.61884656, 1.29102262, 2.15145637, 2.01627974, 0.45033703,\n       0.66518652, 0.09883754, 1.79835457, 1.74181333, 1.82882945,\n       0.02556346])}",
            {
                "0001111001": 1,
                "1111001000": 1,
                "0101111000": 1,
                "0101000010": 1,
                "1111110010": 1,
                "0101000101": 1,
                "0000101111": 1,
                "1101110100": 1,
                "1000000011": 1,
                "0111111101": 1,
                "0011000110": 1,
                "0100110011": 1,
                "1000011111": 1,
                "1100111011": 1,
                "0101011110": 1,
                "0010011101": 1,
                "1110101000": 1,
                "1011100001": 1,
                "0101001101": 1,
                "1100000101": 1,
                "1011100101": 1,
                "1100111101": 1,
                "0001110000": 1,
                "0101001110": 1,
                "1110101111": 1,
                "0011001101": 1,
                "1011010101": 1,
                "0001100000": 1,
                "1101010000": 1,
                "1110111010": 1,
                "0001010101": 2,
                "1110010100": 1,
                "1100010011": 1,
                "1010010101": 1,
                "0101011111": 1,
                "1101001010": 1,
                "0000100110": 1,
                "1010101000": 1,
                "0010111011": 1,
                "0010000000": 1,
                "0011110101": 1,
                "1001010000": 1,
                "0101101110": 1,
                "1111010010": 1,
                "0100100001": 1,
                "1010100100": 1,
                "1001010001": 1,
                "1111001110": 1,
                "0110000011": 1,
                "0100000011": 1,
                "1001100000": 1,
                "0101100001": 2,
                "0001100110": 1,
                "0110000110": 1,
                "0010111111": 1,
                "0100011010": 1,
                "0100100100": 1,
                "1110010111": 1,
                "1011000110": 1,
                "0000010110": 2,
                "1010001001": 1,
                "1000100101": 1,
                "1010000010": 1,
                "1000000100": 1,
                "0011111100": 1,
                "1000100111": 1,
                "1111011000": 1,
                "1010111000": 1,
                "0111100010": 1,
                "0101111100": 1,
                "1100011010": 1,
                "0000110000": 1,
                "1100111110": 1,
                "1010001110": 1,
                "1100001110": 1,
                "0001111010": 1,
                "0011101110": 1,
                "1101111100": 1,
                "0011011010": 1,
                "1000110110": 1,
                "0101110000": 1,
                "0111010101": 1,
                "1101011100": 1,
                "0001011011": 1,
                "1100110010": 1,
                "0110001011": 1,
                "0011010110": 2,
                "0011001011": 1,
                "1000101010": 1,
                "1100010000": 1,
                "1010011110": 1,
                "1001100101": 1,
                "0110101000": 1,
                "0011101010": 1,
                "1011000111": 2
            },
            false,
            5.11
        ]
    ]
}