{
    "n": 10,
    "m": 45,
    "results": [
        [
            [
                [
                    -9,
                    -10,
                    -4
                ],
                [
                    -3,
                    2,
                    -9
                ],
                [
                    4,
                    -10,
                    -3
                ],
                [
                    -6,
                    -3,
                    -5
                ],
                [
                    7,
                    9,
                    -1
                ],
                [
                    9,
                    -8,
                    7
                ],
                [
                    5,
                    -7,
                    2
                ],
                [
                    -6,
                    -3,
                    7
                ],
                [
                    -1,
                    -6,
                    -7
                ],
                [
                    -3,
                    -2,
                    -1
                ],
                [
                    8,
                    10,
                    -6
                ],
                [
                    -4,
                    3,
                    6
                ],
                [
                    -4,
                    8,
                    2
                ],
                [
                    -7,
                    -10,
                    -3
                ],
                [
                    -1,
                    8,
                    9
                ],
                [
                    7,
                    -5,
                    9
                ],
                [
                    4,
                    -3,
                    7
                ],
                [
                    -2,
                    -7,
                    -10
                ],
                [
                    -10,
                    8,
                    9
                ],
                [
                    10,
                    9,
                    2
                ],
                [
                    4,
                    1,
                    -3
                ],
                [
                    10,
                    5,
                    -2
                ],
                [
                    9,
                    -2,
                    -8
                ],
                [
                    4,
                    -3,
                    2
                ],
                [
                    9,
                    6,
                    10
                ],
                [
                    -1,
                    -7,
                    -10
                ],
                [
                    10,
                    -6,
                    1
                ],
                [
                    -10,
                    1,
                    8
                ],
                [
                    4,
                    5,
                    10
                ],
                [
                    8,
                    -5,
                    -2
                ],
                [
                    -2,
                    -3,
                    -9
                ],
                [
                    -3,
                    -7,
                    10
                ],
                [
                    3,
                    4,
                    2
                ],
                [
                    1,
                    6,
                    -2
                ],
                [
                    5,
                    -8,
                    -10
                ],
                [
                    9,
                    -10,
                    -7
                ],
                [
                    -3,
                    5,
                    -7
                ],
                [
                    -5,
                    -6,
                    7
                ],
                [
                    -6,
                    -3,
                    9
                ],
                [
                    7,
                    -5,
                    3
                ],
                [
                    2,
                    -5,
                    -1
                ],
                [
                    -5,
                    10,
                    -3
                ],
                [
                    -3,
                    4,
                    -9
                ],
                [
                    5,
                    -2,
                    6
                ],
                [
                    6,
                    4,
                    7
                ]
            ],
            "{   'fun': 0.64,\n    'jac': None,\n    'nfev': 89,\n    'nit': None,\n    'njev': None,\n    'x': array([ 3.71967026,  2.57626289,  1.82345237, -0.31256833,  1.53686792,\n        2.88494242,  3.29107816,  3.88928546])}",
            {
                "1010101000": 1,
                "1011110011": 1,
                "1001111010": 1,
                "0110011000": 1,
                "0010100011": 1,
                "0111011000": 1,
                "0010011011": 1,
                "1100010000": 1,
                "0100000100": 1,
                "1100110101": 1,
                "0010101011": 1,
                "0011110001": 1,
                "0011100101": 1,
                "1110010110": 1,
                "0110010110": 1,
                "0011111011": 1,
                "1100101111": 1,
                "1010111110": 1,
                "0101000010": 1,
                "1000101110": 1,
                "0001100001": 1,
                "1110100100": 1,
                "1001010111": 1,
                "1011010001": 1,
                "0000011110": 1,
                "0000111100": 1,
                "1010101101": 1,
                "1100100011": 14,
                "0011101101": 1,
                "0010010011": 1,
                "1001011101": 1,
                "0110110011": 1,
                "0101100001": 1,
                "0010100111": 1,
                "0111010011": 16,
                "1000001010": 1,
                "0110101001": 17,
                "0111000101": 1,
                "1111001000": 1,
                "1101110111": 1,
                "0100000000": 1,
                "1000010100": 1,
                "1101011011": 1,
                "0010110111": 1,
                "0000111110": 1,
                "1010110011": 1,
                "1100011010": 1,
                "1001000011": 1,
                "0001111011": 1,
                "0111101111": 1,
                "0010011000": 1,
                "1111010010": 1,
                "1110110011": 1,
                "0110111111": 1,
                "1011000101": 1,
                "1000001110": 1
            },
            true,
            0.46
        ],
        [
            [
                [
                    -6,
                    -5,
                    4
                ],
                [
                    2,
                    4,
                    -10
                ],
                [
                    8,
                    4,
                    6
                ],
                [
                    -4,
                    -10,
                    -9
                ],
                [
                    10,
                    5,
                    -6
                ],
                [
                    3,
                    -9,
                    2
                ],
                [
                    5,
                    -10,
                    -8
                ],
                [
                    5,
                    -3,
                    -7
                ],
                [
                    8,
                    -5,
                    1
                ],
                [
                    -1,
                    -5,
                    6
                ],
                [
                    9,
                    10,
                    -1
                ],
                [
                    5,
                    -1,
                    -3
                ],
                [
                    -6,
                    8,
                    2
                ],
                [
                    10,
                    -6,
                    3
                ],
                [
                    -6,
                    -7,
                    9
                ],
                [
                    10,
                    -5,
                    4
                ],
                [
                    -1,
                    10,
                    8
                ],
                [
                    -7,
                    -1,
                    -2
                ],
                [
                    8,
                    1,
                    -9
                ],
                [
                    9,
                    5,
                    -8
                ],
                [
                    8,
                    -1,
                    9
                ],
                [
                    9,
                    4,
                    3
                ],
                [
                    7,
                    -1,
                    5
                ],
                [
                    2,
                    8,
                    -5
                ],
                [
                    -4,
                    5,
                    -8
                ],
                [
                    -3,
                    7,
                    10
                ],
                [
                    -7,
                    -2,
                    3
                ],
                [
                    3,
                    -7,
                    -9
                ],
                [
                    -9,
                    2,
                    5
                ],
                [
                    4,
                    -6,
                    -9
                ],
                [
                    6,
                    4,
                    -7
                ],
                [
                    10,
                    -8,
                    -1
                ],
                [
                    -9,
                    -6,
                    -7
                ],
                [
                    8,
                    -1,
                    7
                ],
                [
                    -3,
                    -2,
                    -5
                ],
                [
                    7,
                    2,
                    -5
                ],
                [
                    10,
                    1,
                    -8
                ],
                [
                    -9,
                    4,
                    -7
                ],
                [
                    6,
                    -5,
                    -10
                ],
                [
                    -9,
                    1,
                    -6
                ],
                [
                    -3,
                    -4,
                    6
                ],
                [
                    -4,
                    -6,
                    -9
                ],
                [
                    -4,
                    9,
                    6
                ],
                [
                    2,
                    -1,
                    -4
                ],
                [
                    4,
                    5,
                    -6
                ]
            ],
            "{   'fun': 0.74,\n    'jac': None,\n    'nfev': 83,\n    'nit': None,\n    'njev': None,\n    'x': array([ 1.25620715,  2.75446328,  2.4021393 , -0.10241374,  2.51707682,\n        2.57506431,  4.07227242,  2.32650221])}",
            {
                "1111001011": 1,
                "1110110101": 1,
                "1101111110": 1,
                "0001001000": 1,
                "1111101101": 1,
                "0000110000": 1,
                "0000101110": 1,
                "0011000011": 2,
                "1011100110": 1,
                "1100110111": 1,
                "0101001001": 1,
                "1111010100": 1,
                "0001011001": 1,
                "1001000100": 1,
                "1000111010": 1,
                "1010111011": 5,
                "0111001110": 1,
                "0001111010": 1,
                "0010110011": 1,
                "1010000011": 1,
                "0100010111": 1,
                "1001001001": 1,
                "0100100101": 1,
                "0110100010": 1,
                "1010111010": 8,
                "1110010111": 1,
                "1010110000": 1,
                "1101110111": 1,
                "0000010011": 1,
                "1100110010": 1,
                "0000110011": 1,
                "1001110110": 1,
                "1000101110": 10,
                "0001101100": 1,
                "0111010110": 1,
                "0010001100": 1,
                "1000101010": 8,
                "1100100001": 1,
                "1001101110": 1,
                "1100010010": 1,
                "1100001111": 1,
                "0111110100": 1,
                "0011110100": 1,
                "0100101110": 1,
                "1010111111": 1,
                "0100011010": 1,
                "1011001100": 1,
                "0100101001": 1,
                "0110110001": 1,
                "0011111000": 2,
                "1011110100": 1,
                "1101111101": 1,
                "0010101100": 2,
                "0011110111": 1,
                "1010110111": 1,
                "0100100110": 1,
                "1010010011": 1,
                "0101011110": 1,
                "1100000010": 1,
                "0001111001": 1,
                "1000000000": 1,
                "0111001001": 1,
                "1000110011": 1,
                "0000110100": 1,
                "0110000010": 1,
                "0111010000": 1,
                "0010111011": 1,
                "0100010110": 1,
                "0101110111": 1,
                "0111001100": 1
            },
            true,
            0.58
        ],
        [
            [
                [
                    -7,
                    -6,
                    2
                ],
                [
                    3,
                    2,
                    -6
                ],
                [
                    9,
                    8,
                    10
                ],
                [
                    9,
                    -2,
                    4
                ],
                [
                    -1,
                    2,
                    -10
                ],
                [
                    -7,
                    -6,
                    8
                ],
                [
                    4,
                    10,
                    8
                ],
                [
                    2,
                    -9,
                    4
                ],
                [
                    -8,
                    2,
                    4
                ],
                [
                    7,
                    -2,
                    -1
                ],
                [
                    -10,
                    1,
                    3
                ],
                [
                    -9,
                    -7,
                    6
                ],
                [
                    -7,
                    -4,
                    -6
                ],
                [
                    -3,
                    8,
                    1
                ],
                [
                    10,
                    -1,
                    -6
                ],
                [
                    -7,
                    1,
                    3
                ],
                [
                    3,
                    -2,
                    6
                ],
                [
                    -7,
                    9,
                    3
                ],
                [
                    10,
                    -6,
                    -8
                ],
                [
                    -8,
                    2,
                    -7
                ],
                [
                    -7,
                    4,
                    -1
                ],
                [
                    9,
                    3,
                    8
                ],
                [
                    7,
                    -8,
                    3
                ],
                [
                    -9,
                    7,
                    2
                ],
                [
                    -1,
                    -7,
                    4
                ],
                [
                    -6,
                    -4,
                    -9
                ],
                [
                    -3,
                    5,
                    10
                ],
                [
                    -8,
                    5,
                    -9
                ],
                [
                    3,
                    -6,
                    -4
                ],
                [
                    -7,
                    -9,
                    -6
                ],
                [
                    -3,
                    2,
                    -4
                ],
                [
                    7,
                    6,
                    4
                ],
                [
                    -10,
                    2,
                    3
                ],
                [
                    -5,
                    -7,
                    10
                ],
                [
                    -2,
                    7,
                    8
                ],
                [
                    -6,
                    -1,
                    -2
                ],
                [
                    -9,
                    -1,
                    4
                ],
                [
                    9,
                    -8,
                    4
                ],
                [
                    9,
                    -5,
                    -8
                ],
                [
                    -7,
                    -6,
                    1
                ],
                [
                    -1,
                    4,
                    10
                ],
                [
                    -10,
                    9,
                    -5
                ],
                [
                    4,
                    -6,
                    3
                ],
                [
                    -1,
                    -9,
                    -6
                ],
                [
                    4,
                    8,
                    1
                ]
            ],
            "{   'fun': 0.95,\n    'jac': None,\n    'nfev': 70,\n    'nit': None,\n    'njev': None,\n    'x': array([0.85110339, 1.42888621, 1.82972342, 1.48464139, 2.919664  ,\n       2.34391869, 0.29319504, 2.518765  ])}",
            {
                "0111111000": 1,
                "0111111011": 1,
                "1000110100": 1,
                "0001010100": 1,
                "1101101100": 1,
                "0111001101": 1,
                "1101110001": 1,
                "0111001011": 1,
                "0111101100": 1,
                "0110001101": 1,
                "0111010001": 1,
                "0101000100": 1,
                "1001000101": 1,
                "0100101101": 1,
                "0101000101": 1,
                "0101100111": 1,
                "0001001011": 1,
                "1101111111": 1,
                "1100011011": 1,
                "0001101010": 1,
                "1010110110": 1,
                "0100001110": 1,
                "1100111010": 1,
                "1110111010": 1,
                "0100000001": 1,
                "0000011010": 1,
                "0100101000": 1,
                "0001010000": 1,
                "0110011110": 1,
                "0011101001": 1,
                "1101001110": 1,
                "1111000101": 1,
                "1001111010": 1,
                "0111111101": 1,
                "1011111000": 1,
                "1001010100": 1,
                "0000110000": 1,
                "1100001110": 1,
                "1000111010": 1,
                "1100111100": 1,
                "0101101111": 2,
                "0100110001": 1,
                "0111101000": 1,
                "0101011110": 1,
                "1101000010": 1,
                "0011001101": 1,
                "1010100100": 1,
                "0100111011": 1,
                "1000001101": 1,
                "0110101000": 1,
                "0011101010": 1,
                "1101001011": 1,
                "0111110010": 1,
                "1011000110": 1,
                "1100111001": 1,
                "1110011011": 1,
                "1111001001": 1,
                "0000001110": 1,
                "1111011111": 1,
                "0011001010": 1,
                "1010100110": 1,
                "1011001110": 1,
                "1101100111": 1,
                "1000010101": 1,
                "1100100001": 1,
                "0110101111": 1,
                "1000001100": 1,
                "1101010101": 1,
                "0100000101": 1,
                "1011111100": 1,
                "1000011001": 2,
                "0000001011": 1,
                "1111000000": 1,
                "1001110101": 1,
                "1111000001": 1,
                "0001111010": 1,
                "1110000111": 1,
                "0010000011": 1,
                "1000101100": 1,
                "1111100111": 1,
                "1100001100": 1,
                "1100101101": 1,
                "1011110011": 1,
                "1010011111": 1,
                "1100100011": 1,
                "1010001111": 1,
                "1010011001": 1,
                "1010111101": 1,
                "1000010111": 1,
                "1110110110": 1,
                "0110100011": 1,
                "1101110101": 1,
                "0101001000": 1,
                "0101111010": 1,
                "1110110111": 1,
                "1111001100": 1,
                "0111110001": 1,
                "1010101110": 1
            },
            true,
            0.85
        ],
        [
            [
                [
                    -1,
                    -5,
                    -9
                ],
                [
                    -5,
                    -1,
                    -2
                ],
                [
                    -8,
                    9,
                    -3
                ],
                [
                    -8,
                    3,
                    -9
                ],
                [
                    5,
                    6,
                    -10
                ],
                [
                    -3,
                    8,
                    -2
                ],
                [
                    -2,
                    -6,
                    -4
                ],
                [
                    7,
                    -10,
                    1
                ],
                [
                    10,
                    -2,
                    -6
                ],
                [
                    7,
                    -1,
                    2
                ],
                [
                    9,
                    6,
                    -10
                ],
                [
                    5,
                    -2,
                    10
                ],
                [
                    7,
                    -10,
                    9
                ],
                [
                    -7,
                    5,
                    -4
                ],
                [
                    -4,
                    -3,
                    -9
                ],
                [
                    -1,
                    6,
                    -3
                ],
                [
                    -5,
                    -8,
                    9
                ],
                [
                    6,
                    3,
                    9
                ],
                [
                    8,
                    -7,
                    5
                ],
                [
                    -3,
                    1,
                    6
                ],
                [
                    8,
                    9,
                    2
                ],
                [
                    1,
                    6,
                    2
                ],
                [
                    5,
                    -10,
                    2
                ],
                [
                    -7,
                    5,
                    -8
                ],
                [
                    -10,
                    5,
                    8
                ],
                [
                    10,
                    -6,
                    1
                ],
                [
                    -7,
                    -6,
                    -4
                ],
                [
                    -8,
                    5,
                    10
                ],
                [
                    -4,
                    7,
                    -6
                ],
                [
                    -10,
                    -5,
                    2
                ],
                [
                    -5,
                    2,
                    -10
                ],
                [
                    -3,
                    -2,
                    -4
                ],
                [
                    1,
                    -8,
                    5
                ],
                [
                    8,
                    -6,
                    -2
                ],
                [
                    -8,
                    3,
                    -4
                ],
                [
                    -8,
                    -1,
                    -9
                ],
                [
                    -2,
                    -10,
                    8
                ],
                [
                    9,
                    1,
                    7
                ],
                [
                    4,
                    -8,
                    -1
                ],
                [
                    -4,
                    9,
                    6
                ],
                [
                    -10,
                    -8,
                    6
                ],
                [
                    5,
                    3,
                    7
                ],
                [
                    7,
                    9,
                    3
                ],
                [
                    4,
                    -2,
                    6
                ],
                [
                    2,
                    8,
                    -7
                ]
            ],
            "{   'fun': 0.81,\n    'jac': None,\n    'nfev': 86,\n    'nit': None,\n    'njev': None,\n    'x': array([ 0.35157716,  1.43054071,  2.10323024,  3.43625432,  2.41596155,\n        0.7504686 , -0.21370426,  2.60932122])}",
            {
                "1111011001": 1,
                "0001111101": 1,
                "1101111010": 1,
                "1011001111": 1,
                "1110011010": 1,
                "0110010100": 1,
                "1100001011": 1,
                "0010001110": 1,
                "0111011010": 1,
                "0110100001": 1,
                "1100110010": 1,
                "0101101100": 1,
                "1100110110": 1,
                "0111111010": 1,
                "1111110111": 1,
                "0011111100": 1,
                "0100100111": 1,
                "0001011001": 1,
                "1111011010": 1,
                "0100010100": 1,
                "0110000110": 1,
                "0111000010": 1,
                "1010000011": 1,
                "0011001101": 1,
                "1001101010": 1,
                "0011110101": 1,
                "0101110001": 1,
                "0011000001": 1,
                "1010001001": 1,
                "0010100101": 1,
                "0100011010": 4,
                "0111010011": 1,
                "0111101000": 1,
                "0100010001": 1,
                "0101001110": 1,
                "1000001001": 1,
                "0101101111": 1,
                "1000101011": 1,
                "1110001100": 1,
                "1110100001": 1,
                "1001000100": 1,
                "0001010010": 2,
                "1000101000": 1,
                "1001111000": 1,
                "0011101100": 1,
                "0001010101": 1,
                "1000101110": 1,
                "0111001111": 1,
                "1111110110": 6,
                "1110110010": 1,
                "1011111111": 1,
                "1011000111": 1,
                "0101011010": 6,
                "0000001011": 1,
                "1111100001": 1,
                "1010111000": 1,
                "0110010101": 1,
                "0001110000": 1,
                "1100111101": 1,
                "0101010010": 1,
                "0111010110": 1,
                "1011110101": 1,
                "0001101100": 1,
                "1110001010": 1,
                "1000000001": 1,
                "1111010000": 1,
                "1011100110": 1,
                "1010101001": 1,
                "0110001000": 1,
                "1010000000": 1,
                "1011100100": 1,
                "1001110000": 1,
                "0101011101": 1,
                "0000011010": 1,
                "1010110110": 1,
                "1111111101": 1,
                "1100111100": 1,
                "0000011011": 1,
                "0110011111": 2,
                "1100101011": 1,
                "0010110010": 1,
                "0000100001": 1,
                "1100110000": 1,
                "1001100001": 1,
                "0101101101": 1
            },
            true,
            0.74
        ],
        [
            [
                [
                    6,
                    -8,
                    -5
                ],
                [
                    2,
                    9,
                    8
                ],
                [
                    5,
                    3,
                    7
                ],
                [
                    7,
                    2,
                    -3
                ],
                [
                    7,
                    8,
                    -6
                ],
                [
                    2,
                    10,
                    -9
                ],
                [
                    -9,
                    5,
                    -6
                ],
                [
                    9,
                    7,
                    -5
                ],
                [
                    10,
                    7,
                    2
                ],
                [
                    -1,
                    -6,
                    3
                ],
                [
                    -4,
                    6,
                    3
                ],
                [
                    10,
                    8,
                    3
                ],
                [
                    -9,
                    3,
                    -7
                ],
                [
                    -9,
                    -2,
                    -1
                ],
                [
                    3,
                    10,
                    5
                ],
                [
                    -4,
                    1,
                    6
                ],
                [
                    10,
                    1,
                    -3
                ],
                [
                    7,
                    2,
                    -8
                ],
                [
                    -1,
                    -3,
                    10
                ],
                [
                    7,
                    10,
                    8
                ],
                [
                    -1,
                    -8,
                    4
                ],
                [
                    -3,
                    4,
                    -7
                ],
                [
                    -5,
                    8,
                    10
                ],
                [
                    -1,
                    -3,
                    -6
                ],
                [
                    -6,
                    3,
                    -4
                ],
                [
                    -2,
                    -3,
                    1
                ],
                [
                    2,
                    -4,
                    -1
                ],
                [
                    6,
                    10,
                    -2
                ],
                [
                    -6,
                    -4,
                    7
                ],
                [
                    2,
                    -10,
                    1
                ],
                [
                    -1,
                    -10,
                    -2
                ],
                [
                    -5,
                    -4,
                    3
                ],
                [
                    -5,
                    8,
                    -6
                ],
                [
                    -4,
                    -6,
                    2
                ],
                [
                    -8,
                    9,
                    4
                ],
                [
                    -1,
                    -10,
                    -7
                ],
                [
                    -6,
                    2,
                    -10
                ],
                [
                    9,
                    -4,
                    5
                ],
                [
                    10,
                    -3,
                    4
                ],
                [
                    -2,
                    -5,
                    4
                ],
                [
                    -6,
                    2,
                    -5
                ],
                [
                    9,
                    10,
                    -4
                ],
                [
                    -2,
                    9,
                    5
                ],
                [
                    -5,
                    8,
                    -9
                ],
                [
                    -4,
                    5,
                    2
                ]
            ],
            "{   'fun': 1.0,\n    'jac': None,\n    'nfev': 49,\n    'nit': None,\n    'njev': None,\n    'x': array([0.95026772, 0.70933052, 0.00994924, 0.905914  , 0.66833623,\n       1.73906996, 1.05155558, 1.65103271])}",
            {
                "0110110000": 1,
                "1010101111": 1,
                "1110011101": 1,
                "1111101000": 1,
                "0001111011": 1,
                "0111010001": 1,
                "1000100111": 1,
                "1011000110": 1,
                "0001001101": 1,
                "0010001001": 1,
                "0100101111": 1,
                "1111100100": 1,
                "0011100101": 1,
                "0001100000": 1,
                "1011010101": 1,
                "1000000111": 1,
                "1001011110": 1,
                "1000101001": 1,
                "0001100011": 1,
                "0111100100": 1,
                "1010010111": 1,
                "0010010101": 1,
                "0011001011": 1,
                "0100000100": 1,
                "1001100011": 1,
                "0100110110": 1,
                "1100111101": 1,
                "1101011011": 1,
                "1111100110": 1,
                "1010000000": 1,
                "1101000000": 1,
                "1100100011": 1,
                "1100010000": 1,
                "0010110001": 1,
                "0101010001": 1,
                "0010101111": 1,
                "0111000110": 1,
                "1010101010": 1,
                "1111010110": 1,
                "1100110101": 1,
                "1111000011": 1,
                "0011100001": 1,
                "0111011111": 1,
                "1100110010": 1,
                "1010000101": 1,
                "1000010100": 1,
                "0011111110": 1,
                "0100010111": 1,
                "1010010000": 1,
                "0010100101": 1,
                "1001110011": 1,
                "1001110010": 1,
                "0100001101": 1,
                "0101001000": 1,
                "1111011000": 1,
                "1100001010": 1,
                "1010001001": 1,
                "1010011101": 1,
                "1110111000": 1,
                "1011101101": 1,
                "1001000010": 1,
                "1000100010": 1,
                "1110111001": 1,
                "0001111000": 1,
                "0111001111": 1,
                "0011001110": 1,
                "0001101111": 1,
                "0111001000": 1,
                "1001111101": 1,
                "0111010011": 1,
                "1000101111": 1,
                "1011100000": 1,
                "1100000010": 1,
                "1001110000": 1,
                "1000011000": 2,
                "0010011111": 1,
                "0110000101": 1,
                "0111101100": 1,
                "0101100111": 1,
                "1001000011": 1,
                "0111100011": 1,
                "0011010000": 1,
                "0111111100": 2,
                "1101000111": 1,
                "1110111111": 1,
                "1111000000": 1,
                "1011100101": 1,
                "0010111001": 1,
                "1011011101": 1,
                "1100010110": 1,
                "1110100101": 2,
                "0000010100": 1,
                "0110010010": 1,
                "0101000101": 1,
                "0111010000": 1,
                "1101001010": 1,
                "1010110010": 1
            },
            false,
            1.0
        ]
    ]
}