{
    "n": 10,
    "m": 45,
    "results": [
        [
            [
                [
                    8,
                    -1,
                    5
                ],
                [
                    7,
                    -8,
                    -9
                ],
                [
                    -2,
                    8,
                    4
                ],
                [
                    -2,
                    6,
                    8
                ],
                [
                    9,
                    -10,
                    -7
                ],
                [
                    5,
                    -9,
                    -3
                ],
                [
                    9,
                    -10,
                    -4
                ],
                [
                    -10,
                    -7,
                    -6
                ],
                [
                    2,
                    -9,
                    5
                ],
                [
                    -5,
                    10,
                    -7
                ],
                [
                    6,
                    -2,
                    4
                ],
                [
                    -10,
                    -9,
                    -7
                ],
                [
                    9,
                    -5,
                    1
                ],
                [
                    -10,
                    -7,
                    9
                ],
                [
                    10,
                    -9,
                    3
                ],
                [
                    6,
                    1,
                    -3
                ],
                [
                    -9,
                    -1,
                    -8
                ],
                [
                    -9,
                    -5,
                    3
                ],
                [
                    -3,
                    9,
                    8
                ],
                [
                    7,
                    -5,
                    1
                ],
                [
                    3,
                    9,
                    7
                ],
                [
                    -7,
                    8,
                    -9
                ],
                [
                    4,
                    9,
                    -2
                ],
                [
                    3,
                    -8,
                    -9
                ],
                [
                    -2,
                    -9,
                    8
                ],
                [
                    -2,
                    3,
                    -10
                ],
                [
                    -6,
                    1,
                    3
                ],
                [
                    3,
                    6,
                    -8
                ],
                [
                    -2,
                    5,
                    1
                ],
                [
                    3,
                    4,
                    7
                ],
                [
                    -3,
                    1,
                    -5
                ],
                [
                    2,
                    -10,
                    -7
                ],
                [
                    2,
                    -7,
                    4
                ],
                [
                    9,
                    5,
                    -4
                ],
                [
                    -4,
                    6,
                    7
                ],
                [
                    4,
                    -8,
                    -6
                ],
                [
                    -8,
                    -2,
                    1
                ],
                [
                    5,
                    -6,
                    8
                ],
                [
                    5,
                    -8,
                    1
                ],
                [
                    7,
                    5,
                    2
                ],
                [
                    -9,
                    4,
                    -10
                ],
                [
                    -7,
                    10,
                    -1
                ],
                [
                    -3,
                    9,
                    -2
                ],
                [
                    10,
                    9,
                    3
                ],
                [
                    -3,
                    -10,
                    6
                ]
            ],
            "{   'fun': 0.73,\n    'jac': None,\n    'nfev': 72,\n    'nit': None,\n    'njev': None,\n    'x': array([2.53676392, 2.61213085, 1.94688705, 0.37403675, 2.25544744,\n       2.2048385 , 1.79686895, 3.62624312])}",
            {
                "0100001100": 1,
                "1100110100": 1,
                "0000010110": 1,
                "0000100100": 1,
                "1110110000": 1,
                "1010110110": 1,
                "1110111010": 1,
                "0111000011": 1,
                "0111100010": 1,
                "0111101000": 2,
                "0000000111": 1,
                "0100111101": 11,
                "1101000110": 1,
                "0011110010": 1,
                "0010010101": 4,
                "1011101010": 1,
                "1000100100": 1,
                "0101111111": 1,
                "0010111101": 8,
                "0111010011": 1,
                "1101001110": 1,
                "0100110101": 3,
                "0101011101": 1,
                "0110100110": 1,
                "0010010000": 1,
                "0111011001": 1,
                "1110111100": 1,
                "0111101001": 1,
                "1010101101": 1,
                "1100111101": 9,
                "0100001000": 1,
                "0100000101": 1,
                "1101100000": 1,
                "1011011100": 1,
                "1110111111": 1,
                "1000100110": 1,
                "0100111010": 1,
                "1110100100": 1,
                "0001011010": 1,
                "0101001111": 1,
                "0100010101": 6,
                "0010000101": 1,
                "1101011010": 1,
                "0011010110": 1,
                "0011011011": 1,
                "1010110010": 1,
                "1001001101": 1,
                "1001110010": 1,
                "1001110011": 1,
                "0110110111": 1,
                "0100010000": 1,
                "0010111001": 1,
                "1001110001": 1,
                "0111111101": 1,
                "1100001101": 1,
                "0011110000": 1,
                "0011111010": 1,
                "0001010001": 1,
                "1001111001": 1,
                "0000000010": 1,
                "1010001011": 1,
                "1100111010": 1,
                "0100001110": 1,
                "0000100111": 1
            },
            true,
            0.52
        ],
        [
            [
                [
                    -6,
                    -5,
                    -4
                ],
                [
                    1,
                    -7,
                    -8
                ],
                [
                    -4,
                    5,
                    3
                ],
                [
                    3,
                    -4,
                    2
                ],
                [
                    7,
                    5,
                    10
                ],
                [
                    -6,
                    -9,
                    -7
                ],
                [
                    10,
                    -2,
                    3
                ],
                [
                    -6,
                    -8,
                    1
                ],
                [
                    6,
                    -3,
                    -1
                ],
                [
                    3,
                    -9,
                    -4
                ],
                [
                    -8,
                    3,
                    -4
                ],
                [
                    -3,
                    8,
                    -10
                ],
                [
                    -7,
                    2,
                    1
                ],
                [
                    -6,
                    -8,
                    3
                ],
                [
                    6,
                    8,
                    -9
                ],
                [
                    -6,
                    -8,
                    2
                ],
                [
                    1,
                    4,
                    6
                ],
                [
                    6,
                    10,
                    8
                ],
                [
                    1,
                    -10,
                    8
                ],
                [
                    9,
                    5,
                    -8
                ],
                [
                    -9,
                    10,
                    1
                ],
                [
                    7,
                    -3,
                    2
                ],
                [
                    2,
                    -7,
                    -8
                ],
                [
                    5,
                    -6,
                    -1
                ],
                [
                    5,
                    -1,
                    -4
                ],
                [
                    7,
                    4,
                    -10
                ],
                [
                    -6,
                    8,
                    4
                ],
                [
                    -4,
                    -9,
                    10
                ],
                [
                    -7,
                    5,
                    3
                ],
                [
                    4,
                    6,
                    -3
                ],
                [
                    5,
                    -2,
                    1
                ],
                [
                    -6,
                    -9,
                    -10
                ],
                [
                    5,
                    -4,
                    -6
                ],
                [
                    -7,
                    6,
                    -1
                ],
                [
                    -5,
                    2,
                    -7
                ],
                [
                    -9,
                    -5,
                    -6
                ],
                [
                    3,
                    6,
                    1
                ],
                [
                    -6,
                    -8,
                    -1
                ],
                [
                    -7,
                    -5,
                    -9
                ],
                [
                    5,
                    4,
                    3
                ],
                [
                    2,
                    1,
                    -6
                ],
                [
                    -3,
                    -2,
                    8
                ],
                [
                    9,
                    -8,
                    7
                ],
                [
                    -6,
                    5,
                    1
                ],
                [
                    -4,
                    -7,
                    -5
                ]
            ],
            "{   'fun': 0.83,\n    'jac': None,\n    'nfev': 70,\n    'nit': None,\n    'njev': None,\n    'x': array([ 1.65015849,  2.31524553,  2.77875175, -0.35054191,  2.25350087,\n        2.81735072,  1.90244473,  1.88682461])}",
            {
                "1011001111": 1,
                "0100010000": 1,
                "0000010011": 1,
                "0110111001": 1,
                "1011111011": 1,
                "0010100100": 1,
                "1011111100": 1,
                "1100111000": 1,
                "1000001100": 1,
                "1111010011": 1,
                "0110100011": 1,
                "0110100110": 1,
                "0001111100": 1,
                "1101001000": 1,
                "0110100101": 1,
                "0110110010": 1,
                "1111100110": 1,
                "0110000001": 1,
                "0000101100": 1,
                "1010110111": 1,
                "0001010000": 1,
                "1011011010": 1,
                "0110101101": 1,
                "1110011110": 9,
                "1001101111": 2,
                "1100101010": 1,
                "1101010010": 1,
                "1000100001": 1,
                "1011110110": 1,
                "0100001001": 1,
                "0101000001": 1,
                "0111110010": 1,
                "0011111011": 1,
                "1101000010": 1,
                "0001011010": 1,
                "1000111010": 1,
                "1000011011": 4,
                "0100110000": 1,
                "0100010110": 1,
                "1010101000": 1,
                "1101101001": 1,
                "1100100100": 1,
                "0010000110": 1,
                "0111011001": 1,
                "1011101010": 1,
                "0110010001": 5,
                "0000001011": 1,
                "1111000110": 1,
                "1100000001": 1,
                "1001100110": 1,
                "1110000110": 1,
                "0101100100": 1,
                "0100111001": 1,
                "0110011000": 1,
                "0000010110": 1,
                "0001001100": 1,
                "0010101010": 1,
                "0001111001": 1,
                "1111111011": 1,
                "1110011001": 1,
                "0111000011": 1,
                "1000001011": 1,
                "1001111111": 1,
                "1101111010": 1,
                "1110101001": 1,
                "0101000000": 2,
                "1000011010": 1,
                "0101111110": 1,
                "1101010011": 1,
                "0010110101": 1,
                "0000000011": 1,
                "0001001010": 1,
                "0110110111": 2,
                "1001111001": 1,
                "1100110101": 1,
                "1001000111": 1,
                "0110001010": 1,
                "0101100000": 1,
                "0010101100": 1,
                "1010101011": 1,
                "0000101110": 1,
                "1011011111": 1
            },
            true,
            0.72
        ],
        [
            [
                [
                    1,
                    6,
                    10
                ],
                [
                    5,
                    -10,
                    7
                ],
                [
                    7,
                    -2,
                    3
                ],
                [
                    5,
                    6,
                    -3
                ],
                [
                    6,
                    8,
                    -5
                ],
                [
                    -3,
                    -2,
                    1
                ],
                [
                    4,
                    2,
                    10
                ],
                [
                    6,
                    -3,
                    -9
                ],
                [
                    -4,
                    -2,
                    -8
                ],
                [
                    9,
                    4,
                    3
                ],
                [
                    -2,
                    1,
                    -8
                ],
                [
                    7,
                    -4,
                    10
                ],
                [
                    2,
                    4,
                    7
                ],
                [
                    10,
                    5,
                    -2
                ],
                [
                    1,
                    -9,
                    4
                ],
                [
                    -9,
                    -1,
                    -3
                ],
                [
                    6,
                    4,
                    -7
                ],
                [
                    -1,
                    -9,
                    -7
                ],
                [
                    -4,
                    3,
                    6
                ],
                [
                    3,
                    -4,
                    -9
                ],
                [
                    6,
                    -1,
                    -2
                ],
                [
                    -3,
                    10,
                    5
                ],
                [
                    -6,
                    -10,
                    5
                ],
                [
                    8,
                    2,
                    -9
                ],
                [
                    -2,
                    10,
                    -5
                ],
                [
                    3,
                    8,
                    -5
                ],
                [
                    -6,
                    -4,
                    1
                ],
                [
                    -1,
                    4,
                    3
                ],
                [
                    4,
                    -1,
                    10
                ],
                [
                    10,
                    -3,
                    -6
                ],
                [
                    -7,
                    5,
                    3
                ],
                [
                    6,
                    -2,
                    5
                ],
                [
                    -6,
                    -10,
                    -4
                ],
                [
                    -9,
                    -3,
                    -1
                ],
                [
                    -1,
                    3,
                    4
                ],
                [
                    -8,
                    6,
                    10
                ],
                [
                    -2,
                    -1,
                    8
                ],
                [
                    3,
                    10,
                    4
                ],
                [
                    4,
                    5,
                    3
                ],
                [
                    7,
                    -10,
                    -6
                ],
                [
                    -3,
                    7,
                    9
                ],
                [
                    7,
                    -9,
                    4
                ],
                [
                    -5,
                    -7,
                    8
                ],
                [
                    5,
                    7,
                    1
                ],
                [
                    10,
                    -1,
                    3
                ]
            ],
            "{   'fun': 0.94,\n    'jac': None,\n    'nfev': 74,\n    'nit': None,\n    'njev': None,\n    'x': array([0.84742139, 1.43580327, 1.83125917, 1.48668044, 2.92797119,\n       3.34537529, 1.30326619, 2.51766385])}",
            {
                "1010010100": 1,
                "0000010011": 1,
                "0110101000": 1,
                "1111010111": 1,
                "1000100100": 1,
                "0000000011": 1,
                "0111101101": 1,
                "0100011111": 1,
                "0101100110": 1,
                "0001101101": 1,
                "0000001101": 1,
                "0101010100": 1,
                "1111100100": 1,
                "1010010001": 1,
                "0111100110": 1,
                "1000000111": 1,
                "1010001100": 1,
                "1101001111": 1,
                "1110110010": 1,
                "1111111010": 1,
                "1001111011": 1,
                "0101111111": 1,
                "1100111011": 1,
                "0100101010": 1,
                "0110001011": 1,
                "1111100011": 1,
                "1011111000": 1,
                "0011000000": 1,
                "0111110001": 1,
                "0111000010": 1,
                "1110000001": 1,
                "0011011100": 1,
                "0101111011": 1,
                "1000100000": 1,
                "1000110101": 1,
                "1001011011": 1,
                "0011110010": 1,
                "0111010011": 1,
                "1001000111": 2,
                "0010010011": 1,
                "1100110110": 1,
                "1000000100": 1,
                "0111101011": 1,
                "1010110101": 1,
                "0000111001": 1,
                "0011011011": 1,
                "1101011101": 1,
                "1111110010": 1,
                "1100010000": 1,
                "0100010101": 1,
                "1011110011": 1,
                "0011111101": 1,
                "1011000011": 1,
                "1101010101": 1,
                "0001110110": 1,
                "1110010001": 1,
                "0101000111": 1,
                "0001101100": 1,
                "1011110101": 2,
                "0110111100": 1,
                "1101001101": 1,
                "1111101100": 1,
                "1100001000": 1,
                "0110010110": 1,
                "0011011010": 1,
                "1100101100": 1,
                "0000010001": 2,
                "0101000101": 1,
                "1110011010": 1,
                "1101110010": 1,
                "1010111111": 1,
                "0101101110": 1,
                "0010100111": 1,
                "0010100001": 1,
                "1100101111": 1,
                "1011110100": 2,
                "0111000101": 1,
                "0101100010": 1,
                "1100110011": 1,
                "0010111010": 1,
                "1111110001": 1,
                "1100101110": 1,
                "1011110111": 2,
                "0001111110": 1,
                "0110001101": 1,
                "1001101001": 1,
                "1000011010": 1,
                "1011100000": 1,
                "0100000110": 1,
                "1010101010": 1,
                "1000110010": 1,
                "1011011100": 2,
                "1000110001": 1,
                "0111101110": 1
            },
            true,
            0.83
        ],
        [
            [
                [
                    -5,
                    2,
                    10
                ],
                [
                    -2,
                    -1,
                    -4
                ],
                [
                    1,
                    8,
                    4
                ],
                [
                    -1,
                    -10,
                    4
                ],
                [
                    2,
                    -9,
                    6
                ],
                [
                    6,
                    -7,
                    4
                ],
                [
                    3,
                    9,
                    -7
                ],
                [
                    7,
                    5,
                    4
                ],
                [
                    -5,
                    -10,
                    -7
                ],
                [
                    -9,
                    10,
                    2
                ],
                [
                    10,
                    4,
                    7
                ],
                [
                    5,
                    10,
                    4
                ],
                [
                    -5,
                    3,
                    -9
                ],
                [
                    6,
                    4,
                    -10
                ],
                [
                    -3,
                    7,
                    -4
                ],
                [
                    2,
                    -8,
                    9
                ],
                [
                    -7,
                    -1,
                    -3
                ],
                [
                    9,
                    1,
                    -5
                ],
                [
                    1,
                    7,
                    -2
                ],
                [
                    9,
                    -3,
                    2
                ],
                [
                    6,
                    10,
                    2
                ],
                [
                    9,
                    4,
                    2
                ],
                [
                    -8,
                    -6,
                    7
                ],
                [
                    -2,
                    9,
                    3
                ],
                [
                    -4,
                    -3,
                    -1
                ],
                [
                    10,
                    3,
                    -5
                ],
                [
                    1,
                    -10,
                    4
                ],
                [
                    6,
                    -10,
                    7
                ],
                [
                    10,
                    3,
                    -5
                ],
                [
                    -7,
                    -1,
                    -10
                ],
                [
                    -9,
                    -7,
                    -8
                ],
                [
                    3,
                    6,
                    -2
                ],
                [
                    7,
                    -9,
                    1
                ],
                [
                    -8,
                    3,
                    9
                ],
                [
                    -8,
                    -3,
                    -10
                ],
                [
                    1,
                    -5,
                    4
                ],
                [
                    -9,
                    4,
                    -5
                ],
                [
                    -7,
                    -6,
                    -10
                ],
                [
                    -4,
                    -3,
                    -5
                ],
                [
                    9,
                    -6,
                    -8
                ],
                [
                    -4,
                    10,
                    -6
                ],
                [
                    10,
                    5,
                    -8
                ],
                [
                    -5,
                    -9,
                    -7
                ],
                [
                    -4,
                    -5,
                    -6
                ],
                [
                    7,
                    8,
                    3
                ]
            ],
            "{   'fun': 0.92,\n    'jac': None,\n    'nfev': 68,\n    'nit': None,\n    'njev': None,\n    'x': array([1.48181943, 2.82545589, 3.12551058, 2.00175433, 2.51643816,\n       1.49495215, 0.65043684, 0.58155492])}",
            {
                "0101001100": 1,
                "0101000110": 1,
                "1011110010": 1,
                "0000111011": 1,
                "0011100101": 1,
                "0010011111": 1,
                "0100011100": 1,
                "1010011111": 1,
                "0011100111": 1,
                "0101111111": 1,
                "0011111000": 1,
                "0101111000": 1,
                "0010010001": 1,
                "1000001011": 1,
                "0011101011": 1,
                "1111101010": 1,
                "1010001000": 1,
                "0011011011": 1,
                "1010010111": 1,
                "1000100010": 1,
                "1110100110": 1,
                "0001111001": 1,
                "0000111111": 1,
                "1111001001": 1,
                "1111010001": 1,
                "1110010111": 1,
                "1111001111": 1,
                "1101111100": 1,
                "1001101000": 1,
                "0000111110": 2,
                "1001110000": 1,
                "0101001001": 1,
                "1010010010": 1,
                "1010001100": 1,
                "1101001110": 1,
                "1111010011": 1,
                "0110101111": 2,
                "0011011000": 1,
                "0001110100": 1,
                "0001100101": 1,
                "0010110101": 1,
                "1010100010": 1,
                "1001011000": 1,
                "0001000010": 1,
                "0001101010": 1,
                "0110001111": 1,
                "1110001000": 1,
                "0111100111": 1,
                "0110101110": 1,
                "1000010011": 1,
                "1101101010": 1,
                "1100100010": 1,
                "0011110111": 1,
                "1001001110": 6,
                "1110110010": 1,
                "0001100000": 1,
                "0110101001": 1,
                "0001100100": 1,
                "1000100001": 1,
                "0000101000": 1,
                "0111000101": 1,
                "1001101010": 1,
                "0101000101": 1,
                "0000101111": 1,
                "0001110010": 1,
                "0011011111": 1,
                "0011100010": 2,
                "0110011011": 1,
                "1000101010": 1,
                "0000110011": 1,
                "0001001110": 2,
                "0100011010": 1,
                "1100000110": 1,
                "0011111001": 1,
                "0101001010": 1,
                "1000010001": 1,
                "1100000001": 1,
                "0001110000": 1,
                "0010001100": 1,
                "0000011010": 1,
                "1111000010": 1,
                "0110101010": 1,
                "0100001100": 1,
                "1111111101": 1,
                "1010110110": 1,
                "1101100111": 1,
                "0001011111": 1,
                "1001111101": 1,
                "1011111111": 1,
                "0001011110": 2
            },
            true,
            0.82
        ],
        [
            [
                [
                    -2,
                    1,
                    6
                ],
                [
                    -5,
                    -9,
                    3
                ],
                [
                    -9,
                    3,
                    4
                ],
                [
                    7,
                    8,
                    -4
                ],
                [
                    -2,
                    -8,
                    -10
                ],
                [
                    -2,
                    4,
                    -7
                ],
                [
                    -2,
                    6,
                    9
                ],
                [
                    -1,
                    -7,
                    -10
                ],
                [
                    -5,
                    -10,
                    8
                ],
                [
                    10,
                    9,
                    5
                ],
                [
                    6,
                    -8,
                    2
                ],
                [
                    7,
                    -8,
                    2
                ],
                [
                    -8,
                    -10,
                    9
                ],
                [
                    -3,
                    9,
                    -7
                ],
                [
                    -8,
                    2,
                    -9
                ],
                [
                    -8,
                    -5,
                    -9
                ],
                [
                    6,
                    -5,
                    10
                ],
                [
                    6,
                    -8,
                    5
                ],
                [
                    2,
                    5,
                    -4
                ],
                [
                    -9,
                    -6,
                    1
                ],
                [
                    6,
                    -10,
                    -3
                ],
                [
                    10,
                    1,
                    -3
                ],
                [
                    -8,
                    2,
                    -5
                ],
                [
                    -7,
                    -4,
                    3
                ],
                [
                    5,
                    -8,
                    -2
                ],
                [
                    3,
                    1,
                    5
                ],
                [
                    2,
                    -1,
                    8
                ],
                [
                    5,
                    4,
                    3
                ],
                [
                    -1,
                    -8,
                    -9
                ],
                [
                    7,
                    4,
                    -3
                ],
                [
                    9,
                    6,
                    -3
                ],
                [
                    -4,
                    -9,
                    3
                ],
                [
                    -3,
                    -7,
                    -2
                ],
                [
                    1,
                    5,
                    9
                ],
                [
                    6,
                    -5,
                    -10
                ],
                [
                    -4,
                    10,
                    -3
                ],
                [
                    2,
                    4,
                    -8
                ],
                [
                    3,
                    5,
                    10
                ],
                [
                    9,
                    3,
                    4
                ],
                [
                    5,
                    -10,
                    -3
                ],
                [
                    8,
                    -1,
                    -2
                ],
                [
                    2,
                    10,
                    -3
                ],
                [
                    3,
                    9,
                    -1
                ],
                [
                    3,
                    10,
                    -6
                ],
                [
                    3,
                    8,
                    7
                ]
            ],
            "{   'fun': 1.0,\n    'jac': None,\n    'nfev': 49,\n    'nit': None,\n    'njev': None,\n    'x': array([0.95026772, 0.70933052, 0.00994924, 0.905914  , 0.66833623,\n       1.73906996, 1.05155558, 1.65103271])}",
            {
                "1100011001": 1,
                "0001101000": 1,
                "1101111000": 1,
                "1000001011": 1,
                "1001000100": 1,
                "1001100101": 1,
                "0110010101": 1,
                "1001001011": 1,
                "1101001001": 1,
                "0010110011": 1,
                "1101100010": 1,
                "1001110010": 1,
                "0101101110": 1,
                "0000110110": 1,
                "0000011000": 1,
                "1010000001": 1,
                "1010110101": 1,
                "1111001001": 1,
                "1001011100": 1,
                "0110001101": 1,
                "0111010100": 1,
                "1010010110": 1,
                "1011110010": 1,
                "0101101000": 1,
                "0101001011": 1,
                "0101010100": 1,
                "0001011101": 1,
                "0111100101": 1,
                "1010011001": 1,
                "0111110001": 1,
                "1100111101": 1,
                "0011000011": 1,
                "0111001011": 1,
                "1101011100": 1,
                "0101110101": 1,
                "1100111011": 1,
                "0100111101": 1,
                "0110100000": 1,
                "1001010010": 1,
                "0110110101": 1,
                "0010101101": 1,
                "1101001110": 1,
                "0111100010": 1,
                "0101110111": 1,
                "0001000101": 1,
                "1011001100": 1,
                "1000010100": 1,
                "0111100001": 1,
                "1111101111": 1,
                "0001011110": 1,
                "0001000010": 1,
                "1111101001": 1,
                "1001001101": 1,
                "1111111111": 1,
                "0101101011": 1,
                "1000110110": 1,
                "1001000111": 1,
                "0011100111": 3,
                "0001001000": 1,
                "1100100100": 1,
                "1111011111": 1,
                "0101101111": 1,
                "1010011000": 1,
                "1011101100": 1,
                "1110110000": 1,
                "0100011111": 1,
                "1110010101": 1,
                "1100001111": 1,
                "1100100111": 1,
                "1000001001": 2,
                "0111001110": 2,
                "1011010100": 1,
                "0111100000": 1,
                "1011101001": 1,
                "1110111100": 1,
                "0001001001": 1,
                "1111111000": 1,
                "0000010010": 1,
                "0101011011": 1,
                "1011000101": 1,
                "1001001100": 1,
                "0100100010": 1,
                "0101001100": 1,
                "0111001001": 1,
                "0101000000": 1,
                "1101110011": 2,
                "0100000110": 1,
                "0001100001": 1,
                "0001101100": 1,
                "0010000001": 1,
                "1000101001": 1,
                "1110000100": 1,
                "1010011111": 1,
                "0110001100": 1,
                "0111110011": 1
            },
            false,
            1.0
        ]
    ]
}