{
    "n": 10,
    "m": 45,
    "results": [
        [
            [
                [
                    -4,
                    -2,
                    6
                ],
                [
                    4,
                    3,
                    -1
                ],
                [
                    -1,
                    -3,
                    -8
                ],
                [
                    6,
                    4,
                    10
                ],
                [
                    6,
                    2,
                    10
                ],
                [
                    -7,
                    -1,
                    -9
                ],
                [
                    -6,
                    10,
                    9
                ],
                [
                    1,
                    -10,
                    -6
                ],
                [
                    -5,
                    3,
                    -10
                ],
                [
                    1,
                    10,
                    -3
                ],
                [
                    10,
                    5,
                    9
                ],
                [
                    9,
                    5,
                    7
                ],
                [
                    6,
                    5,
                    1
                ],
                [
                    9,
                    7,
                    5
                ],
                [
                    5,
                    9,
                    -3
                ],
                [
                    -9,
                    -7,
                    -10
                ],
                [
                    -6,
                    -8,
                    -4
                ],
                [
                    -4,
                    -3,
                    2
                ],
                [
                    4,
                    6,
                    -3
                ],
                [
                    -2,
                    7,
                    -10
                ],
                [
                    4,
                    10,
                    9
                ],
                [
                    1,
                    -6,
                    -10
                ],
                [
                    -6,
                    2,
                    8
                ],
                [
                    -10,
                    9,
                    3
                ],
                [
                    5,
                    6,
                    -10
                ],
                [
                    -1,
                    -5,
                    -10
                ],
                [
                    3,
                    10,
                    1
                ],
                [
                    3,
                    -6,
                    4
                ],
                [
                    8,
                    5,
                    2
                ],
                [
                    7,
                    -9,
                    -4
                ],
                [
                    -1,
                    -4,
                    -9
                ],
                [
                    -10,
                    9,
                    -1
                ],
                [
                    -2,
                    -8,
                    7
                ],
                [
                    -4,
                    -9,
                    8
                ],
                [
                    -5,
                    -10,
                    3
                ],
                [
                    9,
                    5,
                    -10
                ],
                [
                    -10,
                    -4,
                    -8
                ],
                [
                    -8,
                    3,
                    9
                ],
                [
                    8,
                    -5,
                    -2
                ],
                [
                    -6,
                    -9,
                    2
                ],
                [
                    6,
                    4,
                    3
                ],
                [
                    5,
                    -8,
                    1
                ],
                [
                    -7,
                    1,
                    2
                ],
                [
                    6,
                    2,
                    -10
                ],
                [
                    -3,
                    5,
                    10
                ]
            ],
            "{   'fun': 1.0,\n    'jac': None,\n    'nfev': 49,\n    'nit': None,\n    'njev': None,\n    'x': array([2.5701968 , 2.63437836, 1.98367466, 0.48936482, 2.24505123,\n       1.05055914, 0.75198785, 2.768817  ])}",
            {
                "0010000011": 1,
                "1010100000": 1,
                "1001011000": 1,
                "1010010010": 1,
                "0010111111": 1,
                "1100110100": 1,
                "0010101110": 1,
                "1001011011": 1,
                "0010100110": 1,
                "0000011011": 1,
                "1111001000": 1,
                "1100110000": 1,
                "0000101000": 1,
                "0101111111": 1,
                "1011110110": 1,
                "1101011111": 1,
                "0100010011": 1,
                "0110001101": 1,
                "0010010110": 1,
                "1101000001": 2,
                "0011101100": 1,
                "1001101011": 1,
                "0011110001": 1,
                "1010011111": 1,
                "1100100101": 1,
                "1111111100": 1,
                "0110110001": 1,
                "0011110010": 1,
                "0001110000": 1,
                "1110010011": 1,
                "1000110111": 1,
                "1110001010": 1,
                "0011111001": 1,
                "0100000001": 1,
                "0100111000": 1,
                "0111101111": 1,
                "1001000011": 1,
                "1010111000": 1,
                "1111011000": 1,
                "0110010101": 1,
                "1011011001": 1,
                "0101111110": 1,
                "1010010011": 1,
                "1011001101": 1,
                "0100000100": 2,
                "0010010111": 1,
                "1010110101": 1,
                "0100000111": 1,
                "0010100010": 1,
                "0001011010": 2,
                "1011000110": 1,
                "1101000100": 1,
                "1110010100": 1,
                "0001001101": 1,
                "1011100001": 1,
                "1100001000": 1,
                "1011111101": 2,
                "0011011101": 1,
                "1110111011": 1,
                "1111001111": 1,
                "1010111110": 1,
                "0101001100": 1,
                "0101010000": 1,
                "0011101000": 1,
                "0010010000": 1,
                "0111001101": 1,
                "0111111000": 1,
                "1111011010": 1,
                "0111100100": 1,
                "0100000010": 1,
                "0100100101": 1,
                "1111010111": 2,
                "1110100001": 1,
                "0000100100": 1,
                "1110000001": 1,
                "1101110010": 2,
                "0010100000": 1,
                "0010011000": 1,
                "0001001010": 1,
                "1111010010": 1,
                "1000100010": 1,
                "1001100111": 2,
                "1100101001": 2,
                "1000010110": 1,
                "1100111010": 1,
                "1011010000": 1,
                "1111100010": 1,
                "0010100011": 1,
                "0011010001": 1,
                "0001101100": 1,
                "1010011010": 1,
                "0000110110": 1
            },
            false,
            1.0
        ],
        [
            [
                [
                    3,
                    5,
                    4
                ],
                [
                    2,
                    1,
                    7
                ],
                [
                    3,
                    1,
                    -7
                ],
                [
                    10,
                    9,
                    6
                ],
                [
                    -3,
                    -6,
                    -9
                ],
                [
                    6,
                    -8,
                    4
                ],
                [
                    5,
                    -6,
                    7
                ],
                [
                    8,
                    10,
                    3
                ],
                [
                    -2,
                    -9,
                    10
                ],
                [
                    -10,
                    -8,
                    -3
                ],
                [
                    -9,
                    3,
                    5
                ],
                [
                    9,
                    -10,
                    7
                ],
                [
                    -10,
                    -7,
                    2
                ],
                [
                    -6,
                    -8,
                    5
                ],
                [
                    -3,
                    -2,
                    1
                ],
                [
                    -2,
                    10,
                    -4
                ],
                [
                    -3,
                    8,
                    9
                ],
                [
                    3,
                    -5,
                    -8
                ],
                [
                    -6,
                    1,
                    8
                ],
                [
                    9,
                    -4,
                    -2
                ],
                [
                    -5,
                    2,
                    6
                ],
                [
                    -9,
                    -7,
                    -5
                ],
                [
                    -8,
                    10,
                    7
                ],
                [
                    -3,
                    -5,
                    7
                ],
                [
                    10,
                    6,
                    3
                ],
                [
                    6,
                    -5,
                    7
                ],
                [
                    -1,
                    9,
                    -8
                ],
                [
                    7,
                    2,
                    8
                ],
                [
                    7,
                    -2,
                    -6
                ],
                [
                    5,
                    -6,
                    7
                ],
                [
                    -10,
                    -7,
                    -4
                ],
                [
                    9,
                    -6,
                    3
                ],
                [
                    -9,
                    -7,
                    6
                ],
                [
                    9,
                    4,
                    10
                ],
                [
                    -4,
                    -5,
                    -9
                ],
                [
                    6,
                    -2,
                    10
                ],
                [
                    -9,
                    -1,
                    -3
                ],
                [
                    8,
                    -10,
                    3
                ],
                [
                    4,
                    -7,
                    -5
                ],
                [
                    4,
                    8,
                    -1
                ],
                [
                    -3,
                    8,
                    -10
                ],
                [
                    9,
                    -10,
                    -7
                ],
                [
                    -5,
                    -10,
                    -1
                ],
                [
                    -2,
                    -9,
                    -7
                ],
                [
                    10,
                    7,
                    6
                ]
            ],
            "{   'fun': 0.96,\n    'jac': None,\n    'nfev': 75,\n    'nit': None,\n    'njev': None,\n    'x': array([0.56801964, 0.7975174 , 3.79895262, 0.18644375, 3.77127783,\n       3.04770953, 2.25791597, 2.1993407 ])}",
            {
                "0110000000": 1,
                "0101011100": 1,
                "0000001001": 1,
                "0101111011": 1,
                "0100010001": 1,
                "0100111111": 1,
                "1011010001": 1,
                "1100010110": 1,
                "0010111001": 1,
                "0101010111": 1,
                "1001100110": 1,
                "0110111011": 1,
                "0110111010": 1,
                "1010111010": 1,
                "0111111110": 1,
                "1100001000": 1,
                "0111110000": 1,
                "1010111101": 1,
                "0100000111": 1,
                "0110001001": 1,
                "0000011110": 1,
                "1000111010": 1,
                "0011110111": 1,
                "1100000110": 1,
                "0000100001": 1,
                "1100010100": 1,
                "1011001110": 1,
                "1111110110": 1,
                "0110011100": 1,
                "1010101101": 1,
                "1100010010": 1,
                "0001000000": 1,
                "0101001111": 1,
                "0101110110": 1,
                "1011001010": 1,
                "0101111111": 1,
                "0100000101": 1,
                "1010010001": 1,
                "1001111110": 1,
                "0111010010": 1,
                "1011100110": 1,
                "1101011101": 1,
                "0100100010": 1,
                "0000001110": 1,
                "0011100100": 1,
                "0111110100": 1,
                "1010100010": 1,
                "1111000111": 1,
                "0111101000": 1,
                "1100001010": 1,
                "1111101001": 1,
                "0101101010": 1,
                "0111000001": 2,
                "1110011100": 1,
                "0110101110": 1,
                "0011111100": 3,
                "1111010000": 2,
                "0010011111": 1,
                "0110101101": 1,
                "1011011010": 1,
                "1110011110": 1,
                "0010010001": 1,
                "0011101010": 1,
                "0111110001": 1,
                "0010011001": 1,
                "1100011011": 1,
                "1110010001": 1,
                "0010110110": 1,
                "0110110001": 2,
                "1111111100": 1,
                "0101011000": 1,
                "1001011100": 1,
                "0010101000": 1,
                "1000000011": 1,
                "1001100100": 1,
                "0001011101": 1,
                "1000111110": 1,
                "0000011011": 1,
                "0010001010": 1,
                "1110000111": 1,
                "0101111110": 1,
                "0000111011": 1,
                "0010100110": 1,
                "0000000110": 1,
                "1101010010": 2,
                "0101011101": 1,
                "1111101000": 1,
                "1010100000": 1,
                "1010010101": 1,
                "0011110000": 1,
                "0111001000": 2,
                "1010011011": 1,
                "0010000111": 1
            },
            true,
            0.93
        ],
        [
            [
                [
                    -8,
                    3,
                    9
                ],
                [
                    10,
                    -1,
                    4
                ],
                [
                    -4,
                    -6,
                    9
                ],
                [
                    3,
                    -4,
                    -6
                ],
                [
                    -7,
                    1,
                    3
                ],
                [
                    -5,
                    3,
                    -2
                ],
                [
                    -2,
                    -10,
                    8
                ],
                [
                    -7,
                    3,
                    -10
                ],
                [
                    7,
                    -3,
                    10
                ],
                [
                    7,
                    -1,
                    -5
                ],
                [
                    9,
                    -7,
                    5
                ],
                [
                    6,
                    -1,
                    5
                ],
                [
                    -5,
                    6,
                    -3
                ],
                [
                    7,
                    -3,
                    1
                ],
                [
                    8,
                    -9,
                    6
                ],
                [
                    4,
                    -5,
                    -6
                ],
                [
                    -8,
                    -2,
                    -5
                ],
                [
                    9,
                    -8,
                    -2
                ],
                [
                    -6,
                    -1,
                    2
                ],
                [
                    10,
                    6,
                    -9
                ],
                [
                    7,
                    9,
                    -10
                ],
                [
                    8,
                    -5,
                    -2
                ],
                [
                    -5,
                    6,
                    -1
                ],
                [
                    1,
                    10,
                    -9
                ],
                [
                    2,
                    -8,
                    1
                ],
                [
                    2,
                    5,
                    -4
                ],
                [
                    -10,
                    9,
                    8
                ],
                [
                    -7,
                    5,
                    10
                ],
                [
                    -2,
                    7,
                    -4
                ],
                [
                    4,
                    2,
                    10
                ],
                [
                    -8,
                    1,
                    2
                ],
                [
                    5,
                    -7,
                    -6
                ],
                [
                    -5,
                    6,
                    -9
                ],
                [
                    -3,
                    -4,
                    -6
                ],
                [
                    1,
                    8,
                    -7
                ],
                [
                    4,
                    -3,
                    -1
                ],
                [
                    -10,
                    1,
                    6
                ],
                [
                    7,
                    -1,
                    8
                ],
                [
                    8,
                    6,
                    5
                ],
                [
                    -3,
                    9,
                    4
                ],
                [
                    -1,
                    6,
                    -2
                ],
                [
                    4,
                    9,
                    -10
                ],
                [
                    8,
                    -1,
                    3
                ],
                [
                    10,
                    -9,
                    5
                ],
                [
                    3,
                    7,
                    -10
                ]
            ],
            "{   'fun': 0.73,\n    'jac': None,\n    'nfev': 79,\n    'nit': None,\n    'njev': None,\n    'x': array([1.94164164, 3.36601722, 3.24918717, 2.95551867, 4.36499332,\n       4.01170192, 1.73835889, 2.29615251])}",
            {
                "1110011111": 1,
                "0001100001": 1,
                "1101010011": 1,
                "0100111100": 1,
                "0011100111": 1,
                "1000010001": 1,
                "1001110010": 1,
                "0000000100": 1,
                "1000100010": 1,
                "0011101101": 1,
                "0000010010": 1,
                "1101110010": 1,
                "0010100000": 1,
                "0110100111": 1,
                "0101001111": 1,
                "0111110101": 1,
                "0111100101": 1,
                "1001010100": 1,
                "0110011001": 1,
                "1110010100": 1,
                "0101101101": 1,
                "0000011000": 8,
                "0000111011": 1,
                "0011111000": 1,
                "1110010101": 1,
                "1011001111": 1,
                "0010001101": 1,
                "0001011100": 1,
                "0111100010": 1,
                "1100011010": 1,
                "0101110111": 1,
                "1000111001": 1,
                "1101001111": 1,
                "0000010110": 1,
                "0010111100": 1,
                "1001000011": 1,
                "0011100100": 1,
                "0000100010": 16,
                "1100111011": 1,
                "0010110011": 1,
                "0101011001": 1,
                "1101000101": 1,
                "1101101110": 1,
                "1101111001": 1,
                "0010000010": 1,
                "0001011001": 1,
                "1001111100": 1,
                "1001111011": 1,
                "0011010000": 1,
                "0001111101": 1,
                "1010001111": 1,
                "1010111011": 1,
                "1111000111": 1,
                "1010010011": 1,
                "1000011010": 1,
                "0111110000": 1,
                "1101110101": 1,
                "0101110000": 1,
                "0001110111": 2,
                "1100110110": 1,
                "1111111100": 1,
                "1100111000": 1,
                "0100111011": 1,
                "1000000011": 1,
                "0001011101": 1,
                "1001000110": 1,
                "0110101110": 1,
                "1111111110": 1,
                "0001110101": 1,
                "1111100001": 1,
                "1110010010": 1,
                "1000011001": 1,
                "1010111001": 1,
                "0011000000": 1,
                "1000111100": 1,
                "0000001111": 1,
                "0011011011": 1
            },
            true,
            0.62
        ],
        [
            [
                [
                    -9,
                    5,
                    -1
                ],
                [
                    9,
                    2,
                    -3
                ],
                [
                    -7,
                    -3,
                    -2
                ],
                [
                    9,
                    -1,
                    5
                ],
                [
                    -3,
                    -1,
                    9
                ],
                [
                    8,
                    -6,
                    -7
                ],
                [
                    -2,
                    -4,
                    10
                ],
                [
                    -7,
                    10,
                    -6
                ],
                [
                    10,
                    -4,
                    8
                ],
                [
                    4,
                    7,
                    1
                ],
                [
                    10,
                    -7,
                    -6
                ],
                [
                    -9,
                    4,
                    7
                ],
                [
                    10,
                    1,
                    -4
                ],
                [
                    5,
                    -1,
                    6
                ],
                [
                    -10,
                    6,
                    -8
                ],
                [
                    5,
                    2,
                    10
                ],
                [
                    -6,
                    2,
                    10
                ],
                [
                    8,
                    -1,
                    -6
                ],
                [
                    -2,
                    4,
                    -8
                ],
                [
                    9,
                    8,
                    -10
                ],
                [
                    -1,
                    -5,
                    6
                ],
                [
                    4,
                    3,
                    6
                ],
                [
                    8,
                    9,
                    -3
                ],
                [
                    4,
                    -6,
                    -9
                ],
                [
                    -5,
                    9,
                    7
                ],
                [
                    3,
                    8,
                    -4
                ],
                [
                    4,
                    6,
                    10
                ],
                [
                    -7,
                    -1,
                    -6
                ],
                [
                    -10,
                    -7,
                    2
                ],
                [
                    -10,
                    -1,
                    5
                ],
                [
                    10,
                    -5,
                    4
                ],
                [
                    -3,
                    5,
                    -8
                ],
                [
                    10,
                    -3,
                    -4
                ],
                [
                    -2,
                    9,
                    -3
                ],
                [
                    2,
                    -5,
                    -7
                ],
                [
                    2,
                    -9,
                    6
                ],
                [
                    7,
                    -5,
                    -1
                ],
                [
                    -5,
                    -6,
                    9
                ],
                [
                    -10,
                    -2,
                    5
                ],
                [
                    7,
                    -8,
                    5
                ],
                [
                    -2,
                    8,
                    6
                ],
                [
                    -10,
                    -1,
                    -4
                ],
                [
                    4,
                    -9,
                    2
                ],
                [
                    1,
                    9,
                    -5
                ],
                [
                    2,
                    3,
                    -8
                ]
            ],
            "{   'fun': 0.52,\n    'jac': None,\n    'nfev': 82,\n    'nit': None,\n    'njev': None,\n    'x': array([ 1.60467701,  1.77390651,  4.04046483,  2.90894941,  3.87603902,\n        2.95632726,  0.44514871, -0.41154054])}",
            {
                "0110110100": 1,
                "0101001100": 1,
                "0011110110": 1,
                "1111110001": 1,
                "1100111111": 1,
                "1111011110": 1,
                "1000001001": 1,
                "1010011000": 1,
                "1100101001": 1,
                "1100101111": 1,
                "0001010000": 1,
                "1101100001": 1,
                "1100000111": 1,
                "1111011010": 1,
                "0111110110": 1,
                "1110111111": 1,
                "1110111110": 3,
                "0110101011": 1,
                "1100111100": 8,
                "0011011000": 1,
                "0101100110": 1,
                "0110001100": 1,
                "1101000111": 1,
                "0101100101": 1,
                "1110000000": 1,
                "1010001000": 1,
                "1001110001": 1,
                "0001011110": 1,
                "1000110000": 1,
                "1100101100": 7,
                "1110111010": 9,
                "1000010001": 1,
                "0011011111": 1,
                "1011001010": 1,
                "0111011101": 2,
                "1101110001": 1,
                "1110111100": 6,
                "1100111110": 8,
                "0001100110": 1,
                "0101011101": 1,
                "1111000110": 1,
                "1111111010": 7,
                "1110100110": 1,
                "1010010011": 1,
                "0011011001": 1,
                "1001110101": 1,
                "1111001111": 1,
                "0111011100": 1,
                "0011010010": 1,
                "1111010100": 1,
                "1011001110": 1,
                "0100110111": 1,
                "1011011111": 1,
                "0010100001": 1,
                "1101101010": 1,
                "1001011100": 1,
                "0000100000": 1,
                "1000110101": 1
            },
            true,
            0.39
        ],
        [
            [
                [
                    10,
                    8,
                    3
                ],
                [
                    2,
                    9,
                    6
                ],
                [
                    10,
                    1,
                    -6
                ],
                [
                    2,
                    7,
                    -9
                ],
                [
                    7,
                    -9,
                    -4
                ],
                [
                    -9,
                    -7,
                    -4
                ],
                [
                    6,
                    5,
                    4
                ],
                [
                    10,
                    4,
                    7
                ],
                [
                    -8,
                    1,
                    3
                ],
                [
                    -9,
                    1,
                    5
                ],
                [
                    1,
                    -2,
                    -6
                ],
                [
                    10,
                    -5,
                    -6
                ],
                [
                    10,
                    -4,
                    -3
                ],
                [
                    -1,
                    -3,
                    6
                ],
                [
                    10,
                    2,
                    5
                ],
                [
                    7,
                    8,
                    -3
                ],
                [
                    -7,
                    -10,
                    -4
                ],
                [
                    3,
                    8,
                    -4
                ],
                [
                    -9,
                    8,
                    -1
                ],
                [
                    -2,
                    -10,
                    -7
                ],
                [
                    5,
                    1,
                    9
                ],
                [
                    -10,
                    4,
                    -8
                ],
                [
                    4,
                    2,
                    7
                ],
                [
                    9,
                    1,
                    -10
                ],
                [
                    -2,
                    -4,
                    -3
                ],
                [
                    -8,
                    -9,
                    1
                ],
                [
                    9,
                    -5,
                    3
                ],
                [
                    7,
                    -2,
                    3
                ],
                [
                    2,
                    8,
                    -10
                ],
                [
                    7,
                    -3,
                    -4
                ],
                [
                    -1,
                    3,
                    -2
                ],
                [
                    -6,
                    -4,
                    10
                ],
                [
                    -1,
                    10,
                    4
                ],
                [
                    -8,
                    -1,
                    3
                ],
                [
                    6,
                    -4,
                    -8
                ],
                [
                    -4,
                    2,
                    -6
                ],
                [
                    -3,
                    -9,
                    -8
                ],
                [
                    -8,
                    -4,
                    10
                ],
                [
                    -7,
                    -4,
                    3
                ],
                [
                    -1,
                    -7,
                    -6
                ],
                [
                    10,
                    2,
                    9
                ],
                [
                    -7,
                    -10,
                    6
                ],
                [
                    -4,
                    3,
                    -1
                ],
                [
                    4,
                    3,
                    9
                ],
                [
                    9,
                    -1,
                    3
                ]
            ],
            "{   'fun': 0.95,\n    'jac': None,\n    'nfev': 73,\n    'nit': None,\n    'njev': None,\n    'x': array([1.94515038, 1.70944055, 0.00786309, 1.90681342, 0.66779613,\n       1.7365664 , 1.04714652, 1.65267555])}",
            {
                "1111110011": 1,
                "0000110111": 1,
                "1010100110": 2,
                "0010011111": 1,
                "0011100000": 1,
                "1110110010": 1,
                "1001110010": 1,
                "1000000000": 1,
                "0000011000": 1,
                "1001011100": 1,
                "0101011000": 1,
                "0000101110": 1,
                "0111101011": 1,
                "0111001111": 1,
                "1010110111": 1,
                "0001001100": 1,
                "0111101101": 1,
                "0000010111": 1,
                "1100100111": 1,
                "0000011101": 1,
                "1010001110": 1,
                "1101100100": 1,
                "0010000010": 1,
                "1000001110": 2,
                "0011001101": 1,
                "0100010101": 1,
                "1101001011": 1,
                "0111000100": 1,
                "1010001111": 1,
                "1110000000": 1,
                "0001111101": 1,
                "0000101001": 1,
                "0011011010": 1,
                "1010011010": 1,
                "0100000011": 1,
                "1001110110": 1,
                "0011101001": 2,
                "0111111000": 1,
                "0111000010": 1,
                "1011010100": 1,
                "1001100110": 1,
                "0001011000": 1,
                "1000111010": 1,
                "1110111001": 1,
                "0001000111": 1,
                "1011101010": 1,
                "1011011001": 1,
                "1010000000": 1,
                "0100100011": 1,
                "0101100000": 2,
                "0001010110": 3,
                "0101111100": 1,
                "1110110001": 1,
                "0100110100": 1,
                "1011001001": 1,
                "1110110100": 1,
                "0001101000": 1,
                "0101111010": 1,
                "0011111001": 1,
                "1101101000": 1,
                "1101101011": 1,
                "1001010011": 1,
                "1111010111": 1,
                "1101111001": 1,
                "1011011010": 1,
                "1011111110": 1,
                "1111100101": 1,
                "0011010100": 1,
                "0100111011": 1,
                "0111010100": 1,
                "1110000111": 1,
                "0110100001": 1,
                "1101010101": 1,
                "0011010110": 2,
                "1001110001": 1,
                "0010000110": 1,
                "0101010100": 1,
                "1111110101": 1,
                "1101101100": 1,
                "0001100001": 1,
                "0011100010": 1,
                "0111010110": 1,
                "1000100011": 1,
                "0001110111": 1,
                "0110111110": 1,
                "1001001011": 1,
                "1101001000": 1,
                "1010010000": 1,
                "0100000001": 1,
                "0110111111": 1,
                "1010100011": 1,
                "0001011111": 1,
                "0111100101": 1
            },
            true,
            0.86
        ]
    ]
}