{
    "n": 10,
    "m": 45,
    "results": [
        [
            [
                [
                    -9,
                    -10,
                    -4
                ],
                [
                    -3,
                    2,
                    -9
                ],
                [
                    4,
                    -10,
                    -3
                ],
                [
                    -6,
                    -3,
                    -5
                ],
                [
                    7,
                    9,
                    -1
                ],
                [
                    9,
                    -8,
                    7
                ],
                [
                    5,
                    -7,
                    2
                ],
                [
                    -6,
                    -3,
                    7
                ],
                [
                    -1,
                    -6,
                    -7
                ],
                [
                    -3,
                    -2,
                    -1
                ],
                [
                    8,
                    10,
                    -6
                ],
                [
                    -4,
                    3,
                    6
                ],
                [
                    -4,
                    8,
                    2
                ],
                [
                    -7,
                    -10,
                    -3
                ],
                [
                    -1,
                    8,
                    9
                ],
                [
                    7,
                    -5,
                    9
                ],
                [
                    4,
                    -3,
                    7
                ],
                [
                    -2,
                    -7,
                    -10
                ],
                [
                    -10,
                    8,
                    9
                ],
                [
                    10,
                    9,
                    2
                ],
                [
                    4,
                    1,
                    -3
                ],
                [
                    10,
                    5,
                    -2
                ],
                [
                    9,
                    -2,
                    -8
                ],
                [
                    4,
                    -3,
                    2
                ],
                [
                    9,
                    6,
                    10
                ],
                [
                    -1,
                    -7,
                    -10
                ],
                [
                    10,
                    -6,
                    1
                ],
                [
                    -10,
                    1,
                    8
                ],
                [
                    4,
                    5,
                    10
                ],
                [
                    8,
                    -5,
                    -2
                ],
                [
                    -2,
                    -3,
                    -9
                ],
                [
                    -3,
                    -7,
                    10
                ],
                [
                    3,
                    4,
                    2
                ],
                [
                    1,
                    6,
                    -2
                ],
                [
                    5,
                    -8,
                    -10
                ],
                [
                    9,
                    -10,
                    -7
                ],
                [
                    -3,
                    5,
                    -7
                ],
                [
                    -5,
                    -6,
                    7
                ],
                [
                    -6,
                    -3,
                    9
                ],
                [
                    7,
                    -5,
                    3
                ],
                [
                    2,
                    -5,
                    -1
                ],
                [
                    -5,
                    10,
                    -3
                ],
                [
                    -3,
                    4,
                    -9
                ],
                [
                    5,
                    -2,
                    6
                ],
                [
                    6,
                    4,
                    7
                ]
            ],
            "{   'fun': 0.92,\n    'jac': None,\n    'nfev': 29,\n    'nit': None,\n    'njev': None,\n    'x': array([3.16248549, 2.43707437])}",
            {
                "0100000111": 1,
                "0010100000": 1,
                "0101110111": 1,
                "1101011100": 1,
                "1110100011": 2,
                "1010011100": 1,
                "1010111111": 1,
                "1011100000": 1,
                "1000011000": 1,
                "0001110011": 1,
                "0101110101": 1,
                "1100111111": 1,
                "1010101111": 1,
                "1001111110": 1,
                "1001010011": 1,
                "1111101101": 1,
                "0010101111": 1,
                "0101011111": 1,
                "1100101111": 1,
                "1111101110": 1,
                "1101001111": 1,
                "1100110000": 1,
                "0001011111": 1,
                "0111010011": 4,
                "0001100110": 1,
                "0011010101": 1,
                "1001111111": 1,
                "0110010000": 1,
                "1101101111": 1,
                "0000111101": 1,
                "1110101110": 1,
                "0001110101": 1,
                "0010011010": 1,
                "0100111101": 1,
                "0110000011": 1,
                "0001010011": 1,
                "1011001100": 1,
                "1111110100": 1,
                "1110100010": 1,
                "0001000110": 1,
                "0000001011": 1,
                "0010100110": 1,
                "1001011110": 1,
                "0011011111": 1,
                "1010111110": 1,
                "0111001001": 1,
                "0111000100": 1,
                "0111000101": 1,
                "0100001100": 1,
                "0110001100": 1,
                "1110111000": 1,
                "0001000111": 1,
                "0001010100": 1,
                "1011111010": 1,
                "1101010111": 1,
                "1100111011": 1,
                "1011001111": 1,
                "1010111010": 1,
                "1001110111": 1,
                "0000110010": 1,
                "0000011100": 2,
                "1011000110": 1,
                "1111011001": 1,
                "1101001000": 1,
                "0011011001": 1,
                "1110100100": 1,
                "1100110011": 1,
                "1000111100": 1,
                "0010100100": 1,
                "1001110101": 1,
                "0101011100": 1,
                "1110111011": 1,
                "0011100111": 1,
                "1010101000": 1,
                "0101111010": 1,
                "1100100011": 6,
                "1011110011": 1,
                "0011111101": 1,
                "0000110101": 1,
                "0110101001": 1,
                "0001100100": 1,
                "0001100000": 1,
                "0000101001": 1,
                "0001001101": 1,
                "1000010001": 1,
                "1100011011": 1,
                "1101100100": 1,
                "0000000001": 1,
                "1110100101": 2
            },
            true,
            0.9
        ],
        [
            [
                [
                    -6,
                    -5,
                    4
                ],
                [
                    2,
                    4,
                    -10
                ],
                [
                    8,
                    4,
                    6
                ],
                [
                    -4,
                    -10,
                    -9
                ],
                [
                    10,
                    5,
                    -6
                ],
                [
                    3,
                    -9,
                    2
                ],
                [
                    5,
                    -10,
                    -8
                ],
                [
                    5,
                    -3,
                    -7
                ],
                [
                    8,
                    -5,
                    1
                ],
                [
                    -1,
                    -5,
                    6
                ],
                [
                    9,
                    10,
                    -1
                ],
                [
                    5,
                    -1,
                    -3
                ],
                [
                    -6,
                    8,
                    2
                ],
                [
                    10,
                    -6,
                    3
                ],
                [
                    -6,
                    -7,
                    9
                ],
                [
                    10,
                    -5,
                    4
                ],
                [
                    -1,
                    10,
                    8
                ],
                [
                    -7,
                    -1,
                    -2
                ],
                [
                    8,
                    1,
                    -9
                ],
                [
                    9,
                    5,
                    -8
                ],
                [
                    8,
                    -1,
                    9
                ],
                [
                    9,
                    4,
                    3
                ],
                [
                    7,
                    -1,
                    5
                ],
                [
                    2,
                    8,
                    -5
                ],
                [
                    -4,
                    5,
                    -8
                ],
                [
                    -3,
                    7,
                    10
                ],
                [
                    -7,
                    -2,
                    3
                ],
                [
                    3,
                    -7,
                    -9
                ],
                [
                    -9,
                    2,
                    5
                ],
                [
                    4,
                    -6,
                    -9
                ],
                [
                    6,
                    4,
                    -7
                ],
                [
                    10,
                    -8,
                    -1
                ],
                [
                    -9,
                    -6,
                    -7
                ],
                [
                    8,
                    -1,
                    7
                ],
                [
                    -3,
                    -2,
                    -5
                ],
                [
                    7,
                    2,
                    -5
                ],
                [
                    10,
                    1,
                    -8
                ],
                [
                    -9,
                    4,
                    -7
                ],
                [
                    6,
                    -5,
                    -10
                ],
                [
                    -9,
                    1,
                    -6
                ],
                [
                    -3,
                    -4,
                    6
                ],
                [
                    -4,
                    -6,
                    -9
                ],
                [
                    -4,
                    9,
                    6
                ],
                [
                    2,
                    -1,
                    -4
                ],
                [
                    4,
                    5,
                    -6
                ]
            ],
            "{   'fun': 0.98,\n    'jac': None,\n    'nfev': 29,\n    'nit': None,\n    'njev': None,\n    'x': array([1.85598218, 4.11002534])}",
            {
                "1000101100": 1,
                "0110001100": 1,
                "1001000011": 1,
                "1000010100": 1,
                "1001111101": 1,
                "0000001101": 1,
                "1011011010": 1,
                "0101000100": 1,
                "0110100011": 1,
                "1001001101": 1,
                "1100010011": 1,
                "0100011011": 1,
                "1000000100": 1,
                "0011111100": 1,
                "1001101000": 1,
                "0010100111": 1,
                "0010011101": 1,
                "0100000110": 1,
                "1000001110": 1,
                "0100011111": 1,
                "1011010011": 1,
                "1001000101": 1,
                "1000110011": 1,
                "1111111010": 1,
                "1100011101": 1,
                "0110101001": 1,
                "1000100001": 1,
                "1001010101": 1,
                "0010111010": 1,
                "0100110110": 1,
                "1000101010": 3,
                "0011001010": 1,
                "1100100110": 1,
                "1111101100": 1,
                "0011100000": 1,
                "1111001000": 1,
                "0110011111": 1,
                "0001010010": 1,
                "1100101001": 1,
                "1111000000": 1,
                "1101110000": 1,
                "0010001111": 1,
                "0010010001": 1,
                "0111110100": 1,
                "1100111011": 1,
                "0100111011": 1,
                "1010110111": 1,
                "1111100011": 1,
                "0111111100": 1,
                "1000000001": 1,
                "1001011010": 1,
                "0001101101": 1,
                "1111000111": 1,
                "1101000011": 1,
                "1011011011": 1,
                "0010011001": 1,
                "0010001001": 1,
                "0000001001": 1,
                "0110110011": 1,
                "1100010101": 1,
                "0111110101": 1,
                "0001000000": 1,
                "1000110110": 1,
                "1010100001": 1,
                "1010110001": 1,
                "0111100001": 1,
                "0101100100": 1,
                "0010110001": 1,
                "0011111000": 1,
                "1010111010": 1,
                "1011001111": 1,
                "1001000001": 1,
                "1011101000": 1,
                "1010111011": 2,
                "1111010010": 1,
                "0101101110": 1,
                "1000101110": 2,
                "1011101010": 1,
                "1111001110": 1,
                "1000010000": 1,
                "0011111101": 1,
                "0000011101": 2,
                "1111000010": 1,
                "0111010011": 1,
                "0001000010": 1,
                "0000101111": 1,
                "0111101110": 1,
                "0101100011": 1,
                "0111111010": 1,
                "0000000010": 1,
                "1001100100": 1,
                "0111110010": 1,
                "0101000001": 1,
                "1010001000": 1,
                "0101111010": 1
            },
            true,
            0.88
        ],
        [
            [
                [
                    -7,
                    -6,
                    2
                ],
                [
                    3,
                    2,
                    -6
                ],
                [
                    9,
                    8,
                    10
                ],
                [
                    9,
                    -2,
                    4
                ],
                [
                    -1,
                    2,
                    -10
                ],
                [
                    -7,
                    -6,
                    8
                ],
                [
                    4,
                    10,
                    8
                ],
                [
                    2,
                    -9,
                    4
                ],
                [
                    -8,
                    2,
                    4
                ],
                [
                    7,
                    -2,
                    -1
                ],
                [
                    -10,
                    1,
                    3
                ],
                [
                    -9,
                    -7,
                    6
                ],
                [
                    -7,
                    -4,
                    -6
                ],
                [
                    -3,
                    8,
                    1
                ],
                [
                    10,
                    -1,
                    -6
                ],
                [
                    -7,
                    1,
                    3
                ],
                [
                    3,
                    -2,
                    6
                ],
                [
                    -7,
                    9,
                    3
                ],
                [
                    10,
                    -6,
                    -8
                ],
                [
                    -8,
                    2,
                    -7
                ],
                [
                    -7,
                    4,
                    -1
                ],
                [
                    9,
                    3,
                    8
                ],
                [
                    7,
                    -8,
                    3
                ],
                [
                    -9,
                    7,
                    2
                ],
                [
                    -1,
                    -7,
                    4
                ],
                [
                    -6,
                    -4,
                    -9
                ],
                [
                    -3,
                    5,
                    10
                ],
                [
                    -8,
                    5,
                    -9
                ],
                [
                    3,
                    -6,
                    -4
                ],
                [
                    -7,
                    -9,
                    -6
                ],
                [
                    -3,
                    2,
                    -4
                ],
                [
                    7,
                    6,
                    4
                ],
                [
                    -10,
                    2,
                    3
                ],
                [
                    -5,
                    -7,
                    10
                ],
                [
                    -2,
                    7,
                    8
                ],
                [
                    -6,
                    -1,
                    -2
                ],
                [
                    -9,
                    -1,
                    4
                ],
                [
                    9,
                    -8,
                    4
                ],
                [
                    9,
                    -5,
                    -8
                ],
                [
                    -7,
                    -6,
                    1
                ],
                [
                    -1,
                    4,
                    10
                ],
                [
                    -10,
                    9,
                    -5
                ],
                [
                    4,
                    -6,
                    3
                ],
                [
                    -1,
                    -9,
                    -6
                ],
                [
                    4,
                    8,
                    1
                ]
            ],
            "{   'fun': 0.85,\n    'jac': None,\n    'nfev': 32,\n    'nit': None,\n    'njev': None,\n    'x': array([3.58888553, 3.36522645])}",
            {
                "1101101101": 1,
                "1110110010": 1,
                "1111011010": 1,
                "1001010100": 1,
                "1100101011": 1,
                "1010100010": 2,
                "1000001001": 1,
                "0110011110": 2,
                "0100110001": 1,
                "0100111101": 1,
                "0101100000": 1,
                "1010101110": 1,
                "0010011001": 1,
                "0101001010": 1,
                "0111111100": 1,
                "1111111010": 1,
                "1100001011": 1,
                "0011101010": 1,
                "1101100000": 1,
                "1100011101": 1,
                "1110101111": 1,
                "1110001100": 1,
                "0000101001": 1,
                "0110010111": 1,
                "1011111111": 1,
                "0000101010": 1,
                "0001000110": 1,
                "0111010101": 1,
                "1011001111": 6,
                "1101100110": 1,
                "1110000000": 1,
                "1010110000": 1,
                "1001101010": 1,
                "0001110001": 1,
                "0011100111": 2,
                "1100010100": 1,
                "1101011001": 1,
                "0010100101": 1,
                "0111101111": 1,
                "0001010001": 1,
                "1101101001": 1,
                "0010010110": 1,
                "0100010100": 1,
                "0000111111": 1,
                "1010110110": 1,
                "0101011010": 1,
                "1100000110": 1,
                "1110111000": 1,
                "1001111110": 1,
                "0000100110": 1,
                "0010101101": 1,
                "1110011110": 2,
                "1001001111": 3,
                "1111010011": 1,
                "0110110001": 1,
                "1101111000": 1,
                "0001001011": 2,
                "1110001010": 1,
                "0100011110": 1,
                "0100101011": 1,
                "0011011111": 1,
                "0000000111": 1,
                "1011101011": 1,
                "0100110111": 1,
                "1110100111": 1,
                "0110111100": 1,
                "1111011100": 1,
                "0011000000": 1,
                "1100010110": 1,
                "1110011011": 1,
                "1101001000": 1,
                "0011111111": 1,
                "1101111100": 1,
                "0111001011": 1,
                "1101000100": 1,
                "1110001011": 1,
                "1011000100": 1,
                "0000001011": 2,
                "1010101001": 1,
                "0100010000": 1,
                "0111011111": 1,
                "0001100111": 2,
                "1010001110": 3,
                "1101100101": 1
            },
            true,
            0.76
        ],
        [
            [
                [
                    -1,
                    -5,
                    -9
                ],
                [
                    -5,
                    -1,
                    -2
                ],
                [
                    -8,
                    9,
                    -3
                ],
                [
                    -8,
                    3,
                    -9
                ],
                [
                    5,
                    6,
                    -10
                ],
                [
                    -3,
                    8,
                    -2
                ],
                [
                    -2,
                    -6,
                    -4
                ],
                [
                    7,
                    -10,
                    1
                ],
                [
                    10,
                    -2,
                    -6
                ],
                [
                    7,
                    -1,
                    2
                ],
                [
                    9,
                    6,
                    -10
                ],
                [
                    5,
                    -2,
                    10
                ],
                [
                    7,
                    -10,
                    9
                ],
                [
                    -7,
                    5,
                    -4
                ],
                [
                    -4,
                    -3,
                    -9
                ],
                [
                    -1,
                    6,
                    -3
                ],
                [
                    -5,
                    -8,
                    9
                ],
                [
                    6,
                    3,
                    9
                ],
                [
                    8,
                    -7,
                    5
                ],
                [
                    -3,
                    1,
                    6
                ],
                [
                    8,
                    9,
                    2
                ],
                [
                    1,
                    6,
                    2
                ],
                [
                    5,
                    -10,
                    2
                ],
                [
                    -7,
                    5,
                    -8
                ],
                [
                    -10,
                    5,
                    8
                ],
                [
                    10,
                    -6,
                    1
                ],
                [
                    -7,
                    -6,
                    -4
                ],
                [
                    -8,
                    5,
                    10
                ],
                [
                    -4,
                    7,
                    -6
                ],
                [
                    -10,
                    -5,
                    2
                ],
                [
                    -5,
                    2,
                    -10
                ],
                [
                    -3,
                    -2,
                    -4
                ],
                [
                    1,
                    -8,
                    5
                ],
                [
                    8,
                    -6,
                    -2
                ],
                [
                    -8,
                    3,
                    -4
                ],
                [
                    -8,
                    -1,
                    -9
                ],
                [
                    -2,
                    -10,
                    8
                ],
                [
                    9,
                    1,
                    7
                ],
                [
                    4,
                    -8,
                    -1
                ],
                [
                    -4,
                    9,
                    6
                ],
                [
                    -10,
                    -8,
                    6
                ],
                [
                    5,
                    3,
                    7
                ],
                [
                    7,
                    9,
                    3
                ],
                [
                    4,
                    -2,
                    6
                ],
                [
                    2,
                    8,
                    -7
                ]
            ],
            "{   'fun': 0.93,\n    'jac': None,\n    'nfev': 29,\n    'nit': None,\n    'njev': None,\n    'x': array([2.88562124, 4.28853484])}",
            {
                "0111101010": 1,
                "0010111111": 1,
                "1111001010": 1,
                "1101101100": 1,
                "0100010001": 1,
                "0001001101": 1,
                "1111011001": 1,
                "0000000010": 1,
                "1011101000": 1,
                "0001110111": 1,
                "1010011111": 1,
                "0110111000": 1,
                "1010010101": 1,
                "0011110000": 1,
                "1010100101": 1,
                "0110001010": 1,
                "1101011011": 1,
                "1110111101": 1,
                "0001101110": 1,
                "1010011000": 1,
                "1010000000": 1,
                "0000100011": 1,
                "1101100110": 1,
                "1111111101": 1,
                "0101100001": 1,
                "1110001001": 2,
                "1010000110": 1,
                "0110110000": 1,
                "0101001101": 1,
                "1100011000": 1,
                "0101000001": 1,
                "1110101100": 1,
                "0011011111": 1,
                "0110001110": 1,
                "1010101010": 1,
                "1000000110": 1,
                "1111001110": 1,
                "0101010110": 1,
                "0011000010": 1,
                "1100100000": 1,
                "0001011110": 1,
                "0010110010": 1,
                "1100110000": 1,
                "1100101011": 2,
                "1000010011": 1,
                "1101101011": 1,
                "1110011000": 1,
                "1101000000": 1,
                "0010011011": 1,
                "1000001111": 1,
                "1000011101": 1,
                "0001010101": 1,
                "0101100101": 1,
                "1111110111": 1,
                "1101011111": 1,
                "1010010011": 1,
                "1110101101": 1,
                "0101111110": 1,
                "1001010111": 1,
                "0101011110": 1,
                "0010011001": 1,
                "0001000010": 1,
                "0001111111": 1,
                "0111001100": 1,
                "1101100101": 1,
                "0100011110": 1,
                "1110100100": 1,
                "0100010000": 2,
                "0001010100": 1,
                "1010011011": 1,
                "0110111111": 1,
                "0111011011": 1,
                "0000001001": 1,
                "1011111101": 1,
                "0111011111": 1,
                "1100101000": 1,
                "1001101000": 1,
                "1010111001": 1,
                "1100000111": 1,
                "1111001000": 1,
                "1100111010": 1,
                "0001000001": 1,
                "1100100100": 1,
                "1011101011": 1,
                "1011101101": 1,
                "1010110000": 1,
                "1101100011": 1,
                "0101001010": 1,
                "0010101001": 1,
                "1010001001": 1,
                "0010100000": 1,
                "0101101011": 1,
                "1110010000": 1,
                "0111010010": 1,
                "0001100101": 1,
                "1111110110": 2
            },
            true,
            0.87
        ],
        [
            [
                [
                    6,
                    -8,
                    -5
                ],
                [
                    2,
                    9,
                    8
                ],
                [
                    5,
                    3,
                    7
                ],
                [
                    7,
                    2,
                    -3
                ],
                [
                    7,
                    8,
                    -6
                ],
                [
                    2,
                    10,
                    -9
                ],
                [
                    -9,
                    5,
                    -6
                ],
                [
                    9,
                    7,
                    -5
                ],
                [
                    10,
                    7,
                    2
                ],
                [
                    -1,
                    -6,
                    3
                ],
                [
                    -4,
                    6,
                    3
                ],
                [
                    10,
                    8,
                    3
                ],
                [
                    -9,
                    3,
                    -7
                ],
                [
                    -9,
                    -2,
                    -1
                ],
                [
                    3,
                    10,
                    5
                ],
                [
                    -4,
                    1,
                    6
                ],
                [
                    10,
                    1,
                    -3
                ],
                [
                    7,
                    2,
                    -8
                ],
                [
                    -1,
                    -3,
                    10
                ],
                [
                    7,
                    10,
                    8
                ],
                [
                    -1,
                    -8,
                    4
                ],
                [
                    -3,
                    4,
                    -7
                ],
                [
                    -5,
                    8,
                    10
                ],
                [
                    -1,
                    -3,
                    -6
                ],
                [
                    -6,
                    3,
                    -4
                ],
                [
                    -2,
                    -3,
                    1
                ],
                [
                    2,
                    -4,
                    -1
                ],
                [
                    6,
                    10,
                    -2
                ],
                [
                    -6,
                    -4,
                    7
                ],
                [
                    2,
                    -10,
                    1
                ],
                [
                    -1,
                    -10,
                    -2
                ],
                [
                    -5,
                    -4,
                    3
                ],
                [
                    -5,
                    8,
                    -6
                ],
                [
                    -4,
                    -6,
                    2
                ],
                [
                    -8,
                    9,
                    4
                ],
                [
                    -1,
                    -10,
                    -7
                ],
                [
                    -6,
                    2,
                    -10
                ],
                [
                    9,
                    -4,
                    5
                ],
                [
                    10,
                    -3,
                    4
                ],
                [
                    -2,
                    -5,
                    4
                ],
                [
                    -6,
                    2,
                    -5
                ],
                [
                    9,
                    10,
                    -4
                ],
                [
                    -2,
                    9,
                    5
                ],
                [
                    -5,
                    8,
                    -9
                ],
                [
                    -4,
                    5,
                    2
                ]
            ],
            "{   'fun': 1.0,\n    'jac': None,\n    'nfev': 13,\n    'nit': None,\n    'njev': None,\n    'x': array([0.17035472, 1.63790365])}",
            {
                "0110100101": 1,
                "0000001010": 1,
                "0000111110": 1,
                "1011010101": 1,
                "0001101011": 1,
                "1100100001": 1,
                "0111001110": 1,
                "1001111010": 1,
                "1100011101": 1,
                "1010011001": 1,
                "1100001111": 1,
                "1010001000": 1,
                "0001111011": 1,
                "1001110101": 1,
                "1011011111": 1,
                "1111100011": 1,
                "1000001000": 1,
                "1001001111": 1,
                "0100000100": 2,
                "0111100010": 1,
                "0100111011": 1,
                "1010100100": 1,
                "0000101000": 1,
                "1011110001": 1,
                "1101101101": 1,
                "0011110101": 2,
                "0011101110": 2,
                "0110000000": 1,
                "1100101000": 1,
                "0110100010": 1,
                "0010111010": 1,
                "1010000010": 2,
                "1110101100": 1,
                "0101111111": 1,
                "0001011001": 2,
                "1100001101": 1,
                "0001000101": 1,
                "1010001010": 2,
                "0001101101": 1,
                "1010110100": 1,
                "0011000111": 1,
                "1010010010": 1,
                "1000010110": 1,
                "1000110100": 1,
                "0110010000": 1,
                "1101101001": 1,
                "1010100110": 1,
                "0011101011": 1,
                "1100100101": 1,
                "0001001001": 1,
                "0001100010": 1,
                "0011010110": 1,
                "1110011101": 1,
                "0010001011": 2,
                "1101000100": 1,
                "0001011101": 1,
                "1110101000": 1,
                "0001101111": 1,
                "1010001101": 1,
                "1100110110": 1,
                "1000100011": 1,
                "0110110001": 1,
                "0101101011": 1,
                "1001010110": 1,
                "0111100111": 2,
                "1000011000": 1,
                "1110101101": 1,
                "0100101001": 1,
                "0000011111": 1,
                "0111001000": 1,
                "1010100001": 1,
                "0101110000": 1,
                "1100011111": 1,
                "0100011001": 1,
                "1111110010": 1,
                "1111000010": 1,
                "0101101110": 1,
                "1001010100": 1,
                "1101000000": 1,
                "0110100000": 1,
                "0110101101": 1,
                "1011001011": 1,
                "1011100100": 1,
                "0010101100": 1,
                "1101010111": 1,
                "1110001010": 1,
                "1101101000": 2,
                "0000111100": 1,
                "1001100101": 1,
                "1011010110": 1,
                "1001011001": 1
            },
            false,
            1.0
        ]
    ]
}