{
    "n": 10,
    "m": 45,
    "results": [
        [
            [
                [
                    -4,
                    -2,
                    6
                ],
                [
                    4,
                    3,
                    -1
                ],
                [
                    -1,
                    -3,
                    -8
                ],
                [
                    6,
                    4,
                    10
                ],
                [
                    6,
                    2,
                    10
                ],
                [
                    -7,
                    -1,
                    -9
                ],
                [
                    -6,
                    10,
                    9
                ],
                [
                    1,
                    -10,
                    -6
                ],
                [
                    -5,
                    3,
                    -10
                ],
                [
                    1,
                    10,
                    -3
                ],
                [
                    10,
                    5,
                    9
                ],
                [
                    9,
                    5,
                    7
                ],
                [
                    6,
                    5,
                    1
                ],
                [
                    9,
                    7,
                    5
                ],
                [
                    5,
                    9,
                    -3
                ],
                [
                    -9,
                    -7,
                    -10
                ],
                [
                    -6,
                    -8,
                    -4
                ],
                [
                    -4,
                    -3,
                    2
                ],
                [
                    4,
                    6,
                    -3
                ],
                [
                    -2,
                    7,
                    -10
                ],
                [
                    4,
                    10,
                    9
                ],
                [
                    1,
                    -6,
                    -10
                ],
                [
                    -6,
                    2,
                    8
                ],
                [
                    -10,
                    9,
                    3
                ],
                [
                    5,
                    6,
                    -10
                ],
                [
                    -1,
                    -5,
                    -10
                ],
                [
                    3,
                    10,
                    1
                ],
                [
                    3,
                    -6,
                    4
                ],
                [
                    8,
                    5,
                    2
                ],
                [
                    7,
                    -9,
                    -4
                ],
                [
                    -1,
                    -4,
                    -9
                ],
                [
                    -10,
                    9,
                    -1
                ],
                [
                    -2,
                    -8,
                    7
                ],
                [
                    -4,
                    -9,
                    8
                ],
                [
                    -5,
                    -10,
                    3
                ],
                [
                    9,
                    5,
                    -10
                ],
                [
                    -10,
                    -4,
                    -8
                ],
                [
                    -8,
                    3,
                    9
                ],
                [
                    8,
                    -5,
                    -2
                ],
                [
                    -6,
                    -9,
                    2
                ],
                [
                    6,
                    4,
                    3
                ],
                [
                    5,
                    -8,
                    1
                ],
                [
                    -7,
                    1,
                    2
                ],
                [
                    6,
                    2,
                    -10
                ],
                [
                    -3,
                    5,
                    10
                ]
            ],
            "{   'fun': 1.0,\n    'jac': None,\n    'nfev': 13,\n    'nit': None,\n    'njev': None,\n    'x': array([1.20550453, 0.72007837])}",
            {
                "1101011100": 1,
                "1011110100": 1,
                "1111010101": 1,
                "0110110000": 1,
                "1001011001": 1,
                "0000001101": 1,
                "0010011111": 1,
                "0111111011": 1,
                "0010001101": 1,
                "0010011100": 1,
                "0110000010": 1,
                "0100010011": 1,
                "1101011111": 1,
                "0010000111": 1,
                "1110100010": 1,
                "0001011101": 1,
                "0111111110": 1,
                "0111011000": 1,
                "0011000011": 1,
                "0100111100": 1,
                "0101101101": 1,
                "1110010100": 1,
                "1011111111": 1,
                "0110010111": 1,
                "1110110010": 1,
                "0010010010": 1,
                "0010010101": 1,
                "0010100001": 1,
                "1110011000": 1,
                "0110100001": 1,
                "0111000011": 1,
                "1011011010": 1,
                "1101111001": 1,
                "0000011000": 1,
                "1000010100": 1,
                "0101111001": 1,
                "1110101011": 1,
                "0110111000": 1,
                "0010101010": 1,
                "0111101011": 1,
                "1010110101": 1,
                "1011100011": 2,
                "1011101101": 1,
                "0100100100": 1,
                "1100100010": 1,
                "0000000011": 1,
                "0000100000": 1,
                "1000101001": 1,
                "0001101100": 1,
                "1011010011": 1,
                "0111000110": 1,
                "1001101111": 1,
                "1001010110": 2,
                "0101111111": 1,
                "0011001011": 1,
                "1011111000": 2,
                "1101010111": 1,
                "0000010101": 1,
                "1100101011": 1,
                "1100111000": 1,
                "1000001100": 1,
                "0011101011": 1,
                "0101011111": 1,
                "0111001001": 1,
                "0000001000": 1,
                "0011110110": 2,
                "0000101100": 1,
                "1010001001": 1,
                "1111001000": 1,
                "1101111110": 1,
                "1100000111": 1,
                "0001101001": 1,
                "0101111101": 1,
                "1101110010": 2,
                "1011000000": 1,
                "0100101000": 1,
                "0111110110": 1,
                "0011011011": 1,
                "0110100101": 1,
                "1110010001": 1,
                "0001011000": 1,
                "1001110111": 1,
                "1101000001": 1,
                "0111110101": 1,
                "0111011101": 2,
                "0001100100": 1,
                "1011110110": 1,
                "0110111100": 1,
                "1100101101": 1,
                "0000000101": 1,
                "0001110101": 1,
                "0000110011": 1,
                "0010010001": 1,
                "0110100011": 1
            },
            false,
            1.0
        ],
        [
            [
                [
                    3,
                    5,
                    4
                ],
                [
                    2,
                    1,
                    7
                ],
                [
                    3,
                    1,
                    -7
                ],
                [
                    10,
                    9,
                    6
                ],
                [
                    -3,
                    -6,
                    -9
                ],
                [
                    6,
                    -8,
                    4
                ],
                [
                    5,
                    -6,
                    7
                ],
                [
                    8,
                    10,
                    3
                ],
                [
                    -2,
                    -9,
                    10
                ],
                [
                    -10,
                    -8,
                    -3
                ],
                [
                    -9,
                    3,
                    5
                ],
                [
                    9,
                    -10,
                    7
                ],
                [
                    -10,
                    -7,
                    2
                ],
                [
                    -6,
                    -8,
                    5
                ],
                [
                    -3,
                    -2,
                    1
                ],
                [
                    -2,
                    10,
                    -4
                ],
                [
                    -3,
                    8,
                    9
                ],
                [
                    3,
                    -5,
                    -8
                ],
                [
                    -6,
                    1,
                    8
                ],
                [
                    9,
                    -4,
                    -2
                ],
                [
                    -5,
                    2,
                    6
                ],
                [
                    -9,
                    -7,
                    -5
                ],
                [
                    -8,
                    10,
                    7
                ],
                [
                    -3,
                    -5,
                    7
                ],
                [
                    10,
                    6,
                    3
                ],
                [
                    6,
                    -5,
                    7
                ],
                [
                    -1,
                    9,
                    -8
                ],
                [
                    7,
                    2,
                    8
                ],
                [
                    7,
                    -2,
                    -6
                ],
                [
                    5,
                    -6,
                    7
                ],
                [
                    -10,
                    -7,
                    -4
                ],
                [
                    9,
                    -6,
                    3
                ],
                [
                    -9,
                    -7,
                    6
                ],
                [
                    9,
                    4,
                    10
                ],
                [
                    -4,
                    -5,
                    -9
                ],
                [
                    6,
                    -2,
                    10
                ],
                [
                    -9,
                    -1,
                    -3
                ],
                [
                    8,
                    -10,
                    3
                ],
                [
                    4,
                    -7,
                    -5
                ],
                [
                    4,
                    8,
                    -1
                ],
                [
                    -3,
                    8,
                    -10
                ],
                [
                    9,
                    -10,
                    -7
                ],
                [
                    -5,
                    -10,
                    -1
                ],
                [
                    -2,
                    -9,
                    -7
                ],
                [
                    10,
                    7,
                    6
                ]
            ],
            "{   'fun': 1.0,\n    'jac': None,\n    'nfev': 26,\n    'nit': None,\n    'njev': None,\n    'x': array([0.83891711, 3.08409949])}",
            {
                "1001100011": 1,
                "0001011101": 1,
                "1100111001": 1,
                "0010010011": 1,
                "1110111100": 1,
                "0001111011": 1,
                "0011100000": 1,
                "0010001111": 1,
                "0011000010": 1,
                "0110010000": 1,
                "0100110100": 1,
                "1101010001": 1,
                "0011010010": 1,
                "0100001010": 1,
                "0011101100": 1,
                "0110010100": 1,
                "0101011010": 1,
                "1000110010": 1,
                "1101101010": 1,
                "1011101110": 1,
                "0100001101": 1,
                "1110000010": 1,
                "1101100011": 1,
                "1000100110": 1,
                "0001110000": 1,
                "1111111010": 1,
                "1111110111": 1,
                "0101000011": 1,
                "0001110111": 1,
                "1110111110": 1,
                "1101101011": 1,
                "1110001000": 1,
                "1111001011": 1,
                "1010000110": 1,
                "0000111010": 1,
                "1011001011": 1,
                "0101011001": 1,
                "1111111001": 1,
                "0101101001": 1,
                "1110100000": 1,
                "1001010001": 1,
                "1001001110": 2,
                "1000100001": 1,
                "1000010100": 1,
                "1110101010": 1,
                "1101000000": 1,
                "1001000000": 1,
                "1101100010": 1,
                "0101011100": 1,
                "1100000011": 1,
                "0001111001": 1,
                "1001011010": 1,
                "1001000010": 1,
                "1001101010": 2,
                "1101100100": 1,
                "0111011111": 1,
                "1011100001": 1,
                "0001101101": 1,
                "0110001111": 1,
                "1010010011": 2,
                "1011100000": 1,
                "0111111100": 1,
                "1010110111": 1,
                "0010101110": 1,
                "0011001011": 1,
                "1111000001": 2,
                "0101010001": 1,
                "1010111110": 1,
                "0001110100": 1,
                "1000011011": 1,
                "1101110001": 1,
                "0100100011": 1,
                "1011000110": 1,
                "1110010010": 1,
                "0011101111": 1,
                "1000011001": 1,
                "0010001101": 1,
                "1011101010": 2,
                "1101011101": 1,
                "0010111011": 1,
                "1011010110": 1,
                "0100010100": 1,
                "1101000001": 1,
                "1010111100": 1,
                "1100000100": 1,
                "1110100110": 1,
                "0111111101": 1,
                "0011110000": 1,
                "0101111000": 1,
                "0110001101": 1,
                "1010011110": 1,
                "0110100010": 1,
                "0010111100": 1,
                "0100000111": 1,
                "1110110011": 1
            },
            false,
            0.99
        ],
        [
            [
                [
                    -8,
                    3,
                    9
                ],
                [
                    10,
                    -1,
                    4
                ],
                [
                    -4,
                    -6,
                    9
                ],
                [
                    3,
                    -4,
                    -6
                ],
                [
                    -7,
                    1,
                    3
                ],
                [
                    -5,
                    3,
                    -2
                ],
                [
                    -2,
                    -10,
                    8
                ],
                [
                    -7,
                    3,
                    -10
                ],
                [
                    7,
                    -3,
                    10
                ],
                [
                    7,
                    -1,
                    -5
                ],
                [
                    9,
                    -7,
                    5
                ],
                [
                    6,
                    -1,
                    5
                ],
                [
                    -5,
                    6,
                    -3
                ],
                [
                    7,
                    -3,
                    1
                ],
                [
                    8,
                    -9,
                    6
                ],
                [
                    4,
                    -5,
                    -6
                ],
                [
                    -8,
                    -2,
                    -5
                ],
                [
                    9,
                    -8,
                    -2
                ],
                [
                    -6,
                    -1,
                    2
                ],
                [
                    10,
                    6,
                    -9
                ],
                [
                    7,
                    9,
                    -10
                ],
                [
                    8,
                    -5,
                    -2
                ],
                [
                    -5,
                    6,
                    -1
                ],
                [
                    1,
                    10,
                    -9
                ],
                [
                    2,
                    -8,
                    1
                ],
                [
                    2,
                    5,
                    -4
                ],
                [
                    -10,
                    9,
                    8
                ],
                [
                    -7,
                    5,
                    10
                ],
                [
                    -2,
                    7,
                    -4
                ],
                [
                    4,
                    2,
                    10
                ],
                [
                    -8,
                    1,
                    2
                ],
                [
                    5,
                    -7,
                    -6
                ],
                [
                    -5,
                    6,
                    -9
                ],
                [
                    -3,
                    -4,
                    -6
                ],
                [
                    1,
                    8,
                    -7
                ],
                [
                    4,
                    -3,
                    -1
                ],
                [
                    -10,
                    1,
                    6
                ],
                [
                    7,
                    -1,
                    8
                ],
                [
                    8,
                    6,
                    5
                ],
                [
                    -3,
                    9,
                    4
                ],
                [
                    -1,
                    6,
                    -2
                ],
                [
                    4,
                    9,
                    -10
                ],
                [
                    8,
                    -1,
                    3
                ],
                [
                    10,
                    -9,
                    5
                ],
                [
                    3,
                    7,
                    -10
                ]
            ],
            "{   'fun': 0.99,\n    'jac': None,\n    'nfev': 28,\n    'nit': None,\n    'njev': None,\n    'x': array([2.59818098, 3.75802497])}",
            {
                "0000010000": 1,
                "0101111010": 1,
                "1101101110": 1,
                "1011000011": 1,
                "0110101010": 1,
                "0011110110": 1,
                "0011101100": 1,
                "1000100101": 1,
                "0101111110": 1,
                "0110001000": 1,
                "1111110111": 1,
                "0001111110": 1,
                "0111011000": 1,
                "1100101101": 1,
                "1000011111": 1,
                "1110001101": 1,
                "0010111001": 1,
                "0111011110": 1,
                "0110110011": 1,
                "0011000101": 1,
                "0111111100": 1,
                "1010110111": 1,
                "1110001100": 1,
                "1010000110": 1,
                "1101110010": 1,
                "1010111111": 1,
                "1101001000": 1,
                "0101100111": 1,
                "1000001001": 1,
                "1100011100": 1,
                "1111011111": 1,
                "1010110010": 1,
                "0011001001": 1,
                "0000100110": 1,
                "1001100011": 1,
                "1011000111": 1,
                "1010101101": 1,
                "1001100100": 1,
                "1110000101": 1,
                "0110001001": 1,
                "1000101010": 1,
                "0001000111": 1,
                "0001100110": 1,
                "1100110010": 1,
                "0000010011": 1,
                "1110111111": 1,
                "1000110010": 1,
                "1000110001": 1,
                "1100010001": 1,
                "1000110111": 1,
                "0000011000": 1,
                "0011100101": 1,
                "1110000010": 1,
                "1000111000": 1,
                "1111111010": 1,
                "0111000111": 1,
                "1100000101": 2,
                "0101100101": 1,
                "1001000111": 1,
                "1001100110": 1,
                "0000100010": 1,
                "0100101111": 1,
                "1001101110": 1,
                "0001101101": 1,
                "0110000010": 1,
                "1010101111": 1,
                "0000000001": 1,
                "1100101001": 1,
                "0111100010": 1,
                "1011010100": 1,
                "0111100111": 1,
                "1010111011": 1,
                "1010101010": 1,
                "1101100000": 1,
                "0001111001": 1,
                "1101010000": 1,
                "0110101001": 1,
                "0010101010": 1,
                "1100000000": 1,
                "1100001000": 1,
                "0001101111": 1,
                "1100111000": 1,
                "1100110110": 1,
                "0011101101": 1,
                "0110011111": 1,
                "0000011111": 1,
                "1101011101": 1,
                "1110101111": 1,
                "0010011110": 2,
                "0101110010": 1,
                "0011000010": 1,
                "1100010100": 1,
                "0111011011": 2,
                "1100011001": 1,
                "1010010000": 1,
                "1101101101": 1,
                "0000110111": 1
            },
            true,
            0.91
        ],
        [
            [
                [
                    -9,
                    5,
                    -1
                ],
                [
                    9,
                    2,
                    -3
                ],
                [
                    -7,
                    -3,
                    -2
                ],
                [
                    9,
                    -1,
                    5
                ],
                [
                    -3,
                    -1,
                    9
                ],
                [
                    8,
                    -6,
                    -7
                ],
                [
                    -2,
                    -4,
                    10
                ],
                [
                    -7,
                    10,
                    -6
                ],
                [
                    10,
                    -4,
                    8
                ],
                [
                    4,
                    7,
                    1
                ],
                [
                    10,
                    -7,
                    -6
                ],
                [
                    -9,
                    4,
                    7
                ],
                [
                    10,
                    1,
                    -4
                ],
                [
                    5,
                    -1,
                    6
                ],
                [
                    -10,
                    6,
                    -8
                ],
                [
                    5,
                    2,
                    10
                ],
                [
                    -6,
                    2,
                    10
                ],
                [
                    8,
                    -1,
                    -6
                ],
                [
                    -2,
                    4,
                    -8
                ],
                [
                    9,
                    8,
                    -10
                ],
                [
                    -1,
                    -5,
                    6
                ],
                [
                    4,
                    3,
                    6
                ],
                [
                    8,
                    9,
                    -3
                ],
                [
                    4,
                    -6,
                    -9
                ],
                [
                    -5,
                    9,
                    7
                ],
                [
                    3,
                    8,
                    -4
                ],
                [
                    4,
                    6,
                    10
                ],
                [
                    -7,
                    -1,
                    -6
                ],
                [
                    -10,
                    -7,
                    2
                ],
                [
                    -10,
                    -1,
                    5
                ],
                [
                    10,
                    -5,
                    4
                ],
                [
                    -3,
                    5,
                    -8
                ],
                [
                    10,
                    -3,
                    -4
                ],
                [
                    -2,
                    9,
                    -3
                ],
                [
                    2,
                    -5,
                    -7
                ],
                [
                    2,
                    -9,
                    6
                ],
                [
                    7,
                    -5,
                    -1
                ],
                [
                    -5,
                    -6,
                    9
                ],
                [
                    -10,
                    -2,
                    5
                ],
                [
                    7,
                    -8,
                    5
                ],
                [
                    -2,
                    8,
                    6
                ],
                [
                    -10,
                    -1,
                    -4
                ],
                [
                    4,
                    -9,
                    2
                ],
                [
                    1,
                    9,
                    -5
                ],
                [
                    2,
                    3,
                    -8
                ]
            ],
            "{   'fun': 0.79,\n    'jac': None,\n    'nfev': 28,\n    'nit': None,\n    'njev': None,\n    'x': array([3.75196341, 2.76872004])}",
            {
                "1111011010": 1,
                "1100111100": 1,
                "0000111010": 1,
                "1100100011": 1,
                "1100011111": 1,
                "1101101100": 1,
                "0101010011": 1,
                "1001101011": 1,
                "0101001111": 1,
                "0000101110": 1,
                "1101010010": 1,
                "1100111110": 1,
                "1100110111": 1,
                "1001001110": 1,
                "1011100100": 1,
                "0000010101": 1,
                "1000111101": 1,
                "1100000111": 1,
                "1101110111": 1,
                "0011010011": 1,
                "0001110111": 1,
                "0011001100": 1,
                "0011001001": 1,
                "1111010010": 1,
                "1001110010": 1,
                "1111001110": 1,
                "0111101100": 1,
                "1010101000": 1,
                "0001100101": 1,
                "1110111100": 2,
                "1110001000": 1,
                "1100101100": 4,
                "1110101001": 1,
                "1111101010": 1,
                "0111001010": 1,
                "0110101011": 1,
                "1110110001": 1,
                "0101111100": 1,
                "1100000010": 1,
                "1110101101": 1,
                "1000011000": 1,
                "0100000010": 1,
                "0010101101": 1,
                "1110101110": 1,
                "0100100101": 1,
                "0001110110": 1,
                "0100000101": 1,
                "1101010101": 1,
                "1110111010": 2,
                "1101111010": 1,
                "0111000011": 1,
                "0011000110": 1,
                "0010011000": 1,
                "0100111001": 1,
                "1010110001": 1,
                "1011000110": 1,
                "1100010110": 1,
                "1011011101": 1,
                "0001010101": 1,
                "0011011011": 1,
                "0110111110": 1,
                "1111111010": 3,
                "1010111101": 1,
                "1110100010": 1,
                "1010011011": 1,
                "1000000000": 1,
                "0000100101": 1,
                "1000000001": 1,
                "0111110101": 1,
                "0110001010": 1,
                "1000011101": 1,
                "0010000010": 1,
                "0111110010": 1,
                "1010111111": 1,
                "1100110100": 1,
                "0011111000": 1,
                "0100101111": 1,
                "0010001001": 1,
                "1110111110": 3,
                "1000000111": 1,
                "1010111000": 1,
                "1111101001": 1,
                "0010010111": 1,
                "1101001000": 1,
                "1100011101": 1,
                "0100110001": 1,
                "1110100100": 1,
                "1100010011": 1,
                "0011100000": 1,
                "1101010100": 1,
                "0111110001": 1
            },
            true,
            0.75
        ],
        [
            [
                [
                    10,
                    8,
                    3
                ],
                [
                    2,
                    9,
                    6
                ],
                [
                    10,
                    1,
                    -6
                ],
                [
                    2,
                    7,
                    -9
                ],
                [
                    7,
                    -9,
                    -4
                ],
                [
                    -9,
                    -7,
                    -4
                ],
                [
                    6,
                    5,
                    4
                ],
                [
                    10,
                    4,
                    7
                ],
                [
                    -8,
                    1,
                    3
                ],
                [
                    -9,
                    1,
                    5
                ],
                [
                    1,
                    -2,
                    -6
                ],
                [
                    10,
                    -5,
                    -6
                ],
                [
                    10,
                    -4,
                    -3
                ],
                [
                    -1,
                    -3,
                    6
                ],
                [
                    10,
                    2,
                    5
                ],
                [
                    7,
                    8,
                    -3
                ],
                [
                    -7,
                    -10,
                    -4
                ],
                [
                    3,
                    8,
                    -4
                ],
                [
                    -9,
                    8,
                    -1
                ],
                [
                    -2,
                    -10,
                    -7
                ],
                [
                    5,
                    1,
                    9
                ],
                [
                    -10,
                    4,
                    -8
                ],
                [
                    4,
                    2,
                    7
                ],
                [
                    9,
                    1,
                    -10
                ],
                [
                    -2,
                    -4,
                    -3
                ],
                [
                    -8,
                    -9,
                    1
                ],
                [
                    9,
                    -5,
                    3
                ],
                [
                    7,
                    -2,
                    3
                ],
                [
                    2,
                    8,
                    -10
                ],
                [
                    7,
                    -3,
                    -4
                ],
                [
                    -1,
                    3,
                    -2
                ],
                [
                    -6,
                    -4,
                    10
                ],
                [
                    -1,
                    10,
                    4
                ],
                [
                    -8,
                    -1,
                    3
                ],
                [
                    6,
                    -4,
                    -8
                ],
                [
                    -4,
                    2,
                    -6
                ],
                [
                    -3,
                    -9,
                    -8
                ],
                [
                    -8,
                    -4,
                    10
                ],
                [
                    -7,
                    -4,
                    3
                ],
                [
                    -1,
                    -7,
                    -6
                ],
                [
                    10,
                    2,
                    9
                ],
                [
                    -7,
                    -10,
                    6
                ],
                [
                    -4,
                    3,
                    -1
                ],
                [
                    4,
                    3,
                    9
                ],
                [
                    9,
                    -1,
                    3
                ]
            ],
            "{   'fun': 0.93,\n    'jac': None,\n    'nfev': 32,\n    'nit': None,\n    'njev': None,\n    'x': array([2.82724693, 3.63245964])}",
            {
                "1001101100": 1,
                "0101011010": 1,
                "1001101101": 1,
                "0100101001": 1,
                "1000010111": 1,
                "1100011101": 1,
                "0110111011": 1,
                "1100101100": 1,
                "0101110001": 1,
                "1110000001": 1,
                "1010010111": 1,
                "0010110001": 1,
                "1000001000": 1,
                "1001010010": 1,
                "0101011000": 1,
                "0110000011": 1,
                "0100100101": 1,
                "0100000010": 1,
                "0011100101": 1,
                "1000101100": 1,
                "0111010011": 1,
                "0000110001": 2,
                "0001000111": 1,
                "0010001101": 1,
                "0000111010": 1,
                "0111000101": 1,
                "1110000101": 1,
                "1010101000": 1,
                "1011011100": 1,
                "0111011011": 1,
                "1010000001": 1,
                "1111100110": 1,
                "0011010110": 4,
                "1011101110": 1,
                "0001010011": 1,
                "0001010110": 2,
                "0110100101": 1,
                "0101101001": 1,
                "1111111001": 1,
                "1100001000": 1,
                "0011001110": 1,
                "1001100011": 1,
                "1101110101": 1,
                "1111011101": 1,
                "0101000011": 1,
                "0110000001": 1,
                "0001001101": 1,
                "1111101100": 1,
                "0011011011": 1,
                "0111110110": 1,
                "0001010101": 1,
                "1011000001": 1,
                "1111001000": 1,
                "1101111110": 1,
                "1000111110": 1,
                "1000000111": 1,
                "1001101111": 1,
                "1010101010": 1,
                "1101110011": 1,
                "1010010011": 1,
                "0101001101": 1,
                "1100011000": 1,
                "1011001111": 1,
                "0101010100": 3,
                "0011111010": 1,
                "0111100110": 1,
                "1111110101": 1,
                "0001101110": 1,
                "0110001110": 1,
                "0011011111": 1,
                "1001111000": 1,
                "1001000110": 1,
                "0000000010": 1,
                "1100000100": 1,
                "1011100110": 1,
                "0010010110": 1,
                "1101000001": 1,
                "1001110010": 1,
                "0101000111": 1,
                "1100000000": 1,
                "0101110010": 1,
                "1101011001": 1,
                "0001001000": 1,
                "1111101011": 1,
                "1101100100": 1,
                "0111000001": 1,
                "1010010100": 1,
                "0111111001": 1,
                "0011010101": 1,
                "1111001111": 1,
                "0100111111": 1,
                "0100100111": 1,
                "0000011000": 1
            },
            true,
            0.85
        ]
    ]
}