{
    "n": 10,
    "m": 45,
    "results": [
        [
            [
                [
                    -5,
                    9,
                    6
                ],
                [
                    -3,
                    5,
                    -1
                ],
                [
                    10,
                    8,
                    3
                ],
                [
                    -9,
                    -8,
                    7
                ],
                [
                    7,
                    1,
                    8
                ],
                [
                    -2,
                    6,
                    -1
                ],
                [
                    2,
                    10,
                    8
                ],
                [
                    -9,
                    4,
                    -2
                ],
                [
                    7,
                    -1,
                    2
                ],
                [
                    9,
                    6,
                    -3
                ],
                [
                    -2,
                    9,
                    6
                ],
                [
                    -1,
                    -6,
                    4
                ],
                [
                    -9,
                    -5,
                    -4
                ],
                [
                    10,
                    6,
                    4
                ],
                [
                    9,
                    6,
                    3
                ],
                [
                    4,
                    -6,
                    3
                ],
                [
                    4,
                    -5,
                    -3
                ],
                [
                    -6,
                    -3,
                    2
                ],
                [
                    -3,
                    -1,
                    6
                ],
                [
                    -7,
                    6,
                    5
                ],
                [
                    -6,
                    1,
                    -4
                ],
                [
                    -7,
                    -2,
                    -4
                ],
                [
                    -6,
                    4,
                    -2
                ],
                [
                    -5,
                    6,
                    -3
                ],
                [
                    5,
                    6,
                    9
                ],
                [
                    -3,
                    -8,
                    5
                ],
                [
                    10,
                    -9,
                    -5
                ],
                [
                    -4,
                    1,
                    10
                ],
                [
                    -8,
                    4,
                    2
                ],
                [
                    -2,
                    -1,
                    -7
                ],
                [
                    -10,
                    2,
                    7
                ],
                [
                    -3,
                    -7,
                    8
                ],
                [
                    -2,
                    -9,
                    7
                ],
                [
                    -10,
                    1,
                    -4
                ],
                [
                    -1,
                    -5,
                    4
                ],
                [
                    -5,
                    -6,
                    1
                ],
                [
                    4,
                    10,
                    -5
                ],
                [
                    -3,
                    2,
                    -10
                ],
                [
                    6,
                    10,
                    -2
                ],
                [
                    -9,
                    -6,
                    -7
                ],
                [
                    9,
                    -4,
                    -8
                ],
                [
                    6,
                    -2,
                    -8
                ],
                [
                    8,
                    5,
                    2
                ],
                [
                    -2,
                    9,
                    3
                ],
                [
                    -4,
                    -10,
                    8
                ]
            ],
            "{   'fun': 0.97,\n    'jac': None,\n    'nfev': 28,\n    'nit': None,\n    'njev': None,\n    'x': array([3.20552925, 0.71954534])}",
            {
                "1001010001": 1,
                "1010100011": 1,
                "1101101101": 1,
                "1100001000": 1,
                "0101010100": 1,
                "1011110001": 1,
                "0011111110": 1,
                "0101100000": 1,
                "0001111110": 1,
                "0111111010": 1,
                "0000110101": 1,
                "0101000100": 1,
                "0001110010": 1,
                "0101100111": 1,
                "0110000000": 1,
                "0010000110": 1,
                "1011111111": 1,
                "1000110110": 1,
                "0111100110": 1,
                "0101010001": 1,
                "1100100000": 1,
                "1110111000": 1,
                "1111000100": 1,
                "0011110010": 1,
                "1001100110": 1,
                "0111001011": 1,
                "0101010101": 1,
                "0000000100": 1,
                "1000100110": 1,
                "0110101110": 1,
                "1001000000": 1,
                "0111001010": 1,
                "1110011000": 1,
                "0010011011": 1,
                "0110100101": 2,
                "0000111111": 3,
                "0001010010": 1,
                "1000010011": 1,
                "1000110111": 1,
                "1110111111": 1,
                "0100000010": 1,
                "1101011010": 1,
                "0011101111": 1,
                "0101001101": 1,
                "1001111100": 1,
                "1100011000": 1,
                "0011011000": 1,
                "0101001110": 1,
                "0110101111": 1,
                "1100110110": 1,
                "1100111000": 1,
                "1000100011": 1,
                "1010001100": 1,
                "1111101110": 1,
                "1110010111": 1,
                "1011100010": 1,
                "0110111010": 2,
                "0100010110": 1,
                "1000010111": 1,
                "0001100000": 1,
                "1011010001": 1,
                "1101010000": 1,
                "1100010101": 1,
                "1001100010": 1,
                "0000010000": 1,
                "0100011011": 1,
                "0110111111": 1,
                "1011111001": 1,
                "0001110110": 1,
                "1010010101": 1,
                "1100111111": 1,
                "1110000000": 1,
                "1011110011": 1,
                "1010011001": 1,
                "1010111101": 1,
                "1001100001": 1,
                "0001010000": 1,
                "1110101010": 1,
                "0001000101": 1,
                "0000100110": 1,
                "1000111111": 1,
                "0111110011": 1,
                "0001001101": 1,
                "0101111000": 1,
                "1011101011": 1,
                "1111011101": 1,
                "1100000011": 1,
                "1110000101": 1,
                "0000111010": 2,
                "0110010001": 1,
                "1001110101": 1,
                "0000101111": 1,
                "1000001010": 1,
                "0101111100": 1,
                "1100011010": 1
            },
            true,
            0.95
        ],
        [
            [
                [
                    -1,
                    4,
                    10
                ],
                [
                    1,
                    -7,
                    -2
                ],
                [
                    3,
                    -5,
                    -1
                ],
                [
                    4,
                    -3,
                    8
                ],
                [
                    9,
                    2,
                    -5
                ],
                [
                    -9,
                    7,
                    1
                ],
                [
                    -6,
                    9,
                    7
                ],
                [
                    -10,
                    -9,
                    1
                ],
                [
                    -1,
                    -4,
                    8
                ],
                [
                    9,
                    -6,
                    -8
                ],
                [
                    10,
                    2,
                    3
                ],
                [
                    -2,
                    7,
                    -6
                ],
                [
                    -6,
                    -7,
                    -4
                ],
                [
                    2,
                    -9,
                    10
                ],
                [
                    3,
                    -5,
                    -1
                ],
                [
                    3,
                    8,
                    7
                ],
                [
                    -3,
                    -4,
                    -10
                ],
                [
                    5,
                    -9,
                    4
                ],
                [
                    1,
                    -8,
                    -6
                ],
                [
                    -5,
                    -2,
                    7
                ],
                [
                    -1,
                    -5,
                    2
                ],
                [
                    -5,
                    7,
                    3
                ],
                [
                    -4,
                    5,
                    -10
                ],
                [
                    -10,
                    -6,
                    2
                ],
                [
                    -9,
                    5,
                    -4
                ],
                [
                    10,
                    -4,
                    -6
                ],
                [
                    -10,
                    -7,
                    -3
                ],
                [
                    6,
                    -4,
                    -1
                ],
                [
                    8,
                    -2,
                    -9
                ],
                [
                    8,
                    7,
                    -2
                ],
                [
                    10,
                    -8,
                    -2
                ],
                [
                    -3,
                    4,
                    -6
                ],
                [
                    -7,
                    4,
                    -3
                ],
                [
                    4,
                    9,
                    10
                ],
                [
                    4,
                    -10,
                    -1
                ],
                [
                    1,
                    -9,
                    -5
                ],
                [
                    3,
                    4,
                    -10
                ],
                [
                    -9,
                    10,
                    8
                ],
                [
                    -4,
                    1,
                    5
                ],
                [
                    3,
                    -6,
                    2
                ],
                [
                    -5,
                    7,
                    -4
                ],
                [
                    -2,
                    -3,
                    -1
                ],
                [
                    -5,
                    9,
                    7
                ],
                [
                    -2,
                    1,
                    -10
                ],
                [
                    -5,
                    -4,
                    1
                ]
            ],
            "{   'fun': 1.0,\n    'jac': None,\n    'nfev': 30,\n    'nit': None,\n    'njev': None,\n    'x': array([0.86667163, 3.02835387])}",
            {
                "0001101110": 1,
                "0000000110": 1,
                "0000111101": 1,
                "0000101000": 1,
                "1010111010": 1,
                "0001010001": 1,
                "1010100011": 1,
                "0111011110": 1,
                "0100010111": 1,
                "0110011000": 1,
                "1100010010": 1,
                "0111101010": 1,
                "0011011010": 1,
                "0110100011": 1,
                "0010000011": 1,
                "0110011011": 1,
                "0001111100": 1,
                "0111110100": 1,
                "1110110010": 1,
                "1000101011": 1,
                "1111110010": 2,
                "1000111010": 1,
                "1110000100": 1,
                "0110100010": 1,
                "1101110111": 1,
                "1001101010": 1,
                "1110011100": 1,
                "0000100011": 1,
                "0111001101": 1,
                "0001110001": 1,
                "0111011000": 2,
                "0111101011": 1,
                "0001100101": 1,
                "1010110101": 1,
                "0101001011": 1,
                "0110001101": 1,
                "1011101011": 1,
                "1001111010": 1,
                "1011010101": 1,
                "0011111001": 1,
                "1000000001": 1,
                "1011111010": 1,
                "1001101001": 1,
                "0100111111": 1,
                "0110111110": 1,
                "0011010111": 1,
                "1110110101": 1,
                "1011101010": 1,
                "0010101110": 1,
                "0101110101": 1,
                "1111010000": 1,
                "1011111100": 1,
                "0101010110": 1,
                "1111111110": 1,
                "0011100010": 1,
                "1000101001": 1,
                "0110111100": 1,
                "0010001110": 1,
                "0011110010": 1,
                "0001011101": 1,
                "1000000011": 1,
                "1001000110": 1,
                "1101011000": 1,
                "1100011010": 1,
                "1000101000": 1,
                "0100011010": 1,
                "1011101001": 2,
                "1010000010": 1,
                "1100110000": 1,
                "1110001111": 1,
                "1111010001": 1,
                "1011000011": 1,
                "1111101100": 1,
                "1010000111": 1,
                "1010010110": 1,
                "0001101010": 1,
                "1000001011": 2,
                "1001111111": 1,
                "0001100011": 1,
                "0101010010": 1,
                "1010000100": 1,
                "0101111101": 1,
                "0001011110": 1,
                "0010100000": 1,
                "1111101010": 1,
                "0101000110": 1,
                "1001010101": 1,
                "0001011011": 1,
                "0110101111": 1,
                "0001110111": 1,
                "1100100010": 1,
                "0000100110": 1,
                "0000011101": 1,
                "1000001001": 1,
                "0111101101": 1,
                "1110010101": 1
            },
            false,
            0.96
        ],
        [
            [
                [
                    -6,
                    9,
                    8
                ],
                [
                    -10,
                    -4,
                    8
                ],
                [
                    5,
                    -10,
                    9
                ],
                [
                    -3,
                    -8,
                    -4
                ],
                [
                    3,
                    9,
                    6
                ],
                [
                    -7,
                    -2,
                    4
                ],
                [
                    -1,
                    -10,
                    -3
                ],
                [
                    -6,
                    -2,
                    8
                ],
                [
                    -7,
                    -10,
                    -6
                ],
                [
                    9,
                    -1,
                    10
                ],
                [
                    4,
                    2,
                    -3
                ],
                [
                    7,
                    -10,
                    -8
                ],
                [
                    -7,
                    6,
                    -10
                ],
                [
                    -7,
                    10,
                    8
                ],
                [
                    -2,
                    -9,
                    -4
                ],
                [
                    -7,
                    4,
                    -6
                ],
                [
                    -10,
                    -1,
                    -7
                ],
                [
                    5,
                    4,
                    -9
                ],
                [
                    -3,
                    -8,
                    2
                ],
                [
                    1,
                    -9,
                    2
                ],
                [
                    -6,
                    5,
                    -7
                ],
                [
                    6,
                    4,
                    2
                ],
                [
                    1,
                    7,
                    4
                ],
                [
                    -9,
                    -6,
                    10
                ],
                [
                    7,
                    5,
                    -4
                ],
                [
                    -4,
                    -5,
                    9
                ],
                [
                    -8,
                    -1,
                    -5
                ],
                [
                    9,
                    -2,
                    8
                ],
                [
                    -4,
                    -6,
                    -7
                ],
                [
                    4,
                    -3,
                    -6
                ],
                [
                    2,
                    10,
                    3
                ],
                [
                    -5,
                    1,
                    9
                ],
                [
                    9,
                    -4,
                    -3
                ],
                [
                    -2,
                    -9,
                    -6
                ],
                [
                    -7,
                    -9,
                    -4
                ],
                [
                    -4,
                    10,
                    2
                ],
                [
                    2,
                    8,
                    -4
                ],
                [
                    -2,
                    -9,
                    -7
                ],
                [
                    -7,
                    5,
                    2
                ],
                [
                    2,
                    -6,
                    -7
                ],
                [
                    4,
                    8,
                    -6
                ],
                [
                    10,
                    -8,
                    -3
                ],
                [
                    -9,
                    3,
                    -2
                ],
                [
                    3,
                    1,
                    -7
                ],
                [
                    -9,
                    -6,
                    5
                ]
            ],
            "{   'fun': 1.0,\n    'jac': None,\n    'nfev': 26,\n    'nit': None,\n    'njev': None,\n    'x': array([1.92001995, 0.89178559])}",
            {
                "0001101000": 1,
                "1101010100": 1,
                "1011010000": 1,
                "0101101010": 1,
                "1011011010": 1,
                "0001100010": 1,
                "0000111100": 1,
                "0101010111": 1,
                "1101001000": 1,
                "1111011001": 2,
                "1011110100": 1,
                "1011111000": 1,
                "0110100010": 1,
                "0101100111": 1,
                "1101011101": 1,
                "1111100011": 1,
                "1100000000": 1,
                "0111100101": 1,
                "1100001110": 1,
                "0110101110": 1,
                "0000111000": 1,
                "0111000010": 1,
                "0000101001": 1,
                "1100110001": 2,
                "0011111001": 1,
                "1110001001": 1,
                "1001010101": 1,
                "0010100110": 1,
                "1110001011": 1,
                "1011000100": 1,
                "0111000000": 1,
                "1110001110": 1,
                "0000011111": 1,
                "0111010101": 2,
                "1100010111": 1,
                "1110011111": 1,
                "0010110101": 1,
                "0011110010": 2,
                "1000010001": 2,
                "0001110000": 1,
                "0010100000": 1,
                "0000111111": 1,
                "0111001111": 1,
                "0111011110": 1,
                "0111001101": 1,
                "1011001000": 1,
                "0100001101": 1,
                "1000001010": 1,
                "0010111110": 1,
                "1110110001": 1,
                "0010001000": 1,
                "0000000000": 1,
                "0000011001": 1,
                "0100111011": 1,
                "0001110110": 1,
                "1000001110": 1,
                "0010110100": 1,
                "1001001001": 1,
                "0100010111": 3,
                "0100101101": 1,
                "0101101011": 1,
                "1010110010": 1,
                "1101001010": 1,
                "0100101010": 1,
                "1101010010": 1,
                "0000000001": 2,
                "1101110001": 1,
                "0111101101": 2,
                "1000011101": 1,
                "0110010111": 1,
                "1010001000": 2,
                "1101110010": 1,
                "1010101100": 1,
                "0000001111": 1,
                "1000101001": 1,
                "1010101101": 1,
                "0010110011": 1,
                "0001000100": 1,
                "0011101001": 1,
                "0110010110": 1,
                "1100100001": 1,
                "0100110110": 1,
                "1101101010": 1,
                "0001011010": 1,
                "0101011110": 1,
                "1001100111": 1,
                "0101011111": 1,
                "0101100000": 1,
                "1110111100": 1,
                "1010000010": 1
            },
            false,
            0.98
        ],
        [
            [
                [
                    -7,
                    -6,
                    10
                ],
                [
                    6,
                    9,
                    5
                ],
                [
                    -4,
                    -6,
                    3
                ],
                [
                    -10,
                    -6,
                    -5
                ],
                [
                    -8,
                    -3,
                    5
                ],
                [
                    6,
                    -9,
                    8
                ],
                [
                    -3,
                    -9,
                    -5
                ],
                [
                    7,
                    -3,
                    -2
                ],
                [
                    4,
                    -1,
                    3
                ],
                [
                    6,
                    -1,
                    9
                ],
                [
                    2,
                    6,
                    -7
                ],
                [
                    -6,
                    7,
                    -10
                ],
                [
                    9,
                    3,
                    -8
                ],
                [
                    -7,
                    5,
                    8
                ],
                [
                    -2,
                    -10,
                    1
                ],
                [
                    -5,
                    -10,
                    4
                ],
                [
                    7,
                    6,
                    3
                ],
                [
                    2,
                    -6,
                    -1
                ],
                [
                    5,
                    7,
                    -6
                ],
                [
                    1,
                    8,
                    -3
                ],
                [
                    -2,
                    7,
                    10
                ],
                [
                    2,
                    -1,
                    -10
                ],
                [
                    -2,
                    6,
                    -1
                ],
                [
                    2,
                    9,
                    -1
                ],
                [
                    -1,
                    10,
                    -9
                ],
                [
                    8,
                    5,
                    9
                ],
                [
                    -10,
                    -2,
                    -6
                ],
                [
                    8,
                    9,
                    6
                ],
                [
                    -2,
                    -7,
                    4
                ],
                [
                    8,
                    7,
                    -3
                ],
                [
                    -5,
                    -4,
                    -9
                ],
                [
                    -4,
                    -5,
                    1
                ],
                [
                    -8,
                    -2,
                    9
                ],
                [
                    -5,
                    -9,
                    7
                ],
                [
                    -3,
                    -7,
                    -9
                ],
                [
                    -3,
                    -4,
                    -9
                ],
                [
                    6,
                    -8,
                    -5
                ],
                [
                    -9,
                    -4,
                    10
                ],
                [
                    -5,
                    -7,
                    3
                ],
                [
                    7,
                    4,
                    10
                ],
                [
                    -3,
                    2,
                    -8
                ],
                [
                    6,
                    4,
                    -9
                ],
                [
                    -8,
                    -3,
                    4
                ],
                [
                    -6,
                    10,
                    1
                ],
                [
                    -9,
                    4,
                    -7
                ]
            ],
            "{   'fun': 1.0,\n    'jac': None,\n    'nfev': 13,\n    'nit': None,\n    'njev': None,\n    'x': array([0.75198785, 2.768817  ])}",
            {
                "0001100011": 1,
                "0110111000": 1,
                "0101000011": 1,
                "1101000110": 1,
                "0100000001": 1,
                "0101000110": 1,
                "1110111011": 1,
                "0101011010": 1,
                "0111011100": 1,
                "1000101010": 1,
                "0101011011": 1,
                "0011101000": 1,
                "0001110110": 1,
                "0100010111": 1,
                "0001001000": 1,
                "1110001000": 1,
                "0110011011": 1,
                "0001100010": 1,
                "0011110100": 1,
                "1110000101": 1,
                "1000111100": 1,
                "1111000100": 1,
                "1001011001": 1,
                "1101101111": 1,
                "0000101101": 1,
                "1000110011": 1,
                "0101010001": 2,
                "0100000110": 1,
                "0010011101": 1,
                "1011100010": 1,
                "1110100011": 1,
                "1101100001": 1,
                "0100100100": 1,
                "1101011110": 1,
                "0100011101": 1,
                "1001101010": 1,
                "0010111001": 1,
                "1001000000": 1,
                "0110011100": 1,
                "0001010001": 2,
                "0100011010": 1,
                "0100101011": 1,
                "0010011000": 1,
                "1010011110": 1,
                "1000111011": 1,
                "0000011100": 1,
                "0011001010": 1,
                "0011001100": 1,
                "0001000101": 1,
                "0000101001": 1,
                "1110011101": 1,
                "1111011000": 1,
                "1111101110": 1,
                "0011000111": 2,
                "0000110110": 1,
                "1111110010": 1,
                "0010001100": 1,
                "0010001001": 1,
                "1000001011": 2,
                "0001101000": 1,
                "0110011000": 1,
                "1100100010": 1,
                "1101111101": 1,
                "1001001110": 1,
                "0011100000": 1,
                "1101101110": 1,
                "1001111101": 1,
                "0100111111": 1,
                "1110001101": 1,
                "1001100000": 1,
                "0001101001": 1,
                "1101100011": 1,
                "0010101001": 1,
                "0111100011": 1,
                "0100100011": 1,
                "0101100000": 1,
                "0000101000": 1,
                "0100111011": 1,
                "0010101000": 2,
                "0110001101": 1,
                "0000110011": 1,
                "0110011110": 1,
                "0100010110": 1,
                "1000100011": 1,
                "0010110110": 1,
                "1011000001": 1,
                "0011011110": 1,
                "1000011111": 1,
                "0101111101": 1,
                "1010011000": 1,
                "0111001110": 1,
                "0001000100": 1,
                "0010110011": 1,
                "1010100000": 1,
                "0101011111": 1
            },
            false,
            1.0
        ],
        [
            [
                [
                    3,
                    8,
                    -7
                ],
                [
                    -10,
                    -7,
                    -3
                ],
                [
                    6,
                    -8,
                    10
                ],
                [
                    -2,
                    -4,
                    -1
                ],
                [
                    -6,
                    -4,
                    5
                ],
                [
                    7,
                    6,
                    -3
                ],
                [
                    -4,
                    -3,
                    2
                ],
                [
                    -5,
                    2,
                    6
                ],
                [
                    6,
                    -9,
                    2
                ],
                [
                    -10,
                    1,
                    7
                ],
                [
                    4,
                    9,
                    1
                ],
                [
                    4,
                    -2,
                    1
                ],
                [
                    1,
                    5,
                    7
                ],
                [
                    -3,
                    -4,
                    -7
                ],
                [
                    -2,
                    -3,
                    9
                ],
                [
                    5,
                    10,
                    -9
                ],
                [
                    -6,
                    -4,
                    -9
                ],
                [
                    1,
                    4,
                    -5
                ],
                [
                    10,
                    -7,
                    -5
                ],
                [
                    -10,
                    -7,
                    9
                ],
                [
                    -6,
                    -7,
                    2
                ],
                [
                    6,
                    -2,
                    -7
                ],
                [
                    -2,
                    -5,
                    10
                ],
                [
                    3,
                    -9,
                    -8
                ],
                [
                    -6,
                    4,
                    -10
                ],
                [
                    4,
                    3,
                    1
                ],
                [
                    1,
                    -3,
                    -6
                ],
                [
                    2,
                    3,
                    -9
                ],
                [
                    -7,
                    10,
                    2
                ],
                [
                    5,
                    -2,
                    3
                ],
                [
                    -8,
                    -3,
                    10
                ],
                [
                    9,
                    -5,
                    4
                ],
                [
                    -1,
                    -5,
                    -9
                ],
                [
                    -5,
                    10,
                    8
                ],
                [
                    -1,
                    -5,
                    -9
                ],
                [
                    -7,
                    9,
                    1
                ],
                [
                    7,
                    -10,
                    1
                ],
                [
                    -5,
                    10,
                    -6
                ],
                [
                    9,
                    -7,
                    5
                ],
                [
                    -3,
                    -8,
                    9
                ],
                [
                    -1,
                    -3,
                    7
                ],
                [
                    -5,
                    -3,
                    -6
                ],
                [
                    -5,
                    -6,
                    2
                ],
                [
                    3,
                    10,
                    4
                ],
                [
                    -3,
                    -1,
                    2
                ]
            ],
            "{   'fun': 1.0,\n    'jac': None,\n    'nfev': 26,\n    'nit': None,\n    'njev': None,\n    'x': array([1.17053694, 1.64173345])}",
            {
                "1011001010": 1,
                "0000111110": 1,
                "1011010001": 1,
                "0011101001": 1,
                "1110000001": 1,
                "1100111001": 1,
                "0011101111": 1,
                "1110101100": 1,
                "0100111001": 1,
                "0101011010": 1,
                "0101110001": 2,
                "1010111101": 1,
                "1011100011": 1,
                "0110110110": 1,
                "1110110111": 1,
                "0001001100": 1,
                "0011100100": 1,
                "0100101110": 1,
                "0100011100": 1,
                "1101111110": 1,
                "0011100000": 1,
                "0111000101": 1,
                "0000111010": 1,
                "0111110100": 1,
                "0000010100": 1,
                "1110001110": 1,
                "1100101001": 1,
                "0010110000": 1,
                "0110101000": 1,
                "1001010011": 1,
                "1100000100": 1,
                "0011001011": 1,
                "0010001010": 1,
                "1100100111": 1,
                "0000010111": 1,
                "1110010101": 1,
                "1001000011": 2,
                "0101010100": 2,
                "1101110010": 1,
                "1011110000": 1,
                "0010000001": 1,
                "0101010011": 1,
                "1000100101": 1,
                "0010101001": 1,
                "0111011101": 1,
                "0000001111": 1,
                "0000011000": 1,
                "0100001111": 1,
                "0011111110": 1,
                "1100110110": 1,
                "1100111000": 1,
                "0010110010": 1,
                "0110110101": 1,
                "0100010000": 1,
                "0110010000": 1,
                "0110001000": 1,
                "0101011000": 1,
                "0100100100": 1,
                "1001100111": 1,
                "0000100111": 2,
                "1000100010": 1,
                "0000000100": 1,
                "0001010001": 1,
                "1101010001": 1,
                "0100000010": 1,
                "0101000111": 1,
                "0100001000": 1,
                "0101001111": 1,
                "0010100010": 1,
                "0100101010": 1,
                "1010001100": 1,
                "1111101110": 1,
                "1100110010": 1,
                "1011010111": 2,
                "1100010100": 1,
                "0111110011": 1,
                "1000010010": 1,
                "1011001101": 1,
                "1101100000": 1,
                "0111111001": 1,
                "1111011011": 1,
                "1101101010": 2,
                "1101000111": 1,
                "1000101100": 1,
                "1100001101": 1,
                "1101001010": 1,
                "1010010001": 1,
                "1111111110": 1,
                "1111110011": 1,
                "0111000010": 1,
                "0111001001": 1,
                "1111110101": 1,
                "1000110011": 1,
                "0101001001": 1
            },
            false,
            0.96
        ]
    ]
}