{
    "n": 10,
    "m": 45,
    "results": [
        [
            [
                [
                    9,
                    -4,
                    -8
                ],
                [
                    -8,
                    -3,
                    1
                ],
                [
                    3,
                    6,
                    -10
                ],
                [
                    5,
                    8,
                    -4
                ],
                [
                    -6,
                    -1,
                    7
                ],
                [
                    10,
                    -1,
                    -7
                ],
                [
                    5,
                    8,
                    -3
                ],
                [
                    3,
                    -10,
                    6
                ],
                [
                    -8,
                    2,
                    -10
                ],
                [
                    8,
                    9,
                    -1
                ],
                [
                    1,
                    8,
                    -3
                ],
                [
                    6,
                    10,
                    -8
                ],
                [
                    7,
                    -2,
                    6
                ],
                [
                    -4,
                    -7,
                    -3
                ],
                [
                    -3,
                    -5,
                    7
                ],
                [
                    -5,
                    -8,
                    -4
                ],
                [
                    -8,
                    10,
                    -4
                ],
                [
                    -10,
                    1,
                    -5
                ],
                [
                    3,
                    -7,
                    6
                ],
                [
                    1,
                    2,
                    9
                ],
                [
                    -2,
                    -1,
                    -7
                ],
                [
                    4,
                    -6,
                    9
                ],
                [
                    4,
                    -5,
                    7
                ],
                [
                    -8,
                    7,
                    -9
                ],
                [
                    8,
                    5,
                    -3
                ],
                [
                    4,
                    -10,
                    8
                ],
                [
                    10,
                    -4,
                    7
                ],
                [
                    -3,
                    -8,
                    -1
                ],
                [
                    8,
                    -4,
                    1
                ],
                [
                    -8,
                    -10,
                    4
                ],
                [
                    -8,
                    -7,
                    -3
                ],
                [
                    -9,
                    -5,
                    -3
                ],
                [
                    10,
                    8,
                    5
                ],
                [
                    -8,
                    -4,
                    1
                ],
                [
                    -9,
                    -6,
                    -7
                ],
                [
                    8,
                    -4,
                    -6
                ],
                [
                    -4,
                    -10,
                    -1
                ],
                [
                    -9,
                    6,
                    2
                ],
                [
                    -6,
                    -2,
                    -1
                ],
                [
                    9,
                    -4,
                    -5
                ],
                [
                    -3,
                    -5,
                    -8
                ],
                [
                    9,
                    1,
                    -4
                ],
                [
                    2,
                    7,
                    6
                ],
                [
                    1,
                    -9,
                    -7
                ],
                [
                    -5,
                    -10,
                    8
                ]
            ],
            "{   'fun': 1.0,\n    'jac': None,\n    'nfev': 5,\n    'nit': 0,\n    'njev': 1,\n    'x': array([0.52740253, 0.17713412, 0.19211593, 0.02383559])}",
            {
                "0011110111": 1,
                "1110111101": 1,
                "1001101110": 1,
                "0110101110": 1,
                "0010010111": 1,
                "0111101101": 1,
                "1100011100": 1,
                "0110001101": 1,
                "0011001000": 1,
                "0100111010": 1,
                "0001000001": 1,
                "1101101111": 1,
                "0010000100": 1,
                "1110101100": 1,
                "1001110101": 1,
                "1100110110": 1,
                "1010000110": 1,
                "1110010111": 1,
                "1011001001": 1,
                "1101100101": 1,
                "1011110010": 1,
                "0111000101": 1,
                "1010111101": 1,
                "0000000111": 1,
                "0110001001": 1,
                "0001000111": 1,
                "0111110110": 1,
                "1111111001": 1,
                "0111101011": 1,
                "0000000001": 1,
                "0011100011": 1,
                "1100111110": 1,
                "0001010001": 1,
                "1101011011": 1,
                "1110110011": 1,
                "0100101001": 1,
                "0101110011": 1,
                "1000011101": 1,
                "1000111000": 1,
                "1100110111": 1,
                "0011010010": 1,
                "1111101111": 1,
                "0101011100": 1,
                "0101001001": 1,
                "0010100110": 1,
                "0000011000": 1,
                "0011001110": 1,
                "1110101000": 1,
                "0001101101": 1,
                "0110000010": 1,
                "1100101100": 1,
                "0101110001": 1,
                "0100110110": 1,
                "1011110000": 1,
                "0111110010": 1,
                "1011000010": 1,
                "0100100101": 1,
                "0011101000": 1,
                "1011101100": 1,
                "0011000011": 1,
                "0001011100": 1,
                "1001000110": 1,
                "1111010100": 1,
                "1101011000": 1,
                "1000001000": 1,
                "1000111010": 1,
                "1100101010": 1,
                "0011100100": 1,
                "0111011000": 1,
                "1100101110": 1,
                "1101001010": 1,
                "1001111110": 1,
                "0111101100": 1,
                "0110000101": 1,
                "0111010110": 1,
                "1011100000": 1,
                "0101111001": 1,
                "1111100100": 1,
                "1001101011": 1,
                "1100000100": 2,
                "1011101110": 1,
                "1111110000": 1,
                "0100100110": 1,
                "0110111001": 1,
                "0101100011": 1,
                "0111101110": 1,
                "1100000101": 1,
                "0001100000": 1,
                "1110000110": 1,
                "1100001100": 1,
                "0111111011": 1,
                "0101101100": 1,
                "1001010101": 1,
                "1010010100": 1,
                "0011010011": 1,
                "1010100010": 1,
                "0011000110": 1,
                "0011000111": 1,
                "0010110010": 1
            },
            false,
            1.0
        ],
        [
            [
                [
                    -4,
                    2,
                    -6
                ],
                [
                    -5,
                    1,
                    -10
                ],
                [
                    -7,
                    4,
                    10
                ],
                [
                    -4,
                    -10,
                    7
                ],
                [
                    1,
                    -6,
                    -2
                ],
                [
                    1,
                    10,
                    -3
                ],
                [
                    4,
                    -1,
                    10
                ],
                [
                    -5,
                    7,
                    4
                ],
                [
                    1,
                    7,
                    -4
                ],
                [
                    -5,
                    -2,
                    10
                ],
                [
                    -8,
                    -10,
                    -4
                ],
                [
                    6,
                    -7,
                    -4
                ],
                [
                    5,
                    6,
                    9
                ],
                [
                    1,
                    -10,
                    7
                ],
                [
                    -9,
                    3,
                    -10
                ],
                [
                    3,
                    -5,
                    8
                ],
                [
                    3,
                    10,
                    -5
                ],
                [
                    7,
                    4,
                    -1
                ],
                [
                    7,
                    3,
                    -6
                ],
                [
                    1,
                    -9,
                    7
                ],
                [
                    -3,
                    6,
                    -1
                ],
                [
                    5,
                    -1,
                    -7
                ],
                [
                    8,
                    2,
                    1
                ],
                [
                    10,
                    7,
                    -9
                ],
                [
                    9,
                    -3,
                    2
                ],
                [
                    -10,
                    -8,
                    -4
                ],
                [
                    3,
                    -7,
                    -2
                ],
                [
                    -3,
                    -10,
                    1
                ],
                [
                    6,
                    -1,
                    -4
                ],
                [
                    7,
                    6,
                    2
                ],
                [
                    6,
                    1,
                    -5
                ],
                [
                    3,
                    -10,
                    -7
                ],
                [
                    -3,
                    5,
                    2
                ],
                [
                    -8,
                    4,
                    9
                ],
                [
                    3,
                    -2,
                    4
                ],
                [
                    3,
                    -1,
                    8
                ],
                [
                    3,
                    -10,
                    7
                ],
                [
                    5,
                    -2,
                    9
                ],
                [
                    -1,
                    -7,
                    5
                ],
                [
                    -4,
                    1,
                    -3
                ],
                [
                    -10,
                    -6,
                    8
                ],
                [
                    -7,
                    -5,
                    6
                ],
                [
                    -3,
                    4,
                    5
                ],
                [
                    -6,
                    -9,
                    -8
                ],
                [
                    3,
                    5,
                    10
                ]
            ],
            "{   'fun': 1.0,\n    'jac': None,\n    'nfev': 5,\n    'nit': 0,\n    'njev': 1,\n    'x': array([2.42272838, 2.07750153, 1.7463542 , 2.86819155])}",
            {
                "1111000001": 1,
                "1010001011": 1,
                "1110001010": 1,
                "1101000110": 1,
                "0101100110": 1,
                "1000011100": 1,
                "1001110011": 1,
                "0111000000": 1,
                "0111001011": 1,
                "1111011000": 1,
                "1111101111": 1,
                "0101100010": 1,
                "0100110000": 1,
                "0001110111": 1,
                "0101001101": 1,
                "1101001110": 1,
                "1001111100": 1,
                "1000110111": 1,
                "1101000111": 1,
                "0110101100": 1,
                "1110100101": 1,
                "0011001101": 1,
                "1111001111": 1,
                "0110000111": 1,
                "1110111001": 1,
                "0110001110": 1,
                "1001101001": 1,
                "0011000111": 1,
                "1101001111": 1,
                "0101110000": 1,
                "0000011111": 1,
                "0100001101": 1,
                "1000111001": 1,
                "0110110010": 1,
                "1001001110": 1,
                "0110011001": 1,
                "1010101110": 1,
                "0111111100": 2,
                "1000000010": 1,
                "1100000110": 1,
                "0101011001": 1,
                "1000011110": 1,
                "1100001100": 1,
                "1011000010": 1,
                "1001011100": 3,
                "0010111000": 1,
                "0010100000": 1,
                "1100101010": 1,
                "1001100000": 1,
                "0111011110": 1,
                "1110101010": 1,
                "0110101001": 1,
                "0000110010": 1,
                "0000011100": 1,
                "0001000001": 1,
                "0000010110": 1,
                "1110100111": 1,
                "0001010101": 1,
                "0010011010": 1,
                "1001111000": 1,
                "0001111100": 1,
                "0010011111": 1,
                "1010110001": 1,
                "0011000110": 1,
                "0001000000": 1,
                "1101011010": 1,
                "1000011001": 1,
                "0111000001": 1,
                "0101010111": 1,
                "0111011001": 1,
                "1011000100": 1,
                "1011110000": 1,
                "1010000100": 1,
                "1010101100": 1,
                "1110111011": 1,
                "0001011001": 1,
                "1000011101": 1,
                "0000111001": 1,
                "1111001000": 1,
                "1010010110": 1,
                "1001101101": 1,
                "1100111001": 1,
                "1001000000": 1,
                "1111110110": 1,
                "1101110011": 1,
                "0100000110": 1,
                "1100000010": 1,
                "0011110011": 1,
                "1111000111": 1,
                "1001001100": 1,
                "1001011010": 1,
                "1110000111": 1,
                "1100111101": 1,
                "0011010111": 1,
                "0010001001": 1,
                "1110111110": 1,
                "1011100101": 1
            },
            false,
            1.0
        ],
        [
            [
                [
                    -6,
                    -10,
                    7
                ],
                [
                    -8,
                    -7,
                    -9
                ],
                [
                    6,
                    4,
                    2
                ],
                [
                    -7,
                    -3,
                    9
                ],
                [
                    4,
                    -9,
                    -6
                ],
                [
                    -8,
                    9,
                    -6
                ],
                [
                    7,
                    1,
                    -4
                ],
                [
                    -3,
                    7,
                    9
                ],
                [
                    3,
                    -8,
                    7
                ],
                [
                    -3,
                    -2,
                    -8
                ],
                [
                    -4,
                    -6,
                    -9
                ],
                [
                    10,
                    -5,
                    -4
                ],
                [
                    -1,
                    -10,
                    8
                ],
                [
                    -7,
                    5,
                    9
                ],
                [
                    -4,
                    2,
                    -8
                ],
                [
                    -9,
                    8,
                    4
                ],
                [
                    6,
                    3,
                    -4
                ],
                [
                    1,
                    8,
                    6
                ],
                [
                    2,
                    6,
                    -10
                ],
                [
                    -1,
                    -7,
                    8
                ],
                [
                    -5,
                    -3,
                    -9
                ],
                [
                    -4,
                    2,
                    -7
                ],
                [
                    -10,
                    2,
                    -8
                ],
                [
                    -9,
                    1,
                    -2
                ],
                [
                    -7,
                    -10,
                    9
                ],
                [
                    1,
                    4,
                    -10
                ],
                [
                    5,
                    -6,
                    1
                ],
                [
                    -3,
                    -10,
                    -8
                ],
                [
                    -4,
                    -2,
                    -8
                ],
                [
                    -8,
                    -5,
                    9
                ],
                [
                    -6,
                    -4,
                    -5
                ],
                [
                    6,
                    -5,
                    -9
                ],
                [
                    10,
                    7,
                    -3
                ],
                [
                    -1,
                    9,
                    -8
                ],
                [
                    -6,
                    -5,
                    1
                ],
                [
                    -4,
                    7,
                    5
                ],
                [
                    3,
                    -9,
                    -5
                ],
                [
                    -10,
                    7,
                    -6
                ],
                [
                    -1,
                    -5,
                    -4
                ],
                [
                    5,
                    -8,
                    -9
                ],
                [
                    9,
                    -4,
                    6
                ],
                [
                    7,
                    -2,
                    -6
                ],
                [
                    -2,
                    5,
                    -3
                ],
                [
                    -7,
                    -8,
                    4
                ],
                [
                    3,
                    7,
                    -8
                ]
            ],
            "{   'fun': 1.0,\n    'jac': None,\n    'nfev': 100,\n    'nit': 1,\n    'njev': 20,\n    'x': array([1.02628103, 2.59942956, 1.58516241, 1.45514721])}",
            {
                "0010100010": 1,
                "0100000011": 1,
                "0110110110": 1,
                "0001000011": 1,
                "0010111001": 1,
                "1100010001": 1,
                "0110111100": 1,
                "0010000110": 1,
                "1000011011": 1,
                "1110101111": 1,
                "1001110111": 1,
                "1110011001": 1,
                "1101110000": 1,
                "0010111100": 1,
                "1110000100": 1,
                "1110001011": 1,
                "1101111111": 1,
                "1100011011": 1,
                "1110010001": 1,
                "1011101011": 1,
                "0110001101": 1,
                "0100001101": 1,
                "0110001100": 1,
                "1011001110": 1,
                "1101101001": 1,
                "1101110100": 1,
                "0001000101": 1,
                "1000010100": 1,
                "1001100000": 1,
                "0100101110": 1,
                "1000101010": 1,
                "1000011110": 1,
                "1000101001": 1,
                "0110010011": 2,
                "0100111100": 1,
                "1000000001": 1,
                "0111111100": 1,
                "1100000011": 1,
                "0000000111": 1,
                "0111100101": 1,
                "0010110001": 1,
                "0011111000": 1,
                "1100010100": 1,
                "1101010011": 1,
                "1011110010": 1,
                "1101111110": 1,
                "0011111110": 1,
                "0111011111": 1,
                "0001001000": 1,
                "1111101011": 1,
                "0011100011": 1,
                "0110110111": 1,
                "1011111100": 1,
                "0011101111": 1,
                "1000011001": 1,
                "1100110011": 1,
                "0010111101": 2,
                "0101011111": 1,
                "1011011111": 1,
                "0101001101": 1,
                "1110011110": 1,
                "1101001101": 1,
                "0000010000": 1,
                "1000001111": 1,
                "1000011101": 1,
                "0101111111": 1,
                "1001100100": 1,
                "1100100010": 1,
                "0110011101": 1,
                "1001001110": 1,
                "1111010000": 1,
                "0010110101": 1,
                "1011100101": 1,
                "0010110011": 1,
                "1100110110": 1,
                "1111111100": 1,
                "1011010010": 1,
                "0001110010": 1,
                "1110111010": 1,
                "1110011100": 1,
                "1101110010": 1,
                "1001001101": 1,
                "1010010001": 1,
                "1001100011": 1,
                "0100000100": 1,
                "1111101111": 1,
                "0011111101": 1,
                "1110000000": 1,
                "0100000001": 1,
                "1011111001": 1,
                "0011101110": 1,
                "0000110011": 1,
                "1011110001": 1,
                "1100010011": 1,
                "0000010110": 2,
                "0101000000": 1,
                "1010001011": 1
            },
            false,
            0.98
        ],
        [
            [
                [
                    -3,
                    2,
                    -1
                ],
                [
                    5,
                    7,
                    1
                ],
                [
                    -7,
                    9,
                    -4
                ],
                [
                    -5,
                    9,
                    4
                ],
                [
                    10,
                    5,
                    -4
                ],
                [
                    1,
                    -10,
                    -8
                ],
                [
                    -6,
                    7,
                    -5
                ],
                [
                    -6,
                    10,
                    5
                ],
                [
                    5,
                    -3,
                    -1
                ],
                [
                    6,
                    8,
                    9
                ],
                [
                    10,
                    3,
                    6
                ],
                [
                    2,
                    4,
                    6
                ],
                [
                    -10,
                    -1,
                    7
                ],
                [
                    8,
                    6,
                    -2
                ],
                [
                    5,
                    10,
                    6
                ],
                [
                    -4,
                    -1,
                    2
                ],
                [
                    5,
                    -1,
                    8
                ],
                [
                    -10,
                    4,
                    7
                ],
                [
                    -10,
                    9,
                    -6
                ],
                [
                    4,
                    2,
                    1
                ],
                [
                    -5,
                    -10,
                    -9
                ],
                [
                    -4,
                    -6,
                    3
                ],
                [
                    -9,
                    8,
                    4
                ],
                [
                    -9,
                    10,
                    6
                ],
                [
                    9,
                    3,
                    7
                ],
                [
                    5,
                    -8,
                    7
                ],
                [
                    -4,
                    -6,
                    -3
                ],
                [
                    7,
                    -1,
                    4
                ],
                [
                    -1,
                    9,
                    5
                ],
                [
                    -1,
                    5,
                    -4
                ],
                [
                    -9,
                    -1,
                    -7
                ],
                [
                    -8,
                    9,
                    -10
                ],
                [
                    -7,
                    -5,
                    -6
                ],
                [
                    -5,
                    6,
                    -4
                ],
                [
                    6,
                    -8,
                    -5
                ],
                [
                    -4,
                    6,
                    7
                ],
                [
                    -5,
                    3,
                    -7
                ],
                [
                    -9,
                    8,
                    4
                ],
                [
                    4,
                    -7,
                    -5
                ],
                [
                    6,
                    2,
                    3
                ],
                [
                    7,
                    1,
                    -9
                ],
                [
                    -9,
                    4,
                    -10
                ],
                [
                    -6,
                    3,
                    10
                ],
                [
                    -9,
                    -6,
                    4
                ],
                [
                    5,
                    9,
                    -4
                ]
            ],
            "{   'fun': 1.0,\n    'jac': None,\n    'nfev': 110,\n    'nit': 2,\n    'njev': 22,\n    'x': array([1.79835481, 1.74181394, 1.82882941, 0.0255733 ])}",
            {
                "0101100001": 1,
                "0011001100": 1,
                "1010111000": 1,
                "1011111110": 1,
                "1110111010": 1,
                "1010111010": 1,
                "1011001100": 1,
                "1101100110": 1,
                "1100101001": 1,
                "1011111000": 1,
                "0110010111": 1,
                "0111010011": 1,
                "1111110101": 1,
                "1111010111": 1,
                "0000000000": 1,
                "0111011101": 1,
                "1110101001": 1,
                "0101101010": 1,
                "1101001110": 1,
                "1110000110": 1,
                "0000100111": 1,
                "0110001110": 1,
                "0001100101": 1,
                "1000000100": 1,
                "0101010100": 1,
                "1011001111": 2,
                "1110001110": 1,
                "0110011000": 1,
                "1010101110": 1,
                "1000111001": 1,
                "0111100100": 1,
                "0010001000": 1,
                "0101111011": 2,
                "1010010101": 1,
                "1010011010": 1,
                "0110000010": 1,
                "1101101010": 1,
                "1011011100": 2,
                "0011010111": 1,
                "1001001111": 1,
                "0011011110": 1,
                "1100001001": 1,
                "0110101110": 1,
                "1010001001": 1,
                "1001101110": 1,
                "0010001001": 1,
                "0100011000": 1,
                "0010010010": 1,
                "1100011001": 1,
                "1100011100": 1,
                "0110000110": 1,
                "0011110001": 1,
                "0111011010": 1,
                "1111010010": 1,
                "0001001010": 1,
                "0011000011": 1,
                "0010000110": 1,
                "0011011000": 1,
                "0000010111": 1,
                "0111100001": 1,
                "1100101100": 1,
                "0001110101": 1,
                "0000000101": 1,
                "1011100100": 1,
                "0101000111": 2,
                "1101111011": 1,
                "1010100111": 1,
                "1110101101": 1,
                "1101010000": 1,
                "0011100110": 1,
                "0001001000": 1,
                "0000011101": 1,
                "1101100100": 1,
                "1001100101": 1,
                "0101101111": 1,
                "0100001010": 1,
                "0110100010": 1,
                "0111000011": 1,
                "0110001011": 1,
                "0101110101": 1,
                "1001100010": 1,
                "0011101011": 1,
                "0001010001": 1,
                "1010100011": 1,
                "0001010000": 1,
                "0100101000": 1,
                "0111000101": 2,
                "1000100100": 1,
                "0001000111": 1,
                "1100001011": 1,
                "0101111001": 1,
                "0111111110": 1,
                "0010101010": 1,
                "1111001001": 1,
                "1001101111": 1
            },
            false,
            0.98
        ],
        [
            [
                [
                    -1,
                    3,
                    10
                ],
                [
                    -10,
                    -4,
                    -2
                ],
                [
                    -5,
                    -1,
                    -8
                ],
                [
                    -9,
                    -10,
                    -2
                ],
                [
                    7,
                    8,
                    -5
                ],
                [
                    -8,
                    -6,
                    -10
                ],
                [
                    8,
                    7,
                    -6
                ],
                [
                    10,
                    -7,
                    -8
                ],
                [
                    -1,
                    8,
                    6
                ],
                [
                    4,
                    5,
                    7
                ],
                [
                    5,
                    -3,
                    7
                ],
                [
                    -3,
                    8,
                    -10
                ],
                [
                    -5,
                    2,
                    -7
                ],
                [
                    -9,
                    -2,
                    6
                ],
                [
                    8,
                    10,
                    1
                ],
                [
                    3,
                    -1,
                    -7
                ],
                [
                    7,
                    -6,
                    -5
                ],
                [
                    -4,
                    -8,
                    10
                ],
                [
                    7,
                    5,
                    3
                ],
                [
                    -3,
                    -1,
                    -5
                ],
                [
                    -10,
                    -2,
                    -8
                ],
                [
                    -10,
                    -1,
                    6
                ],
                [
                    -8,
                    3,
                    -2
                ],
                [
                    3,
                    9,
                    6
                ],
                [
                    4,
                    7,
                    1
                ],
                [
                    -2,
                    -8,
                    -10
                ],
                [
                    -4,
                    -1,
                    -9
                ],
                [
                    6,
                    9,
                    -8
                ],
                [
                    10,
                    -4,
                    -8
                ],
                [
                    5,
                    4,
                    -7
                ],
                [
                    -2,
                    3,
                    -4
                ],
                [
                    -8,
                    7,
                    9
                ],
                [
                    -7,
                    -8,
                    -9
                ],
                [
                    10,
                    -5,
                    -1
                ],
                [
                    -4,
                    2,
                    -5
                ],
                [
                    5,
                    -9,
                    3
                ],
                [
                    4,
                    6,
                    -7
                ],
                [
                    3,
                    2,
                    4
                ],
                [
                    -5,
                    6,
                    -7
                ],
                [
                    4,
                    -1,
                    -6
                ],
                [
                    -9,
                    -10,
                    -8
                ],
                [
                    6,
                    3,
                    2
                ],
                [
                    -6,
                    -1,
                    -9
                ],
                [
                    -2,
                    3,
                    -7
                ],
                [
                    -9,
                    -4,
                    -1
                ]
            ],
            "{   'fun': 0.94,\n    'jac': None,\n    'nfev': 180,\n    'nit': 4,\n    'njev': 36,\n    'x': array([2.82256679, 1.00300974, 0.60898784, 1.17804237])}",
            {
                "1001101100": 1,
                "0111101010": 1,
                "1110111101": 1,
                "0111100001": 1,
                "0110010101": 1,
                "0000011100": 1,
                "1110011010": 1,
                "1000111000": 1,
                "0110010001": 1,
                "1111010101": 1,
                "1010001111": 1,
                "0111111100": 2,
                "1001110110": 1,
                "1001100010": 1,
                "1111111100": 1,
                "0010110110": 1,
                "0101011100": 1,
                "0111000011": 1,
                "1100110000": 1,
                "0001010001": 1,
                "0111100000": 1,
                "1100101100": 1,
                "0110100011": 1,
                "1011001001": 1,
                "1111110011": 1,
                "1100110111": 1,
                "1001000010": 1,
                "0010100100": 1,
                "1000000101": 2,
                "1111001110": 1,
                "0010000101": 1,
                "1000110001": 1,
                "0000001011": 1,
                "0100111110": 1,
                "0111001110": 1,
                "1100010011": 1,
                "0100100010": 1,
                "0011110110": 1,
                "0011111010": 1,
                "1010011001": 1,
                "0010100010": 1,
                "0100010100": 1,
                "0111110111": 1,
                "0111101100": 1,
                "1001110100": 1,
                "0001111111": 1,
                "1001110111": 1,
                "0100000000": 1,
                "1011011101": 1,
                "0111010100": 1,
                "1001001100": 1,
                "0111101101": 1,
                "0101001110": 1,
                "0100110000": 1,
                "1110010101": 2,
                "0100011111": 1,
                "0011010101": 1,
                "1001101000": 1,
                "1111001111": 1,
                "0001101101": 2,
                "1001010111": 1,
                "1000011000": 1,
                "0001001000": 1,
                "1010001110": 1,
                "0100001011": 1,
                "0110001101": 1,
                "0101011000": 1,
                "0001110101": 1,
                "0110011110": 2,
                "0001101111": 3,
                "1101010000": 1,
                "1000111101": 1,
                "1000100001": 1,
                "1111000101": 1,
                "1000101001": 1,
                "0111010110": 1,
                "0000001100": 1,
                "0110011000": 2,
                "1000000100": 1,
                "1111100110": 1,
                "1010010000": 1,
                "0111011011": 1,
                "1001001001": 1,
                "1000001110": 1,
                "1000101011": 1,
                "1010011100": 1,
                "0000110000": 1,
                "1110000011": 1,
                "0001111110": 1,
                "1111110111": 1,
                "1011110111": 1,
                "0101000011": 1
            },
            true,
            0.9
        ]
    ]
}