{
    "n": 10,
    "m": 45,
    "results": [
        [
            [
                [
                    -5,
                    9,
                    6
                ],
                [
                    -3,
                    5,
                    -1
                ],
                [
                    10,
                    8,
                    3
                ],
                [
                    -9,
                    -8,
                    7
                ],
                [
                    7,
                    1,
                    8
                ],
                [
                    -2,
                    6,
                    -1
                ],
                [
                    2,
                    10,
                    8
                ],
                [
                    -9,
                    4,
                    -2
                ],
                [
                    7,
                    -1,
                    2
                ],
                [
                    9,
                    6,
                    -3
                ],
                [
                    -2,
                    9,
                    6
                ],
                [
                    -1,
                    -6,
                    4
                ],
                [
                    -9,
                    -5,
                    -4
                ],
                [
                    10,
                    6,
                    4
                ],
                [
                    9,
                    6,
                    3
                ],
                [
                    4,
                    -6,
                    3
                ],
                [
                    4,
                    -5,
                    -3
                ],
                [
                    -6,
                    -3,
                    2
                ],
                [
                    -3,
                    -1,
                    6
                ],
                [
                    -7,
                    6,
                    5
                ],
                [
                    -6,
                    1,
                    -4
                ],
                [
                    -7,
                    -2,
                    -4
                ],
                [
                    -6,
                    4,
                    -2
                ],
                [
                    -5,
                    6,
                    -3
                ],
                [
                    5,
                    6,
                    9
                ],
                [
                    -3,
                    -8,
                    5
                ],
                [
                    10,
                    -9,
                    -5
                ],
                [
                    -4,
                    1,
                    10
                ],
                [
                    -8,
                    4,
                    2
                ],
                [
                    -2,
                    -1,
                    -7
                ],
                [
                    -10,
                    2,
                    7
                ],
                [
                    -3,
                    -7,
                    8
                ],
                [
                    -2,
                    -9,
                    7
                ],
                [
                    -10,
                    1,
                    -4
                ],
                [
                    -1,
                    -5,
                    4
                ],
                [
                    -5,
                    -6,
                    1
                ],
                [
                    4,
                    10,
                    -5
                ],
                [
                    -3,
                    2,
                    -10
                ],
                [
                    6,
                    10,
                    -2
                ],
                [
                    -9,
                    -6,
                    -7
                ],
                [
                    9,
                    -4,
                    -8
                ],
                [
                    6,
                    -2,
                    -8
                ],
                [
                    8,
                    5,
                    2
                ],
                [
                    -2,
                    9,
                    3
                ],
                [
                    -4,
                    -10,
                    8
                ]
            ],
            "{   'fun': 0.99,\n    'jac': None,\n    'nfev': 105,\n    'nit': 0,\n    'njev': 21,\n    'x': array([0.52740253, 0.17713412, 0.19211593, 0.02383559])}",
            {
                "0010001011": 1,
                "1100010100": 1,
                "0111001110": 1,
                "1100111010": 1,
                "0011011110": 1,
                "1101101101": 1,
                "1110000011": 1,
                "1010110110": 1,
                "0100000111": 1,
                "0001111110": 1,
                "0011100100": 1,
                "0110110100": 1,
                "1100000001": 1,
                "1101010110": 1,
                "0001000101": 1,
                "0001010101": 1,
                "0011010000": 1,
                "1011011001": 1,
                "0001010100": 1,
                "1111110001": 1,
                "1101110111": 1,
                "0111101100": 1,
                "0111001100": 1,
                "1111011100": 1,
                "0000011110": 1,
                "1101100101": 1,
                "1011100011": 1,
                "1010110100": 1,
                "1010010111": 1,
                "0111111000": 2,
                "1101001110": 1,
                "0001101001": 1,
                "1111011011": 1,
                "1011000100": 1,
                "1011111101": 1,
                "0000010011": 1,
                "1100111011": 1,
                "1011111001": 1,
                "0011101110": 1,
                "1001010011": 1,
                "0001110110": 1,
                "1101010101": 1,
                "0011010100": 1,
                "0110001111": 2,
                "1100010000": 1,
                "0011000011": 1,
                "1001011101": 2,
                "0110110110": 1,
                "1111010001": 1,
                "0000111111": 1,
                "0011101011": 1,
                "1011101110": 1,
                "0011011000": 1,
                "0000010111": 1,
                "0100110000": 1,
                "0101110101": 1,
                "1000010101": 1,
                "1110100110": 1,
                "1111010010": 1,
                "0100010011": 1,
                "0000000011": 1,
                "0110010010": 1,
                "1101010100": 1,
                "1111110011": 1,
                "1010001011": 1,
                "1000011100": 1,
                "1101111010": 1,
                "0010011110": 1,
                "0011101111": 1,
                "1110010010": 1,
                "1110111011": 1,
                "0101011100": 1,
                "0000001101": 1,
                "1001010100": 1,
                "0001010111": 1,
                "0000001100": 1,
                "0101010011": 1,
                "1100111100": 1,
                "1011010001": 1,
                "1011010101": 1,
                "0110011001": 1,
                "1110110000": 1,
                "1010101100": 1,
                "1101001011": 1,
                "0101011110": 2,
                "0101111110": 1,
                "0101111100": 1,
                "0000011010": 1,
                "1101010010": 1,
                "0101110100": 1,
                "1010101111": 1,
                "0110011100": 1,
                "0111111010": 1,
                "1010101010": 1,
                "0110101011": 1,
                "0001100011": 1
            },
            true,
            0.98
        ],
        [
            [
                [
                    -1,
                    4,
                    10
                ],
                [
                    1,
                    -7,
                    -2
                ],
                [
                    3,
                    -5,
                    -1
                ],
                [
                    4,
                    -3,
                    8
                ],
                [
                    9,
                    2,
                    -5
                ],
                [
                    -9,
                    7,
                    1
                ],
                [
                    -6,
                    9,
                    7
                ],
                [
                    -10,
                    -9,
                    1
                ],
                [
                    -1,
                    -4,
                    8
                ],
                [
                    9,
                    -6,
                    -8
                ],
                [
                    10,
                    2,
                    3
                ],
                [
                    -2,
                    7,
                    -6
                ],
                [
                    -6,
                    -7,
                    -4
                ],
                [
                    2,
                    -9,
                    10
                ],
                [
                    3,
                    -5,
                    -1
                ],
                [
                    3,
                    8,
                    7
                ],
                [
                    -3,
                    -4,
                    -10
                ],
                [
                    5,
                    -9,
                    4
                ],
                [
                    1,
                    -8,
                    -6
                ],
                [
                    -5,
                    -2,
                    7
                ],
                [
                    -1,
                    -5,
                    2
                ],
                [
                    -5,
                    7,
                    3
                ],
                [
                    -4,
                    5,
                    -10
                ],
                [
                    -10,
                    -6,
                    2
                ],
                [
                    -9,
                    5,
                    -4
                ],
                [
                    10,
                    -4,
                    -6
                ],
                [
                    -10,
                    -7,
                    -3
                ],
                [
                    6,
                    -4,
                    -1
                ],
                [
                    8,
                    -2,
                    -9
                ],
                [
                    8,
                    7,
                    -2
                ],
                [
                    10,
                    -8,
                    -2
                ],
                [
                    -3,
                    4,
                    -6
                ],
                [
                    -7,
                    4,
                    -3
                ],
                [
                    4,
                    9,
                    10
                ],
                [
                    4,
                    -10,
                    -1
                ],
                [
                    1,
                    -9,
                    -5
                ],
                [
                    3,
                    4,
                    -10
                ],
                [
                    -9,
                    10,
                    8
                ],
                [
                    -4,
                    1,
                    5
                ],
                [
                    3,
                    -6,
                    2
                ],
                [
                    -5,
                    7,
                    -4
                ],
                [
                    -2,
                    -3,
                    -1
                ],
                [
                    -5,
                    9,
                    7
                ],
                [
                    -2,
                    1,
                    -10
                ],
                [
                    -5,
                    -4,
                    1
                ]
            ],
            "{   'fun': 1.0,\n    'jac': None,\n    'nfev': 105,\n    'nit': 0,\n    'njev': 21,\n    'x': array([2.42272838, 2.07750153, 1.7463542 , 2.86819155])}",
            {
                "0100111100": 1,
                "0000111010": 1,
                "1101010100": 1,
                "0010011001": 1,
                "0100011100": 1,
                "0111001011": 1,
                "1110101100": 1,
                "1001000111": 1,
                "0101011010": 1,
                "0110011101": 1,
                "1101111101": 1,
                "1111100011": 1,
                "1111111011": 1,
                "1001001100": 1,
                "1111011110": 1,
                "0010110000": 1,
                "0111010000": 1,
                "0101101011": 1,
                "0011101001": 1,
                "0110010000": 1,
                "1001111001": 1,
                "1001010001": 1,
                "1110000001": 1,
                "0010000000": 1,
                "1110111110": 1,
                "0010001001": 1,
                "0101000011": 1,
                "0000010000": 1,
                "0100111010": 1,
                "1101111000": 1,
                "0001111000": 1,
                "1101001000": 1,
                "1110001100": 1,
                "1011001000": 1,
                "0000000110": 1,
                "1011101010": 1,
                "1000111110": 1,
                "1010010110": 1,
                "1110100110": 1,
                "1011011010": 1,
                "1101110101": 1,
                "0111110000": 1,
                "1101000110": 1,
                "1001011110": 1,
                "1111000101": 1,
                "0100110000": 1,
                "0100000001": 1,
                "1101100110": 1,
                "0000110111": 1,
                "0101011001": 1,
                "1001101000": 1,
                "1000010100": 1,
                "0100001111": 1,
                "1110110100": 1,
                "0000010011": 2,
                "1101100111": 1,
                "1011111101": 1,
                "0011011101": 1,
                "0111001010": 2,
                "1010011000": 1,
                "1011110001": 1,
                "1000000010": 1,
                "1011101101": 1,
                "0100011101": 1,
                "0110000001": 2,
                "1000101000": 1,
                "1111011010": 1,
                "0101111011": 1,
                "1001001001": 1,
                "0101000001": 1,
                "1101001011": 1,
                "1010000100": 2,
                "1010010101": 1,
                "1000111001": 1,
                "0100100000": 1,
                "1100101101": 1,
                "1110001000": 1,
                "1111001011": 2,
                "0100110110": 1,
                "1000011000": 1,
                "1010100011": 1,
                "0011000111": 1,
                "1010010010": 1,
                "0111000010": 1,
                "0011000011": 1,
                "0000010010": 1,
                "1011010101": 1,
                "1011010001": 1,
                "0111001001": 1,
                "0000001000": 1,
                "1000010000": 1,
                "0010100010": 1,
                "1000101100": 1,
                "1100100000": 1,
                "1010001101": 1
            },
            false,
            0.97
        ],
        [
            [
                [
                    -6,
                    9,
                    8
                ],
                [
                    -10,
                    -4,
                    8
                ],
                [
                    5,
                    -10,
                    9
                ],
                [
                    -3,
                    -8,
                    -4
                ],
                [
                    3,
                    9,
                    6
                ],
                [
                    -7,
                    -2,
                    4
                ],
                [
                    -1,
                    -10,
                    -3
                ],
                [
                    -6,
                    -2,
                    8
                ],
                [
                    -7,
                    -10,
                    -6
                ],
                [
                    9,
                    -1,
                    10
                ],
                [
                    4,
                    2,
                    -3
                ],
                [
                    7,
                    -10,
                    -8
                ],
                [
                    -7,
                    6,
                    -10
                ],
                [
                    -7,
                    10,
                    8
                ],
                [
                    -2,
                    -9,
                    -4
                ],
                [
                    -7,
                    4,
                    -6
                ],
                [
                    -10,
                    -1,
                    -7
                ],
                [
                    5,
                    4,
                    -9
                ],
                [
                    -3,
                    -8,
                    2
                ],
                [
                    1,
                    -9,
                    2
                ],
                [
                    -6,
                    5,
                    -7
                ],
                [
                    6,
                    4,
                    2
                ],
                [
                    1,
                    7,
                    4
                ],
                [
                    -9,
                    -6,
                    10
                ],
                [
                    7,
                    5,
                    -4
                ],
                [
                    -4,
                    -5,
                    9
                ],
                [
                    -8,
                    -1,
                    -5
                ],
                [
                    9,
                    -2,
                    8
                ],
                [
                    -4,
                    -6,
                    -7
                ],
                [
                    4,
                    -3,
                    -6
                ],
                [
                    2,
                    10,
                    3
                ],
                [
                    -5,
                    1,
                    9
                ],
                [
                    9,
                    -4,
                    -3
                ],
                [
                    -2,
                    -9,
                    -6
                ],
                [
                    -7,
                    -9,
                    -4
                ],
                [
                    -4,
                    10,
                    2
                ],
                [
                    2,
                    8,
                    -4
                ],
                [
                    -2,
                    -9,
                    -7
                ],
                [
                    -7,
                    5,
                    2
                ],
                [
                    2,
                    -6,
                    -7
                ],
                [
                    4,
                    8,
                    -6
                ],
                [
                    10,
                    -8,
                    -3
                ],
                [
                    -9,
                    3,
                    -2
                ],
                [
                    3,
                    1,
                    -7
                ],
                [
                    -9,
                    -6,
                    5
                ]
            ],
            "{   'fun': 1.0,\n    'jac': None,\n    'nfev': 5,\n    'nit': 0,\n    'njev': 1,\n    'x': array([1.02628103, 2.59942956, 1.58516241, 1.45514712])}",
            {
                "1110100001": 1,
                "0110000110": 1,
                "1100111001": 1,
                "0111000101": 1,
                "0011100000": 1,
                "0111101101": 1,
                "1110101001": 1,
                "1101000011": 1,
                "0001001111": 1,
                "0010101000": 1,
                "0001011100": 1,
                "0000101101": 1,
                "1011000110": 1,
                "1100010010": 1,
                "0110111000": 1,
                "0100011110": 1,
                "0011011010": 1,
                "0111111101": 1,
                "1111100011": 1,
                "1111111011": 1,
                "1001011010": 1,
                "1101010101": 1,
                "1110111110": 1,
                "0010001001": 1,
                "0110110101": 1,
                "0110101111": 1,
                "0000111011": 1,
                "1001100011": 1,
                "0001011110": 1,
                "0110111010": 1,
                "0011010101": 1,
                "1000001011": 1,
                "1110010110": 1,
                "1011111101": 1,
                "1101100001": 1,
                "0011100100": 1,
                "1100010101": 1,
                "1000110101": 1,
                "0111100111": 1,
                "1100000010": 1,
                "1010010011": 1,
                "0111001001": 1,
                "1101101100": 3,
                "0100011011": 1,
                "0101111111": 1,
                "0111011000": 1,
                "0001110001": 1,
                "0110011100": 1,
                "1001110011": 1,
                "0110110111": 1,
                "1000101000": 1,
                "0101110111": 1,
                "0001111100": 1,
                "1110110110": 1,
                "0001100100": 1,
                "1001011111": 1,
                "1110000010": 1,
                "1010001010": 1,
                "1101111011": 1,
                "1001000010": 2,
                "1010110000": 1,
                "1101011110": 1,
                "1111110001": 1,
                "1010100111": 2,
                "0001000100": 1,
                "1001110101": 1,
                "0110110100": 1,
                "0101110110": 1,
                "0000111110": 1,
                "1001001101": 1,
                "1111111111": 2,
                "1110111011": 1,
                "1101100111": 1,
                "1001111101": 1,
                "1101101101": 1,
                "0100111001": 1,
                "1110111101": 1,
                "0110111011": 1,
                "0001100001": 1,
                "1101111001": 1,
                "0011111110": 1,
                "1111101100": 1,
                "1111111101": 1,
                "0010100001": 1,
                "0010001101": 1,
                "1101001011": 1,
                "0110001011": 1,
                "0000101111": 1,
                "0011110001": 1,
                "1100100100": 1,
                "1011001110": 1,
                "0011010010": 1,
                "0000000010": 1,
                "0000110101": 1,
                "1100000000": 1
            },
            false,
            1.0
        ],
        [
            [
                [
                    -7,
                    -6,
                    10
                ],
                [
                    6,
                    9,
                    5
                ],
                [
                    -4,
                    -6,
                    3
                ],
                [
                    -10,
                    -6,
                    -5
                ],
                [
                    -8,
                    -3,
                    5
                ],
                [
                    6,
                    -9,
                    8
                ],
                [
                    -3,
                    -9,
                    -5
                ],
                [
                    7,
                    -3,
                    -2
                ],
                [
                    4,
                    -1,
                    3
                ],
                [
                    6,
                    -1,
                    9
                ],
                [
                    2,
                    6,
                    -7
                ],
                [
                    -6,
                    7,
                    -10
                ],
                [
                    9,
                    3,
                    -8
                ],
                [
                    -7,
                    5,
                    8
                ],
                [
                    -2,
                    -10,
                    1
                ],
                [
                    -5,
                    -10,
                    4
                ],
                [
                    7,
                    6,
                    3
                ],
                [
                    2,
                    -6,
                    -1
                ],
                [
                    5,
                    7,
                    -6
                ],
                [
                    1,
                    8,
                    -3
                ],
                [
                    -2,
                    7,
                    10
                ],
                [
                    2,
                    -1,
                    -10
                ],
                [
                    -2,
                    6,
                    -1
                ],
                [
                    2,
                    9,
                    -1
                ],
                [
                    -1,
                    10,
                    -9
                ],
                [
                    8,
                    5,
                    9
                ],
                [
                    -10,
                    -2,
                    -6
                ],
                [
                    8,
                    9,
                    6
                ],
                [
                    -2,
                    -7,
                    4
                ],
                [
                    8,
                    7,
                    -3
                ],
                [
                    -5,
                    -4,
                    -9
                ],
                [
                    -4,
                    -5,
                    1
                ],
                [
                    -8,
                    -2,
                    9
                ],
                [
                    -5,
                    -9,
                    7
                ],
                [
                    -3,
                    -7,
                    -9
                ],
                [
                    -3,
                    -4,
                    -9
                ],
                [
                    6,
                    -8,
                    -5
                ],
                [
                    -9,
                    -4,
                    10
                ],
                [
                    -5,
                    -7,
                    3
                ],
                [
                    7,
                    4,
                    10
                ],
                [
                    -3,
                    2,
                    -8
                ],
                [
                    6,
                    4,
                    -9
                ],
                [
                    -8,
                    -3,
                    4
                ],
                [
                    -6,
                    10,
                    1
                ],
                [
                    -9,
                    4,
                    -7
                ]
            ],
            "{   'fun': 1.0,\n    'jac': None,\n    'nfev': 5,\n    'nit': 0,\n    'njev': 1,\n    'x': array([1.79835481, 1.74181394, 1.82882941, 0.02556421])}",
            {
                "0110001011": 1,
                "0100001010": 1,
                "0110111100": 1,
                "0000100011": 1,
                "1010011001": 1,
                "1110111111": 1,
                "1010010111": 1,
                "1000101010": 1,
                "1010111011": 1,
                "1001100110": 1,
                "1011010100": 1,
                "1011001100": 1,
                "1100001010": 1,
                "0111101010": 1,
                "0010010001": 1,
                "0010010111": 1,
                "1001001110": 1,
                "1100111011": 2,
                "1101000110": 1,
                "0101011001": 1,
                "0101000011": 1,
                "0110010101": 1,
                "1000001111": 2,
                "1111010100": 1,
                "0011110101": 1,
                "1010100100": 2,
                "0000110001": 1,
                "0110010010": 1,
                "1011111001": 1,
                "0111011011": 1,
                "1010100001": 1,
                "1010011011": 1,
                "1011000100": 1,
                "0101010100": 1,
                "0011111011": 1,
                "0010100010": 1,
                "0100011110": 1,
                "0100000100": 1,
                "1010101101": 1,
                "0110100000": 1,
                "0010011011": 1,
                "0011111111": 1,
                "1101001000": 1,
                "1100100100": 1,
                "1011011101": 1,
                "1110100101": 1,
                "0000001111": 1,
                "1110000111": 1,
                "1001111101": 1,
                "1001000111": 1,
                "0000110100": 1,
                "0011111100": 1,
                "1110100100": 1,
                "0001100110": 1,
                "1110111101": 1,
                "1010110001": 1,
                "1111001100": 1,
                "1101011010": 1,
                "0110001110": 1,
                "0000000100": 1,
                "1010001100": 1,
                "1001110110": 1,
                "1000111001": 1,
                "1101111011": 1,
                "0111011110": 1,
                "1100010101": 1,
                "0111110101": 1,
                "1010110000": 1,
                "0110000001": 1,
                "1111000001": 1,
                "1001001101": 1,
                "0000100000": 1,
                "0001100101": 1,
                "1010110101": 1,
                "0100010010": 1,
                "0101100111": 1,
                "1100101000": 1,
                "1100101010": 1,
                "0001110011": 1,
                "0001101111": 1,
                "0110010110": 1,
                "1100111100": 1,
                "1111110011": 1,
                "0000000111": 1,
                "1000101101": 1,
                "0000110111": 1,
                "0010001110": 1,
                "0011110010": 1,
                "0100101010": 1,
                "0101011101": 1,
                "1111000010": 1,
                "1110010101": 1,
                "0100011111": 1,
                "1011101010": 1,
                "0011111110": 1,
                "1110000101": 1,
                "1010011010": 1
            },
            false,
            1.0
        ],
        [
            [
                [
                    3,
                    8,
                    -7
                ],
                [
                    -10,
                    -7,
                    -3
                ],
                [
                    6,
                    -8,
                    10
                ],
                [
                    -2,
                    -4,
                    -1
                ],
                [
                    -6,
                    -4,
                    5
                ],
                [
                    7,
                    6,
                    -3
                ],
                [
                    -4,
                    -3,
                    2
                ],
                [
                    -5,
                    2,
                    6
                ],
                [
                    6,
                    -9,
                    2
                ],
                [
                    -10,
                    1,
                    7
                ],
                [
                    4,
                    9,
                    1
                ],
                [
                    4,
                    -2,
                    1
                ],
                [
                    1,
                    5,
                    7
                ],
                [
                    -3,
                    -4,
                    -7
                ],
                [
                    -2,
                    -3,
                    9
                ],
                [
                    5,
                    10,
                    -9
                ],
                [
                    -6,
                    -4,
                    -9
                ],
                [
                    1,
                    4,
                    -5
                ],
                [
                    10,
                    -7,
                    -5
                ],
                [
                    -10,
                    -7,
                    9
                ],
                [
                    -6,
                    -7,
                    2
                ],
                [
                    6,
                    -2,
                    -7
                ],
                [
                    -2,
                    -5,
                    10
                ],
                [
                    3,
                    -9,
                    -8
                ],
                [
                    -6,
                    4,
                    -10
                ],
                [
                    4,
                    3,
                    1
                ],
                [
                    1,
                    -3,
                    -6
                ],
                [
                    2,
                    3,
                    -9
                ],
                [
                    -7,
                    10,
                    2
                ],
                [
                    5,
                    -2,
                    3
                ],
                [
                    -8,
                    -3,
                    10
                ],
                [
                    9,
                    -5,
                    4
                ],
                [
                    -1,
                    -5,
                    -9
                ],
                [
                    -5,
                    10,
                    8
                ],
                [
                    -1,
                    -5,
                    -9
                ],
                [
                    -7,
                    9,
                    1
                ],
                [
                    7,
                    -10,
                    1
                ],
                [
                    -5,
                    10,
                    -6
                ],
                [
                    9,
                    -7,
                    5
                ],
                [
                    -3,
                    -8,
                    9
                ],
                [
                    -1,
                    -3,
                    7
                ],
                [
                    -5,
                    -3,
                    -6
                ],
                [
                    -5,
                    -6,
                    2
                ],
                [
                    3,
                    10,
                    4
                ],
                [
                    -3,
                    -1,
                    2
                ]
            ],
            "{   'fun': 0.95,\n    'jac': None,\n    'nfev': 170,\n    'nit': 3,\n    'njev': 34,\n    'x': array([2.82256764, 1.00300688, 0.60898594, 1.17804051])}",
            {
                "0111000011": 1,
                "0110001010": 1,
                "1111000001": 1,
                "1110100110": 1,
                "1011100010": 1,
                "0110110000": 1,
                "0110111111": 1,
                "1001100101": 1,
                "1011000000": 1,
                "0101100010": 1,
                "1111110101": 1,
                "0111100110": 1,
                "1100100101": 1,
                "1010101010": 1,
                "0001101000": 1,
                "0111110110": 1,
                "0001011001": 1,
                "0101111111": 1,
                "0100000110": 1,
                "1010101011": 1,
                "1101000111": 1,
                "1111000000": 1,
                "0010101010": 2,
                "1111010011": 1,
                "1000100011": 1,
                "0010111100": 1,
                "1001000011": 1,
                "1111111000": 1,
                "1011110000": 1,
                "0001110010": 1,
                "1111110010": 1,
                "0111111100": 1,
                "0001110110": 1,
                "0011101010": 1,
                "0001111110": 1,
                "0001110001": 1,
                "1000101111": 1,
                "0000100110": 1,
                "1011110100": 1,
                "1000000001": 1,
                "1110001010": 1,
                "0010101111": 1,
                "0101000100": 2,
                "1111100000": 1,
                "0010001101": 1,
                "0010001010": 2,
                "0000001001": 2,
                "0111101010": 1,
                "0111111010": 1,
                "1100000101": 1,
                "0111101110": 2,
                "1000001001": 3,
                "1000011011": 1,
                "0100011111": 1,
                "0110001111": 1,
                "1101111110": 1,
                "0110000101": 1,
                "0100010110": 1,
                "0111100101": 1,
                "1100111011": 1,
                "0010111101": 1,
                "0000010101": 1,
                "0011100010": 1,
                "0010000001": 1,
                "0010010101": 1,
                "0101010101": 1,
                "1101101111": 1,
                "0110010000": 1,
                "1110010011": 1,
                "1111100110": 1,
                "0001100101": 1,
                "1111100101": 3,
                "0101001001": 1,
                "0001110011": 1,
                "0100101110": 1,
                "1110100101": 1,
                "1000000101": 1,
                "0011100000": 1,
                "1010100101": 1,
                "0100100000": 1,
                "1100101101": 1,
                "1101000011": 1,
                "0111110011": 1,
                "0101101101": 1,
                "0010100111": 1,
                "1101011011": 1,
                "1011001001": 1,
                "1011100011": 1,
                "0101110100": 1,
                "1101100001": 1,
                "1100111101": 1
            },
            true,
            0.86
        ]
    ]
}