{
    "n": 10,
    "m": 45,
    "results": [
        [
            [
                [
                    -4,
                    -2,
                    6
                ],
                [
                    4,
                    3,
                    -1
                ],
                [
                    -1,
                    -3,
                    -8
                ],
                [
                    6,
                    4,
                    10
                ],
                [
                    6,
                    2,
                    10
                ],
                [
                    -7,
                    -1,
                    -9
                ],
                [
                    -6,
                    10,
                    9
                ],
                [
                    1,
                    -10,
                    -6
                ],
                [
                    -5,
                    3,
                    -10
                ],
                [
                    1,
                    10,
                    -3
                ],
                [
                    10,
                    5,
                    9
                ],
                [
                    9,
                    5,
                    7
                ],
                [
                    6,
                    5,
                    1
                ],
                [
                    9,
                    7,
                    5
                ],
                [
                    5,
                    9,
                    -3
                ],
                [
                    -9,
                    -7,
                    -10
                ],
                [
                    -6,
                    -8,
                    -4
                ],
                [
                    -4,
                    -3,
                    2
                ],
                [
                    4,
                    6,
                    -3
                ],
                [
                    -2,
                    7,
                    -10
                ],
                [
                    4,
                    10,
                    9
                ],
                [
                    1,
                    -6,
                    -10
                ],
                [
                    -6,
                    2,
                    8
                ],
                [
                    -10,
                    9,
                    3
                ],
                [
                    5,
                    6,
                    -10
                ],
                [
                    -1,
                    -5,
                    -10
                ],
                [
                    3,
                    10,
                    1
                ],
                [
                    3,
                    -6,
                    4
                ],
                [
                    8,
                    5,
                    2
                ],
                [
                    7,
                    -9,
                    -4
                ],
                [
                    -1,
                    -4,
                    -9
                ],
                [
                    -10,
                    9,
                    -1
                ],
                [
                    -2,
                    -8,
                    7
                ],
                [
                    -4,
                    -9,
                    8
                ],
                [
                    -5,
                    -10,
                    3
                ],
                [
                    9,
                    5,
                    -10
                ],
                [
                    -10,
                    -4,
                    -8
                ],
                [
                    -8,
                    3,
                    9
                ],
                [
                    8,
                    -5,
                    -2
                ],
                [
                    -6,
                    -9,
                    2
                ],
                [
                    6,
                    4,
                    3
                ],
                [
                    5,
                    -8,
                    1
                ],
                [
                    -7,
                    1,
                    2
                ],
                [
                    6,
                    2,
                    -10
                ],
                [
                    -3,
                    5,
                    10
                ]
            ],
            "{   'fun': 1.0,\n    'jac': None,\n    'nfev': 5,\n    'nit': 0,\n    'njev': 1,\n    'x': array([0.52740253, 0.17713412, 0.19211593, 0.02383559])}",
            {
                "1111000010": 2,
                "0001001000": 1,
                "1000111110": 1,
                "1100000000": 1,
                "0000110110": 1,
                "1100111100": 1,
                "1100010000": 1,
                "0010111110": 1,
                "1000001010": 1,
                "0011100001": 1,
                "0001010100": 1,
                "1111110111": 1,
                "0011100111": 1,
                "0010101001": 1,
                "0011100000": 1,
                "1110001010": 1,
                "1100100000": 1,
                "1110000010": 1,
                "1100010111": 1,
                "1001000001": 1,
                "0111110111": 1,
                "0010110100": 1,
                "0100001110": 1,
                "1101011101": 1,
                "0011111000": 1,
                "1011000000": 1,
                "0101000101": 1,
                "1000010001": 1,
                "0111110001": 1,
                "0100110011": 1,
                "0100010101": 1,
                "0101001111": 1,
                "0110010100": 1,
                "1011001010": 2,
                "1011111111": 1,
                "0011110111": 1,
                "0001010011": 1,
                "1110111111": 1,
                "0110011001": 1,
                "0100011110": 1,
                "0001000011": 1,
                "0110110110": 1,
                "1110110111": 1,
                "1010111110": 1,
                "0111001001": 1,
                "0111000110": 1,
                "1010011010": 1,
                "1010101111": 1,
                "0100110000": 1,
                "0000010111": 1,
                "0011011000": 1,
                "1000001001": 1,
                "1011010011": 1,
                "1111011100": 1,
                "1011110000": 1,
                "1111111101": 1,
                "1100100110": 1,
                "0001100110": 1,
                "0001110011": 1,
                "1001100000": 1,
                "1011100110": 1,
                "0000110111": 1,
                "0100000000": 1,
                "0100110100": 1,
                "1101010011": 1,
                "1111010011": 1,
                "0111001111": 1,
                "1000000110": 1,
                "0101010011": 1,
                "1111100000": 1,
                "1110001100": 1,
                "0001100101": 1,
                "1010110101": 1,
                "1011111010": 1,
                "0110001011": 1,
                "0001100010": 1,
                "0011010110": 1,
                "1100000110": 1,
                "1001110000": 1,
                "0101011110": 2,
                "1101001001": 1,
                "1011011011": 1,
                "1010100111": 1,
                "0010010101": 1,
                "1110100010": 1,
                "1010001010": 1,
                "1011000001": 1,
                "1110111101": 1,
                "0000010101": 1,
                "1101001111": 1,
                "1000001011": 1,
                "1110011011": 1,
                "1101001000": 1,
                "0011111111": 2,
                "1111011001": 1,
                "1100110001": 1
            },
            false,
            1.0
        ],
        [
            [
                [
                    3,
                    5,
                    4
                ],
                [
                    2,
                    1,
                    7
                ],
                [
                    3,
                    1,
                    -7
                ],
                [
                    10,
                    9,
                    6
                ],
                [
                    -3,
                    -6,
                    -9
                ],
                [
                    6,
                    -8,
                    4
                ],
                [
                    5,
                    -6,
                    7
                ],
                [
                    8,
                    10,
                    3
                ],
                [
                    -2,
                    -9,
                    10
                ],
                [
                    -10,
                    -8,
                    -3
                ],
                [
                    -9,
                    3,
                    5
                ],
                [
                    9,
                    -10,
                    7
                ],
                [
                    -10,
                    -7,
                    2
                ],
                [
                    -6,
                    -8,
                    5
                ],
                [
                    -3,
                    -2,
                    1
                ],
                [
                    -2,
                    10,
                    -4
                ],
                [
                    -3,
                    8,
                    9
                ],
                [
                    3,
                    -5,
                    -8
                ],
                [
                    -6,
                    1,
                    8
                ],
                [
                    9,
                    -4,
                    -2
                ],
                [
                    -5,
                    2,
                    6
                ],
                [
                    -9,
                    -7,
                    -5
                ],
                [
                    -8,
                    10,
                    7
                ],
                [
                    -3,
                    -5,
                    7
                ],
                [
                    10,
                    6,
                    3
                ],
                [
                    6,
                    -5,
                    7
                ],
                [
                    -1,
                    9,
                    -8
                ],
                [
                    7,
                    2,
                    8
                ],
                [
                    7,
                    -2,
                    -6
                ],
                [
                    5,
                    -6,
                    7
                ],
                [
                    -10,
                    -7,
                    -4
                ],
                [
                    9,
                    -6,
                    3
                ],
                [
                    -9,
                    -7,
                    6
                ],
                [
                    9,
                    4,
                    10
                ],
                [
                    -4,
                    -5,
                    -9
                ],
                [
                    6,
                    -2,
                    10
                ],
                [
                    -9,
                    -1,
                    -3
                ],
                [
                    8,
                    -10,
                    3
                ],
                [
                    4,
                    -7,
                    -5
                ],
                [
                    4,
                    8,
                    -1
                ],
                [
                    -3,
                    8,
                    -10
                ],
                [
                    9,
                    -10,
                    -7
                ],
                [
                    -5,
                    -10,
                    -1
                ],
                [
                    -2,
                    -9,
                    -7
                ],
                [
                    10,
                    7,
                    6
                ]
            ],
            "{   'fun': 0.99,\n    'jac': None,\n    'nfev': 130,\n    'nit': 3,\n    'njev': 26,\n    'x': array([2.42272838, 2.07750152, 1.7463542 , 2.86819155])}",
            {
                "0011001010": 1,
                "1011011110": 1,
                "0011010111": 1,
                "1100101011": 1,
                "1000111010": 1,
                "0101011011": 1,
                "1011010010": 1,
                "1101001111": 1,
                "0111101010": 1,
                "1000000011": 1,
                "0000001000": 1,
                "0110110110": 1,
                "0001000100": 1,
                "0101110010": 1,
                "0011010100": 1,
                "0110111111": 1,
                "0110001100": 1,
                "1110000110": 1,
                "1010100101": 1,
                "0110100011": 1,
                "0100110001": 1,
                "0011001111": 1,
                "0010000011": 1,
                "1101000110": 1,
                "0001010111": 1,
                "0101010011": 1,
                "0011100001": 2,
                "1111101100": 1,
                "0010110001": 1,
                "0000011100": 1,
                "0101100010": 1,
                "1000100111": 2,
                "0111101000": 1,
                "0100010001": 1,
                "1001101111": 1,
                "0110110001": 1,
                "0010110110": 1,
                "0000011111": 1,
                "1010011011": 2,
                "1010100001": 1,
                "0000100011": 1,
                "1100100101": 1,
                "0110011010": 1,
                "1000110001": 1,
                "1101000111": 1,
                "1110111111": 1,
                "1001010001": 1,
                "0111111111": 1,
                "0110000011": 1,
                "0000000000": 2,
                "0100001011": 1,
                "1101100111": 1,
                "0101100110": 1,
                "0010100001": 1,
                "0101101000": 1,
                "0110111010": 1,
                "1110100000": 1,
                "0000101001": 1,
                "1010001010": 1,
                "1000010100": 1,
                "0001000101": 2,
                "1011100001": 1,
                "1111001010": 1,
                "0111011110": 1,
                "0101111101": 1,
                "0111110010": 1,
                "0110101100": 1,
                "0101110001": 1,
                "0110010111": 1,
                "1001010100": 1,
                "1110010100": 1,
                "1010011100": 1,
                "0111011101": 1,
                "0101011111": 1,
                "0111001100": 1,
                "1110101111": 1,
                "0001001111": 1,
                "1101000100": 1,
                "1000010010": 1,
                "1100011010": 1,
                "0100100100": 1,
                "1001000010": 1,
                "1001000011": 1,
                "1001001000": 1,
                "1110011111": 1,
                "1001011000": 1,
                "0000100100": 1,
                "0011111001": 1,
                "1101000010": 1,
                "0010100010": 1,
                "1111000010": 1,
                "1011111110": 1,
                "0001011011": 1,
                "1110000101": 1,
                "1011110100": 1
            },
            true,
            0.97
        ],
        [
            [
                [
                    -8,
                    3,
                    9
                ],
                [
                    10,
                    -1,
                    4
                ],
                [
                    -4,
                    -6,
                    9
                ],
                [
                    3,
                    -4,
                    -6
                ],
                [
                    -7,
                    1,
                    3
                ],
                [
                    -5,
                    3,
                    -2
                ],
                [
                    -2,
                    -10,
                    8
                ],
                [
                    -7,
                    3,
                    -10
                ],
                [
                    7,
                    -3,
                    10
                ],
                [
                    7,
                    -1,
                    -5
                ],
                [
                    9,
                    -7,
                    5
                ],
                [
                    6,
                    -1,
                    5
                ],
                [
                    -5,
                    6,
                    -3
                ],
                [
                    7,
                    -3,
                    1
                ],
                [
                    8,
                    -9,
                    6
                ],
                [
                    4,
                    -5,
                    -6
                ],
                [
                    -8,
                    -2,
                    -5
                ],
                [
                    9,
                    -8,
                    -2
                ],
                [
                    -6,
                    -1,
                    2
                ],
                [
                    10,
                    6,
                    -9
                ],
                [
                    7,
                    9,
                    -10
                ],
                [
                    8,
                    -5,
                    -2
                ],
                [
                    -5,
                    6,
                    -1
                ],
                [
                    1,
                    10,
                    -9
                ],
                [
                    2,
                    -8,
                    1
                ],
                [
                    2,
                    5,
                    -4
                ],
                [
                    -10,
                    9,
                    8
                ],
                [
                    -7,
                    5,
                    10
                ],
                [
                    -2,
                    7,
                    -4
                ],
                [
                    4,
                    2,
                    10
                ],
                [
                    -8,
                    1,
                    2
                ],
                [
                    5,
                    -7,
                    -6
                ],
                [
                    -5,
                    6,
                    -9
                ],
                [
                    -3,
                    -4,
                    -6
                ],
                [
                    1,
                    8,
                    -7
                ],
                [
                    4,
                    -3,
                    -1
                ],
                [
                    -10,
                    1,
                    6
                ],
                [
                    7,
                    -1,
                    8
                ],
                [
                    8,
                    6,
                    5
                ],
                [
                    -3,
                    9,
                    4
                ],
                [
                    -1,
                    6,
                    -2
                ],
                [
                    4,
                    9,
                    -10
                ],
                [
                    8,
                    -1,
                    3
                ],
                [
                    10,
                    -9,
                    5
                ],
                [
                    3,
                    7,
                    -10
                ]
            ],
            "{   'fun': 1.0,\n    'jac': None,\n    'nfev': 100,\n    'nit': 1,\n    'njev': 20,\n    'x': array([1.02628103, 2.59942956, 1.58516241, 1.45514716])}",
            {
                "1011110101": 1,
                "0001101010": 1,
                "1010110101": 1,
                "0001111001": 1,
                "1000100110": 1,
                "1001111111": 1,
                "0000000100": 1,
                "1100001010": 1,
                "1010100000": 1,
                "1111001111": 1,
                "0100010001": 1,
                "0000111111": 1,
                "0000001110": 1,
                "0100001110": 1,
                "0001110010": 1,
                "0010011110": 1,
                "1101111011": 1,
                "1011000011": 1,
                "0100000001": 1,
                "0000000010": 1,
                "0111001011": 1,
                "1100100000": 1,
                "0000100101": 1,
                "0100010110": 2,
                "1010100110": 1,
                "0101001111": 1,
                "0011111011": 1,
                "0000111001": 1,
                "1010110110": 1,
                "0000001001": 1,
                "0110111110": 1,
                "0101110010": 1,
                "1110001110": 1,
                "1101110001": 1,
                "0000010111": 2,
                "1100011101": 1,
                "1010001001": 1,
                "1110111000": 1,
                "0011110010": 2,
                "1000010011": 1,
                "1101000111": 1,
                "1011011100": 1,
                "0101010010": 1,
                "0100001000": 1,
                "1101101111": 1,
                "1011010111": 1,
                "1010000101": 1,
                "1111010111": 1,
                "0100000010": 1,
                "1011101010": 1,
                "1010000010": 1,
                "1100101101": 1,
                "1100001100": 1,
                "0100110011": 1,
                "0010100100": 1,
                "0001100100": 1,
                "1101010011": 1,
                "1011001001": 1,
                "1011100011": 1,
                "1000111001": 1,
                "1101001111": 1,
                "0000010110": 1,
                "0111111101": 1,
                "1110100101": 1,
                "1101111101": 1,
                "1110110100": 1,
                "1111100000": 1,
                "1011010100": 1,
                "1111111100": 1,
                "0110000000": 1,
                "1011100010": 1,
                "0000001011": 1,
                "0000011000": 1,
                "1111110110": 1,
                "1110011011": 2,
                "1100111001": 1,
                "1101010010": 1,
                "1100010011": 1,
                "0010000100": 1,
                "1010011000": 1,
                "1111110001": 1,
                "0111100010": 1,
                "0111101000": 2,
                "1010001000": 1,
                "1101110010": 1,
                "0110111000": 1,
                "1100000011": 2,
                "1010000000": 1,
                "0011011101": 1,
                "0111000110": 1,
                "0100001011": 1,
                "1100110100": 1,
                "0101011110": 1,
                "0111110101": 1
            },
            false,
            0.98
        ],
        [
            [
                [
                    -9,
                    5,
                    -1
                ],
                [
                    9,
                    2,
                    -3
                ],
                [
                    -7,
                    -3,
                    -2
                ],
                [
                    9,
                    -1,
                    5
                ],
                [
                    -3,
                    -1,
                    9
                ],
                [
                    8,
                    -6,
                    -7
                ],
                [
                    -2,
                    -4,
                    10
                ],
                [
                    -7,
                    10,
                    -6
                ],
                [
                    10,
                    -4,
                    8
                ],
                [
                    4,
                    7,
                    1
                ],
                [
                    10,
                    -7,
                    -6
                ],
                [
                    -9,
                    4,
                    7
                ],
                [
                    10,
                    1,
                    -4
                ],
                [
                    5,
                    -1,
                    6
                ],
                [
                    -10,
                    6,
                    -8
                ],
                [
                    5,
                    2,
                    10
                ],
                [
                    -6,
                    2,
                    10
                ],
                [
                    8,
                    -1,
                    -6
                ],
                [
                    -2,
                    4,
                    -8
                ],
                [
                    9,
                    8,
                    -10
                ],
                [
                    -1,
                    -5,
                    6
                ],
                [
                    4,
                    3,
                    6
                ],
                [
                    8,
                    9,
                    -3
                ],
                [
                    4,
                    -6,
                    -9
                ],
                [
                    -5,
                    9,
                    7
                ],
                [
                    3,
                    8,
                    -4
                ],
                [
                    4,
                    6,
                    10
                ],
                [
                    -7,
                    -1,
                    -6
                ],
                [
                    -10,
                    -7,
                    2
                ],
                [
                    -10,
                    -1,
                    5
                ],
                [
                    10,
                    -5,
                    4
                ],
                [
                    -3,
                    5,
                    -8
                ],
                [
                    10,
                    -3,
                    -4
                ],
                [
                    -2,
                    9,
                    -3
                ],
                [
                    2,
                    -5,
                    -7
                ],
                [
                    2,
                    -9,
                    6
                ],
                [
                    7,
                    -5,
                    -1
                ],
                [
                    -5,
                    -6,
                    9
                ],
                [
                    -10,
                    -2,
                    5
                ],
                [
                    7,
                    -8,
                    5
                ],
                [
                    -2,
                    8,
                    6
                ],
                [
                    -10,
                    -1,
                    -4
                ],
                [
                    4,
                    -9,
                    2
                ],
                [
                    1,
                    9,
                    -5
                ],
                [
                    2,
                    3,
                    -8
                ]
            ],
            "{   'fun': 0.96,\n    'jac': None,\n    'nfev': 200,\n    'nit': 1,\n    'njev': 40,\n    'x': array([1.79835469, 1.74181382, 1.82882929, 0.02556409])}",
            {
                "1000011110": 1,
                "0011010101": 1,
                "1000011011": 1,
                "0000110010": 1,
                "1001101001": 1,
                "1101010110": 1,
                "1011100000": 1,
                "0101111010": 1,
                "1101001110": 1,
                "0000101000": 1,
                "0110110100": 1,
                "1100011100": 1,
                "1110110000": 1,
                "0011000000": 1,
                "0100010110": 1,
                "1000110000": 1,
                "0111110101": 1,
                "1100101100": 3,
                "1111111010": 1,
                "0111000011": 1,
                "0110110101": 1,
                "0011101100": 1,
                "1110111010": 2,
                "0011011111": 1,
                "0100111110": 1,
                "0111100000": 1,
                "1001011001": 1,
                "0010001110": 1,
                "1000110001": 1,
                "0010001011": 1,
                "0110110111": 1,
                "0001001010": 1,
                "0100100001": 1,
                "0101110100": 1,
                "0110111111": 1,
                "1000101101": 1,
                "0011000111": 1,
                "0000101001": 2,
                "0111001100": 1,
                "1110101111": 1,
                "1001100010": 1,
                "0010000010": 1,
                "0001011001": 1,
                "1110000110": 1,
                "1010001011": 1,
                "0000000100": 1,
                "1000100000": 1,
                "1110101010": 1,
                "0000111101": 1,
                "1010110010": 1,
                "0111101111": 1,
                "0110010101": 1,
                "1000000100": 1,
                "1010000001": 1,
                "1101001101": 1,
                "0111110110": 1,
                "0100111000": 1,
                "1100100010": 1,
                "1110111110": 6,
                "0011101010": 1,
                "0111110100": 1,
                "1110001011": 1,
                "0111000010": 1,
                "1001000110": 1,
                "1110001101": 1,
                "1100111110": 2,
                "0000000001": 1,
                "0000011101": 2,
                "1101010010": 1,
                "0000011010": 1,
                "0110000111": 1,
                "0010111100": 1,
                "1101101101": 1,
                "1110111100": 3,
                "1111100111": 1,
                "0110111101": 1,
                "0000001111": 1,
                "0010100100": 1,
                "0100010101": 2,
                "1000010000": 1,
                "0010000100": 1,
                "1010011000": 1,
                "0000101011": 1,
                "1100010100": 1,
                "1100111100": 2
            },
            true,
            0.74
        ],
        [
            [
                [
                    10,
                    8,
                    3
                ],
                [
                    2,
                    9,
                    6
                ],
                [
                    10,
                    1,
                    -6
                ],
                [
                    2,
                    7,
                    -9
                ],
                [
                    7,
                    -9,
                    -4
                ],
                [
                    -9,
                    -7,
                    -4
                ],
                [
                    6,
                    5,
                    4
                ],
                [
                    10,
                    4,
                    7
                ],
                [
                    -8,
                    1,
                    3
                ],
                [
                    -9,
                    1,
                    5
                ],
                [
                    1,
                    -2,
                    -6
                ],
                [
                    10,
                    -5,
                    -6
                ],
                [
                    10,
                    -4,
                    -3
                ],
                [
                    -1,
                    -3,
                    6
                ],
                [
                    10,
                    2,
                    5
                ],
                [
                    7,
                    8,
                    -3
                ],
                [
                    -7,
                    -10,
                    -4
                ],
                [
                    3,
                    8,
                    -4
                ],
                [
                    -9,
                    8,
                    -1
                ],
                [
                    -2,
                    -10,
                    -7
                ],
                [
                    5,
                    1,
                    9
                ],
                [
                    -10,
                    4,
                    -8
                ],
                [
                    4,
                    2,
                    7
                ],
                [
                    9,
                    1,
                    -10
                ],
                [
                    -2,
                    -4,
                    -3
                ],
                [
                    -8,
                    -9,
                    1
                ],
                [
                    9,
                    -5,
                    3
                ],
                [
                    7,
                    -2,
                    3
                ],
                [
                    2,
                    8,
                    -10
                ],
                [
                    7,
                    -3,
                    -4
                ],
                [
                    -1,
                    3,
                    -2
                ],
                [
                    -6,
                    -4,
                    10
                ],
                [
                    -1,
                    10,
                    4
                ],
                [
                    -8,
                    -1,
                    3
                ],
                [
                    6,
                    -4,
                    -8
                ],
                [
                    -4,
                    2,
                    -6
                ],
                [
                    -3,
                    -9,
                    -8
                ],
                [
                    -8,
                    -4,
                    10
                ],
                [
                    -7,
                    -4,
                    3
                ],
                [
                    -1,
                    -7,
                    -6
                ],
                [
                    10,
                    2,
                    9
                ],
                [
                    -7,
                    -10,
                    6
                ],
                [
                    -4,
                    3,
                    -1
                ],
                [
                    4,
                    3,
                    9
                ],
                [
                    9,
                    -1,
                    3
                ]
            ],
            "{   'fun': 0.96,\n    'jac': None,\n    'nfev': 110,\n    'nit': 2,\n    'njev': 22,\n    'x': array([2.82256717, 1.00300907, 0.60898457, 1.17804017])}",
            {
                "1111011111": 1,
                "0101100100": 1,
                "0011001111": 1,
                "1001010010": 1,
                "0011000001": 1,
                "0010011001": 1,
                "1100001011": 1,
                "1100000001": 1,
                "0100010000": 1,
                "1010000010": 1,
                "1100101111": 1,
                "1001100011": 1,
                "0110100100": 1,
                "1100110010": 1,
                "0100011001": 1,
                "1000110001": 1,
                "1010001010": 1,
                "0001111011": 1,
                "1011111000": 1,
                "1010111001": 1,
                "0101010101": 1,
                "1000011010": 1,
                "1010100101": 1,
                "1011011011": 1,
                "0000100011": 1,
                "1111000110": 1,
                "1110100111": 1,
                "0011010110": 1,
                "0101000011": 1,
                "0001110001": 1,
                "0011101011": 1,
                "1010000011": 1,
                "1010001101": 1,
                "0010010111": 1,
                "0110110001": 1,
                "0010110110": 1,
                "1011101000": 1,
                "1011101110": 1,
                "0101001000": 1,
                "0010010100": 1,
                "1101010101": 1,
                "1101100000": 1,
                "0001110110": 1,
                "1101011111": 2,
                "0011010000": 1,
                "0110011011": 1,
                "0111100110": 1,
                "1000111000": 1,
                "1100001101": 1,
                "0101010110": 2,
                "0111000111": 1,
                "0111100011": 1,
                "1001000011": 1,
                "0110100010": 1,
                "0110110101": 1,
                "1010111011": 1,
                "0101000111": 2,
                "0101010100": 1,
                "0101100001": 1,
                "1010110110": 1,
                "0010111111": 1,
                "0000000001": 1,
                "1101100100": 1,
                "0001000000": 1,
                "1000110101": 1,
                "1010101000": 1,
                "0110000101": 1,
                "0111100101": 1,
                "0111101001": 1,
                "1101010011": 1,
                "1000000110": 1,
                "1001011110": 2,
                "0111010110": 1,
                "1111010111": 1,
                "1011011010": 1,
                "1011111011": 1,
                "1000100010": 1,
                "0000110111": 1,
                "0111010100": 1,
                "1000010101": 1,
                "0000100110": 1,
                "1110010000": 1,
                "0111100001": 1,
                "1110111101": 1,
                "0101111011": 1,
                "1011101010": 1,
                "0000001111": 1,
                "1101110000": 1,
                "0011011111": 1,
                "1110011011": 1,
                "1100111001": 1,
                "1000000001": 1,
                "1101101000": 1,
                "0101011011": 1,
                "1011111001": 1,
                "0110111111": 1
            },
            true,
            0.89
        ]
    ]
}