{
    "n": 10,
    "m": 45,
    "results": [
        [
            [
                [
                    -8,
                    -3,
                    -4
                ],
                [
                    9,
                    3,
                    -10
                ],
                [
                    4,
                    -6,
                    3
                ],
                [
                    3,
                    -10,
                    5
                ],
                [
                    -10,
                    5,
                    -3
                ],
                [
                    -8,
                    6,
                    9
                ],
                [
                    -4,
                    -1,
                    9
                ],
                [
                    -9,
                    3,
                    -2
                ],
                [
                    1,
                    4,
                    7
                ],
                [
                    2,
                    3,
                    -7
                ],
                [
                    -5,
                    3,
                    4
                ],
                [
                    -5,
                    -9,
                    3
                ],
                [
                    -10,
                    -9,
                    3
                ],
                [
                    -1,
                    6,
                    -7
                ],
                [
                    -8,
                    -3,
                    -10
                ],
                [
                    10,
                    -5,
                    -4
                ],
                [
                    -2,
                    -10,
                    -8
                ],
                [
                    -9,
                    1,
                    7
                ],
                [
                    5,
                    -3,
                    -10
                ],
                [
                    7,
                    -6,
                    -10
                ],
                [
                    3,
                    7,
                    5
                ],
                [
                    -3,
                    4,
                    8
                ],
                [
                    -4,
                    -9,
                    3
                ],
                [
                    6,
                    8,
                    -9
                ],
                [
                    -6,
                    -5,
                    -9
                ],
                [
                    4,
                    -9,
                    1
                ],
                [
                    8,
                    -6,
                    7
                ],
                [
                    7,
                    6,
                    -10
                ],
                [
                    5,
                    4,
                    -3
                ],
                [
                    3,
                    4,
                    10
                ],
                [
                    7,
                    -5,
                    3
                ],
                [
                    10,
                    6,
                    -4
                ],
                [
                    8,
                    -1,
                    10
                ],
                [
                    4,
                    10,
                    5
                ],
                [
                    -6,
                    -8,
                    3
                ],
                [
                    6,
                    -4,
                    8
                ],
                [
                    -8,
                    -6,
                    10
                ],
                [
                    2,
                    10,
                    6
                ],
                [
                    -5,
                    -10,
                    7
                ],
                [
                    -1,
                    -5,
                    4
                ],
                [
                    -5,
                    8,
                    -3
                ],
                [
                    -9,
                    8,
                    3
                ],
                [
                    -5,
                    8,
                    4
                ],
                [
                    -1,
                    -5,
                    4
                ],
                [
                    3,
                    -6,
                    -9
                ]
            ],
            "{   'fun': 0.99,\n    'jac': None,\n    'nfev': 100,\n    'nit': 1,\n    'njev': 20,\n    'x': array([0.52740253, 0.17713412, 0.19211573, 0.0238354 ])}",
            {
                "0100100110": 1,
                "1101001000": 1,
                "0101010111": 1,
                "0111000101": 1,
                "0011111000": 1,
                "0010111111": 1,
                "0010110000": 1,
                "0011010110": 1,
                "0010100101": 1,
                "0001011101": 1,
                "0111001011": 1,
                "1001111001": 1,
                "1111000011": 1,
                "0110001101": 1,
                "0101100110": 1,
                "1111100000": 1,
                "1011010100": 1,
                "1010011011": 1,
                "1100010011": 1,
                "1110011100": 1,
                "0000001011": 1,
                "0000000110": 1,
                "1000011010": 1,
                "1001110000": 1,
                "1001100010": 1,
                "0100101100": 1,
                "0010101100": 1,
                "1010001111": 1,
                "1011000011": 1,
                "0101110011": 1,
                "1110111100": 1,
                "0011110001": 1,
                "0110000011": 1,
                "0110100001": 1,
                "0010011010": 1,
                "1111101101": 1,
                "0010010000": 1,
                "1111100011": 1,
                "0111111100": 1,
                "1100110110": 1,
                "0110000101": 1,
                "1001110011": 1,
                "0001000111": 1,
                "1011011001": 1,
                "1000100000": 1,
                "1001101100": 1,
                "0100100010": 1,
                "1101110100": 1,
                "0110010000": 1,
                "0100110001": 1,
                "1111110111": 1,
                "0001110001": 1,
                "1101000110": 1,
                "1011111111": 2,
                "1011000111": 1,
                "0100010101": 1,
                "1100101010": 1,
                "1101111100": 1,
                "0100000001": 1,
                "1111100100": 1,
                "1100001001": 1,
                "0111000110": 1,
                "1111000001": 1,
                "1101011010": 1,
                "1000011001": 1,
                "0101101010": 1,
                "0001101111": 1,
                "0000110011": 1,
                "0011001110": 2,
                "0110010110": 1,
                "1110011001": 1,
                "0001101100": 1,
                "0101010011": 1,
                "0111010110": 1,
                "0101100111": 1,
                "1111101010": 1,
                "0001011011": 1,
                "1001010101": 1,
                "0110100100": 1,
                "1010010100": 1,
                "0010010001": 1,
                "1001010100": 1,
                "1111001000": 1,
                "0110001111": 1,
                "0111101101": 1,
                "0000101110": 1,
                "1010111000": 1,
                "1010100111": 1,
                "1000111100": 1,
                "1011010101": 1,
                "0010101101": 1,
                "1100000001": 1,
                "0011010111": 1,
                "1101111111": 1,
                "1001001111": 1,
                "1011100110": 1,
                "1000001010": 1,
                "0101110111": 1
            },
            true,
            0.96
        ],
        [
            [
                [
                    -7,
                    4,
                    8
                ],
                [
                    -2,
                    1,
                    9
                ],
                [
                    -4,
                    -8,
                    6
                ],
                [
                    -8,
                    -4,
                    3
                ],
                [
                    10,
                    3,
                    -9
                ],
                [
                    10,
                    4,
                    8
                ],
                [
                    -5,
                    3,
                    6
                ],
                [
                    2,
                    -4,
                    -5
                ],
                [
                    4,
                    -3,
                    -7
                ],
                [
                    3,
                    6,
                    8
                ],
                [
                    -3,
                    -4,
                    -2
                ],
                [
                    -3,
                    5,
                    9
                ],
                [
                    10,
                    6,
                    -4
                ],
                [
                    1,
                    -10,
                    -5
                ],
                [
                    -5,
                    -8,
                    -9
                ],
                [
                    -8,
                    6,
                    3
                ],
                [
                    -9,
                    -3,
                    -7
                ],
                [
                    -3,
                    8,
                    9
                ],
                [
                    -4,
                    -6,
                    8
                ],
                [
                    9,
                    -3,
                    6
                ],
                [
                    -2,
                    -3,
                    -8
                ],
                [
                    2,
                    -7,
                    -3
                ],
                [
                    -9,
                    -2,
                    -7
                ],
                [
                    6,
                    5,
                    -3
                ],
                [
                    6,
                    -3,
                    9
                ],
                [
                    -2,
                    6,
                    10
                ],
                [
                    -5,
                    6,
                    -4
                ],
                [
                    -8,
                    2,
                    -4
                ],
                [
                    -4,
                    -7,
                    3
                ],
                [
                    4,
                    -2,
                    -1
                ],
                [
                    -5,
                    8,
                    -1
                ],
                [
                    -8,
                    3,
                    -9
                ],
                [
                    -5,
                    6,
                    -1
                ],
                [
                    7,
                    -2,
                    -6
                ],
                [
                    -10,
                    -9,
                    2
                ],
                [
                    5,
                    -10,
                    7
                ],
                [
                    -7,
                    2,
                    -5
                ],
                [
                    -5,
                    9,
                    7
                ],
                [
                    -1,
                    -9,
                    -5
                ],
                [
                    5,
                    -7,
                    -6
                ],
                [
                    -5,
                    -8,
                    1
                ],
                [
                    1,
                    -3,
                    6
                ],
                [
                    -3,
                    -1,
                    -2
                ],
                [
                    10,
                    -9,
                    -6
                ],
                [
                    3,
                    -5,
                    -6
                ]
            ],
            "{   'fun': 0.96,\n    'jac': None,\n    'nfev': 105,\n    'nit': 0,\n    'njev': 21,\n    'x': array([2.42272838, 2.07750153, 1.7463542 , 2.86819155])}",
            {
                "1011011000": 1,
                "1001110010": 1,
                "1011010101": 1,
                "1100010111": 1,
                "1010100001": 1,
                "0110110000": 1,
                "1010000110": 1,
                "1111101011": 1,
                "0010110110": 1,
                "0011000000": 1,
                "1001011101": 1,
                "0011000110": 1,
                "0101001001": 1,
                "0000111001": 1,
                "0000101001": 1,
                "1011110100": 1,
                "1000001001": 1,
                "0000010111": 1,
                "0010111000": 1,
                "1100101001": 1,
                "1000001010": 2,
                "1110000000": 1,
                "0111001101": 1,
                "0110101000": 1,
                "1110011001": 1,
                "1000111010": 1,
                "1011010010": 1,
                "0111001110": 1,
                "1101000010": 1,
                "1101000100": 1,
                "0000100011": 1,
                "0000110110": 1,
                "1101000101": 1,
                "0100110011": 1,
                "0111100000": 1,
                "0111100111": 1,
                "1110001010": 1,
                "0101010001": 1,
                "0111100110": 1,
                "0111001001": 2,
                "0100000110": 1,
                "0011111100": 1,
                "0011100010": 1,
                "1001101111": 1,
                "0011101100": 1,
                "0010011110": 1,
                "0010101010": 1,
                "0000010010": 1,
                "1101100101": 1,
                "0011010101": 1,
                "0111111001": 1,
                "1111001111": 1,
                "1010010000": 1,
                "0101110001": 1,
                "1110011011": 1,
                "0101011011": 1,
                "1100100110": 1,
                "0111111111": 1,
                "1010001101": 1,
                "1000000100": 2,
                "0011101011": 1,
                "0111101100": 1,
                "1010101000": 1,
                "0110000101": 1,
                "0000000100": 1,
                "0101101100": 1,
                "0111111011": 1,
                "1010101100": 1,
                "1010000100": 1,
                "0010011010": 1,
                "1111001101": 1,
                "1111110001": 1,
                "1011101101": 1,
                "0011001011": 1,
                "0000000101": 1,
                "1010100101": 1,
                "1100101101": 1,
                "1110000001": 1,
                "0110011001": 1,
                "1001000111": 1,
                "1110010000": 1,
                "1101101110": 1,
                "0111110110": 1,
                "0100001111": 1,
                "0111011000": 1,
                "0001110001": 2,
                "1011110111": 1,
                "0000111100": 1,
                "1010100111": 1,
                "1000000101": 1,
                "0010100001": 1,
                "1000000010": 1,
                "0001101001": 1,
                "1100101011": 1,
                "0011111000": 1,
                "0010111111": 1
            },
            true,
            0.96
        ],
        [
            [
                [
                    -1,
                    -5,
                    -8
                ],
                [
                    10,
                    3,
                    -9
                ],
                [
                    3,
                    -2,
                    7
                ],
                [
                    8,
                    -7,
                    -1
                ],
                [
                    -1,
                    -6,
                    -10
                ],
                [
                    -4,
                    2,
                    -1
                ],
                [
                    -7,
                    10,
                    -8
                ],
                [
                    2,
                    -8,
                    3
                ],
                [
                    -9,
                    8,
                    -10
                ],
                [
                    -1,
                    10,
                    8
                ],
                [
                    6,
                    -8,
                    -4
                ],
                [
                    4,
                    -2,
                    -7
                ],
                [
                    -3,
                    -9,
                    -8
                ],
                [
                    5,
                    1,
                    -4
                ],
                [
                    -5,
                    10,
                    -3
                ],
                [
                    -7,
                    -2,
                    5
                ],
                [
                    -1,
                    10,
                    -8
                ],
                [
                    -3,
                    -10,
                    -2
                ],
                [
                    -2,
                    -9,
                    -10
                ],
                [
                    -4,
                    -7,
                    9
                ],
                [
                    -3,
                    -2,
                    -8
                ],
                [
                    2,
                    6,
                    -7
                ],
                [
                    -3,
                    -1,
                    7
                ],
                [
                    -4,
                    6,
                    1
                ],
                [
                    -7,
                    3,
                    -4
                ],
                [
                    2,
                    1,
                    -3
                ],
                [
                    -2,
                    5,
                    9
                ],
                [
                    7,
                    10,
                    -6
                ],
                [
                    -3,
                    -10,
                    1
                ],
                [
                    -2,
                    -10,
                    5
                ],
                [
                    2,
                    4,
                    10
                ],
                [
                    -4,
                    -10,
                    2
                ],
                [
                    7,
                    2,
                    -4
                ],
                [
                    -1,
                    -4,
                    5
                ],
                [
                    -9,
                    -4,
                    -8
                ],
                [
                    8,
                    -2,
                    -5
                ],
                [
                    -1,
                    2,
                    6
                ],
                [
                    4,
                    5,
                    -7
                ],
                [
                    4,
                    -10,
                    -9
                ],
                [
                    4,
                    -3,
                    -6
                ],
                [
                    -3,
                    -8,
                    7
                ],
                [
                    -1,
                    6,
                    5
                ],
                [
                    -6,
                    5,
                    -2
                ],
                [
                    -2,
                    -9,
                    1
                ],
                [
                    -9,
                    -5,
                    4
                ]
            ],
            "{   'fun': 1.0,\n    'jac': None,\n    'nfev': 5,\n    'nit': 0,\n    'njev': 1,\n    'x': array([1.02628103, 2.59942956, 1.58516241, 1.45514712])}",
            {
                "0110111011": 1,
                "0110111001": 1,
                "0100001000": 1,
                "1101111000": 1,
                "0100011001": 1,
                "1110011110": 1,
                "1011000010": 1,
                "0101010111": 1,
                "0001110101": 1,
                "1011111011": 1,
                "0110010100": 1,
                "0111000010": 1,
                "0111111001": 1,
                "0000110100": 1,
                "0100100100": 1,
                "0111010101": 1,
                "0100100001": 1,
                "0000111011": 1,
                "1000111000": 1,
                "1100001100": 1,
                "1010101001": 1,
                "1101010010": 1,
                "1111000010": 1,
                "1010001110": 1,
                "1101100010": 1,
                "1011110110": 1,
                "1011000110": 1,
                "0110000011": 1,
                "0111001010": 1,
                "1000100100": 1,
                "1101010011": 1,
                "1011101001": 1,
                "0010111100": 1,
                "0011100000": 1,
                "0111110010": 1,
                "0001000011": 1,
                "0001110011": 1,
                "1110110100": 1,
                "0100011010": 2,
                "1110000011": 1,
                "0001000100": 1,
                "0110001001": 1,
                "1001111011": 1,
                "1000000110": 1,
                "1111000101": 1,
                "0001011101": 1,
                "0100000001": 1,
                "0101101111": 1,
                "0010111110": 2,
                "1000101000": 1,
                "1100101001": 1,
                "1010100110": 1,
                "0111011101": 1,
                "1101100000": 1,
                "0001010011": 1,
                "1001010001": 1,
                "1110010001": 2,
                "0001011000": 1,
                "1111010011": 1,
                "0010110110": 1,
                "1010100010": 1,
                "0110010010": 1,
                "1100001111": 1,
                "0011000110": 1,
                "1010111100": 1,
                "0101101000": 2,
                "0010111101": 1,
                "1011110111": 1,
                "1101011001": 1,
                "1010000011": 1,
                "1010000001": 1,
                "1001010110": 1,
                "0011100001": 1,
                "1000000101": 1,
                "1110000111": 1,
                "0000100010": 1,
                "1111010101": 1,
                "1110111101": 1,
                "1101000010": 1,
                "1101010111": 1,
                "0011111011": 1,
                "1111111000": 1,
                "1100000101": 1,
                "0010000110": 1,
                "0000111111": 1,
                "0001001010": 1,
                "0110110111": 1,
                "0011110110": 1,
                "1111110101": 1,
                "1010110010": 1,
                "1010010001": 1,
                "0111011110": 1,
                "1000011000": 1,
                "0101111110": 1,
                "1011100000": 1,
                "0111000001": 1
            },
            false,
            1.0
        ],
        [
            [
                [
                    -9,
                    -7,
                    6
                ],
                [
                    -4,
                    3,
                    -5
                ],
                [
                    9,
                    -1,
                    -6
                ],
                [
                    -3,
                    9,
                    -10
                ],
                [
                    -5,
                    8,
                    -9
                ],
                [
                    -6,
                    -3,
                    -8
                ],
                [
                    8,
                    3,
                    -7
                ],
                [
                    8,
                    9,
                    10
                ],
                [
                    6,
                    -4,
                    2
                ],
                [
                    4,
                    -10,
                    9
                ],
                [
                    -6,
                    -5,
                    10
                ],
                [
                    3,
                    -6,
                    10
                ],
                [
                    8,
                    7,
                    4
                ],
                [
                    -10,
                    1,
                    -7
                ],
                [
                    -8,
                    -7,
                    2
                ],
                [
                    -7,
                    -8,
                    6
                ],
                [
                    -6,
                    -3,
                    10
                ],
                [
                    6,
                    -4,
                    -7
                ],
                [
                    9,
                    10,
                    6
                ],
                [
                    4,
                    -2,
                    10
                ],
                [
                    5,
                    -2,
                    6
                ],
                [
                    -3,
                    -4,
                    10
                ],
                [
                    -7,
                    -10,
                    6
                ],
                [
                    -6,
                    -9,
                    -7
                ],
                [
                    9,
                    6,
                    -10
                ],
                [
                    -2,
                    -6,
                    -7
                ],
                [
                    9,
                    4,
                    -5
                ],
                [
                    10,
                    7,
                    -8
                ],
                [
                    3,
                    -5,
                    -6
                ],
                [
                    4,
                    7,
                    8
                ],
                [
                    1,
                    3,
                    7
                ],
                [
                    8,
                    6,
                    -5
                ],
                [
                    5,
                    -6,
                    -4
                ],
                [
                    2,
                    -10,
                    -8
                ],
                [
                    6,
                    10,
                    -7
                ],
                [
                    -1,
                    -8,
                    -2
                ],
                [
                    -3,
                    2,
                    5
                ],
                [
                    -6,
                    2,
                    10
                ],
                [
                    -1,
                    -3,
                    8
                ],
                [
                    -7,
                    -4,
                    -2
                ],
                [
                    -1,
                    2,
                    7
                ],
                [
                    6,
                    5,
                    -3
                ],
                [
                    6,
                    -2,
                    -7
                ],
                [
                    1,
                    -3,
                    4
                ],
                [
                    -3,
                    -9,
                    8
                ]
            ],
            "{   'fun': 0.99,\n    'jac': None,\n    'nfev': 105,\n    'nit': 0,\n    'njev': 21,\n    'x': array([1.79835481, 1.74181394, 1.82882941, 0.02556421])}",
            {
                "1001100101": 1,
                "0000111000": 1,
                "0101010101": 1,
                "0110011000": 1,
                "1100010010": 1,
                "0000100001": 1,
                "0010100101": 1,
                "0001101101": 1,
                "1100010110": 1,
                "0001111111": 1,
                "0001100011": 1,
                "1011001110": 1,
                "1011010101": 1,
                "1001001101": 1,
                "0010010101": 1,
                "1010101011": 1,
                "1100011111": 1,
                "0011110001": 1,
                "0110000011": 1,
                "1101110101": 1,
                "0001011101": 1,
                "1111010100": 1,
                "1001011101": 1,
                "0010000011": 1,
                "0001001100": 1,
                "1000110001": 1,
                "1010000000": 1,
                "0011011101": 1,
                "1011000001": 1,
                "1001011111": 1,
                "0100000111": 1,
                "1111000110": 1,
                "0001101111": 1,
                "0011001110": 1,
                "1100010100": 1,
                "0100100011": 1,
                "1100110111": 2,
                "1111110110": 1,
                "0000101110": 1,
                "1011011111": 1,
                "1100000001": 1,
                "1100011011": 1,
                "1101111111": 2,
                "0010100011": 1,
                "0010111011": 1,
                "0111100101": 1,
                "0111111010": 1,
                "1110110111": 1,
                "1110001001": 1,
                "0110001110": 1,
                "0110110100": 1,
                "1001110101": 1,
                "1100011101": 2,
                "0011101111": 1,
                "1000110110": 1,
                "1001010000": 1,
                "0001010111": 1,
                "1001011110": 1,
                "1011110101": 1,
                "0101000111": 1,
                "0011011011": 1,
                "0011111110": 1,
                "1111101011": 1,
                "0000011101": 2,
                "0111100000": 1,
                "0110001010": 1,
                "1100100011": 1,
                "0100011100": 1,
                "0011110100": 1,
                "0111100011": 1,
                "0101100111": 1,
                "0110000000": 1,
                "0110011111": 1,
                "1111001000": 1,
                "0010100010": 1,
                "0100010101": 1,
                "0100011010": 1,
                "0110111010": 1,
                "1110001111": 2,
                "0001010110": 1,
                "0010010111": 1,
                "0101001010": 1,
                "0111011101": 1,
                "1101110010": 1,
                "1110011010": 2,
                "1100101001": 1,
                "1000010010": 1,
                "0011100111": 1,
                "1011001101": 1,
                "1000010110": 1,
                "1110111101": 1,
                "1111010011": 1,
                "0110101111": 2
            },
            true,
            0.97
        ],
        [
            [
                [
                    1,
                    -7,
                    10
                ],
                [
                    -7,
                    5,
                    10
                ],
                [
                    -5,
                    -7,
                    2
                ],
                [
                    -1,
                    10,
                    -8
                ],
                [
                    8,
                    -5,
                    -2
                ],
                [
                    -6,
                    -4,
                    -3
                ],
                [
                    1,
                    -7,
                    -10
                ],
                [
                    2,
                    10,
                    -8
                ],
                [
                    2,
                    1,
                    7
                ],
                [
                    -4,
                    -6,
                    8
                ],
                [
                    5,
                    -1,
                    -3
                ],
                [
                    9,
                    7,
                    8
                ],
                [
                    5,
                    9,
                    -4
                ],
                [
                    10,
                    -3,
                    -9
                ],
                [
                    -5,
                    4,
                    7
                ],
                [
                    -7,
                    3,
                    4
                ],
                [
                    -2,
                    -10,
                    1
                ],
                [
                    -8,
                    -3,
                    4
                ],
                [
                    7,
                    10,
                    1
                ],
                [
                    5,
                    3,
                    4
                ],
                [
                    3,
                    -9,
                    -7
                ],
                [
                    -2,
                    8,
                    5
                ],
                [
                    -3,
                    -10,
                    -5
                ],
                [
                    -7,
                    -6,
                    2
                ],
                [
                    4,
                    10,
                    2
                ],
                [
                    -4,
                    2,
                    -1
                ],
                [
                    9,
                    -5,
                    -1
                ],
                [
                    3,
                    7,
                    -1
                ],
                [
                    -4,
                    9,
                    1
                ],
                [
                    8,
                    -2,
                    9
                ],
                [
                    -1,
                    -3,
                    -9
                ],
                [
                    9,
                    4,
                    3
                ],
                [
                    -6,
                    -7,
                    3
                ],
                [
                    1,
                    -5,
                    -10
                ],
                [
                    6,
                    -7,
                    5
                ],
                [
                    -5,
                    -2,
                    -10
                ],
                [
                    2,
                    -9,
                    -4
                ],
                [
                    -8,
                    -2,
                    3
                ],
                [
                    7,
                    -4,
                    -2
                ],
                [
                    2,
                    -9,
                    -3
                ],
                [
                    -7,
                    10,
                    -4
                ],
                [
                    -6,
                    5,
                    8
                ],
                [
                    6,
                    2,
                    10
                ],
                [
                    6,
                    8,
                    -3
                ],
                [
                    4,
                    -1,
                    -5
                ]
            ],
            "{   'fun': 1.0,\n    'jac': None,\n    'nfev': 5,\n    'nit': 0,\n    'njev': 1,\n    'x': array([2.82256757, 1.00300701, 0.6089862 , 1.17804058])}",
            {
                "1011110101": 1,
                "1011101110": 1,
                "1011001110": 1,
                "0100010011": 1,
                "1101000001": 1,
                "0101101001": 1,
                "0110111000": 1,
                "0000001010": 1,
                "1001010100": 1,
                "1111011011": 1,
                "0001010000": 1,
                "0010110000": 1,
                "0110001011": 1,
                "0011011001": 1,
                "0111110011": 1,
                "0010100111": 1,
                "0100111101": 1,
                "1011110100": 1,
                "1001000001": 1,
                "1100001111": 1,
                "0001111100": 1,
                "1000010010": 1,
                "1111110111": 1,
                "1000111110": 1,
                "1111100011": 1,
                "1011000101": 1,
                "0000111111": 1,
                "1101100110": 1,
                "1100000110": 2,
                "0010010001": 1,
                "1100001100": 1,
                "0110111101": 1,
                "0010001100": 1,
                "0000010011": 1,
                "1010110010": 1,
                "1110010000": 1,
                "1010100111": 1,
                "1110000111": 1,
                "1101000101": 1,
                "1101010110": 1,
                "1010100001": 1,
                "1110100010": 1,
                "1111110100": 1,
                "0010110101": 1,
                "1110011111": 1,
                "1010111001": 1,
                "1001110001": 1,
                "1011011101": 1,
                "1010110001": 1,
                "0110010101": 1,
                "0111110000": 1,
                "1110101001": 1,
                "1010010111": 1,
                "1000101111": 1,
                "0111101011": 1,
                "1010000001": 1,
                "1110110111": 1,
                "1100010001": 1,
                "1011011100": 1,
                "0101011111": 1,
                "1010010101": 1,
                "1110111110": 1,
                "1001000100": 1,
                "0110100111": 1,
                "1001100101": 1,
                "0011110101": 1,
                "0110000100": 2,
                "1101101000": 1,
                "0100111100": 1,
                "0100100001": 1,
                "1011100010": 1,
                "0000001110": 1,
                "1110000100": 1,
                "0110000000": 2,
                "0111100111": 1,
                "0100011100": 1,
                "1101111011": 1,
                "1110010011": 1,
                "0100010000": 1,
                "1111100010": 1,
                "0001000111": 1,
                "1000101010": 1,
                "1110010010": 1,
                "0000000111": 1,
                "1001011111": 1,
                "1001101001": 1,
                "1011111010": 1,
                "0100010100": 1,
                "0110000101": 1,
                "1011011010": 1,
                "1101111001": 1,
                "1111010111": 1,
                "1110101101": 1,
                "0000111000": 1,
                "0101100110": 1,
                "0100100111": 1,
                "0000000101": 1
            },
            false,
            1.0
        ]
    ]
}