{
    "n": 10,
    "m": 45,
    "results": [
        [
            [
                [
                    -9,
                    5,
                    8
                ],
                [
                    -1,
                    -5,
                    -10
                ],
                [
                    -4,
                    -3,
                    -1
                ],
                [
                    1,
                    5,
                    -2
                ],
                [
                    -5,
                    -8,
                    4
                ],
                [
                    2,
                    -9,
                    6
                ],
                [
                    4,
                    5,
                    -2
                ],
                [
                    -1,
                    -5,
                    3
                ],
                [
                    -3,
                    4,
                    2
                ],
                [
                    1,
                    -7,
                    9
                ],
                [
                    1,
                    3,
                    6
                ],
                [
                    -1,
                    -9,
                    7
                ],
                [
                    7,
                    5,
                    -4
                ],
                [
                    -7,
                    -9,
                    -4
                ],
                [
                    8,
                    7,
                    -10
                ],
                [
                    1,
                    -7,
                    3
                ],
                [
                    5,
                    10,
                    3
                ],
                [
                    9,
                    -6,
                    -2
                ],
                [
                    -1,
                    -8,
                    -3
                ],
                [
                    -4,
                    8,
                    -7
                ],
                [
                    3,
                    -7,
                    -2
                ],
                [
                    8,
                    -2,
                    -10
                ],
                [
                    -2,
                    -10,
                    9
                ],
                [
                    -4,
                    2,
                    7
                ],
                [
                    -4,
                    -2,
                    1
                ],
                [
                    -4,
                    -2,
                    -7
                ],
                [
                    1,
                    -3,
                    -5
                ],
                [
                    -9,
                    6,
                    4
                ],
                [
                    -7,
                    -9,
                    -1
                ],
                [
                    9,
                    8,
                    -6
                ],
                [
                    5,
                    -10,
                    2
                ],
                [
                    2,
                    9,
                    -4
                ],
                [
                    6,
                    -4,
                    1
                ],
                [
                    4,
                    6,
                    -7
                ],
                [
                    4,
                    8,
                    2
                ],
                [
                    3,
                    -2,
                    -9
                ],
                [
                    7,
                    -8,
                    -9
                ],
                [
                    -5,
                    9,
                    -2
                ],
                [
                    -4,
                    2,
                    -9
                ],
                [
                    -1,
                    -2,
                    3
                ],
                [
                    7,
                    4,
                    10
                ],
                [
                    -3,
                    -1,
                    -7
                ],
                [
                    -4,
                    -3,
                    -6
                ],
                [
                    -1,
                    -3,
                    2
                ],
                [
                    -9,
                    -5,
                    -4
                ]
            ],
            "{   'fun': 1.0,\n    'jac': None,\n    'nfev': 5,\n    'nit': 0,\n    'njev': 1,\n    'x': array([0.52740253, 0.17713412, 0.19211593, 0.02383559])}",
            {
                "1000011000": 1,
                "0011000111": 1,
                "1111101110": 1,
                "0001001010": 1,
                "0101000111": 1,
                "1000001110": 1,
                "0101111101": 1,
                "1011101100": 1,
                "1010011110": 1,
                "0111010101": 1,
                "1001110100": 1,
                "1110111011": 1,
                "1110111110": 1,
                "1101011111": 1,
                "1000000110": 1,
                "0110010001": 1,
                "1100001110": 1,
                "1010101001": 1,
                "0001101101": 1,
                "1111000111": 1,
                "1001001001": 1,
                "0111011011": 1,
                "1110100111": 1,
                "0011111110": 1,
                "0101001010": 2,
                "1111010110": 1,
                "1011111010": 2,
                "0011010100": 1,
                "1111110111": 1,
                "1101110110": 2,
                "1111011111": 1,
                "0010110111": 1,
                "0001010000": 1,
                "1011000000": 1,
                "1111001111": 1,
                "0000000010": 1,
                "1001011101": 1,
                "0100111100": 1,
                "0011111001": 1,
                "1000000001": 1,
                "0100111011": 1,
                "0000011000": 1,
                "0000001011": 1,
                "1011000010": 1,
                "1001101010": 1,
                "0000100011": 1,
                "0110000110": 1,
                "0000001010": 1,
                "0100001011": 1,
                "0101100110": 1,
                "1001111000": 1,
                "1111110000": 1,
                "1001101011": 1,
                "0011011100": 1,
                "0111100101": 1,
                "0101110011": 1,
                "1001001101": 1,
                "0101101011": 2,
                "0100011100": 1,
                "0101100001": 1,
                "1101001101": 1,
                "0111110011": 1,
                "0001001101": 1,
                "0001111010": 1,
                "1111000001": 1,
                "0111100111": 1,
                "1101011011": 2,
                "0011101011": 1,
                "0110011111": 2,
                "0000101011": 1,
                "1100001111": 1,
                "1001100000": 1,
                "0111110101": 1,
                "0110001010": 1,
                "1101100010": 1,
                "0110100101": 1,
                "1111110011": 1,
                "1111111110": 1,
                "1000101110": 1,
                "0001000111": 1,
                "1100101000": 1,
                "0111111011": 1,
                "0101101100": 1,
                "1110101111": 1,
                "0110010110": 1,
                "0011001110": 1,
                "1100001000": 1,
                "0100101011": 1,
                "1100111101": 1,
                "1001001111": 1,
                "1100010110": 1,
                "0000100001": 1,
                "1100110000": 1,
                "0110110101": 1
            },
            false,
            1.0
        ],
        [
            [
                [
                    -2,
                    -8,
                    -4
                ],
                [
                    -5,
                    -9,
                    -8
                ],
                [
                    -8,
                    3,
                    9
                ],
                [
                    -9,
                    -6,
                    3
                ],
                [
                    10,
                    5,
                    9
                ],
                [
                    5,
                    -3,
                    -4
                ],
                [
                    8,
                    6,
                    7
                ],
                [
                    -4,
                    5,
                    -6
                ],
                [
                    7,
                    -5,
                    2
                ],
                [
                    -9,
                    -2,
                    -8
                ],
                [
                    -1,
                    -10,
                    -7
                ],
                [
                    2,
                    3,
                    8
                ],
                [
                    3,
                    -4,
                    7
                ],
                [
                    -6,
                    7,
                    4
                ],
                [
                    8,
                    -7,
                    -9
                ],
                [
                    -2,
                    7,
                    -9
                ],
                [
                    6,
                    -9,
                    -4
                ],
                [
                    -3,
                    7,
                    -1
                ],
                [
                    7,
                    -1,
                    -2
                ],
                [
                    -9,
                    -6,
                    10
                ],
                [
                    3,
                    6,
                    -10
                ],
                [
                    -4,
                    -10,
                    -5
                ],
                [
                    -5,
                    7,
                    -4
                ],
                [
                    -6,
                    -8,
                    2
                ],
                [
                    -1,
                    3,
                    4
                ],
                [
                    6,
                    4,
                    3
                ],
                [
                    2,
                    -6,
                    -10
                ],
                [
                    6,
                    3,
                    1
                ],
                [
                    3,
                    -9,
                    -10
                ],
                [
                    -8,
                    -10,
                    -9
                ],
                [
                    -9,
                    4,
                    8
                ],
                [
                    3,
                    -5,
                    9
                ],
                [
                    5,
                    -6,
                    -3
                ],
                [
                    1,
                    9,
                    5
                ],
                [
                    -4,
                    -9,
                    1
                ],
                [
                    -4,
                    5,
                    9
                ],
                [
                    3,
                    1,
                    8
                ],
                [
                    -1,
                    -2,
                    -8
                ],
                [
                    2,
                    8,
                    1
                ],
                [
                    -4,
                    9,
                    7
                ],
                [
                    7,
                    -8,
                    -10
                ],
                [
                    -1,
                    3,
                    4
                ],
                [
                    2,
                    10,
                    4
                ],
                [
                    -3,
                    -10,
                    -8
                ],
                [
                    -2,
                    -6,
                    9
                ]
            ],
            "{   'fun': 0.95,\n    'jac': None,\n    'nfev': 115,\n    'nit': 2,\n    'njev': 23,\n    'x': array([2.42272838, 2.07750246, 1.74635327, 2.86819295])}",
            {
                "1000110001": 1,
                "1001000111": 1,
                "0110010010": 1,
                "0000000011": 1,
                "0001111101": 1,
                "0111100010": 1,
                "1100011010": 1,
                "1001010000": 1,
                "0101100011": 1,
                "0111101110": 1,
                "1001010100": 1,
                "0111010111": 1,
                "0011111110": 1,
                "0001111001": 1,
                "0001011110": 1,
                "1001100011": 1,
                "1110101110": 1,
                "1101111001": 1,
                "1011101100": 1,
                "0110100110": 1,
                "0101010011": 1,
                "1101101001": 1,
                "0101010001": 1,
                "0010111101": 1,
                "0110110101": 1,
                "1100101011": 1,
                "1000010110": 1,
                "0000000001": 1,
                "1111000010": 1,
                "1011100110": 1,
                "1011110110": 1,
                "0011110101": 1,
                "1010111100": 1,
                "1111100110": 1,
                "0000101010": 1,
                "0101000000": 1,
                "0101111110": 1,
                "1011100000": 2,
                "1011100100": 1,
                "0011110111": 1,
                "1100011111": 1,
                "1110100100": 1,
                "0101001111": 1,
                "0010100100": 2,
                "1111001011": 1,
                "0100110000": 1,
                "1011010011": 1,
                "0110011010": 1,
                "0001111000": 1,
                "1101110000": 1,
                "0010101011": 1,
                "1010010111": 1,
                "1010110110": 1,
                "0101010100": 1,
                "1100101111": 1,
                "1110101111": 1,
                "0001111100": 1,
                "0001011111": 2,
                "0001010110": 2,
                "0001010011": 1,
                "1011010000": 1,
                "1000011111": 1,
                "1001101110": 1,
                "1111010110": 2,
                "0011011010": 1,
                "1101110110": 1,
                "0000010110": 1,
                "1101011100": 1,
                "1100110010": 1,
                "1011010010": 1,
                "0110010101": 1,
                "1110110111": 1,
                "1000101011": 1,
                "1010011100": 1,
                "1101100110": 1,
                "1101001011": 1,
                "0110010000": 1,
                "1110010011": 1,
                "1010011010": 1,
                "0100001001": 1,
                "1101011000": 1,
                "1110010000": 1,
                "1010001001": 1,
                "0000111100": 1,
                "0100001100": 1,
                "0101010010": 1,
                "1001000001": 1,
                "1111011011": 1,
                "0101110101": 1,
                "0011010110": 1,
                "0110111111": 2,
                "0011011101": 2,
                "0101101000": 1
            },
            true,
            0.85
        ],
        [
            [
                [
                    5,
                    -7,
                    2
                ],
                [
                    -6,
                    -7,
                    1
                ],
                [
                    10,
                    1,
                    -4
                ],
                [
                    1,
                    -10,
                    3
                ],
                [
                    8,
                    3,
                    -2
                ],
                [
                    -3,
                    2,
                    -7
                ],
                [
                    -6,
                    -3,
                    1
                ],
                [
                    -2,
                    -5,
                    -6
                ],
                [
                    5,
                    -1,
                    -9
                ],
                [
                    -6,
                    5,
                    -4
                ],
                [
                    -6,
                    -3,
                    -2
                ],
                [
                    -5,
                    10,
                    9
                ],
                [
                    7,
                    -6,
                    3
                ],
                [
                    3,
                    -4,
                    8
                ],
                [
                    6,
                    2,
                    9
                ],
                [
                    -9,
                    4,
                    10
                ],
                [
                    -1,
                    7,
                    4
                ],
                [
                    8,
                    5,
                    -2
                ],
                [
                    -7,
                    4,
                    -1
                ],
                [
                    -2,
                    3,
                    7
                ],
                [
                    -5,
                    7,
                    9
                ],
                [
                    7,
                    -8,
                    -1
                ],
                [
                    -4,
                    5,
                    -7
                ],
                [
                    1,
                    10,
                    -5
                ],
                [
                    4,
                    1,
                    -2
                ],
                [
                    -7,
                    2,
                    10
                ],
                [
                    1,
                    -6,
                    -5
                ],
                [
                    7,
                    -2,
                    -8
                ],
                [
                    -8,
                    6,
                    -3
                ],
                [
                    -8,
                    5,
                    10
                ],
                [
                    1,
                    4,
                    2
                ],
                [
                    -2,
                    -10,
                    9
                ],
                [
                    -1,
                    2,
                    -5
                ],
                [
                    -2,
                    -1,
                    -3
                ],
                [
                    2,
                    8,
                    7
                ],
                [
                    10,
                    -3,
                    -5
                ],
                [
                    6,
                    -4,
                    2
                ],
                [
                    7,
                    -6,
                    9
                ],
                [
                    7,
                    2,
                    5
                ],
                [
                    -4,
                    -7,
                    9
                ],
                [
                    -1,
                    -2,
                    8
                ],
                [
                    -1,
                    -4,
                    -8
                ],
                [
                    -5,
                    10,
                    2
                ],
                [
                    -4,
                    3,
                    -9
                ],
                [
                    3,
                    6,
                    -1
                ]
            ],
            "{   'fun': 1.0,\n    'jac': None,\n    'nfev': 105,\n    'nit': 0,\n    'njev': 21,\n    'x': array([1.02628103, 2.59942956, 1.58516241, 1.45514712])}",
            {
                "1110111010": 1,
                "0101101101": 1,
                "0100100011": 1,
                "1110010011": 1,
                "0110001000": 1,
                "0111000011": 1,
                "1001011010": 1,
                "1010101110": 1,
                "1011011101": 1,
                "1001011011": 1,
                "0100011100": 1,
                "0000111001": 1,
                "0010011010": 1,
                "0011110001": 1,
                "0110000011": 1,
                "1110111110": 1,
                "1100100111": 1,
                "1100001111": 1,
                "0000111011": 1,
                "1100111001": 1,
                "0011111111": 1,
                "1010110000": 1,
                "1001110110": 1,
                "1011010110": 1,
                "0010100011": 1,
                "1011001001": 1,
                "1011101111": 1,
                "0011110100": 1,
                "0010010101": 1,
                "0101111011": 1,
                "0010001000": 1,
                "0111000001": 1,
                "0010110011": 1,
                "0001010010": 1,
                "1000101111": 1,
                "1000000110": 1,
                "0000011100": 1,
                "1011101010": 1,
                "1000101110": 1,
                "0010001101": 1,
                "0000110111": 1,
                "0010001010": 1,
                "0101010000": 1,
                "0101010001": 1,
                "0011110110": 1,
                "0101001100": 2,
                "0001101001": 1,
                "1101111111": 1,
                "1101100001": 1,
                "1000010001": 1,
                "0001010000": 1,
                "1100001011": 1,
                "1010110001": 1,
                "1101110011": 1,
                "0110010011": 1,
                "1000011111": 1,
                "0101001001": 1,
                "1100101100": 1,
                "1000110110": 1,
                "1000100001": 1,
                "1011010000": 1,
                "1001110111": 1,
                "0001111100": 1,
                "1001000011": 1,
                "1101111000": 1,
                "1000111010": 1,
                "0000010010": 1,
                "1000001111": 1,
                "1100110010": 1,
                "1010000101": 1,
                "1111000111": 1,
                "0011110011": 1,
                "1011110000": 1,
                "1010101100": 1,
                "1110100011": 1,
                "1001100111": 1,
                "1000100010": 1,
                "0000100010": 1,
                "0101001111": 2,
                "0011001101": 1,
                "0101100101": 1,
                "1010100101": 1,
                "1100101101": 1,
                "1101001001": 1,
                "0001101010": 1,
                "1010010110": 1,
                "1100000111": 1,
                "1011011110": 1,
                "1000111110": 1,
                "1101111110": 2,
                "1111010100": 1,
                "1001000110": 1,
                "0000000010": 1,
                "1001110011": 1,
                "1000010101": 1,
                "1110100110": 1,
                "0010001110": 1
            },
            false,
            0.97
        ],
        [
            [
                [
                    -9,
                    -8,
                    -7
                ],
                [
                    6,
                    1,
                    9
                ],
                [
                    8,
                    5,
                    1
                ],
                [
                    1,
                    4,
                    -10
                ],
                [
                    7,
                    9,
                    -4
                ],
                [
                    9,
                    1,
                    5
                ],
                [
                    -5,
                    3,
                    4
                ],
                [
                    -4,
                    -9,
                    5
                ],
                [
                    -2,
                    3,
                    -8
                ],
                [
                    -2,
                    -7,
                    4
                ],
                [
                    8,
                    10,
                    -3
                ],
                [
                    -1,
                    7,
                    -9
                ],
                [
                    -2,
                    -7,
                    10
                ],
                [
                    10,
                    5,
                    -2
                ],
                [
                    1,
                    -4,
                    10
                ],
                [
                    -4,
                    -3,
                    10
                ],
                [
                    -2,
                    1,
                    3
                ],
                [
                    -9,
                    -5,
                    8
                ],
                [
                    -10,
                    4,
                    -3
                ],
                [
                    -3,
                    -9,
                    -5
                ],
                [
                    6,
                    -9,
                    8
                ],
                [
                    -9,
                    8,
                    -4
                ],
                [
                    -2,
                    -8,
                    10
                ],
                [
                    5,
                    -10,
                    -6
                ],
                [
                    8,
                    2,
                    -10
                ],
                [
                    -1,
                    -7,
                    3
                ],
                [
                    -2,
                    -1,
                    8
                ],
                [
                    -3,
                    7,
                    4
                ],
                [
                    -3,
                    4,
                    -10
                ],
                [
                    4,
                    -9,
                    -7
                ],
                [
                    7,
                    -8,
                    2
                ],
                [
                    3,
                    -10,
                    2
                ],
                [
                    5,
                    -8,
                    -10
                ],
                [
                    6,
                    -10,
                    -4
                ],
                [
                    -2,
                    1,
                    8
                ],
                [
                    -1,
                    5,
                    -9
                ],
                [
                    2,
                    9,
                    -7
                ],
                [
                    10,
                    5,
                    -9
                ],
                [
                    -4,
                    -2,
                    -3
                ],
                [
                    -10,
                    -6,
                    -7
                ],
                [
                    -6,
                    8,
                    -4
                ],
                [
                    -2,
                    -10,
                    -8
                ],
                [
                    -5,
                    -2,
                    -8
                ],
                [
                    -1,
                    -8,
                    10
                ],
                [
                    6,
                    4,
                    10
                ]
            ],
            "{   'fun': 1.0,\n    'jac': None,\n    'nfev': 85,\n    'nit': 1,\n    'njev': 17,\n    'x': array([1.79835481, 1.74181897, 1.82882941, 0.02556421])}",
            {
                "1000100100": 1,
                "0110011000": 1,
                "0101011001": 1,
                "0001010001": 1,
                "0001100000": 1,
                "1000010111": 1,
                "1000111001": 1,
                "1001110011": 1,
                "1000011100": 1,
                "0111001000": 1,
                "0001000110": 1,
                "0101011111": 1,
                "0010111110": 1,
                "0000000111": 1,
                "1000101100": 1,
                "1010001111": 1,
                "1010011111": 1,
                "1001001111": 1,
                "1100111101": 1,
                "0001110000": 1,
                "1000001000": 1,
                "0000100100": 1,
                "1100000000": 1,
                "0111111000": 2,
                "1011111100": 1,
                "1001111111": 1,
                "0000011001": 1,
                "1000001101": 1,
                "0010100010": 1,
                "0110110110": 1,
                "1001000100": 1,
                "1000111011": 1,
                "1011111110": 1,
                "1101110010": 1,
                "1101001011": 1,
                "0110010111": 1,
                "0110001111": 1,
                "1000111110": 1,
                "0001001101": 1,
                "0011010010": 1,
                "0110100001": 1,
                "0011011101": 1,
                "1010000000": 2,
                "0001011111": 1,
                "1010110110": 1,
                "1101001101": 2,
                "1100100110": 1,
                "0000011101": 1,
                "0100010000": 1,
                "1001001000": 1,
                "0111111101": 1,
                "1000100000": 1,
                "0101000011": 1,
                "1101110110": 1,
                "0010011001": 1,
                "1010001001": 1,
                "1011111010": 1,
                "0100100011": 1,
                "0000100001": 1,
                "1010101101": 1,
                "1111100001": 1,
                "0111000010": 1,
                "1001011001": 1,
                "0110100011": 1,
                "0011011010": 1,
                "0011010110": 1,
                "0010101110": 1,
                "1011100111": 1,
                "1010101000": 1,
                "0000000101": 1,
                "1011100001": 1,
                "0011001110": 1,
                "1010110100": 1,
                "1011111001": 1,
                "1011000000": 1,
                "1110101110": 1,
                "0100000010": 1,
                "0000100101": 1,
                "0001100101": 1,
                "0111101011": 1,
                "0000000010": 1,
                "0011001000": 1,
                "1001011100": 1,
                "1011101011": 1,
                "1000101001": 1,
                "1100101100": 1,
                "0000010001": 1,
                "0000101101": 1,
                "1001100010": 1,
                "1100000110": 1,
                "1100010011": 1,
                "1111011111": 1,
                "1110011001": 1,
                "1101100000": 1,
                "1100000100": 1,
                "0101011010": 2
            },
            false,
            0.97
        ],
        [
            [
                [
                    -2,
                    8,
                    -6
                ],
                [
                    -1,
                    3,
                    -6
                ],
                [
                    7,
                    -6,
                    -9
                ],
                [
                    4,
                    8,
                    3
                ],
                [
                    5,
                    9,
                    6
                ],
                [
                    -2,
                    9,
                    6
                ],
                [
                    9,
                    7,
                    -6
                ],
                [
                    -9,
                    2,
                    -8
                ],
                [
                    -5,
                    -4,
                    8
                ],
                [
                    -2,
                    8,
                    -1
                ],
                [
                    2,
                    -3,
                    -10
                ],
                [
                    2,
                    4,
                    9
                ],
                [
                    4,
                    -6,
                    -3
                ],
                [
                    -4,
                    -7,
                    -6
                ],
                [
                    3,
                    -6,
                    -2
                ],
                [
                    -6,
                    3,
                    -8
                ],
                [
                    10,
                    7,
                    5
                ],
                [
                    2,
                    10,
                    -4
                ],
                [
                    5,
                    -4,
                    -2
                ],
                [
                    7,
                    10,
                    5
                ],
                [
                    -8,
                    3,
                    -1
                ],
                [
                    -1,
                    -2,
                    -9
                ],
                [
                    9,
                    4,
                    -3
                ],
                [
                    -6,
                    2,
                    -8
                ],
                [
                    -8,
                    10,
                    3
                ],
                [
                    7,
                    -8,
                    -6
                ],
                [
                    -3,
                    5,
                    4
                ],
                [
                    -10,
                    -6,
                    8
                ],
                [
                    -9,
                    -5,
                    -10
                ],
                [
                    -9,
                    -5,
                    10
                ],
                [
                    -1,
                    7,
                    4
                ],
                [
                    4,
                    5,
                    -8
                ],
                [
                    -3,
                    -9,
                    -10
                ],
                [
                    -9,
                    -2,
                    6
                ],
                [
                    -5,
                    4,
                    2
                ],
                [
                    8,
                    7,
                    -9
                ],
                [
                    -10,
                    -6,
                    8
                ],
                [
                    9,
                    -6,
                    -8
                ],
                [
                    -9,
                    -8,
                    4
                ],
                [
                    7,
                    -9,
                    3
                ],
                [
                    -10,
                    8,
                    1
                ],
                [
                    -9,
                    6,
                    1
                ],
                [
                    2,
                    -6,
                    -5
                ],
                [
                    -6,
                    -1,
                    -4
                ],
                [
                    -4,
                    9,
                    10
                ]
            ],
            "{   'fun': 0.91,\n    'jac': None,\n    'nfev': 105,\n    'nit': 0,\n    'njev': 21,\n    'x': array([2.82256757, 1.00300701, 0.6089862 , 1.17804058])}",
            {
                "1011011000": 1,
                "0011110101": 1,
                "1010100000": 1,
                "0000100111": 1,
                "1011010010": 1,
                "0101000001": 1,
                "1110100111": 1,
                "0011000111": 1,
                "1110101110": 1,
                "0101111100": 2,
                "1000001010": 1,
                "1000110100": 1,
                "0001011010": 1,
                "0111111100": 1,
                "0001010010": 1,
                "0101010001": 1,
                "0101001100": 1,
                "0001111001": 1,
                "0011011100": 1,
                "1101010110": 1,
                "0110011101": 1,
                "1110001001": 1,
                "0110110110": 1,
                "1011000011": 1,
                "0101110100": 2,
                "1000001000": 1,
                "0011010111": 1,
                "1111010100": 1,
                "0001011101": 1,
                "0011001001": 1,
                "1001001101": 1,
                "0111100011": 1,
                "1110000100": 1,
                "0100001110": 1,
                "1111001010": 1,
                "0111111011": 1,
                "0100000000": 1,
                "1011000000": 2,
                "1001101000": 1,
                "1101100110": 1,
                "1010101000": 1,
                "1011010110": 1,
                "1001011001": 1,
                "0010001110": 1,
                "0110001100": 1,
                "0100011001": 1,
                "0101011000": 1,
                "1010101011": 2,
                "1001000101": 1,
                "1000110001": 1,
                "1101000111": 2,
                "1000110010": 1,
                "0010100101": 1,
                "1111001011": 1,
                "1101001001": 4,
                "1110001000": 1,
                "0100110010": 1,
                "1110100100": 1,
                "0000111100": 1,
                "1100111110": 2,
                "0111010011": 1,
                "0101011011": 1,
                "0011000100": 1,
                "0111010100": 1,
                "0110111110": 1,
                "0010111010": 1,
                "1011101001": 1,
                "0011100100": 1,
                "1011111100": 1,
                "1110101100": 1,
                "0000000000": 1,
                "0100011111": 1,
                "0111111010": 1,
                "0110011100": 1,
                "0000000101": 1,
                "0000110011": 1,
                "0101100001": 1,
                "1111011000": 1,
                "0011001010": 1,
                "0010010110": 1,
                "0100100001": 1,
                "0101111111": 1,
                "0000010000": 1,
                "1001100010": 1,
                "0100100100": 1,
                "1000110101": 1,
                "0100111101": 1,
                "0111010110": 1,
                "0001010111": 1,
                "0101010011": 1,
                "1011110101": 1
            },
            true,
            0.91
        ]
    ]
}