{
    "n": 10,
    "m": 45,
    "results": [
        [
            [
                [
                    -8,
                    -1,
                    -4
                ],
                [
                    10,
                    -2,
                    -3
                ],
                [
                    -9,
                    3,
                    -7
                ],
                [
                    10,
                    8,
                    3
                ],
                [
                    -10,
                    1,
                    -5
                ],
                [
                    5,
                    -7,
                    -3
                ],
                [
                    1,
                    -9,
                    7
                ],
                [
                    -9,
                    -10,
                    5
                ],
                [
                    2,
                    -5,
                    1
                ],
                [
                    -3,
                    5,
                    6
                ],
                [
                    -10,
                    5,
                    4
                ],
                [
                    -7,
                    -2,
                    8
                ],
                [
                    -4,
                    9,
                    -3
                ],
                [
                    10,
                    7,
                    8
                ],
                [
                    -4,
                    -9,
                    8
                ],
                [
                    10,
                    5,
                    1
                ],
                [
                    -8,
                    2,
                    3
                ],
                [
                    1,
                    -8,
                    -7
                ],
                [
                    -4,
                    -7,
                    3
                ],
                [
                    9,
                    6,
                    -7
                ],
                [
                    -2,
                    -9,
                    -1
                ],
                [
                    -10,
                    -5,
                    8
                ],
                [
                    -6,
                    7,
                    8
                ],
                [
                    -10,
                    1,
                    -8
                ],
                [
                    4,
                    -9,
                    -7
                ],
                [
                    8,
                    -7,
                    1
                ],
                [
                    3,
                    2,
                    7
                ],
                [
                    10,
                    6,
                    1
                ],
                [
                    9,
                    -5,
                    10
                ],
                [
                    10,
                    4,
                    3
                ],
                [
                    -7,
                    10,
                    5
                ],
                [
                    9,
                    5,
                    8
                ],
                [
                    3,
                    10,
                    1
                ],
                [
                    -8,
                    -4,
                    -2
                ],
                [
                    1,
                    2,
                    -5
                ],
                [
                    4,
                    7,
                    -6
                ],
                [
                    -10,
                    -3,
                    7
                ],
                [
                    1,
                    -3,
                    -4
                ],
                [
                    -6,
                    7,
                    -1
                ],
                [
                    7,
                    9,
                    8
                ],
                [
                    7,
                    -10,
                    4
                ],
                [
                    6,
                    -7,
                    -8
                ],
                [
                    7,
                    3,
                    -5
                ],
                [
                    10,
                    -9,
                    -3
                ],
                [
                    8,
                    9,
                    6
                ]
            ],
            "{   'fun': 0.99,\n    'jac': None,\n    'nfev': 105,\n    'nit': 0,\n    'njev': 21,\n    'x': array([0.07271878, 0.08518428, 2.49748869, 0.8393808 ])}",
            {
                "1111011001": 1,
                "0000000100": 1,
                "1110100100": 1,
                "0001000000": 1,
                "0100011100": 1,
                "1111001100": 1,
                "0011110100": 1,
                "1010111100": 1,
                "1001100110": 1,
                "1000100100": 1,
                "0101010000": 1,
                "1111000101": 1,
                "0101111101": 1,
                "1000110111": 1,
                "0001101001": 1,
                "1000110010": 1,
                "1001010001": 1,
                "0110000011": 1,
                "0111001010": 1,
                "0011000111": 1,
                "1100000000": 1,
                "0011111001": 1,
                "0011010101": 1,
                "1111000001": 1,
                "0110100100": 1,
                "0111111110": 1,
                "0111100001": 1,
                "0110100011": 1,
                "0100101010": 1,
                "1110011110": 1,
                "1110100000": 1,
                "1011100101": 1,
                "0111111100": 1,
                "0110011011": 1,
                "1011111000": 1,
                "1111010110": 1,
                "0011110011": 1,
                "1010001011": 1,
                "0100100110": 1,
                "1111011010": 1,
                "0110111011": 1,
                "0101101010": 1,
                "1010011001": 1,
                "0101001001": 1,
                "1000111110": 1,
                "1111101101": 1,
                "0010001100": 1,
                "1110111100": 1,
                "1111100111": 1,
                "1100010011": 1,
                "1100000110": 1,
                "0101011110": 1,
                "1110010110": 1,
                "0000011110": 1,
                "0001110010": 1,
                "0000000010": 1,
                "0110010001": 1,
                "1111100100": 2,
                "0101111001": 1,
                "0110010100": 1,
                "1110100111": 1,
                "0000010111": 1,
                "1101110001": 1,
                "1011100111": 1,
                "1111100110": 1,
                "0001001111": 1,
                "0001010001": 1,
                "1101011011": 1,
                "1101010001": 1,
                "0000101011": 1,
                "1000001100": 1,
                "1000100011": 1,
                "0010000111": 1,
                "0111010101": 1,
                "1111110100": 1,
                "1010010101": 1,
                "0000100101": 1,
                "1101101101": 2,
                "0111010010": 1,
                "1111001110": 1,
                "1100001010": 1,
                "0111001100": 1,
                "0100000000": 1,
                "0101101110": 1,
                "0001001010": 1,
                "0101100111": 1,
                "1110000100": 1,
                "0100111000": 1,
                "1001001110": 1,
                "0110111111": 1,
                "0011111011": 1,
                "1110110011": 1,
                "0010010100": 1,
                "0010100001": 1,
                "0001011110": 1,
                "0110010111": 2,
                "1011000111": 1
            },
            true,
            0.95
        ],
        [
            [
                [
                    -7,
                    -5,
                    -4
                ],
                [
                    9,
                    -10,
                    2
                ],
                [
                    -5,
                    1,
                    3
                ],
                [
                    7,
                    2,
                    -1
                ],
                [
                    2,
                    -3,
                    7
                ],
                [
                    8,
                    6,
                    -7
                ],
                [
                    8,
                    -9,
                    -1
                ],
                [
                    6,
                    1,
                    4
                ],
                [
                    -2,
                    6,
                    10
                ],
                [
                    8,
                    10,
                    1
                ],
                [
                    6,
                    -4,
                    5
                ],
                [
                    9,
                    5,
                    4
                ],
                [
                    8,
                    -1,
                    -3
                ],
                [
                    -6,
                    7,
                    -10
                ],
                [
                    5,
                    4,
                    -6
                ],
                [
                    -8,
                    -6,
                    -7
                ],
                [
                    -2,
                    -9,
                    7
                ],
                [
                    -3,
                    -10,
                    -9
                ],
                [
                    -4,
                    8,
                    -7
                ],
                [
                    2,
                    -10,
                    -7
                ],
                [
                    1,
                    9,
                    4
                ],
                [
                    -2,
                    -9,
                    10
                ],
                [
                    -3,
                    -10,
                    -4
                ],
                [
                    4,
                    10,
                    -2
                ],
                [
                    8,
                    -5,
                    -9
                ],
                [
                    8,
                    -10,
                    9
                ],
                [
                    -10,
                    7,
                    2
                ],
                [
                    9,
                    3,
                    6
                ],
                [
                    5,
                    4,
                    -2
                ],
                [
                    -7,
                    -3,
                    10
                ],
                [
                    -10,
                    -6,
                    7
                ],
                [
                    -9,
                    -10,
                    -6
                ],
                [
                    8,
                    1,
                    -6
                ],
                [
                    4,
                    -8,
                    -1
                ],
                [
                    -1,
                    7,
                    3
                ],
                [
                    9,
                    6,
                    1
                ],
                [
                    -9,
                    -6,
                    -3
                ],
                [
                    -10,
                    5,
                    4
                ],
                [
                    -1,
                    5,
                    -10
                ],
                [
                    4,
                    -5,
                    3
                ],
                [
                    2,
                    3,
                    -1
                ],
                [
                    6,
                    1,
                    -10
                ],
                [
                    1,
                    -8,
                    7
                ],
                [
                    -1,
                    6,
                    -5
                ],
                [
                    6,
                    8,
                    4
                ]
            ],
            "{   'fun': 1.0,\n    'jac': None,\n    'nfev': 5,\n    'nit': 0,\n    'njev': 1,\n    'x': array([1.76215289, 1.68291279, 2.48651562, 2.64260122])}",
            {
                "1111011100": 1,
                "0001001100": 1,
                "1001101000": 1,
                "1010001110": 1,
                "0000110101": 1,
                "0010101101": 1,
                "0000101110": 1,
                "0111010010": 1,
                "0001110010": 1,
                "0011111110": 1,
                "1010111010": 1,
                "0001110000": 1,
                "0001101010": 1,
                "0100010001": 1,
                "1011110001": 1,
                "1110001010": 1,
                "0101101010": 1,
                "0011101001": 1,
                "1111100000": 1,
                "1010111101": 1,
                "1000111111": 1,
                "0100001000": 1,
                "0101010111": 1,
                "1001101101": 1,
                "0001111000": 1,
                "0110011010": 1,
                "0101001011": 1,
                "0101000001": 1,
                "0110110000": 1,
                "1110001100": 1,
                "1101101111": 1,
                "1110111111": 1,
                "1011011100": 1,
                "0011100110": 1,
                "1101010000": 1,
                "0111011110": 1,
                "1111001010": 1,
                "0110110010": 1,
                "1010010001": 1,
                "0010010001": 1,
                "0010111101": 1,
                "0101101001": 1,
                "0101100011": 1,
                "0110011100": 1,
                "1000101011": 1,
                "1111000110": 1,
                "1110011001": 1,
                "1101100000": 1,
                "1110110101": 1,
                "0010010010": 1,
                "1101000110": 1,
                "0010101110": 1,
                "0001100010": 1,
                "1100101100": 1,
                "0110100011": 1,
                "1100101101": 1,
                "0000001111": 1,
                "0111110001": 1,
                "1101010100": 1,
                "0111100101": 1,
                "1011110010": 1,
                "0010001100": 1,
                "0100000111": 1,
                "0011110101": 1,
                "0010100001": 1,
                "0110000100": 1,
                "1110110011": 1,
                "0101001100": 1,
                "1000110011": 1,
                "0011110110": 1,
                "1010011111": 1,
                "0100011100": 1,
                "1101000100": 2,
                "1001011100": 1,
                "0001000011": 1,
                "1101000000": 2,
                "0110100000": 2,
                "0010101111": 1,
                "1000111010": 1,
                "1101110110": 1,
                "0111100010": 1,
                "1000101000": 1,
                "0101111111": 1,
                "0100011011": 1,
                "1111101000": 1,
                "0101000000": 1,
                "1001010111": 1,
                "1000011010": 1,
                "0101111110": 1,
                "1111110100": 1,
                "0100101001": 1,
                "1001110100": 1,
                "1111000011": 1,
                "0110100111": 1,
                "1000001100": 1,
                "1000100011": 1,
                "0111001100": 1
            },
            false,
            1.0
        ],
        [
            [
                [
                    -10,
                    -5,
                    -6
                ],
                [
                    8,
                    -3,
                    9
                ],
                [
                    -7,
                    -10,
                    1
                ],
                [
                    -7,
                    -2,
                    -4
                ],
                [
                    -5,
                    8,
                    6
                ],
                [
                    -3,
                    -8,
                    -4
                ],
                [
                    -3,
                    -5,
                    6
                ],
                [
                    -4,
                    -7,
                    3
                ],
                [
                    10,
                    2,
                    9
                ],
                [
                    10,
                    -8,
                    3
                ],
                [
                    -1,
                    -7,
                    5
                ],
                [
                    3,
                    7,
                    -4
                ],
                [
                    -7,
                    -10,
                    -5
                ],
                [
                    7,
                    -10,
                    -1
                ],
                [
                    7,
                    9,
                    3
                ],
                [
                    -1,
                    6,
                    -9
                ],
                [
                    -3,
                    -6,
                    1
                ],
                [
                    -6,
                    5,
                    -10
                ],
                [
                    -8,
                    -9,
                    2
                ],
                [
                    -5,
                    6,
                    -8
                ],
                [
                    7,
                    -4,
                    -8
                ],
                [
                    -4,
                    1,
                    3
                ],
                [
                    10,
                    3,
                    4
                ],
                [
                    10,
                    -5,
                    -4
                ],
                [
                    -5,
                    6,
                    -7
                ],
                [
                    -10,
                    9,
                    -4
                ],
                [
                    1,
                    3,
                    -10
                ],
                [
                    1,
                    3,
                    -8
                ],
                [
                    9,
                    -6,
                    3
                ],
                [
                    8,
                    -1,
                    6
                ],
                [
                    2,
                    -7,
                    -3
                ],
                [
                    7,
                    -10,
                    3
                ],
                [
                    6,
                    -1,
                    5
                ],
                [
                    6,
                    1,
                    -2
                ],
                [
                    -6,
                    -10,
                    -1
                ],
                [
                    -9,
                    4,
                    1
                ],
                [
                    3,
                    5,
                    9
                ],
                [
                    -9,
                    -2,
                    -3
                ],
                [
                    -7,
                    -8,
                    6
                ],
                [
                    10,
                    8,
                    -1
                ],
                [
                    2,
                    1,
                    -10
                ],
                [
                    -10,
                    -9,
                    -6
                ],
                [
                    -2,
                    -8,
                    -1
                ],
                [
                    -10,
                    2,
                    9
                ],
                [
                    -2,
                    -9,
                    4
                ]
            ],
            "{   'fun': 1.0,\n    'jac': None,\n    'nfev': 110,\n    'nit': 2,\n    'njev': 22,\n    'x': array([2.58572401, 0.04774252, 1.62396976, 3.0400057 ])}",
            {
                "1110001111": 1,
                "1010100110": 1,
                "1011010111": 1,
                "1010110101": 1,
                "0000001100": 1,
                "0010000001": 1,
                "0111001010": 1,
                "0101011111": 1,
                "0111011011": 1,
                "1110001011": 1,
                "0010001100": 1,
                "0010011101": 1,
                "1110011010": 1,
                "1110100010": 1,
                "0111101110": 1,
                "1001111110": 1,
                "0001000011": 1,
                "0011110010": 1,
                "1101000101": 1,
                "0110000100": 1,
                "0001010010": 1,
                "0000110110": 2,
                "1000011100": 2,
                "0101011011": 1,
                "0001010000": 1,
                "0100101000": 1,
                "1001010100": 1,
                "0000001101": 1,
                "1010100010": 1,
                "0010110101": 2,
                "0000000011": 1,
                "0010111111": 1,
                "1011111111": 1,
                "0010001001": 1,
                "0110101000": 1,
                "0011111110": 1,
                "0111110110": 1,
                "0100101010": 1,
                "1111000010": 1,
                "0001100111": 1,
                "1001011010": 1,
                "1110011001": 1,
                "0100000101": 1,
                "1110110111": 1,
                "1101101010": 1,
                "0100100011": 1,
                "1010101000": 1,
                "1000111010": 1,
                "0100101101": 1,
                "1000010100": 1,
                "0110001011": 1,
                "1110010100": 1,
                "0110001111": 1,
                "1110100100": 2,
                "0011010001": 1,
                "1111111001": 1,
                "1000001011": 1,
                "0111000011": 1,
                "1001100010": 1,
                "0111011001": 1,
                "0100001010": 1,
                "0101010111": 1,
                "1100011011": 1,
                "1001001111": 1,
                "0101111000": 1,
                "0110001101": 2,
                "0011001000": 1,
                "0111000110": 1,
                "0001110100": 1,
                "1100001111": 1,
                "1000001100": 1,
                "1101100101": 1,
                "0000011110": 1,
                "0011011001": 1,
                "1111011001": 1,
                "1101010000": 1,
                "1000111101": 1,
                "1000000010": 1,
                "0110011000": 1,
                "0000010110": 1,
                "1100011010": 1,
                "0010110000": 1,
                "0001100011": 1,
                "1100010110": 1,
                "1000011111": 1,
                "0110110011": 1,
                "0101010110": 1,
                "0010010111": 1,
                "0001111100": 1,
                "0100000000": 1,
                "0111001100": 1,
                "1001110010": 1,
                "0001001010": 1,
                "1011100101": 1,
                "1111000000": 1
            },
            false,
            0.98
        ],
        [
            [
                [
                    -3,
                    -7,
                    1
                ],
                [
                    9,
                    7,
                    -10
                ],
                [
                    1,
                    -4,
                    -8
                ],
                [
                    1,
                    4,
                    -10
                ],
                [
                    10,
                    3,
                    7
                ],
                [
                    -5,
                    1,
                    4
                ],
                [
                    -10,
                    -5,
                    1
                ],
                [
                    10,
                    -5,
                    2
                ],
                [
                    -10,
                    -4,
                    -9
                ],
                [
                    8,
                    -3,
                    10
                ],
                [
                    -8,
                    -6,
                    -10
                ],
                [
                    8,
                    -9,
                    -1
                ],
                [
                    -4,
                    6,
                    -3
                ],
                [
                    -5,
                    -10,
                    6
                ],
                [
                    5,
                    7,
                    6
                ],
                [
                    6,
                    -9,
                    10
                ],
                [
                    -1,
                    -8,
                    -5
                ],
                [
                    -7,
                    -10,
                    -9
                ],
                [
                    3,
                    5,
                    -9
                ],
                [
                    -8,
                    9,
                    -7
                ],
                [
                    -5,
                    -2,
                    -9
                ],
                [
                    1,
                    -7,
                    2
                ],
                [
                    8,
                    7,
                    -5
                ],
                [
                    -4,
                    9,
                    -5
                ],
                [
                    7,
                    -8,
                    6
                ],
                [
                    -4,
                    1,
                    -9
                ],
                [
                    -5,
                    3,
                    8
                ],
                [
                    5,
                    4,
                    8
                ],
                [
                    -5,
                    10,
                    -7
                ],
                [
                    2,
                    -3,
                    -6
                ],
                [
                    -8,
                    -3,
                    2
                ],
                [
                    -6,
                    4,
                    -9
                ],
                [
                    9,
                    3,
                    1
                ],
                [
                    -9,
                    -8,
                    -10
                ],
                [
                    -10,
                    -1,
                    7
                ],
                [
                    9,
                    -1,
                    2
                ],
                [
                    7,
                    1,
                    -6
                ],
                [
                    9,
                    -6,
                    -1
                ],
                [
                    10,
                    -9,
                    3
                ],
                [
                    -3,
                    -5,
                    2
                ],
                [
                    -3,
                    1,
                    -2
                ],
                [
                    1,
                    -7,
                    6
                ],
                [
                    1,
                    -4,
                    2
                ],
                [
                    -8,
                    9,
                    -6
                ],
                [
                    -3,
                    -8,
                    10
                ]
            ],
            "{   'fun': 1.0,\n    'jac': None,\n    'nfev': 5,\n    'nit': 0,\n    'njev': 1,\n    'x': array([0.48383555, 1.06155082, 2.31572148, 2.38593535])}",
            {
                "0101010111": 1,
                "0000010100": 1,
                "1010000010": 1,
                "1101101011": 1,
                "1000111000": 1,
                "1101101001": 1,
                "1100111101": 1,
                "0111010011": 1,
                "0001100110": 1,
                "1001111001": 1,
                "1100110100": 1,
                "0001110110": 1,
                "0101101011": 1,
                "0100100000": 1,
                "1101000011": 1,
                "1010111101": 1,
                "1101010011": 2,
                "1100010001": 1,
                "1111011010": 1,
                "1111001100": 1,
                "1110111000": 1,
                "1100110110": 1,
                "0111111100": 1,
                "1100111010": 3,
                "1011001011": 1,
                "1011011010": 1,
                "0010100100": 1,
                "1001001000": 1,
                "1110010110": 1,
                "1000001011": 1,
                "0010101100": 1,
                "1001011000": 1,
                "1000001001": 1,
                "0100011111": 1,
                "1011100111": 1,
                "1101100011": 1,
                "0110010111": 1,
                "0100000011": 1,
                "0101100011": 1,
                "0100110001": 1,
                "0011000011": 1,
                "0000001001": 1,
                "0101100000": 2,
                "0110000000": 1,
                "1100101000": 1,
                "0101000011": 1,
                "0011101100": 1,
                "0001110101": 1,
                "0100110110": 2,
                "1100010100": 1,
                "0000101111": 1,
                "0001000011": 1,
                "1110000001": 1,
                "0101111100": 1,
                "1011111110": 1,
                "1110000000": 1,
                "0110011111": 1,
                "1111001000": 1,
                "1111001010": 2,
                "1011010110": 1,
                "1101110111": 1,
                "1001101010": 1,
                "1111101011": 1,
                "0001001000": 1,
                "0001000111": 1,
                "1000101110": 1,
                "0101110101": 1,
                "0011010001": 1,
                "1100111001": 1,
                "1110100010": 1,
                "0100101100": 1,
                "0110101100": 1,
                "0110000100": 1,
                "0010100001": 1,
                "1101110011": 1,
                "1010110001": 1,
                "1101010111": 1,
                "0010100010": 1,
                "0101101001": 1,
                "0000001000": 1,
                "0011110110": 1,
                "0000010011": 1,
                "0110100100": 1,
                "0111000001": 1,
                "1110101100": 1,
                "1010110011": 1,
                "0111001101": 1,
                "1011001000": 1,
                "0011101110": 1,
                "1001000110": 1,
                "0100001001": 1,
                "1001100100": 1,
                "0110010101": 1,
                "0101001000": 1
            },
            false,
            1.0
        ],
        [
            [
                [
                    -10,
                    6,
                    -1
                ],
                [
                    8,
                    -5,
                    7
                ],
                [
                    -8,
                    7,
                    2
                ],
                [
                    -2,
                    1,
                    -7
                ],
                [
                    -9,
                    -7,
                    3
                ],
                [
                    -2,
                    4,
                    10
                ],
                [
                    -6,
                    -10,
                    -7
                ],
                [
                    -8,
                    -7,
                    6
                ],
                [
                    -3,
                    8,
                    1
                ],
                [
                    7,
                    10,
                    4
                ],
                [
                    10,
                    4,
                    -1
                ],
                [
                    -4,
                    2,
                    -9
                ],
                [
                    9,
                    6,
                    3
                ],
                [
                    -3,
                    -6,
                    9
                ],
                [
                    7,
                    10,
                    9
                ],
                [
                    -3,
                    -10,
                    5
                ],
                [
                    1,
                    -6,
                    -2
                ],
                [
                    10,
                    6,
                    8
                ],
                [
                    -5,
                    6,
                    2
                ],
                [
                    1,
                    -10,
                    6
                ],
                [
                    -9,
                    -10,
                    -2
                ],
                [
                    2,
                    -10,
                    7
                ],
                [
                    -2,
                    3,
                    5
                ],
                [
                    -10,
                    -6,
                    2
                ],
                [
                    -4,
                    -6,
                    -8
                ],
                [
                    -2,
                    -6,
                    8
                ],
                [
                    9,
                    8,
                    -1
                ],
                [
                    5,
                    10,
                    7
                ],
                [
                    -6,
                    4,
                    5
                ],
                [
                    5,
                    3,
                    4
                ],
                [
                    8,
                    -3,
                    -2
                ],
                [
                    -8,
                    -1,
                    -5
                ],
                [
                    -5,
                    1,
                    -7
                ],
                [
                    2,
                    -3,
                    9
                ],
                [
                    -2,
                    -3,
                    4
                ],
                [
                    -6,
                    -7,
                    5
                ],
                [
                    -7,
                    -5,
                    8
                ],
                [
                    -6,
                    7,
                    -9
                ],
                [
                    -3,
                    -7,
                    -6
                ],
                [
                    -9,
                    1,
                    6
                ],
                [
                    -9,
                    -3,
                    8
                ],
                [
                    5,
                    -7,
                    -1
                ],
                [
                    -6,
                    -10,
                    -5
                ],
                [
                    10,
                    4,
                    9
                ],
                [
                    -4,
                    -1,
                    -9
                ]
            ],
            "{   'fun': 1.0,\n    'jac': None,\n    'nfev': 5,\n    'nit': 0,\n    'njev': 1,\n    'x': array([0.52740253, 0.17713412, 0.19211593, 0.02383559])}",
            {
                "0110011011": 1,
                "0011111001": 1,
                "0001110001": 1,
                "1100010011": 1,
                "1101000101": 1,
                "0111000000": 1,
                "1001011110": 1,
                "0011101101": 1,
                "0010001100": 1,
                "0111100000": 1,
                "1110001000": 1,
                "1001101111": 1,
                "0001110011": 1,
                "0011010101": 1,
                "1000000011": 1,
                "1001011101": 1,
                "0111000111": 1,
                "1000101101": 1,
                "1101111001": 1,
                "0000111101": 1,
                "1011000111": 1,
                "0100000100": 1,
                "0111010011": 1,
                "1101011001": 1,
                "1001001011": 1,
                "1001000111": 1,
                "1000011000": 1,
                "1011100000": 1,
                "1110101101": 1,
                "0011110000": 1,
                "1100110011": 1,
                "0111101110": 1,
                "1001110001": 2,
                "1000101011": 1,
                "1101100110": 1,
                "1101001011": 1,
                "0110100001": 1,
                "0110100000": 1,
                "0011110001": 1,
                "1100001011": 1,
                "0000101011": 1,
                "0001010110": 1,
                "0110110111": 1,
                "1111010010": 1,
                "1010101101": 1,
                "0000111001": 1,
                "0101111111": 1,
                "1010011110": 1,
                "1100010000": 1,
                "1011010111": 1,
                "1110011011": 2,
                "1111110110": 1,
                "1001000000": 1,
                "1011000110": 1,
                "1110110110": 1,
                "1110100011": 1,
                "1100111111": 1,
                "0110111001": 1,
                "0100000011": 1,
                "1010001100": 1,
                "1111101110": 1,
                "1001110110": 1,
                "0011011100": 2,
                "0010011000": 1,
                "1110101100": 1,
                "0111110100": 1,
                "0100110010": 1,
                "0001111101": 1,
                "1010001010": 1,
                "1010100011": 1,
                "1110010101": 1,
                "0100110000": 1,
                "0000011111": 1,
                "0111010101": 1,
                "0001000110": 1,
                "0000001000": 1,
                "0101001010": 1,
                "1011111010": 1,
                "0010101011": 1,
                "1110011111": 1,
                "0110010010": 1,
                "0010110101": 1,
                "0110110110": 1,
                "1110001001": 1,
                "1100011011": 2,
                "1101111111": 1,
                "1101100001": 1,
                "0001011000": 2,
                "0000010010": 1,
                "0111100011": 1,
                "1100101000": 1,
                "0110010110": 1,
                "0110011110": 1,
                "1111111101": 1,
                "1111101100": 1
            },
            false,
            1.0
        ]
    ]
}