{
    "n": 10,
    "m": 45,
    "results": [
        [
            [
                [
                    4,
                    3,
                    -2
                ],
                [
                    3,
                    2,
                    -7
                ],
                [
                    -3,
                    -7,
                    -1
                ],
                [
                    9,
                    -10,
                    -2
                ],
                [
                    9,
                    -6,
                    10
                ],
                [
                    -5,
                    -4,
                    1
                ],
                [
                    9,
                    7,
                    -1
                ],
                [
                    -1,
                    -2,
                    6
                ],
                [
                    -7,
                    -5,
                    2
                ],
                [
                    -7,
                    9,
                    6
                ],
                [
                    5,
                    -1,
                    -10
                ],
                [
                    5,
                    -8,
                    -10
                ],
                [
                    -8,
                    7,
                    -10
                ],
                [
                    -4,
                    -6,
                    -3
                ],
                [
                    -3,
                    -1,
                    -2
                ],
                [
                    9,
                    -8,
                    -3
                ],
                [
                    -8,
                    10,
                    -7
                ],
                [
                    -4,
                    -10,
                    5
                ],
                [
                    -1,
                    -7,
                    10
                ],
                [
                    4,
                    8,
                    2
                ],
                [
                    -7,
                    -2,
                    3
                ],
                [
                    1,
                    -9,
                    -3
                ],
                [
                    6,
                    -8,
                    1
                ],
                [
                    -9,
                    -10,
                    -6
                ],
                [
                    3,
                    -10,
                    2
                ],
                [
                    -1,
                    -7,
                    5
                ],
                [
                    -1,
                    9,
                    4
                ],
                [
                    -9,
                    -5,
                    -3
                ],
                [
                    -10,
                    2,
                    -1
                ],
                [
                    -2,
                    10,
                    9
                ],
                [
                    10,
                    -4,
                    6
                ],
                [
                    7,
                    4,
                    1
                ],
                [
                    -6,
                    9,
                    -3
                ],
                [
                    -5,
                    7,
                    10
                ],
                [
                    7,
                    -4,
                    -6
                ],
                [
                    -10,
                    3,
                    -6
                ],
                [
                    5,
                    -9,
                    -3
                ],
                [
                    -7,
                    -8,
                    -4
                ],
                [
                    10,
                    -7,
                    -9
                ],
                [
                    8,
                    -5,
                    6
                ],
                [
                    1,
                    -4,
                    -8
                ],
                [
                    3,
                    -8,
                    -2
                ],
                [
                    -2,
                    -4,
                    10
                ],
                [
                    -9,
                    -6,
                    7
                ],
                [
                    -6,
                    -4,
                    5
                ]
            ],
            "{   'fun': 1.0,\n    'jac': None,\n    'nfev': 5,\n    'nit': 0,\n    'njev': 1,\n    'x': array([0.07271878, 0.08518428, 2.49748869, 0.8393808 ])}",
            {
                "0111100001": 1,
                "1111000000": 1,
                "1101111000": 1,
                "0010001100": 1,
                "1010100110": 1,
                "1111100001": 1,
                "1100000110": 1,
                "0000101110": 1,
                "1010010101": 1,
                "1101101111": 1,
                "1100101100": 1,
                "1001010101": 1,
                "1011110100": 1,
                "0101011100": 1,
                "1111010110": 1,
                "0011010111": 1,
                "1100000001": 1,
                "1000111110": 1,
                "1110001000": 1,
                "1100001100": 1,
                "1111011101": 1,
                "1110110101": 1,
                "0010110100": 1,
                "1100111010": 2,
                "1000001100": 1,
                "1001111111": 1,
                "1111111101": 1,
                "0000111011": 1,
                "0100010100": 1,
                "0100010110": 1,
                "1001101110": 1,
                "0011001111": 1,
                "0010011101": 1,
                "1111010001": 1,
                "1111000011": 1,
                "1100111011": 1,
                "1101101000": 1,
                "0001011101": 1,
                "0000110101": 1,
                "1110110011": 1,
                "1011000101": 1,
                "1010101011": 1,
                "0111100000": 1,
                "0101001010": 1,
                "1010110101": 2,
                "1001000100": 1,
                "0000110010": 1,
                "1101010110": 1,
                "0011010000": 1,
                "1101100010": 1,
                "1111001101": 1,
                "1110010100": 1,
                "1000111111": 2,
                "0000110001": 1,
                "1111000001": 1,
                "1111000101": 1,
                "1001011110": 1,
                "1110110010": 1,
                "0101111111": 1,
                "0000010000": 1,
                "0001110001": 1,
                "0101110111": 1,
                "1000011111": 1,
                "1011100110": 1,
                "0000110111": 1,
                "0000111101": 1,
                "1011001011": 1,
                "1110110100": 1,
                "1010111010": 1,
                "1111100100": 2,
                "0110010001": 1,
                "0011000011": 1,
                "0010001010": 1,
                "0110001011": 1,
                "1111110101": 1,
                "0111100110": 1,
                "0101010000": 1,
                "0110000011": 1,
                "1011110011": 1,
                "1110010000": 1,
                "1010010001": 2,
                "0110000000": 1,
                "0111100011": 1,
                "1000100110": 1,
                "0111000001": 1,
                "0011101111": 1,
                "0010000101": 1,
                "1101100100": 1,
                "0000000001": 1,
                "0000011101": 1,
                "1001001000": 1,
                "1001110001": 1,
                "1010100100": 1,
                "1110101000": 1,
                "1110101111": 1
            },
            false,
            1.0
        ],
        [
            [
                [
                    -4,
                    2,
                    -7
                ],
                [
                    -1,
                    -3,
                    5
                ],
                [
                    4,
                    9,
                    8
                ],
                [
                    7,
                    -3,
                    2
                ],
                [
                    -8,
                    3,
                    9
                ],
                [
                    -8,
                    -9,
                    -6
                ],
                [
                    -5,
                    -1,
                    -9
                ],
                [
                    -5,
                    -4,
                    9
                ],
                [
                    -2,
                    -5,
                    9
                ],
                [
                    -3,
                    7,
                    8
                ],
                [
                    7,
                    -3,
                    -1
                ],
                [
                    -6,
                    -3,
                    -7
                ],
                [
                    -10,
                    -5,
                    -9
                ],
                [
                    -2,
                    5,
                    -8
                ],
                [
                    -5,
                    -9,
                    -6
                ],
                [
                    10,
                    2,
                    -6
                ],
                [
                    5,
                    -7,
                    6
                ],
                [
                    9,
                    7,
                    -5
                ],
                [
                    -4,
                    8,
                    -7
                ],
                [
                    4,
                    8,
                    2
                ],
                [
                    2,
                    -3,
                    -9
                ],
                [
                    10,
                    4,
                    -1
                ],
                [
                    -10,
                    6,
                    -3
                ],
                [
                    -8,
                    -3,
                    -7
                ],
                [
                    -9,
                    -8,
                    -5
                ],
                [
                    5,
                    1,
                    -4
                ],
                [
                    1,
                    2,
                    -10
                ],
                [
                    4,
                    -7,
                    -9
                ],
                [
                    -3,
                    -4,
                    -5
                ],
                [
                    -5,
                    -1,
                    -4
                ],
                [
                    -8,
                    -9,
                    -4
                ],
                [
                    7,
                    2,
                    4
                ],
                [
                    10,
                    3,
                    -1
                ],
                [
                    -10,
                    5,
                    2
                ],
                [
                    1,
                    6,
                    8
                ],
                [
                    -8,
                    -7,
                    10
                ],
                [
                    -9,
                    7,
                    -10
                ],
                [
                    2,
                    5,
                    -3
                ],
                [
                    8,
                    7,
                    9
                ],
                [
                    5,
                    1,
                    -2
                ],
                [
                    2,
                    -10,
                    -7
                ],
                [
                    5,
                    1,
                    -10
                ],
                [
                    6,
                    -3,
                    -8
                ],
                [
                    9,
                    6,
                    -1
                ],
                [
                    6,
                    7,
                    -2
                ]
            ],
            "{   'fun': 1.0,\n    'jac': None,\n    'nfev': 5,\n    'nit': 0,\n    'njev': 1,\n    'x': array([1.76215289, 1.68291279, 2.48651562, 2.64260122])}",
            {
                "1110000100": 1,
                "0010010101": 1,
                "0101110001": 1,
                "1011101100": 1,
                "0001011000": 1,
                "1000101001": 1,
                "1111000001": 1,
                "0010011011": 2,
                "0001001110": 1,
                "0100111010": 1,
                "0111101111": 1,
                "0011001100": 1,
                "1001111110": 1,
                "0110001010": 1,
                "1100011000": 1,
                "1000110110": 1,
                "1111110100": 1,
                "0000011111": 1,
                "0110011100": 1,
                "0010100010": 1,
                "0101011111": 1,
                "1001111010": 1,
                "0000110010": 1,
                "1000101101": 1,
                "1100000110": 1,
                "0011100011": 1,
                "0100101100": 1,
                "0100011011": 1,
                "0101111111": 1,
                "1011110011": 2,
                "1100001011": 1,
                "0101111001": 1,
                "0110010100": 1,
                "0011001010": 1,
                "1000100101": 1,
                "1100100000": 1,
                "0000100011": 1,
                "1001010000": 1,
                "1001110010": 1,
                "1111110011": 2,
                "1110110010": 1,
                "1011100010": 1,
                "0010100110": 1,
                "1011010110": 1,
                "0111110111": 1,
                "1101100011": 1,
                "1101110111": 1,
                "1111110001": 1,
                "1010000010": 1,
                "0010111010": 1,
                "1110001010": 1,
                "0111100000": 1,
                "0111100111": 1,
                "1001110000": 1,
                "1010010010": 1,
                "0110111100": 1,
                "1010100101": 1,
                "1111001011": 1,
                "1100101101": 1,
                "1110010011": 1,
                "1110011110": 1,
                "1110011001": 1,
                "0001110110": 1,
                "1001101000": 1,
                "1111001111": 1,
                "1011000000": 1,
                "1100100110": 1,
                "0010101100": 1,
                "1001100100": 1,
                "0000110101": 1,
                "1011000100": 1,
                "1101110001": 1,
                "0000010111": 1,
                "0111100001": 1,
                "1010001101": 1,
                "0011101100": 1,
                "1001101111": 1,
                "1001010011": 1,
                "1011111000": 1,
                "1111000011": 1,
                "0101110111": 2,
                "1100000011": 1,
                "1000101110": 1,
                "0000100101": 1,
                "0000110100": 2,
                "1110100100": 1,
                "0110101110": 1,
                "1101101010": 1,
                "0111001011": 1,
                "1101000100": 1,
                "1010000100": 1,
                "0110001100": 1,
                "0011111110": 1,
                "0101110100": 1,
                "0101000110": 1
            },
            false,
            1.0
        ],
        [
            [
                [
                    7,
                    10,
                    -5
                ],
                [
                    -2,
                    -1,
                    7
                ],
                [
                    -1,
                    -2,
                    6
                ],
                [
                    -10,
                    6,
                    9
                ],
                [
                    -5,
                    9,
                    8
                ],
                [
                    -10,
                    -3,
                    -7
                ],
                [
                    -1,
                    4,
                    -3
                ],
                [
                    -4,
                    -10,
                    -9
                ],
                [
                    -7,
                    6,
                    -1
                ],
                [
                    -7,
                    -2,
                    -5
                ],
                [
                    10,
                    -7,
                    1
                ],
                [
                    -8,
                    1,
                    -9
                ],
                [
                    8,
                    -6,
                    3
                ],
                [
                    -2,
                    7,
                    4
                ],
                [
                    7,
                    9,
                    1
                ],
                [
                    -4,
                    8,
                    5
                ],
                [
                    5,
                    -2,
                    6
                ],
                [
                    -7,
                    9,
                    -1
                ],
                [
                    5,
                    10,
                    -8
                ],
                [
                    6,
                    7,
                    3
                ],
                [
                    -2,
                    -7,
                    8
                ],
                [
                    -8,
                    4,
                    -10
                ],
                [
                    -8,
                    3,
                    -4
                ],
                [
                    8,
                    -9,
                    -3
                ],
                [
                    8,
                    -7,
                    -1
                ],
                [
                    9,
                    3,
                    -1
                ],
                [
                    -10,
                    -5,
                    7
                ],
                [
                    -3,
                    -9,
                    8
                ],
                [
                    10,
                    5,
                    8
                ],
                [
                    -7,
                    8,
                    6
                ],
                [
                    10,
                    8,
                    -2
                ],
                [
                    -6,
                    -4,
                    -10
                ],
                [
                    6,
                    8,
                    -3
                ],
                [
                    8,
                    9,
                    -2
                ],
                [
                    10,
                    -1,
                    2
                ],
                [
                    -2,
                    -6,
                    -1
                ],
                [
                    -4,
                    -8,
                    -10
                ],
                [
                    -9,
                    10,
                    -1
                ],
                [
                    -6,
                    4,
                    9
                ],
                [
                    -2,
                    1,
                    -10
                ],
                [
                    6,
                    3,
                    4
                ],
                [
                    10,
                    5,
                    -8
                ],
                [
                    -1,
                    2,
                    5
                ],
                [
                    -2,
                    5,
                    -10
                ],
                [
                    -10,
                    -5,
                    2
                ]
            ],
            "{   'fun': 1.0,\n    'jac': None,\n    'nfev': 5,\n    'nit': 0,\n    'njev': 1,\n    'x': array([2.58572401, 0.04774246, 1.62396976, 3.0400057 ])}",
            {
                "0110111011": 1,
                "0101000100": 1,
                "1000001111": 1,
                "0110101011": 1,
                "0101101010": 1,
                "1010110111": 1,
                "0100101010": 1,
                "0001100111": 1,
                "1010110011": 1,
                "1110010011": 1,
                "0100011111": 1,
                "1011010011": 1,
                "0000111010": 1,
                "0011110000": 1,
                "1010110000": 1,
                "1101110111": 1,
                "0100011101": 1,
                "1011111110": 1,
                "1101110000": 1,
                "1111110010": 1,
                "1010101111": 1,
                "1001001000": 1,
                "0011010001": 1,
                "1000010100": 1,
                "1101010000": 1,
                "1011010001": 1,
                "1001010111": 1,
                "1011111111": 2,
                "1011010010": 1,
                "0111001011": 1,
                "0101110111": 1,
                "0001000000": 1,
                "0111110100": 1,
                "0000010100": 1,
                "1010111100": 1,
                "1100010010": 1,
                "1110111001": 1,
                "1111101110": 1,
                "0100000001": 1,
                "1000111111": 1,
                "1100010100": 1,
                "0101110001": 2,
                "1110001000": 1,
                "1110101111": 1,
                "1100100001": 1,
                "1100100101": 1,
                "1100000110": 1,
                "1011110001": 2,
                "1010010110": 1,
                "1110000010": 1,
                "1011100100": 1,
                "1000010110": 1,
                "0010100101": 1,
                "1101011001": 1,
                "1111111011": 1,
                "0001100010": 1,
                "1100111111": 1,
                "1101101110": 1,
                "0011001001": 1,
                "0000100110": 1,
                "1110010000": 1,
                "1110111100": 1,
                "0110111101": 1,
                "1101000001": 1,
                "0110100011": 1,
                "0011010100": 1,
                "1111001010": 1,
                "0100110100": 1,
                "0111101001": 1,
                "0000011110": 1,
                "1110011100": 1,
                "0001110111": 1,
                "1110111111": 1,
                "0011000001": 1,
                "1100011101": 1,
                "1110001010": 1,
                "1011100110": 1,
                "1100111001": 1,
                "1101001000": 1,
                "1110100010": 1,
                "0010000111": 1,
                "0111010101": 1,
                "1000110110": 1,
                "1111101101": 1,
                "0101001101": 1,
                "0101010001": 1,
                "1111110101": 1,
                "0001010111": 1,
                "0010000001": 1,
                "0111100011": 1,
                "0110000000": 1,
                "0101100111": 1,
                "1111000011": 1,
                "1000010001": 1,
                "0101011100": 1,
                "1100000011": 1,
                "1001001001": 1
            },
            false,
            1.0
        ],
        [
            [
                [
                    -3,
                    -8,
                    2
                ],
                [
                    -3,
                    -2,
                    -8
                ],
                [
                    3,
                    4,
                    6
                ],
                [
                    8,
                    2,
                    3
                ],
                [
                    -3,
                    -7,
                    9
                ],
                [
                    5,
                    7,
                    1
                ],
                [
                    3,
                    5,
                    1
                ],
                [
                    1,
                    3,
                    10
                ],
                [
                    7,
                    -2,
                    -5
                ],
                [
                    10,
                    9,
                    -7
                ],
                [
                    -7,
                    -5,
                    4
                ],
                [
                    -7,
                    -5,
                    9
                ],
                [
                    -8,
                    3,
                    2
                ],
                [
                    -10,
                    -9,
                    8
                ],
                [
                    -7,
                    5,
                    -3
                ],
                [
                    -10,
                    8,
                    3
                ],
                [
                    7,
                    -8,
                    4
                ],
                [
                    -8,
                    -2,
                    4
                ],
                [
                    -9,
                    1,
                    -10
                ],
                [
                    -8,
                    10,
                    -3
                ],
                [
                    2,
                    7,
                    -5
                ],
                [
                    -6,
                    -2,
                    1
                ],
                [
                    4,
                    8,
                    1
                ],
                [
                    8,
                    -4,
                    10
                ],
                [
                    8,
                    -2,
                    -4
                ],
                [
                    -6,
                    4,
                    -5
                ],
                [
                    6,
                    2,
                    10
                ],
                [
                    3,
                    1,
                    10
                ],
                [
                    -6,
                    -3,
                    -9
                ],
                [
                    3,
                    -5,
                    -8
                ],
                [
                    -2,
                    8,
                    1
                ],
                [
                    -3,
                    -1,
                    -4
                ],
                [
                    -3,
                    5,
                    -7
                ],
                [
                    -4,
                    -10,
                    5
                ],
                [
                    -5,
                    -10,
                    1
                ],
                [
                    -9,
                    -1,
                    -7
                ],
                [
                    3,
                    -9,
                    -5
                ],
                [
                    -9,
                    4,
                    -6
                ],
                [
                    3,
                    -2,
                    -8
                ],
                [
                    4,
                    1,
                    -8
                ],
                [
                    -4,
                    7,
                    -5
                ],
                [
                    7,
                    -1,
                    4
                ],
                [
                    -10,
                    -8,
                    7
                ],
                [
                    3,
                    9,
                    6
                ],
                [
                    -10,
                    -9,
                    1
                ]
            ],
            "{   'fun': 1.0,\n    'jac': None,\n    'nfev': 5,\n    'nit': 0,\n    'njev': 1,\n    'x': array([0.48383555, 1.06155082, 2.31572148, 2.38593535])}",
            {
                "1100000011": 1,
                "0111001100": 1,
                "1011011110": 1,
                "1011000010": 1,
                "1111110110": 1,
                "0000011100": 1,
                "1100101101": 1,
                "1010111100": 1,
                "1101110110": 1,
                "1000011000": 1,
                "1001000011": 1,
                "0010100010": 1,
                "1000011111": 1,
                "1101000001": 1,
                "0111110110": 1,
                "0110001000": 1,
                "1111101101": 1,
                "1000101011": 1,
                "0111010011": 1,
                "0111011111": 1,
                "1101100100": 1,
                "0011100011": 1,
                "0000010000": 1,
                "0000010001": 1,
                "1101011111": 1,
                "0111001011": 1,
                "1100001110": 1,
                "0010000011": 1,
                "0001001110": 1,
                "1111101110": 1,
                "0111000111": 1,
                "0011110101": 1,
                "1100001111": 1,
                "0111011001": 1,
                "1110011100": 1,
                "0100000100": 1,
                "0111110000": 1,
                "1101110000": 1,
                "1011100101": 1,
                "1011111100": 1,
                "0101101010": 1,
                "1110101100": 1,
                "0010110111": 1,
                "0010011100": 1,
                "0111101100": 2,
                "1101010000": 1,
                "1000111101": 1,
                "1000001000": 1,
                "0101100110": 1,
                "1101011000": 1,
                "1100110110": 1,
                "1010001111": 1,
                "1011110011": 1,
                "0000101010": 1,
                "0101110110": 1,
                "1101011011": 1,
                "1000010101": 1,
                "0000000000": 1,
                "1111110001": 1,
                "0100100100": 1,
                "0010010000": 1,
                "0111000110": 1,
                "1111000001": 1,
                "1101010101": 1,
                "0010100111": 1,
                "1011111110": 1,
                "1111001101": 1,
                "0101110011": 1,
                "1111111010": 1,
                "1111011011": 1,
                "0101011000": 1,
                "0101100000": 1,
                "1001010011": 1,
                "0100101111": 1,
                "0011100000": 1,
                "1011011000": 1,
                "0000011000": 1,
                "0101101001": 1,
                "0110110101": 1,
                "0111101011": 1,
                "0011001001": 1,
                "1010110010": 1,
                "0011000101": 1,
                "1000110101": 1,
                "1001011011": 1,
                "1001010110": 1,
                "1100100110": 1,
                "1111111101": 1,
                "0001100110": 1,
                "0101010000": 1,
                "0000001000": 1,
                "1111110101": 1,
                "1010100100": 1,
                "1110011000": 1,
                "0111011010": 1,
                "0001100001": 1,
                "1111000101": 1,
                "0111001111": 1,
                "1011000110": 1
            },
            false,
            1.0
        ],
        [
            [
                [
                    7,
                    9,
                    -1
                ],
                [
                    -5,
                    4,
                    -10
                ],
                [
                    5,
                    3,
                    -1
                ],
                [
                    -10,
                    -8,
                    -1
                ],
                [
                    3,
                    -4,
                    -6
                ],
                [
                    1,
                    -2,
                    -3
                ],
                [
                    -2,
                    -10,
                    1
                ],
                [
                    -9,
                    -1,
                    3
                ],
                [
                    -1,
                    -5,
                    10
                ],
                [
                    2,
                    10,
                    7
                ],
                [
                    -10,
                    5,
                    2
                ],
                [
                    -4,
                    2,
                    7
                ],
                [
                    5,
                    -7,
                    -3
                ],
                [
                    6,
                    -4,
                    -5
                ],
                [
                    10,
                    6,
                    -7
                ],
                [
                    6,
                    4,
                    2
                ],
                [
                    -3,
                    10,
                    4
                ],
                [
                    8,
                    7,
                    3
                ],
                [
                    5,
                    -10,
                    -1
                ],
                [
                    -1,
                    4,
                    -2
                ],
                [
                    1,
                    4,
                    -9
                ],
                [
                    7,
                    -2,
                    -8
                ],
                [
                    10,
                    6,
                    -9
                ],
                [
                    -9,
                    -5,
                    -1
                ],
                [
                    -7,
                    -2,
                    8
                ],
                [
                    9,
                    -8,
                    1
                ],
                [
                    4,
                    9,
                    10
                ],
                [
                    3,
                    5,
                    -4
                ],
                [
                    6,
                    -9,
                    -3
                ],
                [
                    -2,
                    -1,
                    -10
                ],
                [
                    -1,
                    -8,
                    4
                ],
                [
                    -8,
                    5,
                    1
                ],
                [
                    -7,
                    8,
                    10
                ],
                [
                    2,
                    5,
                    -6
                ],
                [
                    6,
                    4,
                    2
                ],
                [
                    2,
                    -3,
                    -1
                ],
                [
                    -2,
                    -8,
                    7
                ],
                [
                    9,
                    4,
                    5
                ],
                [
                    1,
                    5,
                    -10
                ],
                [
                    -3,
                    -6,
                    -9
                ],
                [
                    9,
                    4,
                    6
                ],
                [
                    2,
                    8,
                    -3
                ],
                [
                    -5,
                    7,
                    3
                ],
                [
                    -8,
                    7,
                    -5
                ],
                [
                    -7,
                    2,
                    10
                ]
            ],
            "{   'fun': 1.0,\n    'jac': None,\n    'nfev': 5,\n    'nit': 0,\n    'njev': 1,\n    'x': array([0.52740253, 0.17713412, 0.19211593, 0.02383559])}",
            {
                "1110000101": 1,
                "0011001101": 1,
                "0111110111": 1,
                "1111000110": 1,
                "0111110100": 1,
                "0001111100": 1,
                "0000010011": 1,
                "1101011100": 1,
                "1100001011": 1,
                "0100110101": 1,
                "0001001001": 1,
                "0000110111": 1,
                "1011100110": 1,
                "1110110110": 1,
                "0110001000": 1,
                "0100101111": 1,
                "0001101110": 1,
                "0000001110": 1,
                "1100101010": 1,
                "0011101100": 1,
                "0100011110": 1,
                "0000101001": 1,
                "1101111110": 1,
                "0111010100": 1,
                "0110001111": 1,
                "1100000111": 1,
                "0001011001": 1,
                "0101001011": 1,
                "1000011111": 3,
                "0111001111": 1,
                "0101110100": 1,
                "0101000110": 1,
                "0001001111": 1,
                "0011010000": 1,
                "1011111011": 1,
                "1000100010": 1,
                "0011010101": 1,
                "1111011100": 1,
                "0010111001": 1,
                "1101001101": 1,
                "1111100101": 1,
                "1101010101": 2,
                "0010110111": 1,
                "1010100110": 1,
                "1000001101": 1,
                "0100111010": 1,
                "1000100000": 1,
                "1001011011": 2,
                "0110101010": 1,
                "0001010111": 1,
                "0001100001": 1,
                "0111010110": 1,
                "1111000101": 1,
                "0000100110": 1,
                "0111010000": 1,
                "0001100010": 1,
                "1011000101": 1,
                "0101011011": 1,
                "1011101000": 1,
                "0101010001": 2,
                "1101011110": 2,
                "0101000001": 1,
                "1110011010": 1,
                "1100011001": 1,
                "1011111001": 1,
                "1111010101": 1,
                "1100000110": 1,
                "1010011000": 1,
                "0110100101": 1,
                "1100010001": 1,
                "1011011100": 1,
                "1010011110": 1,
                "0000011100": 1,
                "1101100001": 1,
                "1001001111": 1,
                "1011100111": 1,
                "1110100100": 1,
                "0000110100": 1,
                "0101100010": 1,
                "0110111100": 1,
                "0100100000": 1,
                "0000110000": 1,
                "1101100100": 1,
                "0100101010": 1,
                "1100101111": 1,
                "0110001010": 1,
                "1101000001": 1,
                "1000110000": 1,
                "1011101001": 1,
                "1010001111": 1,
                "1100100011": 1,
                "0001000001": 1,
                "1110011000": 1,
                "0011110001": 1
            },
            false,
            1.0
        ]
    ]
}