{
    "n": 10,
    "m": 45,
    "results": [
        [
            [
                [
                    -6,
                    -7,
                    -4
                ],
                [
                    -8,
                    6,
                    9
                ],
                [
                    -6,
                    -7,
                    -4
                ],
                [
                    2,
                    -8,
                    1
                ],
                [
                    3,
                    1,
                    -9
                ],
                [
                    6,
                    -8,
                    -4
                ],
                [
                    6,
                    5,
                    4
                ],
                [
                    -1,
                    -4,
                    2
                ],
                [
                    8,
                    1,
                    4
                ],
                [
                    2,
                    9,
                    10
                ],
                [
                    -6,
                    4,
                    7
                ],
                [
                    7,
                    -2,
                    -9
                ],
                [
                    2,
                    3,
                    -10
                ],
                [
                    2,
                    1,
                    -4
                ],
                [
                    8,
                    9,
                    -3
                ],
                [
                    5,
                    -3,
                    -1
                ],
                [
                    9,
                    2,
                    4
                ],
                [
                    -2,
                    8,
                    9
                ],
                [
                    -9,
                    3,
                    4
                ],
                [
                    -6,
                    4,
                    2
                ],
                [
                    4,
                    -8,
                    5
                ],
                [
                    6,
                    8,
                    4
                ],
                [
                    -9,
                    7,
                    3
                ],
                [
                    1,
                    -8,
                    -7
                ],
                [
                    -9,
                    10,
                    -5
                ],
                [
                    -6,
                    1,
                    -7
                ],
                [
                    9,
                    2,
                    6
                ],
                [
                    2,
                    10,
                    -4
                ],
                [
                    8,
                    -5,
                    4
                ],
                [
                    -2,
                    10,
                    -3
                ],
                [
                    -7,
                    -5,
                    -9
                ],
                [
                    6,
                    -9,
                    -2
                ],
                [
                    2,
                    -1,
                    5
                ],
                [
                    8,
                    2,
                    5
                ],
                [
                    -8,
                    -4,
                    3
                ],
                [
                    -1,
                    4,
                    -7
                ],
                [
                    1,
                    6,
                    -9
                ],
                [
                    1,
                    -10,
                    8
                ],
                [
                    -3,
                    -8,
                    5
                ],
                [
                    10,
                    -1,
                    3
                ],
                [
                    -4,
                    8,
                    10
                ],
                [
                    1,
                    3,
                    7
                ],
                [
                    -9,
                    -2,
                    -4
                ],
                [
                    8,
                    6,
                    9
                ],
                [
                    -9,
                    1,
                    -10
                ]
            ],
            "{   'fun': 0.99,\n    'jac': None,\n    'nfev': 150,\n    'nit': 3,\n    'njev': 30,\n    'x': array([0.07271961, 0.08518428, 2.49748863, 0.83938246])}",
            {
                "1100001001": 1,
                "0001000110": 1,
                "1101010000": 1,
                "1110111000": 1,
                "1011100010": 1,
                "1111010011": 1,
                "0101100000": 1,
                "0110101000": 1,
                "0011101010": 1,
                "1101001010": 1,
                "0000010110": 1,
                "1111101110": 1,
                "0110100101": 1,
                "1110001000": 1,
                "0101101001": 1,
                "0010111101": 1,
                "1100001011": 1,
                "0010111000": 1,
                "0110010011": 1,
                "0111011010": 1,
                "0101110111": 1,
                "1001111000": 1,
                "1001011100": 1,
                "1100010100": 1,
                "0111101110": 2,
                "1100101110": 1,
                "0100100110": 1,
                "0010110111": 1,
                "0010100011": 1,
                "0000111110": 1,
                "1100000010": 1,
                "0000000011": 1,
                "1010100010": 2,
                "1001001100": 1,
                "0001111001": 1,
                "1011000010": 1,
                "1101111001": 1,
                "1101100110": 1,
                "0010010101": 1,
                "0111001111": 1,
                "1101011000": 1,
                "1111010100": 1,
                "0111011101": 1,
                "0100010111": 1,
                "0011101111": 1,
                "1110101011": 1,
                "0111010111": 1,
                "1111100001": 1,
                "0011100001": 1,
                "1000100111": 1,
                "1010111110": 1,
                "0111100110": 1,
                "0001011100": 1,
                "0100110001": 2,
                "0000000000": 1,
                "0000010100": 1,
                "0011000110": 1,
                "0010010011": 1,
                "1110111001": 1,
                "1010010000": 2,
                "0100000001": 1,
                "0000011010": 1,
                "0011111111": 1,
                "1111011001": 1,
                "0110001010": 1,
                "1011010111": 1,
                "1010001000": 1,
                "1101110010": 1,
                "1010111111": 1,
                "1010100000": 1,
                "0011111010": 2,
                "1101000101": 1,
                "0110111000": 1,
                "1101000111": 1,
                "1000010011": 1,
                "0000011011": 1,
                "1011011110": 1,
                "0111000100": 1,
                "0111101111": 1,
                "0000111010": 1,
                "0000001100": 1,
                "0010000001": 1,
                "0111010110": 1,
                "0001110010": 1,
                "1001100110": 1,
                "1111011000": 1,
                "1011101101": 1,
                "1010011010": 1,
                "1000101010": 1,
                "0110011101": 1,
                "1111001001": 2,
                "1000000111": 1,
                "0011100100": 1,
                "0100001011": 1
            },
            true,
            0.97
        ],
        [
            [
                [
                    -7,
                    -6,
                    2
                ],
                [
                    4,
                    -10,
                    7
                ],
                [
                    8,
                    -3,
                    -9
                ],
                [
                    2,
                    3,
                    9
                ],
                [
                    2,
                    -6,
                    -8
                ],
                [
                    -10,
                    -4,
                    -1
                ],
                [
                    1,
                    -2,
                    -3
                ],
                [
                    -9,
                    -3,
                    -4
                ],
                [
                    -8,
                    -7,
                    -2
                ],
                [
                    -3,
                    9,
                    -2
                ],
                [
                    7,
                    -5,
                    -2
                ],
                [
                    -3,
                    9,
                    6
                ],
                [
                    6,
                    -10,
                    -9
                ],
                [
                    3,
                    -2,
                    10
                ],
                [
                    -1,
                    7,
                    10
                ],
                [
                    -9,
                    4,
                    5
                ],
                [
                    8,
                    -7,
                    3
                ],
                [
                    2,
                    -7,
                    -4
                ],
                [
                    10,
                    8,
                    -2
                ],
                [
                    3,
                    8,
                    5
                ],
                [
                    6,
                    5,
                    9
                ],
                [
                    -4,
                    -2,
                    -7
                ],
                [
                    -3,
                    2,
                    -9
                ],
                [
                    1,
                    2,
                    3
                ],
                [
                    -8,
                    -7,
                    1
                ],
                [
                    -8,
                    -4,
                    2
                ],
                [
                    7,
                    9,
                    -4
                ],
                [
                    5,
                    7,
                    2
                ],
                [
                    -4,
                    -9,
                    -7
                ],
                [
                    8,
                    -10,
                    7
                ],
                [
                    -5,
                    6,
                    -4
                ],
                [
                    -5,
                    9,
                    10
                ],
                [
                    -5,
                    -3,
                    6
                ],
                [
                    -8,
                    -4,
                    5
                ],
                [
                    2,
                    10,
                    8
                ],
                [
                    -4,
                    9,
                    -8
                ],
                [
                    -6,
                    8,
                    -2
                ],
                [
                    -2,
                    10,
                    -7
                ],
                [
                    -1,
                    6,
                    7
                ],
                [
                    8,
                    9,
                    -10
                ],
                [
                    -8,
                    -6,
                    4
                ],
                [
                    -5,
                    -4,
                    -9
                ],
                [
                    7,
                    -10,
                    6
                ],
                [
                    -10,
                    3,
                    2
                ],
                [
                    5,
                    -4,
                    7
                ]
            ],
            "{   'fun': 1.0,\n    'jac': None,\n    'nfev': 5,\n    'nit': 0,\n    'njev': 1,\n    'x': array([1.76215289, 1.68291279, 2.48651562, 2.64260122])}",
            {
                "1001100110": 1,
                "1100000011": 1,
                "0010000100": 1,
                "0110001110": 1,
                "1001101110": 1,
                "1000001101": 1,
                "1011101110": 1,
                "0011010111": 1,
                "0110000011": 1,
                "0011111000": 1,
                "0011101100": 1,
                "0111001101": 1,
                "0011000011": 2,
                "0101011110": 1,
                "1011010100": 1,
                "1010010110": 1,
                "1100110010": 1,
                "1110110100": 1,
                "0111110000": 1,
                "0111010011": 1,
                "0100001010": 1,
                "0111011001": 1,
                "1001101100": 1,
                "1000100000": 1,
                "1100011010": 1,
                "1110100110": 1,
                "0001100010": 1,
                "1000100110": 1,
                "1010001111": 1,
                "0100101100": 1,
                "1001111011": 1,
                "1010100111": 1,
                "0001001110": 1,
                "0111100101": 1,
                "0100010000": 1,
                "0111000000": 1,
                "1110101111": 1,
                "1010101100": 1,
                "0101000001": 1,
                "0101101100": 1,
                "1110100001": 1,
                "1101001101": 1,
                "1010110110": 1,
                "1011100001": 1,
                "1110000101": 1,
                "0000110111": 1,
                "0100010101": 1,
                "1111100110": 1,
                "1010110101": 1,
                "1100100001": 1,
                "1000101010": 1,
                "0110101100": 1,
                "1100101100": 2,
                "0011110110": 1,
                "1000110011": 1,
                "0111111111": 1,
                "0100110101": 1,
                "1111101111": 1,
                "0111000110": 1,
                "1100001001": 1,
                "0001111010": 1,
                "0000111101": 1,
                "1010101110": 1,
                "0001100100": 1,
                "1011010101": 1,
                "1000100001": 1,
                "0100110010": 1,
                "0000010100": 1,
                "1010111100": 1,
                "0000101011": 1,
                "0010110110": 1,
                "0110101111": 1,
                "1011000001": 1,
                "1000101110": 1,
                "1111111011": 1,
                "0111000001": 1,
                "1110010010": 1,
                "1011111100": 1,
                "0010001111": 1,
                "1101110000": 1,
                "1111110010": 1,
                "0101110100": 1,
                "0111101000": 1,
                "1101001000": 1,
                "0110000111": 1,
                "0110000000": 1,
                "0000011000": 2,
                "1101110001": 1,
                "1000001110": 1,
                "0010110100": 1,
                "0101101011": 1,
                "0011001001": 1,
                "0010111001": 1,
                "1100010110": 1,
                "1010010101": 1,
                "0000101110": 1,
                "0111110101": 1
            },
            false,
            1.0
        ],
        [
            [
                [
                    8,
                    -10,
                    7
                ],
                [
                    7,
                    -4,
                    9
                ],
                [
                    -9,
                    6,
                    7
                ],
                [
                    4,
                    7,
                    8
                ],
                [
                    -4,
                    -6,
                    9
                ],
                [
                    -8,
                    10,
                    -9
                ],
                [
                    6,
                    -1,
                    3
                ],
                [
                    2,
                    -8,
                    -1
                ],
                [
                    8,
                    4,
                    -6
                ],
                [
                    9,
                    3,
                    8
                ],
                [
                    -5,
                    -1,
                    -10
                ],
                [
                    6,
                    8,
                    3
                ],
                [
                    -5,
                    -10,
                    -8
                ],
                [
                    10,
                    -3,
                    1
                ],
                [
                    2,
                    3,
                    -9
                ],
                [
                    3,
                    8,
                    2
                ],
                [
                    6,
                    2,
                    5
                ],
                [
                    3,
                    6,
                    -4
                ],
                [
                    1,
                    5,
                    -3
                ],
                [
                    5,
                    8,
                    -3
                ],
                [
                    -10,
                    -9,
                    6
                ],
                [
                    -3,
                    -8,
                    4
                ],
                [
                    5,
                    -8,
                    -1
                ],
                [
                    9,
                    1,
                    -2
                ],
                [
                    7,
                    8,
                    3
                ],
                [
                    -2,
                    -1,
                    -7
                ],
                [
                    5,
                    -10,
                    1
                ],
                [
                    1,
                    2,
                    8
                ],
                [
                    5,
                    -6,
                    -8
                ],
                [
                    5,
                    -7,
                    1
                ],
                [
                    -10,
                    -6,
                    -3
                ],
                [
                    7,
                    8,
                    5
                ],
                [
                    4,
                    -2,
                    -6
                ],
                [
                    10,
                    9,
                    -3
                ],
                [
                    7,
                    -8,
                    -4
                ],
                [
                    10,
                    -8,
                    9
                ],
                [
                    3,
                    -5,
                    8
                ],
                [
                    5,
                    -7,
                    -2
                ],
                [
                    -2,
                    -7,
                    8
                ],
                [
                    7,
                    -2,
                    -1
                ],
                [
                    2,
                    1,
                    -4
                ],
                [
                    -6,
                    -4,
                    8
                ],
                [
                    -7,
                    5,
                    -10
                ],
                [
                    8,
                    4,
                    -10
                ],
                [
                    2,
                    3,
                    -10
                ]
            ],
            "{   'fun': 1.0,\n    'jac': None,\n    'nfev': 180,\n    'nit': 1,\n    'njev': 36,\n    'x': array([2.58572401, 0.04774246, 1.62397324, 3.0400057 ])}",
            {
                "1000001110": 1,
                "1000001001": 1,
                "1100100010": 1,
                "1010101010": 1,
                "1000010101": 1,
                "1001010010": 1,
                "1100010010": 1,
                "0110011011": 1,
                "1100111011": 1,
                "0011110001": 1,
                "0011111011": 1,
                "1110110001": 1,
                "1110111010": 1,
                "0001101000": 1,
                "0000000010": 1,
                "1000000011": 1,
                "0001000011": 1,
                "1001111010": 1,
                "0011100010": 2,
                "0011111010": 1,
                "0110110100": 1,
                "0110001111": 1,
                "1001010011": 1,
                "1101000001": 1,
                "0001011110": 1,
                "1011000000": 1,
                "1011101100": 1,
                "0100111011": 1,
                "0000011001": 1,
                "0100111010": 1,
                "1011001101": 1,
                "0001111110": 1,
                "1111111111": 1,
                "1010100001": 1,
                "1001110100": 1,
                "0111110100": 1,
                "0000010100": 1,
                "1011101111": 1,
                "0110011100": 1,
                "0010010111": 1,
                "1010110100": 1,
                "0101001010": 1,
                "1011110010": 1,
                "1101010011": 1,
                "1101010001": 1,
                "0011101011": 1,
                "0001010001": 1,
                "0110010010": 1,
                "1010100010": 2,
                "0011101001": 1,
                "1010111110": 2,
                "0010101101": 1,
                "0100000000": 1,
                "1001110111": 1,
                "1000111100": 1,
                "1000000101": 1,
                "0101001000": 1,
                "1000111111": 1,
                "0010100111": 1,
                "0001010010": 1,
                "1111000110": 1,
                "1000000000": 1,
                "0111000100": 1,
                "0111101111": 1,
                "1011110100": 1,
                "0001101101": 1,
                "1111000111": 1,
                "0100100001": 1,
                "1100101000": 1,
                "0110001100": 1,
                "1111000100": 1,
                "0010000101": 1,
                "0101011011": 1,
                "1001110000": 1,
                "0101111110": 1,
                "0100111111": 1,
                "0001101110": 1,
                "0000111001": 1,
                "1010000001": 1,
                "1110011001": 1,
                "0111001011": 1,
                "0111001101": 1,
                "0010110001": 1,
                "0000000100": 2,
                "0010010011": 1,
                "1101101101": 1,
                "0101100110": 1,
                "1101100111": 1,
                "1001111101": 1,
                "0011000000": 1,
                "1110100101": 1,
                "0111111101": 1,
                "0110001001": 1,
                "1001111100": 1,
                "0010001011": 1,
                "0010011100": 1
            },
            false,
            0.96
        ],
        [
            [
                [
                    -7,
                    -9,
                    2
                ],
                [
                    -7,
                    6,
                    -3
                ],
                [
                    6,
                    -3,
                    8
                ],
                [
                    -8,
                    7,
                    6
                ],
                [
                    -4,
                    -6,
                    7
                ],
                [
                    10,
                    -6,
                    -7
                ],
                [
                    7,
                    3,
                    -6
                ],
                [
                    2,
                    5,
                    -9
                ],
                [
                    9,
                    -2,
                    7
                ],
                [
                    1,
                    -3,
                    -4
                ],
                [
                    5,
                    8,
                    -3
                ],
                [
                    -9,
                    7,
                    5
                ],
                [
                    8,
                    -5,
                    4
                ],
                [
                    5,
                    -1,
                    4
                ],
                [
                    -1,
                    -8,
                    -2
                ],
                [
                    -8,
                    2,
                    7
                ],
                [
                    5,
                    -6,
                    9
                ],
                [
                    -6,
                    9,
                    4
                ],
                [
                    -4,
                    5,
                    3
                ],
                [
                    -8,
                    9,
                    6
                ],
                [
                    -7,
                    5,
                    -9
                ],
                [
                    5,
                    -9,
                    -7
                ],
                [
                    -5,
                    6,
                    4
                ],
                [
                    -1,
                    -3,
                    4
                ],
                [
                    -2,
                    -6,
                    7
                ],
                [
                    6,
                    -1,
                    7
                ],
                [
                    6,
                    2,
                    1
                ],
                [
                    5,
                    2,
                    10
                ],
                [
                    -9,
                    5,
                    -10
                ],
                [
                    2,
                    4,
                    3
                ],
                [
                    -6,
                    7,
                    4
                ],
                [
                    -9,
                    6,
                    -1
                ],
                [
                    8,
                    3,
                    -5
                ],
                [
                    -1,
                    6,
                    2
                ],
                [
                    9,
                    4,
                    -1
                ],
                [
                    8,
                    -1,
                    5
                ],
                [
                    -7,
                    -1,
                    -4
                ],
                [
                    1,
                    4,
                    5
                ],
                [
                    -3,
                    -1,
                    5
                ],
                [
                    -3,
                    -5,
                    6
                ],
                [
                    -6,
                    7,
                    -5
                ],
                [
                    1,
                    2,
                    10
                ],
                [
                    -10,
                    4,
                    -5
                ],
                [
                    9,
                    10,
                    -7
                ],
                [
                    -7,
                    -6,
                    -8
                ]
            ],
            "{   'fun': 1.0,\n    'jac': None,\n    'nfev': 5,\n    'nit': 0,\n    'njev': 1,\n    'x': array([0.48383555, 1.06155082, 2.31572148, 2.38593535])}",
            {
                "1000100000": 1,
                "1001100010": 1,
                "1000100011": 1,
                "1011101100": 1,
                "1100101000": 1,
                "0001011010": 1,
                "0111110100": 1,
                "1111000111": 1,
                "1101111000": 1,
                "1001100110": 2,
                "1000101110": 1,
                "0000110100": 1,
                "0001111101": 1,
                "0011011111": 1,
                "1101010000": 1,
                "0011011010": 1,
                "1100011101": 1,
                "1000110100": 1,
                "0101101010": 1,
                "1101011010": 1,
                "1101101110": 1,
                "0000100101": 1,
                "0011001100": 1,
                "1110010000": 1,
                "0001010101": 1,
                "1110110100": 1,
                "0011110101": 1,
                "0000101000": 2,
                "0111000101": 1,
                "1011001001": 2,
                "0100001000": 1,
                "0010100111": 1,
                "0011101001": 1,
                "1111001111": 1,
                "0111111001": 1,
                "0010001100": 1,
                "1000001001": 1,
                "0111111011": 1,
                "0101101100": 1,
                "1011110000": 2,
                "0101000001": 1,
                "0001111100": 1,
                "1111110101": 1,
                "0000011101": 1,
                "1010001110": 1,
                "0000010101": 2,
                "1101100011": 1,
                "0011010010": 2,
                "1101100001": 2,
                "1100011011": 1,
                "0101001001": 1,
                "1010000101": 1,
                "0110001000": 1,
                "0001110001": 1,
                "0111011000": 1,
                "0001111110": 1,
                "1100000101": 1,
                "0111101110": 1,
                "0111111010": 1,
                "0111100101": 1,
                "0111010110": 1,
                "1000000110": 1,
                "0010000100": 2,
                "0110101000": 1,
                "0011101010": 1,
                "1110011100": 1,
                "1110101101": 1,
                "1100010110": 1,
                "1000011100": 1,
                "0110100111": 1,
                "1100110100": 1,
                "1001111101": 1,
                "0100100111": 1,
                "0000110111": 1,
                "0010011011": 1,
                "1110011000": 1,
                "1111111011": 1,
                "0100000101": 1,
                "1100010010": 1,
                "1011000110": 1,
                "0000000110": 1,
                "0000010001": 1,
                "1101101001": 1,
                "0010110111": 1,
                "0000111110": 1,
                "0100000100": 2,
                "1001100011": 1,
                "0111010111": 1,
                "0000111001": 1,
                "0000001010": 2
            },
            false,
            1.0
        ],
        [
            [
                [
                    5,
                    -7,
                    4
                ],
                [
                    3,
                    4,
                    -10
                ],
                [
                    10,
                    -8,
                    -6
                ],
                [
                    -1,
                    5,
                    10
                ],
                [
                    9,
                    5,
                    10
                ],
                [
                    6,
                    -9,
                    7
                ],
                [
                    -5,
                    -2,
                    10
                ],
                [
                    -1,
                    -5,
                    9
                ],
                [
                    4,
                    -7,
                    -2
                ],
                [
                    7,
                    -9,
                    -10
                ],
                [
                    2,
                    -6,
                    -9
                ],
                [
                    4,
                    -8,
                    -1
                ],
                [
                    8,
                    -5,
                    7
                ],
                [
                    9,
                    8,
                    -1
                ],
                [
                    8,
                    1,
                    2
                ],
                [
                    -10,
                    5,
                    -1
                ],
                [
                    -8,
                    -3,
                    1
                ],
                [
                    3,
                    8,
                    -2
                ],
                [
                    3,
                    4,
                    -2
                ],
                [
                    -1,
                    -3,
                    6
                ],
                [
                    -1,
                    -6,
                    9
                ],
                [
                    8,
                    -4,
                    -10
                ],
                [
                    -2,
                    -1,
                    6
                ],
                [
                    5,
                    -6,
                    7
                ],
                [
                    -4,
                    10,
                    7
                ],
                [
                    4,
                    -9,
                    3
                ],
                [
                    3,
                    -8,
                    -5
                ],
                [
                    9,
                    -2,
                    7
                ],
                [
                    -9,
                    -4,
                    2
                ],
                [
                    -7,
                    2,
                    9
                ],
                [
                    -5,
                    7,
                    -2
                ],
                [
                    -7,
                    1,
                    9
                ],
                [
                    7,
                    3,
                    -9
                ],
                [
                    1,
                    8,
                    -9
                ],
                [
                    7,
                    -3,
                    -10
                ],
                [
                    10,
                    5,
                    -2
                ],
                [
                    4,
                    -9,
                    5
                ],
                [
                    -1,
                    -8,
                    5
                ],
                [
                    -9,
                    -6,
                    7
                ],
                [
                    -3,
                    7,
                    -4
                ],
                [
                    10,
                    6,
                    -4
                ],
                [
                    -10,
                    -6,
                    5
                ],
                [
                    4,
                    -10,
                    9
                ],
                [
                    8,
                    6,
                    2
                ],
                [
                    8,
                    9,
                    7
                ]
            ],
            "{   'fun': 0.97,\n    'jac': None,\n    'nfev': 145,\n    'nit': 2,\n    'njev': 29,\n    'x': array([0.52740248, 0.17713417, 0.19211604, 0.02383549])}",
            {
                "0010010001": 1,
                "1111110000": 1,
                "1101110001": 1,
                "0111111010": 1,
                "1110011100": 1,
                "1111001010": 1,
                "1010100100": 1,
                "1011011111": 1,
                "1100011011": 1,
                "1101111010": 1,
                "0000001000": 1,
                "0001010000": 1,
                "1101100101": 1,
                "0000010001": 1,
                "1010001000": 1,
                "1011100110": 1,
                "0010010101": 1,
                "0010000100": 1,
                "0111110000": 1,
                "1110001111": 1,
                "1100110110": 1,
                "1000001100": 1,
                "1111010011": 1,
                "0100110110": 1,
                "0011000011": 1,
                "0011100111": 1,
                "1000100010": 1,
                "1110100011": 1,
                "0100001101": 1,
                "0010000000": 1,
                "0111101100": 1,
                "1101011110": 1,
                "0101100110": 1,
                "0100100111": 1,
                "1100001101": 1,
                "1111111111": 1,
                "0101101011": 1,
                "1111100001": 1,
                "0000111001": 1,
                "1110110111": 1,
                "1001011101": 1,
                "1000000011": 1,
                "1000110110": 2,
                "1100010000": 1,
                "0001010111": 1,
                "0011111110": 1,
                "0101111000": 1,
                "1110101100": 1,
                "0101101010": 1,
                "0011101111": 1,
                "0010011110": 1,
                "0110111100": 1,
                "1111100010": 1,
                "1101111000": 1,
                "0100000001": 1,
                "1111101000": 1,
                "1110011101": 1,
                "1100010111": 1,
                "1010001110": 1,
                "1110011110": 1,
                "1101110100": 1,
                "1110010011": 1,
                "0101100111": 1,
                "0110000000": 1,
                "1101100000": 1,
                "1001001100": 1,
                "0011011111": 1,
                "0111011101": 1,
                "1000001111": 1,
                "1000011101": 2,
                "0001101111": 1,
                "0011001110": 1,
                "0001101011": 1,
                "0011110011": 1,
                "1111000111": 1,
                "0011101010": 1,
                "1011100100": 1,
                "1100100010": 1,
                "0111011010": 1,
                "1110000000": 1,
                "1011000011": 1,
                "1100101011": 1,
                "0000100001": 1,
                "1100110000": 2,
                "0110011111": 1,
                "1101000100": 1,
                "0000111000": 1,
                "0001000010": 1,
                "0001111111": 1,
                "0100111111": 1,
                "1001010000": 1,
                "1111010010": 1,
                "0010001100": 1,
                "0001000001": 1,
                "0110101001": 1,
                "1000111101": 1,
                "1011010101": 1
            },
            true,
            0.93
        ]
    ]
}