{
    "n": 10,
    "m": 45,
    "results": [
        [
            [
                [
                    1,
                    -3,
                    -2
                ],
                [
                    -2,
                    1,
                    -4
                ],
                [
                    10,
                    3,
                    -4
                ],
                [
                    7,
                    -9,
                    5
                ],
                [
                    4,
                    5,
                    -7
                ],
                [
                    -5,
                    10,
                    6
                ],
                [
                    -2,
                    -9,
                    1
                ],
                [
                    9,
                    -6,
                    -7
                ],
                [
                    -8,
                    4,
                    9
                ],
                [
                    9,
                    6,
                    1
                ],
                [
                    2,
                    -3,
                    -1
                ],
                [
                    1,
                    -10,
                    3
                ],
                [
                    8,
                    -6,
                    7
                ],
                [
                    -4,
                    2,
                    -10
                ],
                [
                    8,
                    6,
                    7
                ],
                [
                    10,
                    7,
                    -2
                ],
                [
                    -3,
                    -5,
                    -1
                ],
                [
                    -7,
                    3,
                    -10
                ],
                [
                    -8,
                    -4,
                    2
                ],
                [
                    6,
                    -10,
                    -2
                ],
                [
                    -8,
                    2,
                    -4
                ],
                [
                    -4,
                    -9,
                    -6
                ],
                [
                    -4,
                    8,
                    1
                ],
                [
                    5,
                    4,
                    -3
                ],
                [
                    7,
                    -4,
                    -9
                ],
                [
                    9,
                    -10,
                    -1
                ],
                [
                    -5,
                    -2,
                    8
                ],
                [
                    10,
                    -4,
                    -3
                ],
                [
                    -6,
                    4,
                    -8
                ],
                [
                    1,
                    5,
                    -10
                ],
                [
                    3,
                    9,
                    8
                ],
                [
                    2,
                    -1,
                    -8
                ],
                [
                    -10,
                    8,
                    -4
                ],
                [
                    1,
                    8,
                    4
                ],
                [
                    3,
                    -4,
                    8
                ],
                [
                    -9,
                    -6,
                    -1
                ],
                [
                    -2,
                    10,
                    -4
                ],
                [
                    -1,
                    7,
                    -4
                ],
                [
                    -2,
                    -7,
                    -8
                ],
                [
                    5,
                    10,
                    -7
                ],
                [
                    -3,
                    -4,
                    -7
                ],
                [
                    5,
                    -1,
                    -2
                ],
                [
                    -1,
                    5,
                    -9
                ],
                [
                    -9,
                    -2,
                    6
                ],
                [
                    3,
                    -9,
                    -8
                ]
            ],
            "{   'fun': 0.99,\n    'jac': None,\n    'nfev': 130,\n    'nit': 2,\n    'njev': 26,\n    'x': array([0.07271878, 0.08518875, 2.49748869, 0.8393808 ])}",
            {
                "0100011011": 1,
                "1111001001": 1,
                "0111000111": 1,
                "0000000110": 1,
                "0000110100": 1,
                "1111001101": 1,
                "0010001011": 1,
                "0001100100": 1,
                "1001100111": 1,
                "0100000101": 1,
                "0110010001": 1,
                "0001011011": 1,
                "0110011111": 1,
                "1111001000": 1,
                "1101100101": 1,
                "1010011001": 1,
                "1110011000": 1,
                "1101000100": 1,
                "0010101000": 1,
                "1001011100": 1,
                "1010001111": 1,
                "1100001110": 1,
                "0011001111": 1,
                "0100001101": 1,
                "1110110001": 1,
                "1011101001": 1,
                "1000110001": 2,
                "1100111010": 2,
                "0010001010": 1,
                "1101001011": 1,
                "1010111111": 1,
                "1100100111": 1,
                "0100110000": 1,
                "0110100101": 1,
                "0010101101": 1,
                "0011100011": 1,
                "0001001000": 1,
                "1100111110": 1,
                "1111011101": 1,
                "1010111000": 1,
                "1010110000": 1,
                "1101011110": 1,
                "0000100001": 1,
                "0010111101": 1,
                "0010011000": 1,
                "0111000001": 1,
                "0100011000": 2,
                "1100100101": 1,
                "0110000110": 1,
                "1001011000": 1,
                "1110011111": 1,
                "0000001010": 1,
                "1111100001": 1,
                "0001101110": 1,
                "1100001001": 1,
                "0010110011": 1,
                "0001000100": 1,
                "1011101010": 1,
                "1011011011": 1,
                "0101010001": 1,
                "0101011110": 1,
                "1110101101": 1,
                "0100001111": 1,
                "0100111010": 1,
                "0100111011": 1,
                "0100001001": 1,
                "1001101101": 1,
                "0000110000": 1,
                "0101100100": 1,
                "1010110011": 1,
                "1000101100": 1,
                "1000111000": 1,
                "1111000110": 1,
                "0111100100": 1,
                "0000001100": 1,
                "0110100110": 1,
                "0100110011": 1,
                "1101100001": 1,
                "1100000001": 1,
                "0011010111": 1,
                "1011111001": 1,
                "0010010010": 1,
                "0100101101": 1,
                "1000100000": 1,
                "1011001100": 1,
                "0000010010": 1,
                "0110111000": 1,
                "0001111110": 1,
                "1111110111": 2,
                "1011001101": 1,
                "0000000101": 1,
                "0001011110": 1,
                "1110100110": 1,
                "1101010111": 1,
                "1010110110": 1,
                "1111101100": 1
            },
            true,
            0.96
        ],
        [
            [
                [
                    -7,
                    9,
                    5
                ],
                [
                    2,
                    -5,
                    -9
                ],
                [
                    9,
                    3,
                    8
                ],
                [
                    -4,
                    -7,
                    -9
                ],
                [
                    -6,
                    5,
                    4
                ],
                [
                    3,
                    7,
                    -9
                ],
                [
                    8,
                    -2,
                    4
                ],
                [
                    7,
                    9,
                    10
                ],
                [
                    9,
                    -6,
                    7
                ],
                [
                    5,
                    -8,
                    -2
                ],
                [
                    4,
                    -6,
                    -7
                ],
                [
                    4,
                    2,
                    -6
                ],
                [
                    -10,
                    -6,
                    -7
                ],
                [
                    8,
                    3,
                    6
                ],
                [
                    -4,
                    7,
                    1
                ],
                [
                    2,
                    3,
                    6
                ],
                [
                    6,
                    5,
                    1
                ],
                [
                    6,
                    -1,
                    -3
                ],
                [
                    -5,
                    -1,
                    -2
                ],
                [
                    -3,
                    1,
                    5
                ],
                [
                    3,
                    4,
                    2
                ],
                [
                    -4,
                    9,
                    -2
                ],
                [
                    5,
                    -3,
                    6
                ],
                [
                    8,
                    -2,
                    7
                ],
                [
                    3,
                    4,
                    -1
                ],
                [
                    -6,
                    3,
                    -2
                ],
                [
                    8,
                    -4,
                    10
                ],
                [
                    6,
                    -3,
                    -9
                ],
                [
                    5,
                    -7,
                    10
                ],
                [
                    -8,
                    1,
                    -2
                ],
                [
                    -3,
                    2,
                    6
                ],
                [
                    6,
                    8,
                    -9
                ],
                [
                    -8,
                    4,
                    -5
                ],
                [
                    -2,
                    -9,
                    7
                ],
                [
                    3,
                    5,
                    -6
                ],
                [
                    6,
                    -3,
                    4
                ],
                [
                    -8,
                    -2,
                    6
                ],
                [
                    8,
                    6,
                    -9
                ],
                [
                    5,
                    -2,
                    8
                ],
                [
                    -5,
                    1,
                    9
                ],
                [
                    -9,
                    2,
                    -3
                ],
                [
                    -10,
                    4,
                    -9
                ],
                [
                    -6,
                    7,
                    -3
                ],
                [
                    -4,
                    1,
                    -8
                ],
                [
                    9,
                    10,
                    -7
                ]
            ],
            "{   'fun': 1.0,\n    'jac': None,\n    'nfev': 5,\n    'nit': 0,\n    'njev': 1,\n    'x': array([1.76215289, 1.68291279, 2.48651562, 2.64260122])}",
            {
                "1101111110": 1,
                "0100010001": 1,
                "0000001001": 1,
                "0110100010": 1,
                "1110001101": 1,
                "0111001010": 1,
                "0101010010": 1,
                "0100101101": 1,
                "1000101001": 1,
                "0011100010": 1,
                "1111000111": 1,
                "0001011010": 1,
                "0011011110": 1,
                "1011010100": 1,
                "0001100101": 1,
                "1010111111": 1,
                "1101111111": 1,
                "0001011000": 1,
                "0110110000": 1,
                "1010110100": 1,
                "0011100110": 1,
                "0000010000": 1,
                "0011111001": 1,
                "0111110110": 1,
                "0111111100": 1,
                "0000001111": 1,
                "1001110100": 1,
                "1000110110": 1,
                "0100011111": 1,
                "1011101011": 1,
                "1111110001": 1,
                "0100011101": 1,
                "1011011000": 1,
                "0100110110": 1,
                "0000010100": 1,
                "1011001010": 1,
                "0011110010": 1,
                "1001011001": 1,
                "0000010110": 1,
                "1100101011": 1,
                "1110100101": 1,
                "1000010110": 1,
                "0110101100": 1,
                "0101110001": 1,
                "0000000110": 1,
                "1011110100": 1,
                "0111000101": 1,
                "1011110001": 1,
                "0000001010": 1,
                "1111100001": 1,
                "0101011100": 1,
                "1001111001": 1,
                "1111000011": 1,
                "1011110111": 1,
                "1111110111": 1,
                "1101101100": 1,
                "0101001100": 1,
                "0100000111": 1,
                "0110111111": 1,
                "1001000100": 1,
                "1011000100": 1,
                "0011101001": 1,
                "0011001110": 1,
                "0001001101": 1,
                "1000111111": 1,
                "0001111100": 1,
                "0001000010": 1,
                "1001001101": 1,
                "1101100101": 1,
                "0001100111": 1,
                "1101100100": 1,
                "0100011010": 1,
                "0110111010": 1,
                "0111010011": 1,
                "1100100110": 1,
                "0101100001": 1,
                "0001100110": 1,
                "0111111110": 1,
                "1000101100": 1,
                "1101000011": 1,
                "0011000011": 1,
                "1010111101": 1,
                "1001101110": 1,
                "0100010110": 1,
                "0010000000": 1,
                "0100000110": 1,
                "1101101010": 1,
                "1101000111": 1,
                "1001100111": 1,
                "1000010101": 1,
                "1111010010": 1,
                "0001000111": 1,
                "1011101001": 1,
                "1110111100": 1,
                "1011001011": 1,
                "1101111001": 1,
                "0111000011": 1,
                "0110001010": 1,
                "1100101111": 1,
                "1101010101": 1
            },
            false,
            1.0
        ],
        [
            [
                [
                    8,
                    -5,
                    10
                ],
                [
                    -4,
                    1,
                    -10
                ],
                [
                    -2,
                    5,
                    6
                ],
                [
                    -10,
                    -2,
                    -9
                ],
                [
                    -3,
                    -1,
                    6
                ],
                [
                    -3,
                    9,
                    -10
                ],
                [
                    6,
                    10,
                    -4
                ],
                [
                    3,
                    6,
                    -4
                ],
                [
                    8,
                    -6,
                    7
                ],
                [
                    7,
                    -5,
                    -1
                ],
                [
                    -10,
                    3,
                    -5
                ],
                [
                    6,
                    7,
                    -10
                ],
                [
                    -4,
                    -3,
                    6
                ],
                [
                    -9,
                    -7,
                    2
                ],
                [
                    -2,
                    -9,
                    7
                ],
                [
                    -9,
                    2,
                    -6
                ],
                [
                    9,
                    3,
                    -4
                ],
                [
                    -1,
                    10,
                    8
                ],
                [
                    -4,
                    8,
                    5
                ],
                [
                    7,
                    9,
                    10
                ],
                [
                    -5,
                    -4,
                    -3
                ],
                [
                    7,
                    -2,
                    -6
                ],
                [
                    -10,
                    -4,
                    9
                ],
                [
                    1,
                    2,
                    -6
                ],
                [
                    8,
                    -9,
                    -4
                ],
                [
                    9,
                    -6,
                    -3
                ],
                [
                    -7,
                    -4,
                    -1
                ],
                [
                    -1,
                    -6,
                    -4
                ],
                [
                    -4,
                    -1,
                    7
                ],
                [
                    -5,
                    -3,
                    -8
                ],
                [
                    -10,
                    -3,
                    -2
                ],
                [
                    6,
                    4,
                    8
                ],
                [
                    1,
                    2,
                    3
                ],
                [
                    6,
                    4,
                    -7
                ],
                [
                    6,
                    3,
                    -8
                ],
                [
                    -6,
                    8,
                    4
                ],
                [
                    8,
                    -5,
                    -1
                ],
                [
                    8,
                    -1,
                    7
                ],
                [
                    10,
                    -4,
                    9
                ],
                [
                    -4,
                    -2,
                    9
                ],
                [
                    1,
                    8,
                    -5
                ],
                [
                    6,
                    -5,
                    -9
                ],
                [
                    2,
                    1,
                    3
                ],
                [
                    -10,
                    -6,
                    -9
                ],
                [
                    -4,
                    -2,
                    3
                ]
            ],
            "{   'fun': 0.96,\n    'jac': None,\n    'nfev': 155,\n    'nit': 4,\n    'njev': 31,\n    'x': array([2.58573083, 0.04774438, 1.62397021, 3.04000818])}",
            {
                "1000001110": 1,
                "0100011001": 1,
                "0011110010": 1,
                "0100010100": 1,
                "0110011101": 1,
                "0010100010": 1,
                "0011100100": 1,
                "1100101010": 1,
                "1100001101": 1,
                "0111010000": 1,
                "0000000101": 1,
                "0111000101": 1,
                "0111000100": 1,
                "1001001010": 1,
                "1111110000": 1,
                "0001010011": 1,
                "1111000011": 1,
                "1001101011": 2,
                "1100010001": 1,
                "0001000001": 1,
                "0000001100": 1,
                "1111000101": 1,
                "1000101001": 1,
                "0101000110": 1,
                "1010101111": 1,
                "1110110101": 1,
                "0000001101": 1,
                "0101101100": 1,
                "0111111000": 1,
                "0011011100": 1,
                "1111011010": 1,
                "1011111111": 1,
                "0101000000": 1,
                "1000011000": 1,
                "1010010011": 1,
                "1111010010": 1,
                "1000010101": 1,
                "0001111000": 1,
                "1110111110": 1,
                "1001010011": 2,
                "0010001001": 1,
                "1110100001": 1,
                "1010000110": 1,
                "0000011110": 1,
                "1101111011": 1,
                "0101010001": 1,
                "0011110110": 1,
                "1001101000": 1,
                "1101110111": 1,
                "0001011111": 1,
                "0011001111": 1,
                "0110101010": 1,
                "1011110000": 1,
                "0001100110": 1,
                "1001011000": 1,
                "0010011001": 1,
                "1111111110": 1,
                "0110100101": 1,
                "0001000110": 1,
                "0101110000": 2,
                "1000001100": 1,
                "1100111000": 1,
                "1110100011": 1,
                "1101110110": 1,
                "1011110111": 1,
                "0011100111": 1,
                "0111101110": 1,
                "0111010001": 1,
                "0010101101": 1,
                "1111010111": 1,
                "1110101110": 1,
                "1000011001": 1,
                "1101011010": 1,
                "0101001010": 1,
                "1001101100": 1,
                "1110101010": 1,
                "1100111101": 2,
                "0000101000": 2,
                "1101011001": 1,
                "1000001101": 1,
                "0111010111": 1,
                "1110101011": 1,
                "0011100001": 1,
                "0001101110": 1,
                "0011000110": 1,
                "0100100011": 1,
                "1101001100": 2,
                "1001101001": 1,
                "1101101000": 1,
                "0011000101": 1,
                "0110000000": 1,
                "1001000011": 1,
                "1010011000": 1,
                "1000000010": 1
            },
            true,
            0.92
        ],
        [
            [
                [
                    5,
                    -8,
                    -4
                ],
                [
                    -1,
                    10,
                    9
                ],
                [
                    -1,
                    -2,
                    -10
                ],
                [
                    -10,
                    -2,
                    8
                ],
                [
                    -8,
                    -10,
                    -3
                ],
                [
                    1,
                    6,
                    5
                ],
                [
                    -6,
                    2,
                    -7
                ],
                [
                    -6,
                    -5,
                    -2
                ],
                [
                    -10,
                    -5,
                    -8
                ],
                [
                    -10,
                    -5,
                    -2
                ],
                [
                    -7,
                    -5,
                    9
                ],
                [
                    -9,
                    -6,
                    2
                ],
                [
                    9,
                    10,
                    -7
                ],
                [
                    10,
                    -9,
                    2
                ],
                [
                    10,
                    -8,
                    4
                ],
                [
                    -2,
                    1,
                    -4
                ],
                [
                    -9,
                    5,
                    4
                ],
                [
                    3,
                    9,
                    -2
                ],
                [
                    -10,
                    1,
                    3
                ],
                [
                    4,
                    -6,
                    -9
                ],
                [
                    9,
                    -1,
                    10
                ],
                [
                    -6,
                    1,
                    3
                ],
                [
                    -1,
                    -9,
                    -5
                ],
                [
                    -3,
                    9,
                    1
                ],
                [
                    -10,
                    -2,
                    -1
                ],
                [
                    -9,
                    3,
                    -1
                ],
                [
                    -7,
                    -1,
                    -2
                ],
                [
                    -4,
                    2,
                    -7
                ],
                [
                    3,
                    5,
                    4
                ],
                [
                    7,
                    -1,
                    10
                ],
                [
                    8,
                    -6,
                    2
                ],
                [
                    -10,
                    1,
                    -8
                ],
                [
                    -10,
                    -6,
                    -8
                ],
                [
                    3,
                    -7,
                    9
                ],
                [
                    3,
                    -9,
                    10
                ],
                [
                    -2,
                    7,
                    -4
                ],
                [
                    6,
                    -4,
                    8
                ],
                [
                    -4,
                    10,
                    8
                ],
                [
                    8,
                    -6,
                    10
                ],
                [
                    -2,
                    1,
                    -10
                ],
                [
                    -6,
                    10,
                    9
                ],
                [
                    -5,
                    2,
                    -6
                ],
                [
                    -8,
                    7,
                    4
                ],
                [
                    -5,
                    -3,
                    6
                ],
                [
                    8,
                    10,
                    1
                ]
            ],
            "{   'fun': 1.0,\n    'jac': None,\n    'nfev': 130,\n    'nit': 2,\n    'njev': 26,\n    'x': array([0.48383555, 1.06155082, 2.31572153, 2.38593535])}",
            {
                "1001100000": 1,
                "1111111110": 1,
                "1000100100": 1,
                "0011111110": 1,
                "0001001001": 1,
                "0111111010": 1,
                "0010100110": 1,
                "0100100001": 1,
                "1101011011": 1,
                "0010111100": 1,
                "1000101010": 1,
                "0000101110": 1,
                "0101110000": 1,
                "1010110111": 1,
                "1101011010": 1,
                "1101010110": 1,
                "1101111010": 1,
                "0011111011": 1,
                "1110000010": 1,
                "0010001011": 1,
                "1000011111": 1,
                "1110100011": 2,
                "1101100001": 1,
                "1001010001": 1,
                "1111010001": 1,
                "0110111010": 2,
                "1111101001": 1,
                "0010110111": 1,
                "1110101101": 1,
                "1001110000": 1,
                "0110100110": 1,
                "0010000001": 1,
                "0111010100": 1,
                "0110011111": 1,
                "0000011011": 1,
                "1011101110": 1,
                "0101001000": 1,
                "1100111110": 1,
                "0110001010": 1,
                "0111111001": 1,
                "0100101000": 1,
                "0111111101": 1,
                "1101110100": 1,
                "1101101000": 1,
                "0011111001": 1,
                "0010101111": 1,
                "1111110010": 1,
                "1011000001": 1,
                "0000000111": 2,
                "0001001110": 1,
                "0010000100": 1,
                "0111010111": 1,
                "0000010010": 1,
                "1010100100": 1,
                "0111101001": 1,
                "0011110100": 1,
                "0111110100": 2,
                "1110110010": 1,
                "0010110010": 1,
                "0110110101": 1,
                "0110101100": 1,
                "0000000110": 1,
                "1100111000": 1,
                "0100111111": 1,
                "0111001111": 2,
                "1111001010": 1,
                "1000010111": 2,
                "1101010000": 1,
                "1110111100": 1,
                "0110111101": 1,
                "0010001010": 1,
                "1100111111": 1,
                "0100011110": 1,
                "1000010010": 1,
                "1100101110": 1,
                "0100100010": 1,
                "1101101100": 1,
                "1001101011": 1,
                "0111010010": 1,
                "1001111000": 1,
                "1100101001": 1,
                "1111110000": 1,
                "1011001111": 1,
                "1111101111": 1,
                "1011111111": 1,
                "1011001010": 3,
                "1010110100": 1,
                "1111101101": 1,
                "0101100001": 1,
                "1101001101": 1,
                "0110111111": 1,
                "0100000001": 1
            },
            false,
            0.95
        ],
        [
            [
                [
                    -4,
                    -8,
                    6
                ],
                [
                    7,
                    10,
                    -4
                ],
                [
                    -9,
                    7,
                    -3
                ],
                [
                    7,
                    -6,
                    -3
                ],
                [
                    7,
                    9,
                    -3
                ],
                [
                    -9,
                    8,
                    1
                ],
                [
                    4,
                    -7,
                    1
                ],
                [
                    9,
                    5,
                    7
                ],
                [
                    5,
                    10,
                    3
                ],
                [
                    9,
                    7,
                    -3
                ],
                [
                    4,
                    -3,
                    -10
                ],
                [
                    6,
                    -9,
                    -4
                ],
                [
                    -2,
                    6,
                    8
                ],
                [
                    -7,
                    6,
                    2
                ],
                [
                    -6,
                    5,
                    -10
                ],
                [
                    -8,
                    -4,
                    1
                ],
                [
                    -9,
                    -10,
                    8
                ],
                [
                    2,
                    -1,
                    4
                ],
                [
                    9,
                    6,
                    2
                ],
                [
                    5,
                    8,
                    -7
                ],
                [
                    10,
                    8,
                    -6
                ],
                [
                    3,
                    -1,
                    -6
                ],
                [
                    -1,
                    -5,
                    4
                ],
                [
                    -3,
                    8,
                    -2
                ],
                [
                    -8,
                    2,
                    -4
                ],
                [
                    -8,
                    9,
                    -5
                ],
                [
                    -1,
                    -9,
                    3
                ],
                [
                    -6,
                    -3,
                    5
                ],
                [
                    7,
                    8,
                    -5
                ],
                [
                    -8,
                    -2,
                    6
                ],
                [
                    -9,
                    2,
                    7
                ],
                [
                    10,
                    8,
                    -2
                ],
                [
                    -9,
                    4,
                    -7
                ],
                [
                    1,
                    5,
                    9
                ],
                [
                    7,
                    -10,
                    -8
                ],
                [
                    -4,
                    3,
                    -2
                ],
                [
                    2,
                    4,
                    -8
                ],
                [
                    8,
                    4,
                    -5
                ],
                [
                    3,
                    2,
                    8
                ],
                [
                    -3,
                    8,
                    -9
                ],
                [
                    -6,
                    -10,
                    3
                ],
                [
                    -10,
                    -8,
                    6
                ],
                [
                    -6,
                    -9,
                    1
                ],
                [
                    -3,
                    -5,
                    -10
                ],
                [
                    -5,
                    7,
                    10
                ]
            ],
            "{   'fun': 0.99,\n    'jac': None,\n    'nfev': 150,\n    'nit': 3,\n    'njev': 30,\n    'x': array([0.52740253, 0.17713412, 0.19211595, 0.02383562])}",
            {
                "0100001000": 1,
                "1100011010": 1,
                "0000110100": 1,
                "0001110101": 1,
                "0110000100": 1,
                "0111000111": 1,
                "1111001110": 1,
                "0111111111": 1,
                "0100101011": 1,
                "0001100101": 1,
                "0011100100": 1,
                "1011001111": 1,
                "0110100010": 1,
                "1000100100": 1,
                "0001000111": 1,
                "1001111001": 1,
                "0011110000": 1,
                "0000010010": 1,
                "1101000100": 1,
                "0011011010": 1,
                "1011110100": 1,
                "1111010010": 1,
                "0101010010": 2,
                "0101010111": 1,
                "1010011110": 1,
                "1011010111": 1,
                "1100100001": 1,
                "1101001000": 1,
                "1000110111": 1,
                "0011000100": 1,
                "1100111100": 1,
                "1000111000": 1,
                "0101110011": 1,
                "0010100010": 1,
                "1000010000": 1,
                "0101111000": 1,
                "1010101011": 1,
                "1110001010": 1,
                "0100101000": 1,
                "1001001010": 1,
                "0110101001": 2,
                "1011110110": 1,
                "1000111001": 1,
                "1011000010": 1,
                "0100100101": 1,
                "0101001000": 1,
                "1101110101": 1,
                "1010101010": 1,
                "0101010001": 1,
                "0010010000": 1,
                "1111110001": 3,
                "1001001000": 1,
                "1101001010": 1,
                "0100101010": 1,
                "0000011101": 1,
                "0001001000": 1,
                "0010111011": 1,
                "0010000000": 1,
                "1001010111": 1,
                "1010010011": 1,
                "1011100000": 1,
                "1000011010": 1,
                "0000101011": 1,
                "0101100000": 1,
                "0110011010": 1,
                "1100100111": 2,
                "1011010011": 1,
                "1100011000": 1,
                "0110110011": 1,
                "1100010101": 1,
                "0111110011": 1,
                "1100010010": 1,
                "0000010110": 1,
                "1010111011": 1,
                "0110110101": 1,
                "0001111110": 1,
                "0001000100": 3,
                "1010000010": 1,
                "1110111100": 1,
                "0101110010": 1,
                "0100111010": 1,
                "1111111010": 1,
                "1011010000": 1,
                "1110001000": 1,
                "0100110010": 1,
                "0001000110": 1,
                "1110001110": 1,
                "0010111000": 1,
                "1111101010": 1,
                "0110010010": 1,
                "0011010110": 2,
                "0111001100": 1
            },
            true,
            0.96
        ]
    ]
}