{
    "n": 10,
    "m": 45,
    "results": [
        [
            [
                [
                    -7,
                    6,
                    2
                ],
                [
                    -7,
                    -1,
                    4
                ],
                [
                    -8,
                    6,
                    9
                ],
                [
                    2,
                    7,
                    -9
                ],
                [
                    -6,
                    10,
                    7
                ],
                [
                    1,
                    -10,
                    -2
                ],
                [
                    -5,
                    -3,
                    -10
                ],
                [
                    4,
                    10,
                    1
                ],
                [
                    10,
                    -4,
                    1
                ],
                [
                    -4,
                    8,
                    -10
                ],
                [
                    5,
                    -8,
                    3
                ],
                [
                    8,
                    -6,
                    7
                ],
                [
                    10,
                    9,
                    2
                ],
                [
                    7,
                    -5,
                    -2
                ],
                [
                    -3,
                    5,
                    9
                ],
                [
                    9,
                    8,
                    4
                ],
                [
                    -4,
                    5,
                    -7
                ],
                [
                    7,
                    6,
                    -3
                ],
                [
                    -4,
                    -9,
                    -3
                ],
                [
                    10,
                    -9,
                    -6
                ],
                [
                    -5,
                    -8,
                    4
                ],
                [
                    -7,
                    4,
                    -5
                ],
                [
                    -6,
                    5,
                    8
                ],
                [
                    -4,
                    -5,
                    3
                ],
                [
                    -4,
                    -1,
                    5
                ],
                [
                    6,
                    -9,
                    -10
                ],
                [
                    9,
                    -7,
                    2
                ],
                [
                    -10,
                    3,
                    7
                ],
                [
                    8,
                    1,
                    7
                ],
                [
                    1,
                    -5,
                    8
                ],
                [
                    -2,
                    -8,
                    7
                ],
                [
                    -10,
                    -6,
                    -5
                ],
                [
                    -10,
                    2,
                    -7
                ],
                [
                    -3,
                    4,
                    -1
                ],
                [
                    10,
                    -1,
                    -7
                ],
                [
                    7,
                    2,
                    -4
                ],
                [
                    -9,
                    -2,
                    -4
                ],
                [
                    -8,
                    -4,
                    1
                ],
                [
                    7,
                    -8,
                    -3
                ],
                [
                    -8,
                    -10,
                    5
                ],
                [
                    -2,
                    5,
                    -4
                ],
                [
                    9,
                    -1,
                    7
                ],
                [
                    -8,
                    -10,
                    -9
                ],
                [
                    8,
                    -6,
                    5
                ],
                [
                    10,
                    -8,
                    -5
                ]
            ],
            "{   'fun': 0.97,\n    'jac': None,\n    'nfev': 200,\n    'nit': 100,\n    'njev': None,\n    'x': array([ 3.42827386, -2.19572138])}",
            {
                "0111101101": 1,
                "1010001100": 1,
                "0000110101": 1,
                "1010011000": 1,
                "1100011111": 1,
                "1001000000": 2,
                "1000110110": 1,
                "0111011001": 1,
                "0001111000": 1,
                "0100100111": 1,
                "0110001010": 1,
                "0000111101": 1,
                "0110101010": 1,
                "1001101000": 1,
                "0111011110": 1,
                "0111100000": 1,
                "0001011010": 1,
                "1101100011": 1,
                "0001000100": 1,
                "0011101000": 1,
                "0010101011": 1,
                "0010001000": 1,
                "1111011010": 1,
                "0010011000": 1,
                "1110101100": 1,
                "1011001000": 1,
                "0100001110": 1,
                "1111100111": 1,
                "0000111000": 1,
                "1011011001": 1,
                "1001010011": 1,
                "1111010000": 1,
                "1000010110": 1,
                "0100000011": 3,
                "0110101011": 2,
                "0110010111": 1,
                "1100001110": 1,
                "1001111011": 1,
                "1100001011": 1,
                "1100010010": 1,
                "1011101000": 1,
                "0000101011": 4,
                "0111100011": 1,
                "0001010011": 1,
                "0111001010": 1,
                "0100111101": 1,
                "1111000101": 1,
                "1110100101": 1,
                "0010111001": 1,
                "0110010101": 1,
                "1101001101": 1,
                "0101101001": 1,
                "1111111001": 1,
                "1100000001": 1,
                "0001110000": 3,
                "1011010110": 1,
                "0010111011": 2,
                "0100010100": 1,
                "1010100000": 1,
                "0011110000": 1,
                "0001101111": 2,
                "0110100100": 1,
                "0001100101": 1,
                "1010000011": 1,
                "0111000010": 1,
                "1000110010": 1,
                "1100110011": 1,
                "0110101110": 1,
                "1011111010": 1,
                "0100100011": 1,
                "1110100111": 1,
                "0110011101": 1,
                "0110001011": 1,
                "1101110010": 1,
                "1010001000": 1,
                "1101011011": 1,
                "1001000010": 1,
                "1111110001": 1,
                "1000100000": 1,
                "0100101101": 1,
                "1111101010": 1,
                "0010001011": 1,
                "1000011111": 1,
                "1011110010": 1,
                "1101010011": 1,
                "0111010011": 1,
                "0100101011": 1,
                "1110011100": 1,
                "0001010010": 1
            },
            true,
            0.93
        ],
        [
            [
                [
                    -4,
                    2,
                    5
                ],
                [
                    -5,
                    1,
                    -2
                ],
                [
                    7,
                    -3,
                    -5
                ],
                [
                    5,
                    8,
                    4
                ],
                [
                    -10,
                    6,
                    -1
                ],
                [
                    -10,
                    8,
                    4
                ],
                [
                    -4,
                    -7,
                    -8
                ],
                [
                    -5,
                    -3,
                    10
                ],
                [
                    -8,
                    9,
                    -4
                ],
                [
                    -10,
                    3,
                    4
                ],
                [
                    -10,
                    -9,
                    3
                ],
                [
                    4,
                    -10,
                    1
                ],
                [
                    -6,
                    2,
                    -9
                ],
                [
                    -10,
                    5,
                    7
                ],
                [
                    2,
                    -6,
                    -5
                ],
                [
                    7,
                    -5,
                    -4
                ],
                [
                    5,
                    -9,
                    4
                ],
                [
                    5,
                    8,
                    3
                ],
                [
                    2,
                    -10,
                    -8
                ],
                [
                    -8,
                    5,
                    4
                ],
                [
                    -5,
                    -7,
                    2
                ],
                [
                    -10,
                    8,
                    6
                ],
                [
                    -3,
                    5,
                    1
                ],
                [
                    2,
                    -6,
                    9
                ],
                [
                    3,
                    -8,
                    -4
                ],
                [
                    -1,
                    7,
                    -10
                ],
                [
                    2,
                    1,
                    -6
                ],
                [
                    -10,
                    -8,
                    6
                ],
                [
                    9,
                    2,
                    -3
                ],
                [
                    -7,
                    -10,
                    -3
                ],
                [
                    1,
                    -10,
                    -9
                ],
                [
                    -1,
                    8,
                    10
                ],
                [
                    1,
                    -8,
                    -3
                ],
                [
                    1,
                    -9,
                    2
                ],
                [
                    10,
                    -7,
                    -3
                ],
                [
                    -5,
                    -2,
                    4
                ],
                [
                    6,
                    -9,
                    1
                ],
                [
                    3,
                    -10,
                    5
                ],
                [
                    8,
                    -5,
                    -6
                ],
                [
                    4,
                    -2,
                    6
                ],
                [
                    7,
                    5,
                    2
                ],
                [
                    -3,
                    -10,
                    9
                ],
                [
                    10,
                    5,
                    -3
                ],
                [
                    2,
                    4,
                    10
                ],
                [
                    7,
                    5,
                    3
                ]
            ],
            "{   'fun': 1.0,\n    'jac': None,\n    'nfev': 200,\n    'nit': 100,\n    'njev': None,\n    'x': array([nan, nan])}",
            {
                "0111001000": 1,
                "1010011001": 1,
                "1011100100": 1,
                "1011110111": 1,
                "1111110111": 1,
                "1100010100": 1,
                "1000111111": 1,
                "1011111010": 1,
                "0000010100": 1,
                "0101001010": 1,
                "1010111011": 1,
                "0111101000": 1,
                "1110000011": 1,
                "1011100010": 1,
                "0100001001": 1,
                "1111011001": 1,
                "1110111000": 1,
                "0011110010": 1,
                "0011001011": 1,
                "0011111011": 1,
                "1010110111": 1,
                "0000101011": 1,
                "0110101111": 1,
                "1000000101": 1,
                "0010111010": 1,
                "0010001100": 1,
                "0001001100": 1,
                "1011011000": 1,
                "0100011001": 1,
                "1100110011": 1,
                "0101110011": 1,
                "1100101000": 1,
                "1110100101": 1,
                "1011111100": 1,
                "1100100111": 1,
                "0100000001": 1,
                "1111011010": 1,
                "0111100100": 1,
                "0101000001": 1,
                "0101111001": 1,
                "1101101110": 1,
                "1110110111": 1,
                "0110010101": 1,
                "0111001001": 1,
                "1101111010": 1,
                "0111111001": 1,
                "0110110011": 1,
                "1111101111": 1,
                "1101011101": 1,
                "1001010110": 1,
                "0001100110": 1,
                "1111111011": 1,
                "1101001110": 1,
                "0101001101": 1,
                "1101111000": 1,
                "0011101000": 1,
                "0111101011": 1,
                "1010110101": 1,
                "0100100000": 1,
                "1100001100": 1,
                "1100011110": 2,
                "1010101110": 1,
                "1111111110": 1,
                "1000000110": 1,
                "0000101000": 1,
                "0110010010": 1,
                "0010010110": 1,
                "1101000111": 1,
                "0000101110": 1,
                "0100100100": 1,
                "1111110001": 1,
                "0011111101": 1,
                "1011110011": 1,
                "1101111011": 1,
                "1000100001": 1,
                "1101010000": 1,
                "1011010001": 1,
                "1001001011": 1,
                "1110001100": 1,
                "0110110000": 1,
                "1001101111": 1,
                "0001110011": 1,
                "0011101100": 1,
                "1001000001": 1,
                "1100111110": 1,
                "0001100111": 2,
                "1010001110": 1,
                "1111100001": 1,
                "0001000011": 1,
                "1001000000": 1,
                "1010010100": 2,
                "1001101110": 1,
                "0011101010": 1,
                "0100101111": 1,
                "1010110001": 1,
                "1000101000": 1,
                "1100101001": 1
            },
            false,
            1.0
        ],
        [
            [
                [
                    -10,
                    5,
                    9
                ],
                [
                    -6,
                    -4,
                    -2
                ],
                [
                    -5,
                    10,
                    9
                ],
                [
                    10,
                    7,
                    3
                ],
                [
                    5,
                    -9,
                    3
                ],
                [
                    -1,
                    -6,
                    5
                ],
                [
                    -1,
                    5,
                    -3
                ],
                [
                    7,
                    -10,
                    -8
                ],
                [
                    8,
                    4,
                    -6
                ],
                [
                    4,
                    -6,
                    -7
                ],
                [
                    5,
                    -10,
                    -3
                ],
                [
                    3,
                    -10,
                    6
                ],
                [
                    -4,
                    -7,
                    -8
                ],
                [
                    -4,
                    9,
                    5
                ],
                [
                    10,
                    9,
                    -3
                ],
                [
                    -6,
                    -3,
                    8
                ],
                [
                    -2,
                    7,
                    -5
                ],
                [
                    -6,
                    -1,
                    8
                ],
                [
                    4,
                    5,
                    1
                ],
                [
                    7,
                    9,
                    -5
                ],
                [
                    -7,
                    8,
                    9
                ],
                [
                    -4,
                    -2,
                    3
                ],
                [
                    10,
                    -5,
                    -8
                ],
                [
                    -7,
                    -8,
                    -1
                ],
                [
                    -8,
                    -6,
                    5
                ],
                [
                    -6,
                    -9,
                    -3
                ],
                [
                    2,
                    -8,
                    -6
                ],
                [
                    -7,
                    1,
                    4
                ],
                [
                    7,
                    -8,
                    10
                ],
                [
                    6,
                    -8,
                    5
                ],
                [
                    6,
                    -4,
                    10
                ],
                [
                    -10,
                    -4,
                    1
                ],
                [
                    -4,
                    -9,
                    -1
                ],
                [
                    2,
                    4,
                    -9
                ],
                [
                    -1,
                    9,
                    7
                ],
                [
                    -9,
                    -7,
                    8
                ],
                [
                    10,
                    2,
                    6
                ],
                [
                    9,
                    -8,
                    6
                ],
                [
                    -1,
                    -8,
                    -7
                ],
                [
                    -5,
                    2,
                    10
                ],
                [
                    -10,
                    -1,
                    6
                ],
                [
                    -8,
                    -6,
                    -2
                ],
                [
                    3,
                    -4,
                    -8
                ],
                [
                    6,
                    -10,
                    7
                ],
                [
                    -7,
                    -5,
                    8
                ]
            ],
            "{   'fun': 1.0,\n    'jac': None,\n    'nfev': 200,\n    'nit': 100,\n    'njev': None,\n    'x': array([nan, nan])}",
            {
                "1111110010": 1,
                "0001001111": 1,
                "0101001001": 1,
                "1101001001": 1,
                "0110100001": 1,
                "1000010011": 1,
                "1001111101": 1,
                "0100010110": 1,
                "0000111011": 1,
                "0011111001": 1,
                "0111011111": 1,
                "1000111011": 1,
                "0001110011": 1,
                "0000001110": 1,
                "1011110001": 1,
                "1110001011": 1,
                "1110101011": 1,
                "1001000111": 1,
                "1010100010": 1,
                "1100010111": 1,
                "0000001000": 1,
                "0000001100": 1,
                "1100011110": 1,
                "1010101110": 1,
                "1100011000": 2,
                "1111000100": 1,
                "0111111010": 2,
                "0010001101": 1,
                "1100001010": 1,
                "0100000000": 1,
                "0111100000": 1,
                "0011110011": 1,
                "0100000011": 1,
                "0100111110": 1,
                "1110111010": 1,
                "1101111001": 1,
                "0101101010": 1,
                "1001001101": 1,
                "1001111110": 1,
                "0101010100": 1,
                "0100110101": 1,
                "0111111111": 1,
                "0110000000": 1,
                "0010111100": 1,
                "1000100010": 1,
                "1011101100": 1,
                "1010111100": 1,
                "0000010100": 1,
                "1001100011": 2,
                "0001011110": 1,
                "0110111010": 1,
                "0100011001": 1,
                "0101010101": 1,
                "1101000100": 1,
                "0011010111": 2,
                "1100011011": 1,
                "1001000001": 1,
                "1011110100": 1,
                "1010101100": 1,
                "0101111101": 2,
                "1010000100": 1,
                "0110101111": 1,
                "0101001110": 1,
                "1000001001": 1,
                "0100110000": 1,
                "1111100110": 1,
                "0001100101": 1,
                "0011101001": 1,
                "0010001001": 1,
                "0100101111": 1,
                "1100110101": 1,
                "1111111011": 1,
                "1101010101": 1,
                "0000001111": 1,
                "0001001110": 1,
                "1000010010": 1,
                "0010111010": 1,
                "0111111101": 1,
                "0001101011": 1,
                "1011011101": 1,
                "1011111000": 1,
                "1111011100": 1,
                "1110100101": 1,
                "0100111011": 1,
                "0000101101": 1,
                "1010011001": 1,
                "1110001001": 1,
                "0001011010": 1,
                "0011011010": 1,
                "1011100000": 1,
                "1101110011": 1,
                "1010010011": 1,
                "0011111100": 2,
                "1000100111": 1
            },
            false,
            1.0
        ],
        [
            [
                [
                    -1,
                    9,
                    6
                ],
                [
                    6,
                    5,
                    -8
                ],
                [
                    9,
                    -5,
                    1
                ],
                [
                    -2,
                    -7,
                    -1
                ],
                [
                    -9,
                    -6,
                    -4
                ],
                [
                    -1,
                    -8,
                    9
                ],
                [
                    -3,
                    -2,
                    -6
                ],
                [
                    4,
                    6,
                    -1
                ],
                [
                    3,
                    1,
                    4
                ],
                [
                    7,
                    -5,
                    2
                ],
                [
                    -7,
                    -6,
                    4
                ],
                [
                    -7,
                    -9,
                    -8
                ],
                [
                    4,
                    2,
                    7
                ],
                [
                    9,
                    -7,
                    -10
                ],
                [
                    9,
                    -2,
                    6
                ],
                [
                    1,
                    -2,
                    5
                ],
                [
                    1,
                    4,
                    -9
                ],
                [
                    7,
                    -10,
                    -5
                ],
                [
                    -3,
                    -2,
                    8
                ],
                [
                    8,
                    -4,
                    2
                ],
                [
                    8,
                    -1,
                    -5
                ],
                [
                    4,
                    -10,
                    -1
                ],
                [
                    -8,
                    5,
                    -7
                ],
                [
                    -1,
                    -8,
                    -3
                ],
                [
                    4,
                    9,
                    7
                ],
                [
                    -10,
                    3,
                    -1
                ],
                [
                    -2,
                    -3,
                    6
                ],
                [
                    4,
                    2,
                    9
                ],
                [
                    8,
                    6,
                    -5
                ],
                [
                    -3,
                    -2,
                    -7
                ],
                [
                    1,
                    -6,
                    -9
                ],
                [
                    -7,
                    8,
                    9
                ],
                [
                    -8,
                    10,
                    -5
                ],
                [
                    -1,
                    -6,
                    4
                ],
                [
                    6,
                    -2,
                    5
                ],
                [
                    10,
                    3,
                    -5
                ],
                [
                    -9,
                    3,
                    -4
                ],
                [
                    -3,
                    5,
                    -6
                ],
                [
                    3,
                    5,
                    7
                ],
                [
                    -8,
                    5,
                    7
                ],
                [
                    -10,
                    2,
                    -4
                ],
                [
                    -2,
                    -4,
                    10
                ],
                [
                    -4,
                    -1,
                    -5
                ],
                [
                    2,
                    7,
                    -1
                ],
                [
                    -1,
                    -5,
                    10
                ]
            ],
            "{   'fun': 1.0,\n    'jac': None,\n    'nfev': 200,\n    'nit': 100,\n    'njev': None,\n    'x': array([nan, nan])}",
            {
                "0001001101": 1,
                "1011100011": 1,
                "0101101100": 1,
                "0110101010": 1,
                "0010001000": 1,
                "1111111110": 1,
                "1100001101": 1,
                "0100100111": 1,
                "0111111010": 1,
                "1101110000": 1,
                "1010111110": 1,
                "0110010110": 1,
                "1100001000": 1,
                "1001000101": 1,
                "0100001001": 1,
                "0111001100": 2,
                "0100001110": 1,
                "0011111111": 1,
                "0101111000": 1,
                "1001010010": 1,
                "0011010000": 1,
                "0000001001": 1,
                "0101110001": 1,
                "1101011111": 1,
                "1001001110": 2,
                "1000011110": 1,
                "1001011110": 1,
                "1000001010": 1,
                "1011010011": 1,
                "0010000011": 1,
                "0010100100": 1,
                "1010100011": 2,
                "0000111001": 1,
                "0100111111": 1,
                "0001000111": 1,
                "1011001111": 1,
                "1010001011": 1,
                "1010100101": 1,
                "1110000110": 2,
                "0101011111": 1,
                "1010100110": 1,
                "0001011110": 1,
                "1100101000": 1,
                "0111100011": 1,
                "1011010010": 1,
                "0010011111": 1,
                "1001110000": 1,
                "1000011000": 1,
                "1100110101": 1,
                "0001010011": 1,
                "0001010110": 1,
                "0100010101": 1,
                "1010111001": 1,
                "1111011100": 1,
                "1110011001": 1,
                "1101100000": 1,
                "0001111001": 2,
                "1010110110": 1,
                "1100000100": 1,
                "0111010010": 1,
                "0100110110": 1,
                "1001000000": 2,
                "0101001000": 2,
                "1101110101": 1,
                "0010010000": 1,
                "0011000010": 1,
                "1000100000": 1,
                "0000000001": 1,
                "0101011101": 1,
                "1000111011": 1,
                "0111001101": 2,
                "1010110011": 1,
                "0010011110": 1,
                "0010000101": 1,
                "0011101111": 1,
                "0111101010": 1,
                "0000011000": 1,
                "0000001011": 1,
                "1111000001": 1,
                "0001001010": 1,
                "0010000010": 1,
                "0010100001": 1,
                "0110001111": 1,
                "1001100111": 1,
                "0010010011": 1,
                "1010110101": 1,
                "1000000100": 1,
                "1010001101": 1,
                "0110110010": 1,
                "1010111011": 1,
                "0101101001": 1,
                "1000101101": 1
            },
            false,
            1.0
        ],
        [
            [
                [
                    -7,
                    1,
                    3
                ],
                [
                    -4,
                    8,
                    -9
                ],
                [
                    7,
                    -10,
                    -1
                ],
                [
                    6,
                    -10,
                    -7
                ],
                [
                    -4,
                    2,
                    1
                ],
                [
                    10,
                    3,
                    8
                ],
                [
                    1,
                    -9,
                    8
                ],
                [
                    -1,
                    -2,
                    3
                ],
                [
                    5,
                    7,
                    10
                ],
                [
                    -8,
                    1,
                    3
                ],
                [
                    8,
                    10,
                    2
                ],
                [
                    -2,
                    -4,
                    -6
                ],
                [
                    2,
                    -8,
                    -10
                ],
                [
                    6,
                    -4,
                    -7
                ],
                [
                    -4,
                    -6,
                    5
                ],
                [
                    3,
                    -1,
                    -4
                ],
                [
                    -3,
                    2,
                    -7
                ],
                [
                    -6,
                    3,
                    5
                ],
                [
                    2,
                    -7,
                    -6
                ],
                [
                    5,
                    -2,
                    -4
                ],
                [
                    5,
                    -2,
                    -9
                ],
                [
                    -3,
                    6,
                    -7
                ],
                [
                    1,
                    -9,
                    -8
                ],
                [
                    3,
                    5,
                    -7
                ],
                [
                    -9,
                    10,
                    3
                ],
                [
                    -7,
                    -8,
                    -3
                ],
                [
                    6,
                    9,
                    -3
                ],
                [
                    1,
                    -9,
                    5
                ],
                [
                    5,
                    4,
                    3
                ],
                [
                    -8,
                    5,
                    -10
                ],
                [
                    4,
                    -5,
                    -2
                ],
                [
                    -7,
                    -3,
                    6
                ],
                [
                    -4,
                    8,
                    2
                ],
                [
                    1,
                    8,
                    7
                ],
                [
                    4,
                    -7,
                    2
                ],
                [
                    6,
                    -4,
                    -1
                ],
                [
                    10,
                    -1,
                    -6
                ],
                [
                    -8,
                    5,
                    4
                ],
                [
                    6,
                    8,
                    5
                ],
                [
                    -10,
                    -7,
                    6
                ],
                [
                    10,
                    -7,
                    -9
                ],
                [
                    -6,
                    -2,
                    -7
                ],
                [
                    -5,
                    -8,
                    1
                ],
                [
                    9,
                    8,
                    -5
                ],
                [
                    -3,
                    8,
                    -10
                ]
            ],
            "{   'fun': 0.96,\n    'jac': None,\n    'nfev': 200,\n    'nit': 100,\n    'njev': None,\n    'x': array([3.88271161, 2.35483012])}",
            {
                "1110001001": 1,
                "0101101001": 1,
                "1011001110": 1,
                "1011101111": 1,
                "0001000101": 1,
                "0000111010": 1,
                "0001011111": 1,
                "0010010001": 3,
                "0100111001": 1,
                "1000110011": 1,
                "1110001000": 1,
                "1100101111": 1,
                "1000110000": 1,
                "0111111001": 1,
                "0011011010": 1,
                "1111110001": 1,
                "1010100001": 1,
                "1010011100": 1,
                "0001010011": 1,
                "0110010000": 1,
                "1001001101": 1,
                "1001010010": 2,
                "1011000001": 1,
                "1000101101": 1,
                "1101010110": 1,
                "0100010001": 1,
                "0111011011": 1,
                "1000001010": 1,
                "1100011010": 1,
                "0100110101": 1,
                "1000100111": 1,
                "0110011010": 1,
                "1001110011": 1,
                "1000010101": 1,
                "0100000100": 1,
                "1010111101": 2,
                "0000101011": 1,
                "0011110111": 1,
                "1010100111": 1,
                "1110000111": 2,
                "1001000111": 1,
                "1101110101": 1,
                "0110010101": 5,
                "1110010110": 1,
                "0111111011": 1,
                "0100000101": 1,
                "0000001100": 1,
                "0001010111": 1,
                "1011110101": 1,
                "0000011110": 1,
                "0100110100": 1,
                "1000111111": 1,
                "0001001101": 1,
                "1101000100": 1,
                "0000011011": 1,
                "1000110111": 1,
                "0011111001": 1,
                "1011011001": 1,
                "1110011101": 1,
                "1110101100": 1,
                "1011111100": 1,
                "0101101010": 1,
                "0001001011": 1,
                "1101100100": 1,
                "0011100011": 1,
                "1111000010": 1,
                "0101011101": 1,
                "1101010010": 1,
                "0000011101": 1,
                "0100111111": 1,
                "0010111000": 1,
                "0101000100": 1,
                "0110001101": 1,
                "1110101000": 1,
                "0110000010": 1,
                "0011110011": 1,
                "1010101111": 1,
                "1010011010": 1,
                "1010010111": 1,
                "0101111011": 1,
                "0010001000": 1,
                "0011011100": 1,
                "1100001001": 1,
                "0010110011": 1,
                "1001111010": 1,
                "0110010010": 1,
                "1101011111": 1,
                "0000010001": 1,
                "1100101100": 1,
                "1011001011": 1,
                "1110011110": 1
            },
            true,
            0.89
        ]
    ]
}