{
    "n": 10,
    "m": 45,
    "results": [
        [
            [
                [
                    -7,
                    6,
                    9
                ],
                [
                    -3,
                    -1,
                    7
                ],
                [
                    -10,
                    -7,
                    -3
                ],
                [
                    2,
                    4,
                    -1
                ],
                [
                    1,
                    10,
                    3
                ],
                [
                    -4,
                    2,
                    7
                ],
                [
                    -1,
                    10,
                    7
                ],
                [
                    6,
                    10,
                    9
                ],
                [
                    2,
                    5,
                    3
                ],
                [
                    6,
                    -7,
                    3
                ],
                [
                    6,
                    -7,
                    8
                ],
                [
                    10,
                    -6,
                    -2
                ],
                [
                    8,
                    7,
                    6
                ],
                [
                    2,
                    -8,
                    4
                ],
                [
                    -9,
                    -10,
                    -8
                ],
                [
                    9,
                    -8,
                    6
                ],
                [
                    -7,
                    -2,
                    5
                ],
                [
                    10,
                    -5,
                    8
                ],
                [
                    -7,
                    -6,
                    2
                ],
                [
                    -2,
                    4,
                    3
                ],
                [
                    3,
                    -1,
                    4
                ],
                [
                    5,
                    8,
                    -2
                ],
                [
                    7,
                    -3,
                    -8
                ],
                [
                    3,
                    -7,
                    1
                ],
                [
                    3,
                    2,
                    7
                ],
                [
                    5,
                    2,
                    -10
                ],
                [
                    9,
                    -4,
                    -3
                ],
                [
                    4,
                    -7,
                    -5
                ],
                [
                    2,
                    -9,
                    -1
                ],
                [
                    4,
                    10,
                    -9
                ],
                [
                    3,
                    -10,
                    -5
                ],
                [
                    -4,
                    2,
                    -10
                ],
                [
                    -10,
                    -3,
                    -7
                ],
                [
                    -1,
                    7,
                    8
                ],
                [
                    -5,
                    -7,
                    -3
                ],
                [
                    -6,
                    4,
                    3
                ],
                [
                    10,
                    1,
                    -5
                ],
                [
                    5,
                    9,
                    4
                ],
                [
                    1,
                    9,
                    -10
                ],
                [
                    -2,
                    -7,
                    10
                ],
                [
                    -10,
                    -8,
                    -6
                ],
                [
                    6,
                    -9,
                    7
                ],
                [
                    -2,
                    6,
                    8
                ],
                [
                    -3,
                    -4,
                    -9
                ],
                [
                    4,
                    -6,
                    -9
                ]
            ],
            "{   'fun': 1.0,\n    'jac': None,\n    'nfev': 200,\n    'nit': 100,\n    'njev': None,\n    'x': array([nan, nan])}",
            {
                "0111111001": 1,
                "0011001011": 1,
                "0000010010": 1,
                "0001010101": 1,
                "1111111000": 1,
                "1011101110": 1,
                "1010110001": 1,
                "1100010011": 1,
                "0110010111": 1,
                "0110111100": 1,
                "0011011101": 1,
                "0101000010": 1,
                "1110001111": 1,
                "1111010001": 1,
                "0011100101": 1,
                "0100010111": 1,
                "0100000111": 1,
                "1010110111": 1,
                "1111100101": 1,
                "1111111010": 1,
                "1010111101": 1,
                "0111110100": 1,
                "0100011001": 1,
                "0010011000": 1,
                "1000011001": 1,
                "0100100110": 1,
                "1100101011": 1,
                "1110101011": 2,
                "0010101001": 1,
                "1000000100": 1,
                "1010100000": 1,
                "0000010000": 1,
                "1000001010": 1,
                "1011110111": 1,
                "0110101100": 1,
                "0000000000": 1,
                "1011110010": 1,
                "0100001010": 1,
                "1101010001": 1,
                "0110111101": 1,
                "1110010000": 1,
                "1011111001": 1,
                "1110101111": 1,
                "0001111111": 1,
                "0011111101": 1,
                "1010011111": 1,
                "1010001111": 1,
                "0011001101": 1,
                "0101001111": 1,
                "1000010000": 1,
                "0000001101": 1,
                "1000011110": 1,
                "0110100110": 1,
                "0001000111": 1,
                "0000111110": 1,
                "1111100010": 1,
                "0101111101": 1,
                "1010001000": 1,
                "0111110010": 1,
                "1011110000": 1,
                "0010100000": 1,
                "1001100000": 1,
                "1101110011": 1,
                "1011100000": 1,
                "1100000010": 1,
                "0001110111": 1,
                "0100001000": 1,
                "0000011000": 1,
                "1111010111": 1,
                "1110101110": 1,
                "0101001000": 1,
                "0111110000": 1,
                "0111110111": 1,
                "0101100000": 1,
                "1001010011": 1,
                "0011101010": 1,
                "0000000010": 1,
                "0000110101": 1,
                "0110100001": 1,
                "0011011111": 1,
                "0100111110": 1,
                "0101010101": 1,
                "1010111110": 1,
                "0101010000": 1,
                "1000110101": 1,
                "1100110100": 1,
                "0110010110": 1,
                "0011001110": 1,
                "0110011110": 1,
                "1000110110": 1,
                "1010110000": 1,
                "1100110111": 1,
                "0011010010": 1,
                "1001111111": 1,
                "1000001011": 1,
                "1010111001": 1,
                "1011101100": 1,
                "0110101001": 1,
                "1101010000": 1
            },
            false,
            1.0
        ],
        [
            [
                [
                    4,
                    7,
                    10
                ],
                [
                    9,
                    6,
                    10
                ],
                [
                    3,
                    1,
                    -8
                ],
                [
                    4,
                    -5,
                    -1
                ],
                [
                    1,
                    7,
                    -5
                ],
                [
                    10,
                    -1,
                    -9
                ],
                [
                    -7,
                    5,
                    -2
                ],
                [
                    5,
                    7,
                    4
                ],
                [
                    -7,
                    -6,
                    -4
                ],
                [
                    4,
                    6,
                    -1
                ],
                [
                    5,
                    2,
                    -8
                ],
                [
                    4,
                    -7,
                    10
                ],
                [
                    10,
                    4,
                    3
                ],
                [
                    3,
                    -1,
                    9
                ],
                [
                    -2,
                    9,
                    6
                ],
                [
                    -6,
                    -5,
                    8
                ],
                [
                    4,
                    -5,
                    -6
                ],
                [
                    -4,
                    10,
                    7
                ],
                [
                    -2,
                    7,
                    1
                ],
                [
                    6,
                    -10,
                    -9
                ],
                [
                    -10,
                    -5,
                    -2
                ],
                [
                    -10,
                    5,
                    3
                ],
                [
                    -9,
                    1,
                    -2
                ],
                [
                    1,
                    9,
                    -6
                ],
                [
                    -2,
                    8,
                    3
                ],
                [
                    3,
                    2,
                    10
                ],
                [
                    -8,
                    4,
                    1
                ],
                [
                    8,
                    6,
                    -10
                ],
                [
                    1,
                    -10,
                    -6
                ],
                [
                    7,
                    5,
                    1
                ],
                [
                    -9,
                    10,
                    3
                ],
                [
                    5,
                    8,
                    -4
                ],
                [
                    -1,
                    10,
                    -9
                ],
                [
                    1,
                    -2,
                    7
                ],
                [
                    8,
                    9,
                    6
                ],
                [
                    2,
                    5,
                    10
                ],
                [
                    -1,
                    -5,
                    -9
                ],
                [
                    -2,
                    5,
                    -9
                ],
                [
                    3,
                    -2,
                    -10
                ],
                [
                    -10,
                    9,
                    4
                ],
                [
                    6,
                    -9,
                    -1
                ],
                [
                    -10,
                    -5,
                    -4
                ],
                [
                    6,
                    9,
                    7
                ],
                [
                    -7,
                    5,
                    -3
                ],
                [
                    10,
                    -9,
                    -2
                ]
            ],
            "{   'fun': 0.95,\n    'jac': None,\n    'nfev': 200,\n    'nit': 100,\n    'njev': None,\n    'x': array([2.7121819 , 2.28105804])}",
            {
                "0000110110": 1,
                "0011110101": 1,
                "0001100010": 1,
                "0111111100": 1,
                "0011001111": 1,
                "1111111010": 1,
                "1011110010": 1,
                "0111111111": 1,
                "1100011101": 2,
                "1011010100": 1,
                "1001111111": 1,
                "0011101110": 1,
                "0111011011": 1,
                "0011111000": 1,
                "0100111111": 1,
                "0111110010": 1,
                "1010111011": 1,
                "1101011100": 1,
                "1100101101": 1,
                "1011011011": 1,
                "1010001110": 1,
                "1100010001": 1,
                "1010100110": 1,
                "1100100100": 1,
                "1110100101": 1,
                "1010111001": 1,
                "0100101110": 1,
                "1011111011": 1,
                "0010010011": 1,
                "1001000111": 1,
                "1101001100": 1,
                "0100111101": 1,
                "0010011011": 1,
                "1101001000": 1,
                "1111101101": 1,
                "1101001111": 1,
                "1010001100": 1,
                "1011110100": 1,
                "0110011010": 1,
                "1110111100": 2,
                "0111110110": 1,
                "0010001011": 1,
                "1100101110": 2,
                "1001111110": 1,
                "0001110101": 2,
                "0001111010": 2,
                "0110110100": 2,
                "0111110011": 1,
                "0101011110": 1,
                "0001010110": 1,
                "1100111100": 1,
                "0000000010": 1,
                "1001011101": 1,
                "0000001100": 1,
                "0111011110": 1,
                "0100010110": 1,
                "1110110110": 1,
                "0100011110": 1,
                "1100011100": 1,
                "0011010100": 2,
                "0101011100": 3,
                "1110111011": 1,
                "1110100110": 1,
                "0110110111": 1,
                "1000010000": 1,
                "1101100010": 1,
                "1111110110": 1,
                "1010010110": 1,
                "0000010010": 1,
                "1100110110": 1,
                "1011101000": 1,
                "1111000100": 1,
                "1010101111": 2,
                "0111101000": 1,
                "0001101101": 1,
                "1000010100": 2,
                "0101100110": 1,
                "0001011111": 1,
                "1111101001": 1,
                "0001000010": 1,
                "0111000001": 1,
                "1110101100": 1,
                "0111010111": 1,
                "1110101011": 1,
                "1111110001": 1,
                "1011101101": 1,
                "1111001101": 1,
                "0111001110": 1,
                "1000111001": 1
            },
            true,
            0.84
        ],
        [
            [
                [
                    7,
                    -4,
                    -8
                ],
                [
                    7,
                    2,
                    6
                ],
                [
                    5,
                    -4,
                    3
                ],
                [
                    -4,
                    -5,
                    10
                ],
                [
                    -7,
                    -6,
                    3
                ],
                [
                    -10,
                    -1,
                    9
                ],
                [
                    6,
                    -9,
                    -3
                ],
                [
                    -3,
                    5,
                    -4
                ],
                [
                    -9,
                    -3,
                    -2
                ],
                [
                    -7,
                    2,
                    9
                ],
                [
                    -3,
                    -1,
                    6
                ],
                [
                    -4,
                    -7,
                    10
                ],
                [
                    2,
                    -1,
                    -3
                ],
                [
                    9,
                    5,
                    -8
                ],
                [
                    7,
                    8,
                    -4
                ],
                [
                    7,
                    -8,
                    -2
                ],
                [
                    -10,
                    -9,
                    5
                ],
                [
                    2,
                    3,
                    6
                ],
                [
                    5,
                    10,
                    9
                ],
                [
                    -2,
                    6,
                    4
                ],
                [
                    10,
                    3,
                    -6
                ],
                [
                    -9,
                    6,
                    7
                ],
                [
                    -5,
                    -1,
                    9
                ],
                [
                    -7,
                    -1,
                    9
                ],
                [
                    -9,
                    4,
                    -8
                ],
                [
                    -4,
                    6,
                    9
                ],
                [
                    3,
                    1,
                    2
                ],
                [
                    -1,
                    2,
                    -5
                ],
                [
                    1,
                    -8,
                    -5
                ],
                [
                    4,
                    -6,
                    -9
                ],
                [
                    -2,
                    -7,
                    -5
                ],
                [
                    -6,
                    -8,
                    2
                ],
                [
                    1,
                    -2,
                    6
                ],
                [
                    -1,
                    8,
                    -5
                ],
                [
                    5,
                    7,
                    -3
                ],
                [
                    -8,
                    5,
                    3
                ],
                [
                    -3,
                    6,
                    -9
                ],
                [
                    -10,
                    -2,
                    4
                ],
                [
                    -4,
                    -8,
                    1
                ],
                [
                    5,
                    4,
                    -2
                ],
                [
                    -3,
                    9,
                    8
                ],
                [
                    7,
                    -4,
                    -10
                ],
                [
                    -10,
                    -5,
                    7
                ],
                [
                    8,
                    5,
                    -7
                ],
                [
                    6,
                    -1,
                    3
                ]
            ],
            "{   'fun': 1.0,\n    'jac': None,\n    'nfev': 200,\n    'nit': 100,\n    'njev': None,\n    'x': array([6.16070439, 9.92387718])}",
            {
                "1010011010": 1,
                "0000101110": 1,
                "0111101110": 1,
                "1111111110": 1,
                "0000001110": 1,
                "1011100110": 1,
                "0101001100": 1,
                "0111100110": 1,
                "0010011110": 1,
                "1100111000": 1,
                "0110101110": 1,
                "0101010101": 1,
                "1110010100": 2,
                "0100110100": 1,
                "1110001010": 1,
                "1010111100": 1,
                "0011110100": 1,
                "1011001100": 1,
                "1010011011": 1,
                "0100101001": 1,
                "0001000110": 1,
                "0001111011": 1,
                "1001000011": 1,
                "0100011010": 1,
                "0001000011": 1,
                "0000000101": 1,
                "0110010110": 1,
                "1011000010": 1,
                "0100110110": 1,
                "0101101000": 1,
                "0100011101": 1,
                "1011101101": 2,
                "0101111100": 1,
                "1100111110": 1,
                "1111101011": 1,
                "0101000000": 2,
                "1011101100": 1,
                "1111001100": 1,
                "1100001111": 1,
                "0110010111": 1,
                "1001100011": 1,
                "1111011101": 1,
                "1011000000": 1,
                "1101111100": 4,
                "0000111011": 2,
                "0000001011": 1,
                "1111101100": 1,
                "1000001101": 1,
                "0100111010": 1,
                "1100010011": 1,
                "0001111111": 2,
                "1111011010": 1,
                "1100100010": 1,
                "1110000000": 1,
                "0100011100": 1,
                "1010001111": 1,
                "1100100011": 1,
                "0011000100": 1,
                "0011001000": 1,
                "0110001101": 1,
                "1101001010": 1,
                "0010101011": 1,
                "1010000001": 1,
                "1010110101": 1,
                "1111111001": 1,
                "0111000011": 1,
                "0101111111": 1,
                "1001100010": 1,
                "1110110100": 1,
                "0001010101": 1,
                "0110101001": 1,
                "1000010111": 2,
                "1110110110": 1,
                "1111011110": 1,
                "1001010011": 1,
                "0110101000": 1,
                "1101000010": 1,
                "0011001101": 1,
                "1100011001": 1,
                "1110110101": 1,
                "0010100001": 1,
                "0010010100": 1,
                "1110011000": 1,
                "0111011010": 1,
                "0111001101": 1,
                "0101000011": 1,
                "0011100111": 1,
                "0001101011": 1,
                "1011111000": 1,
                "0001010110": 1,
                "1001111001": 1
            },
            false,
            0.96
        ],
        [
            [
                [
                    -9,
                    3,
                    2
                ],
                [
                    -5,
                    -3,
                    7
                ],
                [
                    -9,
                    5,
                    8
                ],
                [
                    -2,
                    6,
                    -4
                ],
                [
                    -8,
                    5,
                    -2
                ],
                [
                    6,
                    -3,
                    2
                ],
                [
                    -1,
                    6,
                    5
                ],
                [
                    3,
                    -1,
                    7
                ],
                [
                    -8,
                    -3,
                    10
                ],
                [
                    4,
                    -10,
                    6
                ],
                [
                    -10,
                    -7,
                    -2
                ],
                [
                    -2,
                    8,
                    -4
                ],
                [
                    3,
                    -2,
                    10
                ],
                [
                    -1,
                    -3,
                    -6
                ],
                [
                    -2,
                    -6,
                    -8
                ],
                [
                    4,
                    8,
                    -10
                ],
                [
                    -10,
                    -4,
                    -9
                ],
                [
                    -6,
                    -8,
                    4
                ],
                [
                    -5,
                    -3,
                    2
                ],
                [
                    2,
                    9,
                    -3
                ],
                [
                    -2,
                    -5,
                    -10
                ],
                [
                    -9,
                    8,
                    -5
                ],
                [
                    9,
                    -8,
                    -7
                ],
                [
                    -10,
                    -1,
                    -3
                ],
                [
                    -9,
                    6,
                    -8
                ],
                [
                    -1,
                    8,
                    -3
                ],
                [
                    -3,
                    -4,
                    -2
                ],
                [
                    8,
                    -3,
                    -5
                ],
                [
                    1,
                    3,
                    -5
                ],
                [
                    -1,
                    -8,
                    6
                ],
                [
                    6,
                    7,
                    2
                ],
                [
                    -1,
                    10,
                    9
                ],
                [
                    10,
                    -7,
                    -2
                ],
                [
                    -8,
                    -3,
                    4
                ],
                [
                    -9,
                    -3,
                    -8
                ],
                [
                    -10,
                    2,
                    -3
                ],
                [
                    4,
                    3,
                    1
                ],
                [
                    -6,
                    -4,
                    2
                ],
                [
                    -10,
                    8,
                    -5
                ],
                [
                    2,
                    -8,
                    -5
                ],
                [
                    8,
                    1,
                    3
                ],
                [
                    -1,
                    -8,
                    3
                ],
                [
                    4,
                    10,
                    1
                ],
                [
                    7,
                    4,
                    10
                ],
                [
                    7,
                    -8,
                    -9
                ]
            ],
            "{   'fun': 1.0,\n    'jac': None,\n    'nfev': 200,\n    'nit': 100,\n    'njev': None,\n    'x': array([nan, nan])}",
            {
                "1011110000": 1,
                "0010010011": 1,
                "0111111110": 1,
                "1111110001": 1,
                "0001010100": 1,
                "1111000001": 1,
                "1110000011": 1,
                "0111110110": 1,
                "1101000001": 1,
                "0000100001": 1,
                "1111110000": 1,
                "1111000110": 1,
                "0010110001": 1,
                "1000111011": 1,
                "0010010100": 1,
                "1000111111": 1,
                "0001111001": 1,
                "0101011100": 1,
                "0001101111": 1,
                "1110101000": 1,
                "0001111111": 1,
                "0100011010": 1,
                "0100001001": 1,
                "0010000011": 1,
                "0010001010": 1,
                "0000111100": 1,
                "0001100101": 1,
                "0110110010": 1,
                "0000101110": 1,
                "0110001100": 1,
                "0100110101": 1,
                "0011010101": 1,
                "0111111001": 1,
                "0011111011": 1,
                "1001101101": 1,
                "0001111000": 1,
                "1100111001": 1,
                "0011011001": 1,
                "1101011111": 1,
                "0100111011": 1,
                "1010000101": 1,
                "1011011000": 1,
                "0101000110": 2,
                "1110000100": 1,
                "1011010000": 2,
                "0100100010": 1,
                "0000001000": 1,
                "0000111101": 1,
                "0111011001": 1,
                "0101111110": 1,
                "0000000011": 1,
                "0110010010": 1,
                "0011000110": 1,
                "0000010100": 2,
                "1010011111": 1,
                "0100111101": 1,
                "0010000001": 1,
                "1111000101": 1,
                "0000000111": 1,
                "1101101011": 1,
                "1001101110": 1,
                "1011001010": 1,
                "1101000101": 1,
                "1001111101": 2,
                "1001000101": 1,
                "0111111010": 1,
                "0111010100": 1,
                "0001101011": 1,
                "0110100101": 1,
                "0010011001": 1,
                "1111110011": 1,
                "1100101110": 1,
                "1000110001": 1,
                "0110000101": 1,
                "0010000000": 1,
                "1100001100": 1,
                "1001101001": 1,
                "0100001110": 1,
                "0101100010": 1,
                "0000110100": 1,
                "0110010101": 1,
                "0111110000": 1,
                "0101001101": 1,
                "0100011000": 1,
                "0110110001": 1,
                "1101100011": 1,
                "0000001110": 1,
                "1001101111": 1,
                "1111001010": 1,
                "1110111010": 1,
                "0100101001": 1,
                "1001110100": 1,
                "0011000111": 1,
                "1111101110": 1,
                "1101001010": 1,
                "1001111110": 1
            },
            false,
            1.0
        ],
        [
            [
                [
                    6,
                    -4,
                    1
                ],
                [
                    -1,
                    -2,
                    -5
                ],
                [
                    1,
                    -6,
                    -5
                ],
                [
                    -10,
                    8,
                    5
                ],
                [
                    8,
                    -9,
                    3
                ],
                [
                    2,
                    -10,
                    9
                ],
                [
                    6,
                    -9,
                    1
                ],
                [
                    -9,
                    8,
                    -7
                ],
                [
                    -4,
                    10,
                    -5
                ],
                [
                    7,
                    5,
                    -1
                ],
                [
                    5,
                    7,
                    2
                ],
                [
                    4,
                    8,
                    9
                ],
                [
                    -2,
                    -3,
                    7
                ],
                [
                    -8,
                    -7,
                    -3
                ],
                [
                    5,
                    6,
                    1
                ],
                [
                    7,
                    -8,
                    -2
                ],
                [
                    -10,
                    -1,
                    -9
                ],
                [
                    4,
                    2,
                    -5
                ],
                [
                    -9,
                    -8,
                    3
                ],
                [
                    -5,
                    -10,
                    -8
                ],
                [
                    -6,
                    -4,
                    3
                ],
                [
                    6,
                    -7,
                    2
                ],
                [
                    8,
                    -10,
                    2
                ],
                [
                    6,
                    4,
                    8
                ],
                [
                    -6,
                    -8,
                    2
                ],
                [
                    1,
                    -3,
                    4
                ],
                [
                    -7,
                    -10,
                    -1
                ],
                [
                    -4,
                    -6,
                    8
                ],
                [
                    4,
                    -10,
                    8
                ],
                [
                    9,
                    2,
                    -8
                ],
                [
                    -7,
                    -2,
                    -8
                ],
                [
                    1,
                    10,
                    -6
                ],
                [
                    -6,
                    -1,
                    4
                ],
                [
                    5,
                    -3,
                    7
                ],
                [
                    3,
                    7,
                    -1
                ],
                [
                    -8,
                    -1,
                    4
                ],
                [
                    1,
                    -3,
                    -7
                ],
                [
                    -3,
                    2,
                    -8
                ],
                [
                    9,
                    -4,
                    -6
                ],
                [
                    -10,
                    9,
                    -8
                ],
                [
                    -7,
                    5,
                    1
                ],
                [
                    10,
                    -7,
                    2
                ],
                [
                    1,
                    -10,
                    -5
                ],
                [
                    2,
                    4,
                    7
                ],
                [
                    2,
                    7,
                    -1
                ]
            ],
            "{   'fun': 0.98,\n    'jac': None,\n    'nfev': 200,\n    'nit': 100,\n    'njev': None,\n    'x': array([3.60012411, 1.94674337])}",
            {
                "1100011111": 1,
                "0001001111": 2,
                "1101110011": 1,
                "1100111001": 1,
                "0000101011": 1,
                "1110111011": 1,
                "1011100100": 1,
                "0001000101": 1,
                "1000101000": 1,
                "0001100011": 1,
                "0001010000": 1,
                "0001011001": 1,
                "0000110001": 1,
                "1101101100": 1,
                "1010001000": 1,
                "0101111101": 1,
                "0110100010": 1,
                "1100010100": 1,
                "0111000011": 1,
                "1011011001": 1,
                "1000101110": 1,
                "1011101010": 1,
                "0011100010": 1,
                "1101011111": 1,
                "1111110010": 1,
                "1100100101": 1,
                "0001100111": 1,
                "0001001000": 1,
                "1111111010": 1,
                "0110001010": 1,
                "0101000010": 1,
                "0010111011": 1,
                "0000111000": 1,
                "1001100110": 1,
                "1010110111": 1,
                "1011110100": 1,
                "0100011101": 1,
                "0001111111": 1,
                "1011111001": 1,
                "1110010011": 1,
                "0010111010": 1,
                "1101111011": 1,
                "0011001010": 1,
                "1111011111": 1,
                "1000111001": 1,
                "0011001001": 1,
                "1011111100": 1,
                "0011101111": 1,
                "0100000010": 1,
                "0101001000": 1,
                "1011111000": 1,
                "1001101011": 1,
                "0111000010": 1,
                "0011000011": 1,
                "1110100111": 1,
                "0100001111": 1,
                "0100000011": 1,
                "0001010010": 1,
                "1101001101": 1,
                "1110000010": 1,
                "1011110010": 1,
                "0111101001": 1,
                "0000000011": 1,
                "1000100110": 1,
                "1001000000": 1,
                "0011111100": 1,
                "1110100100": 2,
                "0110101110": 1,
                "0100111100": 1,
                "1100111101": 1,
                "1101100001": 1,
                "0110100101": 1,
                "0010011001": 1,
                "1011000001": 1,
                "0001101111": 1,
                "0001001001": 1,
                "0101011011": 1,
                "1010001011": 1,
                "1011011110": 1,
                "1010010110": 1,
                "0100110011": 1,
                "1010101010": 1,
                "0110110111": 1,
                "1011111110": 1,
                "1001010010": 1,
                "1011011111": 1,
                "0100100000": 1,
                "0011011111": 2,
                "1111110100": 1,
                "0000001110": 1,
                "1001100000": 1,
                "1101001111": 1,
                "1111101110": 1,
                "1010001100": 1,
                "1010010010": 1,
                "1000111100": 1,
                "1000000101": 1
            },
            true,
            0.9
        ]
    ]
}