{
    "n": 10,
    "m": 45,
    "results": [
        [
            [
                [
                    10,
                    3,
                    -9
                ],
                [
                    -4,
                    -9,
                    10
                ],
                [
                    9,
                    10,
                    5
                ],
                [
                    -6,
                    -3,
                    8
                ],
                [
                    6,
                    -3,
                    -8
                ],
                [
                    6,
                    3,
                    -8
                ],
                [
                    4,
                    5,
                    -8
                ],
                [
                    -9,
                    -5,
                    4
                ],
                [
                    -2,
                    -10,
                    -5
                ],
                [
                    10,
                    5,
                    3
                ],
                [
                    1,
                    9,
                    8
                ],
                [
                    -8,
                    1,
                    9
                ],
                [
                    2,
                    -4,
                    7
                ],
                [
                    7,
                    5,
                    10
                ],
                [
                    7,
                    3,
                    8
                ],
                [
                    9,
                    -3,
                    -1
                ],
                [
                    -4,
                    5,
                    -6
                ],
                [
                    -8,
                    -6,
                    7
                ],
                [
                    2,
                    8,
                    7
                ],
                [
                    -5,
                    -7,
                    9
                ],
                [
                    2,
                    -9,
                    5
                ],
                [
                    8,
                    -3,
                    9
                ],
                [
                    -6,
                    -1,
                    -10
                ],
                [
                    2,
                    1,
                    -6
                ],
                [
                    1,
                    -8,
                    -6
                ],
                [
                    5,
                    -9,
                    -1
                ],
                [
                    9,
                    6,
                    4
                ],
                [
                    5,
                    8,
                    6
                ],
                [
                    4,
                    -6,
                    -7
                ],
                [
                    -9,
                    8,
                    4
                ],
                [
                    -2,
                    -4,
                    8
                ],
                [
                    -2,
                    8,
                    4
                ],
                [
                    -7,
                    9,
                    2
                ],
                [
                    -10,
                    6,
                    -2
                ],
                [
                    2,
                    9,
                    5
                ],
                [
                    4,
                    -1,
                    9
                ],
                [
                    -7,
                    -1,
                    -2
                ],
                [
                    4,
                    5,
                    2
                ],
                [
                    6,
                    -7,
                    5
                ],
                [
                    2,
                    10,
                    5
                ],
                [
                    8,
                    6,
                    -3
                ],
                [
                    -4,
                    -7,
                    -10
                ],
                [
                    4,
                    -5,
                    -9
                ],
                [
                    -2,
                    4,
                    -5
                ],
                [
                    -8,
                    2,
                    4
                ]
            ],
            "{   'fun': 1.0,\n    'jac': None,\n    'nfev': 200,\n    'nit': 100,\n    'njev': None,\n    'x': array([nan, nan])}",
            {
                "1001010000": 1,
                "1000001111": 1,
                "0111010100": 1,
                "0010011100": 1,
                "1101001000": 1,
                "1111111000": 1,
                "0100111110": 1,
                "0101100000": 1,
                "1101010111": 1,
                "1101011101": 1,
                "0001001000": 1,
                "0101000001": 1,
                "1011010000": 1,
                "1010011001": 1,
                "0001010111": 1,
                "0001110110": 1,
                "0101000011": 1,
                "0001110001": 1,
                "0111010101": 1,
                "1101101011": 1,
                "1101110101": 1,
                "0000100111": 1,
                "0100000110": 1,
                "0000100001": 1,
                "0110000000": 1,
                "0110100010": 1,
                "1011110001": 1,
                "1101100010": 1,
                "1010101111": 1,
                "1010011010": 1,
                "0011001010": 1,
                "1000101010": 1,
                "0011001110": 1,
                "0100110101": 1,
                "1011000011": 1,
                "1101111011": 1,
                "0001111101": 1,
                "0101111000": 1,
                "0011100100": 1,
                "1100011100": 1,
                "0001011101": 1,
                "1101011000": 1,
                "0100011010": 1,
                "0101110101": 1,
                "1111011110": 1,
                "0010101110": 1,
                "0111101101": 1,
                "1100100111": 1,
                "0000111000": 1,
                "1001001010": 1,
                "0011100110": 1,
                "1011010001": 2,
                "0111000001": 1,
                "1001001001": 1,
                "0100010111": 1,
                "1001100011": 1,
                "1010111001": 1,
                "1101100110": 1,
                "1100001110": 1,
                "1011100011": 1,
                "0111100100": 1,
                "1110101011": 1,
                "0111111001": 1,
                "1011000000": 1,
                "1010011101": 1,
                "1110111000": 1,
                "0111110001": 1,
                "0110101111": 1,
                "1100110110": 1,
                "1000100011": 1,
                "0000101011": 1,
                "1010010001": 1,
                "0110011000": 1,
                "0010000011": 2,
                "0100100111": 1,
                "0001011111": 1,
                "1100001010": 1,
                "0111001010": 1,
                "0110000011": 1,
                "0011110110": 1,
                "1101010001": 1,
                "1010100011": 1,
                "1011001000": 1,
                "1001100101": 2,
                "1001000100": 1,
                "1000110100": 1,
                "0110011100": 1,
                "0110111000": 1,
                "1011100101": 1,
                "1010111010": 1,
                "0001101000": 1,
                "0100000010": 1,
                "0110101101": 2,
                "1011011010": 1,
                "1000100110": 1,
                "0010110101": 1
            },
            false,
            1.0
        ],
        [
            [
                [
                    10,
                    6,
                    -5
                ],
                [
                    8,
                    3,
                    10
                ],
                [
                    10,
                    5,
                    9
                ],
                [
                    -5,
                    6,
                    9
                ],
                [
                    -4,
                    -2,
                    -10
                ],
                [
                    8,
                    10,
                    -9
                ],
                [
                    1,
                    5,
                    -9
                ],
                [
                    -4,
                    -7,
                    10
                ],
                [
                    7,
                    -4,
                    8
                ],
                [
                    6,
                    -1,
                    -3
                ],
                [
                    -4,
                    6,
                    -9
                ],
                [
                    -1,
                    5,
                    -10
                ],
                [
                    10,
                    2,
                    6
                ],
                [
                    -2,
                    9,
                    -5
                ],
                [
                    -7,
                    -3,
                    6
                ],
                [
                    -2,
                    3,
                    10
                ],
                [
                    10,
                    -1,
                    -9
                ],
                [
                    5,
                    8,
                    10
                ],
                [
                    -4,
                    -1,
                    -9
                ],
                [
                    -4,
                    5,
                    6
                ],
                [
                    -7,
                    9,
                    -2
                ],
                [
                    -7,
                    -9,
                    8
                ],
                [
                    -4,
                    -3,
                    10
                ],
                [
                    2,
                    1,
                    -8
                ],
                [
                    -2,
                    6,
                    -4
                ],
                [
                    -4,
                    -10,
                    -6
                ],
                [
                    6,
                    5,
                    7
                ],
                [
                    5,
                    7,
                    -3
                ],
                [
                    7,
                    8,
                    -4
                ],
                [
                    3,
                    1,
                    -2
                ],
                [
                    -1,
                    7,
                    -3
                ],
                [
                    10,
                    5,
                    9
                ],
                [
                    10,
                    5,
                    -9
                ],
                [
                    -10,
                    -9,
                    2
                ],
                [
                    -10,
                    -4,
                    -2
                ],
                [
                    -6,
                    -3,
                    -4
                ],
                [
                    4,
                    -7,
                    -6
                ],
                [
                    7,
                    -8,
                    4
                ],
                [
                    5,
                    -4,
                    1
                ],
                [
                    9,
                    5,
                    -7
                ],
                [
                    1,
                    -5,
                    -4
                ],
                [
                    10,
                    9,
                    1
                ],
                [
                    -2,
                    6,
                    9
                ],
                [
                    -7,
                    -9,
                    -3
                ],
                [
                    3,
                    -4,
                    -2
                ]
            ],
            "{   'fun': 0.8,\n    'jac': None,\n    'nfev': 200,\n    'nit': 100,\n    'njev': None,\n    'x': array([2.90785394, 2.81583642])}",
            {
                "0100101000": 1,
                "0011111011": 1,
                "0010000111": 1,
                "0000111011": 1,
                "1100100101": 1,
                "0000110110": 1,
                "0011000010": 1,
                "0010000000": 1,
                "0111110111": 1,
                "1001111001": 1,
                "1000100001": 1,
                "1011101011": 1,
                "1011111010": 1,
                "1111010110": 1,
                "1101101011": 1,
                "1000011000": 1,
                "1111010111": 1,
                "0011011111": 1,
                "1101111010": 1,
                "0000111010": 1,
                "0111000100": 2,
                "0001010001": 1,
                "0000010101": 1,
                "1101101001": 1,
                "0101001101": 1,
                "0101100110": 1,
                "1110100000": 1,
                "0100011010": 1,
                "0010101010": 1,
                "0111010000": 1,
                "1010110010": 1,
                "0110001110": 1,
                "1100110011": 1,
                "1000001010": 1,
                "1100010110": 1,
                "0010111001": 3,
                "0100111101": 1,
                "0010011010": 1,
                "1000100000": 2,
                "1010101010": 1,
                "1001101111": 1,
                "0011110011": 1,
                "1100001110": 1,
                "1000101100": 2,
                "1011110010": 1,
                "1011001001": 1,
                "1000110100": 5,
                "1111010000": 1,
                "0100110001": 1,
                "0011000011": 1,
                "1010110011": 1,
                "1100010000": 1,
                "0101100100": 1,
                "0100101100": 1,
                "1000011101": 2,
                "0111010110": 1,
                "1011110101": 1,
                "0001100001": 1,
                "0110100101": 1,
                "0101010010": 1,
                "0010110000": 1,
                "1011111100": 1,
                "1101101110": 1,
                "1100010011": 1,
                "0010000100": 1,
                "0101010110": 1,
                "1011001010": 1,
                "1111101111": 1,
                "1101100000": 1,
                "1000110001": 1,
                "1110111111": 1,
                "1000110000": 4,
                "1100001000": 1,
                "0000000101": 1,
                "0100001001": 1,
                "1000111110": 1,
                "0000011011": 1,
                "0011011011": 1,
                "0110011010": 1,
                "1110010101": 1,
                "0010010001": 1,
                "0011011101": 1,
                "1101100100": 1,
                "1111010011": 2,
                "1111111100": 1,
                "0000111111": 1
            },
            true,
            0.68
        ],
        [
            [
                [
                    5,
                    -2,
                    7
                ],
                [
                    -6,
                    3,
                    -1
                ],
                [
                    -3,
                    10,
                    5
                ],
                [
                    -10,
                    -3,
                    5
                ],
                [
                    10,
                    9,
                    -4
                ],
                [
                    10,
                    -6,
                    9
                ],
                [
                    2,
                    10,
                    1
                ],
                [
                    -9,
                    1,
                    4
                ],
                [
                    7,
                    5,
                    9
                ],
                [
                    9,
                    -6,
                    8
                ],
                [
                    3,
                    6,
                    -10
                ],
                [
                    3,
                    4,
                    -10
                ],
                [
                    1,
                    5,
                    -3
                ],
                [
                    -2,
                    3,
                    -8
                ],
                [
                    6,
                    3,
                    9
                ],
                [
                    1,
                    -10,
                    8
                ],
                [
                    3,
                    -6,
                    2
                ],
                [
                    -1,
                    -9,
                    -4
                ],
                [
                    10,
                    5,
                    -3
                ],
                [
                    -9,
                    10,
                    6
                ],
                [
                    1,
                    3,
                    6
                ],
                [
                    -1,
                    5,
                    -3
                ],
                [
                    5,
                    -3,
                    9
                ],
                [
                    8,
                    5,
                    10
                ],
                [
                    10,
                    7,
                    -9
                ],
                [
                    -4,
                    7,
                    -3
                ],
                [
                    8,
                    4,
                    -1
                ],
                [
                    5,
                    10,
                    1
                ],
                [
                    3,
                    -2,
                    1
                ],
                [
                    3,
                    6,
                    7
                ],
                [
                    -3,
                    9,
                    -7
                ],
                [
                    -6,
                    1,
                    10
                ],
                [
                    -2,
                    -9,
                    5
                ],
                [
                    5,
                    -1,
                    -10
                ],
                [
                    8,
                    -4,
                    2
                ],
                [
                    7,
                    -5,
                    8
                ],
                [
                    7,
                    -8,
                    4
                ],
                [
                    -6,
                    5,
                    8
                ],
                [
                    -1,
                    6,
                    7
                ],
                [
                    8,
                    -9,
                    -2
                ],
                [
                    9,
                    -4,
                    -1
                ],
                [
                    5,
                    9,
                    3
                ],
                [
                    1,
                    -5,
                    7
                ],
                [
                    -9,
                    1,
                    -2
                ],
                [
                    -8,
                    -5,
                    10
                ]
            ],
            "{   'fun': 0.97,\n    'jac': None,\n    'nfev': 200,\n    'nit': 100,\n    'njev': None,\n    'x': array([-1.7793622 ,  5.30510548])}",
            {
                "1110000000": 1,
                "1000010000": 1,
                "1000100000": 1,
                "0100101111": 1,
                "1101010011": 1,
                "0000000111": 2,
                "0110001001": 1,
                "0110100010": 1,
                "0101110111": 1,
                "0111010011": 1,
                "1110100000": 1,
                "1111001100": 1,
                "0001100110": 1,
                "0101111001": 1,
                "0101011111": 1,
                "0111000000": 1,
                "0100100011": 1,
                "0011100100": 1,
                "1111111111": 1,
                "1000100010": 1,
                "1010010110": 1,
                "1000000110": 1,
                "0011100010": 1,
                "1111000101": 1,
                "1011101011": 1,
                "1010000110": 1,
                "1110011001": 1,
                "0010001101": 1,
                "1000101110": 1,
                "1001010001": 1,
                "0001010011": 1,
                "1111010111": 2,
                "0000111101": 1,
                "1110110101": 1,
                "0010010010": 1,
                "1111111100": 1,
                "0110101100": 1,
                "1010110100": 1,
                "0010010110": 1,
                "1101000001": 1,
                "1001000001": 1,
                "0111000100": 1,
                "1011010010": 1,
                "1010110011": 1,
                "0110100111": 2,
                "0010100000": 1,
                "0110101011": 1,
                "1111011100": 4,
                "0010011010": 1,
                "0010011001": 1,
                "0000000011": 3,
                "1001101101": 2,
                "1111010101": 6,
                "0111101010": 1,
                "0110000101": 1,
                "1111110111": 4,
                "1000010010": 1,
                "0110010101": 1,
                "1111011101": 1,
                "0011010100": 1,
                "1110100111": 1,
                "0111110110": 1,
                "0011000100": 1,
                "1110011100": 1,
                "0000110110": 1,
                "0101101000": 1,
                "0001001110": 1,
                "0010000011": 1,
                "1111110101": 2,
                "1111011011": 1,
                "1001000101": 1,
                "1101111101": 1,
                "1000011011": 2,
                "0101001110": 1,
                "1100000100": 1,
                "1001101011": 1,
                "1100111100": 1,
                "0101000110": 1,
                "1100110011": 1,
                "1110001101": 1,
                "0110000001": 1
            },
            true,
            0.78
        ],
        [
            [
                [
                    4,
                    -7,
                    -5
                ],
                [
                    1,
                    -7,
                    -2
                ],
                [
                    -9,
                    -10,
                    -7
                ],
                [
                    8,
                    6,
                    -9
                ],
                [
                    9,
                    -8,
                    -10
                ],
                [
                    7,
                    5,
                    2
                ],
                [
                    -6,
                    -1,
                    -2
                ],
                [
                    8,
                    5,
                    3
                ],
                [
                    2,
                    -9,
                    -7
                ],
                [
                    -4,
                    -6,
                    -5
                ],
                [
                    6,
                    8,
                    -2
                ],
                [
                    -4,
                    -5,
                    2
                ],
                [
                    1,
                    -5,
                    6
                ],
                [
                    1,
                    -6,
                    -7
                ],
                [
                    -3,
                    -10,
                    -1
                ],
                [
                    -7,
                    6,
                    8
                ],
                [
                    -1,
                    4,
                    2
                ],
                [
                    -10,
                    -5,
                    8
                ],
                [
                    10,
                    7,
                    -1
                ],
                [
                    5,
                    1,
                    -6
                ],
                [
                    5,
                    1,
                    -9
                ],
                [
                    2,
                    6,
                    7
                ],
                [
                    -5,
                    -10,
                    -1
                ],
                [
                    1,
                    6,
                    5
                ],
                [
                    -10,
                    -9,
                    -8
                ],
                [
                    8,
                    3,
                    7
                ],
                [
                    -1,
                    -9,
                    -6
                ],
                [
                    8,
                    6,
                    -3
                ],
                [
                    -9,
                    1,
                    3
                ],
                [
                    -4,
                    5,
                    2
                ],
                [
                    -8,
                    -9,
                    -1
                ],
                [
                    1,
                    -8,
                    3
                ],
                [
                    5,
                    2,
                    -1
                ],
                [
                    -5,
                    4,
                    -2
                ],
                [
                    -7,
                    -3,
                    -10
                ],
                [
                    5,
                    8,
                    -2
                ],
                [
                    6,
                    -7,
                    2
                ],
                [
                    10,
                    8,
                    7
                ],
                [
                    7,
                    4,
                    -6
                ],
                [
                    10,
                    -1,
                    3
                ],
                [
                    5,
                    -3,
                    -4
                ],
                [
                    4,
                    -8,
                    -6
                ],
                [
                    -8,
                    -4,
                    1
                ],
                [
                    -6,
                    10,
                    -2
                ],
                [
                    3,
                    5,
                    7
                ]
            ],
            "{   'fun': 0.98,\n    'jac': None,\n    'nfev': 200,\n    'nit': 100,\n    'njev': None,\n    'x': array([-2.53174084,  0.37537726])}",
            {
                "1011011000": 1,
                "0000000011": 1,
                "0000100111": 1,
                "0010000100": 1,
                "0011011111": 1,
                "1100111100": 1,
                "1011111110": 1,
                "1111001100": 1,
                "0010011000": 1,
                "0110101101": 1,
                "0101111111": 1,
                "1001111011": 1,
                "0001001110": 1,
                "1110000111": 1,
                "1010100111": 1,
                "1110101011": 1,
                "0000110101": 1,
                "1110110100": 1,
                "0100001100": 1,
                "0011001010": 1,
                "1101101001": 1,
                "1101101100": 2,
                "0110011001": 1,
                "0010011100": 1,
                "0010001000": 1,
                "0111111000": 1,
                "0101100010": 2,
                "1011010001": 1,
                "1011110010": 1,
                "0000000000": 1,
                "0011101000": 1,
                "1110100000": 1,
                "1100101000": 1,
                "1001000011": 1,
                "0110000000": 1,
                "0010101000": 1,
                "1111100100": 1,
                "1000110101": 1,
                "1000100101": 1,
                "1000101100": 1,
                "0111000010": 1,
                "0001101001": 1,
                "1000010011": 2,
                "1100101010": 1,
                "0001110011": 1,
                "1111001001": 1,
                "1111010001": 1,
                "1110110011": 1,
                "1011000011": 1,
                "0101001111": 1,
                "0110001000": 1,
                "1110010011": 1,
                "0110010000": 1,
                "1010000000": 1,
                "0000001101": 1,
                "0111000101": 1,
                "1101011111": 1,
                "1100101111": 1,
                "1010000001": 1,
                "1010111001": 1,
                "0010111001": 1,
                "0000001100": 2,
                "1000011110": 1,
                "1101011101": 1,
                "1010001100": 1,
                "0011101010": 1,
                "1101101011": 1,
                "1001101110": 1,
                "1100011010": 1,
                "0101110111": 1,
                "1001101101": 2,
                "0011111111": 1,
                "0101101000": 2,
                "0111010100": 1,
                "0100110111": 1,
                "0011110111": 1,
                "1101111101": 1,
                "1111110011": 1,
                "0000110010": 1,
                "0000011100": 1,
                "0010110001": 1,
                "0111001101": 1,
                "0110100111": 1,
                "1010100101": 1,
                "1101001001": 2,
                "1001001100": 1,
                "1000010101": 2,
                "1001110011": 1,
                "1111011000": 1,
                "0101000100": 1,
                "0110100011": 1,
                "1101100010": 1
            },
            true,
            0.92
        ],
        [
            [
                [
                    2,
                    5,
                    -10
                ],
                [
                    5,
                    7,
                    -8
                ],
                [
                    2,
                    8,
                    -7
                ],
                [
                    3,
                    6,
                    -7
                ],
                [
                    5,
                    9,
                    6
                ],
                [
                    3,
                    8,
                    9
                ],
                [
                    5,
                    8,
                    9
                ],
                [
                    -6,
                    3,
                    -7
                ],
                [
                    2,
                    -5,
                    6
                ],
                [
                    6,
                    8,
                    7
                ],
                [
                    3,
                    -1,
                    6
                ],
                [
                    7,
                    4,
                    6
                ],
                [
                    2,
                    -10,
                    6
                ],
                [
                    -6,
                    -5,
                    -10
                ],
                [
                    2,
                    -3,
                    1
                ],
                [
                    7,
                    -4,
                    -9
                ],
                [
                    8,
                    -6,
                    -10
                ],
                [
                    -10,
                    7,
                    -8
                ],
                [
                    7,
                    -6,
                    -1
                ],
                [
                    -5,
                    10,
                    9
                ],
                [
                    10,
                    9,
                    -1
                ],
                [
                    -10,
                    4,
                    -5
                ],
                [
                    2,
                    1,
                    -3
                ],
                [
                    -9,
                    5,
                    10
                ],
                [
                    3,
                    -8,
                    9
                ],
                [
                    -8,
                    4,
                    2
                ],
                [
                    -3,
                    -5,
                    -10
                ],
                [
                    -2,
                    -4,
                    -8
                ],
                [
                    5,
                    1,
                    4
                ],
                [
                    -8,
                    1,
                    -9
                ],
                [
                    -2,
                    1,
                    -9
                ],
                [
                    10,
                    3,
                    2
                ],
                [
                    2,
                    7,
                    -4
                ],
                [
                    -5,
                    -4,
                    2
                ],
                [
                    -5,
                    -9,
                    4
                ],
                [
                    6,
                    -3,
                    7
                ],
                [
                    7,
                    -1,
                    -2
                ],
                [
                    9,
                    -8,
                    -10
                ],
                [
                    6,
                    -2,
                    4
                ],
                [
                    -8,
                    -5,
                    -9
                ],
                [
                    -2,
                    7,
                    6
                ],
                [
                    9,
                    -2,
                    -1
                ],
                [
                    -9,
                    10,
                    8
                ],
                [
                    -5,
                    -3,
                    6
                ],
                [
                    -4,
                    2,
                    -5
                ]
            ],
            "{   'fun': 0.97,\n    'jac': None,\n    'nfev': 200,\n    'nit': 100,\n    'njev': None,\n    'x': array([3.37187538, 2.29797695])}",
            {
                "1110111100": 1,
                "1010111101": 1,
                "0111100110": 1,
                "0100111111": 1,
                "1111101101": 1,
                "1100110100": 1,
                "1010110010": 1,
                "1011001101": 1,
                "1110110011": 1,
                "1001001001": 1,
                "1110000111": 1,
                "1100000111": 1,
                "0000011011": 1,
                "1011001001": 1,
                "0111000000": 1,
                "1000110001": 1,
                "0110011001": 1,
                "1111001101": 1,
                "0001110101": 1,
                "0000001001": 1,
                "1011111010": 1,
                "1110010011": 1,
                "0100010000": 1,
                "1000000010": 1,
                "0000000110": 1,
                "1110111110": 1,
                "1100101011": 1,
                "1001111001": 1,
                "1011100101": 1,
                "0101100011": 2,
                "0010001010": 1,
                "0010101110": 1,
                "0101110101": 1,
                "1111011110": 1,
                "0001111001": 1,
                "1110011001": 1,
                "0101000100": 1,
                "0110001001": 1,
                "1010101111": 2,
                "1010011010": 2,
                "1000101010": 1,
                "1001000001": 2,
                "0111001101": 1,
                "1101011110": 1,
                "1010010111": 1,
                "1101101101": 1,
                "0111010010": 2,
                "0110000011": 1,
                "0000011010": 1,
                "1111101100": 1,
                "1111111101": 1,
                "1100011010": 1,
                "1000111111": 1,
                "0101110011": 1,
                "1111100011": 1,
                "1100111010": 1,
                "0011111001": 1,
                "1100111101": 1,
                "1111111100": 1,
                "0000101011": 2,
                "0101001110": 1,
                "1100001111": 1,
                "1001011011": 1,
                "1110010110": 1,
                "0011011011": 1,
                "1011010001": 1,
                "1110110110": 1,
                "0100011011": 1,
                "0100101100": 1,
                "1010100001": 1,
                "0101110000": 1,
                "1111110100": 1,
                "1110100010": 1,
                "1111101000": 1,
                "0010001101": 1,
                "1111100110": 1,
                "1000000100": 1,
                "1001010101": 1,
                "0110100100": 1,
                "0000010011": 1,
                "1110011011": 1,
                "1101000011": 1,
                "0000110110": 1,
                "0001011101": 1,
                "1001000110": 1,
                "1101011001": 2,
                "0100111011": 1,
                "1011010110": 1,
                "0010000000": 1,
                "0100010110": 1,
                "0010011100": 1,
                "1001101111": 1,
                "1111110000": 1
            },
            true,
            0.87
        ]
    ]
}