{
    "n": 10,
    "m": 45,
    "results": [
        [
            [
                [
                    -9,
                    -10,
                    1
                ],
                [
                    8,
                    -1,
                    7
                ],
                [
                    10,
                    5,
                    4
                ],
                [
                    -9,
                    6,
                    3
                ],
                [
                    10,
                    6,
                    -9
                ],
                [
                    -1,
                    -3,
                    -8
                ],
                [
                    -1,
                    -10,
                    3
                ],
                [
                    -6,
                    -9,
                    2
                ],
                [
                    -9,
                    5,
                    1
                ],
                [
                    2,
                    -4,
                    9
                ],
                [
                    -7,
                    -1,
                    9
                ],
                [
                    7,
                    2,
                    6
                ],
                [
                    4,
                    -6,
                    1
                ],
                [
                    -7,
                    -4,
                    -8
                ],
                [
                    5,
                    -1,
                    9
                ],
                [
                    4,
                    -10,
                    -1
                ],
                [
                    -6,
                    5,
                    9
                ],
                [
                    -9,
                    5,
                    -2
                ],
                [
                    3,
                    -2,
                    1
                ],
                [
                    -1,
                    10,
                    6
                ],
                [
                    3,
                    -6,
                    2
                ],
                [
                    10,
                    9,
                    7
                ],
                [
                    -5,
                    7,
                    -1
                ],
                [
                    3,
                    6,
                    -5
                ],
                [
                    5,
                    -10,
                    -6
                ],
                [
                    7,
                    4,
                    3
                ],
                [
                    10,
                    -1,
                    4
                ],
                [
                    7,
                    -10,
                    1
                ],
                [
                    -2,
                    9,
                    1
                ],
                [
                    -2,
                    -9,
                    -8
                ],
                [
                    -4,
                    -5,
                    9
                ],
                [
                    -10,
                    -5,
                    -7
                ],
                [
                    -1,
                    -8,
                    -4
                ],
                [
                    4,
                    -2,
                    8
                ],
                [
                    -9,
                    -1,
                    5
                ],
                [
                    -10,
                    -1,
                    3
                ],
                [
                    6,
                    -2,
                    -3
                ],
                [
                    -2,
                    -8,
                    -3
                ],
                [
                    9,
                    2,
                    1
                ],
                [
                    4,
                    -3,
                    1
                ],
                [
                    -10,
                    2,
                    5
                ],
                [
                    -2,
                    -1,
                    10
                ],
                [
                    1,
                    8,
                    2
                ],
                [
                    1,
                    8,
                    -9
                ],
                [
                    6,
                    -5,
                    2
                ]
            ],
            "{   'fun': 1.0,\n    'jac': None,\n    'nfev': 200,\n    'nit': 100,\n    'njev': None,\n    'x': array([nan, nan])}",
            {
                "1101110011": 1,
                "1011001101": 1,
                "0110011100": 1,
                "0010101100": 1,
                "1010010110": 1,
                "1011001010": 1,
                "0101110110": 1,
                "1000011111": 1,
                "1010010000": 1,
                "0110101010": 1,
                "0100010101": 1,
                "0000000001": 1,
                "1111111010": 2,
                "0000101101": 1,
                "1011001100": 1,
                "0010110100": 1,
                "1100101010": 1,
                "1100010101": 1,
                "0101111001": 1,
                "0100110101": 1,
                "1000110011": 1,
                "0110001010": 1,
                "0100111100": 1,
                "1011100010": 1,
                "1001110010": 1,
                "0110110010": 1,
                "1010100011": 1,
                "1101011011": 1,
                "1111010111": 1,
                "0100000010": 1,
                "0010100001": 1,
                "1001000010": 1,
                "1001111110": 1,
                "0000100110": 1,
                "1100010011": 1,
                "0101110111": 1,
                "0111100010": 1,
                "1111000000": 1,
                "0001100010": 1,
                "0000100101": 1,
                "1011111010": 1,
                "0101100000": 1,
                "1000100011": 1,
                "0100011000": 2,
                "1010111010": 1,
                "0011011000": 1,
                "1100001111": 1,
                "1000001001": 1,
                "1111110010": 1,
                "0000010001": 1,
                "0100100110": 1,
                "1111110100": 1,
                "0111001000": 1,
                "1010011011": 1,
                "1110100010": 1,
                "1101000100": 1,
                "1100010111": 1,
                "1100010010": 1,
                "0110011000": 2,
                "0011010101": 1,
                "1001100001": 1,
                "0001011101": 1,
                "1000000011": 1,
                "1001011101": 1,
                "1010110110": 1,
                "1111101100": 1,
                "1001000100": 1,
                "0111001101": 1,
                "0000011100": 1,
                "0001111100": 1,
                "0110110000": 1,
                "1001001011": 1,
                "1001000001": 1,
                "0111000100": 1,
                "1010001111": 1,
                "0001111101": 1,
                "1001000011": 1,
                "0010100100": 1,
                "0011111111": 1,
                "0100011110": 1,
                "1100011100": 2,
                "1110000001": 1,
                "1100010001": 1,
                "1101010000": 1,
                "0001100000": 1,
                "0010000001": 1,
                "0101010011": 1,
                "1001001100": 1,
                "0001111001": 1,
                "1101100000": 1,
                "0001110110": 1,
                "1100001000": 1,
                "0000000101": 1,
                "0001110101": 1,
                "0110010110": 1,
                "1000011100": 1
            },
            false,
            1.0
        ],
        [
            [
                [
                    -4,
                    6,
                    -9
                ],
                [
                    -9,
                    6,
                    -7
                ],
                [
                    8,
                    -1,
                    3
                ],
                [
                    -3,
                    6,
                    -2
                ],
                [
                    5,
                    2,
                    -1
                ],
                [
                    -10,
                    2,
                    -9
                ],
                [
                    8,
                    -3,
                    -5
                ],
                [
                    10,
                    -9,
                    -5
                ],
                [
                    -3,
                    -8,
                    1
                ],
                [
                    5,
                    6,
                    8
                ],
                [
                    4,
                    10,
                    7
                ],
                [
                    8,
                    3,
                    -5
                ],
                [
                    -2,
                    9,
                    3
                ],
                [
                    -3,
                    -1,
                    4
                ],
                [
                    7,
                    -3,
                    -4
                ],
                [
                    3,
                    -7,
                    -10
                ],
                [
                    -8,
                    4,
                    6
                ],
                [
                    -6,
                    2,
                    5
                ],
                [
                    7,
                    -5,
                    -1
                ],
                [
                    8,
                    2,
                    7
                ],
                [
                    -8,
                    9,
                    2
                ],
                [
                    -4,
                    8,
                    9
                ],
                [
                    6,
                    1,
                    -10
                ],
                [
                    8,
                    4,
                    -9
                ],
                [
                    -3,
                    10,
                    -5
                ],
                [
                    10,
                    8,
                    6
                ],
                [
                    -10,
                    -2,
                    -1
                ],
                [
                    -2,
                    -6,
                    3
                ],
                [
                    6,
                    3,
                    -4
                ],
                [
                    -4,
                    1,
                    3
                ],
                [
                    -8,
                    10,
                    -1
                ],
                [
                    -5,
                    -1,
                    7
                ],
                [
                    5,
                    9,
                    -2
                ],
                [
                    7,
                    -3,
                    -5
                ],
                [
                    -10,
                    4,
                    -5
                ],
                [
                    -9,
                    2,
                    8
                ],
                [
                    -4,
                    5,
                    -10
                ],
                [
                    4,
                    3,
                    -8
                ],
                [
                    4,
                    -2,
                    5
                ],
                [
                    9,
                    7,
                    -2
                ],
                [
                    -8,
                    10,
                    9
                ],
                [
                    -1,
                    5,
                    -2
                ],
                [
                    -9,
                    4,
                    -10
                ],
                [
                    -8,
                    -3,
                    6
                ],
                [
                    -8,
                    7,
                    -5
                ]
            ],
            "{   'fun': 0.97,\n    'jac': None,\n    'nfev': 200,\n    'nit': 100,\n    'njev': None,\n    'x': array([4.3621703 , 4.12700584])}",
            {
                "1011000110": 1,
                "1100011101": 1,
                "0111100100": 1,
                "0001011110": 1,
                "1001001011": 1,
                "1100001110": 1,
                "1111001000": 1,
                "1000111110": 1,
                "0111010100": 1,
                "1111011101": 1,
                "1000111111": 1,
                "0000111110": 1,
                "1010110000": 1,
                "0010000100": 1,
                "1000000010": 1,
                "0000101001": 1,
                "0111110101": 1,
                "0011000111": 1,
                "0111100110": 1,
                "0001010000": 1,
                "0101010100": 1,
                "1001000001": 2,
                "0011100100": 1,
                "1110100011": 2,
                "0100011110": 1,
                "1110000001": 1,
                "0001001010": 1,
                "0101101110": 2,
                "1011000001": 1,
                "1001100010": 1,
                "0010000010": 1,
                "1001101100": 1,
                "1000010100": 2,
                "1101011011": 1,
                "1011100110": 1,
                "1111100100": 1,
                "1100111010": 1,
                "0001100100": 1,
                "1011010001": 1,
                "1000100001": 1,
                "1101101110": 1,
                "0011001111": 1,
                "0010110000": 1,
                "0111011010": 1,
                "0000001010": 1,
                "1010101101": 1,
                "0100100001": 1,
                "1000001101": 1,
                "0101110010": 1,
                "1010100100": 1,
                "0100110000": 1,
                "0000010111": 1,
                "1000011011": 2,
                "1100100111": 1,
                "1110011101": 1,
                "1000100100": 1,
                "0100011010": 1,
                "0110111010": 1,
                "1110100000": 1,
                "0110111111": 1,
                "1111011001": 1,
                "1100110001": 1,
                "0010001001": 1,
                "0101100101": 1,
                "0010010110": 1,
                "1101101001": 1,
                "0000000011": 1,
                "1101010101": 1,
                "0001111001": 1,
                "1101000100": 1,
                "1001100110": 1,
                "1011011100": 1,
                "1011101110": 1,
                "0100010110": 1,
                "0010000000": 1,
                "0111110010": 1,
                "1010000100": 1,
                "0101111101": 1,
                "1010111111": 1,
                "1110001011": 1,
                "0111100011": 1,
                "0011000011": 2,
                "0100110001": 1,
                "1100010110": 1,
                "1101100100": 1,
                "0000000001": 2,
                "0000000110": 1,
                "1011100100": 1,
                "1001011110": 1,
                "0101010011": 1,
                "0011001101": 1,
                "0001011010": 1,
                "0100010101": 1
            },
            true,
            0.94
        ],
        [
            [
                [
                    -9,
                    8,
                    -10
                ],
                [
                    -4,
                    3,
                    -9
                ],
                [
                    -5,
                    6,
                    7
                ],
                [
                    6,
                    9,
                    -7
                ],
                [
                    -5,
                    2,
                    -4
                ],
                [
                    -10,
                    1,
                    -2
                ],
                [
                    1,
                    3,
                    6
                ],
                [
                    10,
                    -6,
                    -3
                ],
                [
                    -9,
                    4,
                    8
                ],
                [
                    5,
                    10,
                    8
                ],
                [
                    7,
                    -1,
                    -9
                ],
                [
                    -6,
                    -7,
                    -3
                ],
                [
                    10,
                    -3,
                    8
                ],
                [
                    -1,
                    4,
                    -8
                ],
                [
                    -6,
                    -7,
                    4
                ],
                [
                    2,
                    6,
                    8
                ],
                [
                    -5,
                    7,
                    6
                ],
                [
                    -4,
                    9,
                    10
                ],
                [
                    3,
                    -5,
                    6
                ],
                [
                    -9,
                    3,
                    -2
                ],
                [
                    2,
                    -6,
                    8
                ],
                [
                    -3,
                    8,
                    4
                ],
                [
                    4,
                    7,
                    1
                ],
                [
                    -3,
                    8,
                    -7
                ],
                [
                    -1,
                    -4,
                    7
                ],
                [
                    -9,
                    -8,
                    -2
                ],
                [
                    -9,
                    -5,
                    2
                ],
                [
                    5,
                    10,
                    1
                ],
                [
                    -10,
                    7,
                    2
                ],
                [
                    -10,
                    -9,
                    -6
                ],
                [
                    -3,
                    7,
                    10
                ],
                [
                    -6,
                    1,
                    9
                ],
                [
                    -4,
                    -6,
                    5
                ],
                [
                    -5,
                    2,
                    -10
                ],
                [
                    -8,
                    -5,
                    -1
                ],
                [
                    10,
                    -1,
                    4
                ],
                [
                    -5,
                    4,
                    2
                ],
                [
                    10,
                    -8,
                    7
                ],
                [
                    -3,
                    -2,
                    -8
                ],
                [
                    9,
                    -10,
                    1
                ],
                [
                    1,
                    3,
                    7
                ],
                [
                    6,
                    4,
                    7
                ],
                [
                    9,
                    1,
                    -5
                ],
                [
                    -4,
                    -5,
                    -2
                ],
                [
                    -6,
                    3,
                    5
                ]
            ],
            "{   'fun': 0.94,\n    'jac': None,\n    'nfev': 200,\n    'nit': 100,\n    'njev': None,\n    'x': array([-3.51251589,  3.58150301])}",
            {
                "0010010001": 1,
                "0010101011": 1,
                "1111000111": 1,
                "1011110101": 1,
                "0001110000": 1,
                "1111111011": 1,
                "0011001101": 1,
                "0010100010": 1,
                "0100101100": 1,
                "0111100000": 1,
                "0001100111": 1,
                "1111101100": 1,
                "0101000111": 1,
                "0000001110": 1,
                "0010000000": 1,
                "1100111000": 1,
                "1101101001": 1,
                "1110010100": 1,
                "0000111001": 1,
                "0110110111": 1,
                "1000010101": 1,
                "1001010000": 1,
                "0101110001": 1,
                "0000101111": 1,
                "0000000000": 1,
                "1010011000": 1,
                "1011001100": 1,
                "0110100011": 1,
                "1111110110": 1,
                "1101011011": 1,
                "0001001111": 1,
                "0101010100": 1,
                "0100100110": 1,
                "1010110100": 1,
                "0110011101": 1,
                "0100010010": 1,
                "0101101100": 1,
                "0111110100": 1,
                "1001001000": 1,
                "1010001000": 1,
                "1010101100": 1,
                "0101000001": 1,
                "1010000100": 1,
                "0011000011": 1,
                "0010001110": 1,
                "1111000100": 2,
                "0000010110": 1,
                "1011011110": 1,
                "0100110111": 1,
                "1001110101": 1,
                "0100011001": 1,
                "0101011000": 1,
                "0111001001": 1,
                "0000001000": 2,
                "1000110011": 3,
                "1111001101": 1,
                "1000001011": 1,
                "1011010011": 1,
                "1101110001": 1,
                "1000100110": 1,
                "1110011111": 1,
                "0001111000": 1,
                "0010111010": 1,
                "1111110001": 1,
                "0100111100": 1,
                "1111000011": 1,
                "1100111011": 1,
                "0011110001": 1,
                "1101000000": 1,
                "1011000010": 1,
                "1110011110": 1,
                "0101010111": 1,
                "1011001000": 1,
                "1001100101": 1,
                "0110001011": 1,
                "0010001010": 1,
                "0011111101": 1,
                "1000010010": 1,
                "0110011100": 1,
                "1001000111": 1,
                "1100001000": 2,
                "0000000101": 1,
                "0101000000": 1,
                "1100000010": 1,
                "1010010001": 1,
                "0110000111": 2,
                "1001000011": 1,
                "0111100011": 1,
                "1101001110": 1,
                "1100011100": 1,
                "0010011110": 1,
                "1111001100": 2,
                "0110110110": 1
            },
            true,
            0.81
        ],
        [
            [
                [
                    -7,
                    -5,
                    4
                ],
                [
                    6,
                    -4,
                    -3
                ],
                [
                    7,
                    -9,
                    8
                ],
                [
                    -7,
                    -4,
                    -5
                ],
                [
                    8,
                    -3,
                    -1
                ],
                [
                    -10,
                    3,
                    -1
                ],
                [
                    10,
                    -9,
                    -6
                ],
                [
                    2,
                    3,
                    -4
                ],
                [
                    -5,
                    10,
                    -2
                ],
                [
                    6,
                    2,
                    9
                ],
                [
                    -6,
                    -10,
                    8
                ],
                [
                    -6,
                    5,
                    -1
                ],
                [
                    8,
                    -1,
                    -5
                ],
                [
                    -9,
                    -6,
                    -3
                ],
                [
                    3,
                    -1,
                    -6
                ],
                [
                    -8,
                    -9,
                    10
                ],
                [
                    2,
                    10,
                    -8
                ],
                [
                    6,
                    -3,
                    -5
                ],
                [
                    -6,
                    4,
                    -5
                ],
                [
                    1,
                    -9,
                    10
                ],
                [
                    2,
                    10,
                    4
                ],
                [
                    8,
                    -6,
                    -9
                ],
                [
                    -7,
                    8,
                    9
                ],
                [
                    -9,
                    6,
                    1
                ],
                [
                    -9,
                    -8,
                    3
                ],
                [
                    10,
                    -3,
                    -2
                ],
                [
                    -1,
                    8,
                    -3
                ],
                [
                    -8,
                    5,
                    -1
                ],
                [
                    -4,
                    1,
                    -10
                ],
                [
                    -4,
                    -7,
                    10
                ],
                [
                    -6,
                    -9,
                    -7
                ],
                [
                    10,
                    -5,
                    -1
                ],
                [
                    3,
                    5,
                    -10
                ],
                [
                    -7,
                    -5,
                    8
                ],
                [
                    8,
                    9,
                    -5
                ],
                [
                    1,
                    -3,
                    -2
                ],
                [
                    4,
                    2,
                    -10
                ],
                [
                    2,
                    4,
                    -6
                ],
                [
                    -6,
                    9,
                    1
                ],
                [
                    -10,
                    -2,
                    5
                ],
                [
                    -10,
                    1,
                    -8
                ],
                [
                    -3,
                    -8,
                    2
                ],
                [
                    4,
                    2,
                    -10
                ],
                [
                    6,
                    -7,
                    10
                ],
                [
                    1,
                    -10,
                    -8
                ]
            ],
            "{   'fun': 0.87,\n    'jac': None,\n    'nfev': 200,\n    'nit': 100,\n    'njev': None,\n    'x': array([-3.26565418,  2.39754287])}",
            {
                "1100011010": 1,
                "0001111010": 1,
                "1100101011": 1,
                "0010000111": 1,
                "0000001011": 1,
                "1011100010": 1,
                "0000111110": 1,
                "1011001001": 1,
                "1000011011": 1,
                "0111011110": 1,
                "0011100110": 1,
                "1100011110": 1,
                "0000001010": 1,
                "0111111111": 1,
                "1101111000": 1,
                "1110100000": 1,
                "0100001000": 1,
                "0001010001": 1,
                "1001100110": 1,
                "1010011111": 1,
                "1100010001": 1,
                "1000101011": 1,
                "1101010111": 2,
                "0011100000": 1,
                "0010010110": 1,
                "0011001010": 1,
                "1110101110": 1,
                "0100010110": 1,
                "1110110011": 1,
                "1111001000": 1,
                "0001101010": 1,
                "1010101111": 1,
                "1111000111": 1,
                "0101110100": 1,
                "0100100000": 1,
                "1010011001": 2,
                "0000101011": 1,
                "0100100100": 2,
                "1001000010": 2,
                "0010000010": 1,
                "1001100101": 1,
                "0110100111": 1,
                "1010111111": 5,
                "1001011000": 1,
                "0000000011": 2,
                "0010101100": 1,
                "0011110111": 1,
                "1001011100": 1,
                "1000101010": 1,
                "1100100001": 1,
                "0101110010": 1,
                "1011000100": 1,
                "0010001010": 5,
                "1010010111": 1,
                "1110101101": 1,
                "1011100000": 1,
                "1010010011": 1,
                "1111110111": 1,
                "1101110110": 1,
                "1011001101": 1,
                "1110111010": 1,
                "0101011001": 1,
                "0100110011": 1,
                "0000000010": 2,
                "1001101111": 1,
                "0000001110": 1,
                "1001011001": 1,
                "0011110010": 1,
                "0111111110": 1,
                "1100100000": 2,
                "0001011111": 1,
                "0010010111": 1,
                "0111001100": 1,
                "1000110100": 1,
                "1001101101": 1,
                "1101001000": 1,
                "1000111001": 1,
                "1001011110": 1,
                "1111111111": 1,
                "1010010001": 1,
                "1001001101": 1,
                "1110000101": 1,
                "0111000101": 1,
                "0110100010": 1,
                "0100101101": 1
            },
            true,
            0.75
        ],
        [
            [
                [
                    4,
                    -5,
                    10
                ],
                [
                    -7,
                    -8,
                    6
                ],
                [
                    -6,
                    -10,
                    3
                ],
                [
                    7,
                    9,
                    3
                ],
                [
                    8,
                    6,
                    -2
                ],
                [
                    -4,
                    9,
                    -6
                ],
                [
                    -6,
                    5,
                    -9
                ],
                [
                    -2,
                    -5,
                    -10
                ],
                [
                    3,
                    1,
                    -7
                ],
                [
                    1,
                    -5,
                    7
                ],
                [
                    2,
                    3,
                    -6
                ],
                [
                    5,
                    -3,
                    -6
                ],
                [
                    -5,
                    1,
                    -3
                ],
                [
                    3,
                    -1,
                    -5
                ],
                [
                    -7,
                    10,
                    -4
                ],
                [
                    -1,
                    4,
                    -7
                ],
                [
                    4,
                    9,
                    -3
                ],
                [
                    9,
                    -7,
                    1
                ],
                [
                    4,
                    -5,
                    6
                ],
                [
                    5,
                    7,
                    -9
                ],
                [
                    -10,
                    -8,
                    -2
                ],
                [
                    8,
                    9,
                    -1
                ],
                [
                    6,
                    -1,
                    -10
                ],
                [
                    7,
                    -5,
                    -3
                ],
                [
                    5,
                    -1,
                    9
                ],
                [
                    -2,
                    -5,
                    1
                ],
                [
                    -6,
                    9,
                    -4
                ],
                [
                    9,
                    -5,
                    -1
                ],
                [
                    -8,
                    10,
                    -6
                ],
                [
                    2,
                    6,
                    9
                ],
                [
                    3,
                    5,
                    1
                ],
                [
                    7,
                    10,
                    5
                ],
                [
                    -9,
                    -1,
                    -5
                ],
                [
                    -1,
                    -7,
                    -8
                ],
                [
                    -7,
                    8,
                    6
                ],
                [
                    2,
                    -3,
                    -8
                ],
                [
                    -9,
                    3,
                    4
                ],
                [
                    3,
                    10,
                    8
                ],
                [
                    2,
                    4,
                    8
                ],
                [
                    5,
                    -4,
                    2
                ],
                [
                    7,
                    -6,
                    3
                ],
                [
                    6,
                    4,
                    3
                ],
                [
                    -6,
                    8,
                    5
                ],
                [
                    8,
                    -2,
                    6
                ],
                [
                    -4,
                    1,
                    10
                ]
            ],
            "{   'fun': 1.0,\n    'jac': None,\n    'nfev': 200,\n    'nit': 100,\n    'njev': None,\n    'x': array([nan, nan])}",
            {
                "1001000101": 1,
                "0111101111": 1,
                "0010111010": 1,
                "0010101001": 1,
                "0000110110": 1,
                "0110011000": 1,
                "1110001010": 1,
                "1100100100": 1,
                "0011000001": 1,
                "1110100011": 1,
                "0000001000": 1,
                "0101010100": 1,
                "0000111111": 1,
                "0011101011": 1,
                "0110110000": 1,
                "1000001101": 1,
                "0101001011": 1,
                "0010101011": 1,
                "1100010011": 1,
                "0101101111": 1,
                "1111001111": 1,
                "1110011101": 1,
                "1001001101": 1,
                "0010001001": 1,
                "0011011001": 1,
                "0001111000": 1,
                "0000001001": 1,
                "0100000001": 1,
                "0101111001": 1,
                "1001010101": 1,
                "0000111101": 1,
                "1001010001": 1,
                "1001110010": 1,
                "1000010101": 1,
                "1111010010": 1,
                "1101110011": 1,
                "1010101111": 1,
                "1110010010": 1,
                "1110101100": 1,
                "1011111100": 1,
                "1000010110": 1,
                "1100111000": 2,
                "0000101011": 1,
                "1000001100": 1,
                "1001100010": 1,
                "1010111000": 1,
                "0000110111": 1,
                "0101110101": 1,
                "0010001010": 1,
                "1010111010": 1,
                "1101110010": 1,
                "1110001011": 1,
                "1101000111": 1,
                "0100011001": 1,
                "1010101011": 1,
                "1101000101": 1,
                "1110000111": 1,
                "0000000111": 1,
                "0101101001": 3,
                "0100000100": 1,
                "1001101100": 1,
                "0001000101": 1,
                "1001011011": 1,
                "1101111000": 1,
                "1011010011": 1,
                "0101001110": 1,
                "0001101010": 1,
                "1111000100": 1,
                "1000100111": 1,
                "0101100010": 1,
                "0001110001": 1,
                "0011100111": 1,
                "0101011101": 1,
                "0011100011": 1,
                "1101100100": 1,
                "0001001000": 1,
                "1100011011": 1,
                "1000010001": 1,
                "0011100000": 1,
                "1000000100": 1,
                "0110110010": 1,
                "0110011110": 1,
                "1100001000": 1,
                "1100101101": 1,
                "0000110101": 1,
                "1001011101": 1,
                "1001000110": 1,
                "0100100001": 1,
                "0001111010": 1,
                "0110110100": 1,
                "1001101111": 1,
                "1000000111": 1,
                "1100010101": 2,
                "0111001111": 1,
                "0001110110": 1,
                "0001111001": 1
            },
            false,
            1.0
        ]
    ]
}