{
    "n": 10,
    "m": 45,
    "results": [
        [
            [
                [
                    4,
                    -2,
                    1
                ],
                [
                    5,
                    -6,
                    2
                ],
                [
                    -8,
                    10,
                    2
                ],
                [
                    -8,
                    10,
                    9
                ],
                [
                    -4,
                    7,
                    -8
                ],
                [
                    5,
                    -3,
                    7
                ],
                [
                    -2,
                    3,
                    -4
                ],
                [
                    -2,
                    8,
                    5
                ],
                [
                    -4,
                    3,
                    -9
                ],
                [
                    -10,
                    2,
                    7
                ],
                [
                    2,
                    -9,
                    -7
                ],
                [
                    5,
                    2,
                    3
                ],
                [
                    -5,
                    -4,
                    -9
                ],
                [
                    3,
                    -4,
                    -2
                ],
                [
                    -2,
                    -3,
                    1
                ],
                [
                    -1,
                    -8,
                    2
                ],
                [
                    1,
                    6,
                    -9
                ],
                [
                    1,
                    -3,
                    -10
                ],
                [
                    -6,
                    -4,
                    -5
                ],
                [
                    8,
                    9,
                    3
                ],
                [
                    1,
                    -6,
                    2
                ],
                [
                    -7,
                    -6,
                    3
                ],
                [
                    6,
                    9,
                    2
                ],
                [
                    10,
                    -3,
                    6
                ],
                [
                    2,
                    -8,
                    -10
                ],
                [
                    1,
                    8,
                    3
                ],
                [
                    8,
                    4,
                    1
                ],
                [
                    -2,
                    5,
                    3
                ],
                [
                    4,
                    2,
                    6
                ],
                [
                    -4,
                    -1,
                    -10
                ],
                [
                    -4,
                    -10,
                    9
                ],
                [
                    9,
                    -8,
                    -7
                ],
                [
                    9,
                    -10,
                    -3
                ],
                [
                    8,
                    1,
                    -4
                ],
                [
                    -8,
                    -7,
                    -6
                ],
                [
                    -2,
                    -1,
                    3
                ],
                [
                    5,
                    8,
                    -1
                ],
                [
                    -4,
                    5,
                    -2
                ],
                [
                    9,
                    8,
                    1
                ],
                [
                    7,
                    -1,
                    -10
                ],
                [
                    1,
                    9,
                    -2
                ],
                [
                    -6,
                    1,
                    -10
                ],
                [
                    6,
                    1,
                    7
                ],
                [
                    5,
                    -1,
                    -2
                ],
                [
                    -10,
                    5,
                    3
                ]
            ],
            "{   'fun': 0.94,\n    'jac': None,\n    'nfev': 115,\n    'nit': 2,\n    'njev': 23,\n    'x': array([0.52740292, 0.17713373, 0.19211651, 0.02383521])}",
            {
                "0010100100": 1,
                "0000011111": 1,
                "1100101111": 1,
                "0101110101": 1,
                "0011010110": 1,
                "1100110111": 1,
                "0001101100": 1,
                "0011100001": 1,
                "1111110010": 1,
                "0010101011": 1,
                "1101110000": 1,
                "1001010001": 1,
                "1101110101": 1,
                "0000110111": 1,
                "0100110001": 1,
                "0110010011": 1,
                "1001001101": 1,
                "1010110010": 1,
                "0010101001": 1,
                "1101101001": 1,
                "1000111011": 1,
                "1010111100": 1,
                "1100001001": 1,
                "0100110101": 1,
                "1111101100": 1,
                "1011101011": 1,
                "0110001101": 1,
                "0010101000": 2,
                "0001101111": 1,
                "1100001000": 2,
                "0000101000": 1,
                "1110110110": 1,
                "0110101001": 1,
                "0011110111": 1,
                "0100111000": 1,
                "0110011101": 1,
                "0011011110": 1,
                "0001111111": 1,
                "1001110111": 1,
                "1100001010": 1,
                "1001100100": 1,
                "0111100100": 1,
                "0110111000": 1,
                "1010010010": 1,
                "1101010110": 1,
                "1000100010": 1,
                "1000000010": 1,
                "1011011101": 1,
                "0010001001": 1,
                "1110001100": 1,
                "1110010111": 1,
                "1110100001": 1,
                "0110111110": 1,
                "0001110100": 1,
                "0011011000": 1,
                "1000011011": 1,
                "0110011010": 1,
                "1000101100": 1,
                "0011000100": 1,
                "1000011100": 1,
                "1101011011": 1,
                "0110000010": 1,
                "1010001000": 1,
                "1011110000": 1,
                "1110110011": 1,
                "1110011100": 1,
                "0001010010": 1,
                "0000111110": 1,
                "0010100011": 1,
                "1011101001": 1,
                "1001010111": 1,
                "1111001000": 1,
                "1101111110": 1,
                "0100110111": 2,
                "0110010010": 1,
                "0100100101": 2,
                "1000110010": 1,
                "1110000000": 1,
                "1010001010": 1,
                "0011111001": 2,
                "0011000101": 1,
                "1001100011": 1,
                "0110101111": 1,
                "1111111100": 1,
                "0001110111": 1,
                "1111001011": 1,
                "1110001000": 1,
                "1000010000": 1,
                "1101010111": 1,
                "0010110000": 1,
                "1011001100": 1,
                "1001010100": 1,
                "0101011100": 1,
                "1111001010": 1,
                "1011101100": 1
            },
            true,
            0.86
        ],
        [
            [
                [
                    8,
                    -1,
                    -10
                ],
                [
                    9,
                    -5,
                    8
                ],
                [
                    6,
                    4,
                    -2
                ],
                [
                    5,
                    -9,
                    -2
                ],
                [
                    -10,
                    3,
                    2
                ],
                [
                    8,
                    1,
                    2
                ],
                [
                    -8,
                    -1,
                    5
                ],
                [
                    -10,
                    5,
                    3
                ],
                [
                    8,
                    10,
                    5
                ],
                [
                    9,
                    8,
                    2
                ],
                [
                    7,
                    -4,
                    -2
                ],
                [
                    1,
                    -9,
                    -5
                ],
                [
                    -3,
                    5,
                    -6
                ],
                [
                    6,
                    1,
                    8
                ],
                [
                    -6,
                    5,
                    10
                ],
                [
                    -4,
                    2,
                    -10
                ],
                [
                    8,
                    -5,
                    -4
                ],
                [
                    -1,
                    3,
                    8
                ],
                [
                    8,
                    -9,
                    -10
                ],
                [
                    5,
                    -6,
                    -2
                ],
                [
                    -3,
                    -10,
                    -1
                ],
                [
                    -3,
                    2,
                    -10
                ],
                [
                    -6,
                    9,
                    8
                ],
                [
                    -5,
                    -2,
                    -10
                ],
                [
                    -4,
                    -1,
                    -8
                ],
                [
                    3,
                    -1,
                    -5
                ],
                [
                    2,
                    -5,
                    8
                ],
                [
                    -3,
                    -7,
                    -9
                ],
                [
                    5,
                    -10,
                    -1
                ],
                [
                    1,
                    -2,
                    -5
                ],
                [
                    1,
                    10,
                    3
                ],
                [
                    7,
                    -9,
                    5
                ],
                [
                    -4,
                    6,
                    3
                ],
                [
                    2,
                    6,
                    -10
                ],
                [
                    -1,
                    7,
                    9
                ],
                [
                    8,
                    5,
                    2
                ],
                [
                    3,
                    -6,
                    -4
                ],
                [
                    -10,
                    2,
                    -5
                ],
                [
                    -3,
                    9,
                    -4
                ],
                [
                    4,
                    5,
                    3
                ],
                [
                    7,
                    -6,
                    5
                ],
                [
                    -1,
                    -6,
                    8
                ],
                [
                    4,
                    3,
                    -7
                ],
                [
                    -9,
                    -7,
                    3
                ],
                [
                    -8,
                    -1,
                    -2
                ]
            ],
            "{   'fun': 0.99,\n    'jac': None,\n    'nfev': 220,\n    'nit': 3,\n    'njev': 44,\n    'x': array([2.42272846, 2.07750161, 1.74635442, 2.86819173])}",
            {
                "1000001101": 1,
                "1110011100": 1,
                "0001111111": 1,
                "1100101000": 1,
                "1011001100": 1,
                "1011000011": 1,
                "0111100111": 1,
                "1011011101": 1,
                "1000101111": 1,
                "0111111001": 1,
                "1001100001": 1,
                "0010011101": 1,
                "1010010001": 1,
                "0011001001": 1,
                "1100010111": 1,
                "0000001011": 1,
                "1101101110": 1,
                "0011011100": 1,
                "0010010101": 1,
                "0011000100": 1,
                "0110100110": 1,
                "0001001001": 1,
                "0110110110": 1,
                "1110110000": 1,
                "1101101111": 1,
                "1101101000": 1,
                "1100101101": 1,
                "1111001011": 1,
                "0100010001": 1,
                "0110010101": 1,
                "1110111111": 1,
                "1101100111": 1,
                "0000011101": 1,
                "0011110100": 2,
                "0101111111": 1,
                "1000011101": 1,
                "1001100010": 1,
                "0100011011": 1,
                "1001001011": 1,
                "1110100001": 1,
                "1111010001": 1,
                "1100011110": 1,
                "0111110001": 2,
                "1000111001": 1,
                "1011010001": 1,
                "1111001010": 1,
                "0000100010": 1,
                "1011101001": 1,
                "0010111010": 1,
                "1110000111": 1,
                "1100101010": 1,
                "1000000111": 1,
                "0100101110": 1,
                "1110101100": 1,
                "1011111100": 1,
                "0111100001": 1,
                "1010110001": 1,
                "1000010110": 1,
                "0010110001": 1,
                "1000111011": 1,
                "0001111010": 1,
                "0001001111": 1,
                "1111011111": 1,
                "0010010110": 1,
                "0011001010": 1,
                "0101000111": 1,
                "0100110001": 1,
                "0001101110": 1,
                "0010111110": 1,
                "1001111000": 1,
                "0101000001": 1,
                "1110011010": 1,
                "1100110011": 1,
                "0010111101": 1,
                "1101010111": 1,
                "0011001101": 1,
                "0001011010": 1,
                "1010001101": 1,
                "0111101011": 1,
                "0011110010": 1,
                "1001010011": 1,
                "1001100011": 1,
                "0100111101": 1,
                "0010001101": 1,
                "1100010011": 1,
                "1011110001": 1,
                "1101000001": 1,
                "0110001010": 1,
                "1001001001": 1,
                "1010010101": 1,
                "0011110000": 1,
                "1100000101": 1,
                "0000110101": 1,
                "1001000110": 1,
                "1111010100": 1,
                "0100111000": 1,
                "1011100100": 1,
                "1110111001": 1
            },
            true,
            0.89
        ],
        [
            [
                [
                    -6,
                    10,
                    -2
                ],
                [
                    1,
                    3,
                    2
                ],
                [
                    -10,
                    -2,
                    1
                ],
                [
                    8,
                    -6,
                    10
                ],
                [
                    1,
                    -8,
                    10
                ],
                [
                    -1,
                    10,
                    6
                ],
                [
                    -9,
                    -8,
                    -10
                ],
                [
                    6,
                    8,
                    -10
                ],
                [
                    -2,
                    1,
                    -8
                ],
                [
                    1,
                    10,
                    3
                ],
                [
                    -1,
                    -2,
                    -6
                ],
                [
                    -6,
                    -1,
                    9
                ],
                [
                    7,
                    -8,
                    5
                ],
                [
                    1,
                    -10,
                    2
                ],
                [
                    10,
                    -1,
                    5
                ],
                [
                    -5,
                    4,
                    9
                ],
                [
                    -9,
                    -8,
                    -10
                ],
                [
                    10,
                    -8,
                    -7
                ],
                [
                    -9,
                    -4,
                    7
                ],
                [
                    -7,
                    -3,
                    2
                ],
                [
                    -2,
                    5,
                    -6
                ],
                [
                    10,
                    -8,
                    3
                ],
                [
                    7,
                    4,
                    5
                ],
                [
                    -6,
                    -9,
                    -7
                ],
                [
                    -3,
                    -4,
                    7
                ],
                [
                    4,
                    -8,
                    9
                ],
                [
                    -1,
                    -8,
                    -3
                ],
                [
                    -2,
                    -1,
                    -10
                ],
                [
                    -3,
                    -5,
                    8
                ],
                [
                    9,
                    -10,
                    -1
                ],
                [
                    -1,
                    6,
                    -2
                ],
                [
                    -8,
                    -7,
                    3
                ],
                [
                    -5,
                    -7,
                    2
                ],
                [
                    5,
                    -1,
                    -4
                ],
                [
                    -8,
                    2,
                    -9
                ],
                [
                    -4,
                    -3,
                    10
                ],
                [
                    -2,
                    7,
                    -8
                ],
                [
                    7,
                    5,
                    -3
                ],
                [
                    8,
                    -7,
                    9
                ],
                [
                    1,
                    -5,
                    -7
                ],
                [
                    -10,
                    -6,
                    -9
                ],
                [
                    -2,
                    5,
                    -1
                ],
                [
                    -8,
                    1,
                    9
                ],
                [
                    2,
                    10,
                    9
                ],
                [
                    3,
                    -1,
                    2
                ]
            ],
            "{   'fun': 1.0,\n    'jac': None,\n    'nfev': 105,\n    'nit': 0,\n    'njev': 21,\n    'x': array([1.02628103, 2.59942956, 1.58516241, 1.45514712])}",
            {
                "1100000111": 1,
                "0000010101": 1,
                "0001011100": 1,
                "0110111110": 1,
                "0100001101": 1,
                "0111011000": 1,
                "1111100001": 1,
                "0001110010": 1,
                "1111111001": 1,
                "1001111101": 1,
                "0000110001": 1,
                "1110100110": 1,
                "1110000010": 1,
                "1001100100": 1,
                "0010101000": 1,
                "0011001000": 1,
                "1110110010": 1,
                "0001110110": 1,
                "1001001100": 1,
                "1000000001": 1,
                "0110101110": 1,
                "0101110011": 1,
                "1010001001": 1,
                "1110100011": 1,
                "1101010011": 1,
                "1111110110": 1,
                "0100000100": 1,
                "1111101111": 1,
                "1100001011": 1,
                "1101111011": 1,
                "1110101101": 1,
                "0100000110": 3,
                "0010101110": 1,
                "1000100011": 1,
                "0110101111": 1,
                "1001111010": 1,
                "1100000100": 1,
                "1001101011": 1,
                "0011101110": 1,
                "0110111111": 1,
                "0001001111": 1,
                "1010100011": 1,
                "1101011110": 2,
                "0100100100": 1,
                "0001000000": 1,
                "0111100111": 1,
                "1111011101": 1,
                "1101110101": 1,
                "0110010101": 1,
                "1011110100": 1,
                "1110000101": 1,
                "1001110101": 1,
                "1000001010": 1,
                "0111101000": 2,
                "0001110100": 1,
                "1100100111": 1,
                "0111101010": 1,
                "0100101001": 1,
                "1000110110": 1,
                "1010011011": 1,
                "0010011011": 1,
                "1100111001": 1,
                "1001101101": 1,
                "1101001000": 1,
                "0111110010": 1,
                "1011000110": 1,
                "1000010111": 1,
                "1011110110": 1,
                "0000101110": 1,
                "1100000110": 1,
                "1100000001": 2,
                "0011010111": 1,
                "1001001111": 1,
                "0100001000": 1,
                "0110010000": 1,
                "1101101111": 1,
                "0101100001": 1,
                "1011010000": 1,
                "1000110100": 1,
                "0111100001": 1,
                "0011100100": 1,
                "1001100000": 1,
                "0001101100": 1,
                "0100100110": 1,
                "1111110000": 1,
                "1010101010": 1,
                "1011001000": 1,
                "0000110010": 1,
                "1010111001": 1,
                "1001110001": 1,
                "0101100000": 1,
                "1001011000": 1,
                "1010100010": 1,
                "0010110101": 1,
                "0111000000": 1
            },
            false,
            0.98
        ],
        [
            [
                [
                    5,
                    7,
                    -2
                ],
                [
                    10,
                    -5,
                    1
                ],
                [
                    5,
                    6,
                    -8
                ],
                [
                    10,
                    -3,
                    2
                ],
                [
                    10,
                    7,
                    9
                ],
                [
                    -2,
                    -1,
                    3
                ],
                [
                    1,
                    -7,
                    -10
                ],
                [
                    4,
                    -1,
                    9
                ],
                [
                    -10,
                    -2,
                    5
                ],
                [
                    6,
                    -8,
                    3
                ],
                [
                    5,
                    4,
                    -6
                ],
                [
                    1,
                    9,
                    -4
                ],
                [
                    4,
                    -3,
                    1
                ],
                [
                    7,
                    -8,
                    3
                ],
                [
                    3,
                    -10,
                    -1
                ],
                [
                    -3,
                    -6,
                    -1
                ],
                [
                    -10,
                    2,
                    6
                ],
                [
                    4,
                    10,
                    9
                ],
                [
                    8,
                    7,
                    -6
                ],
                [
                    -6,
                    -8,
                    -10
                ],
                [
                    7,
                    5,
                    -3
                ],
                [
                    5,
                    10,
                    -6
                ],
                [
                    -9,
                    -5,
                    -7
                ],
                [
                    -4,
                    -7,
                    -2
                ],
                [
                    10,
                    5,
                    6
                ],
                [
                    10,
                    9,
                    5
                ],
                [
                    7,
                    -1,
                    -10
                ],
                [
                    8,
                    -9,
                    5
                ],
                [
                    10,
                    -9,
                    2
                ],
                [
                    1,
                    -5,
                    10
                ],
                [
                    -10,
                    6,
                    4
                ],
                [
                    -3,
                    -10,
                    9
                ],
                [
                    10,
                    9,
                    -6
                ],
                [
                    -3,
                    -4,
                    8
                ],
                [
                    7,
                    10,
                    5
                ],
                [
                    6,
                    -8,
                    -7
                ],
                [
                    10,
                    -8,
                    -5
                ],
                [
                    5,
                    -8,
                    1
                ],
                [
                    -3,
                    10,
                    -1
                ],
                [
                    8,
                    3,
                    -9
                ],
                [
                    -4,
                    2,
                    -7
                ],
                [
                    1,
                    2,
                    9
                ],
                [
                    -10,
                    7,
                    2
                ],
                [
                    1,
                    10,
                    -6
                ],
                [
                    5,
                    1,
                    4
                ]
            ],
            "{   'fun': 1.0,\n    'jac': None,\n    'nfev': 105,\n    'nit': 0,\n    'njev': 21,\n    'x': array([1.79835481, 1.74181394, 1.82882941, 0.02556421])}",
            {
                "0000110000": 1,
                "0000011010": 1,
                "1111100100": 1,
                "1111001101": 1,
                "0110010011": 1,
                "0010000111": 1,
                "1000010000": 1,
                "0011011010": 1,
                "0100011010": 1,
                "1111011000": 1,
                "1011110100": 1,
                "0111101111": 1,
                "1001110001": 1,
                "1001010001": 1,
                "1111000011": 1,
                "0011101011": 1,
                "1111101001": 1,
                "0000010010": 1,
                "1000111001": 1,
                "1010001101": 1,
                "0110110010": 2,
                "1000101100": 1,
                "1100001101": 1,
                "0010000000": 1,
                "0111101100": 1,
                "1100000111": 1,
                "0010111110": 1,
                "1100101001": 1,
                "1100010011": 1,
                "0011111010": 1,
                "0101011111": 1,
                "1010110000": 1,
                "0100100100": 1,
                "1000001100": 1,
                "1011101000": 1,
                "1100110110": 1,
                "1111111000": 1,
                "1010100100": 1,
                "1000001111": 1,
                "1000010011": 1,
                "1011011100": 1,
                "0000101100": 2,
                "0101000011": 1,
                "0001010010": 1,
                "0000100011": 1,
                "1001011100": 1,
                "0011100100": 2,
                "0001110011": 1,
                "0001000011": 1,
                "0000001111": 1,
                "0010000011": 1,
                "0001101110": 1,
                "1111100001": 1,
                "1110011111": 1,
                "1001011000": 1,
                "0000100111": 1,
                "0010010011": 1,
                "1101101101": 1,
                "0010111101": 1,
                "1000101010": 1,
                "0010010110": 1,
                "0011001010": 1,
                "0111001010": 1,
                "1000110011": 2,
                "1110100001": 1,
                "0110110000": 1,
                "1001001011": 1,
                "1101001000": 1,
                "0001101000": 1,
                "1110011110": 2,
                "0111011101": 1,
                "1111110000": 1,
                "0110011100": 1,
                "1100011011": 1,
                "0001011101": 1,
                "0001010100": 1,
                "1101010101": 2,
                "0110000000": 1,
                "1000101001": 1,
                "0001100001": 1,
                "0101101110": 1,
                "1111001111": 1,
                "0101000000": 1,
                "1001110000": 2,
                "0110011010": 1,
                "0111101101": 1,
                "1110001000": 2,
                "1101001001": 1,
                "1111111111": 1,
                "0101101011": 1,
                "0011001100": 1,
                "1001100011": 1
            },
            false,
            0.96
        ],
        [
            [
                [
                    6,
                    2,
                    -1
                ],
                [
                    -8,
                    9,
                    -7
                ],
                [
                    9,
                    -7,
                    3
                ],
                [
                    -3,
                    -6,
                    5
                ],
                [
                    -5,
                    3,
                    -6
                ],
                [
                    -1,
                    -3,
                    -5
                ],
                [
                    -5,
                    -10,
                    4
                ],
                [
                    -1,
                    9,
                    -7
                ],
                [
                    1,
                    -4,
                    -2
                ],
                [
                    -5,
                    9,
                    -2
                ],
                [
                    9,
                    -3,
                    -1
                ],
                [
                    4,
                    6,
                    5
                ],
                [
                    -8,
                    5,
                    -6
                ],
                [
                    -5,
                    2,
                    -1
                ],
                [
                    -1,
                    4,
                    -9
                ],
                [
                    5,
                    -6,
                    10
                ],
                [
                    -6,
                    -9,
                    -1
                ],
                [
                    1,
                    2,
                    -10
                ],
                [
                    10,
                    1,
                    7
                ],
                [
                    10,
                    -2,
                    1
                ],
                [
                    -8,
                    -6,
                    7
                ],
                [
                    7,
                    -3,
                    -10
                ],
                [
                    3,
                    -9,
                    -2
                ],
                [
                    -3,
                    6,
                    8
                ],
                [
                    10,
                    -5,
                    -3
                ],
                [
                    8,
                    6,
                    9
                ],
                [
                    -9,
                    10,
                    -2
                ],
                [
                    -7,
                    9,
                    8
                ],
                [
                    9,
                    1,
                    6
                ],
                [
                    -2,
                    -7,
                    -9
                ],
                [
                    -10,
                    -4,
                    5
                ],
                [
                    9,
                    7,
                    6
                ],
                [
                    -3,
                    -7,
                    -8
                ],
                [
                    -7,
                    4,
                    -5
                ],
                [
                    -10,
                    1,
                    4
                ],
                [
                    6,
                    -1,
                    -4
                ],
                [
                    1,
                    7,
                    3
                ],
                [
                    -3,
                    -5,
                    9
                ],
                [
                    -8,
                    -2,
                    -3
                ],
                [
                    -4,
                    -5,
                    9
                ],
                [
                    4,
                    7,
                    8
                ],
                [
                    2,
                    4,
                    9
                ],
                [
                    10,
                    2,
                    -5
                ],
                [
                    7,
                    6,
                    9
                ],
                [
                    -1,
                    -5,
                    -10
                ]
            ],
            "{   'fun': 0.99,\n    'jac': None,\n    'nfev': 100,\n    'nit': 1,\n    'njev': 20,\n    'x': array([2.82256757, 1.00300701, 0.60898675, 1.17804058])}",
            {
                "0110011000": 1,
                "0010000101": 1,
                "1101110011": 1,
                "1001000000": 1,
                "1011011011": 1,
                "1111111000": 1,
                "0111000000": 1,
                "1110111110": 1,
                "1101000001": 1,
                "1111000001": 1,
                "0001000010": 1,
                "0000000110": 1,
                "1101001111": 1,
                "0100000100": 1,
                "1110110001": 1,
                "0001111101": 2,
                "1010001011": 1,
                "1000010001": 1,
                "1000011101": 1,
                "1111001101": 1,
                "1011011111": 1,
                "0010010100": 1,
                "0111000011": 1,
                "0101010010": 1,
                "0100001100": 1,
                "0110011011": 1,
                "0010010101": 1,
                "1011010010": 1,
                "0010010001": 1,
                "1110000011": 1,
                "1111011101": 1,
                "0101001000": 2,
                "0000101001": 1,
                "1011011101": 1,
                "1100100001": 1,
                "1011000100": 1,
                "0101001101": 1,
                "0110001001": 1,
                "0000011100": 1,
                "1000111011": 1,
                "1101100011": 1,
                "0111101000": 1,
                "0000111101": 1,
                "0110101101": 1,
                "0000101011": 1,
                "1010110000": 1,
                "1111111011": 1,
                "1101100000": 1,
                "0010001110": 1,
                "1111000000": 1,
                "0110011101": 1,
                "1101111101": 1,
                "1110101000": 1,
                "0001101111": 1,
                "1000110110": 1,
                "0111001000": 2,
                "1001111001": 1,
                "0101000010": 1,
                "1000111100": 1,
                "0110110101": 1,
                "1110010100": 2,
                "0000001011": 1,
                "0100100001": 1,
                "0111001010": 1,
                "0111011010": 1,
                "0100110001": 1,
                "1101110100": 1,
                "0110010000": 2,
                "1010000011": 1,
                "1100000100": 1,
                "0011100101": 1,
                "0111111110": 1,
                "1110000010": 1,
                "1100100000": 1,
                "1111011110": 1,
                "1111010000": 1,
                "0010011111": 1,
                "0111100001": 1,
                "1010000000": 1,
                "0101001001": 2,
                "0010111000": 1,
                "0010001011": 1,
                "1000011111": 1,
                "0111111001": 2,
                "1111001111": 1,
                "1000110111": 1,
                "1110001101": 1,
                "0100101110": 1,
                "0001110011": 1,
                "1100111010": 1,
                "0101100111": 1,
                "1001000011": 1,
                "0110000000": 1
            },
            true,
            0.93
        ]
    ]
}