{
    "n": 10,
    "m": 45,
    "results": [
        [
            [
                [
                    2,
                    -4,
                    1
                ],
                [
                    -8,
                    -1,
                    -7
                ],
                [
                    -3,
                    -1,
                    6
                ],
                [
                    -2,
                    -3,
                    -5
                ],
                [
                    4,
                    8,
                    5
                ],
                [
                    -4,
                    7,
                    -3
                ],
                [
                    5,
                    8,
                    -10
                ],
                [
                    -9,
                    6,
                    -5
                ],
                [
                    -1,
                    -9,
                    2
                ],
                [
                    -2,
                    -9,
                    -1
                ],
                [
                    3,
                    4,
                    -10
                ],
                [
                    5,
                    10,
                    -3
                ],
                [
                    3,
                    2,
                    -5
                ],
                [
                    3,
                    -7,
                    -2
                ],
                [
                    -2,
                    -7,
                    -10
                ],
                [
                    -2,
                    8,
                    -1
                ],
                [
                    8,
                    -4,
                    -9
                ],
                [
                    -9,
                    10,
                    -2
                ],
                [
                    -4,
                    7,
                    2
                ],
                [
                    -1,
                    -8,
                    2
                ],
                [
                    -4,
                    -8,
                    -6
                ],
                [
                    -10,
                    -3,
                    -1
                ],
                [
                    -8,
                    -7,
                    -10
                ],
                [
                    1,
                    -10,
                    4
                ],
                [
                    -5,
                    -6,
                    2
                ],
                [
                    -5,
                    -6,
                    -8
                ],
                [
                    -8,
                    7,
                    6
                ],
                [
                    10,
                    -8,
                    -7
                ],
                [
                    1,
                    10,
                    -4
                ],
                [
                    -4,
                    -10,
                    -5
                ],
                [
                    -6,
                    -3,
                    -1
                ],
                [
                    5,
                    -1,
                    -8
                ],
                [
                    6,
                    -5,
                    -2
                ],
                [
                    -10,
                    -9,
                    -2
                ],
                [
                    -1,
                    8,
                    7
                ],
                [
                    6,
                    -7,
                    -2
                ],
                [
                    2,
                    5,
                    6
                ],
                [
                    -9,
                    -5,
                    -4
                ],
                [
                    -6,
                    2,
                    -4
                ],
                [
                    10,
                    2,
                    -1
                ],
                [
                    2,
                    -9,
                    -1
                ],
                [
                    -3,
                    7,
                    -2
                ],
                [
                    1,
                    -2,
                    8
                ],
                [
                    5,
                    4,
                    1
                ],
                [
                    -6,
                    -5,
                    -2
                ]
            ],
            "{   'fun': 0.99,\n    'jac': None,\n    'nfev': 493,\n    'nit': 3,\n    'njev': 29,\n    'x': array([1.56829041, 2.70425762, 1.1124911 , 2.23230742, 1.59969009,\n       3.10670537, 2.43367616, 0.15758597, 0.8454315 , 1.22578626,\n       2.83200711, 0.82193501, 1.15175689, 2.8032758 , 0.40026443,\n       2.63297969])}",
            {
                "1001011100": 1,
                "1110001010": 1,
                "0100001111": 1,
                "0100001110": 1,
                "0010100110": 1,
                "1001011001": 1,
                "1110000010": 1,
                "0110000011": 1,
                "1000010110": 1,
                "1110111101": 1,
                "1010110001": 1,
                "0110111011": 1,
                "1100111110": 1,
                "0111110011": 2,
                "1010011100": 1,
                "1100001000": 1,
                "1010011101": 1,
                "1101011100": 1,
                "0110100110": 1,
                "0000010100": 1,
                "1010100100": 1,
                "1011101000": 1,
                "0000000000": 1,
                "1101100101": 1,
                "0001010001": 1,
                "0111100000": 1,
                "1001001110": 1,
                "1000100010": 1,
                "1001111011": 1,
                "1000101101": 1,
                "1111010010": 1,
                "1001110011": 2,
                "1000110111": 1,
                "1101011110": 1,
                "0101010000": 1,
                "1010111110": 1,
                "1001110001": 1,
                "0100100000": 1,
                "0111000011": 1,
                "1100100111": 1,
                "1101110001": 1,
                "0000010111": 1,
                "0001110100": 2,
                "0011011100": 2,
                "1111100010": 1,
                "1100111011": 1,
                "1111001010": 1,
                "0100110001": 2,
                "0111011101": 1,
                "0100111110": 1,
                "0011011111": 1,
                "0100101001": 1,
                "0001000110": 1,
                "1000110110": 2,
                "1011000011": 1,
                "0100011100": 1,
                "1101101101": 1,
                "0011100110": 1,
                "0100010000": 1,
                "0111111010": 2,
                "0011100111": 1,
                "0101000011": 1,
                "0111011100": 1,
                "1111110110": 1,
                "0100110011": 1,
                "0001010100": 1,
                "0101100100": 1,
                "0101110100": 2,
                "0001101101": 1,
                "1011011000": 1,
                "0110000111": 1,
                "0110100010": 1,
                "0101000010": 1,
                "1001100001": 1,
                "0101011100": 1,
                "1001010100": 1,
                "1001101101": 1,
                "1110011011": 1,
                "0011011001": 1,
                "0010010100": 1,
                "1101011010": 1,
                "1110010010": 1,
                "0010011110": 1,
                "0100000010": 1,
                "1011001011": 1,
                "1000001111": 1,
                "1000011101": 1,
                "1100111100": 1,
                "1011000101": 1,
                "0011000100": 1,
                "0011101000": 1,
                "0100010001": 1
            },
            true,
            0.94
        ],
        [
            [
                [
                    -2,
                    9,
                    -8
                ],
                [
                    9,
                    -4,
                    8
                ],
                [
                    3,
                    -1,
                    10
                ],
                [
                    -9,
                    -1,
                    -10
                ],
                [
                    10,
                    -9,
                    8
                ],
                [
                    9,
                    -8,
                    10
                ],
                [
                    -2,
                    4,
                    -5
                ],
                [
                    7,
                    -1,
                    4
                ],
                [
                    -2,
                    -8,
                    -3
                ],
                [
                    1,
                    7,
                    6
                ],
                [
                    8,
                    2,
                    -5
                ],
                [
                    -1,
                    3,
                    -9
                ],
                [
                    -7,
                    1,
                    5
                ],
                [
                    -9,
                    -6,
                    2
                ],
                [
                    -6,
                    -10,
                    -5
                ],
                [
                    10,
                    -4,
                    1
                ],
                [
                    10,
                    8,
                    9
                ],
                [
                    2,
                    -3,
                    -10
                ],
                [
                    7,
                    3,
                    -5
                ],
                [
                    -1,
                    -3,
                    7
                ],
                [
                    -7,
                    9,
                    -4
                ],
                [
                    -10,
                    1,
                    9
                ],
                [
                    -7,
                    6,
                    3
                ],
                [
                    -7,
                    -3,
                    5
                ],
                [
                    -8,
                    -10,
                    -3
                ],
                [
                    -6,
                    -7,
                    3
                ],
                [
                    6,
                    -10,
                    -2
                ],
                [
                    6,
                    -3,
                    1
                ],
                [
                    10,
                    -2,
                    5
                ],
                [
                    -3,
                    6,
                    -10
                ],
                [
                    6,
                    -3,
                    -9
                ],
                [
                    -6,
                    3,
                    -10
                ],
                [
                    9,
                    7,
                    2
                ],
                [
                    10,
                    7,
                    -8
                ],
                [
                    3,
                    -4,
                    7
                ],
                [
                    7,
                    -6,
                    -5
                ],
                [
                    -7,
                    -1,
                    6
                ],
                [
                    -6,
                    -4,
                    -7
                ],
                [
                    3,
                    8,
                    1
                ],
                [
                    8,
                    1,
                    -7
                ],
                [
                    -4,
                    2,
                    7
                ],
                [
                    2,
                    7,
                    -4
                ],
                [
                    5,
                    1,
                    -7
                ],
                [
                    8,
                    -9,
                    1
                ],
                [
                    9,
                    4,
                    -8
                ]
            ],
            "{   'fun': 1.0,\n    'jac': None,\n    'nfev': 17,\n    'nit': 0,\n    'njev': 1,\n    'x': array([0.9942314 , 0.54689217, 0.10931673, 0.8711891 , 1.9329132 ,\n       1.39376332, 1.24103798, 2.82472802, 2.49340704, 2.50613212,\n       1.43797073, 1.99464014, 2.42585848, 0.03004599, 0.1006817 ,\n       1.16096992])}",
            {
                "0100101101": 1,
                "0110110100": 1,
                "0011001101": 1,
                "0101000011": 1,
                "1100000100": 1,
                "1111110010": 1,
                "0111111101": 1,
                "1100010110": 1,
                "0011101011": 1,
                "0001001111": 1,
                "0010110010": 1,
                "0011010100": 1,
                "0011011001": 1,
                "0011110100": 1,
                "0011010010": 1,
                "1001001111": 1,
                "1011000010": 1,
                "0011111000": 1,
                "1111011110": 1,
                "0111000111": 1,
                "0011011110": 1,
                "0010100011": 1,
                "0000001001": 1,
                "1110011101": 1,
                "0001000111": 2,
                "0101010011": 1,
                "1000101001": 1,
                "0100111110": 1,
                "0100001101": 1,
                "0011110000": 1,
                "1000010111": 1,
                "1011010101": 1,
                "1100000101": 1,
                "0001111101": 1,
                "1010001010": 2,
                "0101010111": 1,
                "1111110000": 1,
                "1001000010": 1,
                "0001000000": 1,
                "1101001110": 1,
                "0011100100": 1,
                "1001100000": 1,
                "1110010010": 1,
                "1011011011": 1,
                "0100110000": 1,
                "1000011011": 1,
                "0111111111": 1,
                "0011011100": 1,
                "1101111101": 1,
                "1001001110": 1,
                "1110110101": 1,
                "0010010010": 1,
                "1001111111": 1,
                "0000000101": 2,
                "0011001010": 1,
                "1100100100": 1,
                "1000110010": 1,
                "0000111010": 1,
                "0001001000": 1,
                "0111011111": 1,
                "0000011101": 1,
                "0111010100": 1,
                "1101111110": 1,
                "1110100111": 1,
                "0011111110": 1,
                "1001001011": 1,
                "1110010111": 1,
                "1101100010": 1,
                "0110100011": 1,
                "0101110000": 1,
                "1010100001": 1,
                "1111101100": 1,
                "1111111101": 1,
                "0110100100": 1,
                "1110110001": 1,
                "1001111000": 1,
                "1100011010": 1,
                "0111010011": 1,
                "0100011010": 1,
                "0111011110": 1,
                "0100010011": 1,
                "0011000111": 1,
                "1001110110": 1,
                "0010100001": 1,
                "0110000100": 1,
                "0111001011": 1,
                "1000011111": 1,
                "0011111001": 1,
                "1000000001": 1,
                "1000001100": 1,
                "1001010010": 1,
                "1010101100": 1,
                "1110101101": 1,
                "0000011110": 1,
                "1011110010": 1,
                "1110011000": 1,
                "1011010111": 1
            },
            false,
            1.0
        ],
        [
            [
                [
                    9,
                    -1,
                    2
                ],
                [
                    -10,
                    1,
                    4
                ],
                [
                    8,
                    9,
                    7
                ],
                [
                    -5,
                    -1,
                    8
                ],
                [
                    -8,
                    -6,
                    2
                ],
                [
                    -10,
                    -1,
                    -2
                ],
                [
                    2,
                    -10,
                    -6
                ],
                [
                    -2,
                    9,
                    -5
                ],
                [
                    5,
                    9,
                    -2
                ],
                [
                    4,
                    5,
                    8
                ],
                [
                    -9,
                    -5,
                    -6
                ],
                [
                    -9,
                    -2,
                    3
                ],
                [
                    1,
                    5,
                    8
                ],
                [
                    3,
                    -6,
                    2
                ],
                [
                    5,
                    6,
                    -1
                ],
                [
                    4,
                    -2,
                    -10
                ],
                [
                    -10,
                    -6,
                    -2
                ],
                [
                    8,
                    7,
                    -5
                ],
                [
                    4,
                    -5,
                    -10
                ],
                [
                    1,
                    8,
                    3
                ],
                [
                    -3,
                    -4,
                    -6
                ],
                [
                    8,
                    9,
                    -2
                ],
                [
                    -2,
                    -4,
                    6
                ],
                [
                    -3,
                    4,
                    -7
                ],
                [
                    7,
                    -2,
                    -9
                ],
                [
                    7,
                    -1,
                    3
                ],
                [
                    -10,
                    -9,
                    4
                ],
                [
                    -4,
                    2,
                    -5
                ],
                [
                    4,
                    3,
                    -6
                ],
                [
                    -3,
                    -8,
                    -5
                ],
                [
                    1,
                    6,
                    7
                ],
                [
                    -6,
                    1,
                    -8
                ],
                [
                    1,
                    2,
                    9
                ],
                [
                    -10,
                    1,
                    5
                ],
                [
                    7,
                    -9,
                    -1
                ],
                [
                    3,
                    8,
                    -7
                ],
                [
                    8,
                    3,
                    6
                ],
                [
                    -3,
                    -2,
                    -10
                ],
                [
                    -6,
                    2,
                    -8
                ],
                [
                    7,
                    5,
                    -10
                ],
                [
                    -7,
                    -6,
                    -4
                ],
                [
                    4,
                    -8,
                    7
                ],
                [
                    -7,
                    4,
                    -8
                ],
                [
                    1,
                    -10,
                    9
                ],
                [
                    4,
                    5,
                    -8
                ]
            ],
            "{   'fun': 0.99,\n    'jac': None,\n    'nfev': 391,\n    'nit': 2,\n    'njev': 23,\n    'x': array([2.43056353, 2.58611626, 1.58920063, 1.27969017, 0.28672592,\n       1.39678086, 2.72992658, 1.35219818, 1.60569663, 0.18435125,\n       1.09143209, 0.65049884, 0.06041383, 0.99540683, 0.21298066,\n       1.9329691 ])}",
            {
                "1011001010": 1,
                "0110001110": 1,
                "0000010001": 1,
                "1000011111": 1,
                "0010111000": 1,
                "1100010010": 1,
                "1001111100": 1,
                "0000100011": 1,
                "0001010010": 1,
                "1100111101": 1,
                "1100000001": 1,
                "0001110001": 1,
                "1101110110": 1,
                "0011100010": 1,
                "1000000110": 1,
                "0001100001": 1,
                "0101001001": 1,
                "1110111100": 1,
                "0000100000": 1,
                "1101001010": 1,
                "1010010001": 1,
                "0100100010": 1,
                "0101001100": 1,
                "0010111111": 1,
                "1111001100": 1,
                "0010000011": 1,
                "0111100010": 1,
                "0010010101": 1,
                "1100111110": 1,
                "1011110000": 1,
                "0100100100": 1,
                "0100000111": 1,
                "0110010101": 1,
                "1110001101": 1,
                "1111001101": 1,
                "1000110110": 1,
                "1111101101": 2,
                "1001001010": 1,
                "0101000111": 1,
                "0101101100": 1,
                "1110110100": 1,
                "1001011101": 1,
                "1000000011": 1,
                "1100110111": 1,
                "1000000010": 1,
                "1111010101": 1,
                "1001000001": 1,
                "0111101111": 1,
                "0110000111": 1,
                "0001101110": 1,
                "0000001010": 1,
                "1110101011": 1,
                "1111100001": 1,
                "0101011011": 1,
                "0011101000": 1,
                "0011000100": 1,
                "1011100101": 1,
                "0110111000": 1,
                "1110010010": 1,
                "1011111100": 1,
                "0110110101": 1,
                "0011111001": 1,
                "1010101010": 1,
                "1111000111": 1,
                "0101000110": 1,
                "0111101000": 1,
                "0011111101": 1,
                "1100101111": 1,
                "1101001111": 1,
                "1001101111": 1,
                "0001110011": 1,
                "1000000111": 1,
                "0100010001": 1,
                "0011001000": 1,
                "1001011100": 1,
                "1100011111": 1,
                "0010101100": 1,
                "0110010110": 1,
                "0000000101": 1,
                "0000110011": 1,
                "0111101101": 1,
                "0101001110": 1,
                "0100110000": 1,
                "1100100111": 1,
                "0011011000": 1,
                "1110010101": 1,
                "0101101101": 1,
                "1000101101": 1,
                "1111100011": 1,
                "0011010000": 1,
                "1111111110": 1,
                "1110011110": 1,
                "0110101101": 1,
                "0101100001": 1,
                "1100100110": 1,
                "1001101001": 1,
                "0101100000": 1,
                "1111010001": 1,
                "1001111001": 1
            },
            true,
            0.98
        ],
        [
            [
                [
                    -1,
                    -2,
                    3
                ],
                [
                    -1,
                    -8,
                    3
                ],
                [
                    5,
                    6,
                    4
                ],
                [
                    -5,
                    9,
                    -4
                ],
                [
                    1,
                    10,
                    5
                ],
                [
                    -1,
                    -2,
                    -5
                ],
                [
                    -10,
                    6,
                    9
                ],
                [
                    -7,
                    1,
                    -8
                ],
                [
                    9,
                    5,
                    -6
                ],
                [
                    10,
                    4,
                    5
                ],
                [
                    8,
                    4,
                    9
                ],
                [
                    10,
                    6,
                    -1
                ],
                [
                    3,
                    -7,
                    9
                ],
                [
                    10,
                    -4,
                    3
                ],
                [
                    10,
                    -3,
                    -6
                ],
                [
                    -7,
                    -2,
                    -6
                ],
                [
                    4,
                    -8,
                    1
                ],
                [
                    -6,
                    9,
                    3
                ],
                [
                    3,
                    7,
                    -5
                ],
                [
                    -9,
                    2,
                    7
                ],
                [
                    -3,
                    -1,
                    -6
                ],
                [
                    4,
                    -10,
                    5
                ],
                [
                    4,
                    -2,
                    -10
                ],
                [
                    7,
                    3,
                    10
                ],
                [
                    3,
                    2,
                    7
                ],
                [
                    4,
                    -2,
                    6
                ],
                [
                    -1,
                    7,
                    -8
                ],
                [
                    -7,
                    8,
                    2
                ],
                [
                    2,
                    4,
                    9
                ],
                [
                    7,
                    4,
                    -2
                ],
                [
                    4,
                    -8,
                    3
                ],
                [
                    1,
                    2,
                    6
                ],
                [
                    -1,
                    4,
                    -2
                ],
                [
                    -10,
                    1,
                    -8
                ],
                [
                    10,
                    2,
                    -7
                ],
                [
                    1,
                    6,
                    -9
                ],
                [
                    -5,
                    -4,
                    -8
                ],
                [
                    -10,
                    -8,
                    -2
                ],
                [
                    10,
                    4,
                    -1
                ],
                [
                    2,
                    1,
                    -4
                ],
                [
                    -7,
                    8,
                    1
                ],
                [
                    8,
                    6,
                    -4
                ],
                [
                    9,
                    8,
                    -10
                ],
                [
                    9,
                    8,
                    -3
                ],
                [
                    7,
                    2,
                    -4
                ]
            ],
            "{   'fun': 0.98,\n    'jac': None,\n    'nfev': 357,\n    'nit': 0,\n    'njev': 21,\n    'x': array([0.51645798, 1.65605785, 1.27658254, 2.00880461, 2.16987036,\n       2.34333964, 2.09314048, 1.52329579, 0.35828231, 1.37680514,\n       1.14326123, 0.29526393, 0.23455417, 1.30167579, 2.64100492,\n       1.64391086])}",
            {
                "1001110111": 1,
                "1100111101": 1,
                "1011101110": 1,
                "0000111110": 1,
                "0111010111": 1,
                "0100111100": 1,
                "0101111010": 1,
                "1011111001": 1,
                "0011001100": 1,
                "1111111011": 1,
                "1101101001": 1,
                "1111011111": 1,
                "1110100001": 1,
                "1100110100": 1,
                "1110011010": 1,
                "0100101111": 1,
                "1001010110": 1,
                "1000000111": 1,
                "1001100101": 1,
                "1000111011": 1,
                "1010001110": 1,
                "1101010111": 1,
                "0001101101": 1,
                "1011100101": 1,
                "1100101001": 1,
                "0111100010": 1,
                "1101110000": 1,
                "0111001010": 1,
                "0111011010": 1,
                "1101100101": 1,
                "1110000010": 1,
                "0011110100": 1,
                "0000010100": 1,
                "0101000010": 1,
                "0110100010": 1,
                "0010011111": 1,
                "1110111101": 1,
                "1110000111": 1,
                "0000100101": 1,
                "0100100010": 1,
                "1000010011": 1,
                "1010000001": 1,
                "0110000100": 1,
                "0010110101": 1,
                "1101110110": 1,
                "1111110011": 1,
                "1010101110": 1,
                "0010011001": 1,
                "0100010011": 1,
                "1100010100": 1,
                "0100110110": 1,
                "1010001011": 1,
                "1100110011": 1,
                "0000010101": 1,
                "0010111101": 1,
                "0101111111": 1,
                "1001100010": 1,
                "1010011101": 1,
                "0010001000": 1,
                "0110110111": 1,
                "0101111110": 1,
                "1010100001": 1,
                "0111001000": 1,
                "0000011111": 1,
                "1010010110": 1,
                "0000011011": 1,
                "0011001111": 2,
                "0010101000": 1,
                "1001010001": 1,
                "0100100101": 2,
                "0000111101": 1,
                "0100110000": 1,
                "1110111001": 1,
                "0000000101": 1,
                "1110101000": 1,
                "1100001000": 1,
                "0011001110": 1,
                "0101010011": 1,
                "1000101001": 2,
                "1101100010": 1,
                "0000001011": 1,
                "0111011001": 1,
                "1100100101": 1,
                "0111111101": 1,
                "0011111010": 1,
                "1011011111": 1,
                "0101000101": 1,
                "0000101111": 1,
                "0000010110": 1,
                "1101001100": 1,
                "1001101001": 1,
                "0010101110": 1,
                "1100000101": 2,
                "1001100001": 1,
                "0011010101": 1,
                "1001101000": 1
            },
            true,
            0.95
        ],
        [
            [
                [
                    4,
                    7,
                    3
                ],
                [
                    3,
                    10,
                    -7
                ],
                [
                    4,
                    -2,
                    -9
                ],
                [
                    -4,
                    8,
                    -5
                ],
                [
                    3,
                    -8,
                    -1
                ],
                [
                    2,
                    -4,
                    9
                ],
                [
                    -5,
                    4,
                    1
                ],
                [
                    4,
                    8,
                    -2
                ],
                [
                    -1,
                    4,
                    -6
                ],
                [
                    9,
                    3,
                    8
                ],
                [
                    -2,
                    -3,
                    10
                ],
                [
                    -5,
                    9,
                    7
                ],
                [
                    -8,
                    9,
                    2
                ],
                [
                    3,
                    10,
                    -8
                ],
                [
                    -8,
                    -1,
                    10
                ],
                [
                    10,
                    9,
                    2
                ],
                [
                    -1,
                    10,
                    7
                ],
                [
                    8,
                    10,
                    -5
                ],
                [
                    -8,
                    -5,
                    10
                ],
                [
                    -3,
                    -6,
                    9
                ],
                [
                    7,
                    -1,
                    -6
                ],
                [
                    -10,
                    4,
                    -1
                ],
                [
                    2,
                    6,
                    -10
                ],
                [
                    5,
                    10,
                    -7
                ],
                [
                    -10,
                    -5,
                    7
                ],
                [
                    -9,
                    2,
                    -10
                ],
                [
                    8,
                    -2,
                    3
                ],
                [
                    5,
                    -1,
                    -8
                ],
                [
                    -10,
                    -2,
                    -3
                ],
                [
                    -3,
                    5,
                    9
                ],
                [
                    10,
                    -2,
                    -5
                ],
                [
                    -4,
                    -9,
                    -6
                ],
                [
                    8,
                    9,
                    -4
                ],
                [
                    -3,
                    -7,
                    -6
                ],
                [
                    2,
                    5,
                    -8
                ],
                [
                    4,
                    -5,
                    10
                ],
                [
                    -1,
                    8,
                    -4
                ],
                [
                    -3,
                    -9,
                    -5
                ],
                [
                    -2,
                    9,
                    -7
                ],
                [
                    -4,
                    -5,
                    8
                ],
                [
                    5,
                    4,
                    -7
                ],
                [
                    -6,
                    -10,
                    3
                ],
                [
                    8,
                    10,
                    -6
                ],
                [
                    1,
                    2,
                    -5
                ],
                [
                    7,
                    8,
                    2
                ]
            ],
            "{   'fun': 0.99,\n    'jac': None,\n    'nfev': 493,\n    'nit': 2,\n    'njev': 29,\n    'x': array([1.6898002 , 1.35479586, 0.99759799, 1.573712  , 0.07420757,\n       1.51101335, 0.74023504, 1.79350767, 0.11335304, 0.64267535,\n       2.00111877, 0.46956534, 1.40043001, 0.42343266, 1.58876637,\n       2.8190626 ])}",
            {
                "0110001101": 1,
                "0110111000": 1,
                "1011100100": 1,
                "0100110011": 1,
                "0101101011": 1,
                "0110000011": 1,
                "1101110100": 1,
                "0110100011": 2,
                "0001110101": 1,
                "0000110011": 1,
                "1001010101": 1,
                "0011010011": 1,
                "0001001011": 1,
                "0100101110": 1,
                "0100001000": 1,
                "0010011111": 1,
                "0010101111": 1,
                "1101111000": 1,
                "1000110110": 1,
                "1111110100": 1,
                "0010111011": 1,
                "0111110111": 1,
                "0101110100": 1,
                "1010000000": 1,
                "0000011011": 1,
                "0100110111": 1,
                "0101101000": 1,
                "1100010101": 1,
                "1011101100": 1,
                "0100000000": 1,
                "1111101001": 1,
                "0001011001": 1,
                "1010001010": 2,
                "1010011100": 1,
                "1000101011": 1,
                "1101001011": 1,
                "1011110000": 1,
                "0000110000": 1,
                "1110001010": 2,
                "1101000001": 1,
                "1010001100": 1,
                "1101001111": 1,
                "1001001010": 1,
                "1011010101": 1,
                "0001100000": 1,
                "1011110110": 2,
                "0100111011": 1,
                "0100011000": 2,
                "0001010101": 1,
                "0011011011": 1,
                "1110010101": 1,
                "1101110001": 1,
                "1000010101": 1,
                "1111100001": 1,
                "1101100001": 1,
                "0100001101": 1,
                "0110101101": 1,
                "1111010111": 1,
                "0111001110": 1,
                "0011011111": 1,
                "1101000110": 1,
                "1111100010": 1,
                "0000100010": 1,
                "1011101001": 1,
                "0010111010": 1,
                "1111011010": 1,
                "1010010111": 1,
                "1110010010": 1,
                "0111101011": 1,
                "1111100110": 1,
                "1010001101": 1,
                "0110110010": 1,
                "1010110101": 1,
                "0101010111": 1,
                "1110100000": 1,
                "0011101011": 1,
                "1110100100": 1,
                "0111111101": 1,
                "1010111001": 1,
                "0011000000": 1,
                "0010110001": 1,
                "1100010000": 1,
                "1001101011": 1,
                "1000010011": 1,
                "0101000011": 1,
                "1000010010": 1,
                "0110000100": 1,
                "1000011111": 1,
                "1101010010": 1,
                "1000011000": 1,
                "0100000110": 1,
                "1101110011": 1,
                "0001100001": 1,
                "1000101001": 1,
                "1011110101": 1
            },
            true,
            0.96
        ]
    ]
}