{
    "n": 10,
    "m": 45,
    "results": [
        [
            [
                [
                    -10,
                    -9,
                    -1
                ],
                [
                    -3,
                    9,
                    2
                ],
                [
                    2,
                    -8,
                    -3
                ],
                [
                    -1,
                    -9,
                    8
                ],
                [
                    10,
                    3,
                    8
                ],
                [
                    6,
                    -10,
                    -5
                ],
                [
                    1,
                    8,
                    7
                ],
                [
                    -1,
                    10,
                    8
                ],
                [
                    -5,
                    -7,
                    8
                ],
                [
                    2,
                    -8,
                    1
                ],
                [
                    -8,
                    3,
                    -2
                ],
                [
                    -3,
                    -5,
                    9
                ],
                [
                    -9,
                    5,
                    7
                ],
                [
                    7,
                    2,
                    9
                ],
                [
                    -5,
                    7,
                    3
                ],
                [
                    6,
                    -2,
                    4
                ],
                [
                    -8,
                    -9,
                    -7
                ],
                [
                    5,
                    8,
                    -3
                ],
                [
                    6,
                    -4,
                    -2
                ],
                [
                    -2,
                    3,
                    5
                ],
                [
                    -6,
                    10,
                    -2
                ],
                [
                    1,
                    -5,
                    -7
                ],
                [
                    -5,
                    10,
                    4
                ],
                [
                    3,
                    -7,
                    -10
                ],
                [
                    2,
                    -4,
                    5
                ],
                [
                    -2,
                    7,
                    -9
                ],
                [
                    7,
                    -1,
                    -8
                ],
                [
                    -2,
                    -8,
                    -7
                ],
                [
                    4,
                    1,
                    -9
                ],
                [
                    1,
                    -8,
                    -6
                ],
                [
                    8,
                    -4,
                    -9
                ],
                [
                    -8,
                    10,
                    3
                ],
                [
                    6,
                    2,
                    10
                ],
                [
                    10,
                    -7,
                    5
                ],
                [
                    -5,
                    4,
                    -7
                ],
                [
                    6,
                    4,
                    -2
                ],
                [
                    4,
                    3,
                    -10
                ],
                [
                    -5,
                    8,
                    9
                ],
                [
                    -10,
                    7,
                    1
                ],
                [
                    -6,
                    10,
                    8
                ],
                [
                    -5,
                    -8,
                    7
                ],
                [
                    9,
                    3,
                    10
                ],
                [
                    1,
                    -5,
                    -7
                ],
                [
                    3,
                    2,
                    5
                ],
                [
                    -2,
                    -5,
                    4
                ]
            ],
            "{   'fun': 1.0,\n    'jac': None,\n    'nfev': 17,\n    'nit': 0,\n    'njev': 1,\n    'x': array([1.56829047, 2.70425762, 1.11249116, 2.23230737, 1.59969015,\n       3.10670539, 2.43367616, 0.15758597, 0.84543156, 1.22578621,\n       2.83200717, 0.82193502, 1.15175677, 2.80327582, 0.40026449,\n       2.63297964])}",
            {
                "0011000100": 1,
                "1010001001": 1,
                "0101001011": 1,
                "0101101101": 1,
                "0001011100": 1,
                "1001011110": 1,
                "0000001000": 1,
                "1011111111": 1,
                "0110100100": 1,
                "0100000001": 1,
                "0110111111": 1,
                "0110001100": 1,
                "0000010010": 1,
                "0110110100": 1,
                "0100100110": 1,
                "1010101110": 2,
                "0111110001": 1,
                "1000100100": 1,
                "1110101010": 1,
                "1000010100": 1,
                "0000010111": 1,
                "0011011000": 1,
                "1111010011": 1,
                "1100110110": 1,
                "1111101001": 1,
                "0111101000": 1,
                "1000100111": 1,
                "1000001110": 1,
                "1000010110": 1,
                "1100000011": 1,
                "1001010100": 1,
                "0111000100": 1,
                "0101000100": 1,
                "1000011111": 1,
                "0010111000": 1,
                "1010111101": 1,
                "1111111010": 1,
                "0000011101": 1,
                "1101010010": 1,
                "0101011101": 1,
                "1111101011": 1,
                "1100101101": 1,
                "1100111001": 1,
                "1001101101": 1,
                "0000001111": 1,
                "1111101101": 1,
                "0110010010": 1,
                "1100010111": 1,
                "0110000110": 1,
                "1000101111": 1,
                "0100011010": 1,
                "1101110011": 1,
                "0101011110": 1,
                "0001011001": 1,
                "0100101100": 1,
                "1010101100": 1,
                "0011010101": 2,
                "1111111001": 1,
                "1000001011": 1,
                "0101110010": 1,
                "1000010101": 1,
                "0101100000": 1,
                "1011011010": 1,
                "1111010111": 1,
                "0111001011": 1,
                "0000100010": 1,
                "0011010100": 1,
                "0111011010": 2,
                "1010010110": 1,
                "0011101101": 1,
                "0110001111": 1,
                "1100000111": 2,
                "0011100101": 2,
                "1000101100": 1,
                "1101001101": 1,
                "1011100001": 1,
                "0000110011": 1,
                "0011101001": 1,
                "0010101110": 2,
                "1001000011": 1,
                "1101111000": 1,
                "1110001110": 1,
                "0111111111": 1,
                "0010101000": 1,
                "0100011001": 1,
                "0101111011": 1,
                "0110011011": 1,
                "1111100011": 1,
                "1101100101": 1,
                "0100110100": 1,
                "0001010101": 1,
                "0100001111": 1,
                "1011010100": 1,
                "1011100010": 1
            },
            false,
            1.0
        ],
        [
            [
                [
                    -8,
                    -3,
                    -7
                ],
                [
                    7,
                    2,
                    -3
                ],
                [
                    -6,
                    -3,
                    1
                ],
                [
                    4,
                    -7,
                    5
                ],
                [
                    2,
                    -9,
                    -5
                ],
                [
                    3,
                    -1,
                    -7
                ],
                [
                    -7,
                    2,
                    3
                ],
                [
                    10,
                    -2,
                    -5
                ],
                [
                    3,
                    2,
                    9
                ],
                [
                    -6,
                    3,
                    1
                ],
                [
                    3,
                    2,
                    8
                ],
                [
                    -6,
                    -5,
                    -2
                ],
                [
                    -7,
                    -8,
                    10
                ],
                [
                    -10,
                    -7,
                    -9
                ],
                [
                    -7,
                    8,
                    -9
                ],
                [
                    -9,
                    -8,
                    -7
                ],
                [
                    -10,
                    -1,
                    6
                ],
                [
                    6,
                    2,
                    7
                ],
                [
                    4,
                    -2,
                    10
                ],
                [
                    1,
                    -7,
                    -2
                ],
                [
                    8,
                    1,
                    -4
                ],
                [
                    -9,
                    5,
                    6
                ],
                [
                    -2,
                    -6,
                    7
                ],
                [
                    5,
                    -9,
                    -10
                ],
                [
                    -7,
                    5,
                    -10
                ],
                [
                    -3,
                    4,
                    8
                ],
                [
                    -7,
                    -9,
                    -2
                ],
                [
                    -7,
                    6,
                    -10
                ],
                [
                    5,
                    2,
                    10
                ],
                [
                    8,
                    1,
                    -2
                ],
                [
                    -4,
                    -8,
                    -9
                ],
                [
                    9,
                    5,
                    -3
                ],
                [
                    -3,
                    4,
                    9
                ],
                [
                    8,
                    6,
                    -10
                ],
                [
                    -10,
                    6,
                    4
                ],
                [
                    -7,
                    10,
                    -2
                ],
                [
                    4,
                    -6,
                    -8
                ],
                [
                    -3,
                    -6,
                    -7
                ],
                [
                    -8,
                    9,
                    -10
                ],
                [
                    -7,
                    -4,
                    -3
                ],
                [
                    -8,
                    6,
                    -2
                ],
                [
                    3,
                    10,
                    2
                ],
                [
                    -10,
                    1,
                    -8
                ],
                [
                    2,
                    1,
                    4
                ],
                [
                    7,
                    3,
                    -8
                ]
            ],
            "{   'fun': 1.0,\n    'jac': None,\n    'nfev': 289,\n    'nit': 1,\n    'njev': 17,\n    'x': array([0.99423227, 0.54689217, 0.10931673, 0.8711891 , 1.9329132 ,\n       1.39376419, 1.24103972, 2.82472976, 2.49340878, 2.50613212,\n       1.4379716 , 1.99464188, 2.42585935, 0.03004599, 0.1006817 ,\n       1.16096992])}",
            {
                "1100011110": 1,
                "0101101100": 1,
                "0011010000": 1,
                "0011111000": 1,
                "0100101000": 1,
                "1101101011": 1,
                "1011110011": 1,
                "0100111000": 1,
                "1100010011": 1,
                "0111111010": 1,
                "0000111111": 1,
                "0010010101": 1,
                "0001001001": 1,
                "0001110010": 1,
                "0011011111": 1,
                "0100010011": 1,
                "0110110011": 1,
                "1100101111": 1,
                "1101110001": 1,
                "1100110110": 1,
                "1000001100": 1,
                "0000010101": 1,
                "0110110101": 1,
                "0100111100": 1,
                "1111111010": 1,
                "0100110101": 1,
                "1010110101": 1,
                "1010000001": 1,
                "0001100101": 1,
                "0100000001": 1,
                "1010010010": 1,
                "0011110010": 1,
                "1010010101": 1,
                "0101011111": 2,
                "1010100111": 1,
                "0000001111": 1,
                "0011101001": 1,
                "1100001000": 1,
                "1010110011": 1,
                "1100010000": 1,
                "0111100010": 2,
                "0111110100": 1,
                "0001011000": 1,
                "1011000101": 1,
                "1010101111": 1,
                "1111000111": 1,
                "0101110100": 1,
                "0000110111": 1,
                "0011101100": 2,
                "0010001111": 1,
                "1100010100": 1,
                "0000101111": 1,
                "0000101001": 1,
                "0010111100": 1,
                "0101100111": 2,
                "0011100011": 1,
                "1101010010": 1,
                "1101010011": 1,
                "0000000000": 1,
                "1101100101": 1,
                "0001011101": 1,
                "1111001110": 1,
                "0011011110": 1,
                "0001100100": 1,
                "0001100000": 1,
                "0110111010": 1,
                "0110110100": 1,
                "0000010110": 1,
                "1101001100": 1,
                "1111101001": 1,
                "1001101100": 2,
                "1000110101": 1,
                "0101111101": 1,
                "0001111011": 1,
                "1101110010": 1,
                "1110111111": 1,
                "1000010011": 1,
                "0001011001": 1,
                "1011100000": 1,
                "1010010011": 1,
                "1101001000": 1,
                "0001111000": 1,
                "1100100001": 1,
                "1110100101": 1,
                "0111111101": 1,
                "0010111001": 1,
                "1011011101": 1,
                "0111011000": 1,
                "0101000011": 1,
                "1111000101": 1,
                "0001010111": 1,
                "0000000011": 1,
                "1010100010": 1,
                "1010101101": 1,
                "0000001010": 1
            },
            false,
            0.95
        ],
        [
            [
                [
                    -7,
                    -5,
                    9
                ],
                [
                    -3,
                    -7,
                    -9
                ],
                [
                    -1,
                    2,
                    -9
                ],
                [
                    -3,
                    2,
                    -4
                ],
                [
                    -3,
                    4,
                    2
                ],
                [
                    6,
                    2,
                    10
                ],
                [
                    6,
                    7,
                    -4
                ],
                [
                    -3,
                    -1,
                    2
                ],
                [
                    -1,
                    10,
                    5
                ],
                [
                    5,
                    4,
                    -2
                ],
                [
                    -3,
                    -7,
                    1
                ],
                [
                    2,
                    -4,
                    10
                ],
                [
                    9,
                    -10,
                    -3
                ],
                [
                    3,
                    1,
                    8
                ],
                [
                    5,
                    2,
                    3
                ],
                [
                    -4,
                    -10,
                    2
                ],
                [
                    7,
                    1,
                    6
                ],
                [
                    3,
                    -5,
                    -1
                ],
                [
                    3,
                    1,
                    -2
                ],
                [
                    -9,
                    -3,
                    -5
                ],
                [
                    10,
                    -1,
                    4
                ],
                [
                    -7,
                    8,
                    -3
                ],
                [
                    -3,
                    4,
                    1
                ],
                [
                    5,
                    -10,
                    3
                ],
                [
                    10,
                    -2,
                    -7
                ],
                [
                    -4,
                    10,
                    -1
                ],
                [
                    5,
                    1,
                    6
                ],
                [
                    -4,
                    5,
                    -1
                ],
                [
                    10,
                    -2,
                    -8
                ],
                [
                    10,
                    9,
                    2
                ],
                [
                    7,
                    8,
                    9
                ],
                [
                    -9,
                    -2,
                    7
                ],
                [
                    -5,
                    -10,
                    6
                ],
                [
                    -10,
                    8,
                    -9
                ],
                [
                    -2,
                    4,
                    -10
                ],
                [
                    -4,
                    5,
                    1
                ],
                [
                    -2,
                    -3,
                    6
                ],
                [
                    3,
                    1,
                    -6
                ],
                [
                    2,
                    6,
                    9
                ],
                [
                    -3,
                    -9,
                    -8
                ],
                [
                    7,
                    9,
                    4
                ],
                [
                    -7,
                    -8,
                    -3
                ],
                [
                    -4,
                    9,
                    -1
                ],
                [
                    -7,
                    10,
                    -9
                ],
                [
                    -5,
                    6,
                    -9
                ]
            ],
            "{   'fun': 1.0,\n    'jac': None,\n    'nfev': 17,\n    'nit': 0,\n    'njev': 1,\n    'x': array([2.43056353, 2.58611626, 1.58920063, 1.27969017, 0.28672592,\n       1.39678086, 2.72992658, 1.35219818, 1.60569614, 0.18435125,\n       1.09143209, 0.65049859, 0.06041358, 0.99540683, 0.21298066,\n       1.9329691 ])}",
            {
                "0011010000": 1,
                "1100110100": 1,
                "0110001010": 1,
                "1000000100": 1,
                "0110010110": 1,
                "1001010011": 1,
                "0110010101": 1,
                "0100011001": 1,
                "1001111010": 1,
                "1000110100": 1,
                "1101111000": 1,
                "1010101111": 1,
                "0111100111": 1,
                "0100101011": 1,
                "0110001000": 1,
                "1010101001": 1,
                "1001011101": 1,
                "1111011011": 1,
                "1010110110": 1,
                "1000000101": 1,
                "0101001110": 1,
                "1110010101": 1,
                "1110010111": 2,
                "1010111001": 1,
                "1000001000": 1,
                "1101100001": 1,
                "0010100011": 2,
                "1110111010": 1,
                "0111100101": 1,
                "0111111010": 1,
                "1110011011": 1,
                "1011000110": 1,
                "1101010001": 1,
                "1100110110": 1,
                "1111111100": 1,
                "0101000111": 1,
                "0000010101": 1,
                "1111001001": 1,
                "0011111010": 1,
                "1010101010": 1,
                "1101100000": 1,
                "1011010101": 1,
                "1000100001": 1,
                "0001010011": 1,
                "0010100110": 1,
                "1010110100": 1,
                "0100111000": 1,
                "0011110111": 1,
                "0011011011": 3,
                "1100100001": 1,
                "1001000010": 1,
                "0000101111": 1,
                "1101110110": 1,
                "1110110101": 1,
                "0000111000": 1,
                "1011111011": 1,
                "0000100111": 1,
                "1000100010": 1,
                "0011001010": 1,
                "0110000011": 1,
                "0010100000": 1,
                "1000111011": 1,
                "0000011100": 1,
                "0010110001": 1,
                "1100001100": 1,
                "0011101111": 1,
                "1000011001": 1,
                "1000111000": 1,
                "1110000010": 2,
                "0011100101": 1,
                "0011010011": 1,
                "0001011011": 1,
                "0100011100": 1,
                "0101100000": 1,
                "1101001100": 1,
                "1011111010": 1,
                "0101101111": 1,
                "1010011000": 1,
                "0110000111": 1,
                "1001000011": 1,
                "0111010111": 1,
                "0001101110": 1,
                "1110101011": 1,
                "0000101000": 1,
                "1010100100": 1,
                "1010011011": 1,
                "1110001110": 1,
                "1101010110": 1,
                "0101010111": 1,
                "0010100001": 1,
                "1110110011": 1,
                "0100000111": 2,
                "0010000110": 1,
                "1111001101": 1
            },
            false,
            1.0
        ],
        [
            [
                [
                    -7,
                    3,
                    2
                ],
                [
                    -5,
                    -9,
                    -3
                ],
                [
                    -9,
                    3,
                    5
                ],
                [
                    -4,
                    3,
                    5
                ],
                [
                    10,
                    -9,
                    -6
                ],
                [
                    -6,
                    -5,
                    1
                ],
                [
                    9,
                    -7,
                    -10
                ],
                [
                    -1,
                    2,
                    -8
                ],
                [
                    -5,
                    -6,
                    4
                ],
                [
                    3,
                    6,
                    -10
                ],
                [
                    3,
                    -5,
                    -4
                ],
                [
                    1,
                    -8,
                    3
                ],
                [
                    2,
                    3,
                    -4
                ],
                [
                    4,
                    -5,
                    -6
                ],
                [
                    -6,
                    9,
                    -1
                ],
                [
                    1,
                    -9,
                    10
                ],
                [
                    8,
                    7,
                    1
                ],
                [
                    -4,
                    3,
                    -2
                ],
                [
                    7,
                    10,
                    -8
                ],
                [
                    -4,
                    9,
                    10
                ],
                [
                    -8,
                    -6,
                    7
                ],
                [
                    -2,
                    -10,
                    -8
                ],
                [
                    -8,
                    2,
                    9
                ],
                [
                    -4,
                    7,
                    -10
                ],
                [
                    -2,
                    6,
                    -9
                ],
                [
                    -10,
                    7,
                    6
                ],
                [
                    -1,
                    -8,
                    2
                ],
                [
                    -9,
                    -2,
                    -6
                ],
                [
                    4,
                    -5,
                    8
                ],
                [
                    -6,
                    7,
                    2
                ],
                [
                    6,
                    -4,
                    -3
                ],
                [
                    6,
                    3,
                    -8
                ],
                [
                    8,
                    1,
                    -9
                ],
                [
                    -7,
                    2,
                    -6
                ],
                [
                    -5,
                    9,
                    8
                ],
                [
                    10,
                    7,
                    5
                ],
                [
                    1,
                    3,
                    8
                ],
                [
                    3,
                    -5,
                    -9
                ],
                [
                    8,
                    -10,
                    9
                ],
                [
                    -1,
                    5,
                    8
                ],
                [
                    1,
                    -8,
                    3
                ],
                [
                    -4,
                    8,
                    -6
                ],
                [
                    -6,
                    -5,
                    -2
                ],
                [
                    -4,
                    7,
                    -6
                ],
                [
                    9,
                    -8,
                    -5
                ]
            ],
            "{   'fun': 0.99,\n    'jac': None,\n    'nfev': 357,\n    'nit': 2,\n    'njev': 21,\n    'x': array([0.51645854, 1.65605779, 1.27658274, 2.00880437, 2.16987054,\n       2.34333941, 2.09314084, 1.52329557, 0.35828249, 1.37680548,\n       1.14326123, 0.29526409, 0.23455394, 1.30167593, 2.64100549,\n       1.64391084])}",
            {
                "1000110000": 1,
                "1010001110": 1,
                "1010101000": 1,
                "0101100000": 1,
                "1011101100": 1,
                "0111100001": 1,
                "1010101101": 1,
                "0001001010": 1,
                "1101000000": 1,
                "0111100110": 1,
                "1110111111": 1,
                "0110101011": 1,
                "0011011001": 1,
                "1001001110": 1,
                "0101000100": 1,
                "1111010011": 1,
                "0111000110": 1,
                "0001000000": 2,
                "1000101000": 1,
                "0010100001": 1,
                "0110101010": 1,
                "0101100001": 1,
                "0001100110": 1,
                "0110100101": 1,
                "0000011001": 1,
                "0100011101": 1,
                "0010010000": 1,
                "0001001011": 1,
                "1101010101": 1,
                "0000111111": 1,
                "0111001101": 1,
                "1100010000": 1,
                "1001000100": 1,
                "0100001010": 1,
                "1011111111": 1,
                "1111100110": 1,
                "1010000001": 2,
                "0110010101": 1,
                "0001001110": 1,
                "1000100001": 1,
                "1000000001": 1,
                "1111010100": 1,
                "1001000110": 1,
                "0101110100": 1,
                "0001101101": 1,
                "1010001100": 1,
                "1010011101": 1,
                "0000101100": 1,
                "1111011011": 1,
                "0001010110": 2,
                "0010011000": 1,
                "0011011111": 1,
                "1001010101": 1,
                "1010010100": 1,
                "0101000000": 1,
                "0100000110": 1,
                "1100000010": 1,
                "1110010000": 1,
                "1010110010": 1,
                "0000100000": 1,
                "0100110000": 1,
                "0111101101": 1,
                "1001010011": 1,
                "0000101110": 1,
                "1010010101": 1,
                "1011011111": 1,
                "0011011110": 1,
                "1110011010": 1,
                "1010001000": 1,
                "0000011110": 1,
                "1101100101": 1,
                "0100110100": 1,
                "1011000110": 1,
                "1001011100": 1,
                "0001110011": 1,
                "0100101001": 1,
                "1111110100": 1,
                "1011001011": 1,
                "1111001000": 2,
                "0100110101": 1,
                "0110010001": 1,
                "0010001110": 1,
                "0110001000": 1,
                "1110111011": 1,
                "1100100000": 1,
                "0001000101": 1,
                "1001101100": 1,
                "1100111111": 1,
                "0101101100": 1,
                "1011111101": 1,
                "1001100111": 1,
                "0001000111": 1,
                "1010111100": 1,
                "0000010100": 1,
                "0111011011": 1,
                "1001100110": 1
            },
            true,
            0.94
        ],
        [
            [
                [
                    2,
                    8,
                    -6
                ],
                [
                    -9,
                    -5,
                    4
                ],
                [
                    -9,
                    6,
                    -7
                ],
                [
                    -10,
                    -8,
                    3
                ],
                [
                    6,
                    8,
                    1
                ],
                [
                    10,
                    3,
                    9
                ],
                [
                    -7,
                    6,
                    -5
                ],
                [
                    -2,
                    -1,
                    6
                ],
                [
                    -9,
                    -6,
                    2
                ],
                [
                    6,
                    -2,
                    4
                ],
                [
                    3,
                    -1,
                    -2
                ],
                [
                    -9,
                    -1,
                    -4
                ],
                [
                    10,
                    -9,
                    5
                ],
                [
                    1,
                    -10,
                    -9
                ],
                [
                    3,
                    6,
                    -10
                ],
                [
                    10,
                    -3,
                    1
                ],
                [
                    6,
                    7,
                    9
                ],
                [
                    -6,
                    -8,
                    -2
                ],
                [
                    -2,
                    5,
                    -3
                ],
                [
                    -4,
                    1,
                    3
                ],
                [
                    3,
                    1,
                    5
                ],
                [
                    -3,
                    9,
                    -4
                ],
                [
                    7,
                    -1,
                    3
                ],
                [
                    -5,
                    10,
                    1
                ],
                [
                    8,
                    -5,
                    6
                ],
                [
                    9,
                    8,
                    -5
                ],
                [
                    -8,
                    7,
                    -2
                ],
                [
                    8,
                    -4,
                    -10
                ],
                [
                    4,
                    -8,
                    -2
                ],
                [
                    -3,
                    -7,
                    -8
                ],
                [
                    -7,
                    9,
                    -6
                ],
                [
                    -8,
                    -10,
                    9
                ],
                [
                    -7,
                    6,
                    8
                ],
                [
                    -1,
                    5,
                    -8
                ],
                [
                    2,
                    -6,
                    7
                ],
                [
                    4,
                    -2,
                    -3
                ],
                [
                    5,
                    -6,
                    -1
                ],
                [
                    -5,
                    -3,
                    -10
                ],
                [
                    -4,
                    -6,
                    5
                ],
                [
                    2,
                    1,
                    -5
                ],
                [
                    -10,
                    -6,
                    -7
                ],
                [
                    7,
                    3,
                    2
                ],
                [
                    3,
                    2,
                    1
                ],
                [
                    -1,
                    -3,
                    -2
                ],
                [
                    3,
                    6,
                    8
                ]
            ],
            "{   'fun': 1.0,\n    'jac': None,\n    'nfev': 357,\n    'nit': 0,\n    'njev': 21,\n    'x': array([1.68980051, 1.35479616, 0.99759829, 1.573712  , 0.07420818,\n       1.51101365, 0.74023565, 1.79350828, 0.11335274, 0.64267565,\n       2.00111908, 0.46956595, 1.4004297 , 0.42343266, 1.58876697,\n       2.8190626 ])}",
            {
                "1010110100": 1,
                "0010101001": 1,
                "0100111110": 1,
                "1111000111": 1,
                "1001011011": 1,
                "1100011000": 1,
                "1110111100": 1,
                "1001110110": 1,
                "0010001110": 1,
                "0110000100": 1,
                "1100111100": 1,
                "1000010110": 1,
                "0110000000": 1,
                "0110000111": 1,
                "1011101100": 1,
                "0010001010": 1,
                "0010010101": 1,
                "1111000010": 1,
                "1000010010": 1,
                "1010100010": 1,
                "1001011000": 1,
                "1011111011": 1,
                "0100111010": 1,
                "1100111010": 1,
                "1110101101": 1,
                "0000011111": 1,
                "1111110100": 1,
                "0000110011": 1,
                "0000000101": 1,
                "1101100010": 1,
                "1011001010": 1,
                "1011000111": 1,
                "0010101010": 1,
                "0011101110": 1,
                "1011111001": 1,
                "1101011111": 1,
                "0110011101": 1,
                "0011000110": 1,
                "0000100101": 1,
                "0100101110": 1,
                "0010101011": 1,
                "0001101000": 1,
                "0011011011": 1,
                "1111010011": 1,
                "0000101011": 1,
                "0100011000": 1,
                "1000010101": 1,
                "0100110001": 1,
                "0110010000": 1,
                "1100010011": 1,
                "0011111010": 1,
                "0101011111": 1,
                "1001100110": 1,
                "0111110001": 1,
                "1110011101": 1,
                "1000100001": 1,
                "1101010000": 1,
                "1010100111": 1,
                "1101000111": 1,
                "0000001101": 1,
                "1010001010": 1,
                "0101100010": 1,
                "0110101110": 1,
                "0111110010": 1,
                "1101000001": 1,
                "0100001100": 1,
                "0101111111": 1,
                "0010000010": 1,
                "0111000100": 1,
                "1001011110": 1,
                "0010000001": 1,
                "1000000001": 1,
                "1101101000": 1,
                "0011001101": 1,
                "0011111011": 1,
                "1101010111": 1,
                "1110010100": 1,
                "0001010011": 1,
                "0110001111": 1,
                "1111001000": 1,
                "0100010110": 1,
                "0111101100": 1,
                "0110110101": 1,
                "1011100011": 1,
                "0011110001": 1,
                "1101000000": 1,
                "1001101010": 1,
                "1011101101": 1,
                "0111001101": 1,
                "1100010000": 1,
                "1111111000": 1,
                "1111001011": 1,
                "1011011011": 1,
                "0000100000": 1,
                "1111010110": 1,
                "0101100000": 1,
                "0111011100": 1,
                "1111010100": 1,
                "0000110101": 1,
                "1001100100": 1
            },
            false,
            0.98
        ]
    ]
}