{
    "n": 10,
    "m": 45,
    "results": [
        [
            [
                [
                    -8,
                    -9,
                    1
                ],
                [
                    2,
                    8,
                    -6
                ],
                [
                    -10,
                    -9,
                    1
                ],
                [
                    -6,
                    3,
                    -5
                ],
                [
                    -6,
                    9,
                    -2
                ],
                [
                    -8,
                    10,
                    6
                ],
                [
                    -2,
                    -7,
                    8
                ],
                [
                    -7,
                    6,
                    -1
                ],
                [
                    -7,
                    -3,
                    4
                ],
                [
                    -2,
                    -3,
                    7
                ],
                [
                    -1,
                    -6,
                    -9
                ],
                [
                    -1,
                    5,
                    -6
                ],
                [
                    -7,
                    -4,
                    -3
                ],
                [
                    -9,
                    -2,
                    7
                ],
                [
                    -5,
                    4,
                    9
                ],
                [
                    -6,
                    -7,
                    -10
                ],
                [
                    3,
                    5,
                    2
                ],
                [
                    8,
                    7,
                    -3
                ],
                [
                    1,
                    -9,
                    -10
                ],
                [
                    3,
                    6,
                    2
                ],
                [
                    3,
                    8,
                    5
                ],
                [
                    4,
                    3,
                    -2
                ],
                [
                    -4,
                    10,
                    -7
                ],
                [
                    7,
                    -4,
                    6
                ],
                [
                    -2,
                    -5,
                    4
                ],
                [
                    -5,
                    8,
                    -7
                ],
                [
                    -7,
                    -6,
                    1
                ],
                [
                    -3,
                    -1,
                    5
                ],
                [
                    1,
                    8,
                    -6
                ],
                [
                    -2,
                    -6,
                    7
                ],
                [
                    5,
                    2,
                    10
                ],
                [
                    5,
                    8,
                    4
                ],
                [
                    -5,
                    -4,
                    -9
                ],
                [
                    3,
                    -6,
                    5
                ],
                [
                    -4,
                    8,
                    7
                ],
                [
                    5,
                    8,
                    4
                ],
                [
                    8,
                    1,
                    9
                ],
                [
                    -6,
                    -1,
                    -4
                ],
                [
                    5,
                    -4,
                    -6
                ],
                [
                    -8,
                    -3,
                    -9
                ],
                [
                    -2,
                    -3,
                    -6
                ],
                [
                    -9,
                    2,
                    -10
                ],
                [
                    -1,
                    2,
                    -10
                ],
                [
                    -5,
                    -8,
                    7
                ],
                [
                    4,
                    5,
                    9
                ]
            ],
            "{   'fun': 1.0,\n    'jac': None,\n    'nfev': 63,\n    'nit': 0,\n    'njev': 21,\n    'x': array([2.58572401, 0.04774246])}",
            {
                "0100010000": 1,
                "0010010101": 1,
                "1100111111": 1,
                "0010101011": 1,
                "1110011100": 1,
                "0111111110": 1,
                "0100010100": 1,
                "0101110010": 1,
                "0000010100": 1,
                "0000101001": 1,
                "0011110010": 1,
                "1010000111": 1,
                "0011100111": 1,
                "1001011000": 1,
                "1011011010": 1,
                "0011000100": 1,
                "0111100001": 1,
                "0100111111": 1,
                "1010000110": 1,
                "0101111000": 1,
                "1000110110": 1,
                "0111001000": 1,
                "0101011110": 1,
                "1011001110": 1,
                "1010100110": 1,
                "1111011111": 1,
                "1101110101": 1,
                "1100000001": 1,
                "1010010110": 1,
                "1011011011": 1,
                "0100100000": 1,
                "1001001101": 1,
                "1001111110": 1,
                "1100101100": 1,
                "0000000110": 1,
                "1001000111": 1,
                "1110000001": 1,
                "0110100101": 1,
                "1111110011": 1,
                "0110111010": 1,
                "1101010110": 2,
                "0100100110": 1,
                "1110111011": 1,
                "1110110111": 1,
                "0101111010": 1,
                "1010100111": 1,
                "1011111100": 1,
                "0010000101": 1,
                "1011000110": 1,
                "1010000100": 1,
                "0111110010": 1,
                "1100000100": 1,
                "1001111111": 1,
                "0100111100": 1,
                "0011111001": 1,
                "1011001000": 1,
                "1100011000": 1,
                "1000001010": 1,
                "0101111100": 1,
                "1110110100": 1,
                "0001000000": 1,
                "0000101011": 1,
                "1001011011": 1,
                "1000000010": 1,
                "0101101111": 1,
                "1011000000": 1,
                "1111011011": 1,
                "0110100011": 1,
                "0011011010": 1,
                "1011001010": 1,
                "0100100010": 1,
                "1010111110": 2,
                "0011111011": 1,
                "1001111001": 1,
                "1001010001": 1,
                "1110110010": 1,
                "1010001111": 1,
                "1100100011": 1,
                "1111101110": 1,
                "1110101011": 1,
                "0010010010": 1,
                "0100000001": 1,
                "1011111001": 1,
                "0001000100": 1,
                "0010010000": 1,
                "1111000111": 1,
                "0001100011": 1,
                "0101011001": 1,
                "1010101010": 2,
                "0100110011": 1,
                "1001001000": 1,
                "0011100010": 1,
                "1001000001": 1,
                "1110000101": 1,
                "0111000101": 1,
                "1000000011": 1,
                "1101011000": 1
            },
            false,
            0.95
        ],
        [
            [
                [
                    -3,
                    2,
                    7
                ],
                [
                    -2,
                    7,
                    10
                ],
                [
                    4,
                    -5,
                    -10
                ],
                [
                    -8,
                    3,
                    -6
                ],
                [
                    4,
                    2,
                    -7
                ],
                [
                    -4,
                    9,
                    -10
                ],
                [
                    -2,
                    3,
                    6
                ],
                [
                    10,
                    -5,
                    1
                ],
                [
                    -3,
                    6,
                    7
                ],
                [
                    -2,
                    10,
                    3
                ],
                [
                    4,
                    8,
                    7
                ],
                [
                    -4,
                    10,
                    -1
                ],
                [
                    7,
                    -10,
                    8
                ],
                [
                    7,
                    -8,
                    -9
                ],
                [
                    -3,
                    1,
                    -5
                ],
                [
                    3,
                    1,
                    4
                ],
                [
                    -1,
                    10,
                    -4
                ],
                [
                    -1,
                    -3,
                    -9
                ],
                [
                    9,
                    5,
                    -3
                ],
                [
                    -10,
                    -1,
                    4
                ],
                [
                    7,
                    5,
                    -4
                ],
                [
                    5,
                    -1,
                    -8
                ],
                [
                    4,
                    2,
                    3
                ],
                [
                    6,
                    8,
                    9
                ],
                [
                    5,
                    -7,
                    10
                ],
                [
                    -2,
                    -8,
                    -7
                ],
                [
                    -1,
                    10,
                    9
                ],
                [
                    -5,
                    1,
                    3
                ],
                [
                    -4,
                    10,
                    7
                ],
                [
                    -1,
                    -9,
                    -6
                ],
                [
                    -9,
                    5,
                    -4
                ],
                [
                    10,
                    -1,
                    -3
                ],
                [
                    8,
                    10,
                    -1
                ],
                [
                    -2,
                    -4,
                    -9
                ],
                [
                    -8,
                    -1,
                    -6
                ],
                [
                    7,
                    8,
                    -10
                ],
                [
                    -10,
                    3,
                    5
                ],
                [
                    -4,
                    -7,
                    -5
                ],
                [
                    -3,
                    9,
                    -5
                ],
                [
                    -10,
                    2,
                    8
                ],
                [
                    -5,
                    -4,
                    -6
                ],
                [
                    1,
                    -10,
                    -7
                ],
                [
                    6,
                    8,
                    4
                ],
                [
                    2,
                    -5,
                    8
                ],
                [
                    -5,
                    1,
                    4
                ]
            ],
            "{   'fun': 1.0,\n    'jac': None,\n    'nfev': 3,\n    'nit': 0,\n    'njev': 1,\n    'x': array([0.19211593, 0.02383559])}",
            {
                "1000101110": 1,
                "0111111111": 1,
                "0000010001": 1,
                "0111000010": 1,
                "0111111110": 1,
                "0001011101": 1,
                "1001001010": 1,
                "0010110011": 1,
                "1001011110": 1,
                "1111001110": 1,
                "0011010110": 1,
                "0011011101": 1,
                "0000111111": 1,
                "1001110110": 1,
                "1010001100": 1,
                "1100110010": 1,
                "0010111011": 1,
                "1100100010": 1,
                "1011111001": 1,
                "0111011011": 1,
                "1000100000": 1,
                "1000010100": 1,
                "1110001111": 1,
                "1001111001": 1,
                "1111100001": 1,
                "1110110100": 1,
                "1011100001": 2,
                "1101011101": 1,
                "0010011111": 1,
                "1111010000": 1,
                "1101110011": 1,
                "0111010011": 1,
                "1010101010": 1,
                "1110100110": 1,
                "0010011011": 1,
                "1110010111": 1,
                "1100001111": 1,
                "1110010101": 1,
                "1110000000": 1,
                "0001001001": 2,
                "1001001101": 1,
                "0011001001": 1,
                "1010111111": 1,
                "1010001000": 1,
                "0100100110": 1,
                "1001000001": 1,
                "1110110001": 1,
                "0010100011": 1,
                "1011111100": 1,
                "0100011011": 1,
                "0010000010": 1,
                "0101111111": 1,
                "1000001111": 1,
                "0111001100": 1,
                "0111010101": 1,
                "0000011111": 1,
                "0101010010": 1,
                "1010101001": 1,
                "0110001000": 1,
                "1101101111": 1,
                "1001000111": 1,
                "0010110100": 1,
                "1000110111": 1,
                "1101000111": 1,
                "1111011011": 1,
                "0011001101": 1,
                "1000010000": 1,
                "0000011001": 1,
                "1010100100": 1,
                "0100111011": 1,
                "1011111010": 1,
                "0110010111": 1,
                "0100000011": 1,
                "1101101000": 1,
                "0011010111": 1,
                "1101100001": 1,
                "0001011000": 1,
                "1100011011": 2,
                "0010111000": 1,
                "0010001011": 1,
                "0010010110": 1,
                "1111110101": 1,
                "0100100010": 1,
                "0101010000": 1,
                "0000101111": 1,
                "1010000111": 1,
                "0001100110": 1,
                "1111101100": 1,
                "0001001101": 1,
                "1100010100": 1,
                "0010110101": 1,
                "1000100110": 1,
                "0101011000": 1,
                "1011101011": 1,
                "0100110100": 1,
                "1010111101": 1,
                "1111111010": 1
            },
            false,
            1.0
        ],
        [
            [
                [
                    10,
                    6,
                    9
                ],
                [
                    2,
                    1,
                    -4
                ],
                [
                    2,
                    -6,
                    9
                ],
                [
                    -2,
                    7,
                    10
                ],
                [
                    8,
                    10,
                    -9
                ],
                [
                    -2,
                    -6,
                    -4
                ],
                [
                    2,
                    9,
                    -1
                ],
                [
                    8,
                    -7,
                    5
                ],
                [
                    -2,
                    -1,
                    -6
                ],
                [
                    -2,
                    5,
                    -4
                ],
                [
                    -3,
                    -5,
                    -2
                ],
                [
                    10,
                    -9,
                    -1
                ],
                [
                    8,
                    2,
                    -5
                ],
                [
                    -8,
                    7,
                    -5
                ],
                [
                    7,
                    -6,
                    -2
                ],
                [
                    -8,
                    -3,
                    9
                ],
                [
                    -5,
                    -10,
                    -3
                ],
                [
                    -10,
                    6,
                    -7
                ],
                [
                    -6,
                    3,
                    8
                ],
                [
                    -7,
                    -10,
                    -3
                ],
                [
                    -7,
                    -10,
                    -4
                ],
                [
                    5,
                    10,
                    -6
                ],
                [
                    2,
                    1,
                    -5
                ],
                [
                    2,
                    7,
                    -6
                ],
                [
                    2,
                    7,
                    5
                ],
                [
                    -1,
                    9,
                    4
                ],
                [
                    -1,
                    8,
                    -7
                ],
                [
                    -5,
                    -8,
                    -4
                ],
                [
                    -8,
                    -6,
                    -3
                ],
                [
                    7,
                    -4,
                    5
                ],
                [
                    -8,
                    2,
                    -5
                ],
                [
                    7,
                    -5,
                    8
                ],
                [
                    3,
                    -9,
                    5
                ],
                [
                    -2,
                    8,
                    -9
                ],
                [
                    -6,
                    -1,
                    7
                ],
                [
                    -5,
                    -10,
                    -4
                ],
                [
                    6,
                    -7,
                    3
                ],
                [
                    4,
                    9,
                    5
                ],
                [
                    -8,
                    -10,
                    6
                ],
                [
                    4,
                    -3,
                    10
                ],
                [
                    7,
                    6,
                    -5
                ],
                [
                    7,
                    -10,
                    3
                ],
                [
                    9,
                    6,
                    1
                ],
                [
                    5,
                    -1,
                    -7
                ],
                [
                    -10,
                    5,
                    -7
                ]
            ],
            "{   'fun': 0.96,\n    'jac': None,\n    'nfev': 114,\n    'nit': 1,\n    'njev': 38,\n    'x': array([2.01362021, 2.25877149])}",
            {
                "0010111000": 1,
                "1011010100": 1,
                "0000101100": 1,
                "1100000010": 1,
                "0110111100": 1,
                "1100100011": 1,
                "0011010001": 1,
                "0011110010": 1,
                "0010101110": 1,
                "0010000101": 2,
                "1111010001": 1,
                "0011110011": 1,
                "0110001110": 1,
                "0011011010": 1,
                "1010101101": 1,
                "0110000100": 1,
                "0001110101": 1,
                "1001001010": 1,
                "0100001001": 1,
                "0110011101": 1,
                "0110011011": 1,
                "1101100000": 1,
                "1001011010": 1,
                "0111000010": 2,
                "0011000010": 1,
                "0010000100": 1,
                "1011110001": 1,
                "1110010100": 1,
                "1110111011": 1,
                "1001110110": 1,
                "1010010010": 1,
                "1110001110": 1,
                "0110110010": 1,
                "1000010100": 1,
                "1001111110": 1,
                "1111111001": 1,
                "1011010000": 1,
                "1000000101": 1,
                "1111111110": 1,
                "1110111010": 1,
                "0111101111": 1,
                "0111111010": 1,
                "0000111000": 1,
                "1101101000": 1,
                "1000100111": 2,
                "1000001010": 1,
                "1001110101": 1,
                "0010111101": 1,
                "1000101011": 1,
                "1011101101": 1,
                "1011111101": 1,
                "1100001111": 1,
                "1110010101": 1,
                "0100011111": 1,
                "1011010011": 1,
                "1101110001": 1,
                "1010001011": 2,
                "1111110010": 3,
                "0000001011": 1,
                "1101111000": 1,
                "0011110001": 1,
                "0101111011": 1,
                "0111110100": 1,
                "1011110010": 2,
                "0100111001": 1,
                "0010011111": 1,
                "1111011000": 1,
                "0011010100": 1,
                "0100001100": 1,
                "0110101010": 1,
                "0110101101": 1,
                "1110011110": 1,
                "0010101101": 1,
                "0111110010": 2,
                "0001000001": 1,
                "1011000110": 1,
                "0100100111": 2,
                "1100110100": 1,
                "0000100100": 1,
                "0001101001": 1,
                "1101101010": 1,
                "1000110010": 1,
                "0010001101": 1,
                "1101011011": 1,
                "0001010001": 1,
                "1001101111": 1,
                "1000000111": 1,
                "0011101100": 1,
                "1110111100": 1,
                "1111011001": 1,
                "1100111001": 1
            },
            true,
            0.9
        ],
        [
            [
                [
                    9,
                    8,
                    3
                ],
                [
                    -6,
                    -1,
                    -10
                ],
                [
                    -3,
                    -8,
                    10
                ],
                [
                    9,
                    -2,
                    3
                ],
                [
                    -1,
                    10,
                    -4
                ],
                [
                    8,
                    1,
                    -4
                ],
                [
                    3,
                    7,
                    4
                ],
                [
                    7,
                    3,
                    4
                ],
                [
                    10,
                    9,
                    2
                ],
                [
                    -10,
                    -3,
                    -1
                ],
                [
                    -4,
                    -10,
                    5
                ],
                [
                    -5,
                    -7,
                    1
                ],
                [
                    5,
                    2,
                    8
                ],
                [
                    9,
                    -1,
                    -10
                ],
                [
                    9,
                    5,
                    -3
                ],
                [
                    -3,
                    6,
                    10
                ],
                [
                    7,
                    3,
                    -9
                ],
                [
                    2,
                    -6,
                    -8
                ],
                [
                    6,
                    -4,
                    9
                ],
                [
                    3,
                    10,
                    -2
                ],
                [
                    -8,
                    1,
                    -5
                ],
                [
                    6,
                    -1,
                    -2
                ],
                [
                    4,
                    6,
                    1
                ],
                [
                    -7,
                    -8,
                    -9
                ],
                [
                    9,
                    1,
                    10
                ],
                [
                    9,
                    3,
                    6
                ],
                [
                    -2,
                    -8,
                    -6
                ],
                [
                    -1,
                    -7,
                    -8
                ],
                [
                    4,
                    6,
                    3
                ],
                [
                    -9,
                    7,
                    -4
                ],
                [
                    -8,
                    3,
                    10
                ],
                [
                    -7,
                    10,
                    1
                ],
                [
                    -3,
                    4,
                    8
                ],
                [
                    9,
                    -1,
                    -6
                ],
                [
                    -2,
                    -7,
                    9
                ],
                [
                    10,
                    -1,
                    -8
                ],
                [
                    8,
                    -6,
                    -5
                ],
                [
                    3,
                    2,
                    8
                ],
                [
                    3,
                    1,
                    -10
                ],
                [
                    5,
                    8,
                    -10
                ],
                [
                    1,
                    -7,
                    -4
                ],
                [
                    5,
                    4,
                    9
                ],
                [
                    -8,
                    -1,
                    -7
                ],
                [
                    8,
                    10,
                    6
                ],
                [
                    6,
                    10,
                    2
                ]
            ],
            "{   'fun': 1.0,\n    'jac': None,\n    'nfev': 3,\n    'nit': 0,\n    'njev': 1,\n    'x': array([1.7463542 , 2.86819155])}",
            {
                "1011101011": 1,
                "0010101100": 2,
                "0111110000": 1,
                "0001001010": 1,
                "0111001001": 1,
                "1011110110": 1,
                "1010010100": 1,
                "0011000010": 1,
                "0010100101": 1,
                "1000101011": 1,
                "0000010001": 1,
                "1111101011": 1,
                "0001010000": 1,
                "0101000010": 1,
                "1001001111": 1,
                "1100011011": 1,
                "1101000100": 1,
                "1110001100": 2,
                "1101001111": 1,
                "0011000111": 1,
                "0010111110": 1,
                "1100011010": 1,
                "0011011001": 1,
                "0001100001": 1,
                "0001010111": 1,
                "0001101011": 1,
                "1100010110": 1,
                "0001000100": 1,
                "0110111011": 1,
                "1110111000": 1,
                "1010011111": 1,
                "1010001111": 1,
                "1001011010": 1,
                "0101011110": 1,
                "0100000110": 1,
                "0110000110": 1,
                "1110011111": 1,
                "0000000011": 1,
                "1010110011": 1,
                "1000111011": 1,
                "0000010111": 1,
                "0000010100": 1,
                "1010011001": 1,
                "1011010000": 1,
                "1101000110": 1,
                "0011010001": 1,
                "1001010010": 1,
                "1111100101": 1,
                "1110101011": 1,
                "0111010010": 1,
                "1000010010": 1,
                "1111110111": 1,
                "1100110001": 1,
                "1100001011": 1,
                "0000000100": 2,
                "1110101010": 1,
                "1111001000": 1,
                "0001111111": 1,
                "0100000000": 1,
                "1011001111": 1,
                "0000100110": 1,
                "0011001100": 1,
                "0110000000": 1,
                "0101100111": 1,
                "1010110110": 1,
                "1111111101": 1,
                "1101011000": 1,
                "0101110000": 1,
                "1111110100": 1,
                "1000110110": 2,
                "0011010010": 1,
                "0001101000": 1,
                "0101010111": 1,
                "0010111011": 1,
                "1010101000": 1,
                "1011010110": 1,
                "0111001010": 1,
                "0010110111": 1,
                "0010010110": 1,
                "1101101001": 1,
                "1100010011": 1,
                "0010000100": 1,
                "0111100111": 1,
                "1000110111": 1,
                "1101111001": 1,
                "1011011010": 1,
                "1000101100": 1,
                "0100011101": 1,
                "0001000001": 1,
                "0010000010": 1,
                "0000010000": 1,
                "0010001000": 2,
                "0000100001": 1,
                "1011110000": 1,
                "1010000100": 1
            },
            false,
            1.0
        ],
        [
            [
                [
                    -1,
                    3,
                    2
                ],
                [
                    -1,
                    4,
                    -5
                ],
                [
                    -9,
                    -1,
                    -4
                ],
                [
                    9,
                    10,
                    4
                ],
                [
                    -9,
                    -8,
                    -10
                ],
                [
                    4,
                    -7,
                    -5
                ],
                [
                    -7,
                    -5,
                    -9
                ],
                [
                    4,
                    9,
                    6
                ],
                [
                    10,
                    5,
                    -7
                ],
                [
                    3,
                    8,
                    9
                ],
                [
                    3,
                    6,
                    -10
                ],
                [
                    -9,
                    2,
                    1
                ],
                [
                    -2,
                    5,
                    7
                ],
                [
                    -2,
                    7,
                    1
                ],
                [
                    9,
                    -8,
                    -6
                ],
                [
                    10,
                    -7,
                    -6
                ],
                [
                    4,
                    2,
                    7
                ],
                [
                    -10,
                    4,
                    6
                ],
                [
                    8,
                    -3,
                    -1
                ],
                [
                    2,
                    -9,
                    3
                ],
                [
                    -6,
                    8,
                    2
                ],
                [
                    6,
                    1,
                    -7
                ],
                [
                    -6,
                    2,
                    4
                ],
                [
                    7,
                    8,
                    3
                ],
                [
                    3,
                    2,
                    5
                ],
                [
                    -4,
                    -5,
                    1
                ],
                [
                    9,
                    -5,
                    6
                ],
                [
                    9,
                    7,
                    8
                ],
                [
                    4,
                    -7,
                    -6
                ],
                [
                    5,
                    -6,
                    -9
                ],
                [
                    4,
                    -10,
                    7
                ],
                [
                    2,
                    -9,
                    3
                ],
                [
                    -10,
                    -6,
                    3
                ],
                [
                    -1,
                    6,
                    -9
                ],
                [
                    10,
                    -8,
                    3
                ],
                [
                    8,
                    -3,
                    -1
                ],
                [
                    -8,
                    2,
                    4
                ],
                [
                    -10,
                    5,
                    -6
                ],
                [
                    -7,
                    1,
                    10
                ],
                [
                    -1,
                    -8,
                    6
                ],
                [
                    1,
                    -7,
                    8
                ],
                [
                    4,
                    7,
                    -6
                ],
                [
                    8,
                    3,
                    -5
                ],
                [
                    -3,
                    -7,
                    -6
                ],
                [
                    6,
                    4,
                    -2
                ]
            ],
            "{   'fun': 1.0,\n    'jac': None,\n    'nfev': 3,\n    'nit': 0,\n    'njev': 1,\n    'x': array([1.33487669, 1.00900965])}",
            {
                "0101000001": 1,
                "1110010111": 1,
                "0101000000": 1,
                "1110111100": 1,
                "0110110100": 1,
                "1111101001": 1,
                "0010011001": 1,
                "1010101110": 1,
                "0000010010": 1,
                "0010100111": 1,
                "0000101000": 1,
                "0000001000": 1,
                "0110111111": 1,
                "0100000001": 2,
                "0010010010": 1,
                "0110010011": 1,
                "0001000111": 1,
                "0001010100": 1,
                "0100111101": 1,
                "0010011010": 1,
                "0110010000": 1,
                "0110001000": 1,
                "1110100100": 1,
                "0101100010": 1,
                "1111111111": 1,
                "0000111110": 1,
                "1000111110": 1,
                "1110000101": 1,
                "0111000100": 1,
                "1000001010": 1,
                "1111010011": 1,
                "0110110001": 1,
                "0010100010": 1,
                "0110110011": 1,
                "1011111100": 1,
                "1110010010": 1,
                "0100000111": 1,
                "1000011011": 1,
                "0000110111": 1,
                "1000000000": 1,
                "1101100110": 1,
                "1010110000": 1,
                "1011100010": 1,
                "1001001111": 1,
                "1101100001": 1,
                "1101010011": 1,
                "0011011100": 1,
                "0010111001": 1,
                "1011111000": 1,
                "1000000100": 1,
                "0011010011": 1,
                "0001011110": 1,
                "1101101001": 1,
                "1011001110": 1,
                "0110010001": 1,
                "1101100000": 2,
                "0001010011": 1,
                "0110101100": 1,
                "1101011111": 1,
                "0000010001": 1,
                "0101000101": 1,
                "1110111001": 1,
                "0100010100": 1,
                "1011010110": 1,
                "1010101000": 1,
                "0111001110": 1,
                "0001100111": 1,
                "0101111010": 1,
                "1110110111": 1,
                "0011010101": 1,
                "1001101000": 1,
                "0001010000": 1,
                "1101000111": 2,
                "1110111111": 1,
                "1101101010": 1,
                "0100100011": 1,
                "1111000110": 1,
                "0000100010": 1,
                "1001010110": 1,
                "1010000111": 1,
                "1001001110": 1,
                "0100111000": 1,
                "0111011101": 1,
                "0010101001": 1,
                "1001001010": 1,
                "0001100000": 1,
                "1011010101": 1,
                "1011110101": 1,
                "0111010110": 1,
                "1000101111": 1,
                "0100101011": 1,
                "1001111101": 1,
                "0100100101": 1,
                "0100111001": 1,
                "1010110001": 1,
                "1000110100": 1,
                "0110111001": 1
            },
            false,
            1.0
        ]
    ]
}