{
    "n": 10,
    "m": 45,
    "results": [
        [
            [
                [
                    1,
                    -3,
                    -2
                ],
                [
                    -2,
                    1,
                    -4
                ],
                [
                    10,
                    3,
                    -4
                ],
                [
                    7,
                    -9,
                    5
                ],
                [
                    4,
                    5,
                    -7
                ],
                [
                    -5,
                    10,
                    6
                ],
                [
                    -2,
                    -9,
                    1
                ],
                [
                    9,
                    -6,
                    -7
                ],
                [
                    -8,
                    4,
                    9
                ],
                [
                    9,
                    6,
                    1
                ],
                [
                    2,
                    -3,
                    -1
                ],
                [
                    1,
                    -10,
                    3
                ],
                [
                    8,
                    -6,
                    7
                ],
                [
                    -4,
                    2,
                    -10
                ],
                [
                    8,
                    6,
                    7
                ],
                [
                    10,
                    7,
                    -2
                ],
                [
                    -3,
                    -5,
                    -1
                ],
                [
                    -7,
                    3,
                    -10
                ],
                [
                    -8,
                    -4,
                    2
                ],
                [
                    6,
                    -10,
                    -2
                ],
                [
                    -8,
                    2,
                    -4
                ],
                [
                    -4,
                    -9,
                    -6
                ],
                [
                    -4,
                    8,
                    1
                ],
                [
                    5,
                    4,
                    -3
                ],
                [
                    7,
                    -4,
                    -9
                ],
                [
                    9,
                    -10,
                    -1
                ],
                [
                    -5,
                    -2,
                    8
                ],
                [
                    10,
                    -4,
                    -3
                ],
                [
                    -6,
                    4,
                    -8
                ],
                [
                    1,
                    5,
                    -10
                ],
                [
                    3,
                    9,
                    8
                ],
                [
                    2,
                    -1,
                    -8
                ],
                [
                    -10,
                    8,
                    -4
                ],
                [
                    1,
                    8,
                    4
                ],
                [
                    3,
                    -4,
                    8
                ],
                [
                    -9,
                    -6,
                    -1
                ],
                [
                    -2,
                    10,
                    -4
                ],
                [
                    -1,
                    7,
                    -4
                ],
                [
                    -2,
                    -7,
                    -8
                ],
                [
                    5,
                    10,
                    -7
                ],
                [
                    -3,
                    -4,
                    -7
                ],
                [
                    5,
                    -1,
                    -2
                ],
                [
                    -1,
                    5,
                    -9
                ],
                [
                    -9,
                    -2,
                    6
                ],
                [
                    3,
                    -9,
                    -8
                ]
            ],
            "{   'fun': 0.97,\n    'jac': None,\n    'nfev': 51,\n    'nit': 2,\n    'njev': 17,\n    'x': array([2.5857258 , 0.04774647])}",
            {
                "1110011010": 1,
                "0111111110": 1,
                "1111010101": 1,
                "1001010000": 1,
                "1101111101": 1,
                "0111000001": 1,
                "0000110011": 1,
                "0011001111": 1,
                "0110100011": 1,
                "1101100001": 1,
                "1000010100": 1,
                "0000110100": 1,
                "1100110011": 1,
                "0001011101": 1,
                "1100011100": 2,
                "0101100111": 1,
                "1001000011": 1,
                "0110101111": 1,
                "1100110101": 2,
                "1100110010": 1,
                "1110010100": 4,
                "0111110011": 1,
                "0000001010": 1,
                "0100011010": 1,
                "1000001010": 1,
                "1000101000": 1,
                "1111110001": 1,
                "0100011101": 1,
                "1110000000": 1,
                "1011110011": 1,
                "0100011100": 1,
                "0111111011": 1,
                "0011100011": 1,
                "1101001100": 2,
                "1100111111": 1,
                "0110001011": 1,
                "1010001011": 1,
                "1111110000": 1,
                "1001100011": 1,
                "0000000111": 1,
                "1100110001": 1,
                "1100101100": 1,
                "0101110001": 1,
                "1101001110": 2,
                "1101111001": 1,
                "1111010111": 1,
                "1011011010": 1,
                "1110011101": 1,
                "1011111000": 1,
                "0011000000": 2,
                "0101011001": 1,
                "1001110100": 1,
                "0001011001": 1,
                "0110100111": 1,
                "1011001000": 2,
                "0010011011": 1,
                "1110011000": 1,
                "1000110010": 1,
                "1101101010": 1,
                "1000010011": 1,
                "0010010001": 1,
                "0011000001": 1,
                "0111011110": 1,
                "1000100010": 1,
                "1001110101": 1,
                "1001001010": 1,
                "0011100000": 1,
                "0010000110": 1,
                "1111000100": 1,
                "0111101001": 1,
                "0000011001": 1,
                "1010100100": 1,
                "1101000001": 1,
                "1010010101": 1,
                "0110100110": 1,
                "0010000001": 1,
                "0010101010": 1,
                "0111101111": 2,
                "1110011001": 1,
                "1010111100": 1,
                "0111110100": 1,
                "1100010011": 1,
                "0110111111": 1,
                "1011111001": 1,
                "1100101011": 1,
                "1010111011": 1,
                "0100011001": 1,
                "0101111000": 1,
                "0001011111": 1,
                "0100100111": 1
            },
            true,
            0.96
        ],
        [
            [
                [
                    -7,
                    9,
                    5
                ],
                [
                    2,
                    -5,
                    -9
                ],
                [
                    9,
                    3,
                    8
                ],
                [
                    -4,
                    -7,
                    -9
                ],
                [
                    -6,
                    5,
                    4
                ],
                [
                    3,
                    7,
                    -9
                ],
                [
                    8,
                    -2,
                    4
                ],
                [
                    7,
                    9,
                    10
                ],
                [
                    9,
                    -6,
                    7
                ],
                [
                    5,
                    -8,
                    -2
                ],
                [
                    4,
                    -6,
                    -7
                ],
                [
                    4,
                    2,
                    -6
                ],
                [
                    -10,
                    -6,
                    -7
                ],
                [
                    8,
                    3,
                    6
                ],
                [
                    -4,
                    7,
                    1
                ],
                [
                    2,
                    3,
                    6
                ],
                [
                    6,
                    5,
                    1
                ],
                [
                    6,
                    -1,
                    -3
                ],
                [
                    -5,
                    -1,
                    -2
                ],
                [
                    -3,
                    1,
                    5
                ],
                [
                    3,
                    4,
                    2
                ],
                [
                    -4,
                    9,
                    -2
                ],
                [
                    5,
                    -3,
                    6
                ],
                [
                    8,
                    -2,
                    7
                ],
                [
                    3,
                    4,
                    -1
                ],
                [
                    -6,
                    3,
                    -2
                ],
                [
                    8,
                    -4,
                    10
                ],
                [
                    6,
                    -3,
                    -9
                ],
                [
                    5,
                    -7,
                    10
                ],
                [
                    -8,
                    1,
                    -2
                ],
                [
                    -3,
                    2,
                    6
                ],
                [
                    6,
                    8,
                    -9
                ],
                [
                    -8,
                    4,
                    -5
                ],
                [
                    -2,
                    -9,
                    7
                ],
                [
                    3,
                    5,
                    -6
                ],
                [
                    6,
                    -3,
                    4
                ],
                [
                    -8,
                    -2,
                    6
                ],
                [
                    8,
                    6,
                    -9
                ],
                [
                    5,
                    -2,
                    8
                ],
                [
                    -5,
                    1,
                    9
                ],
                [
                    -9,
                    2,
                    -3
                ],
                [
                    -10,
                    4,
                    -9
                ],
                [
                    -6,
                    7,
                    -3
                ],
                [
                    -4,
                    1,
                    -8
                ],
                [
                    9,
                    10,
                    -7
                ]
            ],
            "{   'fun': 1.0,\n    'jac': None,\n    'nfev': 3,\n    'nit': 0,\n    'njev': 1,\n    'x': array([0.19211593, 0.02383559])}",
            {
                "0000111111": 1,
                "0011101111": 1,
                "0101011101": 1,
                "1000101011": 1,
                "0010000100": 1,
                "1000111001": 1,
                "0101011001": 1,
                "1110111110": 1,
                "1011111101": 1,
                "1100101010": 1,
                "1010010010": 1,
                "0000010000": 1,
                "0011110011": 1,
                "0111101011": 1,
                "1011000011": 1,
                "1100100011": 1,
                "0100100011": 1,
                "1110000101": 1,
                "0000100100": 1,
                "1110100010": 1,
                "0000011111": 1,
                "0010010101": 1,
                "0111111110": 1,
                "1001111100": 1,
                "1100011000": 1,
                "0111101101": 1,
                "0101001110": 2,
                "0001011011": 1,
                "1101101101": 1,
                "0001110110": 1,
                "1001101000": 1,
                "1011000000": 1,
                "0111110001": 1,
                "1111011100": 1,
                "1110111001": 1,
                "1000110000": 1,
                "0111110101": 1,
                "0100011010": 1,
                "1001000000": 1,
                "1101100010": 1,
                "1010100111": 1,
                "0001001110": 1,
                "1110101101": 1,
                "0001110111": 1,
                "1101100101": 1,
                "1011001001": 1,
                "0110111101": 1,
                "1011101001": 1,
                "0011000010": 1,
                "1101100001": 1,
                "1110010001": 1,
                "1101111111": 1,
                "1000111110": 1,
                "0000011011": 1,
                "0111010100": 1,
                "0011101101": 1,
                "1110111000": 1,
                "0110000111": 1,
                "1101001000": 1,
                "1110010100": 1,
                "1100010100": 1,
                "0101101101": 1,
                "0011111110": 1,
                "1010111010": 1,
                "0101100101": 1,
                "0011000110": 1,
                "0000010100": 1,
                "1100011010": 1,
                "1100101001": 1,
                "1000001010": 1,
                "1110110001": 1,
                "0101111100": 1,
                "1111100101": 1,
                "1111001101": 1,
                "1110101000": 1,
                "0000011000": 1,
                "0111000010": 1,
                "0001001100": 1,
                "0110111000": 1,
                "1011010010": 1,
                "1101011011": 1,
                "0010001111": 1,
                "0010101011": 1,
                "1100110011": 1,
                "0101011000": 1,
                "1110111101": 1,
                "0010011111": 1,
                "0011100110": 1,
                "1011010101": 1,
                "0011000100": 1,
                "0001010111": 1,
                "1011110101": 1,
                "1101101000": 1,
                "1001110011": 1,
                "0011110111": 1,
                "0100111000": 1,
                "1011111111": 1,
                "1011000111": 1,
                "0010001010": 1
            },
            false,
            1.0
        ],
        [
            [
                [
                    8,
                    -5,
                    10
                ],
                [
                    -4,
                    1,
                    -10
                ],
                [
                    -2,
                    5,
                    6
                ],
                [
                    -10,
                    -2,
                    -9
                ],
                [
                    -3,
                    -1,
                    6
                ],
                [
                    -3,
                    9,
                    -10
                ],
                [
                    6,
                    10,
                    -4
                ],
                [
                    3,
                    6,
                    -4
                ],
                [
                    8,
                    -6,
                    7
                ],
                [
                    7,
                    -5,
                    -1
                ],
                [
                    -10,
                    3,
                    -5
                ],
                [
                    6,
                    7,
                    -10
                ],
                [
                    -4,
                    -3,
                    6
                ],
                [
                    -9,
                    -7,
                    2
                ],
                [
                    -2,
                    -9,
                    7
                ],
                [
                    -9,
                    2,
                    -6
                ],
                [
                    9,
                    3,
                    -4
                ],
                [
                    -1,
                    10,
                    8
                ],
                [
                    -4,
                    8,
                    5
                ],
                [
                    7,
                    9,
                    10
                ],
                [
                    -5,
                    -4,
                    -3
                ],
                [
                    7,
                    -2,
                    -6
                ],
                [
                    -10,
                    -4,
                    9
                ],
                [
                    1,
                    2,
                    -6
                ],
                [
                    8,
                    -9,
                    -4
                ],
                [
                    9,
                    -6,
                    -3
                ],
                [
                    -7,
                    -4,
                    -1
                ],
                [
                    -1,
                    -6,
                    -4
                ],
                [
                    -4,
                    -1,
                    7
                ],
                [
                    -5,
                    -3,
                    -8
                ],
                [
                    -10,
                    -3,
                    -2
                ],
                [
                    6,
                    4,
                    8
                ],
                [
                    1,
                    2,
                    3
                ],
                [
                    6,
                    4,
                    -7
                ],
                [
                    6,
                    3,
                    -8
                ],
                [
                    -6,
                    8,
                    4
                ],
                [
                    8,
                    -5,
                    -1
                ],
                [
                    8,
                    -1,
                    7
                ],
                [
                    10,
                    -4,
                    9
                ],
                [
                    -4,
                    -2,
                    9
                ],
                [
                    1,
                    8,
                    -5
                ],
                [
                    6,
                    -5,
                    -9
                ],
                [
                    2,
                    1,
                    3
                ],
                [
                    -10,
                    -6,
                    -9
                ],
                [
                    -4,
                    -2,
                    3
                ]
            ],
            "{   'fun': 0.8,\n    'jac': None,\n    'nfev': 63,\n    'nit': 1,\n    'njev': 21,\n    'x': array([2.01362138, 2.25877169])}",
            {
                "0011000000": 1,
                "0011100011": 1,
                "1001001011": 1,
                "0100001101": 1,
                "0111010000": 1,
                "1101100001": 1,
                "1101100111": 1,
                "0011000001": 1,
                "0011101100": 1,
                "0100000100": 1,
                "0110001011": 1,
                "0001111111": 1,
                "0100000000": 1,
                "1101110001": 1,
                "1110000011": 1,
                "0111101100": 1,
                "1000001011": 1,
                "0000001100": 1,
                "1000000110": 1,
                "1001011110": 1,
                "0011100010": 2,
                "0011100001": 1,
                "1111001000": 1,
                "0100110111": 1,
                "1100001100": 1,
                "0111100111": 3,
                "0101010001": 1,
                "0111100110": 1,
                "1111101110": 1,
                "1001110110": 1,
                "0110000100": 3,
                "0101110100": 1,
                "0011110011": 2,
                "1101100010": 1,
                "0010001101": 1,
                "1111101000": 1,
                "0001000111": 1,
                "1100100001": 1,
                "1000101010": 1,
                "0010000011": 1,
                "1000111100": 1,
                "1000000101": 1,
                "0000111100": 1,
                "1110111000": 1,
                "0011110010": 2,
                "1111011101": 1,
                "1001011010": 1,
                "0011011111": 1,
                "1101011000": 1,
                "0100110100": 1,
                "1011001001": 1,
                "1110100011": 1,
                "0101101010": 1,
                "1011010001": 1,
                "0010111010": 1,
                "1111011001": 1,
                "0111001000": 1,
                "1010100001": 3,
                "1000110110": 1,
                "0111100011": 3,
                "1011100100": 1,
                "1001011000": 2,
                "1010001010": 1,
                "0110101011": 1,
                "0011111011": 1,
                "0010100010": 1,
                "1101000010": 1,
                "0001001101": 1,
                "0110010110": 1,
                "0111110010": 1,
                "1001011100": 1,
                "1111010001": 1,
                "1010000111": 1,
                "0110111111": 1,
                "0111101110": 1,
                "0111010001": 1,
                "1000111011": 1,
                "1010110011": 1,
                "1001110000": 1,
                "0101111110": 1,
                "0101000000": 1,
                "1100010011": 1,
                "0110010000": 1,
                "0010111000": 1,
                "1001111000": 1,
                "1000001010": 1,
                "0111100010": 1,
                "0011110001": 1
            },
            true,
            0.72
        ],
        [
            [
                [
                    5,
                    -8,
                    -4
                ],
                [
                    -1,
                    10,
                    9
                ],
                [
                    -1,
                    -2,
                    -10
                ],
                [
                    -10,
                    -2,
                    8
                ],
                [
                    -8,
                    -10,
                    -3
                ],
                [
                    1,
                    6,
                    5
                ],
                [
                    -6,
                    2,
                    -7
                ],
                [
                    -6,
                    -5,
                    -2
                ],
                [
                    -10,
                    -5,
                    -8
                ],
                [
                    -10,
                    -5,
                    -2
                ],
                [
                    -7,
                    -5,
                    9
                ],
                [
                    -9,
                    -6,
                    2
                ],
                [
                    9,
                    10,
                    -7
                ],
                [
                    10,
                    -9,
                    2
                ],
                [
                    10,
                    -8,
                    4
                ],
                [
                    -2,
                    1,
                    -4
                ],
                [
                    -9,
                    5,
                    4
                ],
                [
                    3,
                    9,
                    -2
                ],
                [
                    -10,
                    1,
                    3
                ],
                [
                    4,
                    -6,
                    -9
                ],
                [
                    9,
                    -1,
                    10
                ],
                [
                    -6,
                    1,
                    3
                ],
                [
                    -1,
                    -9,
                    -5
                ],
                [
                    -3,
                    9,
                    1
                ],
                [
                    -10,
                    -2,
                    -1
                ],
                [
                    -9,
                    3,
                    -1
                ],
                [
                    -7,
                    -1,
                    -2
                ],
                [
                    -4,
                    2,
                    -7
                ],
                [
                    3,
                    5,
                    4
                ],
                [
                    7,
                    -1,
                    10
                ],
                [
                    8,
                    -6,
                    2
                ],
                [
                    -10,
                    1,
                    -8
                ],
                [
                    -10,
                    -6,
                    -8
                ],
                [
                    3,
                    -7,
                    9
                ],
                [
                    3,
                    -9,
                    10
                ],
                [
                    -2,
                    7,
                    -4
                ],
                [
                    6,
                    -4,
                    8
                ],
                [
                    -4,
                    10,
                    8
                ],
                [
                    8,
                    -6,
                    10
                ],
                [
                    -2,
                    1,
                    -10
                ],
                [
                    -6,
                    10,
                    9
                ],
                [
                    -5,
                    2,
                    -6
                ],
                [
                    -8,
                    7,
                    4
                ],
                [
                    -5,
                    -3,
                    6
                ],
                [
                    8,
                    10,
                    1
                ]
            ],
            "{   'fun': 0.96,\n    'jac': None,\n    'nfev': 81,\n    'nit': 3,\n    'njev': 27,\n    'x': array([1.74635425, 2.86819157])}",
            {
                "1111011011": 1,
                "0100101100": 1,
                "0010011000": 1,
                "1011000100": 1,
                "1000111110": 1,
                "0111101011": 1,
                "1001101100": 1,
                "1000110101": 1,
                "1010110001": 1,
                "0000010011": 1,
                "1111111110": 1,
                "0010011001": 1,
                "1101011111": 1,
                "0011110010": 1,
                "0111101100": 1,
                "0100010011": 1,
                "0010111010": 1,
                "1011100110": 1,
                "0110101001": 1,
                "0100101111": 1,
                "1101101011": 1,
                "1001000110": 1,
                "0110010011": 2,
                "1100100001": 1,
                "0101101011": 1,
                "1011011101": 1,
                "0101110010": 1,
                "1000101011": 1,
                "1100111011": 1,
                "1111010110": 1,
                "1101000001": 1,
                "1000110000": 1,
                "1000010001": 1,
                "1101111111": 1,
                "1000001000": 1,
                "0010010000": 1,
                "1010110000": 1,
                "1111010010": 1,
                "1100110101": 1,
                "1111000011": 1,
                "1001111001": 1,
                "1111100000": 2,
                "0111011101": 1,
                "1010110110": 1,
                "0001100110": 1,
                "1111100100": 1,
                "0011110001": 1,
                "0010011011": 1,
                "0100000011": 1,
                "0001011110": 1,
                "0110010111": 1,
                "1000000101": 1,
                "0011100000": 1,
                "1001000101": 4,
                "0100010000": 1,
                "1110101111": 1,
                "1111101001": 1,
                "1100100111": 1,
                "0111001101": 2,
                "1011010010": 1,
                "1110100010": 1,
                "0000011111": 1,
                "0000101111": 1,
                "0001000011": 1,
                "1101011101": 1,
                "1111000010": 1,
                "1010111101": 1,
                "1010101010": 1,
                "0011001000": 1,
                "0100011110": 1,
                "0101011111": 1,
                "1101000010": 1,
                "0101001111": 1,
                "0111111100": 1,
                "1110011010": 2,
                "1100001101": 1,
                "0011100101": 1,
                "1101100000": 1,
                "1110011001": 1,
                "1111011110": 1,
                "1000010011": 1,
                "1011011100": 1,
                "1100110110": 1,
                "0100011100": 1,
                "0011111101": 1,
                "1010011111": 1,
                "0101011011": 1,
                "1010010111": 1,
                "0011011100": 1,
                "0010001000": 1,
                "0100111111": 1,
                "0011111110": 1,
                "0001010101": 1
            },
            true,
            0.89
        ],
        [
            [
                [
                    -4,
                    -8,
                    6
                ],
                [
                    7,
                    10,
                    -4
                ],
                [
                    -9,
                    7,
                    -3
                ],
                [
                    7,
                    -6,
                    -3
                ],
                [
                    7,
                    9,
                    -3
                ],
                [
                    -9,
                    8,
                    1
                ],
                [
                    4,
                    -7,
                    1
                ],
                [
                    9,
                    5,
                    7
                ],
                [
                    5,
                    10,
                    3
                ],
                [
                    9,
                    7,
                    -3
                ],
                [
                    4,
                    -3,
                    -10
                ],
                [
                    6,
                    -9,
                    -4
                ],
                [
                    -2,
                    6,
                    8
                ],
                [
                    -7,
                    6,
                    2
                ],
                [
                    -6,
                    5,
                    -10
                ],
                [
                    -8,
                    -4,
                    1
                ],
                [
                    -9,
                    -10,
                    8
                ],
                [
                    2,
                    -1,
                    4
                ],
                [
                    9,
                    6,
                    2
                ],
                [
                    5,
                    8,
                    -7
                ],
                [
                    10,
                    8,
                    -6
                ],
                [
                    3,
                    -1,
                    -6
                ],
                [
                    -1,
                    -5,
                    4
                ],
                [
                    -3,
                    8,
                    -2
                ],
                [
                    -8,
                    2,
                    -4
                ],
                [
                    -8,
                    9,
                    -5
                ],
                [
                    -1,
                    -9,
                    3
                ],
                [
                    -6,
                    -3,
                    5
                ],
                [
                    7,
                    8,
                    -5
                ],
                [
                    -8,
                    -2,
                    6
                ],
                [
                    -9,
                    2,
                    7
                ],
                [
                    10,
                    8,
                    -2
                ],
                [
                    -9,
                    4,
                    -7
                ],
                [
                    1,
                    5,
                    9
                ],
                [
                    7,
                    -10,
                    -8
                ],
                [
                    -4,
                    3,
                    -2
                ],
                [
                    2,
                    4,
                    -8
                ],
                [
                    8,
                    4,
                    -5
                ],
                [
                    3,
                    2,
                    8
                ],
                [
                    -3,
                    8,
                    -9
                ],
                [
                    -6,
                    -10,
                    3
                ],
                [
                    -10,
                    -8,
                    6
                ],
                [
                    -6,
                    -9,
                    1
                ],
                [
                    -3,
                    -5,
                    -10
                ],
                [
                    -5,
                    7,
                    10
                ]
            ],
            "{   'fun': 1.0,\n    'jac': None,\n    'nfev': 3,\n    'nit': 0,\n    'njev': 1,\n    'x': array([1.33487669, 1.00900965])}",
            {
                "1101010110": 1,
                "1010110000": 1,
                "0001011001": 1,
                "1100010010": 1,
                "0100100110": 1,
                "1110000111": 1,
                "0010011011": 1,
                "1000111011": 1,
                "0010111101": 1,
                "1011101011": 1,
                "1111100101": 1,
                "1001101011": 1,
                "0000101001": 1,
                "0000101100": 1,
                "1011101000": 1,
                "0100011000": 1,
                "0011000010": 1,
                "0101110010": 1,
                "0110010110": 1,
                "1100001001": 1,
                "1000111111": 1,
                "1100001111": 1,
                "1011010011": 1,
                "0101111100": 1,
                "1100011010": 1,
                "1000001010": 1,
                "0000100110": 1,
                "1111111111": 1,
                "1110010000": 1,
                "1110111001": 1,
                "1111101110": 1,
                "1100111100": 1,
                "1000111010": 1,
                "1001001111": 1,
                "0101010011": 1,
                "1011110101": 1,
                "0011100010": 1,
                "1100110011": 1,
                "1000100111": 1,
                "1101110101": 2,
                "1111101001": 1,
                "0001111111": 1,
                "0110011011": 1,
                "0101111110": 1,
                "1000011010": 1,
                "1110001111": 2,
                "1101101111": 1,
                "1001011101": 1,
                "1001101111": 1,
                "0010001010": 1,
                "0001100010": 1,
                "1001011000": 1,
                "1010100010": 1,
                "1000100110": 1,
                "0100110110": 1,
                "1001000000": 1,
                "0101000001": 2,
                "1101110010": 1,
                "0111110010": 1,
                "1011100101": 1,
                "0101001111": 1,
                "1101101000": 1,
                "1110001010": 1,
                "0101100101": 1,
                "1110111011": 1,
                "1100000011": 1,
                "0000001101": 1,
                "1110011101": 1,
                "0010001101": 1,
                "1100110001": 1,
                "0111101110": 1,
                "0110011100": 1,
                "0111111001": 1,
                "1001100001": 1,
                "1011010110": 1,
                "0010111011": 1,
                "0100100101": 1,
                "1101111110": 1,
                "0101101010": 1,
                "1110010010": 1,
                "1100111011": 1,
                "0010100011": 1,
                "1011110111": 1,
                "0011100111": 1,
                "1111001110": 2,
                "1111101101": 1,
                "1000110110": 1,
                "0011001010": 1,
                "1110000110": 1,
                "1110001000": 1,
                "1011011011": 1,
                "0101000111": 1,
                "0001001111": 1,
                "0000001001": 1,
                "0000001011": 1,
                "1010001101": 1
            },
            false,
            1.0
        ]
    ]
}