{
    "n": 10,
    "m": 45,
    "results": [
        [
            [
                [
                    4,
                    1,
                    8
                ],
                [
                    5,
                    -3,
                    9
                ],
                [
                    -7,
                    5,
                    6
                ],
                [
                    2,
                    4,
                    6
                ],
                [
                    10,
                    6,
                    -9
                ],
                [
                    1,
                    8,
                    -10
                ],
                [
                    4,
                    2,
                    7
                ],
                [
                    4,
                    -3,
                    7
                ],
                [
                    -10,
                    -2,
                    -5
                ],
                [
                    -6,
                    9,
                    -4
                ],
                [
                    7,
                    -2,
                    -8
                ],
                [
                    1,
                    3,
                    -9
                ],
                [
                    -3,
                    4,
                    8
                ],
                [
                    10,
                    -6,
                    -8
                ],
                [
                    6,
                    -3,
                    -9
                ],
                [
                    8,
                    2,
                    -7
                ],
                [
                    6,
                    10,
                    9
                ],
                [
                    -7,
                    6,
                    -3
                ],
                [
                    2,
                    10,
                    6
                ],
                [
                    -1,
                    3,
                    -8
                ],
                [
                    9,
                    -8,
                    1
                ],
                [
                    7,
                    2,
                    -3
                ],
                [
                    -10,
                    7,
                    4
                ],
                [
                    5,
                    -10,
                    8
                ],
                [
                    -1,
                    5,
                    -2
                ],
                [
                    -5,
                    8,
                    -1
                ],
                [
                    2,
                    3,
                    9
                ],
                [
                    1,
                    -2,
                    -6
                ],
                [
                    -7,
                    1,
                    2
                ],
                [
                    -10,
                    9,
                    6
                ],
                [
                    5,
                    6,
                    1
                ],
                [
                    5,
                    10,
                    -7
                ],
                [
                    1,
                    -2,
                    -6
                ],
                [
                    -8,
                    1,
                    -10
                ],
                [
                    10,
                    1,
                    -2
                ],
                [
                    5,
                    7,
                    3
                ],
                [
                    -1,
                    -10,
                    4
                ],
                [
                    10,
                    2,
                    7
                ],
                [
                    1,
                    4,
                    -2
                ],
                [
                    -7,
                    2,
                    3
                ],
                [
                    -8,
                    -1,
                    -10
                ],
                [
                    -1,
                    -9,
                    4
                ],
                [
                    -8,
                    10,
                    4
                ],
                [
                    -9,
                    6,
                    2
                ],
                [
                    8,
                    7,
                    -1
                ]
            ],
            "{   'fun': 1.0,\n    'jac': None,\n    'nfev': 25,\n    'nit': None,\n    'njev': None,\n    'x': array([0.00735812, 2.77641779, 1.77400102, 0.68786339])}",
            {
                "0011100111": 1,
                "0101000011": 1,
                "1100010100": 1,
                "1010101100": 1,
                "0000101101": 1,
                "1011101011": 1,
                "0001001100": 1,
                "0100101110": 1,
                "0110001001": 1,
                "1101101000": 1,
                "0010100001": 1,
                "1100000101": 1,
                "0111100100": 1,
                "1111010100": 1,
                "0011001010": 1,
                "1001111110": 1,
                "0100110100": 1,
                "1011110010": 1,
                "0100111010": 1,
                "1100101000": 1,
                "1010010100": 1,
                "0110100100": 1,
                "0011000011": 1,
                "0110011101": 1,
                "0011010010": 1,
                "0010111111": 1,
                "0000110001": 1,
                "0000110111": 2,
                "1110100111": 1,
                "0001010101": 1,
                "1010111010": 1,
                "1000001110": 1,
                "0000000101": 1,
                "0110001110": 1,
                "0100010000": 1,
                "1001000101": 1,
                "0010001011": 1,
                "1110101001": 1,
                "0101111110": 1,
                "1011100000": 1,
                "1011110110": 1,
                "1000111101": 1,
                "1001001010": 1,
                "1101100110": 1,
                "1000101011": 1,
                "1010110000": 1,
                "1100011101": 1,
                "1110101010": 1,
                "1001011011": 1,
                "1011001100": 1,
                "0101111111": 1,
                "1010000001": 1,
                "1000011001": 1,
                "0010001110": 1,
                "1100111000": 1,
                "1000100011": 1,
                "0111001001": 1,
                "0011110110": 1,
                "0011110000": 1,
                "1010100000": 1,
                "1110101111": 1,
                "1001111111": 1,
                "0010100010": 1,
                "1100000000": 1,
                "0100001000": 1,
                "0010011111": 3,
                "1100101001": 1,
                "1001111000": 1,
                "0011100011": 1,
                "1100111110": 1,
                "0001100111": 1,
                "0000000001": 1,
                "0001100011": 1,
                "0011001111": 2,
                "1000111011": 1,
                "0111001101": 1,
                "0001100001": 1,
                "1101100010": 1,
                "0110100011": 1,
                "0001001110": 1,
                "0011010111": 1,
                "1011000110": 1,
                "0111001010": 1,
                "1000111110": 1,
                "0010110010": 1,
                "0101101001": 1,
                "1000110010": 1,
                "1000110111": 1,
                "0001101001": 1,
                "1000011100": 1,
                "0011010100": 1,
                "1111011000": 1,
                "1101110101": 1,
                "1111100001": 1,
                "0111011100": 1,
                "1111010101": 1
            },
            false,
            1.0
        ],
        [
            [
                [
                    4,
                    -5,
                    6
                ],
                [
                    -8,
                    -1,
                    -4
                ],
                [
                    -7,
                    5,
                    -8
                ],
                [
                    -6,
                    -4,
                    -10
                ],
                [
                    -1,
                    -6,
                    -2
                ],
                [
                    -4,
                    8,
                    2
                ],
                [
                    -5,
                    -2,
                    -7
                ],
                [
                    8,
                    -3,
                    6
                ],
                [
                    -4,
                    6,
                    -10
                ],
                [
                    2,
                    7,
                    1
                ],
                [
                    4,
                    -5,
                    2
                ],
                [
                    7,
                    -5,
                    -8
                ],
                [
                    9,
                    2,
                    -8
                ],
                [
                    10,
                    -7,
                    6
                ],
                [
                    1,
                    9,
                    -8
                ],
                [
                    -9,
                    7,
                    5
                ],
                [
                    7,
                    9,
                    -4
                ],
                [
                    -7,
                    10,
                    -5
                ],
                [
                    8,
                    -6,
                    -3
                ],
                [
                    -7,
                    -6,
                    8
                ],
                [
                    1,
                    -8,
                    -10
                ],
                [
                    -7,
                    -5,
                    -9
                ],
                [
                    -8,
                    -6,
                    -1
                ],
                [
                    5,
                    8,
                    -1
                ],
                [
                    -5,
                    -1,
                    -8
                ],
                [
                    8,
                    9,
                    -3
                ],
                [
                    8,
                    -4,
                    -10
                ],
                [
                    -5,
                    6,
                    -2
                ],
                [
                    -9,
                    7,
                    -6
                ],
                [
                    4,
                    -3,
                    8
                ],
                [
                    6,
                    4,
                    7
                ],
                [
                    5,
                    7,
                    -1
                ],
                [
                    -2,
                    -6,
                    -5
                ],
                [
                    -8,
                    -9,
                    -1
                ],
                [
                    7,
                    -10,
                    -8
                ],
                [
                    -7,
                    -1,
                    -9
                ],
                [
                    9,
                    -7,
                    -1
                ],
                [
                    5,
                    10,
                    -8
                ],
                [
                    1,
                    8,
                    -6
                ],
                [
                    -6,
                    -4,
                    9
                ],
                [
                    10,
                    1,
                    -8
                ],
                [
                    -8,
                    -2,
                    -9
                ],
                [
                    -9,
                    8,
                    7
                ],
                [
                    2,
                    1,
                    5
                ],
                [
                    2,
                    10,
                    4
                ]
            ],
            "{   'fun': 0.97,\n    'jac': None,\n    'nfev': 39,\n    'nit': None,\n    'njev': None,\n    'x': array([0.66981906, 2.95761686, 0.76920686, 1.69713105])}",
            {
                "1111011000": 1,
                "1111011110": 1,
                "0100101000": 1,
                "1100110001": 1,
                "0000111100": 1,
                "0001101111": 1,
                "0000011101": 1,
                "1001011111": 1,
                "1111001101": 1,
                "0010111111": 1,
                "1010010000": 1,
                "0011100111": 1,
                "1011001010": 1,
                "1111001100": 1,
                "1011010000": 1,
                "0100100000": 1,
                "0110111100": 1,
                "1110010111": 1,
                "0110110100": 1,
                "1000011100": 1,
                "0011000100": 1,
                "1011110011": 1,
                "1010010010": 1,
                "0000100101": 1,
                "1010000100": 1,
                "0101000001": 1,
                "0010001011": 1,
                "0001000110": 1,
                "1001011011": 1,
                "1011001100": 1,
                "1110111111": 1,
                "1000110000": 1,
                "0011101111": 1,
                "1010011101": 1,
                "1100011101": 1,
                "0011000001": 1,
                "0001100000": 1,
                "1011111011": 1,
                "1110111001": 1,
                "0110000101": 1,
                "0111110111": 1,
                "0100100011": 1,
                "1001000010": 1,
                "1010110001": 1,
                "1100110111": 1,
                "0101101000": 1,
                "0110100001": 1,
                "0000011100": 1,
                "1010011110": 1,
                "0001100110": 1,
                "0010010101": 1,
                "1111111100": 1,
                "1101110001": 1,
                "1000011011": 1,
                "1111001000": 1,
                "0110011111": 1,
                "0010000001": 1,
                "1110101011": 1,
                "1110111011": 1,
                "0000100011": 1,
                "0000001110": 1,
                "1111001001": 1,
                "0010001101": 1,
                "1000101110": 1,
                "0111000000": 1,
                "0111100010": 1,
                "1100011010": 1,
                "0111100110": 1,
                "1000110011": 1,
                "0100101100": 1,
                "0100011011": 1,
                "1000011101": 1,
                "1111101001": 1,
                "0011000011": 1,
                "0001011100": 1,
                "0011011111": 1,
                "1000000101": 1,
                "0001001110": 1,
                "1011000010": 1,
                "0010101101": 1,
                "0100100101": 1,
                "0001101101": 1,
                "1101011111": 1,
                "0111010001": 1,
                "1100110000": 2,
                "1110010000": 1,
                "0011001100": 1,
                "1010010001": 1,
                "1100101000": 1,
                "1111000011": 1,
                "0001010011": 1,
                "1110001111": 2,
                "0100000111": 1,
                "0100010111": 1,
                "1010010011": 1,
                "1001010111": 1,
                "0111000011": 1,
                "0000101010": 1
            },
            true,
            0.96
        ],
        [
            [
                [
                    -8,
                    -5,
                    7
                ],
                [
                    4,
                    6,
                    -9
                ],
                [
                    8,
                    10,
                    -7
                ],
                [
                    -6,
                    -10,
                    -4
                ],
                [
                    -5,
                    -4,
                    -10
                ],
                [
                    8,
                    -4,
                    6
                ],
                [
                    2,
                    -4,
                    -7
                ],
                [
                    -10,
                    9,
                    -1
                ],
                [
                    4,
                    3,
                    8
                ],
                [
                    4,
                    -8,
                    -2
                ],
                [
                    7,
                    -6,
                    -2
                ],
                [
                    -7,
                    6,
                    -10
                ],
                [
                    8,
                    -3,
                    -9
                ],
                [
                    -5,
                    -4,
                    -2
                ],
                [
                    10,
                    -7,
                    -5
                ],
                [
                    2,
                    -8,
                    9
                ],
                [
                    -5,
                    10,
                    7
                ],
                [
                    2,
                    -9,
                    7
                ],
                [
                    -1,
                    -10,
                    -2
                ],
                [
                    -5,
                    -6,
                    -2
                ],
                [
                    -2,
                    6,
                    10
                ],
                [
                    10,
                    6,
                    -8
                ],
                [
                    8,
                    6,
                    -10
                ],
                [
                    2,
                    -5,
                    -9
                ],
                [
                    -9,
                    3,
                    8
                ],
                [
                    8,
                    10,
                    -3
                ],
                [
                    -4,
                    -1,
                    -6
                ],
                [
                    -7,
                    1,
                    8
                ],
                [
                    3,
                    -4,
                    2
                ],
                [
                    10,
                    8,
                    5
                ],
                [
                    -4,
                    -8,
                    -3
                ],
                [
                    -10,
                    9,
                    -7
                ],
                [
                    5,
                    8,
                    -7
                ],
                [
                    2,
                    -1,
                    3
                ],
                [
                    -7,
                    1,
                    -5
                ],
                [
                    -8,
                    -6,
                    -3
                ],
                [
                    4,
                    1,
                    -9
                ],
                [
                    7,
                    3,
                    -2
                ],
                [
                    -2,
                    -9,
                    -7
                ],
                [
                    6,
                    -4,
                    8
                ],
                [
                    4,
                    -2,
                    -3
                ],
                [
                    -5,
                    -6,
                    2
                ],
                [
                    2,
                    5,
                    -8
                ],
                [
                    1,
                    -7,
                    9
                ],
                [
                    -7,
                    4,
                    8
                ]
            ],
            "{   'fun': 0.99,\n    'jac': None,\n    'nfev': 45,\n    'nit': None,\n    'njev': None,\n    'x': array([0.63071336, 2.72997908, 3.39311449, 2.73206104])}",
            {
                "0100111110": 1,
                "0000011000": 1,
                "0100000111": 1,
                "0011000100": 1,
                "0110110100": 1,
                "0000110000": 1,
                "1001111100": 1,
                "1100100010": 1,
                "1001001011": 1,
                "0110011100": 1,
                "0001010111": 1,
                "0010000100": 1,
                "0110011011": 1,
                "1101100110": 1,
                "1100001101": 1,
                "0100000011": 1,
                "1100110100": 1,
                "0101111001": 1,
                "1100001011": 1,
                "0001011001": 1,
                "0010000010": 1,
                "1010111100": 1,
                "1000000111": 1,
                "1100101010": 1,
                "1100011101": 1,
                "0010010010": 1,
                "0111001000": 1,
                "0100101001": 1,
                "1011000010": 1,
                "0110101110": 1,
                "1011000110": 1,
                "0110111010": 1,
                "0000110001": 1,
                "0010111111": 1,
                "0001110111": 1,
                "0101001100": 1,
                "1000110011": 1,
                "1000110000": 1,
                "1100101100": 1,
                "0100010110": 1,
                "0111101100": 1,
                "1001110001": 1,
                "1010111001": 1,
                "1111110000": 1,
                "1000111011": 1,
                "1010110011": 1,
                "0110100111": 1,
                "1101100000": 1,
                "1101010101": 1,
                "1110101010": 1,
                "0001000101": 1,
                "1000110101": 1,
                "1010111101": 1,
                "1111000110": 1,
                "0000110110": 1,
                "1001111110": 1,
                "0101101001": 1,
                "1001010100": 1,
                "1100000011": 1,
                "0100111101": 1,
                "1100110001": 1,
                "0100101111": 1,
                "0001000010": 1,
                "0001111100": 1,
                "1000100100": 2,
                "1011011001": 1,
                "0101100101": 1,
                "0111110000": 2,
                "1110001000": 1,
                "1101100001": 1,
                "1000001000": 1,
                "0010010000": 1,
                "0110000001": 1,
                "0110001100": 1,
                "1001011001": 1,
                "1110111000": 1,
                "0010101001": 1,
                "0101111110": 1,
                "0110011110": 1,
                "0001110101": 1,
                "1110000100": 1,
                "1001000011": 1,
                "0110000111": 1,
                "0011000010": 1,
                "1010100100": 1,
                "1000001101": 1,
                "1110111111": 1,
                "1000010011": 1,
                "1011001110": 1,
                "1111101111": 1,
                "0001100100": 1,
                "1100100111": 2,
                "1011100111": 1,
                "0000011101": 1,
                "1010001010": 1,
                "1110000000": 1,
                "1011110011": 1
            },
            true,
            0.98
        ],
        [
            [
                [
                    -3,
                    -6,
                    2
                ],
                [
                    -8,
                    -9,
                    10
                ],
                [
                    10,
                    8,
                    -2
                ],
                [
                    -4,
                    -5,
                    3
                ],
                [
                    2,
                    -5,
                    7
                ],
                [
                    -5,
                    -2,
                    -4
                ],
                [
                    -6,
                    5,
                    -7
                ],
                [
                    -2,
                    -4,
                    -8
                ],
                [
                    -6,
                    -7,
                    -8
                ],
                [
                    -1,
                    -5,
                    3
                ],
                [
                    -9,
                    8,
                    2
                ],
                [
                    -2,
                    10,
                    -9
                ],
                [
                    3,
                    -4,
                    1
                ],
                [
                    -10,
                    -3,
                    8
                ],
                [
                    -6,
                    -3,
                    8
                ],
                [
                    2,
                    -9,
                    1
                ],
                [
                    8,
                    6,
                    -5
                ],
                [
                    -5,
                    -4,
                    -6
                ],
                [
                    -10,
                    -9,
                    3
                ],
                [
                    -6,
                    -8,
                    7
                ],
                [
                    -2,
                    6,
                    -5
                ],
                [
                    1,
                    -8,
                    -7
                ],
                [
                    -7,
                    -2,
                    -3
                ],
                [
                    -7,
                    5,
                    -10
                ],
                [
                    -1,
                    3,
                    -9
                ],
                [
                    2,
                    -3,
                    -4
                ],
                [
                    5,
                    7,
                    8
                ],
                [
                    8,
                    10,
                    4
                ],
                [
                    7,
                    5,
                    -2
                ],
                [
                    -1,
                    9,
                    4
                ],
                [
                    7,
                    -8,
                    4
                ],
                [
                    2,
                    -7,
                    -1
                ],
                [
                    5,
                    -8,
                    -9
                ],
                [
                    3,
                    6,
                    2
                ],
                [
                    2,
                    8,
                    -1
                ],
                [
                    -3,
                    10,
                    -4
                ],
                [
                    -10,
                    9,
                    -5
                ],
                [
                    3,
                    -1,
                    -7
                ],
                [
                    -10,
                    8,
                    5
                ],
                [
                    2,
                    -4,
                    -8
                ],
                [
                    -6,
                    -9,
                    -7
                ],
                [
                    5,
                    1,
                    -9
                ],
                [
                    1,
                    5,
                    8
                ],
                [
                    -9,
                    -6,
                    5
                ],
                [
                    7,
                    -9,
                    -4
                ]
            ],
            "{   'fun': 1.0,\n    'jac': None,\n    'nfev': 25,\n    'nit': None,\n    'njev': None,\n    'x': array([2.99882194, 1.38132054, 3.05859484, 1.98660859])}",
            {
                "1100101001": 1,
                "1100101100": 1,
                "1010011000": 1,
                "0100100110": 1,
                "1000111000": 1,
                "0111010001": 1,
                "0101110000": 1,
                "1101100100": 1,
                "0000101101": 1,
                "1101101111": 1,
                "0110100110": 1,
                "0110100101": 1,
                "1000110010": 1,
                "1010001111": 1,
                "0011000010": 1,
                "1100000101": 1,
                "1011110111": 1,
                "0001000011": 1,
                "1011010011": 1,
                "1110010101": 1,
                "0101011001": 1,
                "0010011111": 1,
                "1010001001": 1,
                "1110110011": 1,
                "0001010001": 1,
                "1010100011": 1,
                "0110111010": 1,
                "1000100011": 1,
                "0010110110": 1,
                "1011101100": 1,
                "0010001000": 1,
                "1100011001": 1,
                "0011101110": 1,
                "0111011011": 1,
                "1001101011": 1,
                "1100000111": 1,
                "0000011011": 1,
                "0110011111": 1,
                "1100110010": 1,
                "1010100010": 1,
                "0000000011": 1,
                "1100010111": 1,
                "1111110001": 1,
                "0100011001": 1,
                "1010101011": 1,
                "0001100100": 1,
                "0011010110": 1,
                "1111111011": 1,
                "1001011010": 1,
                "0001100011": 1,
                "1111011101": 1,
                "0011111111": 1,
                "1011010010": 1,
                "0111000101": 1,
                "0111000100": 1,
                "0101100101": 1,
                "0011111110": 1,
                "1001000011": 2,
                "0011011101": 1,
                "0101001011": 1,
                "0101000010": 1,
                "0111111011": 1,
                "1001100110": 1,
                "0000111000": 1,
                "0100000000": 1,
                "0001111100": 2,
                "0100001001": 1,
                "1001000110": 1,
                "1001011101": 1,
                "1101011000": 1,
                "1101001011": 1,
                "1010000100": 1,
                "1111101111": 1,
                "1011101010": 1,
                "0010001100": 1,
                "0100011110": 1,
                "1110110000": 1,
                "1100011100": 1,
                "0011100000": 1,
                "1110111000": 1,
                "1001011001": 1,
                "0011001001": 1,
                "0011001100": 2,
                "1001001101": 1,
                "0001001001": 1,
                "1000111100": 1,
                "0000001111": 1,
                "1001110000": 1,
                "0101111110": 2,
                "1111010010": 2,
                "1001110010": 2,
                "1011001001": 1,
                "0010100000": 1,
                "0001001100": 1
            },
            false,
            1.0
        ],
        [
            [
                [
                    -4,
                    -3,
                    -1
                ],
                [
                    8,
                    10,
                    3
                ],
                [
                    -1,
                    -7,
                    -9
                ],
                [
                    -6,
                    -10,
                    1
                ],
                [
                    -3,
                    6,
                    -8
                ],
                [
                    1,
                    -9,
                    -4
                ],
                [
                    -2,
                    5,
                    -8
                ],
                [
                    9,
                    -1,
                    -7
                ],
                [
                    -8,
                    -5,
                    1
                ],
                [
                    2,
                    8,
                    -6
                ],
                [
                    -9,
                    -6,
                    7
                ],
                [
                    4,
                    1,
                    2
                ],
                [
                    -5,
                    -10,
                    -6
                ],
                [
                    5,
                    3,
                    -10
                ],
                [
                    -2,
                    -3,
                    7
                ],
                [
                    2,
                    7,
                    8
                ],
                [
                    -1,
                    -4,
                    7
                ],
                [
                    -8,
                    7,
                    -5
                ],
                [
                    4,
                    -5,
                    7
                ],
                [
                    6,
                    10,
                    -2
                ],
                [
                    -7,
                    2,
                    -1
                ],
                [
                    2,
                    -8,
                    6
                ],
                [
                    1,
                    -9,
                    -4
                ],
                [
                    -6,
                    3,
                    -7
                ],
                [
                    8,
                    6,
                    5
                ],
                [
                    7,
                    6,
                    -3
                ],
                [
                    5,
                    -3,
                    7
                ],
                [
                    10,
                    -3,
                    -1
                ],
                [
                    -4,
                    -3,
                    -2
                ],
                [
                    -6,
                    3,
                    -8
                ],
                [
                    -2,
                    -8,
                    1
                ],
                [
                    10,
                    4,
                    5
                ],
                [
                    -8,
                    -6,
                    1
                ],
                [
                    -9,
                    -10,
                    -7
                ],
                [
                    3,
                    -2,
                    6
                ],
                [
                    6,
                    -2,
                    -4
                ],
                [
                    8,
                    4,
                    10
                ],
                [
                    2,
                    8,
                    10
                ],
                [
                    1,
                    2,
                    -5
                ],
                [
                    -8,
                    9,
                    -4
                ],
                [
                    7,
                    4,
                    -1
                ],
                [
                    2,
                    -3,
                    9
                ],
                [
                    -4,
                    -5,
                    -10
                ],
                [
                    10,
                    -5,
                    2
                ],
                [
                    -1,
                    9,
                    -8
                ]
            ],
            "{   'fun': 1.0,\n    'jac': None,\n    'nfev': 25,\n    'nit': None,\n    'njev': None,\n    'x': array([0.3982272 , 1.14909387, 1.41220007, 1.20252538])}",
            {
                "1111010010": 1,
                "1001011010": 1,
                "1101010101": 1,
                "0111000111": 1,
                "1111001110": 1,
                "1101110000": 1,
                "0110101101": 1,
                "0100011011": 1,
                "0110101011": 1,
                "0010111011": 1,
                "0000010010": 1,
                "1010010101": 1,
                "0001011100": 1,
                "0100011100": 1,
                "1100000101": 1,
                "0111011011": 1,
                "1010111011": 1,
                "1010011001": 2,
                "1100110011": 1,
                "0100001101": 1,
                "1100001011": 1,
                "1010011011": 1,
                "1010100001": 1,
                "0110100010": 1,
                "1001000011": 1,
                "1001101001": 1,
                "1010011101": 1,
                "0011010110": 1,
                "0101110101": 1,
                "1111010100": 1,
                "1101011000": 1,
                "1110101101": 1,
                "0101011110": 1,
                "0100000100": 1,
                "1101101100": 2,
                "1001001011": 1,
                "0000011001": 1,
                "0100110000": 1,
                "1011010011": 1,
                "0010100100": 1,
                "1001110101": 1,
                "0110110100": 1,
                "1101101111": 1,
                "0111111011": 1,
                "0011000000": 1,
                "1100010110": 1,
                "1111011100": 1,
                "1111010011": 1,
                "0110101111": 1,
                "0001110000": 1,
                "1110010001": 1,
                "1011011110": 1,
                "0010110000": 1,
                "0110101010": 1,
                "1110111001": 1,
                "1110100011": 1,
                "1111001101": 1,
                "1100110100": 1,
                "1010011010": 1,
                "0011011111": 1,
                "0111001110": 1,
                "0100111110": 1,
                "1000111111": 1,
                "1100010100": 1,
                "0010100010": 1,
                "0001011010": 1,
                "0100110110": 1,
                "0000110111": 1,
                "1011100110": 1,
                "1010110110": 1,
                "1111111101": 1,
                "1100100110": 1,
                "0011100010": 1,
                "1011110101": 1,
                "0100001111": 1,
                "1010011000": 1,
                "1011110001": 1,
                "0000000001": 1,
                "0101111010": 1,
                "0001001001": 1,
                "0011010010": 1,
                "0100010111": 1,
                "1100011110": 1,
                "0010101111": 1,
                "0000110010": 1,
                "1100001101": 1,
                "0111111110": 1,
                "1111000011": 1,
                "1001111001": 1,
                "0100101000": 1,
                "1111011011": 2,
                "1101111100": 1,
                "1001100001": 1,
                "1000010100": 1,
                "0010001101": 1,
                "0001110101": 1,
                "0011101001": 1
            },
            false,
            1.0
        ]
    ]
}