{
    "n": 10,
    "m": 45,
    "results": [
        [
            [
                [
                    -2,
                    -8,
                    -1
                ],
                [
                    10,
                    6,
                    7
                ],
                [
                    4,
                    10,
                    -3
                ],
                [
                    -7,
                    -8,
                    1
                ],
                [
                    -4,
                    -3,
                    -10
                ],
                [
                    -6,
                    9,
                    5
                ],
                [
                    -2,
                    -8,
                    10
                ],
                [
                    -8,
                    3,
                    -9
                ],
                [
                    -8,
                    -9,
                    2
                ],
                [
                    -3,
                    4,
                    8
                ],
                [
                    -7,
                    5,
                    10
                ],
                [
                    8,
                    -2,
                    -6
                ],
                [
                    7,
                    3,
                    -10
                ],
                [
                    8,
                    -3,
                    6
                ],
                [
                    -7,
                    2,
                    -5
                ],
                [
                    7,
                    8,
                    -10
                ],
                [
                    10,
                    7,
                    5
                ],
                [
                    -9,
                    -5,
                    -3
                ],
                [
                    8,
                    -3,
                    5
                ],
                [
                    -3,
                    9,
                    8
                ],
                [
                    -7,
                    -8,
                    -3
                ],
                [
                    -5,
                    -4,
                    3
                ],
                [
                    -4,
                    8,
                    -3
                ],
                [
                    -7,
                    4,
                    -8
                ],
                [
                    7,
                    6,
                    -2
                ],
                [
                    -8,
                    -10,
                    3
                ],
                [
                    2,
                    -5,
                    6
                ],
                [
                    1,
                    7,
                    8
                ],
                [
                    10,
                    3,
                    9
                ],
                [
                    10,
                    6,
                    4
                ],
                [
                    8,
                    2,
                    -3
                ],
                [
                    3,
                    -4,
                    6
                ],
                [
                    -8,
                    3,
                    -2
                ],
                [
                    -2,
                    -10,
                    -7
                ],
                [
                    3,
                    -7,
                    2
                ],
                [
                    -1,
                    2,
                    -7
                ],
                [
                    -9,
                    -4,
                    -2
                ],
                [
                    -6,
                    10,
                    -1
                ],
                [
                    4,
                    3,
                    -7
                ],
                [
                    -6,
                    8,
                    -7
                ],
                [
                    8,
                    -7,
                    6
                ],
                [
                    -6,
                    9,
                    3
                ],
                [
                    5,
                    2,
                    10
                ],
                [
                    5,
                    -1,
                    8
                ],
                [
                    9,
                    4,
                    -8
                ]
            ],
            "{   'fun': 5.79,\n    'jac': None,\n    'nfev': 357,\n    'nit': 0,\n    'njev': 21,\n    'x': array([0.52740253, 0.17713412, 0.19211593, 0.02383559, 1.32984143,\n       1.60249976, 1.62505177, 2.34059286, 1.6666536 , 1.0587211 ,\n       1.21780493, 0.12920819, 2.0136214 , 2.25877179, 1.60499451,\n       0.67771998])}",
            {
                "1001001011": 1,
                "1001101110": 1,
                "0000110101": 1,
                "0010101001": 1,
                "1011011110": 1,
                "1011100111": 1,
                "0100011111": 1,
                "1110101000": 1,
                "0110110001": 1,
                "0110101111": 1,
                "0001011000": 1,
                "1100011011": 1,
                "0000111011": 1,
                "0111001100": 1,
                "1110101111": 1,
                "0010001100": 1,
                "0011000011": 1,
                "0100111001": 1,
                "1110111101": 1,
                "0011000111": 1,
                "0101011101": 1,
                "1111000010": 1,
                "1101100101": 1,
                "0100110110": 1,
                "0111010011": 1,
                "0110001010": 1,
                "0010101101": 1,
                "0111010001": 1,
                "0100100000": 1,
                "0101010111": 1,
                "1101111010": 2,
                "1001001010": 1,
                "0000101100": 1,
                "1001111001": 1,
                "1010100110": 1,
                "0010110111": 2,
                "1000111011": 2,
                "1110101011": 2,
                "1100111001": 1,
                "1010111000": 3,
                "1110011101": 1,
                "1011101010": 1,
                "1011011001": 1,
                "1111111000": 1,
                "1100000100": 1,
                "1010101010": 1,
                "0111111100": 1,
                "1101000100": 1,
                "0111001011": 1,
                "1010101000": 2,
                "0010010000": 1,
                "0110111111": 1,
                "0110000010": 1,
                "0101110100": 1,
                "0101111111": 1,
                "1110100101": 2,
                "0010111001": 1,
                "0011000101": 1,
                "1110001010": 1,
                "0000001001": 3,
                "0111000111": 1,
                "0101010110": 1,
                "1000000110": 1,
                "1010001101": 1,
                "1010000011": 1,
                "1011010100": 1,
                "1100111011": 1,
                "1111110100": 1,
                "1111001101": 1,
                "1010111111": 1,
                "1100000110": 1,
                "0000101111": 1,
                "0000100101": 1,
                "0011110110": 1,
                "0111001001": 1,
                "1000110011": 1,
                "0111100110": 1,
                "0101000011": 1,
                "1000100000": 1,
                "1001011011": 1,
                "1000010100": 1,
                "1001100111": 1,
                "1011111011": 1,
                "0000000100": 1,
                "0010111110": 1,
                "0111100010": 1,
                "1001111000": 1,
                "1000001010": 1,
                "0011100100": 1,
                "0010001110": 1
            },
            false,
            5.02
        ],
        [
            [
                [
                    -9,
                    10,
                    -1
                ],
                [
                    -8,
                    3,
                    -6
                ],
                [
                    -8,
                    -2,
                    -3
                ],
                [
                    -10,
                    8,
                    -1
                ],
                [
                    2,
                    -5,
                    -8
                ],
                [
                    -6,
                    7,
                    -10
                ],
                [
                    9,
                    -2,
                    -1
                ],
                [
                    -5,
                    -2,
                    9
                ],
                [
                    4,
                    -8,
                    6
                ],
                [
                    7,
                    -9,
                    -4
                ],
                [
                    -2,
                    4,
                    10
                ],
                [
                    -2,
                    7,
                    8
                ],
                [
                    1,
                    6,
                    -9
                ],
                [
                    5,
                    7,
                    10
                ],
                [
                    -2,
                    9,
                    1
                ],
                [
                    -3,
                    -2,
                    7
                ],
                [
                    -10,
                    -8,
                    -6
                ],
                [
                    -6,
                    1,
                    -3
                ],
                [
                    1,
                    10,
                    -9
                ],
                [
                    -3,
                    4,
                    7
                ],
                [
                    -5,
                    8,
                    -3
                ],
                [
                    2,
                    -8,
                    -5
                ],
                [
                    -7,
                    3,
                    9
                ],
                [
                    -8,
                    5,
                    -1
                ],
                [
                    -8,
                    10,
                    -6
                ],
                [
                    -4,
                    -9,
                    -7
                ],
                [
                    9,
                    1,
                    8
                ],
                [
                    -2,
                    5,
                    8
                ],
                [
                    -5,
                    -4,
                    -7
                ],
                [
                    -7,
                    10,
                    -1
                ],
                [
                    -1,
                    6,
                    -4
                ],
                [
                    -10,
                    -2,
                    -5
                ],
                [
                    2,
                    7,
                    3
                ],
                [
                    1,
                    6,
                    5
                ],
                [
                    4,
                    5,
                    7
                ],
                [
                    -4,
                    1,
                    10
                ],
                [
                    2,
                    1,
                    -3
                ],
                [
                    8,
                    -10,
                    -1
                ],
                [
                    4,
                    -7,
                    10
                ],
                [
                    -8,
                    -9,
                    3
                ],
                [
                    -8,
                    -2,
                    7
                ],
                [
                    -2,
                    -1,
                    -8
                ],
                [
                    6,
                    9,
                    1
                ],
                [
                    6,
                    8,
                    1
                ],
                [
                    -10,
                    8,
                    5
                ]
            ],
            "{   'fun': 5.51,\n    'jac': None,\n    'nfev': 510,\n    'nit': 3,\n    'njev': 30,\n    'x': array([0.13720879, 0.31326942, 2.89421212, 0.50847047, 3.11514686,\n       2.6538112 , 1.57269981, 0.66351682, 2.31875396, 1.11595444,\n       2.20436512, 2.51213962, 1.32031152, 3.024123  , 0.59899929,\n       0.93289558])}",
            {
                "1101111100": 1,
                "0110010100": 1,
                "0001001100": 1,
                "0101010111": 1,
                "1111011100": 1,
                "1110001101": 1,
                "0100111011": 1,
                "0100010000": 1,
                "0101000110": 1,
                "0010100100": 1,
                "0000000010": 1,
                "1001000110": 1,
                "1010011001": 1,
                "0011001000": 1,
                "0101111101": 1,
                "1101001011": 1,
                "0110101010": 1,
                "0010000000": 1,
                "0011100111": 1,
                "1000111010": 1,
                "1000001100": 1,
                "1000100011": 1,
                "0101011101": 1,
                "1100011010": 1,
                "1100001010": 1,
                "1110101111": 1,
                "0100000000": 2,
                "0001100010": 1,
                "1011000111": 1,
                "1001100011": 1,
                "0010001101": 1,
                "0001000111": 1,
                "1101100010": 1,
                "1000110101": 1,
                "1011001100": 1,
                "1110110010": 1,
                "0110011001": 2,
                "0100111111": 1,
                "0101111110": 1,
                "1010110001": 1,
                "0001100101": 1,
                "0100010010": 1,
                "1111101110": 1,
                "1111000100": 2,
                "0010000110": 1,
                "0011101111": 1,
                "0010110011": 1,
                "0111000010": 2,
                "0111001110": 1,
                "0011011111": 1,
                "1011011100": 3,
                "1111011000": 1,
                "0010011010": 1,
                "0001011111": 2,
                "1000101001": 1,
                "0101010011": 1,
                "0001000011": 1,
                "1010001111": 1,
                "0001111101": 1,
                "0010110111": 1,
                "1111011111": 1,
                "0010010110": 2,
                "0000010100": 1,
                "1110110110": 1,
                "0100110100": 1,
                "0100001111": 1,
                "0111101101": 2,
                "0101001110": 1,
                "1000011011": 1,
                "1100001000": 1,
                "0011001110": 1,
                "0001101111": 1,
                "1010000111": 1,
                "0101100011": 1,
                "0011011100": 1,
                "0010010101": 2,
                "1110011110": 1,
                "0000111001": 1,
                "1010110010": 1,
                "1101001010": 1,
                "0000000011": 1,
                "1100110010": 1,
                "1001101101": 1,
                "1111011001": 1,
                "1110001111": 1,
                "1001111001": 2,
                "1011100010": 1,
                "0100001110": 1,
                "0011110000": 1
            },
            false,
            4.78
        ],
        [
            [
                [
                    1,
                    -3,
                    6
                ],
                [
                    8,
                    10,
                    1
                ],
                [
                    8,
                    -2,
                    6
                ],
                [
                    -1,
                    7,
                    -3
                ],
                [
                    -7,
                    -6,
                    -10
                ],
                [
                    -5,
                    -8,
                    10
                ],
                [
                    10,
                    3,
                    1
                ],
                [
                    1,
                    3,
                    5
                ],
                [
                    -1,
                    7,
                    -10
                ],
                [
                    -6,
                    10,
                    4
                ],
                [
                    -9,
                    -8,
                    6
                ],
                [
                    -2,
                    -8,
                    -1
                ],
                [
                    10,
                    6,
                    8
                ],
                [
                    6,
                    7,
                    -2
                ],
                [
                    3,
                    9,
                    1
                ],
                [
                    4,
                    9,
                    6
                ],
                [
                    7,
                    -5,
                    -2
                ],
                [
                    3,
                    9,
                    -5
                ],
                [
                    -6,
                    -7,
                    -2
                ],
                [
                    7,
                    -1,
                    -10
                ],
                [
                    -9,
                    2,
                    4
                ],
                [
                    -3,
                    -2,
                    -1
                ],
                [
                    -7,
                    10,
                    4
                ],
                [
                    10,
                    -5,
                    -8
                ],
                [
                    -5,
                    6,
                    -10
                ],
                [
                    6,
                    -5,
                    -3
                ],
                [
                    -10,
                    -1,
                    -8
                ],
                [
                    -3,
                    10,
                    -4
                ],
                [
                    -1,
                    -6,
                    3
                ],
                [
                    -2,
                    1,
                    -10
                ],
                [
                    -5,
                    3,
                    -10
                ],
                [
                    -3,
                    10,
                    -7
                ],
                [
                    3,
                    1,
                    -6
                ],
                [
                    -4,
                    2,
                    -3
                ],
                [
                    9,
                    -5,
                    4
                ],
                [
                    7,
                    -6,
                    1
                ],
                [
                    10,
                    6,
                    -9
                ],
                [
                    10,
                    -8,
                    -6
                ],
                [
                    5,
                    -9,
                    4
                ],
                [
                    5,
                    -2,
                    -10
                ],
                [
                    -7,
                    -10,
                    -9
                ],
                [
                    4,
                    3,
                    -1
                ],
                [
                    4,
                    -10,
                    -7
                ],
                [
                    -8,
                    -3,
                    -6
                ],
                [
                    10,
                    9,
                    -8
                ]
            ],
            "{   'fun': 5.33,\n    'jac': None,\n    'nfev': 595,\n    'nit': 4,\n    'njev': 35,\n    'x': array([0.12013259, 0.92265535, 0.95788306, 0.55717041, 2.45091823,\n       1.33223869, 0.73889968, 2.99768845, 2.99646135, 1.03121279,\n       1.32471933, 2.76551901, 2.49235665, 2.93119517, 1.37894823,\n       2.29130633])}",
            {
                "0000011101": 1,
                "0101111010": 1,
                "0101011010": 1,
                "1000001100": 1,
                "1010000101": 1,
                "1010111000": 1,
                "1100011100": 1,
                "0111011100": 1,
                "1010111111": 1,
                "0001110010": 1,
                "1011010010": 1,
                "1100010111": 1,
                "1010110001": 1,
                "1110010100": 2,
                "1010011111": 1,
                "0101001111": 1,
                "0011111100": 1,
                "1100010001": 1,
                "0100111101": 1,
                "0111110001": 1,
                "0010001011": 1,
                "0000001101": 1,
                "0101011100": 1,
                "0001010000": 1,
                "1101111100": 1,
                "1111100110": 1,
                "0111110100": 1,
                "0100110000": 1,
                "1011100111": 1,
                "1001010110": 1,
                "0111110110": 1,
                "1001000110": 2,
                "0000110101": 1,
                "1010100001": 1,
                "0100101001": 1,
                "1010100000": 1,
                "0111000000": 1,
                "1101101100": 1,
                "0000001000": 1,
                "1111001011": 1,
                "0110111100": 1,
                "1010100101": 1,
                "1011111101": 2,
                "1110010110": 1,
                "0001111000": 1,
                "0000000100": 1,
                "1101100011": 1,
                "0110000100": 1,
                "1111000100": 1,
                "1000111101": 1,
                "1000100001": 2,
                "0001100000": 1,
                "0100100111": 1,
                "0001100010": 2,
                "0010101110": 1,
                "0000110111": 1,
                "0111010010": 1,
                "1011110010": 1,
                "1010110010": 1,
                "1101001010": 1,
                "0111100010": 1,
                "1001111000": 1,
                "0101111100": 1,
                "1111000110": 1,
                "0001000111": 1,
                "0011101100": 1,
                "1111001001": 2,
                "1100111100": 1,
                "0000101000": 2,
                "0100010011": 2,
                "0111000011": 2,
                "1101111010": 1,
                "0110011011": 1,
                "1010110111": 1,
                "0111110111": 1,
                "0100010100": 1,
                "1011010110": 1,
                "0010100100": 1,
                "1000111100": 1,
                "1000011010": 1,
                "1110101101": 1,
                "1101010101": 1,
                "0001111001": 1,
                "1100101000": 1,
                "1101110110": 2,
                "0111011000": 1,
                "0110011111": 1,
                "0101010111": 1,
                "0111010110": 1,
                "0101010011": 1
            },
            false,
            4.83
        ],
        [
            [
                [
                    9,
                    -8,
                    -2
                ],
                [
                    -4,
                    6,
                    7
                ],
                [
                    2,
                    8,
                    -5
                ],
                [
                    -2,
                    -9,
                    7
                ],
                [
                    -4,
                    -7,
                    5
                ],
                [
                    -1,
                    -7,
                    -2
                ],
                [
                    -7,
                    3,
                    -9
                ],
                [
                    -2,
                    -6,
                    -10
                ],
                [
                    -9,
                    4,
                    3
                ],
                [
                    2,
                    9,
                    -6
                ],
                [
                    6,
                    4,
                    -8
                ],
                [
                    5,
                    -8,
                    -10
                ],
                [
                    1,
                    9,
                    -5
                ],
                [
                    -10,
                    -6,
                    4
                ],
                [
                    1,
                    7,
                    6
                ],
                [
                    8,
                    -3,
                    -2
                ],
                [
                    -5,
                    -10,
                    4
                ],
                [
                    6,
                    -7,
                    1
                ],
                [
                    5,
                    -9,
                    8
                ],
                [
                    -1,
                    -3,
                    10
                ],
                [
                    3,
                    7,
                    9
                ],
                [
                    -2,
                    -7,
                    -3
                ],
                [
                    -5,
                    6,
                    -2
                ],
                [
                    6,
                    -9,
                    -7
                ],
                [
                    -4,
                    1,
                    -10
                ],
                [
                    8,
                    -1,
                    7
                ],
                [
                    2,
                    -9,
                    8
                ],
                [
                    -6,
                    8,
                    -9
                ],
                [
                    5,
                    9,
                    3
                ],
                [
                    -6,
                    -1,
                    9
                ],
                [
                    -9,
                    7,
                    2
                ],
                [
                    10,
                    -4,
                    2
                ],
                [
                    -8,
                    5,
                    -10
                ],
                [
                    9,
                    5,
                    -4
                ],
                [
                    -6,
                    -8,
                    2
                ],
                [
                    -9,
                    -7,
                    -2
                ],
                [
                    -2,
                    -9,
                    1
                ],
                [
                    -1,
                    4,
                    5
                ],
                [
                    -10,
                    -7,
                    -1
                ],
                [
                    3,
                    -4,
                    9
                ],
                [
                    10,
                    -1,
                    -5
                ],
                [
                    -6,
                    -2,
                    -10
                ],
                [
                    -5,
                    -6,
                    9
                ],
                [
                    6,
                    4,
                    3
                ],
                [
                    6,
                    10,
                    -7
                ]
            ],
            "{   'fun': 5.63,\n    'jac': None,\n    'nfev': 425,\n    'nit': 3,\n    'njev': 25,\n    'x': array([1.123463  , 0.79223542, 0.04044352, 2.05442087, 0.7703501 ,\n       2.10637556, 2.17755864, 0.53978653, 1.59427596, 0.09466368,\n       0.59614969, 0.2028074 , 2.24132639, 1.27034745, 1.20219185,\n       0.17214048])}",
            {
                "1111011111": 1,
                "0100110101": 1,
                "1111000001": 1,
                "0001011101": 1,
                "0101010110": 1,
                "0000011100": 1,
                "0100111001": 1,
                "0011101011": 1,
                "1000001111": 1,
                "1100000100": 1,
                "1011100110": 2,
                "1101101101": 1,
                "1100100001": 2,
                "0000010101": 1,
                "0111010001": 1,
                "1111011100": 1,
                "1000100100": 1,
                "0010001100": 1,
                "0110111101": 1,
                "1100100010": 1,
                "1010001100": 1,
                "0111101101": 1,
                "0000010111": 1,
                "0110100001": 1,
                "0011110001": 1,
                "1101000000": 1,
                "0101001010": 1,
                "0011010110": 2,
                "1101110101": 1,
                "1000101111": 1,
                "0101010101": 1,
                "0000111000": 1,
                "0111001011": 1,
                "0000001001": 1,
                "0100011000": 2,
                "0000010001": 1,
                "0001110011": 1,
                "1001100000": 1,
                "1111000101": 1,
                "1001000111": 1,
                "1000001110": 1,
                "1001100011": 1,
                "0101000110": 1,
                "1111000111": 2,
                "0001101101": 1,
                "0011010101": 1,
                "1011000000": 1,
                "0100010001": 1,
                "0010000000": 1,
                "0011100101": 1,
                "0111101010": 1,
                "1010101101": 1,
                "1110101011": 1,
                "0001101110": 2,
                "0111010111": 1,
                "1001000101": 1,
                "1010101001": 1,
                "0111010101": 1,
                "0000011111": 2,
                "0100101111": 1,
                "1010010100": 1,
                "0010100111": 1,
                "1100110101": 1,
                "1001111001": 1,
                "0110100010": 1,
                "1010011001": 1,
                "1000110111": 1,
                "1101100101": 1,
                "0010101010": 1,
                "1011100101": 2,
                "1110011010": 3,
                "1010111111": 1,
                "1000000010": 1,
                "0101011110": 1,
                "1010001010": 1,
                "1101111011": 1,
                "0000000101": 2,
                "1111010111": 1,
                "1011000010": 1,
                "0110001110": 1,
                "1110001101": 1,
                "0010101000": 1,
                "0110110111": 1,
                "0101101110": 2,
                "1001000010": 1,
                "0100011101": 1,
                "1001101010": 1,
                "1111001100": 1
            },
            false,
            4.94
        ],
        [
            [
                [
                    9,
                    6,
                    -5
                ],
                [
                    5,
                    -3,
                    -2
                ],
                [
                    -9,
                    -2,
                    -3
                ],
                [
                    8,
                    -3,
                    -9
                ],
                [
                    9,
                    4,
                    -5
                ],
                [
                    7,
                    -3,
                    10
                ],
                [
                    10,
                    4,
                    -2
                ],
                [
                    -3,
                    2,
                    5
                ],
                [
                    -3,
                    -5,
                    2
                ],
                [
                    8,
                    1,
                    -6
                ],
                [
                    -5,
                    -8,
                    -1
                ],
                [
                    -9,
                    -5,
                    -8
                ],
                [
                    9,
                    -1,
                    3
                ],
                [
                    -7,
                    -6,
                    -5
                ],
                [
                    -5,
                    -9,
                    8
                ],
                [
                    10,
                    2,
                    -1
                ],
                [
                    -8,
                    -1,
                    -9
                ],
                [
                    -9,
                    -2,
                    -6
                ],
                [
                    10,
                    5,
                    -4
                ],
                [
                    9,
                    -8,
                    7
                ],
                [
                    -8,
                    -7,
                    -6
                ],
                [
                    2,
                    -1,
                    -3
                ],
                [
                    -10,
                    5,
                    7
                ],
                [
                    -3,
                    5,
                    -4
                ],
                [
                    -6,
                    -1,
                    10
                ],
                [
                    5,
                    1,
                    -3
                ],
                [
                    -5,
                    -1,
                    -7
                ],
                [
                    9,
                    -4,
                    -1
                ],
                [
                    -3,
                    2,
                    1
                ],
                [
                    -8,
                    -4,
                    -10
                ],
                [
                    -4,
                    9,
                    10
                ],
                [
                    -7,
                    5,
                    9
                ],
                [
                    -6,
                    -8,
                    -7
                ],
                [
                    -6,
                    -5,
                    -3
                ],
                [
                    3,
                    7,
                    4
                ],
                [
                    -3,
                    10,
                    -6
                ],
                [
                    -10,
                    -8,
                    1
                ],
                [
                    5,
                    1,
                    3
                ],
                [
                    -2,
                    -3,
                    5
                ],
                [
                    4,
                    1,
                    7
                ],
                [
                    6,
                    10,
                    4
                ],
                [
                    1,
                    5,
                    4
                ],
                [
                    7,
                    -8,
                    6
                ],
                [
                    1,
                    4,
                    3
                ],
                [
                    9,
                    2,
                    7
                ]
            ],
            "{   'fun': 5.77,\n    'jac': None,\n    'nfev': 595,\n    'nit': 5,\n    'njev': 35,\n    'x': array([1.75055149e+00, 2.96843031e+00, 1.55629650e+00, 2.58014888e+00,\n       3.09593251e+00, 2.94155954e+00, 6.74221065e-01, 8.07422506e-01,\n       5.79943185e-01, 9.37660457e-01, 1.38071275e+00, 1.25388387e+00,\n       7.35934685e-01, 5.35655443e-01, 4.71594290e-02, 2.81105239e-03])}",
            {
                "0110110000": 1,
                "0000000110": 1,
                "1001110101": 1,
                "1100001001": 1,
                "1010010110": 1,
                "0011110100": 1,
                "0100110011": 1,
                "1101001001": 1,
                "0101000011": 1,
                "1001100001": 1,
                "0001100011": 1,
                "1111110000": 1,
                "0110101110": 1,
                "0100111010": 1,
                "1101100110": 1,
                "1001100111": 1,
                "0000100111": 1,
                "0010100000": 1,
                "1100111010": 1,
                "0001111011": 1,
                "0101111101": 1,
                "0100000001": 1,
                "0010110111": 1,
                "0100001010": 1,
                "1101011110": 1,
                "1010110000": 1,
                "0100100100": 1,
                "1111110010": 1,
                "0100011001": 1,
                "0100000111": 2,
                "1000001111": 2,
                "0001011101": 1,
                "1111010100": 1,
                "0110001000": 1,
                "0100000010": 1,
                "0010100011": 1,
                "1101100111": 1,
                "0010010101": 1,
                "0001101000": 1,
                "1001101001": 1,
                "1011011111": 1,
                "0011111011": 1,
                "1101010111": 1,
                "1001101011": 1,
                "1100001000": 1,
                "1110101000": 1,
                "1011100001": 1,
                "0011101001": 1,
                "1100101111": 1,
                "0110100011": 1,
                "1010001010": 1,
                "1000110010": 1,
                "1101000111": 1,
                "0011110011": 1,
                "0001010100": 1,
                "1111101000": 1,
                "1101110011": 1,
                "0001000000": 1,
                "1101111010": 1,
                "1110111010": 1,
                "1110111000": 1,
                "1100000011": 1,
                "1010000000": 2,
                "1000010111": 1,
                "0110001001": 1,
                "0011000000": 1,
                "0000111000": 1,
                "0000100010": 1,
                "1001100110": 1,
                "1100110101": 1,
                "1001010001": 1,
                "0111111011": 1,
                "0101101000": 1,
                "0101001011": 1,
                "1000001001": 1,
                "0100110000": 1,
                "1010111000": 1,
                "0101110011": 1,
                "1010001001": 1,
                "0011101100": 1,
                "1000000111": 1,
                "1001101111": 1,
                "0010011001": 1,
                "1111000010": 1,
                "1000110110": 1,
                "0010000111": 1,
                "0101101010": 1,
                "1011111100": 1,
                "0010011110": 1,
                "0011110110": 1,
                "1000101000": 1,
                "1100101011": 1,
                "0111010001": 1,
                "0010110001": 1,
                "1001101101": 1,
                "1101001000": 1,
                "0011011001": 1
            },
            false,
            4.7
        ]
    ]
}