{
    "n": 10,
    "m": 45,
    "results": [
        [
            [
                [
                    4,
                    -2,
                    1
                ],
                [
                    5,
                    -6,
                    2
                ],
                [
                    -8,
                    10,
                    2
                ],
                [
                    -8,
                    10,
                    9
                ],
                [
                    -4,
                    7,
                    -8
                ],
                [
                    5,
                    -3,
                    7
                ],
                [
                    -2,
                    3,
                    -4
                ],
                [
                    -2,
                    8,
                    5
                ],
                [
                    -4,
                    3,
                    -9
                ],
                [
                    -10,
                    2,
                    7
                ],
                [
                    2,
                    -9,
                    -7
                ],
                [
                    5,
                    2,
                    3
                ],
                [
                    -5,
                    -4,
                    -9
                ],
                [
                    3,
                    -4,
                    -2
                ],
                [
                    -2,
                    -3,
                    1
                ],
                [
                    -1,
                    -8,
                    2
                ],
                [
                    1,
                    6,
                    -9
                ],
                [
                    1,
                    -3,
                    -10
                ],
                [
                    -6,
                    -4,
                    -5
                ],
                [
                    8,
                    9,
                    3
                ],
                [
                    1,
                    -6,
                    2
                ],
                [
                    -7,
                    -6,
                    3
                ],
                [
                    6,
                    9,
                    2
                ],
                [
                    10,
                    -3,
                    6
                ],
                [
                    2,
                    -8,
                    -10
                ],
                [
                    1,
                    8,
                    3
                ],
                [
                    8,
                    4,
                    1
                ],
                [
                    -2,
                    5,
                    3
                ],
                [
                    4,
                    2,
                    6
                ],
                [
                    -4,
                    -1,
                    -10
                ],
                [
                    -4,
                    -10,
                    9
                ],
                [
                    9,
                    -8,
                    -7
                ],
                [
                    9,
                    -10,
                    -3
                ],
                [
                    8,
                    1,
                    -4
                ],
                [
                    -8,
                    -7,
                    -6
                ],
                [
                    -2,
                    -1,
                    3
                ],
                [
                    5,
                    8,
                    -1
                ],
                [
                    -4,
                    5,
                    -2
                ],
                [
                    9,
                    8,
                    1
                ],
                [
                    7,
                    -1,
                    -10
                ],
                [
                    1,
                    9,
                    -2
                ],
                [
                    -6,
                    1,
                    -10
                ],
                [
                    6,
                    1,
                    7
                ],
                [
                    5,
                    -1,
                    -2
                ],
                [
                    -10,
                    5,
                    3
                ]
            ],
            "{   'fun': 5.78,\n    'jac': None,\n    'nfev': 442,\n    'nit': 3,\n    'njev': 26,\n    'x': array([0.07271871, 0.08518447, 2.49748836, 0.8393804 , 1.7621526 ,\n       1.68291261, 2.4865156 , 2.64260149, 2.58572359, 0.04774256,\n       1.62396889, 3.04000543, 0.48383586, 1.06155068, 2.31572097,\n       2.38593491])}",
            {
                "1111000000": 1,
                "1110101110": 1,
                "1101000010": 1,
                "1101010111": 1,
                "1111101101": 1,
                "0001010111": 1,
                "0011110010": 1,
                "1101011001": 1,
                "0011111000": 1,
                "1101001100": 1,
                "1011010101": 1,
                "1011110110": 2,
                "1000100000": 1,
                "0011101011": 1,
                "0011000100": 1,
                "1100100011": 3,
                "1100000000": 1,
                "1011011000": 2,
                "1010010010": 1,
                "1110100010": 1,
                "0101111101": 1,
                "1010110110": 1,
                "0010010101": 1,
                "1111011010": 1,
                "1110101111": 1,
                "1001111111": 1,
                "0110100101": 1,
                "0111110001": 1,
                "1101101110": 1,
                "1010110111": 1,
                "0011010100": 1,
                "1111110001": 1,
                "0001101010": 1,
                "1101111110": 1,
                "0001010010": 1,
                "0100010000": 1,
                "1101101111": 1,
                "0110001000": 3,
                "0010001001": 1,
                "1101101011": 1,
                "1100111011": 2,
                "1111000011": 1,
                "1100101001": 1,
                "1100011010": 1,
                "0000000001": 2,
                "0011100011": 1,
                "1000000000": 1,
                "0101111111": 1,
                "1000011101": 1,
                "0100100111": 2,
                "1100101000": 1,
                "1010000000": 1,
                "1000011001": 1,
                "1110010010": 2,
                "1001111100": 1,
                "0110001001": 1,
                "1000000101": 1,
                "0010000100": 1,
                "1110110000": 1,
                "0100011110": 1,
                "1110100111": 1,
                "0001101000": 1,
                "1111011110": 1,
                "0001111001": 1,
                "1110011001": 1,
                "1110000101": 1,
                "0100000001": 1,
                "0010010010": 1,
                "0000100111": 1,
                "0001111000": 1,
                "0000110010": 1,
                "1111010000": 1,
                "0010011111": 1,
                "0110010100": 1,
                "0101111001": 1,
                "0000110111": 2,
                "1010001101": 1,
                "1001110000": 1,
                "1000011010": 1,
                "0010100000": 1,
                "0000101001": 1,
                "0001000011": 1,
                "0001110011": 1,
                "1001001001": 1,
                "0100000111": 1,
                "0100010111": 2,
                "0001011110": 1,
                "1001100011": 1
            },
            false,
            4.75
        ],
        [
            [
                [
                    8,
                    -1,
                    -10
                ],
                [
                    9,
                    -5,
                    8
                ],
                [
                    6,
                    4,
                    -2
                ],
                [
                    5,
                    -9,
                    -2
                ],
                [
                    -10,
                    3,
                    2
                ],
                [
                    8,
                    1,
                    2
                ],
                [
                    -8,
                    -1,
                    5
                ],
                [
                    -10,
                    5,
                    3
                ],
                [
                    8,
                    10,
                    5
                ],
                [
                    9,
                    8,
                    2
                ],
                [
                    7,
                    -4,
                    -2
                ],
                [
                    1,
                    -9,
                    -5
                ],
                [
                    -3,
                    5,
                    -6
                ],
                [
                    6,
                    1,
                    8
                ],
                [
                    -6,
                    5,
                    10
                ],
                [
                    -4,
                    2,
                    -10
                ],
                [
                    8,
                    -5,
                    -4
                ],
                [
                    -1,
                    3,
                    8
                ],
                [
                    8,
                    -9,
                    -10
                ],
                [
                    5,
                    -6,
                    -2
                ],
                [
                    -3,
                    -10,
                    -1
                ],
                [
                    -3,
                    2,
                    -10
                ],
                [
                    -6,
                    9,
                    8
                ],
                [
                    -5,
                    -2,
                    -10
                ],
                [
                    -4,
                    -1,
                    -8
                ],
                [
                    3,
                    -1,
                    -5
                ],
                [
                    2,
                    -5,
                    8
                ],
                [
                    -3,
                    -7,
                    -9
                ],
                [
                    5,
                    -10,
                    -1
                ],
                [
                    1,
                    -2,
                    -5
                ],
                [
                    1,
                    10,
                    3
                ],
                [
                    7,
                    -9,
                    5
                ],
                [
                    -4,
                    6,
                    3
                ],
                [
                    2,
                    6,
                    -10
                ],
                [
                    -1,
                    7,
                    9
                ],
                [
                    8,
                    5,
                    2
                ],
                [
                    3,
                    -6,
                    -4
                ],
                [
                    -10,
                    2,
                    -5
                ],
                [
                    -3,
                    9,
                    -4
                ],
                [
                    4,
                    5,
                    3
                ],
                [
                    7,
                    -6,
                    5
                ],
                [
                    -1,
                    -6,
                    8
                ],
                [
                    4,
                    3,
                    -7
                ],
                [
                    -9,
                    -7,
                    3
                ],
                [
                    -8,
                    -1,
                    -2
                ]
            ],
            "{   'fun': 5.82,\n    'jac': None,\n    'nfev': 425,\n    'nit': 2,\n    'njev': 25,\n    'x': array([2.82256696, 1.00300659, 0.6089859 , 1.17804036, 1.61727338,\n       1.03444008, 0.47601638, 1.92876501, 1.52363579, 1.16984704,\n       0.53925135, 0.47628442, 2.94951908, 0.45420226, 3.10338954,\n       0.78106755])}",
            {
                "0010010000": 1,
                "1110000001": 1,
                "0000110001": 1,
                "1000001110": 1,
                "0011011110": 1,
                "0001100100": 1,
                "1100100101": 1,
                "0001001011": 1,
                "1000100010": 1,
                "1011110001": 1,
                "1001110011": 1,
                "0000000010": 1,
                "1001011101": 1,
                "0001011101": 1,
                "0011101001": 1,
                "0100100011": 1,
                "0101100011": 1,
                "1110110101": 2,
                "0100010100": 1,
                "0010000111": 1,
                "1000100101": 1,
                "1110010010": 1,
                "1101011010": 1,
                "0111100111": 1,
                "0100110101": 1,
                "1111100100": 1,
                "0010101000": 1,
                "1010101011": 1,
                "1001000101": 1,
                "1000111010": 2,
                "1000000101": 1,
                "0010000011": 2,
                "0100010111": 1,
                "1101101100": 1,
                "0011100011": 1,
                "1001101000": 1,
                "1001010010": 1,
                "1011111110": 1,
                "1010111001": 1,
                "1000001001": 1,
                "0110100001": 1,
                "1101101010": 1,
                "0000110110": 1,
                "1010101110": 1,
                "0001010011": 1,
                "1100110101": 2,
                "1000011110": 1,
                "0001101100": 1,
                "0101000110": 1,
                "0101100110": 1,
                "0000001010": 1,
                "0010111110": 1,
                "0001110000": 1,
                "1111011110": 1,
                "1100111111": 2,
                "0001110010": 1,
                "1011010010": 1,
                "1001010111": 1,
                "0111110100": 1,
                "1010111100": 1,
                "1011011010": 1,
                "0010110001": 1,
                "0000011100": 1,
                "0000110010": 1,
                "0011011001": 1,
                "1100111001": 1,
                "0011101101": 1,
                "0010111000": 2,
                "0000011000": 1,
                "0111110101": 1,
                "1100101111": 1,
                "0011011100": 1,
                "0001000101": 1,
                "0100101101": 2,
                "1001101100": 1,
                "1001011011": 1,
                "0101001111": 2,
                "1101000011": 1,
                "1100001100": 1,
                "0100100000": 1,
                "0111010001": 1,
                "1111110000": 1,
                "1101010001": 1,
                "1010100011": 1,
                "1100100011": 1,
                "1011000011": 1,
                "0011100100": 1,
                "1011101000": 1,
                "1100111000": 1,
                "1011110100": 1,
                "0101111101": 1,
                "0001111011": 1
            },
            false,
            4.67
        ],
        [
            [
                [
                    -6,
                    10,
                    -2
                ],
                [
                    1,
                    3,
                    2
                ],
                [
                    -10,
                    -2,
                    1
                ],
                [
                    8,
                    -6,
                    10
                ],
                [
                    1,
                    -8,
                    10
                ],
                [
                    -1,
                    10,
                    6
                ],
                [
                    -9,
                    -8,
                    -10
                ],
                [
                    6,
                    8,
                    -10
                ],
                [
                    -2,
                    1,
                    -8
                ],
                [
                    1,
                    10,
                    3
                ],
                [
                    -1,
                    -2,
                    -6
                ],
                [
                    -6,
                    -1,
                    9
                ],
                [
                    7,
                    -8,
                    5
                ],
                [
                    1,
                    -10,
                    2
                ],
                [
                    10,
                    -1,
                    5
                ],
                [
                    -5,
                    4,
                    9
                ],
                [
                    -9,
                    -8,
                    -10
                ],
                [
                    10,
                    -8,
                    -7
                ],
                [
                    -9,
                    -4,
                    7
                ],
                [
                    -7,
                    -3,
                    2
                ],
                [
                    -2,
                    5,
                    -6
                ],
                [
                    10,
                    -8,
                    3
                ],
                [
                    7,
                    4,
                    5
                ],
                [
                    -6,
                    -9,
                    -7
                ],
                [
                    -3,
                    -4,
                    7
                ],
                [
                    4,
                    -8,
                    9
                ],
                [
                    -1,
                    -8,
                    -3
                ],
                [
                    -2,
                    -1,
                    -10
                ],
                [
                    -3,
                    -5,
                    8
                ],
                [
                    9,
                    -10,
                    -1
                ],
                [
                    -1,
                    6,
                    -2
                ],
                [
                    -8,
                    -7,
                    3
                ],
                [
                    -5,
                    -7,
                    2
                ],
                [
                    5,
                    -1,
                    -4
                ],
                [
                    -8,
                    2,
                    -9
                ],
                [
                    -4,
                    -3,
                    10
                ],
                [
                    -2,
                    7,
                    -8
                ],
                [
                    7,
                    5,
                    -3
                ],
                [
                    8,
                    -7,
                    9
                ],
                [
                    1,
                    -5,
                    -7
                ],
                [
                    -10,
                    -6,
                    -9
                ],
                [
                    -2,
                    5,
                    -1
                ],
                [
                    -8,
                    1,
                    9
                ],
                [
                    2,
                    10,
                    9
                ],
                [
                    3,
                    -1,
                    2
                ]
            ],
            "{   'fun': 5.78,\n    'jac': None,\n    'nfev': 442,\n    'nit': 3,\n    'njev': 26,\n    'x': array([2.97225206, 1.92919949, 2.22614432, 1.43966676, 1.15023205,\n       1.71696418, 0.90613268, 2.4815258 , 3.06976775, 1.55569108,\n       1.56742466, 1.06612147, 2.3151313 , 1.08279272, 0.60583374,\n       1.46391153])}",
            {
                "1000001110": 1,
                "0111000001": 1,
                "0011001101": 1,
                "0011111110": 1,
                "0100110001": 1,
                "0011001011": 1,
                "1101110110": 1,
                "0110000101": 1,
                "0101101100": 1,
                "1011111101": 1,
                "0000111110": 1,
                "0010101101": 1,
                "1011001010": 1,
                "0000101000": 1,
                "0101110010": 1,
                "1001100010": 1,
                "0010011001": 1,
                "1011101110": 1,
                "1011000100": 1,
                "0110111100": 1,
                "1111001001": 1,
                "1000000111": 1,
                "0000001110": 1,
                "0000100101": 1,
                "1110111101": 1,
                "1110000111": 1,
                "1100010001": 1,
                "1100100100": 1,
                "1111111101": 1,
                "0001100110": 1,
                "1000100010": 1,
                "1101111010": 2,
                "0010001100": 1,
                "0010001011": 1,
                "0101000100": 1,
                "0010110011": 1,
                "0110110100": 1,
                "1001110110": 1,
                "0110001100": 1,
                "0100101011": 1,
                "0100011010": 1,
                "0010101010": 1,
                "0000001010": 3,
                "1110101011": 1,
                "1001101001": 2,
                "0100100011": 1,
                "1100010100": 2,
                "0111111000": 1,
                "0011111000": 1,
                "1100000001": 1,
                "0011010111": 1,
                "1010001101": 1,
                "1010000011": 2,
                "0110010101": 1,
                "1110000101": 1,
                "1110011000": 1,
                "0000011110": 1,
                "1011110010": 1,
                "0101110011": 1,
                "1000101000": 1,
                "0101111100": 1,
                "1001101110": 1,
                "1110111110": 1,
                "0011110111": 1,
                "0010101100": 1,
                "1100001110": 1,
                "1100111100": 1,
                "1011111110": 1,
                "1010110000": 1,
                "0000010100": 1,
                "0011000110": 1,
                "1001100001": 1,
                "1101111100": 1,
                "0100101000": 1,
                "1100111110": 1,
                "0101011101": 1,
                "0000000001": 1,
                "0001001000": 1,
                "0000100001": 1,
                "0101101001": 1,
                "1101111110": 1,
                "0100110111": 1,
                "1010011000": 1,
                "0101101111": 1,
                "1001011100": 1,
                "1100011111": 1,
                "1001000000": 1,
                "0011011010": 1,
                "1000100110": 1,
                "0000000011": 1,
                "0100010011": 1,
                "1011101100": 1,
                "1001001101": 1,
                "1110011101": 1
            },
            false,
            4.86
        ],
        [
            [
                [
                    5,
                    7,
                    -2
                ],
                [
                    10,
                    -5,
                    1
                ],
                [
                    5,
                    6,
                    -8
                ],
                [
                    10,
                    -3,
                    2
                ],
                [
                    10,
                    7,
                    9
                ],
                [
                    -2,
                    -1,
                    3
                ],
                [
                    1,
                    -7,
                    -10
                ],
                [
                    4,
                    -1,
                    9
                ],
                [
                    -10,
                    -2,
                    5
                ],
                [
                    6,
                    -8,
                    3
                ],
                [
                    5,
                    4,
                    -6
                ],
                [
                    1,
                    9,
                    -4
                ],
                [
                    4,
                    -3,
                    1
                ],
                [
                    7,
                    -8,
                    3
                ],
                [
                    3,
                    -10,
                    -1
                ],
                [
                    -3,
                    -6,
                    -1
                ],
                [
                    -10,
                    2,
                    6
                ],
                [
                    4,
                    10,
                    9
                ],
                [
                    8,
                    7,
                    -6
                ],
                [
                    -6,
                    -8,
                    -10
                ],
                [
                    7,
                    5,
                    -3
                ],
                [
                    5,
                    10,
                    -6
                ],
                [
                    -9,
                    -5,
                    -7
                ],
                [
                    -4,
                    -7,
                    -2
                ],
                [
                    10,
                    5,
                    6
                ],
                [
                    10,
                    9,
                    5
                ],
                [
                    7,
                    -1,
                    -10
                ],
                [
                    8,
                    -9,
                    5
                ],
                [
                    10,
                    -9,
                    2
                ],
                [
                    1,
                    -5,
                    10
                ],
                [
                    -10,
                    6,
                    4
                ],
                [
                    -3,
                    -10,
                    9
                ],
                [
                    10,
                    9,
                    -6
                ],
                [
                    -3,
                    -4,
                    8
                ],
                [
                    7,
                    10,
                    5
                ],
                [
                    6,
                    -8,
                    -7
                ],
                [
                    10,
                    -8,
                    -5
                ],
                [
                    5,
                    -8,
                    1
                ],
                [
                    -3,
                    10,
                    -1
                ],
                [
                    8,
                    3,
                    -9
                ],
                [
                    -4,
                    2,
                    -7
                ],
                [
                    1,
                    2,
                    9
                ],
                [
                    -10,
                    7,
                    2
                ],
                [
                    1,
                    10,
                    -6
                ],
                [
                    5,
                    1,
                    4
                ]
            ],
            "{   'fun': 5.67,\n    'jac': None,\n    'nfev': 442,\n    'nit': 2,\n    'njev': 26,\n    'x': array([2.94905416, 1.40159267, 1.94453124, 0.67792788, 0.5790338 ,\n       2.82840798, 2.21188137, 0.44982097, 2.496731  , 0.1305943 ,\n       1.48838153, 1.73172218, 0.03140444, 1.583247  , 0.76975115,\n       0.04408897])}",
            {
                "1100001110": 1,
                "1010101001": 1,
                "0011111010": 1,
                "0001111000": 1,
                "0100001110": 1,
                "1001011000": 1,
                "1110010100": 1,
                "1010100111": 1,
                "1010100011": 1,
                "1011101101": 1,
                "0111111001": 1,
                "1011011101": 1,
                "0101100110": 1,
                "1111111110": 1,
                "0111110111": 1,
                "0101110111": 1,
                "0111100010": 2,
                "0000000000": 1,
                "1011011000": 1,
                "0011100101": 1,
                "1100011001": 1,
                "1110010111": 1,
                "1110001101": 1,
                "0001010010": 1,
                "1011100100": 1,
                "0001101000": 2,
                "0011110010": 1,
                "0101010011": 1,
                "0010001000": 1,
                "0110010001": 1,
                "1111000000": 1,
                "0010001011": 1,
                "1111101000": 1,
                "0011010000": 1,
                "0010000010": 1,
                "0100011011": 1,
                "0101011110": 1,
                "0100010011": 1,
                "0110111010": 1,
                "1000101111": 1,
                "1001111110": 1,
                "0011001100": 1,
                "0100101001": 1,
                "1110110010": 1,
                "1111010001": 1,
                "0001010011": 1,
                "1001100101": 1,
                "1100100100": 2,
                "1100100011": 1,
                "1010011111": 1,
                "1101110101": 1,
                "1111011101": 1,
                "0010111010": 1,
                "0001110010": 1,
                "0111001110": 1,
                "0100101010": 1,
                "0000011010": 1,
                "1010001011": 1,
                "1100000101": 1,
                "1011111110": 1,
                "1001010010": 1,
                "0000101101": 1,
                "0010101101": 1,
                "0100000010": 1,
                "1110101110": 1,
                "0111100001": 1,
                "0100111001": 1,
                "1101010101": 1,
                "0011000100": 1,
                "1011000101": 1,
                "0001001011": 1,
                "0000111001": 1,
                "1010101101": 2,
                "1010110101": 1,
                "0010101011": 1,
                "1111111101": 1,
                "1001010110": 1,
                "0001100110": 1,
                "0110001111": 1,
                "0000011011": 1,
                "1101001111": 2,
                "0101111000": 1,
                "1001011101": 1,
                "1001000110": 1,
                "0000000010": 1,
                "0101100000": 1,
                "0110111100": 2,
                "1011011011": 1,
                "1000100000": 1,
                "1011000111": 1,
                "1011001010": 1,
                "0110101011": 1,
                "1000000111": 1,
                "1100110001": 1
            },
            false,
            4.97
        ],
        [
            [
                [
                    6,
                    2,
                    -1
                ],
                [
                    -8,
                    9,
                    -7
                ],
                [
                    9,
                    -7,
                    3
                ],
                [
                    -3,
                    -6,
                    5
                ],
                [
                    -5,
                    3,
                    -6
                ],
                [
                    -1,
                    -3,
                    -5
                ],
                [
                    -5,
                    -10,
                    4
                ],
                [
                    -1,
                    9,
                    -7
                ],
                [
                    1,
                    -4,
                    -2
                ],
                [
                    -5,
                    9,
                    -2
                ],
                [
                    9,
                    -3,
                    -1
                ],
                [
                    4,
                    6,
                    5
                ],
                [
                    -8,
                    5,
                    -6
                ],
                [
                    -5,
                    2,
                    -1
                ],
                [
                    -1,
                    4,
                    -9
                ],
                [
                    5,
                    -6,
                    10
                ],
                [
                    -6,
                    -9,
                    -1
                ],
                [
                    1,
                    2,
                    -10
                ],
                [
                    10,
                    1,
                    7
                ],
                [
                    10,
                    -2,
                    1
                ],
                [
                    -8,
                    -6,
                    7
                ],
                [
                    7,
                    -3,
                    -10
                ],
                [
                    3,
                    -9,
                    -2
                ],
                [
                    -3,
                    6,
                    8
                ],
                [
                    10,
                    -5,
                    -3
                ],
                [
                    8,
                    6,
                    9
                ],
                [
                    -9,
                    10,
                    -2
                ],
                [
                    -7,
                    9,
                    8
                ],
                [
                    9,
                    1,
                    6
                ],
                [
                    -2,
                    -7,
                    -9
                ],
                [
                    -10,
                    -4,
                    5
                ],
                [
                    9,
                    7,
                    6
                ],
                [
                    -3,
                    -7,
                    -8
                ],
                [
                    -7,
                    4,
                    -5
                ],
                [
                    -10,
                    1,
                    4
                ],
                [
                    6,
                    -1,
                    -4
                ],
                [
                    1,
                    7,
                    3
                ],
                [
                    -3,
                    -5,
                    9
                ],
                [
                    -8,
                    -2,
                    -3
                ],
                [
                    -4,
                    -5,
                    9
                ],
                [
                    4,
                    7,
                    8
                ],
                [
                    2,
                    4,
                    9
                ],
                [
                    10,
                    2,
                    -5
                ],
                [
                    7,
                    6,
                    9
                ],
                [
                    -1,
                    -5,
                    -10
                ]
            ],
            "{   'fun': 5.35,\n    'jac': None,\n    'nfev': 357,\n    'nit': 0,\n    'njev': 21,\n    'x': array([1.75055156e+00, 2.96843013e+00, 1.55629671e+00, 2.58014866e+00,\n       3.09593278e+00, 2.94155906e+00, 6.74220288e-01, 8.07422805e-01,\n       5.79942873e-01, 9.37660346e-01, 1.38071272e+00, 1.25388357e+00,\n       7.35934291e-01, 5.35655048e-01, 4.71585923e-02, 2.81037373e-03])}",
            {
                "0101000110": 1,
                "1110100000": 1,
                "1011000011": 1,
                "0000110110": 1,
                "1100110101": 1,
                "0011110010": 1,
                "1010100101": 1,
                "1110001001": 1,
                "0010111101": 2,
                "0010000100": 1,
                "0100011000": 1,
                "0000111001": 1,
                "1100110010": 1,
                "1111001101": 1,
                "1101011101": 2,
                "1100011010": 2,
                "1011000001": 1,
                "0000101100": 1,
                "1101110111": 2,
                "0001111011": 1,
                "1101001011": 1,
                "0101001101": 1,
                "1111100011": 1,
                "0001110001": 2,
                "0110110100": 1,
                "0101000100": 1,
                "0101001100": 1,
                "1111110101": 1,
                "0100100010": 1,
                "1101011000": 1,
                "0110010010": 1,
                "0110000110": 2,
                "0101011110": 1,
                "0001101100": 1,
                "1000011110": 1,
                "0010000001": 1,
                "0011000111": 1,
                "1110110000": 1,
                "0100011110": 1,
                "1111101111": 1,
                "1011010000": 1,
                "1110110010": 2,
                "1111001111": 2,
                "1100111011": 1,
                "0000111110": 1,
                "0000110111": 1,
                "1100000100": 1,
                "0000001011": 1,
                "1000110001": 1,
                "1011100101": 1,
                "0001001100": 1,
                "0000110010": 1,
                "0111001101": 1,
                "1100100001": 1,
                "1101010111": 1,
                "1000010000": 2,
                "1011111011": 1,
                "0101100110": 2,
                "1101100111": 1,
                "0100100111": 1,
                "0110110111": 1,
                "1110111110": 1,
                "0110101000": 1,
                "1000000111": 1,
                "1110111010": 1,
                "1001001001": 1,
                "0100000001": 1,
                "0001001000": 1,
                "0000011010": 1,
                "0001100101": 1,
                "1010000010": 1,
                "0001000000": 1,
                "0010100101": 1,
                "0101100010": 1,
                "0001100011": 1,
                "0010110000": 1,
                "0000010111": 1,
                "0011011000": 1,
                "1100100111": 2,
                "0010011010": 1,
                "0110100001": 1,
                "0001001110": 1,
                "0000010000": 2,
                "0010000010": 1,
                "1000101110": 1,
                "0001000111": 1,
                "1101100110": 1,
                "1000000000": 1
            },
            false,
            4.65
        ]
    ]
}