{
    "n": 10,
    "m": 45,
    "results": [
        [
            [
                [
                    -4,
                    -2,
                    6
                ],
                [
                    4,
                    3,
                    -1
                ],
                [
                    -1,
                    -3,
                    -8
                ],
                [
                    6,
                    4,
                    10
                ],
                [
                    6,
                    2,
                    10
                ],
                [
                    -7,
                    -1,
                    -9
                ],
                [
                    -6,
                    10,
                    9
                ],
                [
                    1,
                    -10,
                    -6
                ],
                [
                    -5,
                    3,
                    -10
                ],
                [
                    1,
                    10,
                    -3
                ],
                [
                    10,
                    5,
                    9
                ],
                [
                    9,
                    5,
                    7
                ],
                [
                    6,
                    5,
                    1
                ],
                [
                    9,
                    7,
                    5
                ],
                [
                    5,
                    9,
                    -3
                ],
                [
                    -9,
                    -7,
                    -10
                ],
                [
                    -6,
                    -8,
                    -4
                ],
                [
                    -4,
                    -3,
                    2
                ],
                [
                    4,
                    6,
                    -3
                ],
                [
                    -2,
                    7,
                    -10
                ],
                [
                    4,
                    10,
                    9
                ],
                [
                    1,
                    -6,
                    -10
                ],
                [
                    -6,
                    2,
                    8
                ],
                [
                    -10,
                    9,
                    3
                ],
                [
                    5,
                    6,
                    -10
                ],
                [
                    -1,
                    -5,
                    -10
                ],
                [
                    3,
                    10,
                    1
                ],
                [
                    3,
                    -6,
                    4
                ],
                [
                    8,
                    5,
                    2
                ],
                [
                    7,
                    -9,
                    -4
                ],
                [
                    -1,
                    -4,
                    -9
                ],
                [
                    -10,
                    9,
                    -1
                ],
                [
                    -2,
                    -8,
                    7
                ],
                [
                    -4,
                    -9,
                    8
                ],
                [
                    -5,
                    -10,
                    3
                ],
                [
                    9,
                    5,
                    -10
                ],
                [
                    -10,
                    -4,
                    -8
                ],
                [
                    -8,
                    3,
                    9
                ],
                [
                    8,
                    -5,
                    -2
                ],
                [
                    -6,
                    -9,
                    2
                ],
                [
                    6,
                    4,
                    3
                ],
                [
                    5,
                    -8,
                    1
                ],
                [
                    -7,
                    1,
                    2
                ],
                [
                    6,
                    2,
                    -10
                ],
                [
                    -3,
                    5,
                    10
                ]
            ],
            "{   'fun': 1.0,\n    'jac': None,\n    'nfev': 9,\n    'nit': 0,\n    'njev': 1,\n    'x': array([1.48071935, 0.0954396 , 2.1734847 , 1.06912731, 2.42272838,\n       2.07750153, 1.7463542 , 2.86819155])}",
            {
                "1011000011": 1,
                "0101000001": 1,
                "1110100111": 1,
                "1110001101": 1,
                "0010101010": 1,
                "1010011010": 1,
                "1110011110": 1,
                "0000111101": 1,
                "0000011011": 1,
                "1101010101": 1,
                "0001111100": 1,
                "0001111111": 1,
                "0011000000": 1,
                "1000110100": 1,
                "1010111011": 1,
                "1100110000": 1,
                "0001011111": 1,
                "0100010101": 1,
                "0101001100": 1,
                "0000011001": 1,
                "0111001110": 1,
                "1111001101": 1,
                "0100100001": 1,
                "1110010111": 1,
                "1000101011": 1,
                "0111100100": 1,
                "0101101100": 2,
                "1000100010": 1,
                "0000000111": 1,
                "1011101011": 1,
                "1011111111": 1,
                "1011000111": 1,
                "0101110001": 1,
                "0110100011": 1,
                "1111100011": 1,
                "0110001010": 1,
                "0101100000": 1,
                "0011101010": 1,
                "0001011011": 1,
                "0011010100": 1,
                "0111110000": 1,
                "1111011000": 1,
                "1101011000": 1,
                "1111010100": 1,
                "1001011101": 1,
                "0110110110": 1,
                "0001001001": 1,
                "1110001001": 1,
                "0001010011": 2,
                "1000100001": 1,
                "0110001001": 1,
                "1100111000": 1,
                "1101111000": 1,
                "1000100101": 1,
                "1111101110": 1,
                "0011000111": 2,
                "0100011110": 1,
                "0000100100": 2,
                "0110100010": 1,
                "1000101110": 1,
                "1000101111": 1,
                "1100100100": 1,
                "1010100110": 2,
                "0010101001": 1,
                "1111101101": 1,
                "1010110011": 1,
                "1100010000": 1,
                "1000000101": 1,
                "0000001111": 1,
                "1001010000": 2,
                "0011001001": 1,
                "1001011011": 1,
                "1000010100": 1,
                "0111011110": 1,
                "1110110011": 1,
                "1001001001": 1,
                "1011100000": 1,
                "1000011010": 1,
                "1010000011": 1,
                "0100010010": 1,
                "0000111110": 1,
                "0010100011": 1,
                "1111011110": 1,
                "0110011101": 1,
                "0100111000": 1,
                "1101111101": 1,
                "1100100010": 1,
                "0101001110": 1,
                "0111101101": 1,
                "1101110001": 2,
                "0011100101": 1,
                "1110000010": 1,
                "0111000001": 1
            },
            false,
            1.0
        ],
        [
            [
                [
                    3,
                    5,
                    4
                ],
                [
                    2,
                    1,
                    7
                ],
                [
                    3,
                    1,
                    -7
                ],
                [
                    10,
                    9,
                    6
                ],
                [
                    -3,
                    -6,
                    -9
                ],
                [
                    6,
                    -8,
                    4
                ],
                [
                    5,
                    -6,
                    7
                ],
                [
                    8,
                    10,
                    3
                ],
                [
                    -2,
                    -9,
                    10
                ],
                [
                    -10,
                    -8,
                    -3
                ],
                [
                    -9,
                    3,
                    5
                ],
                [
                    9,
                    -10,
                    7
                ],
                [
                    -10,
                    -7,
                    2
                ],
                [
                    -6,
                    -8,
                    5
                ],
                [
                    -3,
                    -2,
                    1
                ],
                [
                    -2,
                    10,
                    -4
                ],
                [
                    -3,
                    8,
                    9
                ],
                [
                    3,
                    -5,
                    -8
                ],
                [
                    -6,
                    1,
                    8
                ],
                [
                    9,
                    -4,
                    -2
                ],
                [
                    -5,
                    2,
                    6
                ],
                [
                    -9,
                    -7,
                    -5
                ],
                [
                    -8,
                    10,
                    7
                ],
                [
                    -3,
                    -5,
                    7
                ],
                [
                    10,
                    6,
                    3
                ],
                [
                    6,
                    -5,
                    7
                ],
                [
                    -1,
                    9,
                    -8
                ],
                [
                    7,
                    2,
                    8
                ],
                [
                    7,
                    -2,
                    -6
                ],
                [
                    5,
                    -6,
                    7
                ],
                [
                    -10,
                    -7,
                    -4
                ],
                [
                    9,
                    -6,
                    3
                ],
                [
                    -9,
                    -7,
                    6
                ],
                [
                    9,
                    4,
                    10
                ],
                [
                    -4,
                    -5,
                    -9
                ],
                [
                    6,
                    -2,
                    10
                ],
                [
                    -9,
                    -1,
                    -3
                ],
                [
                    8,
                    -10,
                    3
                ],
                [
                    4,
                    -7,
                    -5
                ],
                [
                    4,
                    8,
                    -1
                ],
                [
                    -3,
                    8,
                    -10
                ],
                [
                    9,
                    -10,
                    -7
                ],
                [
                    -5,
                    -10,
                    -1
                ],
                [
                    -2,
                    -9,
                    -7
                ],
                [
                    10,
                    7,
                    6
                ]
            ],
            "{   'fun': 1.0,\n    'jac': None,\n    'nfev': 153,\n    'nit': 1,\n    'njev': 17,\n    'x': array([2.01627936, 0.45033997, 0.66519119, 0.09884146, 1.79835803,\n       1.74181716, 1.82882941, 0.02556421])}",
            {
                "1100101001": 1,
                "1101101110": 1,
                "0001110001": 1,
                "1111110000": 1,
                "0101010100": 1,
                "1011111100": 1,
                "1000110000": 1,
                "1111000010": 1,
                "0110010110": 1,
                "1011101101": 1,
                "1001000010": 2,
                "0101101011": 1,
                "1010100101": 1,
                "1111010111": 1,
                "1011000010": 1,
                "1000110010": 1,
                "0101100001": 1,
                "0101110001": 1,
                "0000010001": 1,
                "1000011011": 1,
                "0011111010": 1,
                "0001101010": 1,
                "0110100110": 1,
                "1001111101": 1,
                "0011000111": 2,
                "1011100010": 2,
                "1101111111": 1,
                "0111001010": 1,
                "0011111111": 1,
                "1001101101": 1,
                "0000101010": 1,
                "0000101100": 1,
                "1111100110": 1,
                "0010000111": 1,
                "0111001000": 1,
                "1010011011": 1,
                "1001101100": 1,
                "1110101010": 2,
                "0001100100": 1,
                "0111111001": 1,
                "1111011011": 1,
                "0100011011": 1,
                "1001011001": 1,
                "1110111000": 2,
                "1011101010": 1,
                "0001000100": 1,
                "1111000111": 1,
                "1010101111": 1,
                "1100011100": 1,
                "0100010001": 1,
                "0100000101": 1,
                "1111111011": 1,
                "0001111001": 1,
                "0100100010": 1,
                "0101010001": 2,
                "0010101111": 1,
                "1000111011": 1,
                "0110100111": 1,
                "1011110000": 1,
                "1010011000": 1,
                "0100110100": 1,
                "1110101101": 1,
                "1001110000": 1,
                "1010010011": 1,
                "1101101101": 2,
                "1001101011": 1,
                "0000110111": 1,
                "1100000100": 1,
                "1010101010": 1,
                "0111101111": 1,
                "0010101001": 1,
                "1111100001": 1,
                "0101111001": 1,
                "0110010001": 1,
                "1101011000": 1,
                "0001011101": 1,
                "1111110110": 1,
                "0110011000": 1,
                "1101010110": 1,
                "1100100101": 1,
                "1010110001": 1,
                "0100111001": 1,
                "1001011100": 1,
                "0010101000": 1,
                "0101011000": 1,
                "1011111000": 1,
                "1100010110": 1,
                "1011111110": 1,
                "1001010010": 1,
                "1000101100": 1,
                "0100010111": 1,
                "0000000111": 1,
                "1101011101": 1
            },
            false,
            0.97
        ],
        [
            [
                [
                    -8,
                    3,
                    9
                ],
                [
                    10,
                    -1,
                    4
                ],
                [
                    -4,
                    -6,
                    9
                ],
                [
                    3,
                    -4,
                    -6
                ],
                [
                    -7,
                    1,
                    3
                ],
                [
                    -5,
                    3,
                    -2
                ],
                [
                    -2,
                    -10,
                    8
                ],
                [
                    -7,
                    3,
                    -10
                ],
                [
                    7,
                    -3,
                    10
                ],
                [
                    7,
                    -1,
                    -5
                ],
                [
                    9,
                    -7,
                    5
                ],
                [
                    6,
                    -1,
                    5
                ],
                [
                    -5,
                    6,
                    -3
                ],
                [
                    7,
                    -3,
                    1
                ],
                [
                    8,
                    -9,
                    6
                ],
                [
                    4,
                    -5,
                    -6
                ],
                [
                    -8,
                    -2,
                    -5
                ],
                [
                    9,
                    -8,
                    -2
                ],
                [
                    -6,
                    -1,
                    2
                ],
                [
                    10,
                    6,
                    -9
                ],
                [
                    7,
                    9,
                    -10
                ],
                [
                    8,
                    -5,
                    -2
                ],
                [
                    -5,
                    6,
                    -1
                ],
                [
                    1,
                    10,
                    -9
                ],
                [
                    2,
                    -8,
                    1
                ],
                [
                    2,
                    5,
                    -4
                ],
                [
                    -10,
                    9,
                    8
                ],
                [
                    -7,
                    5,
                    10
                ],
                [
                    -2,
                    7,
                    -4
                ],
                [
                    4,
                    2,
                    10
                ],
                [
                    -8,
                    1,
                    2
                ],
                [
                    5,
                    -7,
                    -6
                ],
                [
                    -5,
                    6,
                    -9
                ],
                [
                    -3,
                    -4,
                    -6
                ],
                [
                    1,
                    8,
                    -7
                ],
                [
                    4,
                    -3,
                    -1
                ],
                [
                    -10,
                    1,
                    6
                ],
                [
                    7,
                    -1,
                    8
                ],
                [
                    8,
                    6,
                    5
                ],
                [
                    -3,
                    9,
                    4
                ],
                [
                    -1,
                    6,
                    -2
                ],
                [
                    4,
                    9,
                    -10
                ],
                [
                    8,
                    -1,
                    3
                ],
                [
                    10,
                    -9,
                    5
                ],
                [
                    3,
                    7,
                    -10
                ]
            ],
            "{   'fun': 1.0,\n    'jac': None,\n    'nfev': 207,\n    'nit': 2,\n    'njev': 23,\n    'x': array([0.64633728, 2.55433426, 0.54532469, 3.11379288, 2.6238797 ,\n       1.73804859, 2.32003728, 2.62789491])}",
            {
                "1001001000": 1,
                "1101001101": 1,
                "1100101100": 1,
                "0100100011": 1,
                "1111011011": 1,
                "1011000000": 1,
                "1000011000": 1,
                "0000011000": 1,
                "1101111111": 1,
                "1000010001": 1,
                "0111010111": 1,
                "0001010111": 1,
                "1001011110": 1,
                "0111010110": 1,
                "0111111010": 1,
                "0001110110": 1,
                "1001001100": 1,
                "1001000011": 1,
                "0010101010": 1,
                "1101101001": 1,
                "1100100100": 1,
                "1001110101": 1,
                "1110001011": 1,
                "0111100100": 1,
                "1100011000": 1,
                "1011011110": 1,
                "0010000110": 2,
                "0000100100": 1,
                "0101111000": 1,
                "1101110101": 1,
                "1111011000": 1,
                "0101001000": 1,
                "0001100100": 1,
                "0011100100": 1,
                "1100100010": 2,
                "0000000000": 1,
                "0100111011": 1,
                "0101110010": 1,
                "1000001011": 1,
                "0010001001": 1,
                "0100110110": 1,
                "1100100001": 1,
                "1110010101": 1,
                "1111001101": 1,
                "0001001000": 1,
                "0000011010": 1,
                "1111101011": 1,
                "1000111111": 1,
                "0101010110": 1,
                "1000000101": 2,
                "1100010011": 1,
                "0011101011": 2,
                "1000101111": 1,
                "0000010000": 1,
                "1111001011": 1,
                "1100001100": 1,
                "1110100011": 1,
                "0000100111": 1,
                "0111000001": 1,
                "0011111101": 1,
                "1101111011": 1,
                "0000111000": 1,
                "0000100010": 1,
                "0011010001": 1,
                "0100100101": 1,
                "0000111101": 1,
                "0100010100": 1,
                "0010001111": 1,
                "0110111111": 1,
                "1111011110": 1,
                "1110111101": 1,
                "0010011001": 1,
                "1010000110": 1,
                "0110110000": 1,
                "0011001101": 1,
                "0100010101": 1,
                "1101010111": 1,
                "0101001111": 1,
                "1101000010": 1,
                "1010011110": 1,
                "0111001101": 2,
                "0110100111": 1,
                "1101110010": 1,
                "1001101100": 1,
                "0001000101": 1,
                "0101010010": 1,
                "0001111111": 1,
                "0011011010": 1,
                "1001000000": 1,
                "1111110110": 1,
                "1101001010": 1,
                "0000100000": 1,
                "1010010001": 1,
                "0001001010": 1,
                "1111100100": 1
            },
            false,
            0.96
        ],
        [
            [
                [
                    -9,
                    5,
                    -1
                ],
                [
                    9,
                    2,
                    -3
                ],
                [
                    -7,
                    -3,
                    -2
                ],
                [
                    9,
                    -1,
                    5
                ],
                [
                    -3,
                    -1,
                    9
                ],
                [
                    8,
                    -6,
                    -7
                ],
                [
                    -2,
                    -4,
                    10
                ],
                [
                    -7,
                    10,
                    -6
                ],
                [
                    10,
                    -4,
                    8
                ],
                [
                    4,
                    7,
                    1
                ],
                [
                    10,
                    -7,
                    -6
                ],
                [
                    -9,
                    4,
                    7
                ],
                [
                    10,
                    1,
                    -4
                ],
                [
                    5,
                    -1,
                    6
                ],
                [
                    -10,
                    6,
                    -8
                ],
                [
                    5,
                    2,
                    10
                ],
                [
                    -6,
                    2,
                    10
                ],
                [
                    8,
                    -1,
                    -6
                ],
                [
                    -2,
                    4,
                    -8
                ],
                [
                    9,
                    8,
                    -10
                ],
                [
                    -1,
                    -5,
                    6
                ],
                [
                    4,
                    3,
                    6
                ],
                [
                    8,
                    9,
                    -3
                ],
                [
                    4,
                    -6,
                    -9
                ],
                [
                    -5,
                    9,
                    7
                ],
                [
                    3,
                    8,
                    -4
                ],
                [
                    4,
                    6,
                    10
                ],
                [
                    -7,
                    -1,
                    -6
                ],
                [
                    -10,
                    -7,
                    2
                ],
                [
                    -10,
                    -1,
                    5
                ],
                [
                    10,
                    -5,
                    4
                ],
                [
                    -3,
                    5,
                    -8
                ],
                [
                    10,
                    -3,
                    -4
                ],
                [
                    -2,
                    9,
                    -3
                ],
                [
                    2,
                    -5,
                    -7
                ],
                [
                    2,
                    -9,
                    6
                ],
                [
                    7,
                    -5,
                    -1
                ],
                [
                    -5,
                    -6,
                    9
                ],
                [
                    -10,
                    -2,
                    5
                ],
                [
                    7,
                    -8,
                    5
                ],
                [
                    -2,
                    8,
                    6
                ],
                [
                    -10,
                    -1,
                    -4
                ],
                [
                    4,
                    -9,
                    2
                ],
                [
                    1,
                    9,
                    -5
                ],
                [
                    2,
                    3,
                    -8
                ]
            ],
            "{   'fun': 1.0,\n    'jac': None,\n    'nfev': 207,\n    'nit': 2,\n    'njev': 23,\n    'x': array([2.87888706, 0.95784102, 1.843486  , 1.08096319, 2.6535865 ,\n       0.03427846, 3.03655753, 1.19110538])}",
            {
                "1000101000": 1,
                "0000010111": 1,
                "1100001111": 1,
                "0010001001": 1,
                "1010000011": 1,
                "0000000101": 1,
                "0110010110": 1,
                "1011111111": 1,
                "0001000011": 1,
                "1000111010": 1,
                "1010010111": 1,
                "0000100000": 1,
                "1110010000": 1,
                "0100010000": 1,
                "0110001000": 1,
                "0100111010": 1,
                "0100111011": 1,
                "0010101100": 1,
                "1101100101": 1,
                "0110111000": 1,
                "1101111100": 1,
                "0110101101": 1,
                "1110101110": 3,
                "0011000001": 1,
                "0000110100": 1,
                "1110001101": 1,
                "0011000011": 1,
                "0101100001": 1,
                "1111111101": 1,
                "1010110110": 1,
                "0111001011": 1,
                "1111010101": 1,
                "1000111101": 1,
                "1110110110": 1,
                "0011100110": 1,
                "0001000001": 1,
                "1110010100": 1,
                "0100011000": 1,
                "1100110110": 1,
                "1011111010": 1,
                "1110010010": 1,
                "0101000000": 1,
                "1101110011": 1,
                "0101011001": 1,
                "0110001001": 1,
                "0011011001": 1,
                "1101001000": 1,
                "1110011011": 2,
                "0010110000": 1,
                "1111010001": 1,
                "0101110100": 1,
                "0010011111": 1,
                "1000010010": 1,
                "0111101010": 1,
                "1000000000": 1,
                "1101011110": 1,
                "1011101101": 1,
                "1001110010": 1,
                "1001001111": 1,
                "1101100001": 1,
                "1010001011": 1,
                "0011010011": 1,
                "1010010100": 1,
                "0111001111": 1,
                "0100101010": 1,
                "1101010010": 1,
                "1111010100": 1,
                "0000111110": 1,
                "0011010001": 1,
                "0110100101": 1,
                "1010101110": 1,
                "1110111000": 1,
                "1110100101": 1,
                "1100111010": 1,
                "0000111010": 3,
                "0001111001": 1,
                "1110011001": 1,
                "0000101010": 1,
                "0101100101": 1,
                "1110110100": 1,
                "1110001011": 1,
                "1110111100": 1,
                "1010000010": 1,
                "1011011011": 1,
                "1100101101": 1,
                "0110111100": 1,
                "1111001011": 2,
                "1100001100": 1,
                "0001000101": 2,
                "1000110111": 1,
                "1100000000": 1,
                "1011010111": 1,
                "0111111100": 1
            },
            false,
            0.94
        ],
        [
            [
                [
                    10,
                    8,
                    3
                ],
                [
                    2,
                    9,
                    6
                ],
                [
                    10,
                    1,
                    -6
                ],
                [
                    2,
                    7,
                    -9
                ],
                [
                    7,
                    -9,
                    -4
                ],
                [
                    -9,
                    -7,
                    -4
                ],
                [
                    6,
                    5,
                    4
                ],
                [
                    10,
                    4,
                    7
                ],
                [
                    -8,
                    1,
                    3
                ],
                [
                    -9,
                    1,
                    5
                ],
                [
                    1,
                    -2,
                    -6
                ],
                [
                    10,
                    -5,
                    -6
                ],
                [
                    10,
                    -4,
                    -3
                ],
                [
                    -1,
                    -3,
                    6
                ],
                [
                    10,
                    2,
                    5
                ],
                [
                    7,
                    8,
                    -3
                ],
                [
                    -7,
                    -10,
                    -4
                ],
                [
                    3,
                    8,
                    -4
                ],
                [
                    -9,
                    8,
                    -1
                ],
                [
                    -2,
                    -10,
                    -7
                ],
                [
                    5,
                    1,
                    9
                ],
                [
                    -10,
                    4,
                    -8
                ],
                [
                    4,
                    2,
                    7
                ],
                [
                    9,
                    1,
                    -10
                ],
                [
                    -2,
                    -4,
                    -3
                ],
                [
                    -8,
                    -9,
                    1
                ],
                [
                    9,
                    -5,
                    3
                ],
                [
                    7,
                    -2,
                    3
                ],
                [
                    2,
                    8,
                    -10
                ],
                [
                    7,
                    -3,
                    -4
                ],
                [
                    -1,
                    3,
                    -2
                ],
                [
                    -6,
                    -4,
                    10
                ],
                [
                    -1,
                    10,
                    4
                ],
                [
                    -8,
                    -1,
                    3
                ],
                [
                    6,
                    -4,
                    -8
                ],
                [
                    -4,
                    2,
                    -6
                ],
                [
                    -3,
                    -9,
                    -8
                ],
                [
                    -8,
                    -4,
                    10
                ],
                [
                    -7,
                    -4,
                    3
                ],
                [
                    -1,
                    -7,
                    -6
                ],
                [
                    10,
                    2,
                    9
                ],
                [
                    -7,
                    -10,
                    6
                ],
                [
                    -4,
                    3,
                    -1
                ],
                [
                    4,
                    3,
                    9
                ],
                [
                    9,
                    -1,
                    3
                ]
            ],
            "{   'fun': 0.96,\n    'jac': None,\n    'nfev': 189,\n    'nit': 2,\n    'njev': 21,\n    'x': array([2.97225315, 1.92919878, 2.22614618, 1.43966735, 1.15023343,\n       1.71696523, 0.90613361, 2.48152958])}",
            {
                "1010100010": 1,
                "0010110111": 1,
                "1110111110": 1,
                "1110000001": 1,
                "0100100111": 1,
                "1010010101": 1,
                "1000000110": 1,
                "0110100110": 1,
                "0111101111": 1,
                "0111011011": 1,
                "0100000110": 1,
                "0111100111": 1,
                "1111100000": 1,
                "1001011011": 1,
                "1011011100": 1,
                "1101101010": 1,
                "0010001101": 1,
                "1001010000": 1,
                "0010011111": 1,
                "0110101100": 1,
                "0100011011": 1,
                "0100011010": 1,
                "1100100010": 1,
                "0011110111": 1,
                "1001101101": 1,
                "1001101000": 1,
                "1001010010": 1,
                "1011111110": 1,
                "1100000011": 1,
                "0100000100": 1,
                "0001011110": 1,
                "1001100011": 1,
                "1110100111": 1,
                "0010100001": 1,
                "0011110101": 1,
                "1110001001": 1,
                "1111001100": 1,
                "1101100100": 2,
                "0011011110": 2,
                "0101010110": 1,
                "1011000001": 1,
                "1000100001": 1,
                "1110011110": 1,
                "1011001011": 1,
                "0110101101": 1,
                "0000111101": 1,
                "1010101001": 1,
                "1100111111": 1,
                "1000000000": 1,
                "1101100110": 1,
                "0000100101": 1,
                "1010011111": 1,
                "1101111011": 1,
                "1001101010": 1,
                "1111110011": 1,
                "0100011000": 1,
                "1000001011": 1,
                "0000010011": 1,
                "0111011010": 1,
                "0011100001": 1,
                "0111001101": 1,
                "0010110001": 2,
                "1110001100": 1,
                "1110100001": 1,
                "1001001011": 1,
                "1101110010": 1,
                "0101111101": 1,
                "1000011111": 1,
                "0010111000": 1,
                "1101011000": 1,
                "1001000110": 1,
                "1111000001": 1,
                "0001000100": 1,
                "1100001001": 1,
                "1011001111": 1,
                "0101010100": 1,
                "0101001000": 1,
                "0001001100": 1,
                "0000100000": 1,
                "1010010001": 1,
                "1100000101": 1,
                "0110011100": 1,
                "1001000011": 1,
                "0010001111": 2,
                "1111000011": 1,
                "1111010001": 1,
                "0010000000": 1,
                "0011011010": 1,
                "0011101100": 1,
                "1000010001": 1,
                "1100000001": 1,
                "0110011010": 1,
                "1000011011": 1,
                "1100001111": 2,
                "0100110000": 1
            },
            true,
            0.89
        ]
    ]
}