{
    "n": 10,
    "m": 45,
    "results": [
        [
            [
                [
                    -8,
                    -3,
                    -4
                ],
                [
                    9,
                    3,
                    -10
                ],
                [
                    4,
                    -6,
                    3
                ],
                [
                    3,
                    -10,
                    5
                ],
                [
                    -10,
                    5,
                    -3
                ],
                [
                    -8,
                    6,
                    9
                ],
                [
                    -4,
                    -1,
                    9
                ],
                [
                    -9,
                    3,
                    -2
                ],
                [
                    1,
                    4,
                    7
                ],
                [
                    2,
                    3,
                    -7
                ],
                [
                    -5,
                    3,
                    4
                ],
                [
                    -5,
                    -9,
                    3
                ],
                [
                    -10,
                    -9,
                    3
                ],
                [
                    -1,
                    6,
                    -7
                ],
                [
                    -8,
                    -3,
                    -10
                ],
                [
                    10,
                    -5,
                    -4
                ],
                [
                    -2,
                    -10,
                    -8
                ],
                [
                    -9,
                    1,
                    7
                ],
                [
                    5,
                    -3,
                    -10
                ],
                [
                    7,
                    -6,
                    -10
                ],
                [
                    3,
                    7,
                    5
                ],
                [
                    -3,
                    4,
                    8
                ],
                [
                    -4,
                    -9,
                    3
                ],
                [
                    6,
                    8,
                    -9
                ],
                [
                    -6,
                    -5,
                    -9
                ],
                [
                    4,
                    -9,
                    1
                ],
                [
                    8,
                    -6,
                    7
                ],
                [
                    7,
                    6,
                    -10
                ],
                [
                    5,
                    4,
                    -3
                ],
                [
                    3,
                    4,
                    10
                ],
                [
                    7,
                    -5,
                    3
                ],
                [
                    10,
                    6,
                    -4
                ],
                [
                    8,
                    -1,
                    10
                ],
                [
                    4,
                    10,
                    5
                ],
                [
                    -6,
                    -8,
                    3
                ],
                [
                    6,
                    -4,
                    8
                ],
                [
                    -8,
                    -6,
                    10
                ],
                [
                    2,
                    10,
                    6
                ],
                [
                    -5,
                    -10,
                    7
                ],
                [
                    -1,
                    -5,
                    4
                ],
                [
                    -5,
                    8,
                    -3
                ],
                [
                    -9,
                    8,
                    3
                ],
                [
                    -5,
                    8,
                    4
                ],
                [
                    -1,
                    -5,
                    4
                ],
                [
                    3,
                    -6,
                    -9
                ]
            ],
            "{   'fun': 0.97,\n    'jac': None,\n    'nfev': 207,\n    'nit': 3,\n    'njev': 23,\n    'x': array([1.48071911, 0.09543968, 2.1734844 , 1.0691284 , 2.42272965,\n       2.07750066, 1.74635451, 2.86819084])}",
            {
                "1001101001": 1,
                "1000110010": 1,
                "0001001101": 1,
                "1010001011": 1,
                "1111010111": 1,
                "1110111000": 1,
                "0011110010": 2,
                "0001010001": 1,
                "0110110001": 1,
                "0001110111": 2,
                "1001110010": 1,
                "0011101110": 1,
                "0110111111": 1,
                "0010011100": 1,
                "0011010100": 1,
                "0010100001": 1,
                "0110110000": 1,
                "1110001100": 2,
                "1110011100": 1,
                "1100101101": 1,
                "0100001000": 1,
                "1100011110": 2,
                "0010011001": 1,
                "0110100101": 1,
                "1010011000": 1,
                "0010000100": 1,
                "0011100000": 1,
                "0110011001": 1,
                "1101110001": 1,
                "0101110010": 1,
                "0001101100": 3,
                "1110011111": 1,
                "1100010111": 1,
                "0000000011": 1,
                "1010100010": 1,
                "1000011101": 1,
                "0001100100": 1,
                "0000000100": 1,
                "0001111100": 1,
                "0101101100": 1,
                "0110010011": 1,
                "0110011011": 2,
                "0001010101": 1,
                "0011001001": 1,
                "0000010010": 1,
                "0010101010": 1,
                "1000010001": 1,
                "1100000001": 1,
                "0001101111": 1,
                "1111100001": 1,
                "0001101110": 2,
                "0101111010": 1,
                "1100110000": 1,
                "0101101001": 1,
                "0111001011": 1,
                "0011000011": 3,
                "0111100000": 1,
                "0001001110": 1,
                "1010100111": 1,
                "1000111100": 1,
                "1101101111": 1,
                "0110001000": 1,
                "0011100101": 1,
                "0000111110": 1,
                "0010100011": 1,
                "0101000000": 1,
                "1101110011": 1,
                "0001111110": 1,
                "1011110111": 1,
                "1010001110": 1,
                "1100111110": 1,
                "0111101000": 1,
                "0000011100": 1,
                "1001000100": 2,
                "0110100111": 1,
                "0101100100": 1,
                "0001000100": 1,
                "0110110100": 1,
                "1000010000": 1,
                "0011011100": 1,
                "1011111000": 1,
                "0101001001": 1,
                "0100110101": 1,
                "0110010100": 1,
                "0111111111": 1,
                "1100011010": 1,
                "0111100010": 1,
                "1110001110": 1,
                "1110111100": 1
            },
            true,
            0.89
        ],
        [
            [
                [
                    -7,
                    4,
                    8
                ],
                [
                    -2,
                    1,
                    9
                ],
                [
                    -4,
                    -8,
                    6
                ],
                [
                    -8,
                    -4,
                    3
                ],
                [
                    10,
                    3,
                    -9
                ],
                [
                    10,
                    4,
                    8
                ],
                [
                    -5,
                    3,
                    6
                ],
                [
                    2,
                    -4,
                    -5
                ],
                [
                    4,
                    -3,
                    -7
                ],
                [
                    3,
                    6,
                    8
                ],
                [
                    -3,
                    -4,
                    -2
                ],
                [
                    -3,
                    5,
                    9
                ],
                [
                    10,
                    6,
                    -4
                ],
                [
                    1,
                    -10,
                    -5
                ],
                [
                    -5,
                    -8,
                    -9
                ],
                [
                    -8,
                    6,
                    3
                ],
                [
                    -9,
                    -3,
                    -7
                ],
                [
                    -3,
                    8,
                    9
                ],
                [
                    -4,
                    -6,
                    8
                ],
                [
                    9,
                    -3,
                    6
                ],
                [
                    -2,
                    -3,
                    -8
                ],
                [
                    2,
                    -7,
                    -3
                ],
                [
                    -9,
                    -2,
                    -7
                ],
                [
                    6,
                    5,
                    -3
                ],
                [
                    6,
                    -3,
                    9
                ],
                [
                    -2,
                    6,
                    10
                ],
                [
                    -5,
                    6,
                    -4
                ],
                [
                    -8,
                    2,
                    -4
                ],
                [
                    -4,
                    -7,
                    3
                ],
                [
                    4,
                    -2,
                    -1
                ],
                [
                    -5,
                    8,
                    -1
                ],
                [
                    -8,
                    3,
                    -9
                ],
                [
                    -5,
                    6,
                    -1
                ],
                [
                    7,
                    -2,
                    -6
                ],
                [
                    -10,
                    -9,
                    2
                ],
                [
                    5,
                    -10,
                    7
                ],
                [
                    -7,
                    2,
                    -5
                ],
                [
                    -5,
                    9,
                    7
                ],
                [
                    -1,
                    -9,
                    -5
                ],
                [
                    5,
                    -7,
                    -6
                ],
                [
                    -5,
                    -8,
                    1
                ],
                [
                    1,
                    -3,
                    6
                ],
                [
                    -3,
                    -1,
                    -2
                ],
                [
                    10,
                    -9,
                    -6
                ],
                [
                    3,
                    -5,
                    -6
                ]
            ],
            "{   'fun': 1.0,\n    'jac': None,\n    'nfev': 189,\n    'nit': 0,\n    'njev': 21,\n    'x': array([2.01627936, 0.45033675, 0.66518797, 0.09883824, 1.79835481,\n       1.74181394, 1.82882941, 0.02556421])}",
            {
                "1001100001": 1,
                "0011111110": 1,
                "0011110101": 1,
                "0111010101": 1,
                "1011100010": 1,
                "1110011001": 1,
                "0110110101": 1,
                "1110001101": 1,
                "0111001100": 1,
                "0001000010": 1,
                "0111000000": 1,
                "0001011000": 1,
                "0101111000": 1,
                "0101111011": 1,
                "1010010111": 1,
                "1110110001": 1,
                "1101001110": 1,
                "1010100101": 1,
                "0110111011": 1,
                "0101010010": 1,
                "0011001100": 1,
                "1111111111": 1,
                "0000100110": 1,
                "0000100111": 1,
                "0110001110": 1,
                "0001101011": 1,
                "0110110110": 1,
                "1111001100": 1,
                "0111001010": 1,
                "1101000000": 1,
                "0111101111": 1,
                "1110101011": 1,
                "1110111010": 1,
                "1011010010": 1,
                "1001010111": 1,
                "0100100110": 1,
                "1010010010": 1,
                "1111101110": 1,
                "0000011010": 1,
                "0010001100": 1,
                "0101101000": 1,
                "0010100100": 1,
                "1110011100": 1,
                "0011100110": 1,
                "1000110100": 1,
                "1110111101": 1,
                "0001011101": 1,
                "1001110010": 1,
                "0001110011": 1,
                "1101011111": 1,
                "0101110001": 1,
                "0111000001": 1,
                "0001001011": 1,
                "1000011100": 1,
                "1001011001": 1,
                "0000101111": 1,
                "1100000011": 1,
                "1001011111": 1,
                "0000000111": 1,
                "1110000000": 1,
                "1101100110": 1,
                "0001011110": 1,
                "0110100011": 1,
                "0000010111": 1,
                "1111100000": 1,
                "1011001000": 2,
                "1001010101": 1,
                "1001011110": 1,
                "0110100110": 1,
                "0000001100": 1,
                "1100001001": 1,
                "0001111010": 1,
                "0100101111": 1,
                "1110111110": 1,
                "1011001110": 1,
                "0111110011": 1,
                "1010110000": 1,
                "1101011110": 1,
                "0110000001": 1,
                "1110010011": 1,
                "1001000101": 1,
                "1100111010": 1,
                "0010110100": 1,
                "0011101110": 1,
                "1110110101": 1,
                "1000010011": 1,
                "1101011001": 1,
                "1100111000": 1,
                "1100001110": 1,
                "1101111000": 1,
                "1001011011": 1,
                "1001101100": 1,
                "1010010101": 1,
                "1000110011": 1,
                "1010111110": 1,
                "1101101100": 1,
                "1101010001": 1,
                "1101011011": 1,
                "1111100101": 1
            },
            false,
            0.95
        ],
        [
            [
                [
                    -1,
                    -5,
                    -8
                ],
                [
                    10,
                    3,
                    -9
                ],
                [
                    3,
                    -2,
                    7
                ],
                [
                    8,
                    -7,
                    -1
                ],
                [
                    -1,
                    -6,
                    -10
                ],
                [
                    -4,
                    2,
                    -1
                ],
                [
                    -7,
                    10,
                    -8
                ],
                [
                    2,
                    -8,
                    3
                ],
                [
                    -9,
                    8,
                    -10
                ],
                [
                    -1,
                    10,
                    8
                ],
                [
                    6,
                    -8,
                    -4
                ],
                [
                    4,
                    -2,
                    -7
                ],
                [
                    -3,
                    -9,
                    -8
                ],
                [
                    5,
                    1,
                    -4
                ],
                [
                    -5,
                    10,
                    -3
                ],
                [
                    -7,
                    -2,
                    5
                ],
                [
                    -1,
                    10,
                    -8
                ],
                [
                    -3,
                    -10,
                    -2
                ],
                [
                    -2,
                    -9,
                    -10
                ],
                [
                    -4,
                    -7,
                    9
                ],
                [
                    -3,
                    -2,
                    -8
                ],
                [
                    2,
                    6,
                    -7
                ],
                [
                    -3,
                    -1,
                    7
                ],
                [
                    -4,
                    6,
                    1
                ],
                [
                    -7,
                    3,
                    -4
                ],
                [
                    2,
                    1,
                    -3
                ],
                [
                    -2,
                    5,
                    9
                ],
                [
                    7,
                    10,
                    -6
                ],
                [
                    -3,
                    -10,
                    1
                ],
                [
                    -2,
                    -10,
                    5
                ],
                [
                    2,
                    4,
                    10
                ],
                [
                    -4,
                    -10,
                    2
                ],
                [
                    7,
                    2,
                    -4
                ],
                [
                    -1,
                    -4,
                    5
                ],
                [
                    -9,
                    -4,
                    -8
                ],
                [
                    8,
                    -2,
                    -5
                ],
                [
                    -1,
                    2,
                    6
                ],
                [
                    4,
                    5,
                    -7
                ],
                [
                    4,
                    -10,
                    -9
                ],
                [
                    4,
                    -3,
                    -6
                ],
                [
                    -3,
                    -8,
                    7
                ],
                [
                    -1,
                    6,
                    5
                ],
                [
                    -6,
                    5,
                    -2
                ],
                [
                    -2,
                    -9,
                    1
                ],
                [
                    -9,
                    -5,
                    4
                ]
            ],
            "{   'fun': 0.99,\n    'jac': None,\n    'nfev': 216,\n    'nit': 3,\n    'njev': 24,\n    'x': array([0.64633723, 2.55433395, 0.54532447, 3.1137927 , 2.62387978,\n       1.73804893, 2.32003766, 2.62789489])}",
            {
                "0110100010": 1,
                "0011111001": 1,
                "1010111101": 1,
                "1101111010": 1,
                "1001011000": 1,
                "0011111010": 1,
                "0101110000": 1,
                "1100000101": 1,
                "0001000111": 1,
                "1101110010": 1,
                "0101010011": 2,
                "1111000101": 1,
                "0010111110": 1,
                "0010010010": 1,
                "1010111011": 1,
                "1000101010": 1,
                "1011011011": 2,
                "1010000010": 1,
                "1100000100": 1,
                "1011111100": 1,
                "1100011000": 1,
                "1101001110": 1,
                "0110000100": 1,
                "0001100000": 1,
                "1000001110": 1,
                "0011110011": 1,
                "1010111110": 1,
                "1000111001": 1,
                "1001111001": 2,
                "0011111100": 1,
                "0010001001": 1,
                "1110010110": 1,
                "0101010100": 1,
                "0111111111": 2,
                "0101111001": 1,
                "0011100001": 1,
                "1011000101": 1,
                "1110010111": 1,
                "1001101000": 1,
                "0011101001": 1,
                "0110011110": 1,
                "0001111100": 1,
                "0100011100": 1,
                "1100100011": 1,
                "1110100111": 1,
                "0011100000": 1,
                "0101010110": 1,
                "0010000100": 1,
                "1000100000": 1,
                "0100101101": 1,
                "0111110000": 1,
                "0011110100": 1,
                "0100110010": 1,
                "1100000111": 1,
                "0110001111": 2,
                "0100011000": 1,
                "0000101011": 1,
                "1001111010": 1,
                "0000000010": 1,
                "1000000011": 1,
                "0111001111": 2,
                "0110110011": 1,
                "1110000011": 1,
                "0000010000": 1,
                "1111001100": 1,
                "0110110110": 1,
                "1111111000": 1,
                "0111100000": 1,
                "1001110000": 1,
                "0010011101": 1,
                "0000001101": 1,
                "1010000000": 1,
                "0001111110": 1,
                "0101000011": 1,
                "1001010010": 1,
                "0011011111": 1,
                "0000111000": 1,
                "0110010011": 1,
                "0010010101": 1,
                "0011011100": 1,
                "0111111000": 1,
                "0000001110": 1,
                "0001110011": 1,
                "1100101010": 1,
                "1001011010": 1,
                "1101100000": 1,
                "0001101011": 1,
                "1001110001": 1,
                "0111011111": 1,
                "0001100111": 1,
                "1010001110": 1,
                "1000110000": 3
            },
            true,
            0.92
        ],
        [
            [
                [
                    -9,
                    -7,
                    6
                ],
                [
                    -4,
                    3,
                    -5
                ],
                [
                    9,
                    -1,
                    -6
                ],
                [
                    -3,
                    9,
                    -10
                ],
                [
                    -5,
                    8,
                    -9
                ],
                [
                    -6,
                    -3,
                    -8
                ],
                [
                    8,
                    3,
                    -7
                ],
                [
                    8,
                    9,
                    10
                ],
                [
                    6,
                    -4,
                    2
                ],
                [
                    4,
                    -10,
                    9
                ],
                [
                    -6,
                    -5,
                    10
                ],
                [
                    3,
                    -6,
                    10
                ],
                [
                    8,
                    7,
                    4
                ],
                [
                    -10,
                    1,
                    -7
                ],
                [
                    -8,
                    -7,
                    2
                ],
                [
                    -7,
                    -8,
                    6
                ],
                [
                    -6,
                    -3,
                    10
                ],
                [
                    6,
                    -4,
                    -7
                ],
                [
                    9,
                    10,
                    6
                ],
                [
                    4,
                    -2,
                    10
                ],
                [
                    5,
                    -2,
                    6
                ],
                [
                    -3,
                    -4,
                    10
                ],
                [
                    -7,
                    -10,
                    6
                ],
                [
                    -6,
                    -9,
                    -7
                ],
                [
                    9,
                    6,
                    -10
                ],
                [
                    -2,
                    -6,
                    -7
                ],
                [
                    9,
                    4,
                    -5
                ],
                [
                    10,
                    7,
                    -8
                ],
                [
                    3,
                    -5,
                    -6
                ],
                [
                    4,
                    7,
                    8
                ],
                [
                    1,
                    3,
                    7
                ],
                [
                    8,
                    6,
                    -5
                ],
                [
                    5,
                    -6,
                    -4
                ],
                [
                    2,
                    -10,
                    -8
                ],
                [
                    6,
                    10,
                    -7
                ],
                [
                    -1,
                    -8,
                    -2
                ],
                [
                    -3,
                    2,
                    5
                ],
                [
                    -6,
                    2,
                    10
                ],
                [
                    -1,
                    -3,
                    8
                ],
                [
                    -7,
                    -4,
                    -2
                ],
                [
                    -1,
                    2,
                    7
                ],
                [
                    6,
                    5,
                    -3
                ],
                [
                    6,
                    -2,
                    -7
                ],
                [
                    1,
                    -3,
                    4
                ],
                [
                    -3,
                    -9,
                    8
                ]
            ],
            "{   'fun': 0.99,\n    'jac': None,\n    'nfev': 189,\n    'nit': 0,\n    'njev': 21,\n    'x': array([2.87888611, 0.95784197, 1.84348411, 1.08096319, 2.65358555,\n       0.03427751, 3.03655753, 1.19110443])}",
            {
                "1110000011": 1,
                "0111000011": 1,
                "1010010000": 1,
                "0001001100": 1,
                "0110010011": 1,
                "0110010100": 1,
                "1100110000": 1,
                "0111010011": 1,
                "1001101111": 1,
                "0111000100": 1,
                "1101110010": 1,
                "0000010100": 1,
                "0010000000": 1,
                "1001100001": 1,
                "1001010100": 1,
                "0000111100": 1,
                "0010100100": 1,
                "0111100001": 1,
                "0001010111": 1,
                "1000000110": 1,
                "0101010110": 1,
                "1111101100": 1,
                "1000101110": 1,
                "0001000111": 1,
                "0100010101": 1,
                "1011010001": 1,
                "1000111101": 1,
                "1110011110": 1,
                "1011001011": 1,
                "0000110111": 1,
                "0000100010": 1,
                "1111100111": 1,
                "0010011011": 1,
                "1101010100": 1,
                "0110100101": 1,
                "0000011001": 1,
                "1111000100": 1,
                "0110001100": 1,
                "0010001110": 1,
                "1100110001": 1,
                "0101001010": 1,
                "0000011000": 1,
                "1001110010": 1,
                "0110110111": 1,
                "0010101111": 1,
                "0100011111": 1,
                "1100110100": 1,
                "1010000101": 1,
                "0100110011": 1,
                "1010101010": 1,
                "0101101111": 1,
                "0010110111": 1,
                "1010100110": 1,
                "1010011011": 1,
                "0001000110": 1,
                "1011001100": 1,
                "0100010001": 2,
                "1001100111": 1,
                "1011111011": 1,
                "1011101110": 1,
                "0010100001": 1,
                "0110000100": 1,
                "1100110111": 1,
                "1000000000": 1,
                "1000101011": 1,
                "0101000010": 1,
                "0101100011": 1,
                "1101101000": 1,
                "1001010111": 1,
                "0101111110": 1,
                "0001000100": 1,
                "1001001101": 1,
                "1100100001": 1,
                "1110011111": 1,
                "0000011100": 2,
                "1010011110": 2,
                "1001100100": 1,
                "0010111001": 1,
                "1000001111": 2,
                "1101000111": 1,
                "1100010001": 1,
                "1101101010": 1,
                "1000110111": 2,
                "0100001000": 1,
                "1111110111": 1,
                "0111000001": 1,
                "0010000101": 1,
                "0010010000": 1,
                "0110000001": 1,
                "0111111000": 1,
                "1111011010": 1,
                "0110001000": 1,
                "1101101110": 1,
                "0111000000": 2
            },
            true,
            0.96
        ],
        [
            [
                [
                    1,
                    -7,
                    10
                ],
                [
                    -7,
                    5,
                    10
                ],
                [
                    -5,
                    -7,
                    2
                ],
                [
                    -1,
                    10,
                    -8
                ],
                [
                    8,
                    -5,
                    -2
                ],
                [
                    -6,
                    -4,
                    -3
                ],
                [
                    1,
                    -7,
                    -10
                ],
                [
                    2,
                    10,
                    -8
                ],
                [
                    2,
                    1,
                    7
                ],
                [
                    -4,
                    -6,
                    8
                ],
                [
                    5,
                    -1,
                    -3
                ],
                [
                    9,
                    7,
                    8
                ],
                [
                    5,
                    9,
                    -4
                ],
                [
                    10,
                    -3,
                    -9
                ],
                [
                    -5,
                    4,
                    7
                ],
                [
                    -7,
                    3,
                    4
                ],
                [
                    -2,
                    -10,
                    1
                ],
                [
                    -8,
                    -3,
                    4
                ],
                [
                    7,
                    10,
                    1
                ],
                [
                    5,
                    3,
                    4
                ],
                [
                    3,
                    -9,
                    -7
                ],
                [
                    -2,
                    8,
                    5
                ],
                [
                    -3,
                    -10,
                    -5
                ],
                [
                    -7,
                    -6,
                    2
                ],
                [
                    4,
                    10,
                    2
                ],
                [
                    -4,
                    2,
                    -1
                ],
                [
                    9,
                    -5,
                    -1
                ],
                [
                    3,
                    7,
                    -1
                ],
                [
                    -4,
                    9,
                    1
                ],
                [
                    8,
                    -2,
                    9
                ],
                [
                    -1,
                    -3,
                    -9
                ],
                [
                    9,
                    4,
                    3
                ],
                [
                    -6,
                    -7,
                    3
                ],
                [
                    1,
                    -5,
                    -10
                ],
                [
                    6,
                    -7,
                    5
                ],
                [
                    -5,
                    -2,
                    -10
                ],
                [
                    2,
                    -9,
                    -4
                ],
                [
                    -8,
                    -2,
                    3
                ],
                [
                    7,
                    -4,
                    -2
                ],
                [
                    2,
                    -9,
                    -3
                ],
                [
                    -7,
                    10,
                    -4
                ],
                [
                    -6,
                    5,
                    8
                ],
                [
                    6,
                    2,
                    10
                ],
                [
                    6,
                    8,
                    -3
                ],
                [
                    4,
                    -1,
                    -5
                ]
            ],
            "{   'fun': 1.0,\n    'jac': None,\n    'nfev': 9,\n    'nit': 0,\n    'njev': 1,\n    'x': array([2.97225254, 1.92919953, 2.22614485, 1.43966739, 1.15023207,\n       1.71696454, 0.90613298, 2.48152622])}",
            {
                "1110010001": 1,
                "0001010010": 1,
                "0111000011": 1,
                "1111110000": 1,
                "0111101100": 1,
                "1010011101": 1,
                "0111111010": 1,
                "0110011100": 1,
                "1101100010": 1,
                "1110011110": 1,
                "1101010111": 1,
                "1011101010": 1,
                "0001110011": 1,
                "1111100101": 1,
                "1010011001": 1,
                "1011011111": 1,
                "1101100111": 1,
                "1000000001": 1,
                "1110001010": 1,
                "1110001100": 1,
                "0110110000": 1,
                "0001001110": 1,
                "0010000011": 1,
                "1010001010": 1,
                "1100010001": 1,
                "1101000111": 2,
                "0000011111": 1,
                "0001000110": 1,
                "1110100010": 1,
                "0010101000": 1,
                "0101101011": 1,
                "1110010000": 1,
                "1001000111": 1,
                "0010001010": 1,
                "1011101111": 1,
                "0001110010": 1,
                "0010111110": 1,
                "1110110001": 1,
                "1111100000": 1,
                "0111100000": 1,
                "1111010100": 1,
                "1011110000": 1,
                "1010101100": 1,
                "0001111011": 1,
                "0111101111": 1,
                "0001101111": 1,
                "1001011111": 1,
                "1001101100": 1,
                "1000110101": 1,
                "1110101010": 1,
                "1101011010": 1,
                "0011101111": 1,
                "1001111100": 1,
                "1111111011": 1,
                "0100000101": 1,
                "1101001101": 1,
                "0011011011": 1,
                "1110010101": 1,
                "1101110001": 1,
                "1001001010": 1,
                "0011010000": 1,
                "1010110111": 1,
                "1010001100": 1,
                "1011111001": 1,
                "0111011011": 1,
                "1010011100": 1,
                "0011000011": 1,
                "0100110001": 1,
                "1111100100": 1,
                "1100001011": 1,
                "0001110111": 1,
                "1111010011": 1,
                "0000101011": 1,
                "0010001111": 1,
                "1011110101": 1,
                "0100110100": 1,
                "0111101001": 2,
                "0000010010": 1,
                "1111110111": 1,
                "1011111101": 2,
                "0101000010": 1,
                "0010111101": 1,
                "1001010011": 1,
                "0100010001": 1,
                "0000111111": 1,
                "0101111010": 1,
                "0101100000": 1,
                "0110001000": 1,
                "1101101111": 1,
                "0111110001": 1,
                "1100010011": 1,
                "1100000110": 1,
                "0000001010": 1,
                "1000100010": 1,
                "1001100111": 1,
                "1110111001": 1,
                "1111101001": 1
            },
            false,
            1.0
        ]
    ]
}