{
    "n": 10,
    "m": 45,
    "results": [
        [
            [
                [
                    10,
                    8,
                    6
                ],
                [
                    -6,
                    9,
                    -2
                ],
                [
                    1,
                    -6,
                    2
                ],
                [
                    -5,
                    1,
                    -4
                ],
                [
                    9,
                    2,
                    6
                ],
                [
                    -2,
                    9,
                    -3
                ],
                [
                    -3,
                    9,
                    2
                ],
                [
                    5,
                    -10,
                    -7
                ],
                [
                    3,
                    -9,
                    -5
                ],
                [
                    -10,
                    5,
                    -3
                ],
                [
                    -3,
                    7,
                    9
                ],
                [
                    -6,
                    9,
                    -5
                ],
                [
                    1,
                    -9,
                    -7
                ],
                [
                    9,
                    4,
                    3
                ],
                [
                    5,
                    -2,
                    -4
                ],
                [
                    -9,
                    -10,
                    8
                ],
                [
                    2,
                    7,
                    9
                ],
                [
                    -8,
                    6,
                    2
                ],
                [
                    3,
                    -9,
                    -4
                ],
                [
                    -5,
                    10,
                    -7
                ],
                [
                    -2,
                    8,
                    -9
                ],
                [
                    -2,
                    -10,
                    -8
                ],
                [
                    -9,
                    -5,
                    -7
                ],
                [
                    -5,
                    3,
                    6
                ],
                [
                    4,
                    7,
                    1
                ],
                [
                    -10,
                    -8,
                    9
                ],
                [
                    5,
                    10,
                    6
                ],
                [
                    -1,
                    7,
                    9
                ],
                [
                    4,
                    -3,
                    7
                ],
                [
                    6,
                    7,
                    10
                ],
                [
                    1,
                    -5,
                    3
                ],
                [
                    -8,
                    2,
                    10
                ],
                [
                    6,
                    -2,
                    3
                ],
                [
                    -5,
                    7,
                    2
                ],
                [
                    -6,
                    2,
                    -5
                ],
                [
                    -6,
                    5,
                    3
                ],
                [
                    -3,
                    -5,
                    -7
                ],
                [
                    -7,
                    1,
                    8
                ],
                [
                    9,
                    4,
                    -8
                ],
                [
                    -7,
                    -9,
                    5
                ],
                [
                    5,
                    -10,
                    -6
                ],
                [
                    -6,
                    -5,
                    1
                ],
                [
                    -4,
                    -5,
                    -8
                ],
                [
                    1,
                    4,
                    -3
                ],
                [
                    2,
                    8,
                    -9
                ]
            ],
            "{   'fun': 1.0,\n    'jac': None,\n    'nfev': 200,\n    'nit': 100,\n    'njev': None,\n    'x': array([nan, nan])}",
            {
                "1100111010": 1,
                "1110111111": 1,
                "0100110001": 1,
                "0111011001": 1,
                "1110001011": 1,
                "0111101110": 1,
                "0010100010": 1,
                "0011000000": 1,
                "0110001110": 1,
                "1001111101": 1,
                "0001011111": 1,
                "0001010001": 1,
                "0010010100": 1,
                "1101011001": 1,
                "1000001101": 1,
                "0000000101": 1,
                "0001111000": 1,
                "0010000011": 1,
                "1100010000": 1,
                "1111101010": 1,
                "0010111000": 1,
                "1001101000": 1,
                "0111111001": 1,
                "0011000111": 1,
                "0110101011": 1,
                "0011100000": 1,
                "1101101110": 1,
                "0000100101": 1,
                "1101111000": 1,
                "0101001100": 1,
                "0010010101": 1,
                "1000010001": 1,
                "1101111111": 1,
                "0000011011": 1,
                "1100000111": 1,
                "1011111100": 1,
                "0101101010": 1,
                "1110100100": 1,
                "0110101110": 1,
                "1011000010": 1,
                "0101010010": 1,
                "0000110110": 1,
                "1111111111": 1,
                "0000100000": 1,
                "1101001010": 2,
                "0110100001": 1,
                "1000011010": 1,
                "0110111010": 1,
                "0110100011": 1,
                "0100111001": 1,
                "0111011100": 1,
                "0011100001": 1,
                "0101110111": 1,
                "0011110010": 1,
                "0010001110": 1,
                "1001011001": 1,
                "0011101100": 1,
                "0100000101": 1,
                "1101100000": 1,
                "1100010100": 1,
                "0101101101": 1,
                "0001100100": 1,
                "0001100000": 1,
                "1011101110": 1,
                "0000011101": 1,
                "0011001010": 1,
                "0110001001": 1,
                "0101011111": 1,
                "1011001111": 1,
                "1111101001": 1,
                "0100000000": 2,
                "1101111011": 1,
                "1110000000": 1,
                "1110011010": 1,
                "0001111010": 1,
                "0001000100": 1,
                "1111000001": 1,
                "1001110101": 1,
                "0101011100": 1,
                "1110111011": 1,
                "1111110011": 1,
                "1100011110": 1,
                "0001011101": 2,
                "0010001001": 1,
                "1101101011": 1,
                "0100111000": 1,
                "1011100100": 1,
                "1111001101": 1,
                "1011101000": 1,
                "1001011011": 1,
                "1000100000": 1,
                "1000011100": 1,
                "1011000101": 1,
                "0110011001": 1,
                "0000100100": 1,
                "1100011100": 1,
                "0100011110": 1
            },
            false,
            1.0
        ],
        [
            [
                [
                    -8,
                    -5,
                    4
                ],
                [
                    -1,
                    2,
                    6
                ],
                [
                    -3,
                    6,
                    10
                ],
                [
                    -2,
                    4,
                    10
                ],
                [
                    -2,
                    1,
                    7
                ],
                [
                    -7,
                    -6,
                    2
                ],
                [
                    2,
                    -9,
                    1
                ],
                [
                    6,
                    9,
                    -7
                ],
                [
                    9,
                    2,
                    -7
                ],
                [
                    -2,
                    -9,
                    -1
                ],
                [
                    8,
                    -9,
                    1
                ],
                [
                    -7,
                    3,
                    8
                ],
                [
                    -4,
                    -10,
                    -1
                ],
                [
                    -6,
                    -3,
                    1
                ],
                [
                    6,
                    9,
                    -5
                ],
                [
                    -7,
                    -3,
                    -6
                ],
                [
                    -8,
                    -10,
                    2
                ],
                [
                    3,
                    10,
                    -2
                ],
                [
                    -9,
                    6,
                    -7
                ],
                [
                    -10,
                    7,
                    8
                ],
                [
                    -6,
                    8,
                    4
                ],
                [
                    -6,
                    5,
                    10
                ],
                [
                    1,
                    9,
                    3
                ],
                [
                    4,
                    1,
                    -2
                ],
                [
                    -3,
                    -7,
                    5
                ],
                [
                    -8,
                    10,
                    -5
                ],
                [
                    -1,
                    3,
                    -5
                ],
                [
                    -1,
                    -6,
                    -4
                ],
                [
                    -9,
                    -3,
                    7
                ],
                [
                    6,
                    3,
                    4
                ],
                [
                    -9,
                    -8,
                    -3
                ],
                [
                    -3,
                    -10,
                    1
                ],
                [
                    -1,
                    2,
                    8
                ],
                [
                    -10,
                    -8,
                    9
                ],
                [
                    -5,
                    4,
                    -7
                ],
                [
                    -3,
                    -10,
                    7
                ],
                [
                    -4,
                    1,
                    -5
                ],
                [
                    5,
                    -9,
                    4
                ],
                [
                    -3,
                    -8,
                    -9
                ],
                [
                    -7,
                    -3,
                    -6
                ],
                [
                    3,
                    -7,
                    4
                ],
                [
                    6,
                    -8,
                    10
                ],
                [
                    8,
                    -3,
                    -6
                ],
                [
                    10,
                    5,
                    -4
                ],
                [
                    -5,
                    3,
                    9
                ]
            ],
            "{   'fun': 1.0,\n    'jac': None,\n    'nfev': 200,\n    'nit': 100,\n    'njev': None,\n    'x': array([-29.9415701 , -28.13670108])}",
            {
                "1100000000": 1,
                "0000010011": 1,
                "1001110101": 1,
                "1000111110": 1,
                "1100011011": 1,
                "0011000001": 1,
                "1001001011": 1,
                "0110110000": 1,
                "0001110100": 1,
                "0100001001": 1,
                "0101110100": 1,
                "1010010001": 1,
                "0111111010": 1,
                "0110010010": 1,
                "1110000000": 1,
                "0001111101": 2,
                "1100100010": 1,
                "1111100110": 1,
                "1000000111": 1,
                "0101010100": 1,
                "0101101001": 1,
                "1100101011": 1,
                "1010001110": 1,
                "0010110100": 1,
                "1111101010": 1,
                "0000111100": 1,
                "0011100000": 1,
                "1000001011": 2,
                "0111000011": 1,
                "1011101010": 1,
                "0111111111": 1,
                "0110000100": 1,
                "0011000011": 1,
                "0000011001": 2,
                "1110101000": 1,
                "1110001101": 1,
                "0111110011": 1,
                "0010111010": 1,
                "0100000001": 1,
                "1000011110": 1,
                "0001010101": 1,
                "1010111010": 1,
                "1001101000": 1,
                "0000111101": 2,
                "1011010000": 1,
                "0010100110": 1,
                "0101011110": 1,
                "1011100000": 1,
                "1000011000": 1,
                "0111011100": 1,
                "0111010111": 1,
                "1011111010": 1,
                "1100110110": 1,
                "1001101010": 1,
                "1101110111": 1,
                "1011101101": 2,
                "0010111110": 1,
                "1100101001": 1,
                "1100011010": 2,
                "1000011101": 1,
                "1101010011": 1,
                "0111011000": 1,
                "1110101111": 1,
                "0001000010": 1,
                "1011010111": 1,
                "0010110001": 1,
                "0001111001": 1,
                "0101010001": 1,
                "0011000110": 1,
                "1100110101": 1,
                "0001010110": 1,
                "0100010001": 1,
                "1100001110": 1,
                "1110100010": 1,
                "0100011110": 1,
                "0010111100": 1,
                "0110000000": 1,
                "0101011111": 1,
                "0011111010": 1,
                "1101001111": 1,
                "1010010010": 1,
                "1001110110": 1,
                "0111100101": 1,
                "0110010000": 1,
                "1101101111": 1,
                "0100010000": 1,
                "1111011100": 1,
                "1110100101": 1,
                "1011111000": 1,
                "1001110001": 1,
                "0101101000": 1,
                "0011011101": 1,
                "0111111110": 1,
                "0010001001": 1
            },
            false,
            0.98
        ],
        [
            [
                [
                    -9,
                    7,
                    10
                ],
                [
                    2,
                    1,
                    3
                ],
                [
                    -10,
                    -4,
                    -2
                ],
                [
                    -7,
                    10,
                    2
                ],
                [
                    -6,
                    4,
                    -10
                ],
                [
                    -6,
                    -9,
                    1
                ],
                [
                    5,
                    -3,
                    1
                ],
                [
                    4,
                    -5,
                    -7
                ],
                [
                    9,
                    -8,
                    4
                ],
                [
                    6,
                    1,
                    -10
                ],
                [
                    7,
                    9,
                    -10
                ],
                [
                    6,
                    -8,
                    2
                ],
                [
                    4,
                    6,
                    -1
                ],
                [
                    -1,
                    -9,
                    5
                ],
                [
                    4,
                    -7,
                    -8
                ],
                [
                    9,
                    2,
                    -6
                ],
                [
                    -6,
                    -4,
                    -10
                ],
                [
                    1,
                    -3,
                    -8
                ],
                [
                    5,
                    -3,
                    8
                ],
                [
                    5,
                    4,
                    -6
                ],
                [
                    -3,
                    6,
                    -5
                ],
                [
                    3,
                    2,
                    -7
                ],
                [
                    -2,
                    -10,
                    -5
                ],
                [
                    10,
                    7,
                    -1
                ],
                [
                    3,
                    9,
                    10
                ],
                [
                    3,
                    -1,
                    -5
                ],
                [
                    -4,
                    5,
                    -1
                ],
                [
                    -7,
                    -9,
                    -1
                ],
                [
                    6,
                    7,
                    -3
                ],
                [
                    -9,
                    7,
                    -3
                ],
                [
                    1,
                    7,
                    -2
                ],
                [
                    9,
                    7,
                    2
                ],
                [
                    10,
                    8,
                    5
                ],
                [
                    -3,
                    -7,
                    10
                ],
                [
                    5,
                    -6,
                    -7
                ],
                [
                    -2,
                    3,
                    7
                ],
                [
                    9,
                    -7,
                    10
                ],
                [
                    -8,
                    7,
                    1
                ],
                [
                    2,
                    6,
                    1
                ],
                [
                    -5,
                    4,
                    -6
                ],
                [
                    -6,
                    7,
                    9
                ],
                [
                    3,
                    10,
                    7
                ],
                [
                    -2,
                    -7,
                    -3
                ],
                [
                    -3,
                    7,
                    5
                ],
                [
                    -5,
                    1,
                    9
                ]
            ],
            "{   'fun': 1.0,\n    'jac': None,\n    'nfev': 200,\n    'nit': 100,\n    'njev': None,\n    'x': array([3.24038042, 3.16980607])}",
            {
                "1111010001": 1,
                "1111100111": 1,
                "1110100111": 1,
                "1101110110": 1,
                "1100000000": 1,
                "1000011101": 1,
                "1011101100": 1,
                "0100010011": 1,
                "1000111001": 1,
                "1010100011": 1,
                "0001101100": 1,
                "0001010111": 1,
                "0111010010": 2,
                "0000101000": 1,
                "1000000000": 1,
                "0000100100": 1,
                "0010010100": 1,
                "1110100011": 1,
                "0111011011": 2,
                "1000111111": 1,
                "0101101101": 1,
                "1001000101": 1,
                "1100000101": 1,
                "1111111101": 1,
                "1100100110": 1,
                "0101011010": 1,
                "1000001110": 1,
                "0011101010": 1,
                "1110111110": 1,
                "1000111100": 1,
                "1100001000": 1,
                "1001100100": 1,
                "0101010010": 1,
                "0100110110": 1,
                "0001000011": 1,
                "0100100110": 1,
                "1101010110": 1,
                "1100111110": 1,
                "1111101011": 1,
                "0011101000": 1,
                "0000111111": 1,
                "0111101000": 1,
                "0101110100": 1,
                "1011011101": 1,
                "0010111001": 1,
                "1110100101": 1,
                "1010111001": 1,
                "1111001000": 1,
                "0111000000": 1,
                "1101110000": 1,
                "1111111110": 1,
                "1111110011": 1,
                "1010101110": 1,
                "0101001011": 2,
                "1101000100": 1,
                "0111001011": 1,
                "0010110110": 1,
                "0001110111": 1,
                "0100011000": 1,
                "0110010010": 1,
                "1110011111": 1,
                "1111101001": 1,
                "0111100110": 1,
                "1100100011": 1,
                "1110000000": 1,
                "1010011111": 1,
                "0011111101": 1,
                "0001111101": 1,
                "0101001101": 2,
                "0101101001": 1,
                "1011100101": 1,
                "0001001100": 1,
                "0110010001": 1,
                "1110101011": 1,
                "1111100001": 1,
                "1110111111": 1,
                "1000110001": 2,
                "0111100011": 1,
                "0101100111": 1,
                "0101011111": 1,
                "1111010000": 1,
                "1000110100": 2,
                "0011111100": 1,
                "0110101100": 1,
                "0001001010": 1,
                "0011001010": 1,
                "1010101011": 1,
                "1001011100": 1,
                "0101011000": 1,
                "1010101010": 1,
                "1110111010": 1,
                "0111001110": 1,
                "1010011101": 1,
                "0011011110": 1
            },
            false,
            0.95
        ],
        [
            [
                [
                    -9,
                    -4,
                    1
                ],
                [
                    1,
                    -2,
                    -10
                ],
                [
                    -4,
                    -6,
                    10
                ],
                [
                    9,
                    -1,
                    2
                ],
                [
                    -10,
                    2,
                    -4
                ],
                [
                    -3,
                    6,
                    1
                ],
                [
                    4,
                    -1,
                    -8
                ],
                [
                    -4,
                    -3,
                    -10
                ],
                [
                    -7,
                    -2,
                    -1
                ],
                [
                    2,
                    -7,
                    6
                ],
                [
                    3,
                    -5,
                    -9
                ],
                [
                    -2,
                    -7,
                    9
                ],
                [
                    -3,
                    -4,
                    10
                ],
                [
                    1,
                    -8,
                    -10
                ],
                [
                    7,
                    -6,
                    8
                ],
                [
                    -6,
                    7,
                    9
                ],
                [
                    -9,
                    -10,
                    5
                ],
                [
                    -6,
                    3,
                    -10
                ],
                [
                    5,
                    -7,
                    -10
                ],
                [
                    8,
                    2,
                    -10
                ],
                [
                    -10,
                    -9,
                    2
                ],
                [
                    2,
                    -6,
                    1
                ],
                [
                    3,
                    -7,
                    -5
                ],
                [
                    10,
                    -4,
                    -1
                ],
                [
                    4,
                    8,
                    5
                ],
                [
                    7,
                    -8,
                    -9
                ],
                [
                    -7,
                    -8,
                    -5
                ],
                [
                    -3,
                    7,
                    -5
                ],
                [
                    4,
                    -5,
                    -6
                ],
                [
                    -1,
                    9,
                    -10
                ],
                [
                    2,
                    10,
                    -9
                ],
                [
                    1,
                    5,
                    -8
                ],
                [
                    -3,
                    -8,
                    -7
                ],
                [
                    4,
                    9,
                    -1
                ],
                [
                    -1,
                    -10,
                    -6
                ],
                [
                    10,
                    9,
                    -7
                ],
                [
                    1,
                    -7,
                    3
                ],
                [
                    7,
                    9,
                    -1
                ],
                [
                    7,
                    -10,
                    5
                ],
                [
                    -10,
                    -4,
                    -2
                ],
                [
                    -6,
                    4,
                    -1
                ],
                [
                    -8,
                    -7,
                    -4
                ],
                [
                    8,
                    -4,
                    -9
                ],
                [
                    -10,
                    1,
                    -9
                ],
                [
                    -1,
                    -10,
                    -4
                ]
            ],
            "{   'fun': 0.97,\n    'jac': None,\n    'nfev': 200,\n    'nit': 100,\n    'njev': None,\n    'x': array([-0.20590329,  5.9180013 ])}",
            {
                "0001000110": 1,
                "0010001101": 1,
                "0101010000": 1,
                "0111101110": 1,
                "1010011010": 1,
                "1010101011": 1,
                "0111001110": 1,
                "1010101001": 1,
                "1101010001": 1,
                "0011101011": 1,
                "0000011000": 1,
                "1110111011": 1,
                "0000010000": 1,
                "1010101101": 1,
                "1001000100": 1,
                "0011010000": 1,
                "0110110110": 1,
                "1111110001": 1,
                "1011101101": 1,
                "1010010111": 1,
                "1010001111": 1,
                "1111111111": 1,
                "1011011101": 2,
                "0110111110": 1,
                "1110010110": 1,
                "1101011000": 1,
                "0000110101": 1,
                "0000001111": 1,
                "1111101101": 1,
                "0111001011": 1,
                "1101000011": 1,
                "1010011001": 1,
                "1101101101": 1,
                "0000110111": 1,
                "0110011111": 1,
                "1111001111": 1,
                "0111111001": 1,
                "1100110011": 1,
                "0100001101": 1,
                "0101101110": 1,
                "1001110010": 1,
                "1111000010": 1,
                "0000011010": 1,
                "0001001000": 1,
                "0100000001": 1,
                "0010010010": 1,
                "0000001100": 1,
                "1011000110": 1,
                "0110011000": 1,
                "1101101011": 1,
                "1110001011": 1,
                "0011010010": 1,
                "0110001100": 1,
                "1000000001": 1,
                "0011000101": 1,
                "1110110000": 1,
                "1001101001": 1,
                "1011100101": 1,
                "0000010010": 1,
                "0100010010": 1,
                "1010001101": 1,
                "1100110000": 1,
                "0010110010": 2,
                "1111100100": 1,
                "1100001011": 1,
                "0010011000": 2,
                "1100100111": 1,
                "1100001111": 1,
                "1011100000": 1,
                "1000011010": 1,
                "1110110011": 1,
                "1001001001": 1,
                "0011010011": 1,
                "1101011100": 1,
                "1111010011": 1,
                "1011101000": 1,
                "0110110001": 1,
                "1001010110": 1,
                "1100000001": 1,
                "0101100110": 1,
                "1001111101": 1,
                "0011101001": 1,
                "1011100001": 1,
                "1000110010": 1,
                "0001101001": 1,
                "1101000010": 1,
                "1010011000": 2,
                "0110111001": 1,
                "0011001011": 1,
                "0000000100": 1,
                "1011111011": 1,
                "0100111101": 1,
                "0010011010": 1,
                "1111000110": 1,
                "1100001110": 1,
                "1100111100": 1
            },
            true,
            0.9
        ],
        [
            [
                [
                    -9,
                    2,
                    4
                ],
                [
                    -2,
                    -10,
                    5
                ],
                [
                    7,
                    -5,
                    -10
                ],
                [
                    -2,
                    -7,
                    -6
                ],
                [
                    8,
                    -9,
                    7
                ],
                [
                    6,
                    10,
                    -9
                ],
                [
                    -8,
                    3,
                    -5
                ],
                [
                    -7,
                    -8,
                    -5
                ],
                [
                    -6,
                    5,
                    -7
                ],
                [
                    3,
                    6,
                    -7
                ],
                [
                    -5,
                    6,
                    9
                ],
                [
                    2,
                    -7,
                    1
                ],
                [
                    -5,
                    -2,
                    -3
                ],
                [
                    9,
                    -4,
                    10
                ],
                [
                    5,
                    -3,
                    10
                ],
                [
                    -6,
                    -4,
                    -8
                ],
                [
                    -3,
                    4,
                    1
                ],
                [
                    6,
                    -4,
                    -1
                ],
                [
                    -4,
                    -3,
                    -9
                ],
                [
                    3,
                    9,
                    10
                ],
                [
                    -7,
                    10,
                    9
                ],
                [
                    -3,
                    7,
                    10
                ],
                [
                    -4,
                    -5,
                    -6
                ],
                [
                    2,
                    -4,
                    -7
                ],
                [
                    -10,
                    2,
                    -6
                ],
                [
                    6,
                    -2,
                    3
                ],
                [
                    -10,
                    -1,
                    -6
                ],
                [
                    -9,
                    8,
                    2
                ],
                [
                    -3,
                    9,
                    -7
                ],
                [
                    6,
                    8,
                    -5
                ],
                [
                    7,
                    4,
                    9
                ],
                [
                    -8,
                    1,
                    -3
                ],
                [
                    -5,
                    -1,
                    -10
                ],
                [
                    -9,
                    -8,
                    -5
                ],
                [
                    7,
                    -9,
                    -10
                ],
                [
                    -2,
                    -5,
                    -6
                ],
                [
                    -7,
                    -2,
                    -9
                ],
                [
                    6,
                    -10,
                    -2
                ],
                [
                    4,
                    1,
                    8
                ],
                [
                    2,
                    9,
                    -6
                ],
                [
                    5,
                    -1,
                    -3
                ],
                [
                    -1,
                    10,
                    -5
                ],
                [
                    -4,
                    -5,
                    3
                ],
                [
                    -6,
                    7,
                    1
                ],
                [
                    9,
                    -2,
                    6
                ]
            ],
            "{   'fun': 0.98,\n    'jac': None,\n    'nfev': 200,\n    'nit': 100,\n    'njev': None,\n    'x': array([1.92804326, 0.90557025])}",
            {
                "1000110100": 1,
                "1110111010": 1,
                "0111011011": 1,
                "0000000101": 1,
                "0000010000": 1,
                "0111110101": 1,
                "0101101000": 1,
                "1100000101": 1,
                "1000010011": 1,
                "0001000011": 1,
                "1111010110": 1,
                "1110100110": 1,
                "0000100100": 1,
                "1100111100": 1,
                "1000011000": 1,
                "1110110010": 2,
                "0111010101": 1,
                "0100101001": 1,
                "0111010011": 1,
                "0110011101": 1,
                "0101110001": 1,
                "1111010001": 1,
                "1011101011": 1,
                "0110001101": 1,
                "0110000000": 1,
                "0000111010": 1,
                "1010110100": 1,
                "0001111111": 1,
                "1111111010": 1,
                "0101111100": 1,
                "1101111100": 1,
                "0011010101": 1,
                "1111011011": 1,
                "1000100010": 1,
                "1011111011": 1,
                "1110000011": 1,
                "0010010100": 1,
                "0001101000": 1,
                "0101010101": 1,
                "1111101100": 1,
                "1000000000": 1,
                "1101100110": 1,
                "0100110011": 1,
                "0101011001": 1,
                "1100010000": 1,
                "1001001111": 1,
                "1100011011": 2,
                "1011000100": 1,
                "0011010010": 1,
                "1011001110": 1,
                "0010110111": 1,
                "0010111001": 1,
                "0011000000": 1,
                "1001011101": 1,
                "1101101111": 1,
                "0110111101": 1,
                "0001011111": 1,
                "0010000001": 1,
                "0111010110": 1,
                "0110101000": 1,
                "1110111000": 1,
                "0011011110": 2,
                "0111011110": 1,
                "0010110000": 1,
                "0001110011": 1,
                "0100110110": 1,
                "0101101010": 1,
                "0010000101": 1,
                "0011101011": 1,
                "0110110010": 1,
                "1111101110": 1,
                "1001110110": 1,
                "0101011111": 1,
                "1010100000": 1,
                "0110111110": 1,
                "0101110010": 1,
                "0001011100": 1,
                "0011000011": 1,
                "0000100011": 1,
                "1111110001": 1,
                "1001101010": 1,
                "1000100111": 1,
                "0000011010": 1,
                "0111011010": 1,
                "0011110001": 1,
                "0101111011": 1,
                "0010110110": 2,
                "1101100010": 1,
                "0110100011": 1,
                "1000011011": 1,
                "0010100000": 1,
                "1000100001": 1,
                "1011011010": 1,
                "1110011001": 1,
                "1001001100": 1,
                "1010010100": 1
            },
            true,
            0.94
        ]
    ]
}