{
    "n": 10,
    "m": 45,
    "results": [
        [
            [
                [
                    5,
                    -7,
                    2
                ],
                [
                    6,
                    -5,
                    -10
                ],
                [
                    -8,
                    10,
                    5
                ],
                [
                    2,
                    -1,
                    10
                ],
                [
                    2,
                    10,
                    3
                ],
                [
                    4,
                    10,
                    -3
                ],
                [
                    -2,
                    3,
                    1
                ],
                [
                    -8,
                    -1,
                    -3
                ],
                [
                    7,
                    -10,
                    4
                ],
                [
                    6,
                    9,
                    -7
                ],
                [
                    -2,
                    -6,
                    -10
                ],
                [
                    -7,
                    -1,
                    6
                ],
                [
                    -8,
                    4,
                    -1
                ],
                [
                    3,
                    8,
                    5
                ],
                [
                    -7,
                    3,
                    -1
                ],
                [
                    10,
                    -6,
                    -1
                ],
                [
                    4,
                    5,
                    -3
                ],
                [
                    -2,
                    -3,
                    -7
                ],
                [
                    -2,
                    -10,
                    3
                ],
                [
                    8,
                    3,
                    -1
                ],
                [
                    -1,
                    -8,
                    5
                ],
                [
                    -2,
                    -1,
                    4
                ],
                [
                    2,
                    1,
                    -8
                ],
                [
                    5,
                    4,
                    -10
                ],
                [
                    5,
                    3,
                    10
                ],
                [
                    -7,
                    -1,
                    -5
                ],
                [
                    -2,
                    9,
                    -4
                ],
                [
                    -6,
                    2,
                    -1
                ],
                [
                    10,
                    3,
                    -7
                ],
                [
                    9,
                    -10,
                    -2
                ],
                [
                    8,
                    6,
                    9
                ],
                [
                    10,
                    7,
                    -4
                ],
                [
                    4,
                    10,
                    7
                ],
                [
                    9,
                    -1,
                    -4
                ],
                [
                    6,
                    -2,
                    -5
                ],
                [
                    -4,
                    8,
                    -5
                ],
                [
                    4,
                    6,
                    -8
                ],
                [
                    -2,
                    7,
                    10
                ],
                [
                    -3,
                    -5,
                    6
                ],
                [
                    9,
                    7,
                    1
                ],
                [
                    8,
                    -4,
                    -5
                ],
                [
                    3,
                    9,
                    1
                ],
                [
                    -1,
                    9,
                    -7
                ],
                [
                    -8,
                    -7,
                    2
                ],
                [
                    1,
                    -3,
                    -7
                ]
            ],
            "{   'fun': 0.96,\n    'jac': None,\n    'nfev': 200,\n    'nit': 100,\n    'njev': None,\n    'x': array([ 5.58655769, -2.70114623])}",
            {
                "1100001011": 1,
                "1100101100": 1,
                "0001111000": 1,
                "0000000010": 1,
                "0010101001": 1,
                "1100010010": 1,
                "1000001111": 1,
                "0000010000": 1,
                "1010001010": 1,
                "0000101001": 1,
                "0011001101": 1,
                "0101010110": 1,
                "0100100110": 1,
                "1001001000": 1,
                "1110010010": 1,
                "1111100101": 1,
                "0110111011": 1,
                "1010111101": 1,
                "0011111110": 1,
                "1110100111": 1,
                "0101000110": 1,
                "1011110010": 1,
                "1001111001": 1,
                "1011011000": 1,
                "0101000111": 1,
                "1001110010": 1,
                "1011101001": 1,
                "0101100110": 1,
                "1101100111": 3,
                "1101010000": 1,
                "1011010001": 1,
                "1000100001": 1,
                "0110011010": 1,
                "0010101010": 1,
                "0110000110": 2,
                "1000000010": 1,
                "1100000110": 1,
                "0100010011": 1,
                "0011000011": 1,
                "0010101101": 1,
                "1000011100": 1,
                "0001001011": 1,
                "1010100000": 1,
                "1110001110": 1,
                "0010000111": 1,
                "1111110010": 1,
                "1110000011": 1,
                "1111010011": 2,
                "0010110110": 1,
                "0100111001": 1,
                "1100001101": 1,
                "1010101001": 1,
                "1101101111": 1,
                "1001000101": 1,
                "1110110101": 1,
                "1001000111": 1,
                "0010110100": 1,
                "0110100000": 1,
                "1001011100": 1,
                "0110110110": 1,
                "0011100001": 1,
                "1010000101": 1,
                "0101110110": 1,
                "1001010111": 1,
                "1011100000": 1,
                "0000110000": 1,
                "0101011101": 1,
                "0001010111": 1,
                "0101010011": 1,
                "1010000001": 1,
                "1010011101": 2,
                "0110011110": 2,
                "1010101110": 1,
                "1100011110": 1,
                "0110000100": 1,
                "0011110101": 1,
                "1101010110": 1,
                "1110011010": 2,
                "1000111100": 1,
                "0010000011": 1,
                "1000011111": 1,
                "0110010011": 1,
                "0010001011": 1,
                "0010010011": 1,
                "0000000100": 1,
                "0000011011": 1,
                "1000110101": 1,
                "1001101100": 1,
                "1011101111": 1,
                "0101010000": 1,
                "0100100010": 1,
                "1000110011": 1,
                "1101101100": 1
            },
            true,
            0.9
        ],
        [
            [
                [
                    -10,
                    -8,
                    -6
                ],
                [
                    6,
                    -1,
                    8
                ],
                [
                    9,
                    2,
                    1
                ],
                [
                    2,
                    7,
                    -3
                ],
                [
                    -8,
                    -7,
                    -6
                ],
                [
                    -1,
                    5,
                    -2
                ],
                [
                    8,
                    -7,
                    2
                ],
                [
                    10,
                    -8,
                    -2
                ],
                [
                    -8,
                    4,
                    -5
                ],
                [
                    5,
                    8,
                    10
                ],
                [
                    -1,
                    -7,
                    5
                ],
                [
                    -6,
                    -4,
                    -7
                ],
                [
                    -4,
                    -7,
                    5
                ],
                [
                    -3,
                    5,
                    -10
                ],
                [
                    -7,
                    -4,
                    8
                ],
                [
                    4,
                    2,
                    3
                ],
                [
                    -4,
                    -7,
                    8
                ],
                [
                    8,
                    5,
                    2
                ],
                [
                    -1,
                    3,
                    -7
                ],
                [
                    8,
                    -4,
                    -2
                ],
                [
                    2,
                    9,
                    -5
                ],
                [
                    7,
                    9,
                    -2
                ],
                [
                    -3,
                    -5,
                    -9
                ],
                [
                    -10,
                    4,
                    8
                ],
                [
                    -10,
                    5,
                    -6
                ],
                [
                    -5,
                    3,
                    7
                ],
                [
                    -5,
                    7,
                    4
                ],
                [
                    1,
                    4,
                    -6
                ],
                [
                    6,
                    -10,
                    3
                ],
                [
                    2,
                    9,
                    -10
                ],
                [
                    -1,
                    4,
                    10
                ],
                [
                    -2,
                    -8,
                    -4
                ],
                [
                    1,
                    9,
                    8
                ],
                [
                    7,
                    -10,
                    -9
                ],
                [
                    -4,
                    -7,
                    6
                ],
                [
                    -10,
                    -7,
                    4
                ],
                [
                    3,
                    -6,
                    -10
                ],
                [
                    -2,
                    7,
                    -10
                ],
                [
                    1,
                    6,
                    -2
                ],
                [
                    6,
                    10,
                    7
                ],
                [
                    -6,
                    4,
                    -1
                ],
                [
                    -9,
                    7,
                    8
                ],
                [
                    5,
                    1,
                    -3
                ],
                [
                    -8,
                    -2,
                    -7
                ],
                [
                    -10,
                    9,
                    4
                ]
            ],
            "{   'fun': 1.0,\n    'jac': None,\n    'nfev': 200,\n    'nit': 100,\n    'njev': None,\n    'x': array([-2.61770386,  1.19471335])}",
            {
                "1100111010": 1,
                "1100100011": 1,
                "1001000000": 1,
                "0100101111": 1,
                "0010001001": 1,
                "1011100100": 1,
                "1000010010": 1,
                "0000101000": 1,
                "0110000010": 1,
                "0001101101": 1,
                "0100110111": 1,
                "0000111100": 1,
                "0000010011": 1,
                "0001011011": 1,
                "0100011111": 1,
                "0110011010": 1,
                "0001010010": 1,
                "1001110110": 1,
                "0011000111": 1,
                "1000110101": 1,
                "1101101100": 1,
                "0111001001": 1,
                "1001011100": 1,
                "0000000100": 1,
                "0000100101": 1,
                "0001001100": 1,
                "0010000011": 1,
                "1011001001": 1,
                "0111111000": 1,
                "0111110011": 1,
                "1100010100": 1,
                "1000100110": 1,
                "1000111000": 1,
                "1110000010": 1,
                "0111001100": 1,
                "1001010000": 1,
                "1110101001": 1,
                "0001101111": 1,
                "1111000001": 1,
                "1100110101": 1,
                "1001010001": 1,
                "1111000011": 1,
                "0100010001": 2,
                "1100101010": 1,
                "1000000111": 1,
                "1110011001": 1,
                "0001100111": 1,
                "0000011010": 1,
                "0101011101": 1,
                "0100110101": 1,
                "1110110011": 1,
                "0110111100": 1,
                "0001000111": 1,
                "1100011110": 1,
                "0111110001": 1,
                "1101100001": 1,
                "0001011000": 1,
                "1001100011": 1,
                "1111101111": 1,
                "1110110101": 1,
                "1010110110": 1,
                "0011011110": 1,
                "1010110101": 1,
                "1101000000": 1,
                "0100100100": 1,
                "1001101010": 1,
                "1101110111": 1,
                "1011101111": 1,
                "0010010001": 1,
                "1000001100": 1,
                "0110110001": 1,
                "1100111000": 1,
                "0110000101": 1,
                "1011010110": 1,
                "1001111011": 1,
                "0011010000": 1,
                "1000100101": 1,
                "1101000101": 1,
                "0110101011": 1,
                "1101000010": 1,
                "0000101110": 1,
                "1111000101": 1,
                "0000001100": 1,
                "1011110101": 1,
                "1010001000": 1,
                "1010000100": 1,
                "0101100010": 1,
                "1100110011": 1,
                "1011000000": 1,
                "1100010001": 1,
                "1001101001": 1,
                "0010011101": 1,
                "1011100000": 1,
                "0100000110": 1,
                "1101110011": 1,
                "1101010001": 1,
                "1010100011": 1,
                "0011101011": 1,
                "0101000111": 1
            },
            false,
            0.96
        ],
        [
            [
                [
                    -3,
                    -4,
                    6
                ],
                [
                    -4,
                    -3,
                    -9
                ],
                [
                    -3,
                    4,
                    -1
                ],
                [
                    -3,
                    -9,
                    6
                ],
                [
                    -10,
                    4,
                    9
                ],
                [
                    7,
                    2,
                    -4
                ],
                [
                    10,
                    6,
                    1
                ],
                [
                    -10,
                    4,
                    -9
                ],
                [
                    -1,
                    4,
                    -3
                ],
                [
                    -10,
                    9,
                    -4
                ],
                [
                    -3,
                    9,
                    8
                ],
                [
                    -1,
                    9,
                    -10
                ],
                [
                    -8,
                    -1,
                    10
                ],
                [
                    4,
                    7,
                    3
                ],
                [
                    -1,
                    -8,
                    -7
                ],
                [
                    5,
                    7,
                    2
                ],
                [
                    2,
                    5,
                    1
                ],
                [
                    -2,
                    9,
                    6
                ],
                [
                    5,
                    -7,
                    -4
                ],
                [
                    -3,
                    7,
                    -8
                ],
                [
                    5,
                    6,
                    -2
                ],
                [
                    -7,
                    6,
                    -5
                ],
                [
                    -4,
                    6,
                    -7
                ],
                [
                    8,
                    -7,
                    -3
                ],
                [
                    -3,
                    10,
                    -2
                ],
                [
                    10,
                    2,
                    -6
                ],
                [
                    5,
                    1,
                    9
                ],
                [
                    8,
                    7,
                    1
                ],
                [
                    9,
                    8,
                    10
                ],
                [
                    -7,
                    2,
                    -5
                ],
                [
                    -1,
                    -4,
                    3
                ],
                [
                    6,
                    -2,
                    9
                ],
                [
                    7,
                    -6,
                    -1
                ],
                [
                    -7,
                    -6,
                    -3
                ],
                [
                    -7,
                    -4,
                    -1
                ],
                [
                    9,
                    5,
                    1
                ],
                [
                    -2,
                    8,
                    7
                ],
                [
                    -6,
                    3,
                    -7
                ],
                [
                    -2,
                    9,
                    -4
                ],
                [
                    7,
                    4,
                    8
                ],
                [
                    4,
                    -7,
                    5
                ],
                [
                    -2,
                    3,
                    -10
                ],
                [
                    10,
                    -6,
                    -8
                ],
                [
                    -2,
                    9,
                    5
                ],
                [
                    9,
                    -7,
                    -4
                ]
            ],
            "{   'fun': 1.0,\n    'jac': None,\n    'nfev': 200,\n    'nit': 100,\n    'njev': None,\n    'x': array([nan, nan])}",
            {
                "0111011001": 1,
                "0000100001": 1,
                "1010101001": 1,
                "1000110000": 1,
                "1101001110": 1,
                "0011011100": 1,
                "1100001101": 1,
                "1100100000": 1,
                "0110101100": 1,
                "1101001100": 1,
                "0100101101": 1,
                "0011111001": 1,
                "0010001010": 1,
                "0011001011": 1,
                "1110000110": 1,
                "0011111101": 1,
                "1101111011": 1,
                "1011010000": 1,
                "1001110111": 1,
                "0010011000": 1,
                "1110100001": 1,
                "0011010111": 1,
                "1000100110": 1,
                "0010001001": 1,
                "0011101000": 1,
                "0001001011": 1,
                "1100100111": 1,
                "1011100111": 1,
                "0011101001": 1,
                "1100001000": 1,
                "1010110111": 2,
                "0000101010": 1,
                "1010001011": 1,
                "1110111011": 1,
                "1001010100": 1,
                "1001001100": 1,
                "0100000101": 1,
                "1001000010": 1,
                "1000101010": 1,
                "1100100100": 1,
                "0011001010": 1,
                "0111000101": 1,
                "1110010100": 1,
                "1111001000": 1,
                "1111101000": 1,
                "0010001101": 1,
                "1010100111": 1,
                "1110101110": 2,
                "1010100001": 1,
                "0010110110": 1,
                "0000001000": 1,
                "1111111110": 1,
                "1010101110": 1,
                "0001111000": 1,
                "1000001101": 1,
                "0101110010": 1,
                "0100010110": 1,
                "0010111011": 1,
                "0111011010": 1,
                "0110111000": 1,
                "0000010010": 1,
                "1100001110": 1,
                "0010100001": 1,
                "1000110010": 1,
                "1010001110": 1,
                "1011011000": 1,
                "1010010011": 1,
                "0101011110": 1,
                "0000111011": 1,
                "1011100010": 1,
                "1101001111": 1,
                "1001011001": 1,
                "0000101111": 1,
                "1011110111": 1,
                "1011001101": 1,
                "1100010000": 1,
                "1011010111": 1,
                "1011001000": 1,
                "1001000000": 1,
                "0001101101": 1,
                "0110000010": 1,
                "0111101000": 1,
                "0100101110": 1,
                "0011101100": 1,
                "0000001110": 1,
                "1010010001": 1,
                "0011111010": 1,
                "0100101011": 1,
                "0111010011": 1,
                "1001101011": 1,
                "1000000000": 1,
                "1110100110": 1,
                "0001001010": 1,
                "0110110111": 1,
                "0100001111": 1,
                "0001010101": 1,
                "0001101000": 1,
                "0110010001": 1
            },
            false,
            1.0
        ],
        [
            [
                [
                    -2,
                    9,
                    -4
                ],
                [
                    2,
                    -3,
                    -6
                ],
                [
                    7,
                    2,
                    1
                ],
                [
                    -8,
                    9,
                    2
                ],
                [
                    -7,
                    -6,
                    8
                ],
                [
                    1,
                    4,
                    3
                ],
                [
                    -10,
                    -8,
                    7
                ],
                [
                    1,
                    4,
                    10
                ],
                [
                    1,
                    9,
                    -7
                ],
                [
                    -3,
                    9,
                    10
                ],
                [
                    -7,
                    -10,
                    3
                ],
                [
                    -10,
                    -2,
                    -5
                ],
                [
                    3,
                    -8,
                    -2
                ],
                [
                    1,
                    2,
                    9
                ],
                [
                    -2,
                    -10,
                    -7
                ],
                [
                    -5,
                    3,
                    -4
                ],
                [
                    -10,
                    7,
                    2
                ],
                [
                    5,
                    -7,
                    8
                ],
                [
                    3,
                    9,
                    -5
                ],
                [
                    9,
                    6,
                    -1
                ],
                [
                    4,
                    -8,
                    -3
                ],
                [
                    -10,
                    8,
                    6
                ],
                [
                    6,
                    -7,
                    -10
                ],
                [
                    -2,
                    3,
                    7
                ],
                [
                    -10,
                    1,
                    6
                ],
                [
                    8,
                    -6,
                    -9
                ],
                [
                    2,
                    4,
                    -10
                ],
                [
                    4,
                    -10,
                    8
                ],
                [
                    10,
                    -6,
                    9
                ],
                [
                    1,
                    -3,
                    -7
                ],
                [
                    -6,
                    -1,
                    3
                ],
                [
                    10,
                    4,
                    -6
                ],
                [
                    -3,
                    10,
                    2
                ],
                [
                    7,
                    -4,
                    -10
                ],
                [
                    -6,
                    -1,
                    -5
                ],
                [
                    4,
                    8,
                    -2
                ],
                [
                    7,
                    9,
                    5
                ],
                [
                    8,
                    5,
                    4
                ],
                [
                    -7,
                    -4,
                    6
                ],
                [
                    2,
                    3,
                    7
                ],
                [
                    3,
                    4,
                    1
                ],
                [
                    -7,
                    -4,
                    -1
                ],
                [
                    10,
                    -1,
                    -8
                ],
                [
                    -2,
                    -8,
                    4
                ],
                [
                    -2,
                    -7,
                    9
                ]
            ],
            "{   'fun': 0.97,\n    'jac': None,\n    'nfev': 200,\n    'nit': 100,\n    'njev': None,\n    'x': array([3.89469493, 8.39587969])}",
            {
                "0101011100": 1,
                "0100001110": 1,
                "1000010100": 1,
                "1000101100": 1,
                "1110001011": 1,
                "0010100100": 1,
                "1110100001": 1,
                "0010011000": 1,
                "0110010010": 1,
                "0010010001": 1,
                "1110000011": 1,
                "0101111001": 1,
                "0100011110": 1,
                "0111101000": 1,
                "0011110011": 1,
                "0011011100": 1,
                "1000010111": 1,
                "0101100000": 1,
                "1101001100": 1,
                "0100001111": 1,
                "1100010001": 1,
                "0100100000": 2,
                "1110001000": 1,
                "1001110110": 1,
                "1101001111": 1,
                "0101100001": 1,
                "1001100110": 1,
                "0011111001": 2,
                "1110010011": 1,
                "1000100100": 2,
                "0110000001": 1,
                "0010100111": 1,
                "0111110011": 1,
                "1011000011": 1,
                "1010001010": 1,
                "0000001010": 1,
                "0111010111": 1,
                "1001010011": 1,
                "1001101110": 1,
                "1110111001": 1,
                "0110001110": 1,
                "1001010101": 1,
                "0000010011": 1,
                "1101011000": 1,
                "1000000011": 1,
                "0000011001": 1,
                "0011000010": 1,
                "1000001010": 2,
                "1110110001": 1,
                "1011101001": 1,
                "0010110011": 1,
                "1111000001": 1,
                "1011101111": 1,
                "0011110100": 1,
                "1100000100": 1,
                "0101001010": 1,
                "1111010010": 1,
                "1111001001": 1,
                "1100101010": 1,
                "1000101011": 1,
                "1111000000": 1,
                "1110001101": 1,
                "0110101110": 1,
                "0111110010": 1,
                "1011001000": 1,
                "1100011000": 1,
                "0100110111": 1,
                "1100000111": 1,
                "0101111111": 1,
                "1000001100": 1,
                "1101010001": 1,
                "0100110001": 1,
                "1001001000": 1,
                "1001110001": 1,
                "0001101011": 1,
                "1011011101": 1,
                "0001110100": 1,
                "1110010101": 1,
                "0100011111": 1,
                "1100001111": 1,
                "0110011010": 1,
                "1110011100": 1,
                "1110101000": 1,
                "0110011110": 1,
                "1111011001": 1,
                "0000011101": 1,
                "1111000010": 1,
                "0000011010": 1,
                "0000001011": 1,
                "0100100001": 1,
                "0000011111": 1,
                "0010000111": 1,
                "0111011001": 1,
                "0111001111": 1,
                "0111000101": 1,
                "0010010110": 1
            },
            true,
            0.9
        ],
        [
            [
                [
                    7,
                    -3,
                    -1
                ],
                [
                    2,
                    -6,
                    -10
                ],
                [
                    2,
                    -8,
                    5
                ],
                [
                    7,
                    -5,
                    -8
                ],
                [
                    2,
                    8,
                    -3
                ],
                [
                    3,
                    1,
                    -5
                ],
                [
                    -10,
                    9,
                    -4
                ],
                [
                    1,
                    -9,
                    -2
                ],
                [
                    -4,
                    9,
                    -1
                ],
                [
                    6,
                    -7,
                    5
                ],
                [
                    2,
                    7,
                    6
                ],
                [
                    7,
                    4,
                    -1
                ],
                [
                    9,
                    -10,
                    3
                ],
                [
                    -5,
                    7,
                    2
                ],
                [
                    -2,
                    -6,
                    3
                ],
                [
                    -2,
                    -7,
                    -4
                ],
                [
                    9,
                    7,
                    -2
                ],
                [
                    -7,
                    -9,
                    -6
                ],
                [
                    -6,
                    10,
                    -4
                ],
                [
                    -9,
                    2,
                    -6
                ],
                [
                    -6,
                    3,
                    -4
                ],
                [
                    -1,
                    -2,
                    -10
                ],
                [
                    -3,
                    -5,
                    6
                ],
                [
                    -4,
                    -7,
                    10
                ],
                [
                    8,
                    5,
                    10
                ],
                [
                    6,
                    -1,
                    -9
                ],
                [
                    -5,
                    -8,
                    -7
                ],
                [
                    -2,
                    -5,
                    -9
                ],
                [
                    -10,
                    8,
                    -2
                ],
                [
                    5,
                    1,
                    -7
                ],
                [
                    10,
                    -7,
                    4
                ],
                [
                    2,
                    7,
                    -4
                ],
                [
                    -9,
                    -1,
                    4
                ],
                [
                    -2,
                    10,
                    1
                ],
                [
                    2,
                    9,
                    -1
                ],
                [
                    -6,
                    -1,
                    2
                ],
                [
                    -8,
                    -4,
                    -3
                ],
                [
                    -7,
                    5,
                    -10
                ],
                [
                    -9,
                    -10,
                    -7
                ],
                [
                    8,
                    -2,
                    10
                ],
                [
                    -5,
                    3,
                    1
                ],
                [
                    4,
                    10,
                    -7
                ],
                [
                    5,
                    3,
                    -8
                ],
                [
                    3,
                    6,
                    -8
                ],
                [
                    3,
                    8,
                    -4
                ]
            ],
            "{   'fun': 1.0,\n    'jac': None,\n    'nfev': 200,\n    'nit': 100,\n    'njev': None,\n    'x': array([nan, nan])}",
            {
                "1011000111": 1,
                "1000101011": 1,
                "1111010001": 1,
                "1110100110": 1,
                "1111101010": 1,
                "1010000110": 1,
                "0100011100": 1,
                "0001001101": 1,
                "1110011100": 1,
                "0010100100": 1,
                "0100100100": 1,
                "1001101010": 1,
                "0100010001": 1,
                "1001000001": 1,
                "0101000101": 2,
                "0110001110": 1,
                "0000101101": 1,
                "0111111000": 2,
                "0001111111": 1,
                "0101010100": 1,
                "1110111010": 1,
                "0001110010": 2,
                "1111010000": 1,
                "0010000110": 1,
                "1001110101": 1,
                "0001000100": 1,
                "1100001110": 1,
                "0110001010": 1,
                "1110111111": 1,
                "0001101001": 1,
                "0011100011": 1,
                "1101010010": 1,
                "0111011111": 1,
                "0010000001": 1,
                "1010111110": 1,
                "0011101101": 1,
                "0000011011": 1,
                "1001111110": 1,
                "1111110010": 1,
                "0010101011": 1,
                "0101000001": 1,
                "1010111111": 1,
                "0101100110": 1,
                "1001011100": 1,
                "0011001000": 1,
                "0010110111": 1,
                "1010100110": 1,
                "0000110100": 1,
                "1110100100": 2,
                "1110010110": 1,
                "0001011010": 1,
                "1000010000": 1,
                "1110101010": 1,
                "0001011000": 1,
                "0010010111": 1,
                "0110111000": 1,
                "1100011000": 1,
                "1111100011": 1,
                "1010110011": 2,
                "1000011010": 1,
                "1100001011": 1,
                "0110010001": 1,
                "0001001011": 2,
                "1011011000": 1,
                "0011011000": 2,
                "0010110101": 1,
                "1001011000": 1,
                "0100101011": 1,
                "0000100001": 1,
                "0101101001": 1,
                "1010001100": 1,
                "1011010101": 1,
                "0001100000": 1,
                "1000111101": 2,
                "1110110110": 1,
                "1100011101": 1,
                "0100101111": 1,
                "0010011010": 1,
                "0111011010": 1,
                "0010011011": 1,
                "1101111001": 1,
                "0100100101": 1,
                "1001010010": 1,
                "0011011011": 1,
                "0101100101": 1,
                "1110110100": 1,
                "1111010110": 2,
                "0011010100": 1,
                "0000000101": 1,
                "1101010011": 1,
                "0111001000": 1
            },
            false,
            1.0
        ]
    ]
}