{
    "n": 10,
    "m": 45,
    "results": [
        [
            [
                [
                    -6,
                    1,
                    5
                ],
                [
                    1,
                    -7,
                    5
                ],
                [
                    -2,
                    -9,
                    -7
                ],
                [
                    -3,
                    -1,
                    -2
                ],
                [
                    1,
                    -5,
                    10
                ],
                [
                    -4,
                    -7,
                    8
                ],
                [
                    3,
                    -4,
                    -6
                ],
                [
                    -7,
                    3,
                    2
                ],
                [
                    4,
                    1,
                    -2
                ],
                [
                    10,
                    -3,
                    6
                ],
                [
                    -1,
                    8,
                    -4
                ],
                [
                    -4,
                    -6,
                    10
                ],
                [
                    -9,
                    -5,
                    10
                ],
                [
                    3,
                    -1,
                    -6
                ],
                [
                    -6,
                    7,
                    1
                ],
                [
                    3,
                    9,
                    -10
                ],
                [
                    -6,
                    9,
                    -8
                ],
                [
                    -3,
                    -6,
                    9
                ],
                [
                    -6,
                    2,
                    10
                ],
                [
                    -4,
                    7,
                    -3
                ],
                [
                    -5,
                    4,
                    1
                ],
                [
                    -1,
                    -10,
                    -6
                ],
                [
                    5,
                    4,
                    3
                ],
                [
                    10,
                    -2,
                    -3
                ],
                [
                    -1,
                    5,
                    -3
                ],
                [
                    -7,
                    -4,
                    10
                ],
                [
                    -2,
                    7,
                    9
                ],
                [
                    4,
                    -9,
                    8
                ],
                [
                    4,
                    8,
                    5
                ],
                [
                    9,
                    3,
                    -5
                ],
                [
                    10,
                    -2,
                    -7
                ],
                [
                    10,
                    5,
                    -4
                ],
                [
                    -3,
                    -4,
                    6
                ],
                [
                    4,
                    6,
                    5
                ],
                [
                    -1,
                    2,
                    -7
                ],
                [
                    3,
                    -2,
                    6
                ],
                [
                    1,
                    9,
                    7
                ],
                [
                    -6,
                    1,
                    3
                ],
                [
                    10,
                    -9,
                    -7
                ],
                [
                    -6,
                    3,
                    -1
                ],
                [
                    -8,
                    -7,
                    -1
                ],
                [
                    -8,
                    -7,
                    3
                ],
                [
                    -3,
                    -10,
                    9
                ],
                [
                    4,
                    10,
                    3
                ],
                [
                    5,
                    2,
                    10
                ]
            ],
            "{   'fun': 0.92,\n    'jac': None,\n    'nfev': 200,\n    'nit': 100,\n    'njev': None,\n    'x': array([ 2.76749222, -0.29771884])}",
            {
                "1000000111": 1,
                "1100001111": 1,
                "1011010000": 1,
                "1011001001": 1,
                "0001000011": 1,
                "1100010101": 1,
                "1101100111": 1,
                "1110001000": 1,
                "1001111111": 1,
                "1110001011": 1,
                "0110110110": 1,
                "0100001110": 1,
                "0101011110": 1,
                "1000010101": 1,
                "1010110011": 1,
                "0111001101": 1,
                "1101011011": 1,
                "0001010001": 1,
                "1111101110": 1,
                "0111100000": 1,
                "1001010011": 1,
                "1110111110": 1,
                "0101001010": 1,
                "0101010000": 1,
                "0000001000": 1,
                "1111110000": 1,
                "1100101110": 1,
                "0010000111": 1,
                "1001110100": 1,
                "0110000111": 1,
                "1110000100": 1,
                "1001101001": 1,
                "0101100000": 1,
                "1011000110": 1,
                "0000111111": 1,
                "0110100011": 1,
                "0000110001": 1,
                "0110111010": 1,
                "0101110001": 1,
                "1100101100": 1,
                "1010010110": 1,
                "0000011011": 1,
                "1110011001": 1,
                "1101010110": 1,
                "0010001101": 1,
                "1111101000": 1,
                "1110011000": 1,
                "0011111100": 1,
                "1011010110": 1,
                "1000010110": 1,
                "1111000100": 1,
                "0001110010": 1,
                "1011111100": 1,
                "1101011010": 1,
                "0101110111": 1,
                "1100011010": 1,
                "1110110101": 1,
                "0111000111": 1,
                "1011000001": 2,
                "1110010001": 1,
                "0101000111": 1,
                "0001111011": 1,
                "0101000001": 1,
                "0101111101": 1,
                "0100011101": 1,
                "0110000110": 1,
                "1100100001": 1,
                "0011010101": 1,
                "0101000010": 1,
                "1011111101": 1,
                "0101101000": 1,
                "1110010110": 1,
                "1011000111": 1,
                "0101110100": 1,
                "0111101000": 1,
                "0101111001": 1,
                "0000101100": 1,
                "0011000001": 1,
                "0100011100": 1,
                "0001111101": 1,
                "0000011101": 1,
                "1111111100": 1,
                "0001110111": 1,
                "1011101000": 1,
                "0000010010": 1,
                "0111111010": 1,
                "0010010100": 1,
                "1001001001": 1,
                "1111110011": 1,
                "1010101110": 1,
                "0000111101": 1,
                "0000011001": 1,
                "0010100101": 1,
                "0000101000": 1,
                "0100010101": 1,
                "1101010111": 1,
                "0010111000": 1,
                "0001000100": 1,
                "0110110100": 1
            },
            true,
            0.87
        ],
        [
            [
                [
                    10,
                    5,
                    -4
                ],
                [
                    3,
                    9,
                    2
                ],
                [
                    5,
                    -6,
                    1
                ],
                [
                    4,
                    -9,
                    6
                ],
                [
                    -5,
                    -8,
                    4
                ],
                [
                    9,
                    -10,
                    7
                ],
                [
                    8,
                    -5,
                    2
                ],
                [
                    -10,
                    -2,
                    9
                ],
                [
                    1,
                    -6,
                    4
                ],
                [
                    4,
                    -5,
                    -6
                ],
                [
                    7,
                    -5,
                    -1
                ],
                [
                    -5,
                    9,
                    -10
                ],
                [
                    2,
                    -3,
                    -10
                ],
                [
                    -5,
                    -3,
                    7
                ],
                [
                    -6,
                    5,
                    2
                ],
                [
                    8,
                    3,
                    -9
                ],
                [
                    -10,
                    5,
                    4
                ],
                [
                    6,
                    -9,
                    -8
                ],
                [
                    7,
                    4,
                    3
                ],
                [
                    9,
                    7,
                    6
                ],
                [
                    -5,
                    8,
                    -10
                ],
                [
                    6,
                    -9,
                    5
                ],
                [
                    -4,
                    9,
                    10
                ],
                [
                    10,
                    8,
                    -2
                ],
                [
                    1,
                    8,
                    -4
                ],
                [
                    4,
                    10,
                    1
                ],
                [
                    -1,
                    6,
                    -10
                ],
                [
                    -9,
                    -8,
                    5
                ],
                [
                    -6,
                    -10,
                    -2
                ],
                [
                    10,
                    -9,
                    -8
                ],
                [
                    9,
                    5,
                    4
                ],
                [
                    -5,
                    7,
                    -10
                ],
                [
                    -8,
                    -1,
                    4
                ],
                [
                    5,
                    -4,
                    7
                ],
                [
                    -9,
                    -7,
                    -8
                ],
                [
                    -10,
                    5,
                    -7
                ],
                [
                    -3,
                    1,
                    9
                ],
                [
                    9,
                    -8,
                    3
                ],
                [
                    10,
                    -9,
                    -7
                ],
                [
                    -5,
                    2,
                    -7
                ],
                [
                    -10,
                    9,
                    -6
                ],
                [
                    -5,
                    -1,
                    -4
                ],
                [
                    -3,
                    -9,
                    -1
                ],
                [
                    -5,
                    9,
                    -2
                ],
                [
                    -7,
                    2,
                    3
                ]
            ],
            "{   'fun': 1.0,\n    'jac': None,\n    'nfev': 200,\n    'nit': 100,\n    'njev': None,\n    'x': array([nan, nan])}",
            {
                "0111111100": 1,
                "0100010011": 1,
                "0010011101": 1,
                "0101011110": 1,
                "1111101001": 1,
                "0011011001": 1,
                "0010011010": 1,
                "0000101011": 1,
                "0100101001": 1,
                "0001110100": 1,
                "0001010110": 1,
                "1011110111": 1,
                "1001100011": 1,
                "1001001010": 1,
                "0011000011": 1,
                "1010100011": 1,
                "0100000101": 1,
                "0111100100": 1,
                "0110100011": 1,
                "0110000010": 1,
                "1110010001": 1,
                "1000000011": 1,
                "0000101010": 1,
                "0100001110": 1,
                "1111101101": 1,
                "1001110011": 1,
                "1000010101": 1,
                "0110110111": 1,
                "0101100100": 1,
                "1011001000": 1,
                "1100010000": 1,
                "1000111011": 1,
                "1101000011": 1,
                "1010100101": 1,
                "0110011000": 1,
                "0010011100": 1,
                "1001001110": 1,
                "0110000111": 1,
                "0100101000": 1,
                "1110000011": 1,
                "1110110011": 1,
                "0010010100": 1,
                "1100110010": 1,
                "0110011100": 2,
                "0111101110": 1,
                "1110100000": 1,
                "0000110111": 1,
                "1011100110": 2,
                "0110010011": 1,
                "0000000101": 2,
                "0001101000": 1,
                "0111110110": 1,
                "0100100011": 1,
                "1111010110": 1,
                "1000010011": 1,
                "0101010001": 1,
                "0111100110": 1,
                "0011101111": 1,
                "0100101101": 1,
                "1011001111": 1,
                "1010001011": 1,
                "1101111011": 1,
                "0010111101": 1,
                "1000011110": 1,
                "0001010111": 1,
                "0100110101": 1,
                "1000011101": 1,
                "1101101110": 1,
                "0000011000": 1,
                "1100011000": 1,
                "1101001110": 1,
                "1010111001": 1,
                "1001110001": 1,
                "1011011101": 1,
                "1001001011": 1,
                "0100011001": 1,
                "1100111110": 1,
                "0001001000": 1,
                "0010100011": 2,
                "0100100100": 2,
                "1011100011": 1,
                "0000010001": 1,
                "0101101111": 1,
                "1110010011": 1,
                "0110010000": 1,
                "1110001010": 1,
                "1000000001": 1,
                "0011111001": 1,
                "0100011110": 1,
                "0000100100": 1,
                "0011001010": 1,
                "1010100010": 1,
                "0010110101": 1,
                "1110011111": 1,
                "0110000110": 1
            },
            false,
            1.0
        ],
        [
            [
                [
                    10,
                    -1,
                    3
                ],
                [
                    -4,
                    -5,
                    -10
                ],
                [
                    1,
                    -9,
                    3
                ],
                [
                    -2,
                    -3,
                    1
                ],
                [
                    -6,
                    8,
                    -9
                ],
                [
                    9,
                    -5,
                    -7
                ],
                [
                    -4,
                    -7,
                    -3
                ],
                [
                    5,
                    -10,
                    4
                ],
                [
                    -2,
                    10,
                    1
                ],
                [
                    -1,
                    8,
                    -5
                ],
                [
                    -10,
                    -8,
                    7
                ],
                [
                    1,
                    -10,
                    3
                ],
                [
                    3,
                    6,
                    7
                ],
                [
                    -4,
                    10,
                    2
                ],
                [
                    6,
                    3,
                    -1
                ],
                [
                    -7,
                    9,
                    -6
                ],
                [
                    -1,
                    -8,
                    -5
                ],
                [
                    1,
                    -8,
                    -9
                ],
                [
                    8,
                    -10,
                    -5
                ],
                [
                    9,
                    10,
                    2
                ],
                [
                    -9,
                    -8,
                    -10
                ],
                [
                    1,
                    -9,
                    -4
                ],
                [
                    3,
                    -4,
                    5
                ],
                [
                    5,
                    -8,
                    -9
                ],
                [
                    4,
                    -5,
                    8
                ],
                [
                    9,
                    8,
                    2
                ],
                [
                    6,
                    -8,
                    1
                ],
                [
                    10,
                    -6,
                    -4
                ],
                [
                    -1,
                    4,
                    6
                ],
                [
                    -10,
                    8,
                    -2
                ],
                [
                    5,
                    4,
                    -3
                ],
                [
                    7,
                    -3,
                    6
                ],
                [
                    -10,
                    -6,
                    -4
                ],
                [
                    3,
                    -1,
                    -5
                ],
                [
                    -2,
                    4,
                    7
                ],
                [
                    -5,
                    -3,
                    1
                ],
                [
                    -1,
                    2,
                    5
                ],
                [
                    1,
                    -9,
                    -7
                ],
                [
                    6,
                    -3,
                    10
                ],
                [
                    -9,
                    -6,
                    -8
                ],
                [
                    8,
                    -10,
                    -1
                ],
                [
                    6,
                    8,
                    3
                ],
                [
                    -4,
                    -6,
                    -1
                ],
                [
                    -6,
                    -4,
                    -8
                ],
                [
                    1,
                    -6,
                    -7
                ]
            ],
            "{   'fun': 1.0,\n    'jac': None,\n    'nfev': 200,\n    'nit': 100,\n    'njev': None,\n    'x': array([nan, nan])}",
            {
                "1111010010": 1,
                "0001110011": 1,
                "1110111101": 1,
                "0000001001": 1,
                "0011011000": 1,
                "0111101111": 1,
                "1111111111": 1,
                "0100000000": 1,
                "0000000100": 1,
                "0010100011": 1,
                "1010000101": 1,
                "0110000011": 1,
                "1010101010": 1,
                "0110100011": 1,
                "0101001000": 1,
                "0011100000": 1,
                "0110000110": 1,
                "0101011110": 2,
                "1010010010": 1,
                "0111111011": 1,
                "1011101110": 1,
                "0101101101": 1,
                "1011111001": 1,
                "0111011011": 1,
                "0010011100": 1,
                "0111111111": 1,
                "0010111100": 1,
                "1101010000": 1,
                "0110101001": 1,
                "0110100101": 1,
                "1111111110": 1,
                "1101001001": 1,
                "0110111100": 1,
                "1011001110": 1,
                "0010001101": 1,
                "0011001011": 1,
                "0110110100": 1,
                "0001101111": 1,
                "0011101001": 2,
                "0000000101": 1,
                "0001110101": 1,
                "1000011111": 1,
                "1110101001": 1,
                "1011001111": 1,
                "1111110000": 1,
                "1100110000": 1,
                "0101100010": 1,
                "1110100100": 1,
                "1000101111": 1,
                "0001010010": 1,
                "1101100001": 1,
                "0111001101": 1,
                "0011001111": 1,
                "1011101111": 1,
                "0011110100": 1,
                "0111010111": 1,
                "0010101100": 1,
                "1001001110": 1,
                "1100110100": 1,
                "1111001100": 1,
                "1111111000": 1,
                "0101111010": 1,
                "0001101000": 1,
                "1100010001": 1,
                "1011011100": 1,
                "0010000101": 1,
                "0101111100": 1,
                "1100011010": 1,
                "1011001100": 1,
                "1000010100": 1,
                "0100011101": 1,
                "1001001011": 1,
                "1101100101": 1,
                "1100100000": 1,
                "1110000010": 1,
                "0100111011": 1,
                "1010100100": 1,
                "0110101101": 1,
                "0100010111": 1,
                "0100000111": 1,
                "0011101000": 1,
                "0101011011": 1,
                "1110110000": 1,
                "1110000001": 1,
                "0000101010": 1,
                "1101111010": 1,
                "1110001110": 1,
                "1000110110": 1,
                "0011110010": 1,
                "1110111000": 2,
                "1010001001": 1,
                "1010011101": 1,
                "0111001011": 1,
                "0000111000": 1,
                "1010000001": 1,
                "0001100101": 2
            },
            false,
            1.0
        ],
        [
            [
                [
                    8,
                    7,
                    -5
                ],
                [
                    4,
                    -10,
                    1
                ],
                [
                    -7,
                    -5,
                    4
                ],
                [
                    5,
                    -2,
                    8
                ],
                [
                    10,
                    -3,
                    5
                ],
                [
                    -10,
                    -3,
                    -5
                ],
                [
                    9,
                    1,
                    -2
                ],
                [
                    -6,
                    -2,
                    -5
                ],
                [
                    6,
                    2,
                    -10
                ],
                [
                    7,
                    6,
                    -5
                ],
                [
                    -3,
                    7,
                    6
                ],
                [
                    -1,
                    -8,
                    -9
                ],
                [
                    8,
                    9,
                    1
                ],
                [
                    -2,
                    9,
                    4
                ],
                [
                    3,
                    10,
                    5
                ],
                [
                    -2,
                    -1,
                    -5
                ],
                [
                    1,
                    5,
                    -10
                ],
                [
                    -10,
                    -3,
                    6
                ],
                [
                    -8,
                    6,
                    7
                ],
                [
                    8,
                    -4,
                    9
                ],
                [
                    9,
                    -1,
                    -8
                ],
                [
                    -2,
                    -3,
                    5
                ],
                [
                    -8,
                    6,
                    4
                ],
                [
                    -1,
                    3,
                    -4
                ],
                [
                    -6,
                    -10,
                    -4
                ],
                [
                    -8,
                    -2,
                    -9
                ],
                [
                    -2,
                    -5,
                    1
                ],
                [
                    -4,
                    5,
                    -9
                ],
                [
                    -7,
                    -9,
                    5
                ],
                [
                    -1,
                    10,
                    8
                ],
                [
                    8,
                    5,
                    -3
                ],
                [
                    -3,
                    -10,
                    -5
                ],
                [
                    -6,
                    -8,
                    7
                ],
                [
                    -2,
                    -7,
                    1
                ],
                [
                    4,
                    2,
                    -3
                ],
                [
                    4,
                    5,
                    6
                ],
                [
                    8,
                    1,
                    -2
                ],
                [
                    -9,
                    -10,
                    -4
                ],
                [
                    9,
                    -5,
                    -2
                ],
                [
                    -4,
                    -10,
                    -3
                ],
                [
                    9,
                    -10,
                    -4
                ],
                [
                    -5,
                    -7,
                    -4
                ],
                [
                    -10,
                    4,
                    -2
                ],
                [
                    9,
                    2,
                    3
                ],
                [
                    9,
                    -2,
                    3
                ]
            ],
            "{   'fun': 1.0,\n    'jac': None,\n    'nfev': 200,\n    'nit': 100,\n    'njev': None,\n    'x': array([-6.09459267,  5.4212168 ])}",
            {
                "1100011101": 1,
                "0101011001": 1,
                "1110101010": 1,
                "1000011011": 1,
                "0010101110": 2,
                "0101110101": 1,
                "0110001011": 1,
                "0010001010": 1,
                "1010110010": 1,
                "1001111110": 1,
                "0111010110": 1,
                "1010001011": 1,
                "0010110011": 2,
                "0100101100": 1,
                "0111100110": 1,
                "0011110110": 1,
                "1010111110": 1,
                "1100101010": 1,
                "0011101001": 1,
                "1011100001": 1,
                "0100101011": 2,
                "0000101111": 1,
                "0001001110": 1,
                "0110011100": 1,
                "0111111010": 1,
                "0111101110": 1,
                "0011111010": 1,
                "1111010001": 1,
                "1110101110": 1,
                "1010110101": 1,
                "1010001101": 1,
                "1111100000": 1,
                "0110001000": 1,
                "1110111110": 1,
                "1010111100": 1,
                "1110001000": 1,
                "1101001001": 1,
                "1111110100": 1,
                "0010011010": 1,
                "0000110010": 1,
                "1011010111": 1,
                "1001010110": 1,
                "0010101010": 2,
                "0000110000": 1,
                "0011000101": 1,
                "1111100101": 1,
                "1011000011": 1,
                "1010001010": 1,
                "0001100000": 1,
                "1001101001": 1,
                "1101001100": 2,
                "1101010111": 1,
                "1011010000": 1,
                "0001101000": 1,
                "0010101111": 1,
                "1101111000": 1,
                "1001110110": 1,
                "1010010010": 1,
                "1001111011": 1,
                "1000100010": 1,
                "0010010011": 1,
                "1100110011": 1,
                "0011111100": 2,
                "1000100111": 1,
                "0110101110": 1,
                "1001111010": 1,
                "1100011100": 1,
                "0000000000": 1,
                "1101010011": 1,
                "1101111111": 1,
                "1000011001": 1,
                "1101011010": 1,
                "1110010010": 1,
                "0111011110": 1,
                "0111001111": 1,
                "1011000100": 1,
                "0011010010": 1,
                "1111111100": 1,
                "0110110001": 1,
                "1011101000": 1,
                "0011001111": 1,
                "0000111100": 1,
                "0100001100": 1,
                "1001110010": 1,
                "0001001010": 1,
                "0110110111": 1,
                "1000111001": 1,
                "1010010000": 1,
                "0100000001": 1,
                "1100111110": 1,
                "0111100011": 1,
                "0010001101": 1,
                "1101110011": 1,
                "1000011010": 1
            },
            false,
            0.98
        ],
        [
            [
                [
                    10,
                    -6,
                    8
                ],
                [
                    -9,
                    -7,
                    -8
                ],
                [
                    2,
                    -3,
                    -4
                ],
                [
                    -5,
                    -3,
                    -1
                ],
                [
                    2,
                    -7,
                    -8
                ],
                [
                    4,
                    9,
                    10
                ],
                [
                    9,
                    -3,
                    6
                ],
                [
                    9,
                    -6,
                    -7
                ],
                [
                    -6,
                    3,
                    -1
                ],
                [
                    -9,
                    -5,
                    -1
                ],
                [
                    4,
                    8,
                    -2
                ],
                [
                    1,
                    4,
                    -7
                ],
                [
                    10,
                    -3,
                    6
                ],
                [
                    -8,
                    10,
                    -6
                ],
                [
                    -4,
                    -6,
                    -2
                ],
                [
                    -3,
                    -5,
                    -6
                ],
                [
                    -6,
                    -10,
                    2
                ],
                [
                    -6,
                    -2,
                    1
                ],
                [
                    2,
                    -7,
                    -1
                ],
                [
                    -8,
                    1,
                    9
                ],
                [
                    -1,
                    -6,
                    -5
                ],
                [
                    9,
                    -10,
                    -8
                ],
                [
                    4,
                    3,
                    1
                ],
                [
                    -9,
                    6,
                    -1
                ],
                [
                    -3,
                    -8,
                    1
                ],
                [
                    -2,
                    -5,
                    6
                ],
                [
                    -5,
                    2,
                    10
                ],
                [
                    8,
                    10,
                    6
                ],
                [
                    5,
                    -1,
                    10
                ],
                [
                    -6,
                    -2,
                    10
                ],
                [
                    10,
                    -7,
                    -1
                ],
                [
                    -10,
                    -2,
                    -6
                ],
                [
                    -7,
                    3,
                    -5
                ],
                [
                    6,
                    -10,
                    9
                ],
                [
                    9,
                    8,
                    5
                ],
                [
                    -10,
                    -7,
                    -4
                ],
                [
                    7,
                    5,
                    -10
                ],
                [
                    -10,
                    8,
                    -3
                ],
                [
                    7,
                    -9,
                    -6
                ],
                [
                    10,
                    -6,
                    -7
                ],
                [
                    -4,
                    -9,
                    7
                ],
                [
                    2,
                    4,
                    -3
                ],
                [
                    -6,
                    4,
                    -8
                ],
                [
                    1,
                    6,
                    7
                ],
                [
                    -2,
                    -3,
                    -6
                ]
            ],
            "{   'fun': 1.0,\n    'jac': None,\n    'nfev': 200,\n    'nit': 100,\n    'njev': None,\n    'x': array([nan, nan])}",
            {
                "0110101001": 1,
                "0111000111": 1,
                "1100111011": 1,
                "1110100110": 1,
                "1110011101": 1,
                "0011111000": 1,
                "1110001011": 1,
                "1101110110": 1,
                "0001101111": 1,
                "1000111011": 1,
                "1110101001": 1,
                "1101010001": 1,
                "0110000000": 1,
                "1111001001": 1,
                "0000111111": 2,
                "0011011100": 1,
                "1010000010": 2,
                "0001000001": 1,
                "0111001000": 1,
                "1010101011": 1,
                "0111011110": 1,
                "0110110011": 1,
                "1101110011": 1,
                "1111100101": 1,
                "0100010100": 1,
                "0011100101": 1,
                "1010101111": 1,
                "1000101001": 1,
                "1111000101": 1,
                "0010000001": 1,
                "0010101010": 1,
                "0000010010": 2,
                "0001011101": 1,
                "1010111001": 1,
                "1110100101": 1,
                "0111111101": 2,
                "0101011011": 1,
                "0000110110": 1,
                "1111010000": 1,
                "0110000100": 1,
                "0010000110": 2,
                "0011001011": 1,
                "0101001101": 1,
                "1101001110": 1,
                "0111010011": 1,
                "0110001010": 1,
                "0000000000": 1,
                "1010110000": 1,
                "1001000010": 1,
                "0010010000": 1,
                "1010001001": 1,
                "0101110011": 1,
                "0110110100": 1,
                "1100001001": 1,
                "0111000000": 1,
                "0000011011": 2,
                "0110001111": 2,
                "0100000100": 1,
                "1010110111": 1,
                "1111101101": 1,
                "0011001001": 1,
                "0111111001": 1,
                "1001101000": 2,
                "0110101110": 1,
                "1101101010": 1,
                "1010001011": 1,
                "0100100110": 1,
                "0101011010": 1,
                "0101010101": 1,
                "1011111101": 1,
                "0011011011": 1,
                "1101110100": 1,
                "0110010000": 1,
                "0011111101": 1,
                "1011000011": 1,
                "1010001010": 1,
                "0100001101": 1,
                "0101001100": 2,
                "0000001000": 1,
                "0111011001": 1,
                "1000001101": 1,
                "0011001101": 2,
                "1110011010": 1,
                "0001111011": 1,
                "1110011000": 1,
                "0111011010": 1,
                "0010011010": 1,
                "0100111101": 1,
                "1101000000": 1,
                "0110100001": 1
            },
            false,
            1.0
        ]
    ]
}