{
    "n": 10,
    "m": 45,
    "results": [
        [
            [
                [
                    -2,
                    -8,
                    -1
                ],
                [
                    10,
                    6,
                    7
                ],
                [
                    4,
                    10,
                    -3
                ],
                [
                    -7,
                    -8,
                    1
                ],
                [
                    -4,
                    -3,
                    -10
                ],
                [
                    -6,
                    9,
                    5
                ],
                [
                    -2,
                    -8,
                    10
                ],
                [
                    -8,
                    3,
                    -9
                ],
                [
                    -8,
                    -9,
                    2
                ],
                [
                    -3,
                    4,
                    8
                ],
                [
                    -7,
                    5,
                    10
                ],
                [
                    8,
                    -2,
                    -6
                ],
                [
                    7,
                    3,
                    -10
                ],
                [
                    8,
                    -3,
                    6
                ],
                [
                    -7,
                    2,
                    -5
                ],
                [
                    7,
                    8,
                    -10
                ],
                [
                    10,
                    7,
                    5
                ],
                [
                    -9,
                    -5,
                    -3
                ],
                [
                    8,
                    -3,
                    5
                ],
                [
                    -3,
                    9,
                    8
                ],
                [
                    -7,
                    -8,
                    -3
                ],
                [
                    -5,
                    -4,
                    3
                ],
                [
                    -4,
                    8,
                    -3
                ],
                [
                    -7,
                    4,
                    -8
                ],
                [
                    7,
                    6,
                    -2
                ],
                [
                    -8,
                    -10,
                    3
                ],
                [
                    2,
                    -5,
                    6
                ],
                [
                    1,
                    7,
                    8
                ],
                [
                    10,
                    3,
                    9
                ],
                [
                    10,
                    6,
                    4
                ],
                [
                    8,
                    2,
                    -3
                ],
                [
                    3,
                    -4,
                    6
                ],
                [
                    -8,
                    3,
                    -2
                ],
                [
                    -2,
                    -10,
                    -7
                ],
                [
                    3,
                    -7,
                    2
                ],
                [
                    -1,
                    2,
                    -7
                ],
                [
                    -9,
                    -4,
                    -2
                ],
                [
                    -6,
                    10,
                    -1
                ],
                [
                    4,
                    3,
                    -7
                ],
                [
                    -6,
                    8,
                    -7
                ],
                [
                    8,
                    -7,
                    6
                ],
                [
                    -6,
                    9,
                    3
                ],
                [
                    5,
                    2,
                    10
                ],
                [
                    5,
                    -1,
                    8
                ],
                [
                    9,
                    4,
                    -8
                ]
            ],
            "{   'fun': 5.69,\n    'jac': None,\n    'nfev': 132,\n    'nit': None,\n    'njev': None,\n    'x': array([1.81622695, 0.49425942, 0.25691099, 0.60157869, 1.75100763,\n       1.35489984, 2.16459192, 4.12299771, 1.20441314, 0.71916845,\n       1.89749274, 1.36202067, 1.10451001, 1.99714116, 1.92671648,\n       1.1424903 ])}",
            {
                "1010011001": 1,
                "0111000110": 1,
                "0010000100": 1,
                "0010110000": 1,
                "0000101100": 1,
                "1101100111": 1,
                "0110010010": 1,
                "0000011000": 1,
                "1100010010": 1,
                "0111000000": 1,
                "1111000000": 1,
                "1001010111": 1,
                "1101110011": 1,
                "1011100111": 1,
                "1001011011": 1,
                "1000010100": 1,
                "1111000011": 1,
                "0001100001": 1,
                "0011000101": 1,
                "1111010101": 1,
                "0010001001": 1,
                "0111010001": 1,
                "1010111011": 1,
                "0111110100": 1,
                "0110001011": 1,
                "0000100110": 1,
                "1010110010": 1,
                "1011000001": 1,
                "0000100101": 1,
                "0110111101": 1,
                "0010011010": 1,
                "1010011110": 1,
                "1101011100": 1,
                "0001011011": 1,
                "1001010101": 1,
                "1010101110": 1,
                "1110010110": 1,
                "1011111101": 1,
                "0111000011": 1,
                "1000001011": 1,
                "1100000111": 1,
                "0110001111": 1,
                "0111010100": 1,
                "1111001000": 1,
                "1001111011": 1,
                "0100000010": 1,
                "1001111000": 1,
                "0010111110": 1,
                "0110010111": 1,
                "0111100000": 1,
                "0110110000": 1,
                "1110101001": 1,
                "1101010010": 1,
                "0001100111": 1,
                "0100101010": 1,
                "0010010010": 1,
                "1010010000": 1,
                "0110111111": 1,
                "1110110011": 1,
                "0111111110": 1,
                "0111001001": 1,
                "0011110110": 1,
                "1111110101": 2,
                "1011110111": 1,
                "1100101110": 1,
                "0010110110": 1,
                "1111111100": 1,
                "1001110100": 1,
                "0100101001": 1,
                "1000110110": 1,
                "0011100110": 1,
                "1110110110": 1,
                "1001001010": 1,
                "1111100010": 1,
                "0010100011": 1,
                "1101100001": 1,
                "0111000100": 1,
                "0100110101": 2,
                "1111100100": 1,
                "1100001011": 1,
                "0100111010": 1,
                "1000111100": 1,
                "0111101110": 1,
                "1010101011": 1,
                "1110011101": 2,
                "1011011001": 1,
                "1110001000": 2,
                "1111001011": 1,
                "0110001010": 1,
                "0111110101": 1,
                "0011110011": 2,
                "1111000111": 1,
                "1101110111": 1,
                "0100011101": 1,
                "1010001011": 1
            },
            false,
            5.21
        ],
        [
            [
                [
                    -9,
                    10,
                    -1
                ],
                [
                    -8,
                    3,
                    -6
                ],
                [
                    -8,
                    -2,
                    -3
                ],
                [
                    -10,
                    8,
                    -1
                ],
                [
                    2,
                    -5,
                    -8
                ],
                [
                    -6,
                    7,
                    -10
                ],
                [
                    9,
                    -2,
                    -1
                ],
                [
                    -5,
                    -2,
                    9
                ],
                [
                    4,
                    -8,
                    6
                ],
                [
                    7,
                    -9,
                    -4
                ],
                [
                    -2,
                    4,
                    10
                ],
                [
                    -2,
                    7,
                    8
                ],
                [
                    1,
                    6,
                    -9
                ],
                [
                    5,
                    7,
                    10
                ],
                [
                    -2,
                    9,
                    1
                ],
                [
                    -3,
                    -2,
                    7
                ],
                [
                    -10,
                    -8,
                    -6
                ],
                [
                    -6,
                    1,
                    -3
                ],
                [
                    1,
                    10,
                    -9
                ],
                [
                    -3,
                    4,
                    7
                ],
                [
                    -5,
                    8,
                    -3
                ],
                [
                    2,
                    -8,
                    -5
                ],
                [
                    -7,
                    3,
                    9
                ],
                [
                    -8,
                    5,
                    -1
                ],
                [
                    -8,
                    10,
                    -6
                ],
                [
                    -4,
                    -9,
                    -7
                ],
                [
                    9,
                    1,
                    8
                ],
                [
                    -2,
                    5,
                    8
                ],
                [
                    -5,
                    -4,
                    -7
                ],
                [
                    -7,
                    10,
                    -1
                ],
                [
                    -1,
                    6,
                    -4
                ],
                [
                    -10,
                    -2,
                    -5
                ],
                [
                    2,
                    7,
                    3
                ],
                [
                    1,
                    6,
                    5
                ],
                [
                    4,
                    5,
                    7
                ],
                [
                    -4,
                    1,
                    10
                ],
                [
                    2,
                    1,
                    -3
                ],
                [
                    8,
                    -10,
                    -1
                ],
                [
                    4,
                    -7,
                    10
                ],
                [
                    -8,
                    -9,
                    3
                ],
                [
                    -8,
                    -2,
                    7
                ],
                [
                    -2,
                    -1,
                    -8
                ],
                [
                    6,
                    9,
                    1
                ],
                [
                    6,
                    8,
                    1
                ],
                [
                    -10,
                    8,
                    5
                ]
            ],
            "{   'fun': 5.29,\n    'jac': None,\n    'nfev': 136,\n    'nit': None,\n    'njev': None,\n    'x': array([0.2399011 , 1.03451598, 0.82793484, 3.07583855, 2.86601347,\n       2.56733346, 0.76460753, 0.63697184, 1.79509421, 1.98652516,\n       0.2854294 , 1.24370881, 0.92975091, 0.95012369, 0.55947311,\n       1.49981679])}",
            {
                "1110001111": 1,
                "1001011000": 1,
                "0010011111": 1,
                "1001011110": 1,
                "1101010101": 1,
                "0111111011": 1,
                "0101000010": 1,
                "1100000110": 1,
                "0001010010": 1,
                "1010100011": 1,
                "1111011101": 1,
                "1001000101": 1,
                "0101101101": 1,
                "1010001110": 1,
                "1011101100": 1,
                "0101111101": 1,
                "0000001000": 1,
                "0111100110": 1,
                "1111110110": 1,
                "1101100010": 1,
                "0011100000": 3,
                "1000101010": 1,
                "0011101010": 1,
                "0100101110": 1,
                "0000100101": 1,
                "0110100000": 1,
                "0011001000": 1,
                "1001000100": 1,
                "1011010111": 1,
                "1010011110": 1,
                "0000110010": 1,
                "0100110001": 1,
                "0101001111": 2,
                "0101011111": 1,
                "1100011010": 1,
                "1100101001": 1,
                "1001100001": 1,
                "0110011101": 1,
                "0111111100": 1,
                "1111001011": 1,
                "1000101101": 1,
                "0111000101": 1,
                "1001000001": 1,
                "0110111101": 1,
                "0010001100": 2,
                "1011101001": 1,
                "0100101011": 1,
                "0111010011": 2,
                "0110111010": 1,
                "0010100011": 1,
                "1100111011": 2,
                "1101011001": 1,
                "1000001101": 1,
                "0000101000": 1,
                "1010111010": 1,
                "0011001001": 1,
                "0101101011": 1,
                "1010011011": 1,
                "0101110000": 1,
                "1111110100": 1,
                "0101111110": 1,
                "0110001111": 1,
                "1011011110": 1,
                "0001101011": 2,
                "0010010101": 1,
                "0111100100": 2,
                "1111011010": 1,
                "1111100000": 1,
                "0011000001": 1,
                "1111111001": 1,
                "1010101010": 1,
                "0100110011": 1,
                "1111000100": 1,
                "0111010001": 2,
                "1101010100": 1,
                "0010011001": 1,
                "0000011000": 1,
                "1011000011": 2,
                "0000001111": 1,
                "1101010000": 1,
                "0100110000": 1,
                "1101110001": 1,
                "0000010111": 1,
                "1100001111": 1,
                "1001101001": 1,
                "1110010010": 1,
                "1100001000": 1,
                "0110011110": 1,
                "0110101111": 1,
                "0001110111": 1
            },
            false,
            5.07
        ],
        [
            [
                [
                    1,
                    -3,
                    6
                ],
                [
                    8,
                    10,
                    1
                ],
                [
                    8,
                    -2,
                    6
                ],
                [
                    -1,
                    7,
                    -3
                ],
                [
                    -7,
                    -6,
                    -10
                ],
                [
                    -5,
                    -8,
                    10
                ],
                [
                    10,
                    3,
                    1
                ],
                [
                    1,
                    3,
                    5
                ],
                [
                    -1,
                    7,
                    -10
                ],
                [
                    -6,
                    10,
                    4
                ],
                [
                    -9,
                    -8,
                    6
                ],
                [
                    -2,
                    -8,
                    -1
                ],
                [
                    10,
                    6,
                    8
                ],
                [
                    6,
                    7,
                    -2
                ],
                [
                    3,
                    9,
                    1
                ],
                [
                    4,
                    9,
                    6
                ],
                [
                    7,
                    -5,
                    -2
                ],
                [
                    3,
                    9,
                    -5
                ],
                [
                    -6,
                    -7,
                    -2
                ],
                [
                    7,
                    -1,
                    -10
                ],
                [
                    -9,
                    2,
                    4
                ],
                [
                    -3,
                    -2,
                    -1
                ],
                [
                    -7,
                    10,
                    4
                ],
                [
                    10,
                    -5,
                    -8
                ],
                [
                    -5,
                    6,
                    -10
                ],
                [
                    6,
                    -5,
                    -3
                ],
                [
                    -10,
                    -1,
                    -8
                ],
                [
                    -3,
                    10,
                    -4
                ],
                [
                    -1,
                    -6,
                    3
                ],
                [
                    -2,
                    1,
                    -10
                ],
                [
                    -5,
                    3,
                    -10
                ],
                [
                    -3,
                    10,
                    -7
                ],
                [
                    3,
                    1,
                    -6
                ],
                [
                    -4,
                    2,
                    -3
                ],
                [
                    9,
                    -5,
                    4
                ],
                [
                    7,
                    -6,
                    1
                ],
                [
                    10,
                    6,
                    -9
                ],
                [
                    10,
                    -8,
                    -6
                ],
                [
                    5,
                    -9,
                    4
                ],
                [
                    5,
                    -2,
                    -10
                ],
                [
                    -7,
                    -10,
                    -9
                ],
                [
                    4,
                    3,
                    -1
                ],
                [
                    4,
                    -10,
                    -7
                ],
                [
                    -8,
                    -3,
                    -6
                ],
                [
                    10,
                    9,
                    -8
                ]
            ],
            "{   'fun': 5.67,\n    'jac': None,\n    'nfev': 130,\n    'nit': None,\n    'njev': None,\n    'x': array([3.46906262, 3.57990216, 1.98228059, 1.48091233, 2.24951264,\n       1.05912977, 0.75903161, 3.77462492, 2.59345938, 3.0130407 ,\n       0.76206788, 1.26341629, 1.17899068, 3.00400558, 0.29975495,\n       2.16142338])}",
            {
                "0101010101": 1,
                "0100010001": 1,
                "0110101110": 1,
                "0110100010": 1,
                "1111011000": 1,
                "0111000011": 1,
                "0110001100": 1,
                "0011000101": 1,
                "1010001001": 1,
                "0011101010": 1,
                "1011011010": 1,
                "0010010011": 1,
                "1011111110": 1,
                "0001111010": 1,
                "0101111001": 1,
                "0100110101": 1,
                "0100011100": 1,
                "1010001100": 1,
                "1100000101": 1,
                "0101100011": 1,
                "1111000000": 1,
                "1000100000": 1,
                "0010100110": 1,
                "1011100010": 1,
                "1101100111": 1,
                "0001000000": 1,
                "0111100111": 1,
                "0101001101": 1,
                "0111101011": 1,
                "1011011001": 1,
                "1000101110": 1,
                "1000100100": 1,
                "1101000110": 1,
                "1100100100": 2,
                "0010010001": 1,
                "0110101100": 1,
                "1100111000": 1,
                "1000100011": 1,
                "0011010000": 1,
                "0111010000": 1,
                "1111111111": 1,
                "1111111000": 1,
                "1000101000": 1,
                "1001000101": 1,
                "1000011000": 1,
                "0100000110": 1,
                "0001110110": 1,
                "0110101011": 2,
                "1101000101": 1,
                "0011100100": 1,
                "0100101110": 1,
                "0110100101": 1,
                "0000011111": 1,
                "1110001110": 1,
                "0101110000": 1,
                "0010010000": 1,
                "0110110000": 1,
                "1110010111": 1,
                "1111010110": 1,
                "0100100010": 1,
                "1110011011": 1,
                "1100111001": 1,
                "1101010010": 2,
                "0011010111": 1,
                "1000010001": 1,
                "1111000110": 1,
                "0000100011": 1,
                "0000110110": 1,
                "0000011110": 2,
                "0110111101": 1,
                "0010111010": 1,
                "0010011010": 1,
                "1011011000": 1,
                "0000100100": 1,
                "0000101101": 1,
                "1011010000": 1,
                "1000011001": 1,
                "1101101110": 1,
                "0011100000": 1,
                "1010111010": 1,
                "0011011011": 1,
                "1110100110": 1,
                "1111001011": 1,
                "1101001001": 1,
                "0001111100": 1,
                "0001000010": 1,
                "1011011110": 1,
                "1100001111": 1,
                "0000110011": 1,
                "1001001000": 1,
                "0010111001": 2,
                "1100010110": 2,
                "1000010110": 1,
                "0111100001": 1
            },
            false,
            4.87
        ],
        [
            [
                [
                    9,
                    -8,
                    -2
                ],
                [
                    -4,
                    6,
                    7
                ],
                [
                    2,
                    8,
                    -5
                ],
                [
                    -2,
                    -9,
                    7
                ],
                [
                    -4,
                    -7,
                    5
                ],
                [
                    -1,
                    -7,
                    -2
                ],
                [
                    -7,
                    3,
                    -9
                ],
                [
                    -2,
                    -6,
                    -10
                ],
                [
                    -9,
                    4,
                    3
                ],
                [
                    2,
                    9,
                    -6
                ],
                [
                    6,
                    4,
                    -8
                ],
                [
                    5,
                    -8,
                    -10
                ],
                [
                    1,
                    9,
                    -5
                ],
                [
                    -10,
                    -6,
                    4
                ],
                [
                    1,
                    7,
                    6
                ],
                [
                    8,
                    -3,
                    -2
                ],
                [
                    -5,
                    -10,
                    4
                ],
                [
                    6,
                    -7,
                    1
                ],
                [
                    5,
                    -9,
                    8
                ],
                [
                    -1,
                    -3,
                    10
                ],
                [
                    3,
                    7,
                    9
                ],
                [
                    -2,
                    -7,
                    -3
                ],
                [
                    -5,
                    6,
                    -2
                ],
                [
                    6,
                    -9,
                    -7
                ],
                [
                    -4,
                    1,
                    -10
                ],
                [
                    8,
                    -1,
                    7
                ],
                [
                    2,
                    -9,
                    8
                ],
                [
                    -6,
                    8,
                    -9
                ],
                [
                    5,
                    9,
                    3
                ],
                [
                    -6,
                    -1,
                    9
                ],
                [
                    -9,
                    7,
                    2
                ],
                [
                    10,
                    -4,
                    2
                ],
                [
                    -8,
                    5,
                    -10
                ],
                [
                    9,
                    5,
                    -4
                ],
                [
                    -6,
                    -8,
                    2
                ],
                [
                    -9,
                    -7,
                    -2
                ],
                [
                    -2,
                    -9,
                    1
                ],
                [
                    -1,
                    4,
                    5
                ],
                [
                    -10,
                    -7,
                    -1
                ],
                [
                    3,
                    -4,
                    9
                ],
                [
                    10,
                    -1,
                    -5
                ],
                [
                    -6,
                    -2,
                    -10
                ],
                [
                    -5,
                    -6,
                    9
                ],
                [
                    6,
                    4,
                    3
                ],
                [
                    6,
                    10,
                    -7
                ]
            ],
            "{   'fun': 5.44,\n    'jac': None,\n    'nfev': 139,\n    'nit': None,\n    'njev': None,\n    'x': array([0.85900255, 2.74291152, 2.9121356 , 0.32674227, 1.64516956,\n       3.88172256, 2.1038716 , 0.16508086, 0.32499803, 1.33289364,\n       0.40769908, 1.66166377, 1.5143708 , 3.98404871, 1.8854488 ,\n       0.83016101])}",
            {
                "1010111101": 1,
                "0101101010": 1,
                "1011110001": 1,
                "0101000001": 1,
                "0101111101": 1,
                "0000100110": 1,
                "1001010001": 1,
                "1101010001": 1,
                "0111111101": 1,
                "1010011101": 1,
                "1000100101": 1,
                "1111010101": 1,
                "0000001111": 1,
                "0101000110": 1,
                "1001100101": 1,
                "1101110001": 1,
                "0000010111": 1,
                "1110010101": 1,
                "1000000110": 1,
                "1100011010": 1,
                "1110110001": 1,
                "0001011001": 1,
                "1100001011": 1,
                "1011000001": 2,
                "1110111010": 2,
                "1110111000": 2,
                "1101111001": 1,
                "1111101101": 1,
                "1110101111": 1,
                "1111110000": 1,
                "0010111101": 1,
                "0101101001": 1,
                "0010101110": 1,
                "1111011110": 1,
                "1000010011": 1,
                "1000110010": 1,
                "0100010001": 1,
                "1111010010": 1,
                "0011000110": 1,
                "0101010000": 2,
                "0111110011": 1,
                "0001011111": 1,
                "1101100111": 1,
                "1101111111": 1,
                "1101110101": 1,
                "1101001110": 2,
                "1011011001": 1,
                "1000101110": 1,
                "1111101000": 1,
                "0010001101": 1,
                "1101100110": 1,
                "0110010010": 1,
                "1110011111": 2,
                "0010001001": 1,
                "1110110111": 1,
                "0001001001": 1,
                "0100100001": 1,
                "1100100000": 1,
                "0100111111": 1,
                "1101110000": 1,
                "1110000011": 1,
                "1000011010": 1,
                "1110101010": 1,
                "1110001011": 1,
                "0101110000": 1,
                "1111110100": 2,
                "1100001001": 1,
                "1001010101": 1,
                "0001000011": 1,
                "0010110000": 1,
                "0100101010": 1,
                "1010001110": 1,
                "0111011111": 1,
                "1000001101": 1,
                "0011111001": 1,
                "0111110001": 1,
                "1101111100": 1,
                "1100011100": 1,
                "1110110000": 1,
                "0010011100": 1,
                "1010101000": 1,
                "1111101100": 1,
                "1001010110": 1,
                "1111111101": 1,
                "1101000000": 1,
                "0111001010": 1,
                "1001100111": 1,
                "0100010101": 1,
                "0011111011": 1,
                "0011101001": 1,
                "0000001101": 2,
                "1100000011": 1
            },
            false,
            5.11
        ],
        [
            [
                [
                    9,
                    6,
                    -5
                ],
                [
                    5,
                    -3,
                    -2
                ],
                [
                    -9,
                    -2,
                    -3
                ],
                [
                    8,
                    -3,
                    -9
                ],
                [
                    9,
                    4,
                    -5
                ],
                [
                    7,
                    -3,
                    10
                ],
                [
                    10,
                    4,
                    -2
                ],
                [
                    -3,
                    2,
                    5
                ],
                [
                    -3,
                    -5,
                    2
                ],
                [
                    8,
                    1,
                    -6
                ],
                [
                    -5,
                    -8,
                    -1
                ],
                [
                    -9,
                    -5,
                    -8
                ],
                [
                    9,
                    -1,
                    3
                ],
                [
                    -7,
                    -6,
                    -5
                ],
                [
                    -5,
                    -9,
                    8
                ],
                [
                    10,
                    2,
                    -1
                ],
                [
                    -8,
                    -1,
                    -9
                ],
                [
                    -9,
                    -2,
                    -6
                ],
                [
                    10,
                    5,
                    -4
                ],
                [
                    9,
                    -8,
                    7
                ],
                [
                    -8,
                    -7,
                    -6
                ],
                [
                    2,
                    -1,
                    -3
                ],
                [
                    -10,
                    5,
                    7
                ],
                [
                    -3,
                    5,
                    -4
                ],
                [
                    -6,
                    -1,
                    10
                ],
                [
                    5,
                    1,
                    -3
                ],
                [
                    -5,
                    -1,
                    -7
                ],
                [
                    9,
                    -4,
                    -1
                ],
                [
                    -3,
                    2,
                    1
                ],
                [
                    -8,
                    -4,
                    -10
                ],
                [
                    -4,
                    9,
                    10
                ],
                [
                    -7,
                    5,
                    9
                ],
                [
                    -6,
                    -8,
                    -7
                ],
                [
                    -6,
                    -5,
                    -3
                ],
                [
                    3,
                    7,
                    4
                ],
                [
                    -3,
                    10,
                    -6
                ],
                [
                    -10,
                    -8,
                    1
                ],
                [
                    5,
                    1,
                    3
                ],
                [
                    -2,
                    -3,
                    5
                ],
                [
                    4,
                    1,
                    7
                ],
                [
                    6,
                    10,
                    4
                ],
                [
                    1,
                    5,
                    4
                ],
                [
                    7,
                    -8,
                    6
                ],
                [
                    1,
                    4,
                    3
                ],
                [
                    9,
                    2,
                    7
                ]
            ],
            "{   'fun': 4.69,\n    'jac': None,\n    'nfev': 154,\n    'nit': None,\n    'njev': None,\n    'x': array([0.80470565, 1.80942031, 0.67056384, 0.6723147 , 1.57862373,\n       3.48186769, 1.20058476, 1.46110889, 0.49353826, 0.74603977,\n       2.43248342, 0.04177202, 2.56852344, 2.70587587, 3.14869579,\n       1.9521358 ])}",
            {
                "1011110111": 1,
                "1101010000": 1,
                "0110101001": 1,
                "0000011001": 1,
                "1110000000": 1,
                "1101001110": 1,
                "1101010001": 1,
                "0001011011": 1,
                "0110100001": 1,
                "0000100010": 1,
                "1011100001": 1,
                "0111100011": 1,
                "1000100000": 1,
                "0110100011": 1,
                "0000001000": 2,
                "1101101100": 1,
                "0101110111": 1,
                "0001101001": 2,
                "0001001011": 1,
                "0111000111": 2,
                "1001111001": 1,
                "1001001000": 3,
                "1011110101": 1,
                "1100101111": 1,
                "1011111010": 1,
                "1100111011": 1,
                "0010101001": 1,
                "1110001110": 1,
                "1101000010": 1,
                "1101010111": 1,
                "0001011010": 1,
                "0101100010": 2,
                "0011110000": 1,
                "0010101011": 1,
                "1000111011": 2,
                "1001001011": 1,
                "0110100101": 1,
                "1100111000": 1,
                "1101111001": 1,
                "0111000011": 1,
                "1110010010": 1,
                "0101101010": 1,
                "0111111011": 2,
                "0001110100": 1,
                "0000010111": 1,
                "0110011010": 2,
                "1011110001": 1,
                "0111000101": 1,
                "0001011110": 1,
                "1111101111": 1,
                "1001101111": 1,
                "1101101111": 2,
                "1111000010": 1,
                "1101001101": 1,
                "1010110110": 1,
                "1010000111": 1,
                "1010111111": 1,
                "0100010011": 1,
                "1001110111": 1,
                "0001000010": 1,
                "1110000111": 1,
                "0000001111": 1,
                "0011100001": 1,
                "1110101011": 1,
                "0001101110": 1,
                "0111101011": 1,
                "0110101011": 2,
                "1110101001": 2,
                "0110010001": 1,
                "1100001011": 1,
                "1001011010": 1,
                "1111111011": 1,
                "0100000101": 1,
                "1110011001": 1,
                "1001011000": 1,
                "0000001101": 1,
                "1110111011": 1,
                "1101111000": 1,
                "1100001110": 2,
                "0110111011": 1,
                "0001100011": 1,
                "1101001001": 2,
                "1100101101": 1,
                "1010100101": 1,
                "0010001010": 1,
                "1000000001": 1
            },
            false,
            4.17
        ]
    ]
}