{
    "n": 10,
    "m": 45,
    "results": [
        [
            [
                [
                    1,
                    -3,
                    -2
                ],
                [
                    -2,
                    1,
                    -4
                ],
                [
                    10,
                    3,
                    -4
                ],
                [
                    7,
                    -9,
                    5
                ],
                [
                    4,
                    5,
                    -7
                ],
                [
                    -5,
                    10,
                    6
                ],
                [
                    -2,
                    -9,
                    1
                ],
                [
                    9,
                    -6,
                    -7
                ],
                [
                    -8,
                    4,
                    9
                ],
                [
                    9,
                    6,
                    1
                ],
                [
                    2,
                    -3,
                    -1
                ],
                [
                    1,
                    -10,
                    3
                ],
                [
                    8,
                    -6,
                    7
                ],
                [
                    -4,
                    2,
                    -10
                ],
                [
                    8,
                    6,
                    7
                ],
                [
                    10,
                    7,
                    -2
                ],
                [
                    -3,
                    -5,
                    -1
                ],
                [
                    -7,
                    3,
                    -10
                ],
                [
                    -8,
                    -4,
                    2
                ],
                [
                    6,
                    -10,
                    -2
                ],
                [
                    -8,
                    2,
                    -4
                ],
                [
                    -4,
                    -9,
                    -6
                ],
                [
                    -4,
                    8,
                    1
                ],
                [
                    5,
                    4,
                    -3
                ],
                [
                    7,
                    -4,
                    -9
                ],
                [
                    9,
                    -10,
                    -1
                ],
                [
                    -5,
                    -2,
                    8
                ],
                [
                    10,
                    -4,
                    -3
                ],
                [
                    -6,
                    4,
                    -8
                ],
                [
                    1,
                    5,
                    -10
                ],
                [
                    3,
                    9,
                    8
                ],
                [
                    2,
                    -1,
                    -8
                ],
                [
                    -10,
                    8,
                    -4
                ],
                [
                    1,
                    8,
                    4
                ],
                [
                    3,
                    -4,
                    8
                ],
                [
                    -9,
                    -6,
                    -1
                ],
                [
                    -2,
                    10,
                    -4
                ],
                [
                    -1,
                    7,
                    -4
                ],
                [
                    -2,
                    -7,
                    -8
                ],
                [
                    5,
                    10,
                    -7
                ],
                [
                    -3,
                    -4,
                    -7
                ],
                [
                    5,
                    -1,
                    -2
                ],
                [
                    -1,
                    5,
                    -9
                ],
                [
                    -9,
                    -2,
                    6
                ],
                [
                    3,
                    -9,
                    -8
                ]
            ],
            "{   'fun': 5.85,\n    'jac': None,\n    'nfev': 123,\n    'nit': None,\n    'njev': None,\n    'x': array([1.84627019, 1.52793499, 1.25861011, 0.59145797, 0.74360668,\n       0.34077803, 2.15161265, 3.11673002, 1.1942784 , 0.70465099,\n       1.88975071, 1.6038364 , 1.08968217, 0.9874733 , 1.91377468,\n       1.13379321])}",
            {
                "1110110101": 1,
                "1001000100": 1,
                "1011110100": 1,
                "0000011000": 1,
                "1110011100": 1,
                "0100011000": 1,
                "0111000010": 1,
                "0010000101": 1,
                "0111100000": 1,
                "0001001111": 1,
                "1001001110": 1,
                "0011110111": 1,
                "1010001001": 1,
                "1000011010": 1,
                "1101101001": 1,
                "0001101001": 2,
                "0101010111": 1,
                "0010000110": 1,
                "0010100001": 1,
                "0110100001": 1,
                "0010100011": 2,
                "0100100101": 1,
                "1100110101": 1,
                "0010011100": 1,
                "0000001000": 1,
                "1100010111": 1,
                "1010100001": 1,
                "1110001110": 1,
                "0111100001": 1,
                "0110011111": 1,
                "1001101001": 1,
                "1011111010": 1,
                "0000000100": 1,
                "1100001000": 1,
                "1110000110": 2,
                "0000011110": 2,
                "1001001010": 1,
                "1101010000": 1,
                "0100000101": 1,
                "0010111001": 2,
                "0000100000": 2,
                "0101101011": 1,
                "1010100100": 2,
                "1101011001": 1,
                "0101110010": 1,
                "1011000100": 1,
                "0010001001": 2,
                "0101000010": 1,
                "1011111101": 1,
                "0110100011": 1,
                "1001000000": 1,
                "1110001001": 1,
                "1111111000": 3,
                "0010001110": 1,
                "0100011110": 1,
                "0111000011": 1,
                "0000010101": 1,
                "0110110101": 1,
                "1100101011": 1,
                "0100001111": 1,
                "1110110100": 1,
                "0000110101": 1,
                "1001100100": 1,
                "1000000011": 1,
                "0000001010": 1,
                "1100000000": 2,
                "0101001010": 1,
                "0111011101": 1,
                "0001110010": 1,
                "1111000010": 1,
                "1000100111": 1,
                "1100110011": 1,
                "0001010111": 1,
                "0000111100": 1,
                "0010000011": 1,
                "1000000101": 1,
                "1011101101": 1,
                "1101011110": 1,
                "0110000001": 2,
                "1010110000": 1,
                "1100000110": 1,
                "1100010011": 3,
                "0101101111": 1,
                "1011001111": 1,
                "0100101100": 1,
                "1111011010": 1
            },
            false,
            5.04
        ],
        [
            [
                [
                    -7,
                    9,
                    5
                ],
                [
                    2,
                    -5,
                    -9
                ],
                [
                    9,
                    3,
                    8
                ],
                [
                    -4,
                    -7,
                    -9
                ],
                [
                    -6,
                    5,
                    4
                ],
                [
                    3,
                    7,
                    -9
                ],
                [
                    8,
                    -2,
                    4
                ],
                [
                    7,
                    9,
                    10
                ],
                [
                    9,
                    -6,
                    7
                ],
                [
                    5,
                    -8,
                    -2
                ],
                [
                    4,
                    -6,
                    -7
                ],
                [
                    4,
                    2,
                    -6
                ],
                [
                    -10,
                    -6,
                    -7
                ],
                [
                    8,
                    3,
                    6
                ],
                [
                    -4,
                    7,
                    1
                ],
                [
                    2,
                    3,
                    6
                ],
                [
                    6,
                    5,
                    1
                ],
                [
                    6,
                    -1,
                    -3
                ],
                [
                    -5,
                    -1,
                    -2
                ],
                [
                    -3,
                    1,
                    5
                ],
                [
                    3,
                    4,
                    2
                ],
                [
                    -4,
                    9,
                    -2
                ],
                [
                    5,
                    -3,
                    6
                ],
                [
                    8,
                    -2,
                    7
                ],
                [
                    3,
                    4,
                    -1
                ],
                [
                    -6,
                    3,
                    -2
                ],
                [
                    8,
                    -4,
                    10
                ],
                [
                    6,
                    -3,
                    -9
                ],
                [
                    5,
                    -7,
                    10
                ],
                [
                    -8,
                    1,
                    -2
                ],
                [
                    -3,
                    2,
                    6
                ],
                [
                    6,
                    8,
                    -9
                ],
                [
                    -8,
                    4,
                    -5
                ],
                [
                    -2,
                    -9,
                    7
                ],
                [
                    3,
                    5,
                    -6
                ],
                [
                    6,
                    -3,
                    4
                ],
                [
                    -8,
                    -2,
                    6
                ],
                [
                    8,
                    6,
                    -9
                ],
                [
                    5,
                    -2,
                    8
                ],
                [
                    -5,
                    1,
                    9
                ],
                [
                    -9,
                    2,
                    -3
                ],
                [
                    -10,
                    4,
                    -9
                ],
                [
                    -6,
                    7,
                    -3
                ],
                [
                    -4,
                    1,
                    -8
                ],
                [
                    9,
                    10,
                    -7
                ]
            ],
            "{   'fun': 5.69,\n    'jac': None,\n    'nfev': 133,\n    'nit': None,\n    'njev': None,\n    'x': array([0.25872705, 1.08980188, 0.84006101, 3.08433869, 3.91444103,\n       2.63130041, 0.75341971, 0.68598085, 1.81624709, 2.01511756,\n       1.27448818, 1.30576008, 0.9212998 , 0.8910233 , 0.50470678,\n       1.40731141])}",
            {
                "1100011101": 1,
                "1100111101": 1,
                "0110110000": 1,
                "1101001011": 1,
                "0100010001": 1,
                "1000111010": 1,
                "1000111000": 1,
                "1110100101": 1,
                "1000101001": 1,
                "1010011001": 1,
                "1010010010": 1,
                "1000011000": 1,
                "1100010000": 1,
                "0000000000": 1,
                "1010110101": 1,
                "0001010101": 1,
                "0100001111": 1,
                "0010100111": 1,
                "0000110101": 1,
                "0000101111": 1,
                "0011111001": 1,
                "0101111010": 1,
                "0010010101": 1,
                "1001111100": 1,
                "0101001101": 1,
                "0111101101": 1,
                "1111011101": 1,
                "1001011011": 1,
                "0110100101": 1,
                "1000001111": 1,
                "0100011011": 1,
                "1001101010": 1,
                "0110000001": 1,
                "1100000100": 1,
                "1011100110": 1,
                "0000110111": 1,
                "1100010011": 1,
                "1011110001": 1,
                "0101010110": 1,
                "1000000101": 1,
                "1001101110": 1,
                "1101111010": 2,
                "1000110010": 1,
                "0110001101": 1,
                "0011001000": 2,
                "0000110001": 1,
                "0111010011": 1,
                "1001000111": 1,
                "1100111010": 1,
                "0011100100": 1,
                "1111000000": 1,
                "1010010000": 2,
                "1011000010": 1,
                "0001001000": 1,
                "0111011111": 1,
                "1100001100": 1,
                "1100101101": 1,
                "0110001000": 2,
                "0000000110": 1,
                "1101010000": 2,
                "1001000000": 1,
                "0011011010": 2,
                "0111001011": 1,
                "1010000010": 1,
                "0000100101": 1,
                "1101100110": 1,
                "1000000000": 1,
                "1001001001": 2,
                "1010011011": 1,
                "0000101000": 1,
                "0100111011": 1,
                "1110101011": 1,
                "0111111010": 2,
                "0101010100": 1,
                "1110101111": 1,
                "1110001111": 1,
                "1111000011": 1,
                "0001110010": 1,
                "0100111110": 1,
                "1111011001": 1,
                "1010010001": 1,
                "1010000000": 1,
                "1100100101": 1,
                "1110101000": 1,
                "0000000101": 1,
                "0101101010": 1,
                "0001011011": 1,
                "0011111101": 1,
                "0111011110": 1,
                "1111111101": 1,
                "0000011011": 1,
                "0111100010": 1
            },
            false,
            5.22
        ],
        [
            [
                [
                    8,
                    -5,
                    10
                ],
                [
                    -4,
                    1,
                    -10
                ],
                [
                    -2,
                    5,
                    6
                ],
                [
                    -10,
                    -2,
                    -9
                ],
                [
                    -3,
                    -1,
                    6
                ],
                [
                    -3,
                    9,
                    -10
                ],
                [
                    6,
                    10,
                    -4
                ],
                [
                    3,
                    6,
                    -4
                ],
                [
                    8,
                    -6,
                    7
                ],
                [
                    7,
                    -5,
                    -1
                ],
                [
                    -10,
                    3,
                    -5
                ],
                [
                    6,
                    7,
                    -10
                ],
                [
                    -4,
                    -3,
                    6
                ],
                [
                    -9,
                    -7,
                    2
                ],
                [
                    -2,
                    -9,
                    7
                ],
                [
                    -9,
                    2,
                    -6
                ],
                [
                    9,
                    3,
                    -4
                ],
                [
                    -1,
                    10,
                    8
                ],
                [
                    -4,
                    8,
                    5
                ],
                [
                    7,
                    9,
                    10
                ],
                [
                    -5,
                    -4,
                    -3
                ],
                [
                    7,
                    -2,
                    -6
                ],
                [
                    -10,
                    -4,
                    9
                ],
                [
                    1,
                    2,
                    -6
                ],
                [
                    8,
                    -9,
                    -4
                ],
                [
                    9,
                    -6,
                    -3
                ],
                [
                    -7,
                    -4,
                    -1
                ],
                [
                    -1,
                    -6,
                    -4
                ],
                [
                    -4,
                    -1,
                    7
                ],
                [
                    -5,
                    -3,
                    -8
                ],
                [
                    -10,
                    -3,
                    -2
                ],
                [
                    6,
                    4,
                    8
                ],
                [
                    1,
                    2,
                    3
                ],
                [
                    6,
                    4,
                    -7
                ],
                [
                    6,
                    3,
                    -8
                ],
                [
                    -6,
                    8,
                    4
                ],
                [
                    8,
                    -5,
                    -1
                ],
                [
                    8,
                    -1,
                    7
                ],
                [
                    10,
                    -4,
                    9
                ],
                [
                    -4,
                    -2,
                    9
                ],
                [
                    1,
                    8,
                    -5
                ],
                [
                    6,
                    -5,
                    -9
                ],
                [
                    2,
                    1,
                    3
                ],
                [
                    -10,
                    -6,
                    -9
                ],
                [
                    -4,
                    -2,
                    3
                ]
            ],
            "{   'fun': 5.69,\n    'jac': None,\n    'nfev': 141,\n    'nit': None,\n    'njev': None,\n    'x': array([2.43625358, 3.6200921 , 1.98196651, 0.48888705, 2.26039355,\n       1.05953567, 0.76820701, 2.7811108 , 2.60334623, 3.00752446,\n       0.78733234, 1.24940137, 1.21764708, 3.10820565, 0.21382763,\n       2.18657255])}",
            {
                "0101010000": 1,
                "0111101001": 1,
                "1000110110": 1,
                "1111001010": 1,
                "0110111010": 1,
                "0101001101": 1,
                "1111000011": 1,
                "0000101010": 1,
                "0011111111": 1,
                "1100010110": 1,
                "1110111101": 1,
                "0110000111": 2,
                "0110011011": 1,
                "0111110110": 1,
                "1001000100": 1,
                "1010000011": 1,
                "0111101011": 1,
                "0110010101": 1,
                "1111011101": 1,
                "1011101001": 1,
                "1100000000": 2,
                "0100111000": 1,
                "1110101011": 1,
                "0111100111": 1,
                "1100111010": 1,
                "0110010111": 1,
                "0100000011": 1,
                "0011000111": 1,
                "1101001111": 1,
                "1001110110": 1,
                "0110000110": 1,
                "1011100010": 1,
                "0000111011": 1,
                "0000000110": 1,
                "0011110000": 2,
                "1011010000": 2,
                "1000010100": 1,
                "1011001100": 1,
                "0111111111": 1,
                "1001111110": 1,
                "1000101100": 3,
                "0101011011": 1,
                "1000011100": 1,
                "0100011111": 1,
                "0110011100": 1,
                "1000001000": 1,
                "0001110000": 1,
                "0001101001": 1,
                "0001100110": 1,
                "0010011000": 1,
                "0010011110": 1,
                "0011101111": 1,
                "0101110110": 1,
                "1101101101": 1,
                "1100000111": 1,
                "1110101111": 1,
                "0010001111": 1,
                "1101111011": 1,
                "0001111101": 1,
                "0111000100": 1,
                "1001100100": 1,
                "1001110000": 1,
                "1010010011": 1,
                "0111100101": 2,
                "1011101111": 3,
                "1011111010": 1,
                "0001001100": 1,
                "1011100101": 1,
                "0000011010": 1,
                "0011100011": 1,
                "1000001100": 1,
                "1111111100": 1,
                "0110101111": 1,
                "0110111111": 1,
                "1000000111": 2,
                "0101101110": 3,
                "1101010100": 1,
                "0011001010": 1,
                "1111011111": 1,
                "1100100100": 1,
                "0110101001": 2,
                "0110000011": 1,
                "0010011011": 1,
                "0010101001": 1,
                "1010110100": 1,
                "0011110101": 1,
                "0110000100": 1
            },
            false,
            4.58
        ],
        [
            [
                [
                    5,
                    -8,
                    -4
                ],
                [
                    -1,
                    10,
                    9
                ],
                [
                    -1,
                    -2,
                    -10
                ],
                [
                    -10,
                    -2,
                    8
                ],
                [
                    -8,
                    -10,
                    -3
                ],
                [
                    1,
                    6,
                    5
                ],
                [
                    -6,
                    2,
                    -7
                ],
                [
                    -6,
                    -5,
                    -2
                ],
                [
                    -10,
                    -5,
                    -8
                ],
                [
                    -10,
                    -5,
                    -2
                ],
                [
                    -7,
                    -5,
                    9
                ],
                [
                    -9,
                    -6,
                    2
                ],
                [
                    9,
                    10,
                    -7
                ],
                [
                    10,
                    -9,
                    2
                ],
                [
                    10,
                    -8,
                    4
                ],
                [
                    -2,
                    1,
                    -4
                ],
                [
                    -9,
                    5,
                    4
                ],
                [
                    3,
                    9,
                    -2
                ],
                [
                    -10,
                    1,
                    3
                ],
                [
                    4,
                    -6,
                    -9
                ],
                [
                    9,
                    -1,
                    10
                ],
                [
                    -6,
                    1,
                    3
                ],
                [
                    -1,
                    -9,
                    -5
                ],
                [
                    -3,
                    9,
                    1
                ],
                [
                    -10,
                    -2,
                    -1
                ],
                [
                    -9,
                    3,
                    -1
                ],
                [
                    -7,
                    -1,
                    -2
                ],
                [
                    -4,
                    2,
                    -7
                ],
                [
                    3,
                    5,
                    4
                ],
                [
                    7,
                    -1,
                    10
                ],
                [
                    8,
                    -6,
                    2
                ],
                [
                    -10,
                    1,
                    -8
                ],
                [
                    -10,
                    -6,
                    -8
                ],
                [
                    3,
                    -7,
                    9
                ],
                [
                    3,
                    -9,
                    10
                ],
                [
                    -2,
                    7,
                    -4
                ],
                [
                    6,
                    -4,
                    8
                ],
                [
                    -4,
                    10,
                    8
                ],
                [
                    8,
                    -6,
                    10
                ],
                [
                    -2,
                    1,
                    -10
                ],
                [
                    -6,
                    10,
                    9
                ],
                [
                    -5,
                    2,
                    -6
                ],
                [
                    -8,
                    7,
                    4
                ],
                [
                    -5,
                    -3,
                    6
                ],
                [
                    8,
                    10,
                    1
                ]
            ],
            "{   'fun': 5.83,\n    'jac': None,\n    'nfev': 131,\n    'nit': None,\n    'njev': None,\n    'x': array([1.18975637, 1.6238996 , 1.70350614, 0.37797444, 0.89775063,\n       2.83242089, 2.28534168, 0.30747704, 0.58674185, 0.27607416,\n       1.06519827, 2.01665004, 2.03532341, 3.1575641 , 2.43452966,\n       1.22552302])}",
            {
                "0010100000": 1,
                "0001111100": 1,
                "1000100001": 1,
                "1100101100": 1,
                "0101001011": 1,
                "1011110011": 1,
                "0010001100": 1,
                "0101011010": 1,
                "1011010110": 1,
                "1010010010": 1,
                "0011100100": 1,
                "1001101111": 1,
                "1011010011": 1,
                "0101001110": 1,
                "0101010011": 1,
                "1111111101": 1,
                "0110001001": 1,
                "0110010110": 1,
                "1011000110": 1,
                "1010100100": 1,
                "0011111001": 2,
                "1101101111": 1,
                "0010011110": 1,
                "1011111100": 1,
                "1001100101": 1,
                "0001111110": 1,
                "0110110010": 1,
                "1010110101": 1,
                "0111101011": 1,
                "0011110010": 1,
                "0101001000": 1,
                "0111110000": 1,
                "1101110000": 1,
                "0100011110": 1,
                "0111011110": 1,
                "0100100100": 3,
                "0110001101": 1,
                "0111001001": 1,
                "1001110101": 1,
                "1011111110": 1,
                "1001010010": 1,
                "0000101011": 1,
                "0100111000": 1,
                "1101111101": 1,
                "1101000100": 1,
                "1101000010": 1,
                "0011101101": 1,
                "1000111110": 1,
                "1111100100": 1,
                "0110010001": 3,
                "0100110001": 2,
                "1100010011": 1,
                "1011010100": 1,
                "1101011000": 1,
                "1111110000": 1,
                "1101000001": 1,
                "0100101111": 1,
                "1101101011": 1,
                "0011101010": 1,
                "1110000100": 1,
                "1110001000": 2,
                "0100100000": 1,
                "0010111001": 1,
                "1001110001": 1,
                "1010010101": 1,
                "0000101110": 1,
                "0011110000": 1,
                "0001010100": 1,
                "0011000100": 1,
                "1011000101": 2,
                "1111110011": 1,
                "1110110001": 1,
                "0100101000": 1,
                "1100111110": 2,
                "0000011101": 1,
                "0111010101": 1,
                "1010100001": 2,
                "1001110100": 1,
                "1001001001": 1,
                "1011001010": 1,
                "1011000111": 1,
                "1101101110": 1,
                "0010100110": 1,
                "1110110010": 2,
                "0000111010": 1,
                "1110000101": 1,
                "1110101101": 1,
                "1000011101": 2
            },
            false,
            5.07
        ],
        [
            [
                [
                    -4,
                    -8,
                    6
                ],
                [
                    7,
                    10,
                    -4
                ],
                [
                    -9,
                    7,
                    -3
                ],
                [
                    7,
                    -6,
                    -3
                ],
                [
                    7,
                    9,
                    -3
                ],
                [
                    -9,
                    8,
                    1
                ],
                [
                    4,
                    -7,
                    1
                ],
                [
                    9,
                    5,
                    7
                ],
                [
                    5,
                    10,
                    3
                ],
                [
                    9,
                    7,
                    -3
                ],
                [
                    4,
                    -3,
                    -10
                ],
                [
                    6,
                    -9,
                    -4
                ],
                [
                    -2,
                    6,
                    8
                ],
                [
                    -7,
                    6,
                    2
                ],
                [
                    -6,
                    5,
                    -10
                ],
                [
                    -8,
                    -4,
                    1
                ],
                [
                    -9,
                    -10,
                    8
                ],
                [
                    2,
                    -1,
                    4
                ],
                [
                    9,
                    6,
                    2
                ],
                [
                    5,
                    8,
                    -7
                ],
                [
                    10,
                    8,
                    -6
                ],
                [
                    3,
                    -1,
                    -6
                ],
                [
                    -1,
                    -5,
                    4
                ],
                [
                    -3,
                    8,
                    -2
                ],
                [
                    -8,
                    2,
                    -4
                ],
                [
                    -8,
                    9,
                    -5
                ],
                [
                    -1,
                    -9,
                    3
                ],
                [
                    -6,
                    -3,
                    5
                ],
                [
                    7,
                    8,
                    -5
                ],
                [
                    -8,
                    -2,
                    6
                ],
                [
                    -9,
                    2,
                    7
                ],
                [
                    10,
                    8,
                    -2
                ],
                [
                    -9,
                    4,
                    -7
                ],
                [
                    1,
                    5,
                    9
                ],
                [
                    7,
                    -10,
                    -8
                ],
                [
                    -4,
                    3,
                    -2
                ],
                [
                    2,
                    4,
                    -8
                ],
                [
                    8,
                    4,
                    -5
                ],
                [
                    3,
                    2,
                    8
                ],
                [
                    -3,
                    8,
                    -9
                ],
                [
                    -6,
                    -10,
                    3
                ],
                [
                    -10,
                    -8,
                    6
                ],
                [
                    -6,
                    -9,
                    1
                ],
                [
                    -3,
                    -5,
                    -10
                ],
                [
                    -5,
                    7,
                    10
                ]
            ],
            "{   'fun': 5.77,\n    'jac': None,\n    'nfev': 127,\n    'nit': None,\n    'njev': None,\n    'x': array([1.94187824, 1.90078871, 1.0646922 , 1.08583477, 1.61522284,\n       2.37069526, 1.70762884, 2.11894152, 0.56352485, 0.78524582,\n       2.80000481, 0.18707697, 2.77525136, 3.04104867, 2.1255544 ,\n       2.19299546])}",
            {
                "1010001111": 1,
                "1110011100": 1,
                "0001000100": 1,
                "1111101110": 1,
                "0111111101": 1,
                "0111111100": 1,
                "1101110101": 1,
                "1001001110": 1,
                "0111110011": 2,
                "0011001100": 1,
                "1001111110": 1,
                "1111010000": 1,
                "0100110011": 1,
                "0010101000": 1,
                "0010001110": 1,
                "0101110001": 1,
                "0110010001": 1,
                "1111111110": 1,
                "1010001001": 1,
                "0001011111": 1,
                "0100011110": 1,
                "1011111110": 1,
                "1101111100": 1,
                "1001100001": 1,
                "0010000001": 1,
                "1110010010": 1,
                "1101011010": 1,
                "1001110011": 1,
                "1011001101": 1,
                "0110000111": 1,
                "0001001001": 1,
                "1100100001": 1,
                "1000110111": 1,
                "1011011100": 1,
                "1011101111": 1,
                "0011110100": 1,
                "1000110101": 1,
                "1101001100": 1,
                "1111010110": 1,
                "1111000011": 1,
                "0001110110": 2,
                "1110011010": 1,
                "1011101110": 1,
                "1010100010": 2,
                "1010110011": 1,
                "1000111011": 1,
                "1110110010": 1,
                "0000111101": 1,
                "1001100110": 1,
                "0000100010": 1,
                "0000011110": 1,
                "0100000011": 1,
                "0110000010": 1,
                "0100101010": 1,
                "1010001110": 1,
                "1001000101": 1,
                "0110001000": 1,
                "1001101011": 2,
                "1100000100": 1,
                "0000010010": 1,
                "0001001100": 1,
                "0100111100": 1,
                "1001000001": 1,
                "1010100101": 3,
                "1100101101": 1,
                "1011100000": 1,
                "0000001111": 1,
                "0101100001": 1,
                "1001010110": 1,
                "1010110110": 1,
                "0110011010": 1,
                "1011100111": 1,
                "0100110000": 2,
                "1110011000": 1,
                "0010011011": 2,
                "0011110001": 1,
                "0111100100": 1,
                "0101001100": 1,
                "0101010000": 1,
                "1101011001": 1,
                "0100111010": 1,
                "0100011000": 1,
                "1011101000": 1,
                "0001110111": 1,
                "0010110110": 1,
                "0101110101": 1,
                "1011010001": 1,
                "0001100000": 1,
                "1010000101": 2,
                "1100101010": 1,
                "0011101100": 1
            },
            false,
            4.99
        ]
    ]
}