{
    "n": 10,
    "m": 45,
    "results": [
        [
            [
                [
                    -5,
                    9,
                    6
                ],
                [
                    -3,
                    5,
                    -1
                ],
                [
                    10,
                    8,
                    3
                ],
                [
                    -9,
                    -8,
                    7
                ],
                [
                    7,
                    1,
                    8
                ],
                [
                    -2,
                    6,
                    -1
                ],
                [
                    2,
                    10,
                    8
                ],
                [
                    -9,
                    4,
                    -2
                ],
                [
                    7,
                    -1,
                    2
                ],
                [
                    9,
                    6,
                    -3
                ],
                [
                    -2,
                    9,
                    6
                ],
                [
                    -1,
                    -6,
                    4
                ],
                [
                    -9,
                    -5,
                    -4
                ],
                [
                    10,
                    6,
                    4
                ],
                [
                    9,
                    6,
                    3
                ],
                [
                    4,
                    -6,
                    3
                ],
                [
                    4,
                    -5,
                    -3
                ],
                [
                    -6,
                    -3,
                    2
                ],
                [
                    -3,
                    -1,
                    6
                ],
                [
                    -7,
                    6,
                    5
                ],
                [
                    -6,
                    1,
                    -4
                ],
                [
                    -7,
                    -2,
                    -4
                ],
                [
                    -6,
                    4,
                    -2
                ],
                [
                    -5,
                    6,
                    -3
                ],
                [
                    5,
                    6,
                    9
                ],
                [
                    -3,
                    -8,
                    5
                ],
                [
                    10,
                    -9,
                    -5
                ],
                [
                    -4,
                    1,
                    10
                ],
                [
                    -8,
                    4,
                    2
                ],
                [
                    -2,
                    -1,
                    -7
                ],
                [
                    -10,
                    2,
                    7
                ],
                [
                    -3,
                    -7,
                    8
                ],
                [
                    -2,
                    -9,
                    7
                ],
                [
                    -10,
                    1,
                    -4
                ],
                [
                    -1,
                    -5,
                    4
                ],
                [
                    -5,
                    -6,
                    1
                ],
                [
                    4,
                    10,
                    -5
                ],
                [
                    -3,
                    2,
                    -10
                ],
                [
                    6,
                    10,
                    -2
                ],
                [
                    -9,
                    -6,
                    -7
                ],
                [
                    9,
                    -4,
                    -8
                ],
                [
                    6,
                    -2,
                    -8
                ],
                [
                    8,
                    5,
                    2
                ],
                [
                    -2,
                    9,
                    3
                ],
                [
                    -4,
                    -10,
                    8
                ]
            ],
            "{   'fun': 1.0,\n    'jac': None,\n    'nfev': 39,\n    'nit': None,\n    'njev': None,\n    'x': array([1.81629873, 1.49478337, 0.25657599, 0.60303186])}",
            {
                "1010011101": 1,
                "0011110000": 1,
                "0011110111": 1,
                "1100110010": 1,
                "0011101001": 1,
                "1010011001": 1,
                "1100111111": 1,
                "1001100110": 1,
                "1110100101": 1,
                "0110111100": 1,
                "1011110001": 1,
                "1011110100": 1,
                "1101010001": 1,
                "0100011011": 1,
                "0001101101": 1,
                "1110011010": 1,
                "1000001101": 1,
                "1100110001": 1,
                "0111010110": 1,
                "1001000111": 1,
                "1001101101": 1,
                "0100110110": 1,
                "0010000101": 1,
                "0111001000": 1,
                "0010110000": 1,
                "0011001111": 1,
                "0111100010": 1,
                "1110110001": 1,
                "0100101110": 1,
                "1001101111": 1,
                "1011100000": 1,
                "1010010011": 1,
                "1100001001": 2,
                "1000001011": 1,
                "0100100011": 1,
                "0000001001": 1,
                "1100100101": 1,
                "1000101110": 1,
                "1110111000": 1,
                "1110110010": 1,
                "1001010001": 1,
                "1011110010": 1,
                "0111101001": 1,
                "1010000011": 1,
                "0010010011": 1,
                "0110001110": 1,
                "0100011110": 1,
                "0000100100": 1,
                "0110001101": 2,
                "0011111000": 1,
                "1010000010": 1,
                "0010111111": 1,
                "1100011001": 2,
                "1110110101": 1,
                "0111010111": 1,
                "0101000100": 1,
                "0110000100": 1,
                "1011110110": 1,
                "1001010100": 1,
                "0101001001": 3,
                "0011010010": 1,
                "0110000000": 1,
                "1001101010": 1,
                "1111110001": 1,
                "1011001111": 1,
                "1000100110": 1,
                "0000000011": 1,
                "0110000110": 1,
                "0100000101": 1,
                "1000010001": 1,
                "1110010001": 1,
                "1101111111": 1,
                "0001110000": 1,
                "0001101000": 1,
                "0000001000": 1,
                "1101101100": 1,
                "1110100110": 1,
                "1001110011": 1,
                "0101101110": 1,
                "1001010000": 1,
                "1010011110": 1,
                "1010110011": 1,
                "0010110001": 1,
                "1100010000": 1,
                "0101001010": 1,
                "1010110100": 2,
                "1111101101": 2,
                "0001011111": 1,
                "0100001011": 1,
                "1100110110": 1,
                "0110101111": 1,
                "1000100011": 1,
                "0100101010": 1
            },
            false,
            0.99
        ],
        [
            [
                [
                    -1,
                    4,
                    10
                ],
                [
                    1,
                    -7,
                    -2
                ],
                [
                    3,
                    -5,
                    -1
                ],
                [
                    4,
                    -3,
                    8
                ],
                [
                    9,
                    2,
                    -5
                ],
                [
                    -9,
                    7,
                    1
                ],
                [
                    -6,
                    9,
                    7
                ],
                [
                    -10,
                    -9,
                    1
                ],
                [
                    -1,
                    -4,
                    8
                ],
                [
                    9,
                    -6,
                    -8
                ],
                [
                    10,
                    2,
                    3
                ],
                [
                    -2,
                    7,
                    -6
                ],
                [
                    -6,
                    -7,
                    -4
                ],
                [
                    2,
                    -9,
                    10
                ],
                [
                    3,
                    -5,
                    -1
                ],
                [
                    3,
                    8,
                    7
                ],
                [
                    -3,
                    -4,
                    -10
                ],
                [
                    5,
                    -9,
                    4
                ],
                [
                    1,
                    -8,
                    -6
                ],
                [
                    -5,
                    -2,
                    7
                ],
                [
                    -1,
                    -5,
                    2
                ],
                [
                    -5,
                    7,
                    3
                ],
                [
                    -4,
                    5,
                    -10
                ],
                [
                    -10,
                    -6,
                    2
                ],
                [
                    -9,
                    5,
                    -4
                ],
                [
                    10,
                    -4,
                    -6
                ],
                [
                    -10,
                    -7,
                    -3
                ],
                [
                    6,
                    -4,
                    -1
                ],
                [
                    8,
                    -2,
                    -9
                ],
                [
                    8,
                    7,
                    -2
                ],
                [
                    10,
                    -8,
                    -2
                ],
                [
                    -3,
                    4,
                    -6
                ],
                [
                    -7,
                    4,
                    -3
                ],
                [
                    4,
                    9,
                    10
                ],
                [
                    4,
                    -10,
                    -1
                ],
                [
                    1,
                    -9,
                    -5
                ],
                [
                    3,
                    4,
                    -10
                ],
                [
                    -9,
                    10,
                    8
                ],
                [
                    -4,
                    1,
                    5
                ],
                [
                    3,
                    -6,
                    2
                ],
                [
                    -5,
                    7,
                    -4
                ],
                [
                    -2,
                    -3,
                    -1
                ],
                [
                    -5,
                    9,
                    7
                ],
                [
                    -2,
                    1,
                    -10
                ],
                [
                    -5,
                    -4,
                    1
                ]
            ],
            "{   'fun': 1.0,\n    'jac': None,\n    'nfev': 41,\n    'nit': None,\n    'njev': None,\n    'x': array([0.75127254, 0.35532967, 2.16441146, 4.12581608])}",
            {
                "1010111010": 1,
                "1111010000": 1,
                "0110111101": 1,
                "0100000111": 1,
                "0101111100": 1,
                "1100011001": 1,
                "0100000001": 1,
                "1111011001": 1,
                "1000101100": 1,
                "0100100101": 1,
                "1110001000": 1,
                "1111110101": 1,
                "1000110011": 1,
                "0101010000": 1,
                "1101100010": 1,
                "0101011010": 1,
                "0011110111": 1,
                "1101101011": 1,
                "0101001000": 1,
                "1010011101": 1,
                "0110100101": 1,
                "1110100100": 1,
                "1011001000": 2,
                "0110111000": 1,
                "0001101100": 1,
                "0110100110": 1,
                "0001010111": 1,
                "0010100100": 1,
                "1110010010": 1,
                "0000010001": 1,
                "1100101100": 1,
                "1101000000": 1,
                "0110100001": 1,
                "0010010011": 1,
                "0111110011": 1,
                "1010111111": 1,
                "0000001010": 1,
                "1110010001": 1,
                "1101100001": 1,
                "1101111111": 1,
                "0001110011": 2,
                "0011100100": 1,
                "1000000001": 1,
                "0000110000": 1,
                "0000000011": 1,
                "0111101111": 1,
                "1011110100": 1,
                "0001111001": 1,
                "0001110110": 1,
                "1100011100": 1,
                "1101111100": 1,
                "0101010110": 1,
                "0111000111": 1,
                "0101010111": 1,
                "0100001010": 1,
                "1011000011": 1,
                "0001010010": 1,
                "1000100011": 1,
                "1000001100": 1,
                "0000100001": 1,
                "0110110101": 1,
                "0111010010": 1,
                "1111100010": 1,
                "1010011010": 2,
                "1010101000": 1,
                "0111100101": 1,
                "1100001000": 1,
                "0011001110": 1,
                "0001110101": 1,
                "0001111110": 1,
                "0001110001": 1,
                "1001011011": 1,
                "0101111111": 1,
                "0111001000": 1,
                "1000110110": 1,
                "0010000111": 1,
                "0101000000": 1,
                "1011100000": 1,
                "0101111110": 1,
                "1001010111": 1,
                "0100110011": 1,
                "1011111101": 1,
                "1111101010": 1,
                "0010001011": 2,
                "1110101111": 1,
                "1100000111": 1,
                "0010001010": 1,
                "1101001110": 1,
                "0001101001": 1,
                "0001101011": 1,
                "0011000000": 1,
                "1001111111": 1,
                "0010110111": 1,
                "0011001100": 1,
                "1111111111": 1,
                "0000010110": 1
            },
            false,
            0.98
        ],
        [
            [
                [
                    -6,
                    9,
                    8
                ],
                [
                    -10,
                    -4,
                    8
                ],
                [
                    5,
                    -10,
                    9
                ],
                [
                    -3,
                    -8,
                    -4
                ],
                [
                    3,
                    9,
                    6
                ],
                [
                    -7,
                    -2,
                    4
                ],
                [
                    -1,
                    -10,
                    -3
                ],
                [
                    -6,
                    -2,
                    8
                ],
                [
                    -7,
                    -10,
                    -6
                ],
                [
                    9,
                    -1,
                    10
                ],
                [
                    4,
                    2,
                    -3
                ],
                [
                    7,
                    -10,
                    -8
                ],
                [
                    -7,
                    6,
                    -10
                ],
                [
                    -7,
                    10,
                    8
                ],
                [
                    -2,
                    -9,
                    -4
                ],
                [
                    -7,
                    4,
                    -6
                ],
                [
                    -10,
                    -1,
                    -7
                ],
                [
                    5,
                    4,
                    -9
                ],
                [
                    -3,
                    -8,
                    2
                ],
                [
                    1,
                    -9,
                    2
                ],
                [
                    -6,
                    5,
                    -7
                ],
                [
                    6,
                    4,
                    2
                ],
                [
                    1,
                    7,
                    4
                ],
                [
                    -9,
                    -6,
                    10
                ],
                [
                    7,
                    5,
                    -4
                ],
                [
                    -4,
                    -5,
                    9
                ],
                [
                    -8,
                    -1,
                    -5
                ],
                [
                    9,
                    -2,
                    8
                ],
                [
                    -4,
                    -6,
                    -7
                ],
                [
                    4,
                    -3,
                    -6
                ],
                [
                    2,
                    10,
                    3
                ],
                [
                    -5,
                    1,
                    9
                ],
                [
                    9,
                    -4,
                    -3
                ],
                [
                    -2,
                    -9,
                    -6
                ],
                [
                    -7,
                    -9,
                    -4
                ],
                [
                    -4,
                    10,
                    2
                ],
                [
                    2,
                    8,
                    -4
                ],
                [
                    -2,
                    -9,
                    -7
                ],
                [
                    -7,
                    5,
                    2
                ],
                [
                    2,
                    -6,
                    -7
                ],
                [
                    4,
                    8,
                    -6
                ],
                [
                    10,
                    -8,
                    -3
                ],
                [
                    -9,
                    3,
                    -2
                ],
                [
                    3,
                    1,
                    -7
                ],
                [
                    -9,
                    -6,
                    5
                ]
            ],
            "{   'fun': 1.0,\n    'jac': None,\n    'nfev': 25,\n    'nit': None,\n    'njev': None,\n    'x': array([1.20550453, 0.72007837, 1.89708972, 1.36126478])}",
            {
                "1010111100": 1,
                "0000000011": 1,
                "0100001001": 1,
                "0000001001": 1,
                "1010100100": 1,
                "0101001010": 1,
                "1110101111": 1,
                "0011100001": 1,
                "1001011110": 1,
                "0011100010": 1,
                "1000100100": 1,
                "0111101111": 1,
                "0011110011": 1,
                "1101111000": 1,
                "0100110011": 1,
                "0101010001": 1,
                "1001001001": 1,
                "0011000011": 1,
                "0011100101": 1,
                "1000101100": 1,
                "1010000010": 1,
                "1100100110": 1,
                "1011011110": 1,
                "0101000001": 1,
                "0111110111": 1,
                "0010111011": 1,
                "1001100001": 1,
                "0100001011": 1,
                "0101100110": 1,
                "0011111011": 1,
                "1101010111": 1,
                "1000000100": 1,
                "1110110100": 1,
                "0110100101": 1,
                "1100101010": 1,
                "0100101110": 2,
                "0111010101": 1,
                "0111001000": 1,
                "1111011101": 1,
                "1010010100": 1,
                "1100110010": 1,
                "0111101110": 1,
                "1111111000": 1,
                "1000001111": 2,
                "0110001011": 1,
                "1011010011": 1,
                "1011100111": 3,
                "1100100111": 1,
                "1110101100": 1,
                "0111000001": 1,
                "0010000101": 1,
                "1010100111": 2,
                "0110100011": 1,
                "1111101010": 1,
                "1101100000": 1,
                "0001110110": 1,
                "0011111001": 1,
                "1000000001": 1,
                "0101010101": 1,
                "0000100011": 1,
                "0001001010": 1,
                "1001110011": 1,
                "1101001111": 1,
                "1000100011": 1,
                "1101001010": 1,
                "1010110010": 1,
                "1111100011": 1,
                "1011010111": 1,
                "1001000100": 1,
                "0111100001": 1,
                "1000110100": 1,
                "1111011111": 1,
                "1011110001": 1,
                "1100010011": 1,
                "1101011101": 1,
                "1010011100": 1,
                "1101011011": 2,
                "0001010001": 1,
                "0100001101": 1,
                "1011101110": 1,
                "0000001101": 1,
                "1010000000": 1,
                "0000000101": 1,
                "0110011110": 1,
                "1011000001": 1,
                "1110110101": 1,
                "0111011011": 1,
                "1101101101": 1,
                "1100000100": 1,
                "0111010010": 1,
                "1101010000": 1,
                "1110110110": 1,
                "1011010101": 1,
                "1000100001": 1
            },
            false,
            1.0
        ],
        [
            [
                [
                    -7,
                    -6,
                    10
                ],
                [
                    6,
                    9,
                    5
                ],
                [
                    -4,
                    -6,
                    3
                ],
                [
                    -10,
                    -6,
                    -5
                ],
                [
                    -8,
                    -3,
                    5
                ],
                [
                    6,
                    -9,
                    8
                ],
                [
                    -3,
                    -9,
                    -5
                ],
                [
                    7,
                    -3,
                    -2
                ],
                [
                    4,
                    -1,
                    3
                ],
                [
                    6,
                    -1,
                    9
                ],
                [
                    2,
                    6,
                    -7
                ],
                [
                    -6,
                    7,
                    -10
                ],
                [
                    9,
                    3,
                    -8
                ],
                [
                    -7,
                    5,
                    8
                ],
                [
                    -2,
                    -10,
                    1
                ],
                [
                    -5,
                    -10,
                    4
                ],
                [
                    7,
                    6,
                    3
                ],
                [
                    2,
                    -6,
                    -1
                ],
                [
                    5,
                    7,
                    -6
                ],
                [
                    1,
                    8,
                    -3
                ],
                [
                    -2,
                    7,
                    10
                ],
                [
                    2,
                    -1,
                    -10
                ],
                [
                    -2,
                    6,
                    -1
                ],
                [
                    2,
                    9,
                    -1
                ],
                [
                    -1,
                    10,
                    -9
                ],
                [
                    8,
                    5,
                    9
                ],
                [
                    -10,
                    -2,
                    -6
                ],
                [
                    8,
                    9,
                    6
                ],
                [
                    -2,
                    -7,
                    4
                ],
                [
                    8,
                    7,
                    -3
                ],
                [
                    -5,
                    -4,
                    -9
                ],
                [
                    -4,
                    -5,
                    1
                ],
                [
                    -8,
                    -2,
                    9
                ],
                [
                    -5,
                    -9,
                    7
                ],
                [
                    -3,
                    -7,
                    -9
                ],
                [
                    -3,
                    -4,
                    -9
                ],
                [
                    6,
                    -8,
                    -5
                ],
                [
                    -9,
                    -4,
                    10
                ],
                [
                    -5,
                    -7,
                    3
                ],
                [
                    7,
                    4,
                    10
                ],
                [
                    -3,
                    2,
                    -8
                ],
                [
                    6,
                    4,
                    -9
                ],
                [
                    -8,
                    -3,
                    4
                ],
                [
                    -6,
                    10,
                    1
                ],
                [
                    -9,
                    4,
                    -7
                ]
            ],
            "{   'fun': 1.0,\n    'jac': None,\n    'nfev': 25,\n    'nit': None,\n    'njev': None,\n    'x': array([1.10541887, 0.99838178, 1.92665882, 1.14246927])}",
            {
                "0010100100": 1,
                "0101111011": 1,
                "1111110011": 1,
                "1100110110": 1,
                "0100011001": 1,
                "0010010100": 1,
                "1001101101": 1,
                "1111100000": 1,
                "0100010010": 1,
                "0111101101": 1,
                "1110101110": 1,
                "1011000010": 1,
                "0100000010": 1,
                "1010010101": 1,
                "0111100001": 1,
                "1001010010": 1,
                "0110010011": 1,
                "1101010001": 1,
                "0010000100": 1,
                "1110001000": 1,
                "1000010101": 1,
                "1001110010": 1,
                "1110100110": 1,
                "1011000001": 1,
                "0001000100": 1,
                "0101001000": 1,
                "0100111101": 1,
                "1110011000": 1,
                "1011100001": 1,
                "1110011001": 1,
                "1101111010": 2,
                "1001011000": 1,
                "1110011111": 1,
                "0000001001": 1,
                "0000100110": 1,
                "1010010001": 1,
                "1101101111": 1,
                "0101001011": 1,
                "1011001000": 1,
                "0100011010": 2,
                "0110110110": 1,
                "1010110111": 1,
                "1111100111": 1,
                "1100001101": 2,
                "0001101110": 1,
                "0111010111": 1,
                "1001101000": 1,
                "1000101110": 1,
                "1011101010": 1,
                "0010001101": 2,
                "1111000101": 1,
                "1000011110": 1,
                "1111110000": 1,
                "0101010100": 1,
                "0110010001": 1,
                "0111111111": 1,
                "1010110100": 1,
                "0100001001": 1,
                "1110110010": 1,
                "0100101110": 1,
                "0000001110": 1,
                "1100101010": 1,
                "0011000101": 1,
                "0100011101": 1,
                "1001101010": 1,
                "0001110001": 1,
                "0101000011": 1,
                "0111011000": 1,
                "1010010010": 1,
                "0010001111": 1,
                "0111010001": 1,
                "1100110000": 1,
                "0000100001": 1,
                "1010101100": 1,
                "0111110010": 1,
                "0100110100": 1,
                "1011100011": 1,
                "1110010010": 1,
                "1101011010": 1,
                "0111110111": 1,
                "0110000101": 1,
                "1001111010": 1,
                "1000111101": 2,
                "1000010111": 1,
                "0110001111": 1,
                "0011101101": 1,
                "0001101010": 1,
                "0110011111": 1,
                "0011101000": 1,
                "1001110100": 1,
                "0101110000": 1,
                "1111000010": 1,
                "0000011101": 1,
                "0001100111": 1,
                "0100101010": 1
            },
            false,
            1.0
        ],
        [
            [
                [
                    3,
                    8,
                    -7
                ],
                [
                    -10,
                    -7,
                    -3
                ],
                [
                    6,
                    -8,
                    10
                ],
                [
                    -2,
                    -4,
                    -1
                ],
                [
                    -6,
                    -4,
                    5
                ],
                [
                    7,
                    6,
                    -3
                ],
                [
                    -4,
                    -3,
                    2
                ],
                [
                    -5,
                    2,
                    6
                ],
                [
                    6,
                    -9,
                    2
                ],
                [
                    -10,
                    1,
                    7
                ],
                [
                    4,
                    9,
                    1
                ],
                [
                    4,
                    -2,
                    1
                ],
                [
                    1,
                    5,
                    7
                ],
                [
                    -3,
                    -4,
                    -7
                ],
                [
                    -2,
                    -3,
                    9
                ],
                [
                    5,
                    10,
                    -9
                ],
                [
                    -6,
                    -4,
                    -9
                ],
                [
                    1,
                    4,
                    -5
                ],
                [
                    10,
                    -7,
                    -5
                ],
                [
                    -10,
                    -7,
                    9
                ],
                [
                    -6,
                    -7,
                    2
                ],
                [
                    6,
                    -2,
                    -7
                ],
                [
                    -2,
                    -5,
                    10
                ],
                [
                    3,
                    -9,
                    -8
                ],
                [
                    -6,
                    4,
                    -10
                ],
                [
                    4,
                    3,
                    1
                ],
                [
                    1,
                    -3,
                    -6
                ],
                [
                    2,
                    3,
                    -9
                ],
                [
                    -7,
                    10,
                    2
                ],
                [
                    5,
                    -2,
                    3
                ],
                [
                    -8,
                    -3,
                    10
                ],
                [
                    9,
                    -5,
                    4
                ],
                [
                    -1,
                    -5,
                    -9
                ],
                [
                    -5,
                    10,
                    8
                ],
                [
                    -1,
                    -5,
                    -9
                ],
                [
                    -7,
                    9,
                    1
                ],
                [
                    7,
                    -10,
                    1
                ],
                [
                    -5,
                    10,
                    -6
                ],
                [
                    9,
                    -7,
                    5
                ],
                [
                    -3,
                    -8,
                    9
                ],
                [
                    -1,
                    -3,
                    7
                ],
                [
                    -5,
                    -3,
                    -6
                ],
                [
                    -5,
                    -6,
                    2
                ],
                [
                    3,
                    10,
                    4
                ],
                [
                    -3,
                    -1,
                    2
                ]
            ],
            "{   'fun': 1.0,\n    'jac': None,\n    'nfev': 41,\n    'nit': None,\n    'njev': None,\n    'x': array([0.25625222, 1.08951578, 0.83800401, 3.08397273])}",
            {
                "0101001001": 1,
                "1000100110": 1,
                "0010101111": 1,
                "0000101011": 1,
                "0100011000": 1,
                "0110011010": 1,
                "1011100111": 1,
                "1100101100": 1,
                "1100101111": 1,
                "1010010101": 1,
                "0000000101": 1,
                "1101011010": 1,
                "0010011000": 1,
                "1101101011": 1,
                "1011011010": 1,
                "1111101100": 1,
                "1001111100": 1,
                "0101100111": 1,
                "1000110100": 1,
                "0101000001": 1,
                "1110011010": 1,
                "0100010001": 1,
                "1100101011": 2,
                "0101100110": 1,
                "1100101101": 1,
                "1101101001": 1,
                "0101111000": 1,
                "1011101011": 1,
                "0010101100": 1,
                "1011100110": 1,
                "1101101101": 2,
                "1101000101": 1,
                "0000100101": 2,
                "0111100111": 1,
                "1111100000": 1,
                "1110001100": 1,
                "1101110110": 1,
                "0001110001": 1,
                "1111010001": 1,
                "0110000101": 1,
                "0111001011": 1,
                "1011000100": 1,
                "1011000001": 1,
                "1000101101": 3,
                "0110000010": 1,
                "0011110011": 1,
                "0100110110": 1,
                "1010010000": 1,
                "0100000101": 1,
                "1111111011": 1,
                "0001110110": 1,
                "1000000100": 1,
                "0001100101": 1,
                "1001101101": 1,
                "1000001011": 1,
                "0000101010": 1,
                "1001111000": 1,
                "1111000100": 1,
                "0101001000": 1,
                "0111110000": 1,
                "0111000000": 1,
                "1000100100": 1,
                "0011100100": 1,
                "0101010001": 1,
                "0100100010": 1,
                "0111100110": 1,
                "0000011001": 1,
                "1100010000": 1,
                "1001100101": 1,
                "0010110001": 1,
                "1010110011": 1,
                "0000110000": 1,
                "0011100010": 1,
                "0000101101": 2,
                "1111010010": 1,
                "1110101011": 1,
                "1111100001": 1,
                "0011010011": 1,
                "0110100100": 1,
                "0111000101": 1,
                "0111000100": 1,
                "1001010111": 1,
                "0000111110": 1,
                "0101110110": 2,
                "0110111001": 1,
                "1111011110": 1,
                "0101110101": 1,
                "0011001011": 1,
                "0010101110": 1,
                "1110111111": 1,
                "0111001000": 1,
                "1110100010": 1,
                "1001110100": 1
            },
            false,
            0.98
        ]
    ]
}