{
    "n": 10,
    "m": 45,
    "results": [
        [
            [
                [
                    -1,
                    -6,
                    -3
                ],
                [
                    4,
                    6,
                    -2
                ],
                [
                    -3,
                    5,
                    -1
                ],
                [
                    -6,
                    -3,
                    -5
                ],
                [
                    -6,
                    -3,
                    7
                ],
                [
                    2,
                    -5,
                    7
                ],
                [
                    7,
                    3,
                    -9
                ],
                [
                    2,
                    3,
                    -4
                ],
                [
                    -2,
                    8,
                    9
                ],
                [
                    2,
                    -10,
                    3
                ],
                [
                    3,
                    4,
                    -9
                ],
                [
                    -6,
                    4,
                    -9
                ],
                [
                    -8,
                    -3,
                    9
                ],
                [
                    -2,
                    9,
                    -10
                ],
                [
                    -1,
                    -6,
                    7
                ],
                [
                    9,
                    6,
                    10
                ],
                [
                    -7,
                    -10,
                    -4
                ],
                [
                    9,
                    6,
                    10
                ],
                [
                    -3,
                    -4,
                    -7
                ],
                [
                    3,
                    -1,
                    -9
                ],
                [
                    -5,
                    -2,
                    8
                ],
                [
                    7,
                    -4,
                    1
                ],
                [
                    -1,
                    9,
                    7
                ],
                [
                    -4,
                    1,
                    -3
                ],
                [
                    -3,
                    1,
                    9
                ],
                [
                    -1,
                    -5,
                    10
                ],
                [
                    -3,
                    -6,
                    2
                ],
                [
                    -10,
                    4,
                    5
                ],
                [
                    -9,
                    -10,
                    6
                ],
                [
                    -6,
                    -2,
                    -8
                ],
                [
                    -5,
                    7,
                    6
                ],
                [
                    9,
                    6,
                    -5
                ],
                [
                    10,
                    -2,
                    -6
                ],
                [
                    10,
                    8,
                    5
                ],
                [
                    4,
                    -8,
                    -6
                ],
                [
                    -3,
                    1,
                    -2
                ],
                [
                    -4,
                    -6,
                    -7
                ],
                [
                    -5,
                    -4,
                    10
                ],
                [
                    4,
                    -1,
                    -3
                ],
                [
                    -9,
                    -3,
                    -10
                ],
                [
                    10,
                    4,
                    -3
                ],
                [
                    -2,
                    -1,
                    8
                ],
                [
                    -2,
                    -5,
                    -7
                ],
                [
                    -2,
                    -4,
                    -5
                ],
                [
                    -8,
                    9,
                    -3
                ]
            ],
            "{   'fun': 1.0,\n    'jac': None,\n    'nfev': 40,\n    'nit': None,\n    'njev': None,\n    'x': array([1.8319627 , 0.49489401, 0.25662327, 0.6030462 ])}",
            {
                "1000000010": 1,
                "0001110010": 1,
                "0111011101": 1,
                "1001100000": 1,
                "0001100110": 1,
                "1000111000": 1,
                "1110000001": 1,
                "0111111011": 1,
                "1010001101": 1,
                "1111100010": 1,
                "1011011101": 1,
                "0000011000": 1,
                "1111011110": 1,
                "1001000000": 1,
                "1100100010": 1,
                "1110010011": 1,
                "0000010011": 1,
                "1010001100": 1,
                "1000010011": 1,
                "1110110010": 1,
                "1101100110": 1,
                "1010101110": 1,
                "1010000000": 1,
                "0101001001": 1,
                "0101110010": 1,
                "1101011001": 1,
                "1001110000": 1,
                "1010010011": 1,
                "0011111111": 1,
                "1101001001": 1,
                "0000110011": 1,
                "1101101101": 1,
                "1101101110": 1,
                "1110111100": 1,
                "0110111101": 1,
                "0111001100": 1,
                "0000100110": 1,
                "1111111111": 1,
                "0010110001": 1,
                "0000011100": 1,
                "1000100100": 1,
                "0001000111": 1,
                "1100110001": 1,
                "0010011000": 2,
                "1011001001": 1,
                "0110001110": 1,
                "1110100011": 2,
                "0011001111": 1,
                "1001110010": 1,
                "0101100110": 1,
                "0100001011": 1,
                "1101100111": 1,
                "1110010001": 1,
                "1101100001": 1,
                "0110000001": 1,
                "1001101010": 1,
                "0011100010": 1,
                "0110100110": 1,
                "1100011000": 1,
                "1001001010": 1,
                "0001111101": 1,
                "1100100011": 1,
                "0101010101": 1,
                "0111001011": 1,
                "0010011100": 1,
                "0010000000": 1,
                "1010000110": 1,
                "1111011111": 1,
                "1110001101": 1,
                "0100011111": 1,
                "1110010101": 1,
                "1010111010": 1,
                "0100010011": 1,
                "1101110101": 1,
                "0100000011": 1,
                "0000011010": 1,
                "0001100111": 1,
                "0100000100": 1,
                "0100011010": 1,
                "0100101011": 1,
                "0111101010": 1,
                "1010100001": 1,
                "1010011011": 1,
                "1111000000": 1,
                "1011000110": 1,
                "0101000101": 1,
                "0110000011": 1,
                "1100000000": 1,
                "0010111000": 1,
                "0111010111": 1,
                "0000000010": 1,
                "1000000011": 1,
                "1001011101": 1,
                "0101010100": 1,
                "1010001011": 1,
                "0100000111": 1,
                "0111100100": 1,
                "0011011100": 1
            },
            false,
            0.99
        ],
        [
            [
                [
                    -1,
                    -7,
                    2
                ],
                [
                    4,
                    5,
                    7
                ],
                [
                    -4,
                    -2,
                    -1
                ],
                [
                    -10,
                    5,
                    6
                ],
                [
                    -3,
                    5,
                    -7
                ],
                [
                    -1,
                    2,
                    -7
                ],
                [
                    -5,
                    -9,
                    8
                ],
                [
                    8,
                    7,
                    6
                ],
                [
                    -1,
                    9,
                    -5
                ],
                [
                    -8,
                    -5,
                    -3
                ],
                [
                    10,
                    6,
                    9
                ],
                [
                    -3,
                    7,
                    10
                ],
                [
                    -4,
                    6,
                    -9
                ],
                [
                    -10,
                    -9,
                    -4
                ],
                [
                    -6,
                    2,
                    9
                ],
                [
                    -6,
                    -7,
                    4
                ],
                [
                    8,
                    10,
                    2
                ],
                [
                    4,
                    -2,
                    5
                ],
                [
                    7,
                    -2,
                    9
                ],
                [
                    2,
                    8,
                    7
                ],
                [
                    -2,
                    -7,
                    5
                ],
                [
                    -7,
                    -1,
                    4
                ],
                [
                    -5,
                    7,
                    -9
                ],
                [
                    -3,
                    -10,
                    -2
                ],
                [
                    -4,
                    -6,
                    -7
                ],
                [
                    3,
                    -10,
                    6
                ],
                [
                    -8,
                    -3,
                    -1
                ],
                [
                    -10,
                    -3,
                    8
                ],
                [
                    8,
                    2,
                    -10
                ],
                [
                    2,
                    7,
                    3
                ],
                [
                    -7,
                    3,
                    10
                ],
                [
                    3,
                    8,
                    5
                ],
                [
                    -3,
                    2,
                    7
                ],
                [
                    9,
                    -10,
                    8
                ],
                [
                    -6,
                    10,
                    2
                ],
                [
                    5,
                    2,
                    3
                ],
                [
                    9,
                    7,
                    10
                ],
                [
                    -7,
                    -5,
                    3
                ],
                [
                    -5,
                    -8,
                    -7
                ],
                [
                    8,
                    -9,
                    -10
                ],
                [
                    -5,
                    -4,
                    8
                ],
                [
                    -5,
                    7,
                    3
                ],
                [
                    10,
                    -3,
                    9
                ],
                [
                    -7,
                    -6,
                    -9
                ],
                [
                    6,
                    5,
                    9
                ]
            ],
            "{   'fun': 0.99,\n    'jac': None,\n    'nfev': 45,\n    'nit': None,\n    'njev': None,\n    'x': array([0.75157251, 0.35126036, 2.15908048, 3.11167857])}",
            {
                "1101000100": 1,
                "1100110110": 1,
                "0000010001": 1,
                "1100101111": 1,
                "1001010011": 1,
                "1111000110": 1,
                "0100001101": 1,
                "1111110000": 1,
                "1010101010": 1,
                "1111001101": 1,
                "1011010100": 1,
                "1101010110": 1,
                "1100011101": 1,
                "0010110100": 1,
                "0011011100": 1,
                "1010000001": 1,
                "1000000100": 1,
                "0100101001": 1,
                "1010100001": 1,
                "0110111010": 1,
                "1110111101": 1,
                "0111100001": 1,
                "1011001010": 1,
                "0010010010": 1,
                "0111011011": 1,
                "1000101010": 1,
                "0100110110": 1,
                "0000001001": 1,
                "1111010110": 1,
                "0100100011": 1,
                "0001010001": 1,
                "1000011000": 1,
                "1011110010": 1,
                "0101000001": 1,
                "0101100111": 2,
                "0101110101": 1,
                "1111011110": 1,
                "0010000000": 1,
                "1010001100": 1,
                "1100010000": 1,
                "1101000000": 1,
                "0111001010": 1,
                "0110100001": 1,
                "1101111011": 1,
                "1101110101": 1,
                "0011010100": 1,
                "1011010001": 1,
                "0000111001": 1,
                "0011110110": 3,
                "0010110101": 1,
                "1110011111": 2,
                "0001101001": 1,
                "1001100000": 1,
                "0010100000": 1,
                "0110010110": 1,
                "1110101000": 1,
                "0001101111": 1,
                "0001010111": 1,
                "0101101010": 1,
                "0010011110": 1,
                "1001010001": 1,
                "0011110010": 1,
                "0010101010": 1,
                "0000010010": 1,
                "0001001100": 1,
                "1011100101": 1,
                "1111011111": 1,
                "0001011100": 1,
                "0100110001": 1,
                "0001011001": 1,
                "0000010000": 2,
                "1011011011": 2,
                "1011000101": 1,
                "0001001011": 1,
                "0011001100": 1,
                "0111101000": 1,
                "1101100001": 1,
                "1100000100": 1,
                "1111111000": 1,
                "1110001001": 1,
                "0010100100": 1,
                "1010100111": 2,
                "1110000111": 1,
                "1100110111": 1,
                "0011001000": 1,
                "0100011001": 1,
                "0110001101": 1,
                "0101001110": 1,
                "0111101101": 1,
                "1100001111": 1,
                "1010111011": 1,
                "0111010001": 1,
                "0011011110": 1
            },
            true,
            0.98
        ],
        [
            [
                [
                    6,
                    4,
                    -5
                ],
                [
                    -8,
                    -4,
                    1
                ],
                [
                    1,
                    -4,
                    -9
                ],
                [
                    1,
                    -2,
                    5
                ],
                [
                    -10,
                    -7,
                    9
                ],
                [
                    9,
                    10,
                    3
                ],
                [
                    -2,
                    -3,
                    5
                ],
                [
                    3,
                    -6,
                    1
                ],
                [
                    10,
                    -4,
                    7
                ],
                [
                    9,
                    5,
                    3
                ],
                [
                    3,
                    -8,
                    -4
                ],
                [
                    6,
                    -1,
                    4
                ],
                [
                    -1,
                    10,
                    5
                ],
                [
                    4,
                    1,
                    2
                ],
                [
                    8,
                    4,
                    9
                ],
                [
                    5,
                    -3,
                    -4
                ],
                [
                    1,
                    -7,
                    2
                ],
                [
                    2,
                    4,
                    7
                ],
                [
                    -5,
                    2,
                    8
                ],
                [
                    7,
                    -4,
                    3
                ],
                [
                    2,
                    1,
                    -6
                ],
                [
                    -6,
                    -10,
                    8
                ],
                [
                    -2,
                    -3,
                    -6
                ],
                [
                    6,
                    -7,
                    1
                ],
                [
                    -9,
                    -2,
                    -3
                ],
                [
                    3,
                    -7,
                    2
                ],
                [
                    -2,
                    1,
                    -9
                ],
                [
                    -4,
                    7,
                    5
                ],
                [
                    1,
                    -9,
                    3
                ],
                [
                    6,
                    -7,
                    9
                ],
                [
                    8,
                    -10,
                    3
                ],
                [
                    -3,
                    -5,
                    -8
                ],
                [
                    -1,
                    -7,
                    -8
                ],
                [
                    -9,
                    -2,
                    4
                ],
                [
                    -10,
                    -3,
                    -5
                ],
                [
                    2,
                    -3,
                    9
                ],
                [
                    10,
                    7,
                    8
                ],
                [
                    -5,
                    1,
                    -6
                ],
                [
                    9,
                    7,
                    5
                ],
                [
                    10,
                    -5,
                    -1
                ],
                [
                    10,
                    8,
                    4
                ],
                [
                    5,
                    -1,
                    -10
                ],
                [
                    8,
                    -4,
                    2
                ],
                [
                    5,
                    -6,
                    -3
                ],
                [
                    -7,
                    8,
                    10
                ]
            ],
            "{   'fun': 1.0,\n    'jac': None,\n    'nfev': 29,\n    'nit': None,\n    'njev': None,\n    'x': array([1.20583656, 0.72007837, 1.89710143, 1.36121853])}",
            {
                "0011010100": 1,
                "0000101111": 1,
                "0001111000": 1,
                "1011000011": 1,
                "1101000101": 1,
                "1110111111": 1,
                "1110011100": 1,
                "1001000100": 1,
                "1001111101": 1,
                "1111100011": 1,
                "0100100001": 1,
                "0011001110": 1,
                "0101011000": 1,
                "0111010011": 1,
                "1101001111": 1,
                "0011111010": 1,
                "0000101110": 1,
                "1101110000": 1,
                "0010101011": 2,
                "0110001001": 1,
                "0111011110": 1,
                "1001101000": 1,
                "0100101001": 1,
                "0110010000": 1,
                "0100110001": 1,
                "0000111111": 1,
                "0000000100": 1,
                "1111110101": 1,
                "0101001100": 1,
                "1001101110": 1,
                "1011111100": 1,
                "0111000001": 2,
                "0101101010": 1,
                "1110110010": 1,
                "0001100100": 1,
                "1000100001": 1,
                "0110011000": 2,
                "1100101010": 1,
                "0010010100": 1,
                "0010111110": 1,
                "0101110111": 1,
                "1000001010": 1,
                "1101010001": 1,
                "0001001111": 1,
                "1110111011": 1,
                "0101000010": 1,
                "0110101100": 1,
                "1000010101": 1,
                "1100100101": 1,
                "1000111010": 1,
                "0100000001": 1,
                "1010011000": 2,
                "1011001001": 1,
                "0000000000": 1,
                "0111100000": 1,
                "1101101001": 1,
                "0011000010": 1,
                "1110010101": 1,
                "0110001111": 1,
                "1111001000": 1,
                "1010111010": 1,
                "1010110110": 1,
                "1111101100": 1,
                "0010000011": 1,
                "1000000101": 1,
                "0111110011": 1,
                "1000011101": 1,
                "1000110000": 1,
                "1010001101": 1,
                "1011100110": 1,
                "1010111101": 1,
                "0001111001": 1,
                "1101011100": 1,
                "0000010011": 1,
                "0011010011": 2,
                "0011011010": 1,
                "1111101101": 1,
                "0111011101": 2,
                "1000100011": 1,
                "1100000000": 1,
                "1010110010": 1,
                "0001011000": 1,
                "1110010001": 1,
                "1001101100": 1,
                "1000110101": 1,
                "1001100100": 1,
                "1111101011": 1,
                "0001100111": 1,
                "0000100010": 1,
                "0101100000": 1,
                "0100110101": 1,
                "0110010001": 1,
                "0001110001": 1,
                "1111110111": 1
            },
            false,
            0.99
        ],
        [
            [
                [
                    9,
                    7,
                    -5
                ],
                [
                    -10,
                    -6,
                    7
                ],
                [
                    -9,
                    -1,
                    4
                ],
                [
                    4,
                    -9,
                    7
                ],
                [
                    6,
                    -5,
                    4
                ],
                [
                    -7,
                    -9,
                    -4
                ],
                [
                    -8,
                    -6,
                    -3
                ],
                [
                    7,
                    -5,
                    9
                ],
                [
                    1,
                    8,
                    -4
                ],
                [
                    1,
                    -9,
                    -6
                ],
                [
                    5,
                    -10,
                    9
                ],
                [
                    -6,
                    5,
                    1
                ],
                [
                    2,
                    3,
                    7
                ],
                [
                    6,
                    -8,
                    5
                ],
                [
                    6,
                    3,
                    10
                ],
                [
                    10,
                    4,
                    -3
                ],
                [
                    5,
                    -10,
                    6
                ],
                [
                    9,
                    -4,
                    7
                ],
                [
                    -1,
                    5,
                    -8
                ],
                [
                    4,
                    7,
                    2
                ],
                [
                    9,
                    4,
                    -2
                ],
                [
                    1,
                    4,
                    3
                ],
                [
                    3,
                    7,
                    8
                ],
                [
                    -3,
                    10,
                    -5
                ],
                [
                    -1,
                    -3,
                    2
                ],
                [
                    5,
                    3,
                    -4
                ],
                [
                    8,
                    6,
                    -3
                ],
                [
                    -4,
                    6,
                    7
                ],
                [
                    9,
                    -7,
                    2
                ],
                [
                    4,
                    -2,
                    -8
                ],
                [
                    2,
                    7,
                    -5
                ],
                [
                    -3,
                    10,
                    9
                ],
                [
                    8,
                    5,
                    -9
                ],
                [
                    10,
                    1,
                    -9
                ],
                [
                    9,
                    7,
                    1
                ],
                [
                    -3,
                    -10,
                    -4
                ],
                [
                    -5,
                    -4,
                    10
                ],
                [
                    6,
                    5,
                    -8
                ],
                [
                    3,
                    -1,
                    -4
                ],
                [
                    -2,
                    -6,
                    -9
                ],
                [
                    -9,
                    -8,
                    5
                ],
                [
                    3,
                    10,
                    -6
                ],
                [
                    8,
                    9,
                    -3
                ],
                [
                    -1,
                    4,
                    9
                ],
                [
                    3,
                    -10,
                    -6
                ]
            ],
            "{   'fun': 1.0,\n    'jac': None,\n    'nfev': 35,\n    'nit': None,\n    'njev': None,\n    'x': array([1.1054379 , 0.99832233, 1.94235897, 1.14244791])}",
            {
                "1110011101": 1,
                "0110010011": 1,
                "1010111001": 1,
                "0110101100": 1,
                "1001110011": 1,
                "0011110011": 1,
                "0111001100": 1,
                "0001111111": 1,
                "1011100100": 1,
                "0110010100": 1,
                "1000010010": 1,
                "1010000100": 2,
                "0101101000": 1,
                "1000110111": 1,
                "1011101001": 1,
                "1111110000": 1,
                "0100100110": 1,
                "1111011000": 1,
                "0100101111": 1,
                "1000011100": 1,
                "1011111111": 1,
                "1011000111": 1,
                "0011010011": 1,
                "1101010111": 1,
                "0011001101": 1,
                "0000111110": 1,
                "1011101100": 2,
                "0000000111": 1,
                "0111000111": 1,
                "0100001010": 1,
                "0010000011": 1,
                "1011000010": 1,
                "0001110011": 1,
                "1000001000": 1,
                "1000000010": 1,
                "1100001101": 1,
                "1000011101": 1,
                "1111000110": 1,
                "0110010110": 1,
                "1110101000": 1,
                "0101010001": 1,
                "0111100110": 1,
                "0101010000": 1,
                "0111001001": 1,
                "0001100000": 1,
                "1000111101": 2,
                "1110010111": 1,
                "1011010110": 1,
                "1010110101": 1,
                "0111101011": 1,
                "0110100001": 1,
                "0111011010": 1,
                "0010101011": 1,
                "0011111000": 1,
                "0011100001": 1,
                "1000010100": 1,
                "0110110101": 1,
                "0000010101": 1,
                "0000100010": 1,
                "0011001010": 1,
                "1110100111": 1,
                "1000101001": 1,
                "1010101110": 1,
                "1111111110": 1,
                "1111000011": 1,
                "1110001111": 1,
                "1111010001": 1,
                "0000100110": 1,
                "1110110101": 1,
                "0100000001": 1,
                "0100001100": 1,
                "0110111011": 1,
                "0011001111": 1,
                "0110101010": 1,
                "0000000010": 1,
                "1110001011": 1,
                "1010100100": 1,
                "0100111011": 1,
                "1011100101": 1,
                "0010101010": 1,
                "1100010010": 1,
                "0000010110": 1,
                "1110011111": 1,
                "0110101111": 1,
                "0010110110": 1,
                "1110111101": 1,
                "1010110001": 1,
                "0111100001": 1,
                "1011011011": 1,
                "1111001011": 1,
                "0111011101": 1,
                "1101110011": 1,
                "1011100000": 1,
                "1000011010": 2,
                "1011010011": 1,
                "0100011111": 1
            },
            false,
            0.99
        ],
        [
            [
                [
                    -10,
                    -6,
                    3
                ],
                [
                    1,
                    6,
                    -7
                ],
                [
                    -8,
                    -5,
                    -3
                ],
                [
                    -10,
                    -4,
                    9
                ],
                [
                    -5,
                    3,
                    2
                ],
                [
                    -3,
                    6,
                    7
                ],
                [
                    -7,
                    -2,
                    8
                ],
                [
                    -5,
                    -7,
                    -1
                ],
                [
                    -3,
                    2,
                    -10
                ],
                [
                    -8,
                    -5,
                    6
                ],
                [
                    2,
                    -7,
                    -1
                ],
                [
                    -9,
                    1,
                    -6
                ],
                [
                    -1,
                    -10,
                    8
                ],
                [
                    -8,
                    5,
                    -1
                ],
                [
                    4,
                    -9,
                    8
                ],
                [
                    -7,
                    -6,
                    4
                ],
                [
                    -1,
                    4,
                    2
                ],
                [
                    -2,
                    -3,
                    6
                ],
                [
                    1,
                    -9,
                    -3
                ],
                [
                    -10,
                    -3,
                    -7
                ],
                [
                    6,
                    5,
                    1
                ],
                [
                    -9,
                    5,
                    -1
                ],
                [
                    9,
                    -3,
                    -8
                ],
                [
                    -5,
                    -3,
                    -4
                ],
                [
                    -10,
                    -5,
                    -2
                ],
                [
                    -6,
                    2,
                    -1
                ],
                [
                    7,
                    -10,
                    -1
                ],
                [
                    3,
                    6,
                    -10
                ],
                [
                    1,
                    -9,
                    -10
                ],
                [
                    5,
                    -10,
                    7
                ],
                [
                    9,
                    10,
                    -8
                ],
                [
                    -8,
                    10,
                    -1
                ],
                [
                    10,
                    -7,
                    1
                ],
                [
                    -1,
                    -10,
                    5
                ],
                [
                    4,
                    -5,
                    7
                ],
                [
                    -4,
                    -1,
                    -3
                ],
                [
                    -8,
                    3,
                    -1
                ],
                [
                    -2,
                    -4,
                    10
                ],
                [
                    -1,
                    -7,
                    4
                ],
                [
                    3,
                    7,
                    -8
                ],
                [
                    6,
                    3,
                    -5
                ],
                [
                    3,
                    -10,
                    7
                ],
                [
                    -1,
                    3,
                    -7
                ],
                [
                    -2,
                    6,
                    -7
                ],
                [
                    -6,
                    -9,
                    5
                ]
            ],
            "{   'fun': 0.98,\n    'jac': None,\n    'nfev': 46,\n    'nit': None,\n    'njev': None,\n    'x': array([1.93629627, 0.40577972, 0.85182707, 2.94470461])}",
            {
                "0100101111": 1,
                "1010010010": 1,
                "0001010001": 1,
                "1111101100": 1,
                "0000100000": 1,
                "1010001110": 1,
                "0001100111": 1,
                "0110110001": 1,
                "1010110000": 1,
                "1011100010": 1,
                "0100001000": 1,
                "0000111001": 1,
                "0111010111": 1,
                "0001111000": 1,
                "1010111001": 1,
                "1010011011": 1,
                "0111110010": 1,
                "1010000100": 1,
                "1001101111": 1,
                "0101011100": 1,
                "1001101001": 1,
                "1011111010": 1,
                "1010010100": 1,
                "0101000000": 1,
                "0110010101": 1,
                "0010111101": 1,
                "0000100001": 1,
                "1001011100": 1,
                "0110001111": 1,
                "1011011110": 1,
                "1111100000": 1,
                "0001011001": 1,
                "1010010101": 1,
                "1110000110": 2,
                "1100110100": 1,
                "0100001011": 1,
                "1101000000": 1,
                "0100111101": 2,
                "1110000001": 1,
                "0000100100": 1,
                "0101100101": 1,
                "0011011011": 1,
                "0001001001": 1,
                "0100011010": 1,
                "0110111010": 2,
                "0010010110": 1,
                "0001000111": 1,
                "0001011110": 1,
                "0100000100": 1,
                "1100010111": 1,
                "0010000100": 1,
                "1100000110": 2,
                "0100100010": 1,
                "1100001111": 1,
                "0001110100": 1,
                "1011100001": 1,
                "0101011011": 1,
                "0001001011": 1,
                "1001011011": 1,
                "1000010100": 1,
                "1001101011": 1,
                "0000110111": 1,
                "1011110010": 1,
                "0000011110": 1,
                "1001000100": 1,
                "1000111011": 1,
                "0110101101": 1,
                "1011001011": 1,
                "1110011110": 1,
                "0011000001": 1,
                "0101110011": 1,
                "0010010001": 1,
                "0010111100": 1,
                "1010110100": 1,
                "1111101101": 1,
                "1010110111": 1,
                "0001111101": 1,
                "1110111010": 1,
                "1011010010": 1,
                "0011001111": 1,
                "0000100111": 1,
                "0110001110": 1,
                "1001100111": 1,
                "0110011101": 1,
                "1101111101": 1,
                "1001001110": 1,
                "0010101100": 1,
                "1111010000": 1,
                "0110001100": 1,
                "1110111000": 1,
                "1000010011": 1,
                "1011011100": 1,
                "1000000101": 1,
                "1110000111": 1,
                "1011001101": 1,
                "0001111110": 1
            },
            true,
            0.93
        ]
    ]
}