{
    "n": 10,
    "m": 45,
    "results": [
        [
            [
                [
                    -8,
                    -1,
                    -4
                ],
                [
                    10,
                    -2,
                    -3
                ],
                [
                    -9,
                    3,
                    -7
                ],
                [
                    10,
                    8,
                    3
                ],
                [
                    -10,
                    1,
                    -5
                ],
                [
                    5,
                    -7,
                    -3
                ],
                [
                    1,
                    -9,
                    7
                ],
                [
                    -9,
                    -10,
                    5
                ],
                [
                    2,
                    -5,
                    1
                ],
                [
                    -3,
                    5,
                    6
                ],
                [
                    -10,
                    5,
                    4
                ],
                [
                    -7,
                    -2,
                    8
                ],
                [
                    -4,
                    9,
                    -3
                ],
                [
                    10,
                    7,
                    8
                ],
                [
                    -4,
                    -9,
                    8
                ],
                [
                    10,
                    5,
                    1
                ],
                [
                    -8,
                    2,
                    3
                ],
                [
                    1,
                    -8,
                    -7
                ],
                [
                    -4,
                    -7,
                    3
                ],
                [
                    9,
                    6,
                    -7
                ],
                [
                    -2,
                    -9,
                    -1
                ],
                [
                    -10,
                    -5,
                    8
                ],
                [
                    -6,
                    7,
                    8
                ],
                [
                    -10,
                    1,
                    -8
                ],
                [
                    4,
                    -9,
                    -7
                ],
                [
                    8,
                    -7,
                    1
                ],
                [
                    3,
                    2,
                    7
                ],
                [
                    10,
                    6,
                    1
                ],
                [
                    9,
                    -5,
                    10
                ],
                [
                    10,
                    4,
                    3
                ],
                [
                    -7,
                    10,
                    5
                ],
                [
                    9,
                    5,
                    8
                ],
                [
                    3,
                    10,
                    1
                ],
                [
                    -8,
                    -4,
                    -2
                ],
                [
                    1,
                    2,
                    -5
                ],
                [
                    4,
                    7,
                    -6
                ],
                [
                    -10,
                    -3,
                    7
                ],
                [
                    1,
                    -3,
                    -4
                ],
                [
                    -6,
                    7,
                    -1
                ],
                [
                    7,
                    9,
                    8
                ],
                [
                    7,
                    -10,
                    4
                ],
                [
                    6,
                    -7,
                    -8
                ],
                [
                    7,
                    3,
                    -5
                ],
                [
                    10,
                    -9,
                    -3
                ],
                [
                    8,
                    9,
                    6
                ]
            ],
            "{   'fun': 1.0,\n    'jac': None,\n    'nfev': 39,\n    'nit': None,\n    'njev': None,\n    'x': array([1.81630366, 0.49479707, 0.25661619, 0.60291805])}",
            {
                "1111111110": 1,
                "1011011010": 1,
                "1000101010": 1,
                "1111100111": 1,
                "1010000010": 1,
                "0001101001": 1,
                "1001100001": 1,
                "1101101101": 1,
                "1101100001": 1,
                "1001010010": 1,
                "1010101011": 1,
                "0110101110": 1,
                "1110011010": 1,
                "1011001010": 1,
                "0110010111": 1,
                "0010001001": 1,
                "1011101101": 1,
                "0100010101": 1,
                "1101111010": 1,
                "1001111111": 1,
                "1001100110": 1,
                "0000100010": 1,
                "1000000100": 1,
                "0000010011": 1,
                "1101001000": 1,
                "1001001011": 1,
                "1101111000": 1,
                "1110111001": 1,
                "1011011111": 1,
                "1010100000": 1,
                "0111001100": 1,
                "0000010010": 1,
                "0110111000": 1,
                "1000111000": 1,
                "1000101011": 1,
                "1010011001": 1,
                "0010100101": 1,
                "1010100100": 1,
                "1000001101": 1,
                "0000101000": 1,
                "1101010010": 1,
                "1010001110": 1,
                "1110100000": 1,
                "0111100110": 1,
                "1111110101": 1,
                "0101001100": 1,
                "0101010000": 1,
                "1101101100": 1,
                "1111001110": 1,
                "0100000101": 1,
                "0010111001": 1,
                "1001010110": 1,
                "0110101100": 1,
                "1101011101": 1,
                "1011100000": 2,
                "1001110000": 1,
                "1011110111": 1,
                "0111011000": 2,
                "0101010010": 1,
                "0011001111": 1,
                "0011001001": 1,
                "0010000101": 1,
                "0011101111": 1,
                "0000111111": 1,
                "1001010100": 1,
                "1011010011": 1,
                "1001101111": 1,
                "1000000111": 1,
                "0010011010": 1,
                "0100111101": 1,
                "1000011110": 1,
                "0010000001": 1,
                "1000000110": 1,
                "0111010110": 1,
                "1111000101": 1,
                "0001101100": 1,
                "1111011110": 1,
                "0110111001": 1,
                "0111100100": 1,
                "0110111111": 1,
                "0010010010": 1,
                "0111011011": 1,
                "1010111100": 1,
                "0111110100": 1,
                "1101111110": 1,
                "0011010100": 1,
                "1101110000": 1,
                "0001010101": 1,
                "1000110100": 1,
                "1000011111": 1,
                "0101110000": 1,
                "1000110110": 1,
                "1110100010": 1,
                "0000011111": 1,
                "0110011101": 1,
                "0010101100": 1,
                "0110011100": 1,
                "0000010110": 1
            },
            false,
            0.98
        ],
        [
            [
                [
                    -7,
                    -5,
                    -4
                ],
                [
                    9,
                    -10,
                    2
                ],
                [
                    -5,
                    1,
                    3
                ],
                [
                    7,
                    2,
                    -1
                ],
                [
                    2,
                    -3,
                    7
                ],
                [
                    8,
                    6,
                    -7
                ],
                [
                    8,
                    -9,
                    -1
                ],
                [
                    6,
                    1,
                    4
                ],
                [
                    -2,
                    6,
                    10
                ],
                [
                    8,
                    10,
                    1
                ],
                [
                    6,
                    -4,
                    5
                ],
                [
                    9,
                    5,
                    4
                ],
                [
                    8,
                    -1,
                    -3
                ],
                [
                    -6,
                    7,
                    -10
                ],
                [
                    5,
                    4,
                    -6
                ],
                [
                    -8,
                    -6,
                    -7
                ],
                [
                    -2,
                    -9,
                    7
                ],
                [
                    -3,
                    -10,
                    -9
                ],
                [
                    -4,
                    8,
                    -7
                ],
                [
                    2,
                    -10,
                    -7
                ],
                [
                    1,
                    9,
                    4
                ],
                [
                    -2,
                    -9,
                    10
                ],
                [
                    -3,
                    -10,
                    -4
                ],
                [
                    4,
                    10,
                    -2
                ],
                [
                    8,
                    -5,
                    -9
                ],
                [
                    8,
                    -10,
                    9
                ],
                [
                    -10,
                    7,
                    2
                ],
                [
                    9,
                    3,
                    6
                ],
                [
                    5,
                    4,
                    -2
                ],
                [
                    -7,
                    -3,
                    10
                ],
                [
                    -10,
                    -6,
                    7
                ],
                [
                    -9,
                    -10,
                    -6
                ],
                [
                    8,
                    1,
                    -6
                ],
                [
                    4,
                    -8,
                    -1
                ],
                [
                    -1,
                    7,
                    3
                ],
                [
                    9,
                    6,
                    1
                ],
                [
                    -9,
                    -6,
                    -3
                ],
                [
                    -10,
                    5,
                    4
                ],
                [
                    -1,
                    5,
                    -10
                ],
                [
                    4,
                    -5,
                    3
                ],
                [
                    2,
                    3,
                    -1
                ],
                [
                    6,
                    1,
                    -10
                ],
                [
                    1,
                    -8,
                    7
                ],
                [
                    -1,
                    6,
                    -5
                ],
                [
                    6,
                    8,
                    4
                ]
            ],
            "{   'fun': 0.98,\n    'jac': None,\n    'nfev': 46,\n    'nit': None,\n    'njev': None,\n    'x': array([1.75727012, 0.35520771, 2.16932895, 3.12684543])}",
            {
                "1100110000": 1,
                "0001001010": 1,
                "1001110111": 1,
                "1011010101": 1,
                "0101000000": 1,
                "1010110001": 1,
                "0110110010": 1,
                "1011011111": 1,
                "0001010011": 1,
                "0111100011": 1,
                "1100110100": 1,
                "0101100010": 1,
                "0000110000": 1,
                "0000100010": 1,
                "0111001011": 1,
                "0000101001": 1,
                "0100111010": 1,
                "1100100100": 1,
                "0110110100": 1,
                "1100110010": 1,
                "0100001110": 1,
                "0110010010": 1,
                "1010100010": 1,
                "0000110010": 1,
                "1011010111": 2,
                "1000111011": 1,
                "0010101111": 1,
                "1011111101": 1,
                "1000001011": 1,
                "0001001111": 1,
                "1110101001": 1,
                "1000110011": 1,
                "1001101100": 1,
                "1101000010": 1,
                "0010101000": 1,
                "1011101011": 1,
                "0010111111": 1,
                "0111010011": 1,
                "1011000101": 1,
                "1111101111": 1,
                "0110110110": 1,
                "0101111010": 1,
                "0001110000": 1,
                "0011011011": 2,
                "0001101000": 1,
                "0111111101": 2,
                "1001101101": 1,
                "0011011001": 2,
                "0101101101": 2,
                "1111110001": 1,
                "1101011110": 1,
                "1110011000": 1,
                "0011110001": 1,
                "0010100001": 1,
                "0110000100": 1,
                "0010000110": 1,
                "1010101100": 1,
                "1101110010": 1,
                "1011110000": 1,
                "0101000001": 1,
                "0010000101": 1,
                "1110010010": 2,
                "1110101100": 1,
                "1111101101": 1,
                "1010110100": 1,
                "1101011111": 1,
                "1100100011": 1,
                "0000111001": 1,
                "0111011100": 1,
                "1111100001": 1,
                "0110111000": 1,
                "1111000000": 1,
                "0010000100": 1,
                "1100010011": 1,
                "0000100111": 1,
                "1001100111": 1,
                "1000101110": 1,
                "1010101000": 1,
                "1110000001": 2,
                "0000100100": 1,
                "0101110000": 1,
                "1011101100": 2,
                "1001111110": 1,
                "1111111110": 1,
                "1101001001": 1,
                "0110111100": 1,
                "0101010100": 1,
                "1111110000": 2,
                "1011001111": 1,
                "1000000110": 1,
                "0000001100": 1
            },
            true,
            0.97
        ],
        [
            [
                [
                    -10,
                    -5,
                    -6
                ],
                [
                    8,
                    -3,
                    9
                ],
                [
                    -7,
                    -10,
                    1
                ],
                [
                    -7,
                    -2,
                    -4
                ],
                [
                    -5,
                    8,
                    6
                ],
                [
                    -3,
                    -8,
                    -4
                ],
                [
                    -3,
                    -5,
                    6
                ],
                [
                    -4,
                    -7,
                    3
                ],
                [
                    10,
                    2,
                    9
                ],
                [
                    10,
                    -8,
                    3
                ],
                [
                    -1,
                    -7,
                    5
                ],
                [
                    3,
                    7,
                    -4
                ],
                [
                    -7,
                    -10,
                    -5
                ],
                [
                    7,
                    -10,
                    -1
                ],
                [
                    7,
                    9,
                    3
                ],
                [
                    -1,
                    6,
                    -9
                ],
                [
                    -3,
                    -6,
                    1
                ],
                [
                    -6,
                    5,
                    -10
                ],
                [
                    -8,
                    -9,
                    2
                ],
                [
                    -5,
                    6,
                    -8
                ],
                [
                    7,
                    -4,
                    -8
                ],
                [
                    -4,
                    1,
                    3
                ],
                [
                    10,
                    3,
                    4
                ],
                [
                    10,
                    -5,
                    -4
                ],
                [
                    -5,
                    6,
                    -7
                ],
                [
                    -10,
                    9,
                    -4
                ],
                [
                    1,
                    3,
                    -10
                ],
                [
                    1,
                    3,
                    -8
                ],
                [
                    9,
                    -6,
                    3
                ],
                [
                    8,
                    -1,
                    6
                ],
                [
                    2,
                    -7,
                    -3
                ],
                [
                    7,
                    -10,
                    3
                ],
                [
                    6,
                    -1,
                    5
                ],
                [
                    6,
                    1,
                    -2
                ],
                [
                    -6,
                    -10,
                    -1
                ],
                [
                    -9,
                    4,
                    1
                ],
                [
                    3,
                    5,
                    9
                ],
                [
                    -9,
                    -2,
                    -3
                ],
                [
                    -7,
                    -8,
                    6
                ],
                [
                    10,
                    8,
                    -1
                ],
                [
                    2,
                    1,
                    -10
                ],
                [
                    -10,
                    -9,
                    -6
                ],
                [
                    -2,
                    -8,
                    -1
                ],
                [
                    -10,
                    2,
                    9
                ],
                [
                    -2,
                    -9,
                    4
                ]
            ],
            "{   'fun': 1.0,\n    'jac': None,\n    'nfev': 40,\n    'nit': None,\n    'njev': None,\n    'x': array([2.20555137, 0.72005967, 1.89701631, 2.36131024])}",
            {
                "1101110100": 1,
                "1011100011": 1,
                "1001111111": 1,
                "1001001010": 1,
                "1111010101": 1,
                "0110011111": 1,
                "1001001001": 1,
                "1110110011": 1,
                "0110000000": 1,
                "1100011000": 1,
                "1100001010": 1,
                "0111011000": 1,
                "0101000011": 1,
                "1000100010": 1,
                "0011101110": 1,
                "0110000011": 1,
                "0111011010": 1,
                "0110100001": 1,
                "1001110011": 1,
                "1111010010": 2,
                "0000100001": 2,
                "1110001111": 1,
                "1001010001": 2,
                "1110110000": 1,
                "0101110101": 1,
                "1010101110": 2,
                "1100011110": 1,
                "0101101101": 1,
                "0001010100": 1,
                "0001000111": 1,
                "1011011001": 2,
                "1000111011": 1,
                "1001100101": 1,
                "1011111100": 1,
                "1111000000": 1,
                "0000010010": 1,
                "1000101101": 1,
                "0011110011": 1,
                "0000001100": 1,
                "1000000110": 1,
                "1100000100": 1,
                "0111010010": 1,
                "0101010100": 1,
                "0111101101": 1,
                "1100001111": 1,
                "1110010101": 1,
                "1001101001": 1,
                "1101001100": 1,
                "1000100111": 1,
                "1010010100": 1,
                "1001110110": 1,
                "1010001100": 1,
                "1101001111": 2,
                "1001101111": 1,
                "0011100100": 1,
                "1001100000": 1,
                "0001000100": 1,
                "0001111010": 1,
                "0000101101": 1,
                "0001000110": 1,
                "0111010101": 1,
                "0101110000": 1,
                "1101011110": 2,
                "0010010000": 1,
                "1001100100": 1,
                "0000011101": 2,
                "0000000001": 1,
                "0001100111": 1,
                "1101000010": 1,
                "1011100001": 1,
                "1100001000": 1,
                "1110101000": 1,
                "1000110101": 1,
                "1000100000": 1,
                "0010111111": 1,
                "0010011101": 1,
                "1110101101": 1,
                "0001011000": 1,
                "0010110111": 1,
                "1100100100": 1,
                "1110010000": 1,
                "0101000100": 1,
                "0010101011": 1,
                "1110000011": 1,
                "1001011000": 1,
                "0100110011": 1,
                "0001101110": 1,
                "0010101101": 1,
                "0100100101": 1,
                "1111101111": 1,
                "0100111011": 1,
                "1110001011": 1
            },
            false,
            0.98
        ],
        [
            [
                [
                    -3,
                    -7,
                    1
                ],
                [
                    9,
                    7,
                    -10
                ],
                [
                    1,
                    -4,
                    -8
                ],
                [
                    1,
                    4,
                    -10
                ],
                [
                    10,
                    3,
                    7
                ],
                [
                    -5,
                    1,
                    4
                ],
                [
                    -10,
                    -5,
                    1
                ],
                [
                    10,
                    -5,
                    2
                ],
                [
                    -10,
                    -4,
                    -9
                ],
                [
                    8,
                    -3,
                    10
                ],
                [
                    -8,
                    -6,
                    -10
                ],
                [
                    8,
                    -9,
                    -1
                ],
                [
                    -4,
                    6,
                    -3
                ],
                [
                    -5,
                    -10,
                    6
                ],
                [
                    5,
                    7,
                    6
                ],
                [
                    6,
                    -9,
                    10
                ],
                [
                    -1,
                    -8,
                    -5
                ],
                [
                    -7,
                    -10,
                    -9
                ],
                [
                    3,
                    5,
                    -9
                ],
                [
                    -8,
                    9,
                    -7
                ],
                [
                    -5,
                    -2,
                    -9
                ],
                [
                    1,
                    -7,
                    2
                ],
                [
                    8,
                    7,
                    -5
                ],
                [
                    -4,
                    9,
                    -5
                ],
                [
                    7,
                    -8,
                    6
                ],
                [
                    -4,
                    1,
                    -9
                ],
                [
                    -5,
                    3,
                    8
                ],
                [
                    5,
                    4,
                    8
                ],
                [
                    -5,
                    10,
                    -7
                ],
                [
                    2,
                    -3,
                    -6
                ],
                [
                    -8,
                    -3,
                    2
                ],
                [
                    -6,
                    4,
                    -9
                ],
                [
                    9,
                    3,
                    1
                ],
                [
                    -9,
                    -8,
                    -10
                ],
                [
                    -10,
                    -1,
                    7
                ],
                [
                    9,
                    -1,
                    2
                ],
                [
                    7,
                    1,
                    -6
                ],
                [
                    9,
                    -6,
                    -1
                ],
                [
                    10,
                    -9,
                    3
                ],
                [
                    -3,
                    -5,
                    2
                ],
                [
                    -3,
                    1,
                    -2
                ],
                [
                    1,
                    -7,
                    6
                ],
                [
                    1,
                    -4,
                    2
                ],
                [
                    -8,
                    9,
                    -6
                ],
                [
                    -3,
                    -8,
                    10
                ]
            ],
            "{   'fun': 1.0,\n    'jac': None,\n    'nfev': 39,\n    'nit': None,\n    'njev': None,\n    'x': array([1.10539333, 0.99851583, 2.92674849, 1.14248786])}",
            {
                "1111001101": 1,
                "0001011110": 1,
                "1011111001": 1,
                "1011100010": 1,
                "0110001110": 1,
                "1010101100": 1,
                "0001011111": 1,
                "1101100111": 1,
                "0010111100": 1,
                "0110000000": 1,
                "0101010111": 1,
                "1011011100": 1,
                "0011110111": 1,
                "1111011010": 1,
                "0011010111": 1,
                "0100001100": 1,
                "1001110001": 1,
                "0110000010": 1,
                "0101000110": 1,
                "1100011101": 1,
                "1110100001": 1,
                "0011101010": 1,
                "1101101011": 1,
                "0011011001": 1,
                "0101001100": 1,
                "1101010111": 1,
                "0010000101": 1,
                "0101101010": 1,
                "1001100010": 2,
                "0101010110": 1,
                "0111000111": 1,
                "0110101100": 1,
                "1110011100": 1,
                "1111000110": 1,
                "0000100011": 2,
                "0111001101": 1,
                "1111100010": 1,
                "0010100011": 1,
                "0000111001": 1,
                "1010000001": 1,
                "0011011101": 1,
                "0110011110": 1,
                "0001101111": 1,
                "1111010111": 1,
                "0111110100": 1,
                "1010011100": 1,
                "1110010100": 1,
                "0101101101": 1,
                "1010101001": 1,
                "0100010000": 1,
                "1001000101": 1,
                "1100000000": 1,
                "1011101110": 1,
                "0010010001": 1,
                "1110000011": 1,
                "0001111101": 1,
                "1110000000": 1,
                "1001100110": 1,
                "1000001101": 1,
                "0000011110": 1,
                "1110000101": 1,
                "0111101111": 1,
                "1011110100": 1,
                "0101010100": 1,
                "0001100100": 1,
                "0011010110": 1,
                "1100101001": 1,
                "1000110110": 1,
                "0100101001": 1,
                "1100000110": 1,
                "1100100001": 1,
                "1001110111": 1,
                "1001001100": 1,
                "1111111011": 1,
                "1101110011": 1,
                "1000011000": 1,
                "1110101101": 1,
                "0101000000": 1,
                "1101101101": 1,
                "0000010111": 1,
                "1011001100": 1,
                "1010110100": 1,
                "1111011011": 1,
                "1011000000": 1,
                "0001101000": 1,
                "0010001100": 1,
                "1011010100": 1,
                "1111100000": 1,
                "0101011101": 1,
                "0111011111": 1,
                "1111101011": 1,
                "1101100100": 1,
                "1111000010": 1,
                "0010110010": 1,
                "0111010001": 1,
                "0110110101": 2,
                "1110000010": 1
            },
            false,
            0.98
        ],
        [
            [
                [
                    -10,
                    6,
                    -1
                ],
                [
                    8,
                    -5,
                    7
                ],
                [
                    -8,
                    7,
                    2
                ],
                [
                    -2,
                    1,
                    -7
                ],
                [
                    -9,
                    -7,
                    3
                ],
                [
                    -2,
                    4,
                    10
                ],
                [
                    -6,
                    -10,
                    -7
                ],
                [
                    -8,
                    -7,
                    6
                ],
                [
                    -3,
                    8,
                    1
                ],
                [
                    7,
                    10,
                    4
                ],
                [
                    10,
                    4,
                    -1
                ],
                [
                    -4,
                    2,
                    -9
                ],
                [
                    9,
                    6,
                    3
                ],
                [
                    -3,
                    -6,
                    9
                ],
                [
                    7,
                    10,
                    9
                ],
                [
                    -3,
                    -10,
                    5
                ],
                [
                    1,
                    -6,
                    -2
                ],
                [
                    10,
                    6,
                    8
                ],
                [
                    -5,
                    6,
                    2
                ],
                [
                    1,
                    -10,
                    6
                ],
                [
                    -9,
                    -10,
                    -2
                ],
                [
                    2,
                    -10,
                    7
                ],
                [
                    -2,
                    3,
                    5
                ],
                [
                    -10,
                    -6,
                    2
                ],
                [
                    -4,
                    -6,
                    -8
                ],
                [
                    -2,
                    -6,
                    8
                ],
                [
                    9,
                    8,
                    -1
                ],
                [
                    5,
                    10,
                    7
                ],
                [
                    -6,
                    4,
                    5
                ],
                [
                    5,
                    3,
                    4
                ],
                [
                    8,
                    -3,
                    -2
                ],
                [
                    -8,
                    -1,
                    -5
                ],
                [
                    -5,
                    1,
                    -7
                ],
                [
                    2,
                    -3,
                    9
                ],
                [
                    -2,
                    -3,
                    4
                ],
                [
                    -6,
                    -7,
                    5
                ],
                [
                    -7,
                    -5,
                    8
                ],
                [
                    -6,
                    7,
                    -9
                ],
                [
                    -3,
                    -7,
                    -6
                ],
                [
                    -9,
                    1,
                    6
                ],
                [
                    -9,
                    -3,
                    8
                ],
                [
                    5,
                    -7,
                    -1
                ],
                [
                    -6,
                    -10,
                    -5
                ],
                [
                    10,
                    4,
                    9
                ],
                [
                    -4,
                    -1,
                    -9
                ]
            ],
            "{   'fun': 1.0,\n    'jac': None,\n    'nfev': 25,\n    'nit': None,\n    'njev': None,\n    'x': array([0.25622077, 1.0895811 , 0.83891711, 3.08399949])}",
            {
                "1111100010": 1,
                "1010110000": 1,
                "1111111111": 1,
                "1001100101": 1,
                "1100111100": 1,
                "1100011100": 1,
                "0111100101": 1,
                "1100001100": 1,
                "1001001111": 1,
                "1100011000": 1,
                "1001111100": 1,
                "0010000010": 1,
                "0101101010": 1,
                "1111100011": 1,
                "1110011100": 1,
                "0000101111": 1,
                "1011110000": 1,
                "0100010011": 1,
                "1010100000": 1,
                "1011011111": 1,
                "0111010110": 1,
                "0001100101": 1,
                "0110111010": 1,
                "1101111100": 1,
                "0000001010": 1,
                "1010001111": 1,
                "0110011111": 1,
                "0111010100": 1,
                "1101010011": 1,
                "0000001011": 1,
                "1011100010": 1,
                "1001001110": 1,
                "1101010101": 1,
                "1101100000": 1,
                "0000111101": 1,
                "1111001101": 1,
                "1101010010": 1,
                "1010001110": 1,
                "0011100011": 1,
                "0110110100": 1,
                "1001010011": 1,
                "1101001000": 1,
                "1011101110": 1,
                "1001000001": 1,
                "0000111010": 1,
                "1111111110": 1,
                "0000001111": 1,
                "1000000101": 2,
                "1011011101": 1,
                "1011111000": 1,
                "0111100100": 1,
                "0011011100": 1,
                "1111010010": 1,
                "0001001010": 1,
                "0010001110": 1,
                "0011100101": 1,
                "1100001101": 1,
                "1111011110": 1,
                "0010101110": 1,
                "0101111001": 1,
                "1001000101": 1,
                "1101110100": 1,
                "0000101010": 1,
                "1011001111": 1,
                "1000001100": 1,
                "0000100101": 1,
                "0011100110": 1,
                "0100001110": 1,
                "1001000111": 1,
                "1011000101": 1,
                "0011101000": 1,
                "0101011011": 1,
                "0110011010": 1,
                "1011000100": 2,
                "1011101010": 1,
                "1011000001": 1,
                "1000100010": 1,
                "0010000110": 1,
                "0111100001": 1,
                "0010011111": 1,
                "1111010000": 1,
                "1001010111": 1,
                "1110101101": 1,
                "0110001101": 1,
                "0101101000": 1,
                "0100100010": 2,
                "0101010000": 1,
                "0100001111": 1,
                "1000110101": 1,
                "0101001001": 1,
                "1001010100": 1,
                "0101101111": 1,
                "0001111110": 1,
                "0001110001": 1,
                "0001000110": 1,
                "0000011111": 1,
                "0001011011": 1
            },
            false,
            1.0
        ]
    ]
}