{
    "n": 10,
    "m": 45,
    "results": [
        [
            [
                [
                    -4,
                    -7,
                    5
                ],
                [
                    -4,
                    -9,
                    7
                ],
                [
                    1,
                    9,
                    8
                ],
                [
                    -4,
                    -6,
                    -1
                ],
                [
                    6,
                    -9,
                    1
                ],
                [
                    8,
                    -4,
                    -6
                ],
                [
                    -7,
                    -4,
                    5
                ],
                [
                    10,
                    4,
                    -3
                ],
                [
                    6,
                    4,
                    1
                ],
                [
                    -6,
                    -4,
                    -3
                ],
                [
                    9,
                    6,
                    -1
                ],
                [
                    1,
                    -6,
                    -4
                ],
                [
                    8,
                    -4,
                    9
                ],
                [
                    6,
                    -9,
                    -2
                ],
                [
                    -10,
                    -4,
                    -8
                ],
                [
                    8,
                    5,
                    -4
                ],
                [
                    -4,
                    2,
                    8
                ],
                [
                    -7,
                    9,
                    4
                ],
                [
                    -3,
                    -4,
                    9
                ],
                [
                    -2,
                    5,
                    -3
                ],
                [
                    -8,
                    3,
                    -4
                ],
                [
                    -1,
                    6,
                    -5
                ],
                [
                    4,
                    -3,
                    -9
                ],
                [
                    -6,
                    3,
                    -8
                ],
                [
                    -10,
                    -8,
                    6
                ],
                [
                    3,
                    9,
                    -5
                ],
                [
                    -4,
                    8,
                    -9
                ],
                [
                    7,
                    2,
                    -1
                ],
                [
                    -2,
                    1,
                    -4
                ],
                [
                    -3,
                    -4,
                    10
                ],
                [
                    9,
                    5,
                    -2
                ],
                [
                    2,
                    6,
                    -7
                ],
                [
                    -4,
                    -6,
                    -5
                ],
                [
                    -1,
                    -7,
                    -9
                ],
                [
                    -1,
                    -2,
                    10
                ],
                [
                    4,
                    3,
                    -5
                ],
                [
                    1,
                    -2,
                    10
                ],
                [
                    9,
                    1,
                    -5
                ],
                [
                    1,
                    -6,
                    4
                ],
                [
                    8,
                    2,
                    -1
                ],
                [
                    -10,
                    -4,
                    6
                ],
                [
                    -4,
                    -6,
                    -10
                ],
                [
                    -3,
                    7,
                    -10
                ],
                [
                    6,
                    8,
                    2
                ],
                [
                    6,
                    -3,
                    -4
                ]
            ],
            "{   'fun': 1.0,\n    'jac': None,\n    'nfev': 63,\n    'nit': 0,\n    'njev': 21,\n    'x': array([1.56829047, 2.70425762])}",
            {
                "1111010011": 1,
                "0000000010": 1,
                "1101111000": 1,
                "1001100010": 1,
                "0000101001": 1,
                "0100000011": 1,
                "1101111010": 1,
                "1011000010": 2,
                "1111111101": 1,
                "1100100110": 1,
                "1000111000": 1,
                "0011111000": 1,
                "1100001001": 1,
                "0011101011": 2,
                "0110110010": 1,
                "0011111111": 1,
                "0000000110": 1,
                "1110100111": 1,
                "1010111010": 1,
                "0111001100": 1,
                "1111000011": 1,
                "1111010001": 1,
                "1110110011": 1,
                "1000001101": 1,
                "0000011001": 1,
                "0101110010": 1,
                "1111010110": 2,
                "1000110001": 1,
                "1100011111": 1,
                "1011101011": 1,
                "1001100011": 1,
                "1101000110": 1,
                "0010010000": 1,
                "1011101101": 2,
                "0110000001": 1,
                "1110000011": 1,
                "1100100001": 2,
                "0100110110": 1,
                "1100010100": 1,
                "0101101010": 1,
                "1011000100": 1,
                "1100110111": 1,
                "1000111110": 1,
                "0010010111": 1,
                "1101100011": 1,
                "1001101100": 1,
                "0111100110": 1,
                "0101010000": 1,
                "0111001001": 1,
                "1110101101": 1,
                "1010010011": 1,
                "1001101111": 1,
                "0111011010": 1,
                "0110100000": 1,
                "1101100111": 1,
                "0011001111": 1,
                "0011100111": 1,
                "1011011000": 1,
                "0101001001": 1,
                "0010111011": 1,
                "0111100101": 1,
                "0111001111": 1,
                "1111001010": 1,
                "0010111111": 1,
                "1001110100": 1,
                "0010000111": 1,
                "1110001110": 1,
                "1110110001": 1,
                "1000001010": 1,
                "1100101001": 1,
                "1010011100": 1,
                "0010011111": 1,
                "1110111101": 1,
                "0100111001": 1,
                "1000010110": 1,
                "0110011010": 1,
                "1100100111": 1,
                "1000011011": 1,
                "1001111110": 1,
                "0100011110": 1,
                "1100000001": 1,
                "0101100100": 1,
                "0010001100": 1,
                "1011110100": 1,
                "0111000101": 1,
                "0000111010": 1,
                "1110111001": 1,
                "0000000100": 1,
                "0111001110": 1,
                "1100111110": 1,
                "0010100000": 1,
                "0100001010": 1,
                "0101010110": 1,
                "1000010101": 1,
                "1001010000": 1
            },
            false,
            0.99
        ],
        [
            [
                [
                    1,
                    8,
                    2
                ],
                [
                    9,
                    -8,
                    5
                ],
                [
                    9,
                    1,
                    7
                ],
                [
                    5,
                    -6,
                    10
                ],
                [
                    -6,
                    -10,
                    9
                ],
                [
                    -4,
                    -2,
                    -6
                ],
                [
                    -10,
                    3,
                    5
                ],
                [
                    8,
                    10,
                    3
                ],
                [
                    -10,
                    -3,
                    -5
                ],
                [
                    1,
                    -10,
                    -8
                ],
                [
                    -6,
                    -8,
                    9
                ],
                [
                    -8,
                    -3,
                    -5
                ],
                [
                    3,
                    7,
                    -1
                ],
                [
                    9,
                    -6,
                    10
                ],
                [
                    5,
                    -8,
                    1
                ],
                [
                    9,
                    1,
                    10
                ],
                [
                    -2,
                    -8,
                    -7
                ],
                [
                    -10,
                    -6,
                    1
                ],
                [
                    4,
                    3,
                    5
                ],
                [
                    1,
                    2,
                    -9
                ],
                [
                    2,
                    -10,
                    -1
                ],
                [
                    6,
                    -2,
                    -8
                ],
                [
                    -10,
                    -7,
                    -3
                ],
                [
                    -2,
                    -7,
                    -3
                ],
                [
                    4,
                    -6,
                    -7
                ],
                [
                    -7,
                    8,
                    5
                ],
                [
                    -10,
                    -1,
                    5
                ],
                [
                    -3,
                    7,
                    -9
                ],
                [
                    3,
                    -1,
                    4
                ],
                [
                    -9,
                    -5,
                    7
                ],
                [
                    9,
                    6,
                    4
                ],
                [
                    5,
                    9,
                    1
                ],
                [
                    -10,
                    4,
                    -8
                ],
                [
                    10,
                    -8,
                    1
                ],
                [
                    -5,
                    9,
                    10
                ],
                [
                    -4,
                    -7,
                    1
                ],
                [
                    -9,
                    4,
                    -2
                ],
                [
                    4,
                    6,
                    8
                ],
                [
                    2,
                    -7,
                    -1
                ],
                [
                    -8,
                    -2,
                    -6
                ],
                [
                    5,
                    -4,
                    -9
                ],
                [
                    -3,
                    2,
                    -10
                ],
                [
                    2,
                    1,
                    -8
                ],
                [
                    -9,
                    10,
                    1
                ],
                [
                    -10,
                    6,
                    1
                ]
            ],
            "{   'fun': 0.98,\n    'jac': None,\n    'nfev': 78,\n    'nit': 2,\n    'njev': 26,\n    'x': array([1.1124864 , 2.23230737])}",
            {
                "0010000010": 1,
                "1111000011": 1,
                "1111001001": 1,
                "0110000101": 1,
                "0010011100": 1,
                "1010100101": 1,
                "1011001001": 1,
                "0010100010": 1,
                "0000001111": 1,
                "1101111100": 1,
                "0001101010": 1,
                "0110001111": 1,
                "0110001100": 1,
                "1100101000": 1,
                "0101010111": 1,
                "1101010100": 1,
                "0010110100": 1,
                "0001111000": 1,
                "1110011110": 1,
                "1110111001": 1,
                "1110000011": 1,
                "1101000111": 2,
                "1110110011": 2,
                "1100000101": 1,
                "0000001101": 1,
                "1000011001": 1,
                "0101111001": 1,
                "0110010001": 1,
                "1110001010": 1,
                "1111000001": 1,
                "0100100100": 1,
                "0101101001": 1,
                "0111101011": 1,
                "1000111001": 1,
                "1011101110": 1,
                "0101111000": 1,
                "1110000010": 1,
                "1101000000": 1,
                "0110000011": 2,
                "1101110011": 1,
                "1001110000": 1,
                "0000111110": 1,
                "0100100110": 1,
                "1001001010": 1,
                "0001100100": 1,
                "1110110110": 1,
                "0110010110": 1,
                "0101110010": 1,
                "0001001001": 1,
                "0000101100": 1,
                "0011000001": 1,
                "0001111001": 1,
                "1110011001": 1,
                "1000101111": 1,
                "1001011011": 1,
                "1100101001": 1,
                "0110001011": 1,
                "0000110111": 1,
                "1111010000": 1,
                "0010101111": 1,
                "1101111000": 1,
                "1100110110": 1,
                "1100111000": 1,
                "0110000110": 2,
                "1101110101": 1,
                "0110010101": 1,
                "1111010010": 1,
                "0001000000": 1,
                "1101110110": 2,
                "0000001011": 1,
                "0000011000": 2,
                "1010011000": 1,
                "1000000010": 1,
                "1011110001": 1,
                "0100001001": 1,
                "1110001100": 1,
                "0110110000": 1,
                "1001000101": 1,
                "1110010011": 1,
                "0110001000": 1,
                "1111110100": 1,
                "1000011110": 1,
                "0011100010": 1,
                "0100001111": 1,
                "0001010101": 1,
                "0001011111": 1,
                "0000000001": 1,
                "1101010010": 1,
                "1101110010": 1,
                "0001111011": 1,
                "1000110011": 1,
                "0000001000": 1,
                "1101011100": 1,
                "1010010100": 1
            },
            true,
            0.93
        ],
        [
            [
                [
                    -8,
                    -3,
                    -5
                ],
                [
                    6,
                    -2,
                    -7
                ],
                [
                    -4,
                    -7,
                    -8
                ],
                [
                    6,
                    -7,
                    -2
                ],
                [
                    -8,
                    1,
                    5
                ],
                [
                    -2,
                    6,
                    -3
                ],
                [
                    -4,
                    1,
                    -10
                ],
                [
                    9,
                    10,
                    -2
                ],
                [
                    5,
                    7,
                    -2
                ],
                [
                    5,
                    -3,
                    -4
                ],
                [
                    -3,
                    5,
                    -2
                ],
                [
                    9,
                    10,
                    3
                ],
                [
                    6,
                    -10,
                    4
                ],
                [
                    -1,
                    6,
                    10
                ],
                [
                    -7,
                    -6,
                    2
                ],
                [
                    -1,
                    7,
                    -4
                ],
                [
                    -7,
                    -2,
                    6
                ],
                [
                    -2,
                    9,
                    4
                ],
                [
                    1,
                    -10,
                    -2
                ],
                [
                    -6,
                    -5,
                    -2
                ],
                [
                    1,
                    5,
                    10
                ],
                [
                    -10,
                    -2,
                    3
                ],
                [
                    -1,
                    -4,
                    9
                ],
                [
                    -3,
                    4,
                    -2
                ],
                [
                    10,
                    -3,
                    -2
                ],
                [
                    -9,
                    -5,
                    -3
                ],
                [
                    -8,
                    2,
                    10
                ],
                [
                    4,
                    -10,
                    -6
                ],
                [
                    -2,
                    6,
                    9
                ],
                [
                    5,
                    -2,
                    1
                ],
                [
                    -7,
                    4,
                    -6
                ],
                [
                    9,
                    -10,
                    8
                ],
                [
                    7,
                    -6,
                    9
                ],
                [
                    9,
                    6,
                    -4
                ],
                [
                    -5,
                    2,
                    -6
                ],
                [
                    9,
                    -5,
                    -7
                ],
                [
                    2,
                    6,
                    -8
                ],
                [
                    3,
                    5,
                    2
                ],
                [
                    -8,
                    7,
                    -6
                ],
                [
                    -10,
                    -2,
                    7
                ],
                [
                    -1,
                    -9,
                    -6
                ],
                [
                    4,
                    -3,
                    1
                ],
                [
                    -7,
                    8,
                    10
                ],
                [
                    -1,
                    -6,
                    -5
                ],
                [
                    -6,
                    10,
                    -5
                ]
            ],
            "{   'fun': 0.99,\n    'jac': None,\n    'nfev': 60,\n    'nit': 1,\n    'njev': 20,\n    'x': array([1.59969025, 3.10670539])}",
            {
                "1000100000": 1,
                "0110110001": 1,
                "1100111000": 1,
                "1000001100": 1,
                "1100010110": 1,
                "1001111000": 1,
                "0010100110": 1,
                "0011101011": 1,
                "1000100001": 1,
                "1011010101": 1,
                "0010011110": 1,
                "0011010010": 1,
                "1000111001": 1,
                "0010110100": 1,
                "1001000110": 1,
                "1001010011": 1,
                "1001101110": 1,
                "1001101001": 1,
                "1101101111": 1,
                "1110110111": 1,
                "1011111111": 1,
                "0110010111": 1,
                "1011001111": 1,
                "1100101111": 1,
                "0110001010": 1,
                "0100010101": 1,
                "0100111111": 1,
                "0100001011": 1,
                "0011111001": 1,
                "0000111000": 1,
                "1001100110": 2,
                "0000111110": 1,
                "1011010010": 1,
                "0010001100": 1,
                "0010111010": 1,
                "1110111100": 1,
                "0000110110": 1,
                "1010000111": 1,
                "0000111111": 1,
                "1001101011": 2,
                "1011010011": 1,
                "0001110100": 1,
                "0101010110": 1,
                "0101111001": 1,
                "1000101100": 2,
                "1101011101": 1,
                "0011111000": 1,
                "1100001100": 1,
                "1010001001": 1,
                "0110101110": 1,
                "0101100010": 1,
                "1110010001": 1,
                "1101010011": 1,
                "0011110001": 1,
                "1110011000": 1,
                "0100111101": 1,
                "0100100010": 1,
                "1000110011": 1,
                "1101111001": 1,
                "1000101110": 1,
                "1011101010": 1,
                "0000010011": 1,
                "0001011011": 1,
                "0001110110": 1,
                "0100000101": 1,
                "0101111111": 1,
                "1001110100": 1,
                "0001000110": 1,
                "0010011100": 1,
                "0101101111": 1,
                "1100100001": 1,
                "1000111110": 1,
                "1111111111": 1,
                "0011001001": 1,
                "1110010000": 1,
                "1111110001": 1,
                "0101001000": 1,
                "0111110000": 1,
                "0100111000": 1,
                "0010111100": 1,
                "1001000011": 1,
                "1000010101": 1,
                "1001010000": 1,
                "1001110000": 1,
                "1011100000": 1,
                "0110111001": 1,
                "0010101110": 1,
                "0101100100": 1,
                "0110100111": 1,
                "0001001000": 1,
                "1101100100": 1,
                "1101100010": 1,
                "0011011010": 1,
                "0011110101": 1,
                "0001110001": 1,
                "1111110111": 1,
                "1101110110": 1
            },
            true,
            0.96
        ],
        [
            [
                [
                    -3,
                    10,
                    -7
                ],
                [
                    6,
                    -5,
                    7
                ],
                [
                    6,
                    3,
                    1
                ],
                [
                    -4,
                    -8,
                    9
                ],
                [
                    -9,
                    1,
                    -2
                ],
                [
                    -4,
                    5,
                    -7
                ],
                [
                    8,
                    4,
                    5
                ],
                [
                    3,
                    6,
                    4
                ],
                [
                    6,
                    9,
                    -3
                ],
                [
                    5,
                    1,
                    3
                ],
                [
                    -2,
                    -5,
                    8
                ],
                [
                    -10,
                    -7,
                    -3
                ],
                [
                    -1,
                    -10,
                    -5
                ],
                [
                    2,
                    -5,
                    -8
                ],
                [
                    -7,
                    -3,
                    -2
                ],
                [
                    3,
                    -7,
                    -5
                ],
                [
                    -5,
                    -3,
                    -1
                ],
                [
                    -2,
                    6,
                    -1
                ],
                [
                    -10,
                    3,
                    1
                ],
                [
                    -10,
                    -6,
                    4
                ],
                [
                    -9,
                    2,
                    -5
                ],
                [
                    4,
                    8,
                    6
                ],
                [
                    3,
                    1,
                    4
                ],
                [
                    9,
                    -8,
                    2
                ],
                [
                    -4,
                    2,
                    9
                ],
                [
                    5,
                    -8,
                    4
                ],
                [
                    4,
                    7,
                    -6
                ],
                [
                    -8,
                    -3,
                    2
                ],
                [
                    -8,
                    -9,
                    -7
                ],
                [
                    -6,
                    3,
                    8
                ],
                [
                    6,
                    5,
                    9
                ],
                [
                    -8,
                    7,
                    3
                ],
                [
                    -8,
                    5,
                    1
                ],
                [
                    -10,
                    6,
                    -8
                ],
                [
                    -8,
                    9,
                    -4
                ],
                [
                    -1,
                    -6,
                    -4
                ],
                [
                    10,
                    3,
                    -7
                ],
                [
                    -4,
                    3,
                    9
                ],
                [
                    10,
                    -8,
                    -9
                ],
                [
                    9,
                    -2,
                    8
                ],
                [
                    -9,
                    -7,
                    1
                ],
                [
                    3,
                    6,
                    1
                ],
                [
                    3,
                    -5,
                    -2
                ],
                [
                    10,
                    3,
                    -7
                ],
                [
                    7,
                    -4,
                    1
                ]
            ],
            "{   'fun': 0.99,\n    'jac': None,\n    'nfev': 78,\n    'nit': 2,\n    'njev': 26,\n    'x': array([2.43367621, 0.15758592])}",
            {
                "0110000001": 1,
                "0001011010": 1,
                "0011001010": 1,
                "0001010100": 1,
                "1111111010": 1,
                "0010101111": 1,
                "1011001111": 1,
                "1101011101": 1,
                "0010101000": 1,
                "1001000101": 1,
                "1101001100": 1,
                "1101000101": 1,
                "0000101001": 1,
                "0010100001": 1,
                "0011000001": 1,
                "0000101100": 1,
                "0010000000": 1,
                "0011010001": 1,
                "1110011110": 1,
                "1011011010": 1,
                "1011001011": 1,
                "0100100001": 1,
                "1001110000": 1,
                "1111101100": 2,
                "1011000101": 1,
                "0110011111": 1,
                "1101111110": 1,
                "1100000111": 1,
                "0001101011": 1,
                "1111011010": 1,
                "1101011010": 1,
                "0011011011": 1,
                "1011101110": 1,
                "0111101111": 1,
                "0111000100": 1,
                "0110000011": 1,
                "1110010000": 1,
                "1001111110": 1,
                "1101010011": 1,
                "1100000101": 1,
                "1101000111": 1,
                "1110111010": 1,
                "0110111011": 1,
                "0001001110": 1,
                "1100110100": 1,
                "0110111001": 1,
                "1100111111": 1,
                "0010001011": 1,
                "0010100000": 1,
                "1010011110": 1,
                "0110100111": 1,
                "1000111011": 1,
                "1100001000": 1,
                "1111000001": 1,
                "1000100011": 1,
                "1111010011": 1,
                "0000010010": 1,
                "0110111000": 1,
                "1010111110": 1,
                "1001110110": 1,
                "0011101100": 1,
                "0111011101": 1,
                "0000100011": 1,
                "0001010010": 1,
                "0101110100": 1,
                "0110010010": 2,
                "0100101100": 1,
                "0100011011": 1,
                "1010111000": 1,
                "0011111101": 1,
                "1100001010": 1,
                "1110001111": 1,
                "1001111001": 1,
                "1000100111": 1,
                "1110100100": 1,
                "0011111100": 1,
                "0101100111": 1,
                "1011011011": 1,
                "1101000011": 1,
                "1110000010": 2,
                "1000101100": 1,
                "0101110010": 1,
                "0010100101": 1,
                "0101011101": 1,
                "0000011010": 1,
                "0101010110": 1,
                "1100010011": 1,
                "1110111001": 1,
                "1001100111": 1,
                "0101111101": 1,
                "1101111101": 1,
                "0110011101": 1,
                "1001001110": 1,
                "1100101100": 1,
                "0000000110": 2,
                "1101111100": 1
            },
            true,
            0.95
        ],
        [
            [
                [
                    -7,
                    -10,
                    9
                ],
                [
                    4,
                    10,
                    -1
                ],
                [
                    -10,
                    -3,
                    -1
                ],
                [
                    10,
                    -5,
                    1
                ],
                [
                    -6,
                    10,
                    -8
                ],
                [
                    2,
                    5,
                    -8
                ],
                [
                    7,
                    3,
                    -2
                ],
                [
                    -4,
                    -6,
                    -2
                ],
                [
                    8,
                    10,
                    -2
                ],
                [
                    9,
                    7,
                    2
                ],
                [
                    8,
                    9,
                    -7
                ],
                [
                    -4,
                    -2,
                    1
                ],
                [
                    3,
                    -2,
                    1
                ],
                [
                    -7,
                    9,
                    3
                ],
                [
                    -7,
                    2,
                    8
                ],
                [
                    4,
                    6,
                    2
                ],
                [
                    7,
                    -10,
                    -9
                ],
                [
                    -6,
                    8,
                    -10
                ],
                [
                    9,
                    10,
                    3
                ],
                [
                    10,
                    9,
                    -4
                ],
                [
                    -1,
                    -9,
                    3
                ],
                [
                    6,
                    1,
                    -9
                ],
                [
                    -7,
                    4,
                    2
                ],
                [
                    4,
                    7,
                    9
                ],
                [
                    -9,
                    1,
                    8
                ],
                [
                    -4,
                    8,
                    2
                ],
                [
                    -1,
                    6,
                    4
                ],
                [
                    -8,
                    9,
                    -7
                ],
                [
                    -1,
                    -3,
                    -9
                ],
                [
                    9,
                    -5,
                    3
                ],
                [
                    3,
                    10,
                    7
                ],
                [
                    -7,
                    6,
                    2
                ],
                [
                    6,
                    9,
                    -2
                ],
                [
                    9,
                    2,
                    5
                ],
                [
                    2,
                    -4,
                    8
                ],
                [
                    -2,
                    -10,
                    4
                ],
                [
                    -5,
                    -9,
                    -3
                ],
                [
                    2,
                    4,
                    -5
                ],
                [
                    -10,
                    3,
                    -5
                ],
                [
                    2,
                    -3,
                    1
                ],
                [
                    5,
                    -6,
                    3
                ],
                [
                    -7,
                    2,
                    -4
                ],
                [
                    10,
                    -9,
                    2
                ],
                [
                    -4,
                    9,
                    -1
                ],
                [
                    -4,
                    5,
                    3
                ]
            ],
            "{   'fun': 1.0,\n    'jac': None,\n    'nfev': 3,\n    'nit': 0,\n    'njev': 1,\n    'x': array([0.84543156, 1.22578621])}",
            {
                "0011001110": 1,
                "1100010100": 1,
                "1001010101": 1,
                "0010111110": 1,
                "1000000000": 1,
                "1001110011": 1,
                "0110010111": 1,
                "1010001001": 1,
                "1100011101": 1,
                "0001011111": 1,
                "1111111010": 1,
                "1001110110": 1,
                "0001000000": 1,
                "0110111110": 1,
                "1101010011": 1,
                "1101100101": 1,
                "1100000000": 1,
                "0000110101": 1,
                "1001011101": 1,
                "1101011000": 1,
                "0000110010": 1,
                "1011010111": 1,
                "0100001111": 1,
                "0011111110": 1,
                "0010100011": 1,
                "0011010001": 1,
                "1010011111": 3,
                "0000111011": 1,
                "1010110001": 1,
                "0111100001": 1,
                "1010001110": 1,
                "1011101001": 1,
                "0100001101": 1,
                "1001101010": 1,
                "0010100100": 1,
                "1110000111": 1,
                "0011010110": 1,
                "1000111101": 1,
                "0001100100": 1,
                "1110010010": 1,
                "1101011010": 2,
                "1000000110": 1,
                "0000100110": 1,
                "1111111111": 1,
                "1000111000": 2,
                "0101010001": 1,
                "1000110011": 1,
                "1001110101": 1,
                "0001111010": 1,
                "0111100011": 1,
                "0011111011": 1,
                "0010010111": 1,
                "1111000000": 1,
                "0000010010": 1,
                "0111110101": 1,
                "1010111111": 1,
                "0101001101": 1,
                "1010111011": 1,
                "0000100001": 1,
                "1011111011": 1,
                "1111011011": 1,
                "1111100001": 1,
                "0111010111": 1,
                "1110000011": 1,
                "0010010100": 1,
                "1000011111": 1,
                "0101000100": 1,
                "0111100100": 1,
                "0110011010": 1,
                "1011111101": 1,
                "0110000010": 1,
                "1111000111": 1,
                "0110111111": 1,
                "0001010011": 1,
                "0011110010": 1,
                "1111000100": 2,
                "0001010001": 1,
                "1101101001": 1,
                "1000001101": 1,
                "1101110101": 1,
                "1101101000": 1,
                "0100101001": 2,
                "0100011110": 1,
                "1110110000": 1,
                "0000010110": 1,
                "1100010010": 1,
                "0101000101": 1,
                "0110101100": 1,
                "0000110001": 1,
                "1000101111": 1,
                "0001001011": 1,
                "1000011100": 1,
                "0001111000": 1,
                "1101001000": 1
            },
            false,
            1.0
        ]
    ]
}