{
    "n": 10,
    "m": 45,
    "results": [
        [
            [
                [
                    10,
                    -2,
                    5
                ],
                [
                    9,
                    -5,
                    4
                ],
                [
                    -8,
                    -9,
                    -6
                ],
                [
                    -7,
                    9,
                    8
                ],
                [
                    -6,
                    8,
                    9
                ],
                [
                    2,
                    5,
                    7
                ],
                [
                    1,
                    7,
                    4
                ],
                [
                    -8,
                    -4,
                    -6
                ],
                [
                    -6,
                    -7,
                    3
                ],
                [
                    -7,
                    10,
                    -2
                ],
                [
                    -7,
                    -1,
                    -6
                ],
                [
                    -4,
                    -3,
                    8
                ],
                [
                    -6,
                    4,
                    -2
                ],
                [
                    9,
                    -8,
                    5
                ],
                [
                    -10,
                    -5,
                    -8
                ],
                [
                    -3,
                    -9,
                    -2
                ],
                [
                    6,
                    5,
                    7
                ],
                [
                    8,
                    4,
                    1
                ],
                [
                    6,
                    -2,
                    5
                ],
                [
                    -1,
                    -8,
                    -7
                ],
                [
                    -2,
                    1,
                    7
                ],
                [
                    -9,
                    -5,
                    -2
                ],
                [
                    -9,
                    -3,
                    -1
                ],
                [
                    4,
                    -10,
                    -9
                ],
                [
                    -2,
                    -3,
                    5
                ],
                [
                    2,
                    -5,
                    9
                ],
                [
                    3,
                    -10,
                    -7
                ],
                [
                    2,
                    4,
                    -8
                ],
                [
                    1,
                    -3,
                    4
                ],
                [
                    1,
                    4,
                    -2
                ],
                [
                    1,
                    9,
                    7
                ],
                [
                    5,
                    -2,
                    6
                ],
                [
                    -5,
                    4,
                    9
                ],
                [
                    10,
                    -8,
                    5
                ],
                [
                    -6,
                    7,
                    3
                ],
                [
                    -6,
                    2,
                    3
                ],
                [
                    10,
                    -9,
                    -2
                ],
                [
                    9,
                    -1,
                    -5
                ],
                [
                    4,
                    -7,
                    -1
                ],
                [
                    -5,
                    -3,
                    9
                ],
                [
                    -10,
                    -4,
                    3
                ],
                [
                    -4,
                    5,
                    -1
                ],
                [
                    -2,
                    -6,
                    -4
                ],
                [
                    -8,
                    -6,
                    5
                ],
                [
                    -10,
                    6,
                    2
                ]
            ],
            "{   'fun': 0.95,\n    'jac': None,\n    'nfev': 63,\n    'nit': 2,\n    'njev': 21,\n    'x': array([1.56829006, 2.70426038])}",
            {
                "0101100010": 1,
                "0011100000": 1,
                "1100010111": 1,
                "0110101010": 1,
                "1001011101": 1,
                "1000000011": 1,
                "0010000100": 1,
                "1100000110": 1,
                "0011010011": 1,
                "1110001110": 1,
                "0100011100": 1,
                "1011000010": 1,
                "1010111100": 1,
                "1101100001": 1,
                "0000001001": 1,
                "1100001010": 1,
                "0011110110": 1,
                "0101011111": 1,
                "0010111011": 1,
                "1111011010": 1,
                "0011011100": 1,
                "1100110001": 1,
                "1010110001": 1,
                "1100010010": 1,
                "0110011000": 1,
                "0110111100": 1,
                "1010100101": 1,
                "0010100110": 1,
                "1010100111": 2,
                "0011011111": 1,
                "1111110000": 1,
                "1101111010": 1,
                "1000001011": 1,
                "1100000011": 1,
                "0101001001": 1,
                "1101001000": 2,
                "1100111001": 1,
                "1001100011": 2,
                "0011100010": 1,
                "1000101001": 1,
                "1111000101": 1,
                "1111001111": 1,
                "0000100110": 1,
                "1111111111": 1,
                "1100010001": 1,
                "1000110001": 1,
                "0100011001": 1,
                "0101011000": 1,
                "1101000000": 1,
                "0110100000": 1,
                "0000011011": 1,
                "1111000111": 1,
                "0110000010": 1,
                "0001110001": 1,
                "1011110111": 2,
                "0111011000": 1,
                "1110100011": 1,
                "0000100011": 1,
                "0000110000": 1,
                "1010001001": 1,
                "0101110011": 1,
                "0001100111": 1,
                "1111000010": 1,
                "0010011001": 1,
                "1100011110": 1,
                "0110011110": 1,
                "0001101111": 1,
                "0000111001": 1,
                "0000001010": 1,
                "1000101000": 2,
                "0100010011": 1,
                "0001101000": 1,
                "1110000100": 1,
                "0110100010": 1,
                "0110000111": 1,
                "0100101011": 1,
                "0010000010": 1,
                "1010110111": 1,
                "1110110110": 1,
                "1101010000": 1,
                "0001100100": 1,
                "0101000001": 1,
                "0111110010": 1,
                "0110101111": 1,
                "0100011000": 2,
                "1111010011": 1,
                "1011101000": 1,
                "1010100100": 1,
                "1010000111": 1,
                "1010110110": 1,
                "1111111101": 1,
                "1111001110": 1,
                "0010100001": 1,
                "1011100100": 1
            },
            true,
            0.92
        ],
        [
            [
                [
                    3,
                    -10,
                    -5
                ],
                [
                    -9,
                    7,
                    -1
                ],
                [
                    5,
                    -9,
                    -2
                ],
                [
                    -4,
                    2,
                    5
                ],
                [
                    6,
                    2,
                    5
                ],
                [
                    -6,
                    -10,
                    2
                ],
                [
                    9,
                    -7,
                    -10
                ],
                [
                    -4,
                    10,
                    6
                ],
                [
                    4,
                    -5,
                    -10
                ],
                [
                    -10,
                    -4,
                    -5
                ],
                [
                    4,
                    -10,
                    -3
                ],
                [
                    9,
                    -7,
                    3
                ],
                [
                    2,
                    -6,
                    -5
                ],
                [
                    -5,
                    7,
                    -1
                ],
                [
                    -10,
                    2,
                    4
                ],
                [
                    9,
                    -7,
                    8
                ],
                [
                    -9,
                    -5,
                    -7
                ],
                [
                    4,
                    10,
                    -3
                ],
                [
                    1,
                    5,
                    -3
                ],
                [
                    -1,
                    6,
                    -3
                ],
                [
                    -8,
                    3,
                    -1
                ],
                [
                    7,
                    6,
                    8
                ],
                [
                    -3,
                    -4,
                    7
                ],
                [
                    -10,
                    -6,
                    4
                ],
                [
                    5,
                    -3,
                    2
                ],
                [
                    2,
                    -10,
                    -6
                ],
                [
                    5,
                    -10,
                    2
                ],
                [
                    10,
                    6,
                    -9
                ],
                [
                    4,
                    8,
                    -10
                ],
                [
                    -2,
                    6,
                    4
                ],
                [
                    10,
                    -9,
                    -8
                ],
                [
                    -3,
                    -9,
                    -4
                ],
                [
                    -8,
                    2,
                    10
                ],
                [
                    -2,
                    10,
                    -3
                ],
                [
                    4,
                    -9,
                    5
                ],
                [
                    -8,
                    -10,
                    7
                ],
                [
                    -2,
                    -3,
                    4
                ],
                [
                    -2,
                    -4,
                    -10
                ],
                [
                    -10,
                    -4,
                    -9
                ],
                [
                    -2,
                    5,
                    -8
                ],
                [
                    10,
                    2,
                    1
                ],
                [
                    3,
                    10,
                    -9
                ],
                [
                    6,
                    -3,
                    7
                ],
                [
                    -8,
                    5,
                    -4
                ],
                [
                    3,
                    -8,
                    10
                ]
            ],
            "{   'fun': 0.98,\n    'jac': None,\n    'nfev': 3,\n    'nit': 0,\n    'njev': 1,\n    'x': array([1.11249116, 2.23230737])}",
            {
                "0001010100": 1,
                "0101100011": 1,
                "1100000011": 1,
                "0100001001": 1,
                "1011101001": 1,
                "1110110011": 1,
                "0101110010": 1,
                "1110001111": 1,
                "0101010111": 1,
                "1110010110": 1,
                "1011110100": 1,
                "1011000011": 1,
                "0000001100": 1,
                "0001101100": 1,
                "0110111011": 1,
                "1001010011": 1,
                "1110001100": 1,
                "0010001011": 1,
                "0010100000": 1,
                "1010101000": 1,
                "1001101001": 1,
                "0010101110": 1,
                "0010001010": 1,
                "1110110000": 1,
                "0000100100": 1,
                "0111110010": 1,
                "1100010010": 1,
                "0101111000": 1,
                "0101011000": 1,
                "1001110111": 1,
                "0100000000": 1,
                "0101011001": 1,
                "0001110110": 1,
                "0001111001": 1,
                "1101110100": 1,
                "0110010000": 1,
                "0000110001": 1,
                "1000101111": 1,
                "0011011100": 1,
                "1110101101": 1,
                "1001110000": 1,
                "1111101100": 1,
                "0000011100": 1,
                "0000110010": 2,
                "1000010010": 1,
                "1010110100": 1,
                "1111110110": 1,
                "0001001101": 2,
                "1000110111": 1,
                "1100111101": 1,
                "0110010010": 1,
                "1101000001": 1,
                "1001001010": 1,
                "1011010001": 1,
                "0100100100": 1,
                "1001101010": 1,
                "1111110001": 1,
                "1010000011": 1,
                "0001100101": 1,
                "0110001100": 1,
                "0101100110": 1,
                "0011011011": 1,
                "0001010101": 1,
                "0101010101": 1,
                "0101001101": 1,
                "0110100100": 1,
                "1111001100": 1,
                "0001001001": 1,
                "0100011000": 1,
                "1010010001": 1,
                "1110010000": 1,
                "0110100101": 1,
                "0001000110": 1,
                "1110100010": 1,
                "1110001110": 1,
                "0000011111": 1,
                "1100101000": 1,
                "0110100010": 2,
                "0001001010": 1,
                "0011110001": 1,
                "0111001010": 1,
                "0110011110": 1,
                "0001110101": 1,
                "1100001111": 1,
                "1011100111": 1,
                "1000011011": 1,
                "0011000110": 1,
                "0011110100": 1,
                "0000010001": 1,
                "1101011111": 1,
                "0000000110": 1,
                "1100101011": 1,
                "0000111111": 1,
                "1000110011": 1,
                "0111011011": 1,
                "1111011000": 1,
                "1111011101": 1
            },
            true,
            0.98
        ],
        [
            [
                [
                    -8,
                    -5,
                    1
                ],
                [
                    -9,
                    10,
                    4
                ],
                [
                    -7,
                    -10,
                    3
                ],
                [
                    3,
                    4,
                    2
                ],
                [
                    -5,
                    -4,
                    -6
                ],
                [
                    -6,
                    -3,
                    4
                ],
                [
                    -8,
                    10,
                    -7
                ],
                [
                    8,
                    3,
                    -2
                ],
                [
                    10,
                    -3,
                    -5
                ],
                [
                    -3,
                    9,
                    1
                ],
                [
                    -5,
                    1,
                    9
                ],
                [
                    -5,
                    -6,
                    1
                ],
                [
                    -1,
                    9,
                    3
                ],
                [
                    -4,
                    1,
                    3
                ],
                [
                    -10,
                    -3,
                    -2
                ],
                [
                    7,
                    -8,
                    4
                ],
                [
                    -7,
                    -3,
                    1
                ],
                [
                    10,
                    -7,
                    -5
                ],
                [
                    -5,
                    -2,
                    6
                ],
                [
                    7,
                    4,
                    3
                ],
                [
                    -9,
                    7,
                    -10
                ],
                [
                    -8,
                    -7,
                    10
                ],
                [
                    2,
                    -6,
                    -4
                ],
                [
                    -6,
                    -1,
                    -7
                ],
                [
                    5,
                    -3,
                    -7
                ],
                [
                    5,
                    -9,
                    -10
                ],
                [
                    -3,
                    -7,
                    4
                ],
                [
                    10,
                    3,
                    8
                ],
                [
                    2,
                    6,
                    -3
                ],
                [
                    -5,
                    -3,
                    -10
                ],
                [
                    8,
                    -1,
                    6
                ],
                [
                    -4,
                    3,
                    5
                ],
                [
                    -9,
                    -10,
                    -8
                ],
                [
                    8,
                    -3,
                    -9
                ],
                [
                    -2,
                    8,
                    3
                ],
                [
                    2,
                    4,
                    -9
                ],
                [
                    -4,
                    -2,
                    -9
                ],
                [
                    2,
                    -5,
                    -6
                ],
                [
                    -8,
                    2,
                    -3
                ],
                [
                    -10,
                    -2,
                    -6
                ],
                [
                    -4,
                    10,
                    6
                ],
                [
                    10,
                    1,
                    4
                ],
                [
                    3,
                    -1,
                    -8
                ],
                [
                    -3,
                    -10,
                    -4
                ],
                [
                    4,
                    7,
                    8
                ]
            ],
            "{   'fun': 0.98,\n    'jac': None,\n    'nfev': 63,\n    'nit': 0,\n    'njev': 21,\n    'x': array([1.59969015, 3.10670539])}",
            {
                "1000111100": 1,
                "0110011101": 1,
                "1010111101": 1,
                "1010010011": 1,
                "0111011000": 1,
                "0111100100": 1,
                "1111011010": 1,
                "0101110101": 1,
                "1010010110": 1,
                "0001111111": 1,
                "1011011111": 1,
                "1011000110": 1,
                "1100010010": 1,
                "0100111100": 1,
                "0001001010": 1,
                "1100001101": 1,
                "1110001111": 1,
                "1001000000": 1,
                "1110001100": 1,
                "0110111110": 1,
                "0100110010": 1,
                "0111101111": 1,
                "0011111100": 1,
                "1110001101": 1,
                "1001000101": 1,
                "0110010000": 1,
                "0001001011": 1,
                "1101000100": 1,
                "0111001111": 1,
                "1000000000": 1,
                "1101110111": 1,
                "0010001111": 1,
                "0110011011": 1,
                "0111111100": 1,
                "0100010100": 1,
                "0000111011": 1,
                "1100101100": 1,
                "0000010111": 2,
                "0010111010": 2,
                "1110001011": 1,
                "1001101011": 1,
                "1000100100": 1,
                "0100010010": 1,
                "1000000100": 1,
                "0111101011": 1,
                "0101000010": 1,
                "0100001100": 1,
                "1110111010": 1,
                "1101010010": 1,
                "1111101011": 1,
                "0111011111": 1,
                "1010001000": 1,
                "1010000100": 1,
                "0100000011": 1,
                "0110101011": 1,
                "1110001110": 1,
                "0101110000": 1,
                "1100101001": 1,
                "1110110001": 1,
                "0010011001": 1,
                "1111111110": 1,
                "1111100010": 1,
                "0110001001": 1,
                "1100011111": 1,
                "1010100110": 1,
                "1111011111": 1,
                "1001011011": 1,
                "0000101010": 1,
                "0000100000": 1,
                "0010000110": 1,
                "0110011001": 1,
                "1010100011": 1,
                "0001010010": 1,
                "0001100100": 1,
                "1011010101": 1,
                "0100100000": 1,
                "1000011110": 1,
                "0110100110": 1,
                "0011001110": 1,
                "0011101001": 1,
                "1001101001": 1,
                "0000001001": 2,
                "1100011011": 1,
                "1100111101": 1,
                "1010111001": 1,
                "0011000000": 1,
                "0100011100": 1,
                "1011000011": 1,
                "0001111101": 1,
                "0100010101": 1,
                "0011001101": 1,
                "1101111100": 1,
                "1111001111": 1,
                "0111011010": 1,
                "1001100010": 1,
                "1000011101": 1,
                "0010000010": 1
            },
            true,
            0.97
        ],
        [
            [
                [
                    -2,
                    4,
                    -3
                ],
                [
                    -10,
                    9,
                    -8
                ],
                [
                    -1,
                    -2,
                    10
                ],
                [
                    9,
                    10,
                    -8
                ],
                [
                    2,
                    -7,
                    8
                ],
                [
                    5,
                    -6,
                    -1
                ],
                [
                    -1,
                    7,
                    -5
                ],
                [
                    -9,
                    3,
                    -6
                ],
                [
                    8,
                    -6,
                    4
                ],
                [
                    -6,
                    -3,
                    -8
                ],
                [
                    -7,
                    9,
                    -8
                ],
                [
                    4,
                    -5,
                    -6
                ],
                [
                    -3,
                    9,
                    1
                ],
                [
                    -5,
                    -6,
                    4
                ],
                [
                    -7,
                    6,
                    -8
                ],
                [
                    -3,
                    8,
                    -5
                ],
                [
                    -9,
                    5,
                    2
                ],
                [
                    -2,
                    9,
                    3
                ],
                [
                    -3,
                    -7,
                    9
                ],
                [
                    7,
                    -4,
                    8
                ],
                [
                    -5,
                    6,
                    -8
                ],
                [
                    -1,
                    4,
                    -5
                ],
                [
                    9,
                    2,
                    4
                ],
                [
                    -5,
                    4,
                    8
                ],
                [
                    -2,
                    6,
                    -7
                ],
                [
                    8,
                    9,
                    7
                ],
                [
                    -1,
                    -6,
                    7
                ],
                [
                    6,
                    3,
                    9
                ],
                [
                    3,
                    -7,
                    8
                ],
                [
                    4,
                    7,
                    -3
                ],
                [
                    9,
                    10,
                    -1
                ],
                [
                    -10,
                    -9,
                    8
                ],
                [
                    -10,
                    -1,
                    -5
                ],
                [
                    9,
                    2,
                    -4
                ],
                [
                    -7,
                    -2,
                    10
                ],
                [
                    9,
                    10,
                    -4
                ],
                [
                    -2,
                    -3,
                    7
                ],
                [
                    -7,
                    8,
                    -9
                ],
                [
                    9,
                    -4,
                    6
                ],
                [
                    -4,
                    -1,
                    10
                ],
                [
                    -2,
                    -8,
                    6
                ],
                [
                    -9,
                    -4,
                    -1
                ],
                [
                    3,
                    -6,
                    -1
                ],
                [
                    10,
                    5,
                    -6
                ],
                [
                    -10,
                    6,
                    -9
                ]
            ],
            "{   'fun': 1.0,\n    'jac': None,\n    'nfev': 3,\n    'nit': 0,\n    'njev': 1,\n    'x': array([2.43367616, 0.15758597])}",
            {
                "1001001010": 1,
                "0011101001": 1,
                "1101010111": 1,
                "0011010000": 1,
                "0111000011": 1,
                "1111000010": 1,
                "0100000111": 1,
                "1001011000": 1,
                "1100010101": 1,
                "0110110011": 1,
                "1110010001": 1,
                "1100000001": 1,
                "0100110110": 1,
                "1001000001": 1,
                "0010100011": 1,
                "1000100111": 1,
                "1001011111": 1,
                "1100000110": 1,
                "0101110011": 1,
                "1100001111": 1,
                "1001001000": 1,
                "0011011111": 1,
                "0000111100": 1,
                "0110111011": 1,
                "0001001100": 1,
                "1001110000": 1,
                "0100110111": 1,
                "0100100000": 1,
                "1100101101": 1,
                "1101000001": 3,
                "0100100110": 1,
                "1011001111": 1,
                "0110111110": 1,
                "1110010111": 1,
                "0101000011": 1,
                "0011101011": 1,
                "0100111010": 1,
                "0101110010": 1,
                "0001111000": 1,
                "0010110110": 1,
                "0100011000": 1,
                "0100010110": 1,
                "0010011100": 1,
                "0111100101": 1,
                "0010000000": 1,
                "1000110101": 1,
                "1110101010": 1,
                "0100101101": 2,
                "0111000001": 1,
                "0011010010": 1,
                "1111010111": 1,
                "0100100101": 1,
                "1011000010": 2,
                "0111100100": 1,
                "0101111011": 1,
                "0011110001": 1,
                "0011110100": 1,
                "1001100000": 1,
                "0100101110": 1,
                "0010000010": 1,
                "0001011001": 1,
                "1101011000": 1,
                "1000000101": 1,
                "1101101010": 1,
                "1000010011": 1,
                "1001011010": 1,
                "1110101011": 1,
                "0001111101": 1,
                "1010011111": 1,
                "1011000011": 2,
                "0000001000": 1,
                "0101010001": 1,
                "1010000100": 1,
                "1010000101": 1,
                "1001100001": 1,
                "0100101000": 1,
                "0111111001": 1,
                "1111101111": 1,
                "0100000100": 1,
                "1100101001": 1,
                "1110110001": 1,
                "0000101101": 1,
                "1000100100": 1,
                "0011110010": 1,
                "0101101001": 1,
                "1000101100": 1,
                "1010110110": 1,
                "0101110000": 1,
                "0000111000": 1,
                "0010010010": 1,
                "1100011001": 2,
                "0011101110": 1,
                "0000000000": 1,
                "1101100101": 1
            },
            false,
            1.0
        ],
        [
            [
                [
                    -3,
                    -6,
                    4
                ],
                [
                    5,
                    10,
                    3
                ],
                [
                    1,
                    -5,
                    -9
                ],
                [
                    3,
                    5,
                    -1
                ],
                [
                    -3,
                    -8,
                    7
                ],
                [
                    -6,
                    4,
                    -10
                ],
                [
                    -10,
                    -4,
                    -5
                ],
                [
                    3,
                    9,
                    -7
                ],
                [
                    -8,
                    6,
                    3
                ],
                [
                    -9,
                    3,
                    -7
                ],
                [
                    -1,
                    4,
                    10
                ],
                [
                    -1,
                    -10,
                    7
                ],
                [
                    4,
                    -1,
                    5
                ],
                [
                    -5,
                    3,
                    -10
                ],
                [
                    7,
                    8,
                    2
                ],
                [
                    10,
                    -2,
                    -6
                ],
                [
                    6,
                    -8,
                    -3
                ],
                [
                    -2,
                    3,
                    8
                ],
                [
                    2,
                    -4,
                    -10
                ],
                [
                    -8,
                    10,
                    -7
                ],
                [
                    -6,
                    -10,
                    9
                ],
                [
                    -2,
                    10,
                    -4
                ],
                [
                    9,
                    4,
                    6
                ],
                [
                    -4,
                    -7,
                    -9
                ],
                [
                    2,
                    6,
                    4
                ],
                [
                    -8,
                    -4,
                    10
                ],
                [
                    2,
                    6,
                    -1
                ],
                [
                    9,
                    6,
                    1
                ],
                [
                    5,
                    10,
                    -1
                ],
                [
                    -5,
                    4,
                    -9
                ],
                [
                    -10,
                    -5,
                    -9
                ],
                [
                    -9,
                    -4,
                    -7
                ],
                [
                    8,
                    -7,
                    -9
                ],
                [
                    -3,
                    -6,
                    -10
                ],
                [
                    -5,
                    -2,
                    -3
                ],
                [
                    -8,
                    -7,
                    -9
                ],
                [
                    1,
                    -2,
                    3
                ],
                [
                    5,
                    -1,
                    -3
                ],
                [
                    -3,
                    7,
                    -4
                ],
                [
                    7,
                    -6,
                    -1
                ],
                [
                    3,
                    -1,
                    5
                ],
                [
                    -10,
                    -5,
                    4
                ],
                [
                    -1,
                    -6,
                    3
                ],
                [
                    1,
                    -8,
                    -5
                ],
                [
                    -8,
                    10,
                    3
                ]
            ],
            "{   'fun': 0.99,\n    'jac': None,\n    'nfev': 3,\n    'nit': 0,\n    'njev': 1,\n    'x': array([0.84543156, 1.22578621])}",
            {
                "0010100000": 1,
                "1111000010": 1,
                "1010000011": 1,
                "0001000010": 1,
                "0111011110": 1,
                "1011010110": 1,
                "0001001001": 1,
                "1110000111": 1,
                "0011110010": 1,
                "1001101010": 1,
                "0000011011": 1,
                "0000010100": 1,
                "0111111110": 1,
                "1011000100": 1,
                "1110001011": 1,
                "0101101011": 1,
                "1100111010": 1,
                "0000011111": 1,
                "0100101001": 1,
                "1001110100": 1,
                "0101100000": 1,
                "1111011000": 1,
                "1111010011": 1,
                "0110101111": 1,
                "0001110111": 1,
                "0010010100": 1,
                "1011111111": 1,
                "0111011100": 1,
                "0110100110": 1,
                "1111101100": 1,
                "1001100101": 1,
                "0000011100": 1,
                "1000011100": 1,
                "1111110110": 1,
                "1111010010": 1,
                "1000010101": 1,
                "0100111111": 1,
                "0110111110": 1,
                "0011010111": 1,
                "1001001111": 1,
                "1100011011": 1,
                "0001011000": 1,
                "0011111001": 1,
                "1101000111": 1,
                "1011011100": 1,
                "0111011000": 1,
                "1101110110": 1,
                "1100001100": 1,
                "1011011011": 1,
                "1100100111": 1,
                "0011011000": 1,
                "0000100111": 1,
                "0010010011": 1,
                "1011111011": 1,
                "0010111001": 1,
                "1010011111": 1,
                "0100011100": 1,
                "0000111111": 1,
                "1001101111": 1,
                "0010101110": 1,
                "0001100010": 1,
                "0001101111": 1,
                "0011111011": 1,
                "0101001111": 1,
                "0101011111": 1,
                "1101000000": 1,
                "1011100100": 1,
                "0010101100": 1,
                "0110011100": 2,
                "0111001001": 1,
                "0100100010": 1,
                "1111000011": 1,
                "0011011111": 1,
                "0101110111": 1,
                "1110110001": 1,
                "0000100011": 1,
                "0110001000": 1,
                "1110010011": 1,
                "1011111110": 1,
                "0010001101": 1,
                "0000010000": 1,
                "1001100010": 1,
                "0101101010": 1,
                "1010101010": 1,
                "1101000101": 1,
                "1101011101": 1,
                "0001010000": 1,
                "1111001111": 1,
                "0100100101": 1,
                "0100000010": 1,
                "1011001100": 1,
                "0100101101": 1,
                "1000010100": 1,
                "0000011110": 1,
                "0100110100": 1,
                "0101111110": 1,
                "1100000010": 1,
                "0010101011": 1,
                "0001001100": 1
            },
            true,
            0.99
        ]
    ]
}