{
    "n": 10,
    "m": 45,
    "results": [
        [
            [
                [
                    8,
                    -2,
                    5
                ],
                [
                    9,
                    -5,
                    7
                ],
                [
                    -4,
                    -7,
                    -1
                ],
                [
                    -7,
                    -10,
                    9
                ],
                [
                    7,
                    8,
                    -3
                ],
                [
                    -8,
                    7,
                    3
                ],
                [
                    -2,
                    -6,
                    -8
                ],
                [
                    -4,
                    -9,
                    8
                ],
                [
                    3,
                    -2,
                    5
                ],
                [
                    5,
                    -7,
                    -9
                ],
                [
                    -2,
                    5,
                    3
                ],
                [
                    -6,
                    -1,
                    5
                ],
                [
                    9,
                    8,
                    6
                ],
                [
                    -10,
                    -1,
                    -7
                ],
                [
                    -4,
                    -2,
                    -3
                ],
                [
                    -9,
                    6,
                    1
                ],
                [
                    3,
                    10,
                    8
                ],
                [
                    -5,
                    2,
                    -4
                ],
                [
                    -9,
                    -6,
                    3
                ],
                [
                    10,
                    3,
                    1
                ],
                [
                    -8,
                    -10,
                    2
                ],
                [
                    3,
                    7,
                    9
                ],
                [
                    -10,
                    -5,
                    -7
                ],
                [
                    8,
                    -7,
                    1
                ],
                [
                    10,
                    -3,
                    6
                ],
                [
                    3,
                    9,
                    -10
                ],
                [
                    9,
                    7,
                    10
                ],
                [
                    10,
                    7,
                    5
                ],
                [
                    -3,
                    9,
                    -5
                ],
                [
                    3,
                    8,
                    10
                ],
                [
                    -8,
                    5,
                    -7
                ],
                [
                    6,
                    2,
                    4
                ],
                [
                    8,
                    3,
                    -10
                ],
                [
                    -4,
                    -3,
                    5
                ],
                [
                    -5,
                    -3,
                    -8
                ],
                [
                    -2,
                    1,
                    9
                ],
                [
                    -4,
                    1,
                    -10
                ],
                [
                    6,
                    -1,
                    2
                ],
                [
                    4,
                    6,
                    10
                ],
                [
                    2,
                    -8,
                    7
                ],
                [
                    8,
                    -10,
                    7
                ],
                [
                    -7,
                    5,
                    3
                ],
                [
                    -1,
                    3,
                    -9
                ],
                [
                    -8,
                    -1,
                    -9
                ],
                [
                    -4,
                    -10,
                    6
                ]
            ],
            "{   'fun': 5.15,\n    'jac': None,\n    'nfev': 81,\n    'nit': None,\n    'njev': None,\n    'x': array([1.89570152, 1.52375758, 0.18094201, 0.72157854, 0.71765191,\n       0.28168503, 2.10697092, 3.0484759 ])}",
            {
                "1110110111": 1,
                "1010110000": 1,
                "1000100110": 1,
                "0101010010": 1,
                "1100110111": 1,
                "1110100000": 1,
                "1010101010": 1,
                "1010111001": 1,
                "0100010010": 1,
                "1100101010": 1,
                "0011111100": 1,
                "1000000001": 1,
                "1110111001": 1,
                "0110111110": 1,
                "0101110001": 1,
                "1111001011": 2,
                "1100011100": 1,
                "0000110101": 1,
                "0001011101": 1,
                "1101011101": 1,
                "1011100110": 1,
                "1101110110": 1,
                "1110010100": 1,
                "0010100111": 1,
                "1000000101": 1,
                "1000111100": 2,
                "0001010110": 1,
                "0000010100": 1,
                "1010111100": 1,
                "0011000110": 1,
                "1011010001": 1,
                "1101010000": 1,
                "1011101110": 1,
                "0010000111": 2,
                "0010111110": 1,
                "0101010101": 1,
                "0111010001": 1,
                "0111001111": 1,
                "0110110011": 2,
                "0111001101": 1,
                "0000110010": 1,
                "1010110011": 4,
                "0010000010": 1,
                "0101111111": 1,
                "1100000001": 1,
                "0001001011": 1,
                "0011000100": 2,
                "0000001101": 1,
                "1110110101": 1,
                "0100000110": 1,
                "0010011110": 1,
                "0010000101": 1,
                "0111011101": 1,
                "1001101000": 1,
                "0011010101": 1,
                "1101101100": 2,
                "0011110110": 1,
                "0011010110": 2,
                "0010110111": 1,
                "1100001111": 1,
                "1011100111": 1,
                "1110111101": 1,
                "1010111000": 1,
                "0111000000": 1,
                "0000010010": 1,
                "0100100001": 1,
                "0000010011": 1,
                "0110110100": 1,
                "0010110011": 2,
                "1000110010": 1,
                "1000010011": 1,
                "1000110001": 1,
                "0111111110": 1,
                "1000011111": 1,
                "0001010111": 1,
                "1000000110": 1,
                "0101110011": 1,
                "1010011101": 1,
                "0110011110": 2,
                "0100000010": 1,
                "0100111101": 1,
                "0110110111": 1,
                "1010010001": 1,
                "1010110010": 1,
                "1001011010": 1,
                "1110011001": 1,
                "0001110110": 1,
                "0010100011": 1
            },
            false,
            4.38
        ],
        [
            [
                [
                    6,
                    2,
                    -8
                ],
                [
                    5,
                    -2,
                    -6
                ],
                [
                    6,
                    -3,
                    7
                ],
                [
                    -9,
                    -4,
                    -7
                ],
                [
                    1,
                    3,
                    4
                ],
                [
                    2,
                    -1,
                    3
                ],
                [
                    9,
                    -2,
                    -5
                ],
                [
                    3,
                    -8,
                    -4
                ],
                [
                    5,
                    7,
                    6
                ],
                [
                    -6,
                    2,
                    1
                ],
                [
                    -7,
                    -5,
                    -9
                ],
                [
                    -7,
                    3,
                    8
                ],
                [
                    8,
                    -9,
                    -1
                ],
                [
                    -10,
                    -5,
                    8
                ],
                [
                    -2,
                    -5,
                    -10
                ],
                [
                    -6,
                    -9,
                    -7
                ],
                [
                    -8,
                    -7,
                    4
                ],
                [
                    -4,
                    2,
                    -1
                ],
                [
                    -7,
                    -3,
                    -1
                ],
                [
                    1,
                    9,
                    4
                ],
                [
                    7,
                    9,
                    5
                ],
                [
                    -6,
                    -1,
                    7
                ],
                [
                    9,
                    -3,
                    2
                ],
                [
                    9,
                    7,
                    -6
                ],
                [
                    10,
                    -9,
                    6
                ],
                [
                    -9,
                    4,
                    1
                ],
                [
                    7,
                    -4,
                    5
                ],
                [
                    4,
                    2,
                    -1
                ],
                [
                    10,
                    6,
                    9
                ],
                [
                    7,
                    -10,
                    8
                ],
                [
                    -6,
                    -10,
                    -4
                ],
                [
                    -2,
                    -1,
                    -7
                ],
                [
                    9,
                    2,
                    3
                ],
                [
                    -8,
                    -10,
                    -2
                ],
                [
                    3,
                    2,
                    10
                ],
                [
                    9,
                    -6,
                    -8
                ],
                [
                    10,
                    -5,
                    6
                ],
                [
                    -7,
                    -4,
                    3
                ],
                [
                    8,
                    3,
                    -1
                ],
                [
                    6,
                    -10,
                    4
                ],
                [
                    6,
                    -5,
                    -4
                ],
                [
                    -5,
                    -4,
                    9
                ],
                [
                    2,
                    -10,
                    4
                ],
                [
                    -4,
                    8,
                    5
                ],
                [
                    6,
                    -4,
                    -7
                ]
            ],
            "{   'fun': 2.95,\n    'jac': None,\n    'nfev': 88,\n    'nit': None,\n    'njev': None,\n    'x': array([2.52921545, 1.30201774, 2.98476208, 1.59355907, 0.67875443,\n       1.12887991, 2.93188755, 0.9023649 ])}",
            {
                "1001110010": 1,
                "0110010110": 2,
                "0100110110": 1,
                "1110011110": 1,
                "0110000011": 1,
                "1101100110": 1,
                "1001110100": 1,
                "1110001101": 1,
                "0111110110": 3,
                "1110010110": 2,
                "0111111011": 1,
                "0110010101": 1,
                "1100000110": 1,
                "0111000110": 1,
                "0110110100": 3,
                "0100111111": 1,
                "0011101000": 1,
                "0011001111": 1,
                "1101010011": 1,
                "0110110110": 6,
                "0110110101": 2,
                "0110001000": 6,
                "1110110110": 6,
                "0110010010": 2,
                "0110111010": 4,
                "0110011001": 1,
                "0110011000": 3,
                "1001010001": 1,
                "0111010110": 1,
                "0100111110": 1,
                "0111001110": 1,
                "0110111000": 1,
                "1001110111": 1,
                "0111001100": 1,
                "1110000110": 1,
                "1100100110": 1,
                "0110001010": 3,
                "1110011010": 1,
                "0111110010": 2,
                "1100010100": 1,
                "0001000011": 1,
                "0101000111": 1,
                "0101111110": 1,
                "0100000110": 1,
                "0011000110": 2,
                "0111110100": 1,
                "0011010111": 1,
                "0010001000": 1,
                "1111101110": 1,
                "0011000111": 1,
                "0110110010": 2,
                "1101101110": 1,
                "0011110110": 1,
                "0101001100": 1,
                "0110001011": 1,
                "0111100011": 1,
                "1110000100": 2,
                "0110100010": 1,
                "0111100010": 1,
                "0010111110": 1,
                "1100001110": 1,
                "1010101111": 1,
                "0110000010": 1,
                "0110001100": 1,
                "1110111000": 1,
                "1111001101": 1
            },
            false,
            2.5
        ],
        [
            [
                [
                    6,
                    7,
                    3
                ],
                [
                    9,
                    -3,
                    8
                ],
                [
                    3,
                    4,
                    8
                ],
                [
                    -10,
                    3,
                    7
                ],
                [
                    -8,
                    -4,
                    -2
                ],
                [
                    10,
                    -7,
                    1
                ],
                [
                    3,
                    -4,
                    -2
                ],
                [
                    4,
                    -5,
                    10
                ],
                [
                    -4,
                    -2,
                    7
                ],
                [
                    3,
                    7,
                    9
                ],
                [
                    -3,
                    -6,
                    1
                ],
                [
                    -2,
                    -5,
                    4
                ],
                [
                    -5,
                    -10,
                    4
                ],
                [
                    -9,
                    -5,
                    4
                ],
                [
                    5,
                    7,
                    6
                ],
                [
                    4,
                    -2,
                    9
                ],
                [
                    3,
                    7,
                    -10
                ],
                [
                    6,
                    -1,
                    -2
                ],
                [
                    -9,
                    4,
                    -6
                ],
                [
                    -6,
                    10,
                    -5
                ],
                [
                    8,
                    -10,
                    6
                ],
                [
                    1,
                    3,
                    4
                ],
                [
                    -1,
                    8,
                    4
                ],
                [
                    -3,
                    -7,
                    6
                ],
                [
                    -9,
                    5,
                    -7
                ],
                [
                    -5,
                    6,
                    9
                ],
                [
                    -2,
                    4,
                    -7
                ],
                [
                    1,
                    -9,
                    5
                ],
                [
                    -7,
                    9,
                    5
                ],
                [
                    -6,
                    9,
                    1
                ],
                [
                    -6,
                    -10,
                    8
                ],
                [
                    -5,
                    -4,
                    8
                ],
                [
                    -6,
                    -8,
                    3
                ],
                [
                    1,
                    7,
                    5
                ],
                [
                    1,
                    8,
                    2
                ],
                [
                    -6,
                    -9,
                    -3
                ],
                [
                    3,
                    -6,
                    4
                ],
                [
                    5,
                    -7,
                    -8
                ],
                [
                    1,
                    10,
                    -7
                ],
                [
                    10,
                    -7,
                    6
                ],
                [
                    5,
                    -4,
                    -7
                ],
                [
                    -2,
                    8,
                    5
                ],
                [
                    -10,
                    -1,
                    5
                ],
                [
                    8,
                    7,
                    -6
                ],
                [
                    -5,
                    -8,
                    7
                ]
            ],
            "{   'fun': 5.92,\n    'jac': None,\n    'nfev': 88,\n    'nit': None,\n    'njev': None,\n    'x': array([1.55577552, 1.34013374, 1.42698813, 3.17833838, 2.86760255,\n       2.59476517, 0.76214366, 0.61178675])}",
            {
                "1000101010": 1,
                "1011110011": 1,
                "0010101011": 1,
                "0100011101": 1,
                "0100100100": 1,
                "0010001000": 1,
                "1011111011": 1,
                "0100100101": 1,
                "1111101101": 1,
                "0101011111": 1,
                "1100011111": 1,
                "1001111001": 1,
                "0011001010": 1,
                "0111100000": 1,
                "1101110101": 1,
                "0111011111": 1,
                "0000000111": 1,
                "0000101111": 1,
                "1100001100": 1,
                "0101010101": 1,
                "1001001000": 1,
                "0001101011": 1,
                "0111011011": 1,
                "1110110101": 1,
                "0000001101": 1,
                "1100001101": 1,
                "1110001100": 1,
                "1110101111": 1,
                "1100100110": 1,
                "0100101111": 1,
                "1001101110": 1,
                "1010010110": 1,
                "0011111111": 1,
                "1100111001": 1,
                "0110101110": 1,
                "1001001101": 1,
                "0101101011": 1,
                "0001011011": 1,
                "0100011111": 1,
                "0111010001": 1,
                "1001101000": 1,
                "1111011011": 1,
                "0111111001": 1,
                "0101100011": 1,
                "1000000001": 1,
                "0110011011": 1,
                "1010011001": 1,
                "0101011001": 1,
                "0010001101": 2,
                "0001001100": 1,
                "0000010010": 1,
                "1111111000": 1,
                "1000110100": 1,
                "0011011010": 1,
                "0001011101": 1,
                "0000110101": 1,
                "0100100011": 1,
                "1101001100": 1,
                "0111010011": 1,
                "1011110000": 2,
                "0101101100": 1,
                "0011011101": 1,
                "1111011110": 1,
                "0011010110": 1,
                "1111000100": 2,
                "0011101111": 1,
                "1101110100": 1,
                "1011001100": 1,
                "1001001110": 1,
                "0001100011": 2,
                "1001011110": 1,
                "0010000001": 1,
                "1000011110": 1,
                "1111000101": 1,
                "0110001010": 1,
                "1000110000": 1,
                "0000001011": 1,
                "0000111011": 1,
                "0111101001": 1,
                "1011001001": 1,
                "0100000110": 1,
                "1101110011": 1,
                "0100010100": 1,
                "0010111011": 1,
                "1101101010": 1,
                "1000110001": 1,
                "0110110111": 2,
                "1111100110": 1,
                "0011101100": 1,
                "0001110011": 1,
                "1001101111": 1,
                "0001001101": 1,
                "0101101101": 1,
                "1110010100": 1,
                "0111110011": 1
            },
            false,
            4.75
        ],
        [
            [
                [
                    -5,
                    -1,
                    -10
                ],
                [
                    6,
                    -2,
                    -10
                ],
                [
                    9,
                    3,
                    8
                ],
                [
                    7,
                    -1,
                    -10
                ],
                [
                    10,
                    3,
                    -1
                ],
                [
                    1,
                    -9,
                    -10
                ],
                [
                    -4,
                    -5,
                    2
                ],
                [
                    -1,
                    -6,
                    8
                ],
                [
                    1,
                    -4,
                    3
                ],
                [
                    -2,
                    -6,
                    -10
                ],
                [
                    6,
                    8,
                    -1
                ],
                [
                    -10,
                    6,
                    -8
                ],
                [
                    7,
                    -3,
                    -9
                ],
                [
                    5,
                    -2,
                    1
                ],
                [
                    8,
                    -6,
                    -2
                ],
                [
                    -10,
                    9,
                    5
                ],
                [
                    -8,
                    -10,
                    -1
                ],
                [
                    -8,
                    7,
                    -1
                ],
                [
                    -5,
                    -3,
                    10
                ],
                [
                    7,
                    8,
                    -1
                ],
                [
                    -7,
                    3,
                    6
                ],
                [
                    10,
                    7,
                    -5
                ],
                [
                    -6,
                    -8,
                    2
                ],
                [
                    9,
                    -2,
                    -10
                ],
                [
                    -10,
                    -5,
                    -7
                ],
                [
                    -6,
                    -3,
                    -4
                ],
                [
                    -10,
                    -7,
                    -4
                ],
                [
                    6,
                    10,
                    -8
                ],
                [
                    6,
                    -9,
                    2
                ],
                [
                    -4,
                    -1,
                    -9
                ],
                [
                    5,
                    -8,
                    -6
                ],
                [
                    -1,
                    5,
                    -2
                ],
                [
                    10,
                    2,
                    -7
                ],
                [
                    9,
                    10,
                    4
                ],
                [
                    1,
                    9,
                    -5
                ],
                [
                    -3,
                    -10,
                    9
                ],
                [
                    -8,
                    6,
                    -2
                ],
                [
                    -6,
                    -5,
                    1
                ],
                [
                    6,
                    -1,
                    7
                ],
                [
                    7,
                    -2,
                    -8
                ],
                [
                    10,
                    7,
                    -6
                ],
                [
                    -2,
                    5,
                    6
                ],
                [
                    -6,
                    4,
                    9
                ],
                [
                    -5,
                    -4,
                    8
                ],
                [
                    7,
                    3,
                    -1
                ]
            ],
            "{   'fun': 4.61,\n    'jac': None,\n    'nfev': 88,\n    'nit': None,\n    'njev': None,\n    'x': array([1.89025067, 2.01500026, 0.38941382, 1.38169593, 0.74608173,\n       0.32718952, 0.15670652, 2.94382087])}",
            {
                "0011111010": 1,
                "0100000010": 1,
                "1011011000": 1,
                "0000011000": 1,
                "1111110111": 1,
                "0001111110": 1,
                "0111100000": 1,
                "0011000010": 1,
                "0011101000": 1,
                "0101100110": 1,
                "1001011001": 1,
                "0001100100": 1,
                "0100010110": 1,
                "0011111101": 1,
                "1010011111": 1,
                "0010110100": 1,
                "0101100000": 1,
                "1010111110": 1,
                "1100101111": 1,
                "0101100011": 1,
                "0101100010": 1,
                "1010001001": 2,
                "0001010010": 2,
                "0101110100": 1,
                "0000101111": 1,
                "0011101001": 1,
                "0110010110": 2,
                "0000110011": 2,
                "0110110110": 1,
                "1110001001": 1,
                "1111001100": 1,
                "0101110110": 1,
                "1010001000": 1,
                "1001111100": 1,
                "0000011010": 1,
                "1100111110": 1,
                "0010001001": 1,
                "0110101000": 1,
                "1110111110": 2,
                "0011010000": 1,
                "1001000101": 2,
                "0000001101": 2,
                "0100000100": 1,
                "1011011011": 1,
                "1001011011": 1,
                "1011001100": 1,
                "1000100000": 1,
                "0011011000": 1,
                "0001000111": 1,
                "1000011110": 1,
                "0010000001": 1,
                "0110100110": 1,
                "0111100100": 1,
                "1011101101": 1,
                "0010011011": 1,
                "0000110111": 1,
                "1000110110": 1,
                "1001110100": 1,
                "1100101000": 1,
                "0110100010": 1,
                "1000010110": 1,
                "1000110100": 2,
                "0010011111": 2,
                "1000101101": 3,
                "0111000111": 1,
                "0111111110": 1,
                "0111000001": 1,
                "1000011001": 1,
                "0101101110": 1,
                "1000010101": 1,
                "0011010101": 1,
                "1101111100": 1,
                "1010000011": 1,
                "1010001101": 1,
                "0100011110": 3,
                "0110011001": 1,
                "0000000010": 1,
                "1111010101": 1,
                "1111111111": 1,
                "1110010000": 1,
                "0101111111": 1,
                "0011100100": 1,
                "1101110101": 1,
                "1011100000": 1,
                "0110011111": 1,
                "0011101101": 1,
                "0100110111": 1
            },
            false,
            3.94
        ],
        [
            [
                [
                    -2,
                    -5,
                    -8
                ],
                [
                    -7,
                    -2,
                    -5
                ],
                [
                    -8,
                    6,
                    1
                ],
                [
                    9,
                    6,
                    2
                ],
                [
                    1,
                    4,
                    -5
                ],
                [
                    -8,
                    5,
                    -2
                ],
                [
                    7,
                    -2,
                    -1
                ],
                [
                    -6,
                    -5,
                    9
                ],
                [
                    3,
                    -6,
                    2
                ],
                [
                    -9,
                    10,
                    5
                ],
                [
                    -9,
                    -8,
                    -1
                ],
                [
                    -6,
                    -4,
                    7
                ],
                [
                    6,
                    8,
                    -3
                ],
                [
                    9,
                    4,
                    -6
                ],
                [
                    5,
                    2,
                    4
                ],
                [
                    5,
                    4,
                    9
                ],
                [
                    -3,
                    2,
                    8
                ],
                [
                    4,
                    8,
                    3
                ],
                [
                    6,
                    9,
                    -7
                ],
                [
                    5,
                    -7,
                    -2
                ],
                [
                    -8,
                    -9,
                    -2
                ],
                [
                    4,
                    2,
                    8
                ],
                [
                    8,
                    -9,
                    -3
                ],
                [
                    8,
                    -5,
                    9
                ],
                [
                    10,
                    8,
                    3
                ],
                [
                    2,
                    3,
                    10
                ],
                [
                    10,
                    3,
                    -5
                ],
                [
                    4,
                    -2,
                    -1
                ],
                [
                    2,
                    10,
                    -4
                ],
                [
                    3,
                    -9,
                    1
                ],
                [
                    -10,
                    -7,
                    9
                ],
                [
                    2,
                    9,
                    3
                ],
                [
                    10,
                    -9,
                    1
                ],
                [
                    3,
                    5,
                    -4
                ],
                [
                    -4,
                    9,
                    -6
                ],
                [
                    -10,
                    -9,
                    8
                ],
                [
                    4,
                    -6,
                    8
                ],
                [
                    4,
                    5,
                    -9
                ],
                [
                    4,
                    10,
                    -6
                ],
                [
                    -9,
                    3,
                    7
                ],
                [
                    -2,
                    -10,
                    5
                ],
                [
                    2,
                    -7,
                    -10
                ],
                [
                    10,
                    -3,
                    1
                ],
                [
                    2,
                    5,
                    4
                ],
                [
                    -2,
                    -7,
                    -1
                ]
            ],
            "{   'fun': 3.2,\n    'jac': None,\n    'nfev': 90,\n    'nit': None,\n    'njev': None,\n    'x': array([3.12651185, 3.21400357, 1.90580891, 1.57895001, 1.75545043,\n       2.25131975, 1.72895868, 2.72739625])}",
            {
                "0101111100": 1,
                "1111100101": 1,
                "1011011100": 1,
                "0010100111": 2,
                "1100110101": 1,
                "1001000101": 1,
                "1100100101": 1,
                "0101000001": 1,
                "0011110111": 1,
                "0100001100": 1,
                "0101100100": 1,
                "1001100101": 1,
                "1010011000": 1,
                "1011000100": 1,
                "1111000001": 1,
                "0100000000": 1,
                "1101000100": 1,
                "1110100010": 1,
                "0100101100": 1,
                "0110111111": 1,
                "1011000101": 1,
                "1011101110": 1,
                "1011000111": 2,
                "1011111111": 1,
                "0111000100": 1,
                "1100101011": 1,
                "1111111011": 1,
                "0110001010": 1,
                "0111100001": 2,
                "1010001101": 1,
                "0111000001": 1,
                "0111000000": 2,
                "1011100101": 1,
                "1001000000": 1,
                "1010100100": 1,
                "1111111000": 1,
                "0010010111": 1,
                "1101100101": 1,
                "0011101100": 1,
                "1001101111": 3,
                "1101111100": 1,
                "0111111111": 1,
                "1100001011": 1,
                "0101111001": 1,
                "1000101011": 1,
                "0001101111": 1,
                "0111100101": 1,
                "0111111010": 2,
                "1111100010": 2,
                "0101100101": 2,
                "1100100011": 1,
                "0110100101": 1,
                "0100110111": 1,
                "1011011110": 1,
                "1111100000": 1,
                "1110100101": 1,
                "0001101011": 1,
                "1011100111": 3,
                "0011010100": 1,
                "1111011000": 2,
                "0101100001": 1,
                "1001011101": 1,
                "0100100101": 2,
                "1010100101": 1,
                "1110110110": 1,
                "1011010101": 1,
                "1000100001": 1,
                "0101101011": 1,
                "1111110010": 1,
                "0110100001": 1,
                "0010111111": 1,
                "1000101111": 1,
                "1010100110": 2,
                "1000101110": 1,
                "0010000001": 1,
                "0001100001": 2,
                "1001000011": 2,
                "0110000000": 2,
                "0011000111": 1,
                "1001000111": 1,
                "0111100100": 1,
                "0010010101": 1,
                "0101111011": 1
            },
            false,
            2.96
        ]
    ]
}