{
    "n": 10,
    "m": 45,
    "results": [
        [
            [
                [
                    4,
                    -3,
                    5
                ],
                [
                    -8,
                    -3,
                    -6
                ],
                [
                    6,
                    4,
                    -5
                ],
                [
                    10,
                    -9,
                    3
                ],
                [
                    -4,
                    2,
                    -6
                ],
                [
                    -6,
                    7,
                    10
                ],
                [
                    -7,
                    3,
                    -5
                ],
                [
                    7,
                    -10,
                    8
                ],
                [
                    -2,
                    4,
                    5
                ],
                [
                    -8,
                    -9,
                    5
                ],
                [
                    -1,
                    -3,
                    10
                ],
                [
                    6,
                    10,
                    -7
                ],
                [
                    -2,
                    10,
                    7
                ],
                [
                    3,
                    -9,
                    -6
                ],
                [
                    -7,
                    -3,
                    8
                ],
                [
                    10,
                    9,
                    -6
                ],
                [
                    6,
                    10,
                    1
                ],
                [
                    -3,
                    -10,
                    -7
                ],
                [
                    -4,
                    8,
                    -5
                ],
                [
                    1,
                    7,
                    4
                ],
                [
                    9,
                    3,
                    10
                ],
                [
                    -6,
                    -1,
                    4
                ],
                [
                    8,
                    -2,
                    7
                ],
                [
                    3,
                    4,
                    5
                ],
                [
                    -5,
                    -2,
                    10
                ],
                [
                    4,
                    5,
                    10
                ],
                [
                    -10,
                    2,
                    -7
                ],
                [
                    5,
                    2,
                    -1
                ],
                [
                    8,
                    2,
                    3
                ],
                [
                    1,
                    -2,
                    4
                ],
                [
                    -4,
                    2,
                    -1
                ],
                [
                    -5,
                    4,
                    7
                ],
                [
                    -10,
                    9,
                    4
                ],
                [
                    -4,
                    8,
                    -7
                ],
                [
                    -2,
                    1,
                    5
                ],
                [
                    7,
                    8,
                    -5
                ],
                [
                    6,
                    10,
                    3
                ],
                [
                    -3,
                    -5,
                    8
                ],
                [
                    3,
                    -4,
                    -6
                ],
                [
                    -7,
                    2,
                    -9
                ],
                [
                    10,
                    8,
                    -9
                ],
                [
                    7,
                    3,
                    -10
                ],
                [
                    7,
                    -8,
                    1
                ],
                [
                    -7,
                    -2,
                    -3
                ],
                [
                    9,
                    -10,
                    -3
                ]
            ],
            "{   'fun': 5.17,\n    'jac': None,\n    'nfev': 70,\n    'nit': None,\n    'njev': None,\n    'x': array([2.81636157, 0.70716415, 0.12463962, 0.60303604, 0.75132112,\n       1.35524817, 3.16451405, 3.12571231])}",
            {
                "1110001110": 1,
                "0101010011": 1,
                "0001001001": 1,
                "1010000111": 1,
                "1100101100": 1,
                "0100011011": 1,
                "1010111111": 1,
                "0011110010": 2,
                "0000110101": 1,
                "0100011010": 1,
                "1101110100": 1,
                "1101000000": 1,
                "1110001101": 1,
                "0000110100": 1,
                "1001111110": 1,
                "1111000010": 2,
                "0010000110": 1,
                "0010000011": 2,
                "1001010101": 1,
                "0110100100": 1,
                "1111011010": 1,
                "1100011000": 3,
                "1100010010": 1,
                "0010011000": 2,
                "0011000110": 1,
                "0010010000": 3,
                "0111110011": 1,
                "1000001000": 1,
                "0010111000": 1,
                "0011000011": 1,
                "0001011100": 1,
                "0000101111": 1,
                "1101000001": 1,
                "0010110010": 5,
                "1101100010": 1,
                "0110100011": 1,
                "0100011000": 1,
                "0010110110": 1,
                "1010110011": 1,
                "1110101011": 1,
                "0101000111": 1,
                "1100000000": 1,
                "1011000000": 1,
                "1101111100": 1,
                "0111011000": 1,
                "0001010010": 1,
                "1100001111": 1,
                "1000001001": 1,
                "1001000001": 1,
                "0000111010": 1,
                "0011011110": 1,
                "0101010110": 1,
                "0011110011": 1,
                "1010011010": 1,
                "0011001111": 1,
                "0000111100": 1,
                "0100111111": 2,
                "1010000010": 2,
                "1101000011": 2,
                "1110011111": 1,
                "1100010111": 1,
                "1110100101": 1,
                "1110111110": 2,
                "1101111011": 1,
                "1011110011": 1,
                "0111111011": 1,
                "1101110011": 2,
                "1000011000": 1,
                "0010100010": 1,
                "1101000010": 1,
                "1101100011": 1,
                "0101011000": 2,
                "0000011000": 1,
                "0011111110": 1,
                "1010010010": 1,
                "1010001100": 1,
                "1100100010": 1,
                "1011100100": 1,
                "0011110111": 1,
                "0111000011": 1,
                "1101101100": 2
            },
            false,
            5.06
        ],
        [
            [
                [
                    9,
                    -6,
                    -2
                ],
                [
                    -4,
                    5,
                    8
                ],
                [
                    -8,
                    4,
                    7
                ],
                [
                    -10,
                    -5,
                    -1
                ],
                [
                    9,
                    4,
                    -1
                ],
                [
                    4,
                    10,
                    -5
                ],
                [
                    -2,
                    -10,
                    -4
                ],
                [
                    -1,
                    -10,
                    4
                ],
                [
                    4,
                    -1,
                    2
                ],
                [
                    -7,
                    -3,
                    8
                ],
                [
                    -8,
                    7,
                    -10
                ],
                [
                    4,
                    -6,
                    -5
                ],
                [
                    6,
                    2,
                    -4
                ],
                [
                    6,
                    3,
                    -8
                ],
                [
                    -6,
                    -10,
                    -8
                ],
                [
                    9,
                    7,
                    1
                ],
                [
                    -4,
                    -5,
                    6
                ],
                [
                    10,
                    1,
                    -8
                ],
                [
                    -4,
                    10,
                    9
                ],
                [
                    2,
                    1,
                    7
                ],
                [
                    -7,
                    -4,
                    8
                ],
                [
                    -8,
                    -4,
                    6
                ],
                [
                    8,
                    9,
                    10
                ],
                [
                    5,
                    -7,
                    -4
                ],
                [
                    1,
                    10,
                    6
                ],
                [
                    -4,
                    -9,
                    10
                ],
                [
                    -8,
                    -6,
                    -7
                ],
                [
                    8,
                    -2,
                    -10
                ],
                [
                    5,
                    1,
                    9
                ],
                [
                    2,
                    5,
                    -6
                ],
                [
                    2,
                    7,
                    9
                ],
                [
                    6,
                    -4,
                    10
                ],
                [
                    -2,
                    1,
                    -6
                ],
                [
                    10,
                    -7,
                    9
                ],
                [
                    5,
                    -7,
                    -8
                ],
                [
                    -1,
                    -3,
                    4
                ],
                [
                    10,
                    7,
                    -9
                ],
                [
                    4,
                    -6,
                    -7
                ],
                [
                    -9,
                    -6,
                    2
                ],
                [
                    3,
                    -10,
                    7
                ],
                [
                    -2,
                    6,
                    3
                ],
                [
                    4,
                    10,
                    5
                ],
                [
                    9,
                    2,
                    -10
                ],
                [
                    5,
                    4,
                    9
                ],
                [
                    5,
                    -2,
                    4
                ]
            ],
            "{   'fun': 5.39,\n    'jac': None,\n    'nfev': 74,\n    'nit': None,\n    'njev': None,\n    'x': array([2.26576442, 0.70562096, 1.89290239, 1.36391612, 2.10371806,\n       1.00122555, 1.92833728, 1.14586599])}",
            {
                "0010110000": 1,
                "0000111011": 1,
                "0011010000": 1,
                "1011111110": 1,
                "1000111011": 1,
                "0111111101": 1,
                "0011111100": 1,
                "0010110111": 1,
                "0010001111": 1,
                "0010111100": 1,
                "1101101101": 1,
                "1000011010": 1,
                "0111011110": 1,
                "0111111110": 1,
                "1010011000": 1,
                "0001110001": 1,
                "0010100101": 1,
                "1011111001": 1,
                "1111001111": 1,
                "0010100111": 1,
                "0101101101": 1,
                "0111110011": 1,
                "1001001100": 1,
                "1001011010": 1,
                "0101001001": 2,
                "1111101001": 1,
                "1001110111": 1,
                "0111001100": 1,
                "1011111010": 1,
                "1101000000": 1,
                "0010011111": 1,
                "0100111001": 1,
                "1110001110": 1,
                "0001011111": 1,
                "0011111000": 1,
                "0110001001": 2,
                "1000101001": 1,
                "0011100000": 1,
                "1100011010": 1,
                "0001100000": 1,
                "0100011010": 1,
                "0110111010": 1,
                "1110100000": 1,
                "1100000111": 1,
                "1111001000": 1,
                "0110011111": 1,
                "1011001011": 1,
                "1001100011": 1,
                "1011000111": 2,
                "0110010111": 1,
                "0001010001": 1,
                "1101000010": 1,
                "0100110011": 3,
                "0010000110": 1,
                "1011110011": 1,
                "0100011100": 1,
                "0110011000": 1,
                "1000001111": 1,
                "1000011101": 2,
                "0100101100": 2,
                "0101010110": 1,
                "0111000111": 1,
                "0011110010": 1,
                "1001011001": 1,
                "0000001111": 1,
                "0100010010": 1,
                "0001100101": 1,
                "1110100011": 1,
                "1110111001": 1,
                "0011010100": 1,
                "0101001000": 1,
                "1110110000": 1,
                "1001111010": 1,
                "0010101010": 1,
                "1011100101": 1,
                "0001001100": 1,
                "1010010001": 1,
                "0011001001": 1,
                "1111100100": 1,
                "1111010011": 1,
                "0001110111": 1,
                "1111111100": 1,
                "0010001000": 1,
                "1111011010": 1,
                "1101011010": 1,
                "1110101100": 1,
                "1010101001": 1,
                "1101101111": 1,
                "1010101100": 1,
                "1110011010": 1,
                "1101110010": 1,
                "0000001110": 1,
                "1001100000": 1
            },
            false,
            4.94
        ],
        [
            [
                [
                    7,
                    2,
                    8
                ],
                [
                    3,
                    2,
                    -7
                ],
                [
                    8,
                    -1,
                    9
                ],
                [
                    2,
                    1,
                    5
                ],
                [
                    -9,
                    -3,
                    -8
                ],
                [
                    -3,
                    8,
                    9
                ],
                [
                    4,
                    9,
                    -10
                ],
                [
                    3,
                    8,
                    7
                ],
                [
                    4,
                    -10,
                    9
                ],
                [
                    2,
                    6,
                    9
                ],
                [
                    9,
                    7,
                    -2
                ],
                [
                    2,
                    -1,
                    -8
                ],
                [
                    -5,
                    -3,
                    8
                ],
                [
                    6,
                    -7,
                    -3
                ],
                [
                    -6,
                    2,
                    3
                ],
                [
                    8,
                    -1,
                    -2
                ],
                [
                    2,
                    -6,
                    -4
                ],
                [
                    -4,
                    1,
                    -7
                ],
                [
                    5,
                    2,
                    -4
                ],
                [
                    -7,
                    4,
                    -2
                ],
                [
                    3,
                    1,
                    6
                ],
                [
                    -6,
                    9,
                    -10
                ],
                [
                    -3,
                    -6,
                    -5
                ],
                [
                    -7,
                    9,
                    5
                ],
                [
                    4,
                    8,
                    9
                ],
                [
                    1,
                    -5,
                    10
                ],
                [
                    3,
                    -8,
                    7
                ],
                [
                    9,
                    3,
                    2
                ],
                [
                    -1,
                    5,
                    -3
                ],
                [
                    3,
                    1,
                    6
                ],
                [
                    8,
                    -9,
                    4
                ],
                [
                    -6,
                    -4,
                    -8
                ],
                [
                    3,
                    9,
                    4
                ],
                [
                    9,
                    -5,
                    -1
                ],
                [
                    -5,
                    -2,
                    -8
                ],
                [
                    -3,
                    1,
                    -9
                ],
                [
                    -2,
                    -7,
                    3
                ],
                [
                    -4,
                    3,
                    -1
                ],
                [
                    -2,
                    8,
                    -9
                ],
                [
                    -10,
                    -8,
                    -3
                ],
                [
                    -10,
                    -3,
                    2
                ],
                [
                    -7,
                    8,
                    -9
                ],
                [
                    7,
                    4,
                    -1
                ],
                [
                    6,
                    -4,
                    -8
                ],
                [
                    5,
                    -1,
                    -9
                ]
            ],
            "{   'fun': 5.61,\n    'jac': None,\n    'nfev': 71,\n    'nit': None,\n    'njev': None,\n    'x': array([1.25609337, 2.09000578, 0.83868996, 3.06154099, 2.92532134,\n       2.63161576, 0.7695312 , 0.6741782 ])}",
            {
                "0000011000": 1,
                "0011011011": 1,
                "1110010101": 1,
                "0100001110": 2,
                "0000001111": 1,
                "0101111111": 1,
                "1000011101": 1,
                "0101111100": 1,
                "0010111110": 1,
                "0111111100": 1,
                "0011010100": 1,
                "0011101101": 1,
                "0110001111": 1,
                "1010010110": 1,
                "1001001101": 1,
                "1010010001": 1,
                "0011001001": 1,
                "1111000111": 2,
                "1100100100": 1,
                "0010110111": 1,
                "1100110000": 1,
                "1111000011": 2,
                "1011111000": 1,
                "1001101011": 1,
                "1100011110": 1,
                "0010011010": 1,
                "0111011010": 1,
                "1010100000": 1,
                "1110011010": 1,
                "1010000101": 1,
                "0010010101": 1,
                "1011100100": 1,
                "1101111101": 1,
                "0001111100": 1,
                "1011011010": 1,
                "1110100110": 1,
                "0101011000": 1,
                "1010101011": 1,
                "1001011100": 1,
                "0100001101": 1,
                "1101100111": 1,
                "0000111010": 1,
                "1001000001": 1,
                "1101011000": 1,
                "1001011101": 1,
                "0111000011": 1,
                "1101111010": 2,
                "1001111111": 2,
                "1110011011": 1,
                "0001111000": 1,
                "0110111110": 1,
                "0100101111": 1,
                "1110111110": 1,
                "0110001010": 2,
                "1101000001": 1,
                "0100010110": 1,
                "1010011110": 2,
                "1010110011": 1,
                "1000101011": 1,
                "0011010101": 1,
                "1111011011": 2,
                "1111100001": 1,
                "0111010111": 1,
                "0010010010": 1,
                "0101001100": 1,
                "0000001000": 1,
                "1110001110": 1,
                "1111110100": 1,
                "0111010101": 1,
                "1001101111": 1,
                "1111001001": 1,
                "1110010001": 1,
                "1101111111": 1,
                "1000010001": 1,
                "1011010101": 1,
                "0011100110": 1,
                "0010100001": 1,
                "0110111010": 1,
                "1000101111": 1,
                "0101001111": 1,
                "0001100001": 1,
                "1001011110": 1,
                "0110100110": 1,
                "1000101001": 1,
                "0011000101": 2,
                "1000011000": 1,
                "0010011101": 1,
                "0101000000": 1,
                "0101011110": 1,
                "0110010111": 1,
                "1011111111": 1
            },
            false,
            5.33
        ],
        [
            [
                [
                    1,
                    6,
                    10
                ],
                [
                    9,
                    -1,
                    -7
                ],
                [
                    6,
                    4,
                    3
                ],
                [
                    -2,
                    7,
                    1
                ],
                [
                    9,
                    1,
                    2
                ],
                [
                    -5,
                    -10,
                    -4
                ],
                [
                    -4,
                    2,
                    -6
                ],
                [
                    10,
                    -8,
                    9
                ],
                [
                    -2,
                    -10,
                    -6
                ],
                [
                    -6,
                    -10,
                    -4
                ],
                [
                    10,
                    -8,
                    -1
                ],
                [
                    1,
                    3,
                    4
                ],
                [
                    8,
                    -2,
                    -7
                ],
                [
                    -8,
                    -7,
                    -5
                ],
                [
                    2,
                    -6,
                    -5
                ],
                [
                    7,
                    -6,
                    5
                ],
                [
                    2,
                    8,
                    -6
                ],
                [
                    4,
                    -3,
                    8
                ],
                [
                    1,
                    -6,
                    2
                ],
                [
                    -1,
                    -10,
                    6
                ],
                [
                    -4,
                    1,
                    -5
                ],
                [
                    -7,
                    -1,
                    6
                ],
                [
                    -3,
                    -1,
                    -7
                ],
                [
                    3,
                    2,
                    -9
                ],
                [
                    2,
                    8,
                    4
                ],
                [
                    10,
                    -8,
                    -9
                ],
                [
                    -1,
                    8,
                    -3
                ],
                [
                    7,
                    5,
                    9
                ],
                [
                    1,
                    -3,
                    6
                ],
                [
                    9,
                    -3,
                    7
                ],
                [
                    7,
                    1,
                    -5
                ],
                [
                    6,
                    5,
                    -9
                ],
                [
                    -3,
                    -9,
                    -2
                ],
                [
                    -7,
                    -2,
                    -5
                ],
                [
                    -7,
                    4,
                    8
                ],
                [
                    5,
                    3,
                    2
                ],
                [
                    -6,
                    -1,
                    -4
                ],
                [
                    -1,
                    -9,
                    -4
                ],
                [
                    -9,
                    -3,
                    7
                ],
                [
                    -1,
                    2,
                    10
                ],
                [
                    -3,
                    4,
                    6
                ],
                [
                    9,
                    -10,
                    3
                ],
                [
                    -9,
                    -6,
                    -2
                ],
                [
                    -9,
                    7,
                    -1
                ],
                [
                    10,
                    6,
                    8
                ]
            ],
            "{   'fun': 2.35,\n    'jac': None,\n    'nfev': 88,\n    'nit': None,\n    'njev': None,\n    'x': array([2.69213474, 3.02246333, 1.45864796, 1.54404673, 0.67016242,\n       0.85075647, 0.14101386, 0.86126374])}",
            {
                "1101000111": 1,
                "0011001001": 1,
                "1101000100": 1,
                "0111001111": 1,
                "1111100101": 1,
                "0011011010": 2,
                "1011001111": 1,
                "0001101011": 1,
                "1111011010": 1,
                "1000110101": 2,
                "1001100100": 1,
                "1111001111": 1,
                "1101000000": 1,
                "1010110101": 1,
                "0110011100": 3,
                "0101011111": 1,
                "0101001111": 1,
                "0011000101": 1,
                "1000100011": 1,
                "0010101111": 1,
                "1100100010": 1,
                "1100110101": 3,
                "1100100101": 7,
                "0101001000": 2,
                "0101011000": 7,
                "1110110100": 1,
                "1101100100": 1,
                "1101110000": 1,
                "1110001110": 1,
                "1101000001": 1,
                "1000110011": 1,
                "1100100011": 1,
                "1100110000": 6,
                "1000100101": 1,
                "0001101010": 2,
                "0111001101": 1,
                "0010011101": 2,
                "0011001111": 3,
                "0010001111": 1,
                "0010011111": 5,
                "1010011111": 1,
                "1111000101": 2,
                "0101001101": 4,
                "0001111111": 1,
                "0110011101": 3,
                "0101110000": 1,
                "0011101000": 1,
                "1101000101": 1,
                "0011001101": 2,
                "0110111101": 1,
                "1010100101": 2,
                "1101100000": 1,
                "0101011100": 3,
                "1100100111": 2,
                "1101110101": 1,
                "1000100111": 2
            },
            false,
            2.19
        ],
        [
            [
                [
                    2,
                    -10,
                    -6
                ],
                [
                    -8,
                    10,
                    6
                ],
                [
                    7,
                    -9,
                    4
                ],
                [
                    -10,
                    4,
                    -1
                ],
                [
                    -2,
                    1,
                    -3
                ],
                [
                    3,
                    1,
                    -6
                ],
                [
                    10,
                    9,
                    6
                ],
                [
                    -2,
                    10,
                    -3
                ],
                [
                    10,
                    -4,
                    3
                ],
                [
                    -9,
                    -10,
                    3
                ],
                [
                    -6,
                    -3,
                    -2
                ],
                [
                    4,
                    9,
                    -10
                ],
                [
                    1,
                    2,
                    -8
                ],
                [
                    -6,
                    -10,
                    -7
                ],
                [
                    -7,
                    6,
                    9
                ],
                [
                    7,
                    -4,
                    -6
                ],
                [
                    1,
                    -6,
                    -3
                ],
                [
                    -6,
                    2,
                    -1
                ],
                [
                    -4,
                    -2,
                    -6
                ],
                [
                    3,
                    -5,
                    -4
                ],
                [
                    -8,
                    -7,
                    -4
                ],
                [
                    -7,
                    9,
                    6
                ],
                [
                    9,
                    6,
                    8
                ],
                [
                    2,
                    1,
                    -3
                ],
                [
                    1,
                    -3,
                    7
                ],
                [
                    6,
                    -5,
                    1
                ],
                [
                    -2,
                    -7,
                    3
                ],
                [
                    -4,
                    -8,
                    6
                ],
                [
                    -8,
                    -10,
                    2
                ],
                [
                    -4,
                    -1,
                    -10
                ],
                [
                    6,
                    1,
                    -7
                ],
                [
                    4,
                    2,
                    1
                ],
                [
                    -3,
                    -4,
                    -5
                ],
                [
                    -9,
                    5,
                    -6
                ],
                [
                    8,
                    -4,
                    2
                ],
                [
                    7,
                    -5,
                    -6
                ],
                [
                    3,
                    -1,
                    5
                ],
                [
                    1,
                    -9,
                    -7
                ],
                [
                    10,
                    4,
                    -5
                ],
                [
                    -4,
                    3,
                    9
                ],
                [
                    9,
                    1,
                    2
                ],
                [
                    -2,
                    -1,
                    10
                ],
                [
                    -4,
                    6,
                    5
                ],
                [
                    6,
                    -7,
                    -4
                ],
                [
                    3,
                    -2,
                    5
                ]
            ],
            "{   'fun': 5.96,\n    'jac': None,\n    'nfev': 76,\n    'nit': None,\n    'njev': None,\n    'x': array([3.58173523, 2.54512695, 2.06499049, 0.41324934, 3.33817915,\n       2.03546139, 0.77836234, 2.78326363])}",
            {
                "1110101010": 1,
                "1110101001": 1,
                "1010001110": 1,
                "1101111110": 1,
                "0110001001": 1,
                "0101001001": 1,
                "0100111010": 1,
                "0100111011": 1,
                "1010011000": 2,
                "1100011100": 1,
                "1000010110": 1,
                "0001011101": 1,
                "0011111010": 1,
                "1011011111": 1,
                "0110011101": 2,
                "1101100101": 1,
                "0001111011": 1,
                "0111100110": 1,
                "0001010011": 1,
                "0100100101": 2,
                "0111110101": 1,
                "1110110101": 1,
                "1010110000": 1,
                "1101011110": 1,
                "1111110000": 1,
                "0111001010": 1,
                "1101000000": 2,
                "1001110011": 1,
                "0111011110": 1,
                "0110011010": 1,
                "0010011110": 1,
                "0011111101": 1,
                "0001111101": 1,
                "0010000111": 1,
                "1011000111": 1,
                "1011111111": 1,
                "1010101001": 3,
                "1110100011": 1,
                "1110110001": 1,
                "0101010110": 1,
                "1111101100": 1,
                "0011001100": 1,
                "1110010000": 1,
                "0101111011": 2,
                "1000001111": 1,
                "1010000110": 2,
                "0000101101": 1,
                "1011110111": 1,
                "1011000100": 1,
                "1110001011": 1,
                "1010000101": 2,
                "1100000001": 1,
                "0001010101": 1,
                "0111110110": 1,
                "1110000101": 1,
                "1011100000": 1,
                "1000011010": 1,
                "1110101101": 1,
                "1001011100": 1,
                "1001100000": 1,
                "0001110011": 1,
                "0100100011": 1,
                "1000000001": 1,
                "1101000100": 1,
                "1001100110": 1,
                "1110001001": 1,
                "0011000000": 1,
                "1000110111": 1,
                "0010001010": 2,
                "0000110111": 1,
                "1000010000": 1,
                "0100010101": 1,
                "1000100001": 1,
                "1110110110": 1,
                "1111100011": 1,
                "0100101111": 1,
                "0100001011": 1,
                "0100110011": 3,
                "1010101010": 1,
                "1010011110": 1,
                "1011001000": 1,
                "0110001100": 1,
                "1110111000": 1,
                "1111011011": 1,
                "1011000000": 1,
                "1111001111": 1,
                "1111000101": 1,
                "0000101011": 1
            },
            false,
            5.01
        ]
    ]
}