{
    "n": 10,
    "m": 45,
    "results": [
        [
            [
                [
                    -2,
                    -8,
                    -1
                ],
                [
                    10,
                    6,
                    7
                ],
                [
                    4,
                    10,
                    -3
                ],
                [
                    -7,
                    -8,
                    1
                ],
                [
                    -4,
                    -3,
                    -10
                ],
                [
                    -6,
                    9,
                    5
                ],
                [
                    -2,
                    -8,
                    10
                ],
                [
                    -8,
                    3,
                    -9
                ],
                [
                    -8,
                    -9,
                    2
                ],
                [
                    -3,
                    4,
                    8
                ],
                [
                    -7,
                    5,
                    10
                ],
                [
                    8,
                    -2,
                    -6
                ],
                [
                    7,
                    3,
                    -10
                ],
                [
                    8,
                    -3,
                    6
                ],
                [
                    -7,
                    2,
                    -5
                ],
                [
                    7,
                    8,
                    -10
                ],
                [
                    10,
                    7,
                    5
                ],
                [
                    -9,
                    -5,
                    -3
                ],
                [
                    8,
                    -3,
                    5
                ],
                [
                    -3,
                    9,
                    8
                ],
                [
                    -7,
                    -8,
                    -3
                ],
                [
                    -5,
                    -4,
                    3
                ],
                [
                    -4,
                    8,
                    -3
                ],
                [
                    -7,
                    4,
                    -8
                ],
                [
                    7,
                    6,
                    -2
                ],
                [
                    -8,
                    -10,
                    3
                ],
                [
                    2,
                    -5,
                    6
                ],
                [
                    1,
                    7,
                    8
                ],
                [
                    10,
                    3,
                    9
                ],
                [
                    10,
                    6,
                    4
                ],
                [
                    8,
                    2,
                    -3
                ],
                [
                    3,
                    -4,
                    6
                ],
                [
                    -8,
                    3,
                    -2
                ],
                [
                    -2,
                    -10,
                    -7
                ],
                [
                    3,
                    -7,
                    2
                ],
                [
                    -1,
                    2,
                    -7
                ],
                [
                    -9,
                    -4,
                    -2
                ],
                [
                    -6,
                    10,
                    -1
                ],
                [
                    4,
                    3,
                    -7
                ],
                [
                    -6,
                    8,
                    -7
                ],
                [
                    8,
                    -7,
                    6
                ],
                [
                    -6,
                    9,
                    3
                ],
                [
                    5,
                    2,
                    10
                ],
                [
                    5,
                    -1,
                    8
                ],
                [
                    9,
                    4,
                    -8
                ]
            ],
            "{   'fun': 5.22,\n    'jac': None,\n    'nfev': 73,\n    'nit': None,\n    'njev': None,\n    'x': array([2.83449399, 0.47662385, 0.24552952, 1.09397   , 0.68555073,\n       1.3818505 , 2.11128307, 4.1439579 ])}",
            {
                "1010010111": 1,
                "1111111110": 1,
                "1111011101": 1,
                "0011000100": 1,
                "1101010011": 1,
                "0001111110": 1,
                "0110111111": 1,
                "1101111010": 1,
                "1011110110": 1,
                "0001010100": 1,
                "1111010010": 1,
                "0010000110": 1,
                "0100000111": 1,
                "0110000101": 1,
                "0011110100": 1,
                "1000001010": 2,
                "1000101000": 1,
                "0110001100": 1,
                "1111001100": 1,
                "1110001001": 1,
                "1110110111": 1,
                "1100000001": 1,
                "1011101101": 1,
                "1111001101": 1,
                "0000010010": 1,
                "1111011110": 1,
                "0101101101": 1,
                "1111101001": 2,
                "0100101000": 2,
                "0011010101": 1,
                "1010111111": 1,
                "1010001000": 1,
                "1100000000": 1,
                "0101101100": 1,
                "0011011101": 2,
                "0101100111": 1,
                "1100101000": 1,
                "0110010011": 1,
                "1111001011": 1,
                "1010100101": 2,
                "1100010111": 1,
                "0000111101": 1,
                "1100110010": 3,
                "1010111110": 1,
                "1100100000": 3,
                "0000011010": 1,
                "1101100100": 2,
                "1111101100": 1,
                "0001100110": 1,
                "1110101100": 1,
                "0110100110": 1,
                "1110001100": 1,
                "0100111010": 2,
                "1000001101": 1,
                "0101011110": 1,
                "0101111110": 1,
                "1011100100": 1,
                "1010011100": 2,
                "0111111101": 1,
                "0010010111": 1,
                "1111101101": 2,
                "0000001111": 2,
                "1101001000": 1,
                "1101111110": 1,
                "0011101101": 1,
                "1010010110": 2,
                "1111001000": 1,
                "1111001010": 1,
                "1110100111": 1,
                "1110110100": 1,
                "0110000010": 1,
                "1010101111": 1,
                "0111000111": 1,
                "1011000001": 1,
                "1000101101": 1,
                "0111110101": 1,
                "1000110000": 1,
                "0100001010": 1,
                "1001100100": 1,
                "0001011101": 1,
                "0000000010": 1,
                "1001100111": 1,
                "1110111001": 1,
                "0011101100": 1,
                "1111001001": 1
            },
            false,
            4.8
        ],
        [
            [
                [
                    -9,
                    10,
                    -1
                ],
                [
                    -8,
                    3,
                    -6
                ],
                [
                    -8,
                    -2,
                    -3
                ],
                [
                    -10,
                    8,
                    -1
                ],
                [
                    2,
                    -5,
                    -8
                ],
                [
                    -6,
                    7,
                    -10
                ],
                [
                    9,
                    -2,
                    -1
                ],
                [
                    -5,
                    -2,
                    9
                ],
                [
                    4,
                    -8,
                    6
                ],
                [
                    7,
                    -9,
                    -4
                ],
                [
                    -2,
                    4,
                    10
                ],
                [
                    -2,
                    7,
                    8
                ],
                [
                    1,
                    6,
                    -9
                ],
                [
                    5,
                    7,
                    10
                ],
                [
                    -2,
                    9,
                    1
                ],
                [
                    -3,
                    -2,
                    7
                ],
                [
                    -10,
                    -8,
                    -6
                ],
                [
                    -6,
                    1,
                    -3
                ],
                [
                    1,
                    10,
                    -9
                ],
                [
                    -3,
                    4,
                    7
                ],
                [
                    -5,
                    8,
                    -3
                ],
                [
                    2,
                    -8,
                    -5
                ],
                [
                    -7,
                    3,
                    9
                ],
                [
                    -8,
                    5,
                    -1
                ],
                [
                    -8,
                    10,
                    -6
                ],
                [
                    -4,
                    -9,
                    -7
                ],
                [
                    9,
                    1,
                    8
                ],
                [
                    -2,
                    5,
                    8
                ],
                [
                    -5,
                    -4,
                    -7
                ],
                [
                    -7,
                    10,
                    -1
                ],
                [
                    -1,
                    6,
                    -4
                ],
                [
                    -10,
                    -2,
                    -5
                ],
                [
                    2,
                    7,
                    3
                ],
                [
                    1,
                    6,
                    5
                ],
                [
                    4,
                    5,
                    7
                ],
                [
                    -4,
                    1,
                    10
                ],
                [
                    2,
                    1,
                    -3
                ],
                [
                    8,
                    -10,
                    -1
                ],
                [
                    4,
                    -7,
                    10
                ],
                [
                    -8,
                    -9,
                    3
                ],
                [
                    -8,
                    -2,
                    7
                ],
                [
                    -2,
                    -1,
                    -8
                ],
                [
                    6,
                    9,
                    1
                ],
                [
                    6,
                    8,
                    1
                ],
                [
                    -10,
                    8,
                    5
                ]
            ],
            "{   'fun': 4.49,\n    'jac': None,\n    'nfev': 79,\n    'nit': None,\n    'njev': None,\n    'x': array([1.33589236, 1.59957409, 1.72057125, 1.5119544 , 0.90639086,\n       1.99876605, 1.96533856, 0.89377162])}",
            {
                "0011011100": 1,
                "1101111000": 1,
                "0011010011": 1,
                "0000110000": 1,
                "0001010100": 1,
                "1001000010": 1,
                "0000101101": 1,
                "1000101010": 1,
                "0111001100": 1,
                "1111101010": 1,
                "0100111001": 1,
                "0010011000": 1,
                "0100101010": 1,
                "0000011101": 1,
                "1000101001": 1,
                "1110001001": 1,
                "0101111010": 1,
                "0101010101": 1,
                "0000011111": 1,
                "1110100010": 1,
                "1001001101": 1,
                "0011011101": 1,
                "1100110000": 1,
                "0010110010": 1,
                "0010000011": 1,
                "1010011101": 1,
                "0000001101": 2,
                "1000001111": 1,
                "0010111011": 1,
                "0010011100": 1,
                "1100101111": 1,
                "0011000111": 2,
                "1100010011": 1,
                "1110100100": 1,
                "0101001111": 1,
                "0111011101": 1,
                "0010101001": 1,
                "1000100110": 1,
                "0010001111": 1,
                "1010001111": 1,
                "1010001010": 1,
                "1010011111": 1,
                "0001100011": 1,
                "1110110011": 1,
                "0100010111": 1,
                "0001111001": 1,
                "0100010011": 1,
                "0111001111": 2,
                "1001000101": 1,
                "1010101001": 1,
                "0010100011": 1,
                "0000111011": 1,
                "1011100010": 1,
                "0000001010": 1,
                "1110110110": 1,
                "1001001010": 1,
                "1010100101": 1,
                "1110000110": 1,
                "1011011011": 1,
                "1100101101": 1,
                "1110001111": 1,
                "1001001000": 1,
                "1010111001": 1,
                "0101010100": 1,
                "1001010110": 1,
                "1010110110": 1,
                "0011111010": 1,
                "0101011111": 1,
                "1011011111": 2,
                "0100110111": 1,
                "0011011000": 1,
                "0111101101": 1,
                "0110011010": 1,
                "1101000101": 1,
                "0110101011": 2,
                "0110010101": 1,
                "1111011000": 3,
                "1110101110": 1,
                "1011011010": 1,
                "0111101011": 1,
                "0001100101": 1,
                "0111010011": 1,
                "1001100101": 1,
                "1000111011": 1,
                "1011001000": 1,
                "1101000000": 1,
                "0010011010": 1,
                "0010011011": 1,
                "0101110100": 1,
                "0100101101": 1,
                "1011001100": 1,
                "1110101010": 1,
                "1000101011": 1
            },
            false,
            3.74
        ],
        [
            [
                [
                    1,
                    -3,
                    6
                ],
                [
                    8,
                    10,
                    1
                ],
                [
                    8,
                    -2,
                    6
                ],
                [
                    -1,
                    7,
                    -3
                ],
                [
                    -7,
                    -6,
                    -10
                ],
                [
                    -5,
                    -8,
                    10
                ],
                [
                    10,
                    3,
                    1
                ],
                [
                    1,
                    3,
                    5
                ],
                [
                    -1,
                    7,
                    -10
                ],
                [
                    -6,
                    10,
                    4
                ],
                [
                    -9,
                    -8,
                    6
                ],
                [
                    -2,
                    -8,
                    -1
                ],
                [
                    10,
                    6,
                    8
                ],
                [
                    6,
                    7,
                    -2
                ],
                [
                    3,
                    9,
                    1
                ],
                [
                    4,
                    9,
                    6
                ],
                [
                    7,
                    -5,
                    -2
                ],
                [
                    3,
                    9,
                    -5
                ],
                [
                    -6,
                    -7,
                    -2
                ],
                [
                    7,
                    -1,
                    -10
                ],
                [
                    -9,
                    2,
                    4
                ],
                [
                    -3,
                    -2,
                    -1
                ],
                [
                    -7,
                    10,
                    4
                ],
                [
                    10,
                    -5,
                    -8
                ],
                [
                    -5,
                    6,
                    -10
                ],
                [
                    6,
                    -5,
                    -3
                ],
                [
                    -10,
                    -1,
                    -8
                ],
                [
                    -3,
                    10,
                    -4
                ],
                [
                    -1,
                    -6,
                    3
                ],
                [
                    -2,
                    1,
                    -10
                ],
                [
                    -5,
                    3,
                    -10
                ],
                [
                    -3,
                    10,
                    -7
                ],
                [
                    3,
                    1,
                    -6
                ],
                [
                    -4,
                    2,
                    -3
                ],
                [
                    9,
                    -5,
                    4
                ],
                [
                    7,
                    -6,
                    1
                ],
                [
                    10,
                    6,
                    -9
                ],
                [
                    10,
                    -8,
                    -6
                ],
                [
                    5,
                    -9,
                    4
                ],
                [
                    5,
                    -2,
                    -10
                ],
                [
                    -7,
                    -10,
                    -9
                ],
                [
                    4,
                    3,
                    -1
                ],
                [
                    4,
                    -10,
                    -7
                ],
                [
                    -8,
                    -3,
                    -6
                ],
                [
                    10,
                    9,
                    -8
                ]
            ],
            "{   'fun': 5.34,\n    'jac': None,\n    'nfev': 68,\n    'nit': None,\n    'njev': None,\n    'x': array([1.25625586, 1.08955356, 0.83890511, 3.08395751, 3.91182658,\n       2.63096174, 0.75436107, 0.68160364])}",
            {
                "1100111000": 1,
                "1110000100": 1,
                "0111101000": 1,
                "1110111110": 1,
                "0000101110": 1,
                "1101001011": 1,
                "1001101001": 1,
                "1110101010": 1,
                "1011101010": 1,
                "1001000001": 1,
                "0000011001": 1,
                "0100101010": 1,
                "1100111110": 1,
                "0011000011": 1,
                "1000100111": 1,
                "1010010010": 1,
                "1011001111": 1,
                "1010001011": 1,
                "1111101001": 1,
                "0100000000": 1,
                "0001111111": 1,
                "1101110001": 1,
                "1010110000": 1,
                "0011101011": 1,
                "0100111110": 1,
                "1110110000": 1,
                "1000111000": 1,
                "0000010100": 1,
                "0110010111": 2,
                "0001011110": 1,
                "0100111001": 1,
                "1010001101": 1,
                "1011111001": 1,
                "1010110100": 1,
                "0101000101": 1,
                "0010110101": 2,
                "1101000000": 1,
                "0110100001": 1,
                "0010011011": 1,
                "1101111010": 1,
                "1100010011": 1,
                "0101101111": 1,
                "1000000010": 1,
                "0111110011": 1,
                "1100010101": 1,
                "1000101000": 1,
                "0111001000": 1,
                "1111001100": 1,
                "0101111010": 1,
                "1100111111": 1,
                "0110001011": 1,
                "0010001010": 1,
                "0010000001": 1,
                "0001101100": 1,
                "0011100010": 1,
                "1100110010": 1,
                "1101011100": 1,
                "0110100100": 1,
                "0111111101": 1,
                "0010111001": 1,
                "1001001001": 1,
                "0010001111": 1,
                "1000010010": 2,
                "0001111110": 2,
                "1011010101": 1,
                "0110101001": 1,
                "0000111111": 2,
                "1010000111": 1,
                "1110100001": 1,
                "1100000100": 1,
                "1111110101": 2,
                "0111001001": 2,
                "0010110011": 1,
                "0001001110": 1,
                "0000101100": 2,
                "1100010000": 1,
                "1101010100": 1,
                "0001100011": 1,
                "0010110100": 1,
                "1000001110": 1,
                "1011011011": 1,
                "1101001001": 2,
                "1001100000": 1,
                "0100101110": 1,
                "1100101010": 1,
                "1010111011": 1,
                "0000011011": 1,
                "1000111110": 1,
                "0110001111": 1,
                "0100110111": 1,
                "0111010100": 1
            },
            false,
            5.08
        ],
        [
            [
                [
                    9,
                    -8,
                    -2
                ],
                [
                    -4,
                    6,
                    7
                ],
                [
                    2,
                    8,
                    -5
                ],
                [
                    -2,
                    -9,
                    7
                ],
                [
                    -4,
                    -7,
                    5
                ],
                [
                    -1,
                    -7,
                    -2
                ],
                [
                    -7,
                    3,
                    -9
                ],
                [
                    -2,
                    -6,
                    -10
                ],
                [
                    -9,
                    4,
                    3
                ],
                [
                    2,
                    9,
                    -6
                ],
                [
                    6,
                    4,
                    -8
                ],
                [
                    5,
                    -8,
                    -10
                ],
                [
                    1,
                    9,
                    -5
                ],
                [
                    -10,
                    -6,
                    4
                ],
                [
                    1,
                    7,
                    6
                ],
                [
                    8,
                    -3,
                    -2
                ],
                [
                    -5,
                    -10,
                    4
                ],
                [
                    6,
                    -7,
                    1
                ],
                [
                    5,
                    -9,
                    8
                ],
                [
                    -1,
                    -3,
                    10
                ],
                [
                    3,
                    7,
                    9
                ],
                [
                    -2,
                    -7,
                    -3
                ],
                [
                    -5,
                    6,
                    -2
                ],
                [
                    6,
                    -9,
                    -7
                ],
                [
                    -4,
                    1,
                    -10
                ],
                [
                    8,
                    -1,
                    7
                ],
                [
                    2,
                    -9,
                    8
                ],
                [
                    -6,
                    8,
                    -9
                ],
                [
                    5,
                    9,
                    3
                ],
                [
                    -6,
                    -1,
                    9
                ],
                [
                    -9,
                    7,
                    2
                ],
                [
                    10,
                    -4,
                    2
                ],
                [
                    -8,
                    5,
                    -10
                ],
                [
                    9,
                    5,
                    -4
                ],
                [
                    -6,
                    -8,
                    2
                ],
                [
                    -9,
                    -7,
                    -2
                ],
                [
                    -2,
                    -9,
                    1
                ],
                [
                    -1,
                    4,
                    5
                ],
                [
                    -10,
                    -7,
                    -1
                ],
                [
                    3,
                    -4,
                    9
                ],
                [
                    10,
                    -1,
                    -5
                ],
                [
                    -6,
                    -2,
                    -10
                ],
                [
                    -5,
                    -6,
                    9
                ],
                [
                    6,
                    4,
                    3
                ],
                [
                    6,
                    10,
                    -7
                ]
            ],
            "{   'fun': 3.25,\n    'jac': None,\n    'nfev': 84,\n    'nit': None,\n    'njev': None,\n    'x': array([2.69644223, 2.85552412, 1.54625543, 1.4398755 , 0.74728846,\n       1.0954077 , 1.30636771, 2.40934518])}",
            {
                "0101111010": 1,
                "1010001101": 1,
                "0100111000": 1,
                "0110110101": 1,
                "0000100011": 1,
                "1011110111": 1,
                "0101111000": 1,
                "0010110110": 1,
                "0011101011": 1,
                "1110000001": 1,
                "1011110101": 1,
                "1011100101": 1,
                "0011111111": 1,
                "0010001001": 1,
                "0110000010": 1,
                "1111010000": 1,
                "0000010100": 1,
                "1011101001": 2,
                "1101100001": 1,
                "0010010100": 2,
                "1011111100": 1,
                "0010011110": 1,
                "1011111111": 1,
                "0111110101": 2,
                "0010000100": 3,
                "0101010110": 2,
                "1001110111": 2,
                "1000110110": 1,
                "0011001001": 1,
                "0011000001": 1,
                "0000101110": 1,
                "1011011111": 1,
                "0111011111": 1,
                "1111101011": 1,
                "1000101111": 1,
                "0000001101": 1,
                "0001010011": 1,
                "0101110110": 1,
                "0011010001": 1,
                "1101000011": 1,
                "1010100101": 1,
                "1101010110": 1,
                "1001100111": 1,
                "1000100010": 1,
                "0001110110": 1,
                "0110010000": 2,
                "1010101001": 2,
                "0000001001": 3,
                "0011111110": 1,
                "0111110110": 3,
                "1000010000": 1,
                "1101000010": 1,
                "0011111011": 1,
                "1011110011": 1,
                "0011111101": 1,
                "0010111110": 4,
                "0111111110": 1,
                "1111110101": 1,
                "0010100100": 1,
                "1010100111": 1,
                "0010000011": 1,
                "1101010100": 1,
                "0111110001": 1,
                "0010010001": 1,
                "1011101101": 2,
                "0010010000": 5,
                "1010110000": 1,
                "1010011110": 1,
                "0101110010": 1,
                "1010100100": 1,
                "0101000100": 1,
                "0111101101": 1,
                "0110011010": 1,
                "1011100111": 1,
                "0100110000": 1,
                "0011011000": 1,
                "0010000000": 2,
                "0111100101": 1
            },
            false,
            2.5
        ],
        [
            [
                [
                    9,
                    6,
                    -5
                ],
                [
                    5,
                    -3,
                    -2
                ],
                [
                    -9,
                    -2,
                    -3
                ],
                [
                    8,
                    -3,
                    -9
                ],
                [
                    9,
                    4,
                    -5
                ],
                [
                    7,
                    -3,
                    10
                ],
                [
                    10,
                    4,
                    -2
                ],
                [
                    -3,
                    2,
                    5
                ],
                [
                    -3,
                    -5,
                    2
                ],
                [
                    8,
                    1,
                    -6
                ],
                [
                    -5,
                    -8,
                    -1
                ],
                [
                    -9,
                    -5,
                    -8
                ],
                [
                    9,
                    -1,
                    3
                ],
                [
                    -7,
                    -6,
                    -5
                ],
                [
                    -5,
                    -9,
                    8
                ],
                [
                    10,
                    2,
                    -1
                ],
                [
                    -8,
                    -1,
                    -9
                ],
                [
                    -9,
                    -2,
                    -6
                ],
                [
                    10,
                    5,
                    -4
                ],
                [
                    9,
                    -8,
                    7
                ],
                [
                    -8,
                    -7,
                    -6
                ],
                [
                    2,
                    -1,
                    -3
                ],
                [
                    -10,
                    5,
                    7
                ],
                [
                    -3,
                    5,
                    -4
                ],
                [
                    -6,
                    -1,
                    10
                ],
                [
                    5,
                    1,
                    -3
                ],
                [
                    -5,
                    -1,
                    -7
                ],
                [
                    9,
                    -4,
                    -1
                ],
                [
                    -3,
                    2,
                    1
                ],
                [
                    -8,
                    -4,
                    -10
                ],
                [
                    -4,
                    9,
                    10
                ],
                [
                    -7,
                    5,
                    9
                ],
                [
                    -6,
                    -8,
                    -7
                ],
                [
                    -6,
                    -5,
                    -3
                ],
                [
                    3,
                    7,
                    4
                ],
                [
                    -3,
                    10,
                    -6
                ],
                [
                    -10,
                    -8,
                    1
                ],
                [
                    5,
                    1,
                    3
                ],
                [
                    -2,
                    -3,
                    5
                ],
                [
                    4,
                    1,
                    7
                ],
                [
                    6,
                    10,
                    4
                ],
                [
                    1,
                    5,
                    4
                ],
                [
                    7,
                    -8,
                    6
                ],
                [
                    1,
                    4,
                    3
                ],
                [
                    9,
                    2,
                    7
                ]
            ],
            "{   'fun': 5.39,\n    'jac': None,\n    'nfev': 75,\n    'nit': None,\n    'njev': None,\n    'x': array([3.4206382 , 2.61800277, 1.73948979, 0.54748991, 3.63231068,\n       0.53932933, 0.00634435, 2.35440302])}",
            {
                "0110110001": 1,
                "1000101010": 1,
                "0110000011": 1,
                "1001111101": 1,
                "1001001100": 1,
                "0011010010": 1,
                "1110100011": 1,
                "0010011101": 1,
                "1101011110": 1,
                "1110000111": 1,
                "0101101010": 1,
                "1111101111": 1,
                "1110111110": 1,
                "1011010010": 1,
                "1010000000": 1,
                "0110100110": 2,
                "1111111001": 1,
                "0101111000": 1,
                "1010101011": 1,
                "0101000101": 1,
                "1010010000": 1,
                "1010010101": 1,
                "1000110110": 3,
                "0011000000": 1,
                "1111011100": 2,
                "1000110101": 1,
                "0001000101": 1,
                "1001011011": 1,
                "1110100100": 1,
                "0101001011": 1,
                "1100000111": 1,
                "1010001011": 1,
                "1010111011": 1,
                "0110110101": 1,
                "1110110100": 1,
                "0100001111": 1,
                "0001001100": 2,
                "0011000101": 1,
                "0100111100": 1,
                "0011100100": 1,
                "0010100110": 1,
                "1010100101": 1,
                "0000100100": 1,
                "0110011001": 1,
                "0111100110": 1,
                "1001100001": 1,
                "0001010000": 1,
                "0100001010": 1,
                "0101010111": 1,
                "1000101110": 1,
                "0011101001": 1,
                "0110011110": 1,
                "1110010111": 1,
                "1011111110": 1,
                "1011001110": 1,
                "1010001110": 1,
                "1100111110": 1,
                "1000010101": 1,
                "1111111000": 1,
                "0001001001": 1,
                "1011001011": 1,
                "1011000010": 1,
                "1001111000": 2,
                "1001000000": 1,
                "0011011010": 1,
                "1100000001": 1,
                "0101100100": 1,
                "0000011100": 1,
                "1000001001": 1,
                "1100100111": 1,
                "1000110000": 1,
                "1110011111": 1,
                "0110010010": 1,
                "1011111010": 1,
                "0010000000": 1,
                "0111110111": 1,
                "0110000101": 1,
                "1000000010": 1,
                "1100010101": 1,
                "1110011011": 1,
                "1101001000": 1,
                "0110001000": 1,
                "0100010000": 1,
                "1101011011": 1,
                "1010100011": 1,
                "0110000111": 1,
                "1001011101": 1,
                "1001100110": 1,
                "1111000111": 1,
                "1010000011": 1,
                "0100010010": 1,
                "0000111110": 1,
                "1101110010": 1,
                "1010101100": 1
            },
            false,
            5.12
        ]
    ]
}