{
    "n": 10,
    "m": 45,
    "results": [
        [
            [
                [
                    -9,
                    -10,
                    -4
                ],
                [
                    -3,
                    2,
                    -9
                ],
                [
                    4,
                    -10,
                    -3
                ],
                [
                    -6,
                    -3,
                    -5
                ],
                [
                    7,
                    9,
                    -1
                ],
                [
                    9,
                    -8,
                    7
                ],
                [
                    5,
                    -7,
                    2
                ],
                [
                    -6,
                    -3,
                    7
                ],
                [
                    -1,
                    -6,
                    -7
                ],
                [
                    -3,
                    -2,
                    -1
                ],
                [
                    8,
                    10,
                    -6
                ],
                [
                    -4,
                    3,
                    6
                ],
                [
                    -4,
                    8,
                    2
                ],
                [
                    -7,
                    -10,
                    -3
                ],
                [
                    -1,
                    8,
                    9
                ],
                [
                    7,
                    -5,
                    9
                ],
                [
                    4,
                    -3,
                    7
                ],
                [
                    -2,
                    -7,
                    -10
                ],
                [
                    -10,
                    8,
                    9
                ],
                [
                    10,
                    9,
                    2
                ],
                [
                    4,
                    1,
                    -3
                ],
                [
                    10,
                    5,
                    -2
                ],
                [
                    9,
                    -2,
                    -8
                ],
                [
                    4,
                    -3,
                    2
                ],
                [
                    9,
                    6,
                    10
                ],
                [
                    -1,
                    -7,
                    -10
                ],
                [
                    10,
                    -6,
                    1
                ],
                [
                    -10,
                    1,
                    8
                ],
                [
                    4,
                    5,
                    10
                ],
                [
                    8,
                    -5,
                    -2
                ],
                [
                    -2,
                    -3,
                    -9
                ],
                [
                    -3,
                    -7,
                    10
                ],
                [
                    3,
                    4,
                    2
                ],
                [
                    1,
                    6,
                    -2
                ],
                [
                    5,
                    -8,
                    -10
                ],
                [
                    9,
                    -10,
                    -7
                ],
                [
                    -3,
                    5,
                    -7
                ],
                [
                    -5,
                    -6,
                    7
                ],
                [
                    -6,
                    -3,
                    9
                ],
                [
                    7,
                    -5,
                    3
                ],
                [
                    2,
                    -5,
                    -1
                ],
                [
                    -5,
                    10,
                    -3
                ],
                [
                    -3,
                    4,
                    -9
                ],
                [
                    5,
                    -2,
                    6
                ],
                [
                    6,
                    4,
                    7
                ]
            ],
            "{   'fun': 1.0,\n    'jac': None,\n    'nfev': 105,\n    'nit': 2,\n    'njev': 21,\n    'x': array([0.0727187 , 0.08518416, 2.49748866, 0.83938065])}",
            {
                "1111110010": 1,
                "1100110010": 1,
                "1111111000": 1,
                "1110111110": 1,
                "1100100001": 1,
                "1110010111": 1,
                "1111011000": 1,
                "1101110101": 1,
                "1101111111": 1,
                "0100010011": 1,
                "0011000011": 1,
                "1011100110": 1,
                "1000010000": 1,
                "1010011001": 1,
                "0000010000": 1,
                "0001011001": 1,
                "1101100000": 1,
                "1111010011": 1,
                "1011000000": 1,
                "0011010101": 1,
                "0100101011": 2,
                "0101000101": 1,
                "0101001101": 2,
                "1110010011": 1,
                "0001011101": 1,
                "1111111110": 1,
                "0110100101": 1,
                "1100011110": 1,
                "1011000010": 1,
                "1010010000": 1,
                "0010110011": 1,
                "0000110000": 1,
                "0011111001": 1,
                "0010110000": 1,
                "0101010010": 1,
                "0111101101": 1,
                "1010000001": 1,
                "0010011000": 1,
                "0111100100": 1,
                "0100001111": 1,
                "1011110001": 2,
                "0010111000": 2,
                "0001111111": 1,
                "0000000001": 1,
                "1010001110": 1,
                "0001001000": 1,
                "0111011111": 1,
                "0001101110": 1,
                "0011100001": 1,
                "0101000110": 1,
                "1011101101": 1,
                "0110000001": 1,
                "1011011011": 1,
                "0101010100": 1,
                "0011100110": 1,
                "0110101001": 2,
                "1000100001": 2,
                "0001010011": 1,
                "1001101100": 1,
                "1011001100": 1,
                "0110100110": 1,
                "0000001100": 1,
                "0100010110": 1,
                "1011100101": 1,
                "0010101010": 1,
                "1011000011": 1,
                "1100100011": 1,
                "1100100101": 1,
                "0000110110": 1,
                "1100010000": 1,
                "0000110010": 1,
                "0010100101": 1,
                "1010100100": 1,
                "1001110001": 1,
                "0000010101": 1,
                "1100101011": 1,
                "0101100110": 1,
                "0100001011": 1,
                "1100001011": 1,
                "1111100100": 2,
                "1111001000": 1,
                "0110011111": 1,
                "0000011011": 2,
                "0110110111": 1,
                "0101101110": 1,
                "1011000001": 1,
                "1110010100": 2,
                "0101101101": 1,
                "0011111000": 1,
                "0111101010": 1,
                "1001110100": 1
            },
            false,
            0.94
        ],
        [
            [
                [
                    -6,
                    -5,
                    4
                ],
                [
                    2,
                    4,
                    -10
                ],
                [
                    8,
                    4,
                    6
                ],
                [
                    -4,
                    -10,
                    -9
                ],
                [
                    10,
                    5,
                    -6
                ],
                [
                    3,
                    -9,
                    2
                ],
                [
                    5,
                    -10,
                    -8
                ],
                [
                    5,
                    -3,
                    -7
                ],
                [
                    8,
                    -5,
                    1
                ],
                [
                    -1,
                    -5,
                    6
                ],
                [
                    9,
                    10,
                    -1
                ],
                [
                    5,
                    -1,
                    -3
                ],
                [
                    -6,
                    8,
                    2
                ],
                [
                    10,
                    -6,
                    3
                ],
                [
                    -6,
                    -7,
                    9
                ],
                [
                    10,
                    -5,
                    4
                ],
                [
                    -1,
                    10,
                    8
                ],
                [
                    -7,
                    -1,
                    -2
                ],
                [
                    8,
                    1,
                    -9
                ],
                [
                    9,
                    5,
                    -8
                ],
                [
                    8,
                    -1,
                    9
                ],
                [
                    9,
                    4,
                    3
                ],
                [
                    7,
                    -1,
                    5
                ],
                [
                    2,
                    8,
                    -5
                ],
                [
                    -4,
                    5,
                    -8
                ],
                [
                    -3,
                    7,
                    10
                ],
                [
                    -7,
                    -2,
                    3
                ],
                [
                    3,
                    -7,
                    -9
                ],
                [
                    -9,
                    2,
                    5
                ],
                [
                    4,
                    -6,
                    -9
                ],
                [
                    6,
                    4,
                    -7
                ],
                [
                    10,
                    -8,
                    -1
                ],
                [
                    -9,
                    -6,
                    -7
                ],
                [
                    8,
                    -1,
                    7
                ],
                [
                    -3,
                    -2,
                    -5
                ],
                [
                    7,
                    2,
                    -5
                ],
                [
                    10,
                    1,
                    -8
                ],
                [
                    -9,
                    4,
                    -7
                ],
                [
                    6,
                    -5,
                    -10
                ],
                [
                    -9,
                    1,
                    -6
                ],
                [
                    -3,
                    -4,
                    6
                ],
                [
                    -4,
                    -6,
                    -9
                ],
                [
                    -4,
                    9,
                    6
                ],
                [
                    2,
                    -1,
                    -4
                ],
                [
                    4,
                    5,
                    -6
                ]
            ],
            "{   'fun': 0.98,\n    'jac': None,\n    'nfev': 120,\n    'nit': 2,\n    'njev': 24,\n    'x': array([1.76215289, 1.68291277, 2.48651561, 2.64260125])}",
            {
                "0110111110": 1,
                "1111011011": 1,
                "1010011001": 1,
                "1010111010": 1,
                "0010101011": 1,
                "1010101100": 1,
                "1010111011": 2,
                "0010111011": 1,
                "0010011100": 1,
                "1111001110": 1,
                "0111000111": 1,
                "1010000001": 2,
                "1000010100": 2,
                "1011101111": 1,
                "0011110100": 1,
                "0110010101": 2,
                "0110001000": 1,
                "0000110110": 1,
                "0001010010": 1,
                "0100000111": 1,
                "1110110011": 2,
                "0110000001": 1,
                "1101110111": 1,
                "0100000000": 1,
                "0000101011": 1,
                "1000100011": 1,
                "0111101111": 1,
                "0111000100": 1,
                "1011100011": 1,
                "1101000000": 1,
                "1011111100": 1,
                "1110010010": 1,
                "1100010110": 1,
                "1110100101": 1,
                "1010101111": 1,
                "1100001101": 1,
                "1011010111": 1,
                "1001001100": 1,
                "0111001001": 1,
                "0100111010": 1,
                "0011000010": 1,
                "1110100011": 1,
                "1111000100": 1,
                "0000100010": 1,
                "0111001011": 1,
                "0000111011": 1,
                "0100100001": 1,
                "1001111011": 1,
                "1001111100": 1,
                "0011000011": 1,
                "0001011100": 1,
                "0000101111": 1,
                "1011010001": 1,
                "0010110111": 1,
                "0111011110": 1,
                "1011101100": 1,
                "1110010110": 1,
                "1001110011": 1,
                "1000010101": 1,
                "1000001011": 1,
                "1010110110": 1,
                "0111001000": 1,
                "0000011111": 1,
                "1110000001": 1,
                "1111001000": 1,
                "0011101101": 1,
                "1000011111": 1,
                "0010000100": 1,
                "0110101010": 1,
                "0001011000": 1,
                "1100111011": 1,
                "0010100011": 1,
                "0011010001": 2,
                "0100001001": 1,
                "1010010100": 1,
                "0111100000": 1,
                "0001000100": 1,
                "1110011101": 1,
                "1000101110": 1,
                "0010000010": 1,
                "0100101100": 1,
                "0000010000": 1,
                "0110111001": 1,
                "0110000110": 1,
                "1010001100": 2,
                "1111000010": 1,
                "0000000001": 1,
                "1111101011": 1,
                "0010001001": 1,
                "0011101010": 1,
                "1101101011": 1,
                "0101001110": 1,
                "1000011011": 1
            },
            true,
            0.93
        ],
        [
            [
                [
                    -7,
                    -6,
                    2
                ],
                [
                    3,
                    2,
                    -6
                ],
                [
                    9,
                    8,
                    10
                ],
                [
                    9,
                    -2,
                    4
                ],
                [
                    -1,
                    2,
                    -10
                ],
                [
                    -7,
                    -6,
                    8
                ],
                [
                    4,
                    10,
                    8
                ],
                [
                    2,
                    -9,
                    4
                ],
                [
                    -8,
                    2,
                    4
                ],
                [
                    7,
                    -2,
                    -1
                ],
                [
                    -10,
                    1,
                    3
                ],
                [
                    -9,
                    -7,
                    6
                ],
                [
                    -7,
                    -4,
                    -6
                ],
                [
                    -3,
                    8,
                    1
                ],
                [
                    10,
                    -1,
                    -6
                ],
                [
                    -7,
                    1,
                    3
                ],
                [
                    3,
                    -2,
                    6
                ],
                [
                    -7,
                    9,
                    3
                ],
                [
                    10,
                    -6,
                    -8
                ],
                [
                    -8,
                    2,
                    -7
                ],
                [
                    -7,
                    4,
                    -1
                ],
                [
                    9,
                    3,
                    8
                ],
                [
                    7,
                    -8,
                    3
                ],
                [
                    -9,
                    7,
                    2
                ],
                [
                    -1,
                    -7,
                    4
                ],
                [
                    -6,
                    -4,
                    -9
                ],
                [
                    -3,
                    5,
                    10
                ],
                [
                    -8,
                    5,
                    -9
                ],
                [
                    3,
                    -6,
                    -4
                ],
                [
                    -7,
                    -9,
                    -6
                ],
                [
                    -3,
                    2,
                    -4
                ],
                [
                    7,
                    6,
                    4
                ],
                [
                    -10,
                    2,
                    3
                ],
                [
                    -5,
                    -7,
                    10
                ],
                [
                    -2,
                    7,
                    8
                ],
                [
                    -6,
                    -1,
                    -2
                ],
                [
                    -9,
                    -1,
                    4
                ],
                [
                    9,
                    -8,
                    4
                ],
                [
                    9,
                    -5,
                    -8
                ],
                [
                    -7,
                    -6,
                    1
                ],
                [
                    -1,
                    4,
                    10
                ],
                [
                    -10,
                    9,
                    -5
                ],
                [
                    4,
                    -6,
                    3
                ],
                [
                    -1,
                    -9,
                    -6
                ],
                [
                    4,
                    8,
                    1
                ]
            ],
            "{   'fun': 0.91,\n    'jac': None,\n    'nfev': 95,\n    'nit': 1,\n    'njev': 19,\n    'x': array([2.58572212, 0.04774152, 1.62396503, 3.04000381])}",
            {
                "1110111010": 1,
                "0111100000": 1,
                "1110110110": 1,
                "1100011111": 1,
                "1110000100": 1,
                "0010100001": 1,
                "1101000111": 1,
                "1100010001": 1,
                "1110000001": 1,
                "0110001110": 1,
                "1100001101": 1,
                "1001010111": 1,
                "0001010111": 1,
                "1101101011": 1,
                "1000010110": 1,
                "0110111101": 1,
                "1111000000": 1,
                "1001001100": 1,
                "1100101101": 1,
                "0110001000": 1,
                "1100100001": 1,
                "1101111100": 1,
                "1111001111": 1,
                "0011010101": 1,
                "0001111000": 1,
                "1110001001": 1,
                "0111111100": 1,
                "0111010000": 1,
                "0001101101": 1,
                "1111000111": 1,
                "0010111001": 1,
                "1011110001": 1,
                "0100011011": 1,
                "0111110101": 1,
                "0100101110": 1,
                "1001000111": 1,
                "1101101110": 1,
                "0110100000": 1,
                "0111011010": 1,
                "0010100110": 1,
                "0001111100": 2,
                "1011000011": 1,
                "1100100011": 1,
                "0000010011": 1,
                "1110001011": 1,
                "0101001101": 1,
                "1100000001": 1,
                "1001001111": 4,
                "1110011110": 2,
                "0110010010": 1,
                "1101011111": 1,
                "1100101100": 1,
                "0110011000": 1,
                "1011000110": 1,
                "0010001111": 1,
                "0110100011": 1,
                "1001000000": 1,
                "1010111100": 1,
                "0100010110": 1,
                "0100010100": 1,
                "0010000000": 1,
                "1100101110": 1,
                "0001110001": 1,
                "0100100110": 1,
                "1011001111": 1,
                "0000100011": 1,
                "0100000100": 1,
                "1111101111": 1,
                "1011111111": 1,
                "0001110101": 1,
                "0110011110": 3,
                "1100010000": 1,
                "1011001000": 1,
                "1010110011": 1,
                "0111111010": 1,
                "1010101110": 2,
                "1111110011": 1,
                "1100011110": 1,
                "0000100001": 1,
                "0111010001": 1,
                "1010101010": 1,
                "1110100110": 1,
                "1111010100": 1,
                "0010010110": 1,
                "1011001110": 2,
                "1111100101": 1,
                "1011011111": 1,
                "1111110101": 1,
                "1010001110": 1,
                "0111000111": 1,
                "0011011110": 1
            },
            true,
            0.78
        ],
        [
            [
                [
                    -1,
                    -5,
                    -9
                ],
                [
                    -5,
                    -1,
                    -2
                ],
                [
                    -8,
                    9,
                    -3
                ],
                [
                    -8,
                    3,
                    -9
                ],
                [
                    5,
                    6,
                    -10
                ],
                [
                    -3,
                    8,
                    -2
                ],
                [
                    -2,
                    -6,
                    -4
                ],
                [
                    7,
                    -10,
                    1
                ],
                [
                    10,
                    -2,
                    -6
                ],
                [
                    7,
                    -1,
                    2
                ],
                [
                    9,
                    6,
                    -10
                ],
                [
                    5,
                    -2,
                    10
                ],
                [
                    7,
                    -10,
                    9
                ],
                [
                    -7,
                    5,
                    -4
                ],
                [
                    -4,
                    -3,
                    -9
                ],
                [
                    -1,
                    6,
                    -3
                ],
                [
                    -5,
                    -8,
                    9
                ],
                [
                    6,
                    3,
                    9
                ],
                [
                    8,
                    -7,
                    5
                ],
                [
                    -3,
                    1,
                    6
                ],
                [
                    8,
                    9,
                    2
                ],
                [
                    1,
                    6,
                    2
                ],
                [
                    5,
                    -10,
                    2
                ],
                [
                    -7,
                    5,
                    -8
                ],
                [
                    -10,
                    5,
                    8
                ],
                [
                    10,
                    -6,
                    1
                ],
                [
                    -7,
                    -6,
                    -4
                ],
                [
                    -8,
                    5,
                    10
                ],
                [
                    -4,
                    7,
                    -6
                ],
                [
                    -10,
                    -5,
                    2
                ],
                [
                    -5,
                    2,
                    -10
                ],
                [
                    -3,
                    -2,
                    -4
                ],
                [
                    1,
                    -8,
                    5
                ],
                [
                    8,
                    -6,
                    -2
                ],
                [
                    -8,
                    3,
                    -4
                ],
                [
                    -8,
                    -1,
                    -9
                ],
                [
                    -2,
                    -10,
                    8
                ],
                [
                    9,
                    1,
                    7
                ],
                [
                    4,
                    -8,
                    -1
                ],
                [
                    -4,
                    9,
                    6
                ],
                [
                    -10,
                    -8,
                    6
                ],
                [
                    5,
                    3,
                    7
                ],
                [
                    7,
                    9,
                    3
                ],
                [
                    4,
                    -2,
                    6
                ],
                [
                    2,
                    8,
                    -7
                ]
            ],
            "{   'fun': 0.95,\n    'jac': None,\n    'nfev': 115,\n    'nit': 2,\n    'njev': 23,\n    'x': array([0.48383617, 1.06155082, 2.3157221 , 2.38593473])}",
            {
                "1001100111": 1,
                "0010010100": 1,
                "1001011001": 1,
                "0110010010": 1,
                "1101111110": 1,
                "0000110111": 1,
                "0001011110": 1,
                "0111011100": 1,
                "1101000100": 1,
                "1110101010": 1,
                "0111111011": 1,
                "0101010000": 1,
                "0000000110": 1,
                "0100011001": 1,
                "1001000001": 1,
                "1000011100": 1,
                "0110111010": 1,
                "0100011010": 1,
                "0100000011": 1,
                "1100011001": 1,
                "0011101110": 1,
                "1110110101": 1,
                "0100110011": 1,
                "0100111011": 1,
                "0001100111": 1,
                "1101100100": 1,
                "1111000010": 1,
                "1000101010": 1,
                "0110001001": 1,
                "0001001111": 1,
                "0011010000": 1,
                "0011011111": 1,
                "0000101111": 1,
                "1010001011": 1,
                "1001101110": 1,
                "0011100100": 1,
                "1001110010": 1,
                "1111110011": 1,
                "0111110001": 1,
                "0101011010": 3,
                "1000001100": 1,
                "0110111101": 1,
                "1010111010": 1,
                "1011100111": 1,
                "0111110111": 2,
                "1100010100": 1,
                "0010100111": 1,
                "0001010100": 1,
                "1111110110": 5,
                "1100111001": 1,
                "0100000010": 1,
                "1011000010": 1,
                "0000100001": 1,
                "1110100010": 1,
                "0101110000": 1,
                "1101111000": 1,
                "0101100011": 1,
                "0100001101": 1,
                "1000111001": 1,
                "0100010101": 1,
                "0011111011": 1,
                "0010111001": 1,
                "1011100010": 1,
                "0000001011": 1,
                "1101001011": 1,
                "0101000001": 1,
                "0111111000": 1,
                "1111011010": 1,
                "1010010101": 1,
                "0011111010": 1,
                "0001010110": 1,
                "1010110001": 1,
                "0110010000": 1,
                "1100010011": 1,
                "0110101110": 1,
                "1110100100": 1,
                "1111001011": 1,
                "1010100101": 1,
                "0111001100": 1,
                "0000101100": 1,
                "1010011101": 1,
                "0000110011": 1,
                "0001110101": 1,
                "0110000111": 1,
                "1110000100": 1,
                "0101110101": 1,
                "0001100010": 1,
                "0010011101": 1,
                "1000011010": 1,
                "1100000010": 1,
                "0100000110": 1,
                "0100110001": 1,
                "0111000010": 1
            },
            true,
            0.9
        ],
        [
            [
                [
                    6,
                    -8,
                    -5
                ],
                [
                    2,
                    9,
                    8
                ],
                [
                    5,
                    3,
                    7
                ],
                [
                    7,
                    2,
                    -3
                ],
                [
                    7,
                    8,
                    -6
                ],
                [
                    2,
                    10,
                    -9
                ],
                [
                    -9,
                    5,
                    -6
                ],
                [
                    9,
                    7,
                    -5
                ],
                [
                    10,
                    7,
                    2
                ],
                [
                    -1,
                    -6,
                    3
                ],
                [
                    -4,
                    6,
                    3
                ],
                [
                    10,
                    8,
                    3
                ],
                [
                    -9,
                    3,
                    -7
                ],
                [
                    -9,
                    -2,
                    -1
                ],
                [
                    3,
                    10,
                    5
                ],
                [
                    -4,
                    1,
                    6
                ],
                [
                    10,
                    1,
                    -3
                ],
                [
                    7,
                    2,
                    -8
                ],
                [
                    -1,
                    -3,
                    10
                ],
                [
                    7,
                    10,
                    8
                ],
                [
                    -1,
                    -8,
                    4
                ],
                [
                    -3,
                    4,
                    -7
                ],
                [
                    -5,
                    8,
                    10
                ],
                [
                    -1,
                    -3,
                    -6
                ],
                [
                    -6,
                    3,
                    -4
                ],
                [
                    -2,
                    -3,
                    1
                ],
                [
                    2,
                    -4,
                    -1
                ],
                [
                    6,
                    10,
                    -2
                ],
                [
                    -6,
                    -4,
                    7
                ],
                [
                    2,
                    -10,
                    1
                ],
                [
                    -1,
                    -10,
                    -2
                ],
                [
                    -5,
                    -4,
                    3
                ],
                [
                    -5,
                    8,
                    -6
                ],
                [
                    -4,
                    -6,
                    2
                ],
                [
                    -8,
                    9,
                    4
                ],
                [
                    -1,
                    -10,
                    -7
                ],
                [
                    -6,
                    2,
                    -10
                ],
                [
                    9,
                    -4,
                    5
                ],
                [
                    10,
                    -3,
                    4
                ],
                [
                    -2,
                    -5,
                    4
                ],
                [
                    -6,
                    2,
                    -5
                ],
                [
                    9,
                    10,
                    -4
                ],
                [
                    -2,
                    9,
                    5
                ],
                [
                    -5,
                    8,
                    -9
                ],
                [
                    -4,
                    5,
                    2
                ]
            ],
            "{   'fun': 1.0,\n    'jac': None,\n    'nfev': 5,\n    'nit': 0,\n    'njev': 1,\n    'x': array([0.52740253, 0.17713412, 0.19211593, 0.02383559])}",
            {
                "0101110010": 1,
                "1100000101": 1,
                "1000010100": 1,
                "1001101011": 1,
                "1101100000": 1,
                "0011111010": 1,
                "0000101110": 1,
                "0001010111": 1,
                "0000011011": 1,
                "0011111001": 1,
                "0100001111": 1,
                "1111011010": 1,
                "1001110101": 1,
                "0101110100": 1,
                "1111101000": 1,
                "0101000010": 1,
                "1101110100": 1,
                "1001000101": 1,
                "1010101000": 1,
                "0101101101": 1,
                "1110110110": 1,
                "1101010000": 1,
                "0001100000": 1,
                "1100001101": 1,
                "0111000111": 1,
                "0111111001": 1,
                "1001100001": 1,
                "1100000010": 1,
                "1010000011": 1,
                "0000111010": 1,
                "0011110010": 1,
                "1001011001": 1,
                "0111000010": 1,
                "0001011100": 1,
                "0100101010": 1,
                "0000011010": 2,
                "1100111110": 1,
                "0000101010": 1,
                "1010010010": 1,
                "0001001111": 1,
                "1000000101": 1,
                "0011010011": 1,
                "1010000101": 1,
                "0000111101": 1,
                "0001010011": 1,
                "0100111101": 1,
                "1000010010": 1,
                "1010110010": 2,
                "0101100000": 1,
                "1001101001": 1,
                "1110110000": 1,
                "0010101001": 1,
                "1111010011": 1,
                "1100110110": 1,
                "0100011101": 1,
                "1101110111": 1,
                "0100100100": 1,
                "0110101110": 1,
                "1011101011": 1,
                "1001011100": 1,
                "1010011001": 1,
                "1111010101": 1,
                "1001100110": 1,
                "1110001001": 1,
                "0001111111": 1,
                "0110010011": 1,
                "1010110001": 1,
                "1001100111": 1,
                "0000100111": 1,
                "1000110011": 1,
                "1111110101": 1,
                "0000100011": 1,
                "1111000110": 1,
                "0110000111": 1,
                "0101100111": 2,
                "0111100011": 1,
                "0001110101": 1,
                "0000110001": 1,
                "0010111111": 1,
                "1110100000": 1,
                "1100001100": 1,
                "0110111100": 1,
                "1110000110": 1,
                "1101001001": 1,
                "0101001000": 1,
                "0101101110": 1,
                "0110110111": 2,
                "1000010101": 1,
                "0110110000": 1,
                "0110111110": 1,
                "0001011101": 1,
                "1001010110": 1,
                "0000110010": 1,
                "1000011101": 1,
                "1001100010": 1,
                "1000001111": 1
            },
            false,
            1.0
        ]
    ]
}