{
    "n": 10,
    "m": 45,
    "results": [
        [
            [
                [
                    9,
                    -4,
                    -8
                ],
                [
                    -8,
                    -3,
                    1
                ],
                [
                    3,
                    6,
                    -10
                ],
                [
                    5,
                    8,
                    -4
                ],
                [
                    -6,
                    -1,
                    7
                ],
                [
                    10,
                    -1,
                    -7
                ],
                [
                    5,
                    8,
                    -3
                ],
                [
                    3,
                    -10,
                    6
                ],
                [
                    -8,
                    2,
                    -10
                ],
                [
                    8,
                    9,
                    -1
                ],
                [
                    1,
                    8,
                    -3
                ],
                [
                    6,
                    10,
                    -8
                ],
                [
                    7,
                    -2,
                    6
                ],
                [
                    -4,
                    -7,
                    -3
                ],
                [
                    -3,
                    -5,
                    7
                ],
                [
                    -5,
                    -8,
                    -4
                ],
                [
                    -8,
                    10,
                    -4
                ],
                [
                    -10,
                    1,
                    -5
                ],
                [
                    3,
                    -7,
                    6
                ],
                [
                    1,
                    2,
                    9
                ],
                [
                    -2,
                    -1,
                    -7
                ],
                [
                    4,
                    -6,
                    9
                ],
                [
                    4,
                    -5,
                    7
                ],
                [
                    -8,
                    7,
                    -9
                ],
                [
                    8,
                    5,
                    -3
                ],
                [
                    4,
                    -10,
                    8
                ],
                [
                    10,
                    -4,
                    7
                ],
                [
                    -3,
                    -8,
                    -1
                ],
                [
                    8,
                    -4,
                    1
                ],
                [
                    -8,
                    -10,
                    4
                ],
                [
                    -8,
                    -7,
                    -3
                ],
                [
                    -9,
                    -5,
                    -3
                ],
                [
                    10,
                    8,
                    5
                ],
                [
                    -8,
                    -4,
                    1
                ],
                [
                    -9,
                    -6,
                    -7
                ],
                [
                    8,
                    -4,
                    -6
                ],
                [
                    -4,
                    -10,
                    -1
                ],
                [
                    -9,
                    6,
                    2
                ],
                [
                    -6,
                    -2,
                    -1
                ],
                [
                    9,
                    -4,
                    -5
                ],
                [
                    -3,
                    -5,
                    -8
                ],
                [
                    9,
                    1,
                    -4
                ],
                [
                    2,
                    7,
                    6
                ],
                [
                    1,
                    -9,
                    -7
                ],
                [
                    -5,
                    -10,
                    8
                ]
            ],
            "{   'fun': 1.0,\n    'jac': None,\n    'nfev': 5,\n    'nit': 0,\n    'njev': 1,\n    'x': array([0.07271878, 0.08518428, 2.49748869, 0.8393808 ])}",
            {
                "0000100011": 1,
                "0111111110": 1,
                "1100001110": 1,
                "1101111000": 1,
                "0010011100": 1,
                "0101101011": 1,
                "1101001011": 1,
                "0001110000": 1,
                "0000100100": 1,
                "0010100100": 1,
                "0010000011": 1,
                "0001000001": 1,
                "1010111100": 1,
                "1011010111": 1,
                "1111100010": 2,
                "1110011011": 1,
                "1000010010": 1,
                "1100101110": 1,
                "0001110001": 1,
                "0101111011": 1,
                "1110110010": 1,
                "0001000101": 1,
                "0101100011": 1,
                "1100000101": 1,
                "0100001101": 1,
                "0101111110": 1,
                "0000000101": 1,
                "1001011111": 1,
                "0110100000": 1,
                "1101000000": 1,
                "0101101110": 1,
                "1000010110": 1,
                "0100111001": 1,
                "1001110110": 1,
                "0110101101": 1,
                "0110110110": 1,
                "0001001001": 1,
                "1000111110": 1,
                "0111010100": 1,
                "1000101000": 1,
                "1001111000": 1,
                "1011001010": 1,
                "1101111011": 1,
                "1010011111": 1,
                "1000111101": 1,
                "0100111011": 1,
                "1111101000": 1,
                "1110111011": 1,
                "0100001010": 1,
                "1100100101": 1,
                "1101010110": 2,
                "1110101100": 1,
                "0101101100": 1,
                "1111010011": 1,
                "0011011000": 1,
                "0000011000": 1,
                "1110000110": 1,
                "1010100101": 1,
                "1011011011": 1,
                "1100110000": 1,
                "1010111011": 2,
                "1111110001": 1,
                "0001111010": 1,
                "0001000100": 1,
                "1001110101": 1,
                "0111000110": 1,
                "1011110001": 1,
                "0111000101": 1,
                "1111101001": 2,
                "0101010101": 1,
                "1010110110": 1,
                "1000011101": 1,
                "0010000010": 2,
                "0101111111": 1,
                "0111110110": 1,
                "1100011110": 1,
                "1100010110": 1,
                "1110100101": 1,
                "0010110100": 1,
                "0100001110": 1,
                "1110100010": 1,
                "1000110110": 2,
                "0010000001": 1,
                "1111000101": 1,
                "1000011110": 1,
                "1000000110": 1,
                "1100001011": 1,
                "0110010100": 1,
                "0010000110": 1,
                "0111110011": 1,
                "1100010100": 1,
                "0110110011": 1,
                "0110001011": 1,
                "1100111111": 1
            },
            false,
            1.0
        ],
        [
            [
                [
                    -4,
                    2,
                    -6
                ],
                [
                    -5,
                    1,
                    -10
                ],
                [
                    -7,
                    4,
                    10
                ],
                [
                    -4,
                    -10,
                    7
                ],
                [
                    1,
                    -6,
                    -2
                ],
                [
                    1,
                    10,
                    -3
                ],
                [
                    4,
                    -1,
                    10
                ],
                [
                    -5,
                    7,
                    4
                ],
                [
                    1,
                    7,
                    -4
                ],
                [
                    -5,
                    -2,
                    10
                ],
                [
                    -8,
                    -10,
                    -4
                ],
                [
                    6,
                    -7,
                    -4
                ],
                [
                    5,
                    6,
                    9
                ],
                [
                    1,
                    -10,
                    7
                ],
                [
                    -9,
                    3,
                    -10
                ],
                [
                    3,
                    -5,
                    8
                ],
                [
                    3,
                    10,
                    -5
                ],
                [
                    7,
                    4,
                    -1
                ],
                [
                    7,
                    3,
                    -6
                ],
                [
                    1,
                    -9,
                    7
                ],
                [
                    -3,
                    6,
                    -1
                ],
                [
                    5,
                    -1,
                    -7
                ],
                [
                    8,
                    2,
                    1
                ],
                [
                    10,
                    7,
                    -9
                ],
                [
                    9,
                    -3,
                    2
                ],
                [
                    -10,
                    -8,
                    -4
                ],
                [
                    3,
                    -7,
                    -2
                ],
                [
                    -3,
                    -10,
                    1
                ],
                [
                    6,
                    -1,
                    -4
                ],
                [
                    7,
                    6,
                    2
                ],
                [
                    6,
                    1,
                    -5
                ],
                [
                    3,
                    -10,
                    -7
                ],
                [
                    -3,
                    5,
                    2
                ],
                [
                    -8,
                    4,
                    9
                ],
                [
                    3,
                    -2,
                    4
                ],
                [
                    3,
                    -1,
                    8
                ],
                [
                    3,
                    -10,
                    7
                ],
                [
                    5,
                    -2,
                    9
                ],
                [
                    -1,
                    -7,
                    5
                ],
                [
                    -4,
                    1,
                    -3
                ],
                [
                    -10,
                    -6,
                    8
                ],
                [
                    -7,
                    -5,
                    6
                ],
                [
                    -3,
                    4,
                    5
                ],
                [
                    -6,
                    -9,
                    -8
                ],
                [
                    3,
                    5,
                    10
                ]
            ],
            "{   'fun': 1.0,\n    'jac': None,\n    'nfev': 5,\n    'nit': 0,\n    'njev': 1,\n    'x': array([1.76215289, 1.68291279, 2.48651562, 2.64260122])}",
            {
                "0010110000": 1,
                "0100010111": 1,
                "0100111101": 1,
                "0010001110": 1,
                "1000110100": 1,
                "0001001011": 1,
                "0011101000": 1,
                "0110110100": 1,
                "0000001001": 1,
                "0100110010": 1,
                "1011110101": 1,
                "1000011110": 1,
                "0000110000": 1,
                "0000101100": 1,
                "0011101100": 1,
                "1001011011": 1,
                "0100101101": 1,
                "0110111000": 1,
                "0100101010": 1,
                "0110011100": 1,
                "1100100000": 1,
                "1010001000": 1,
                "1111111101": 1,
                "0010111111": 1,
                "1100011110": 1,
                "0111011011": 1,
                "1111100110": 2,
                "1011010001": 1,
                "1001000000": 1,
                "0101110001": 2,
                "0010100101": 1,
                "1101011100": 1,
                "1010010100": 1,
                "0110111100": 1,
                "1110000110": 1,
                "0101010111": 1,
                "0100100110": 1,
                "1010001111": 1,
                "0000111110": 1,
                "1011111111": 1,
                "1001000101": 1,
                "0011111011": 1,
                "1101000010": 1,
                "1101010001": 1,
                "1010100011": 1,
                "1011011100": 1,
                "0101111010": 1,
                "1110001001": 1,
                "0011100000": 1,
                "0111101111": 1,
                "1110101011": 1,
                "0110001111": 1,
                "0111111001": 1,
                "0011010101": 1,
                "0011011011": 1,
                "1100111101": 1,
                "1001001111": 1,
                "1100000001": 1,
                "0110010101": 1,
                "1111100011": 1,
                "0110011011": 1,
                "0111010001": 1,
                "0010110010": 2,
                "0100010110": 1,
                "0010110001": 1,
                "0111001101": 1,
                "1001011000": 1,
                "1010100010": 1,
                "1100110101": 1,
                "1100000010": 1,
                "1010111001": 2,
                "0010011110": 1,
                "1011111100": 1,
                "1100100111": 1,
                "1000011011": 1,
                "1011101010": 1,
                "0010010000": 1,
                "0100100100": 1,
                "1001101110": 1,
                "0100101111": 1,
                "1100110001": 1,
                "0010100111": 1,
                "1110010100": 1,
                "0001101101": 1,
                "0111101000": 1,
                "1111101010": 1,
                "0010100000": 1,
                "0111000010": 1,
                "0011000011": 1,
                "0100110001": 1,
                "1111111011": 1,
                "1001011010": 1,
                "0111001011": 1,
                "0110001011": 1,
                "1100110111": 1,
                "0011010010": 1
            },
            false,
            1.0
        ],
        [
            [
                [
                    -6,
                    -10,
                    7
                ],
                [
                    -8,
                    -7,
                    -9
                ],
                [
                    6,
                    4,
                    2
                ],
                [
                    -7,
                    -3,
                    9
                ],
                [
                    4,
                    -9,
                    -6
                ],
                [
                    -8,
                    9,
                    -6
                ],
                [
                    7,
                    1,
                    -4
                ],
                [
                    -3,
                    7,
                    9
                ],
                [
                    3,
                    -8,
                    7
                ],
                [
                    -3,
                    -2,
                    -8
                ],
                [
                    -4,
                    -6,
                    -9
                ],
                [
                    10,
                    -5,
                    -4
                ],
                [
                    -1,
                    -10,
                    8
                ],
                [
                    -7,
                    5,
                    9
                ],
                [
                    -4,
                    2,
                    -8
                ],
                [
                    -9,
                    8,
                    4
                ],
                [
                    6,
                    3,
                    -4
                ],
                [
                    1,
                    8,
                    6
                ],
                [
                    2,
                    6,
                    -10
                ],
                [
                    -1,
                    -7,
                    8
                ],
                [
                    -5,
                    -3,
                    -9
                ],
                [
                    -4,
                    2,
                    -7
                ],
                [
                    -10,
                    2,
                    -8
                ],
                [
                    -9,
                    1,
                    -2
                ],
                [
                    -7,
                    -10,
                    9
                ],
                [
                    1,
                    4,
                    -10
                ],
                [
                    5,
                    -6,
                    1
                ],
                [
                    -3,
                    -10,
                    -8
                ],
                [
                    -4,
                    -2,
                    -8
                ],
                [
                    -8,
                    -5,
                    9
                ],
                [
                    -6,
                    -4,
                    -5
                ],
                [
                    6,
                    -5,
                    -9
                ],
                [
                    10,
                    7,
                    -3
                ],
                [
                    -1,
                    9,
                    -8
                ],
                [
                    -6,
                    -5,
                    1
                ],
                [
                    -4,
                    7,
                    5
                ],
                [
                    3,
                    -9,
                    -5
                ],
                [
                    -10,
                    7,
                    -6
                ],
                [
                    -1,
                    -5,
                    -4
                ],
                [
                    5,
                    -8,
                    -9
                ],
                [
                    9,
                    -4,
                    6
                ],
                [
                    7,
                    -2,
                    -6
                ],
                [
                    -2,
                    5,
                    -3
                ],
                [
                    -7,
                    -8,
                    4
                ],
                [
                    3,
                    7,
                    -8
                ]
            ],
            "{   'fun': 0.95,\n    'jac': None,\n    'nfev': 90,\n    'nit': 2,\n    'njev': 18,\n    'x': array([2.58572359, 0.04774733, 1.62397198, 3.03999777])}",
            {
                "0010101101": 1,
                "1110101001": 1,
                "0001010010": 1,
                "1000101010": 1,
                "0110011101": 1,
                "1010101111": 1,
                "0000000011": 1,
                "1000001011": 1,
                "0010000101": 1,
                "0101110010": 1,
                "1100100110": 1,
                "1001111011": 1,
                "1111001010": 1,
                "0111011110": 1,
                "0100010000": 1,
                "0100110100": 1,
                "1101110000": 1,
                "1101101110": 1,
                "0111000000": 1,
                "0011101101": 1,
                "1010010110": 1,
                "1111010101": 1,
                "0100101110": 1,
                "0011100011": 1,
                "0101011101": 1,
                "0000011010": 1,
                "1010001110": 1,
                "0101011111": 2,
                "0011001100": 1,
                "0000100110": 2,
                "0111001001": 1,
                "0101001100": 1,
                "1000110011": 1,
                "1000000000": 1,
                "1000101011": 1,
                "0101101101": 1,
                "1110110110": 1,
                "0001100000": 1,
                "0100011001": 1,
                "0100101011": 1,
                "1000101111": 1,
                "0000110001": 1,
                "0111100001": 1,
                "1110111101": 1,
                "0100111001": 1,
                "1010001101": 3,
                "0101001010": 1,
                "1111110100": 1,
                "0000011111": 1,
                "0100001011": 1,
                "1110000110": 1,
                "0000001010": 1,
                "0101000001": 1,
                "1010111111": 1,
                "0010000001": 1,
                "0001100001": 1,
                "1110100011": 1,
                "0100001000": 1,
                "0101000111": 1,
                "1101100001": 1,
                "1110010001": 1,
                "1000111011": 1,
                "1001000100": 1,
                "0011111101": 1,
                "1011000011": 1,
                "1010100011": 1,
                "0010000100": 1,
                "1101100010": 1,
                "0011011010": 1,
                "0010011101": 1,
                "1001010111": 1,
                "1011000111": 1,
                "1010010111": 1,
                "0101010100": 1,
                "0110111111": 1,
                "1100011001": 2,
                "1001110011": 1,
                "0001001010": 1,
                "0000010111": 1,
                "1110010101": 1,
                "1110110100": 1,
                "1010111010": 1,
                "1111000001": 1,
                "0010110011": 1,
                "0010110010": 1,
                "0000100001": 3,
                "0000000101": 1,
                "1111000000": 1,
                "0110000100": 1,
                "0010100001": 1,
                "1000100000": 1,
                "1001101100": 1,
                "0001111110": 1
            },
            true,
            0.88
        ],
        [
            [
                [
                    -3,
                    2,
                    -1
                ],
                [
                    5,
                    7,
                    1
                ],
                [
                    -7,
                    9,
                    -4
                ],
                [
                    -5,
                    9,
                    4
                ],
                [
                    10,
                    5,
                    -4
                ],
                [
                    1,
                    -10,
                    -8
                ],
                [
                    -6,
                    7,
                    -5
                ],
                [
                    -6,
                    10,
                    5
                ],
                [
                    5,
                    -3,
                    -1
                ],
                [
                    6,
                    8,
                    9
                ],
                [
                    10,
                    3,
                    6
                ],
                [
                    2,
                    4,
                    6
                ],
                [
                    -10,
                    -1,
                    7
                ],
                [
                    8,
                    6,
                    -2
                ],
                [
                    5,
                    10,
                    6
                ],
                [
                    -4,
                    -1,
                    2
                ],
                [
                    5,
                    -1,
                    8
                ],
                [
                    -10,
                    4,
                    7
                ],
                [
                    -10,
                    9,
                    -6
                ],
                [
                    4,
                    2,
                    1
                ],
                [
                    -5,
                    -10,
                    -9
                ],
                [
                    -4,
                    -6,
                    3
                ],
                [
                    -9,
                    8,
                    4
                ],
                [
                    -9,
                    10,
                    6
                ],
                [
                    9,
                    3,
                    7
                ],
                [
                    5,
                    -8,
                    7
                ],
                [
                    -4,
                    -6,
                    -3
                ],
                [
                    7,
                    -1,
                    4
                ],
                [
                    -1,
                    9,
                    5
                ],
                [
                    -1,
                    5,
                    -4
                ],
                [
                    -9,
                    -1,
                    -7
                ],
                [
                    -8,
                    9,
                    -10
                ],
                [
                    -7,
                    -5,
                    -6
                ],
                [
                    -5,
                    6,
                    -4
                ],
                [
                    6,
                    -8,
                    -5
                ],
                [
                    -4,
                    6,
                    7
                ],
                [
                    -5,
                    3,
                    -7
                ],
                [
                    -9,
                    8,
                    4
                ],
                [
                    4,
                    -7,
                    -5
                ],
                [
                    6,
                    2,
                    3
                ],
                [
                    7,
                    1,
                    -9
                ],
                [
                    -9,
                    4,
                    -10
                ],
                [
                    -6,
                    3,
                    10
                ],
                [
                    -9,
                    -6,
                    4
                ],
                [
                    5,
                    9,
                    -4
                ]
            ],
            "{   'fun': 0.97,\n    'jac': None,\n    'nfev': 105,\n    'nit': 0,\n    'njev': 21,\n    'x': array([0.48383555, 1.06155082, 2.31572148, 2.38593535])}",
            {
                "0010101110": 1,
                "0111101010": 2,
                "1110100100": 1,
                "0001001101": 1,
                "1101001100": 1,
                "1110000111": 1,
                "0110101100": 1,
                "0100101000": 1,
                "0110011101": 1,
                "1110111001": 1,
                "1010011100": 1,
                "0011101011": 1,
                "1100111001": 1,
                "0101001110": 1,
                "0110111010": 1,
                "1110111110": 1,
                "0100001110": 1,
                "1111010001": 1,
                "1010001111": 1,
                "1111110110": 1,
                "0000110101": 1,
                "0010000000": 1,
                "1011010110": 1,
                "1100010101": 1,
                "1111010111": 1,
                "1001111101": 1,
                "1010010001": 1,
                "1110010000": 1,
                "1100110010": 1,
                "1010010100": 1,
                "0011010011": 1,
                "1111011100": 1,
                "0111001100": 1,
                "1001110111": 1,
                "0101100101": 1,
                "0011111110": 1,
                "1111001011": 1,
                "1101001001": 1,
                "1011111100": 1,
                "0111000101": 1,
                "1001000001": 1,
                "0101110010": 1,
                "1010100100": 1,
                "0011000010": 1,
                "0110000001": 1,
                "0111110101": 1,
                "0001100111": 1,
                "0111011111": 1,
                "1100011110": 1,
                "1011100110": 1,
                "0100110011": 1,
                "0101110100": 1,
                "1110000100": 1,
                "0110000111": 1,
                "1010000000": 1,
                "0000101101": 1,
                "0010001110": 2,
                "0111000110": 1,
                "0100011110": 1,
                "1111001000": 1,
                "1011011110": 1,
                "1010011000": 1,
                "1011001001": 1,
                "1101100101": 1,
                "1011101111": 1,
                "0000010100": 2,
                "0001110110": 1,
                "1101100000": 1,
                "0101010001": 1,
                "1101101100": 1,
                "0100100010": 1,
                "0110101111": 1,
                "1000000111": 1,
                "0001110011": 1,
                "0100011001": 1,
                "0001100011": 1,
                "1000110010": 1,
                "1101000111": 1,
                "1011011100": 1,
                "0001101001": 1,
                "1101101010": 1,
                "1100010001": 1,
                "0001111011": 1,
                "0010011010": 1,
                "0111011101": 1,
                "1111101101": 1,
                "1010001001": 1,
                "0000101100": 1,
                "1000001000": 1,
                "1000010001": 1,
                "0001110000": 1,
                "0010111110": 1,
                "1100101011": 1,
                "0010111101": 1,
                "0111010001": 1,
                "0011100010": 1,
                "0001100001": 1
            },
            true,
            0.97
        ],
        [
            [
                [
                    -1,
                    3,
                    10
                ],
                [
                    -10,
                    -4,
                    -2
                ],
                [
                    -5,
                    -1,
                    -8
                ],
                [
                    -9,
                    -10,
                    -2
                ],
                [
                    7,
                    8,
                    -5
                ],
                [
                    -8,
                    -6,
                    -10
                ],
                [
                    8,
                    7,
                    -6
                ],
                [
                    10,
                    -7,
                    -8
                ],
                [
                    -1,
                    8,
                    6
                ],
                [
                    4,
                    5,
                    7
                ],
                [
                    5,
                    -3,
                    7
                ],
                [
                    -3,
                    8,
                    -10
                ],
                [
                    -5,
                    2,
                    -7
                ],
                [
                    -9,
                    -2,
                    6
                ],
                [
                    8,
                    10,
                    1
                ],
                [
                    3,
                    -1,
                    -7
                ],
                [
                    7,
                    -6,
                    -5
                ],
                [
                    -4,
                    -8,
                    10
                ],
                [
                    7,
                    5,
                    3
                ],
                [
                    -3,
                    -1,
                    -5
                ],
                [
                    -10,
                    -2,
                    -8
                ],
                [
                    -10,
                    -1,
                    6
                ],
                [
                    -8,
                    3,
                    -2
                ],
                [
                    3,
                    9,
                    6
                ],
                [
                    4,
                    7,
                    1
                ],
                [
                    -2,
                    -8,
                    -10
                ],
                [
                    -4,
                    -1,
                    -9
                ],
                [
                    6,
                    9,
                    -8
                ],
                [
                    10,
                    -4,
                    -8
                ],
                [
                    5,
                    4,
                    -7
                ],
                [
                    -2,
                    3,
                    -4
                ],
                [
                    -8,
                    7,
                    9
                ],
                [
                    -7,
                    -8,
                    -9
                ],
                [
                    10,
                    -5,
                    -1
                ],
                [
                    -4,
                    2,
                    -5
                ],
                [
                    5,
                    -9,
                    3
                ],
                [
                    4,
                    6,
                    -7
                ],
                [
                    3,
                    2,
                    4
                ],
                [
                    -5,
                    6,
                    -7
                ],
                [
                    4,
                    -1,
                    -6
                ],
                [
                    -9,
                    -10,
                    -8
                ],
                [
                    6,
                    3,
                    2
                ],
                [
                    -6,
                    -1,
                    -9
                ],
                [
                    -2,
                    3,
                    -7
                ],
                [
                    -9,
                    -4,
                    -1
                ]
            ],
            "{   'fun': 1.0,\n    'jac': None,\n    'nfev': 105,\n    'nit': 1,\n    'njev': 21,\n    'x': array([0.52740253, 0.17713412, 0.19211646, 0.02383559])}",
            {
                "0011101011": 1,
                "1100101000": 1,
                "0011111100": 1,
                "1100000000": 1,
                "0101000111": 1,
                "1011100010": 1,
                "1110010110": 1,
                "0000101101": 1,
                "0111111001": 1,
                "1111100001": 1,
                "0001001110": 1,
                "1011010010": 1,
                "0011101111": 1,
                "0111010110": 1,
                "1000101001": 1,
                "0111000000": 1,
                "0010110000": 1,
                "0111000010": 1,
                "1000101011": 1,
                "0110001000": 1,
                "1101100111": 1,
                "1000010111": 1,
                "0000111000": 1,
                "1111010101": 1,
                "0110111101": 1,
                "0010110011": 1,
                "1011010100": 1,
                "1111000011": 1,
                "0100010010": 1,
                "1000000100": 1,
                "1111101111": 2,
                "1000011111": 1,
                "1000011100": 1,
                "0010110111": 1,
                "1111101000": 1,
                "1000011101": 1,
                "0100101100": 1,
                "1001001011": 1,
                "0100100101": 1,
                "1101111001": 1,
                "1101011001": 1,
                "1100101111": 1,
                "0110001010": 1,
                "1000100011": 1,
                "1011110011": 1,
                "1100011011": 2,
                "1100000001": 1,
                "1110100111": 1,
                "0010010000": 2,
                "0100100100": 1,
                "1111001010": 1,
                "0001001010": 1,
                "0111111111": 2,
                "0111100110": 1,
                "0000001000": 1,
                "1000010010": 1,
                "1101110110": 1,
                "0010101110": 1,
                "1000110101": 1,
                "0001000101": 1,
                "1100000010": 1,
                "0000100000": 1,
                "1111001101": 1,
                "1001010010": 1,
                "0011100100": 1,
                "0011101101": 1,
                "1000111110": 1,
                "0110000011": 1,
                "0111001010": 1,
                "0001011010": 1,
                "1000100010": 1,
                "0000000100": 1,
                "1001100111": 1,
                "0000010100": 1,
                "0011110100": 1,
                "0111100001": 1,
                "1111010000": 1,
                "1111000010": 1,
                "1111001100": 1,
                "1011100101": 1,
                "0001000110": 1,
                "1000110110": 1,
                "0010101001": 1,
                "1010110100": 1,
                "0001101101": 1,
                "0111101000": 1,
                "1010111001": 1,
                "1110100101": 1,
                "0110100100": 1,
                "0001101001": 1,
                "1000110001": 1,
                "0010110001": 1,
                "0101100100": 1,
                "1000111011": 1,
                "1011001000": 1,
                "0000101001": 1
            },
            false,
            0.96
        ]
    ]
}