{
    "n": 10,
    "m": 45,
    "results": [
        [
            [
                [
                    -8,
                    -3,
                    -4
                ],
                [
                    9,
                    3,
                    -10
                ],
                [
                    4,
                    -6,
                    3
                ],
                [
                    3,
                    -10,
                    5
                ],
                [
                    -10,
                    5,
                    -3
                ],
                [
                    -8,
                    6,
                    9
                ],
                [
                    -4,
                    -1,
                    9
                ],
                [
                    -9,
                    3,
                    -2
                ],
                [
                    1,
                    4,
                    7
                ],
                [
                    2,
                    3,
                    -7
                ],
                [
                    -5,
                    3,
                    4
                ],
                [
                    -5,
                    -9,
                    3
                ],
                [
                    -10,
                    -9,
                    3
                ],
                [
                    -1,
                    6,
                    -7
                ],
                [
                    -8,
                    -3,
                    -10
                ],
                [
                    10,
                    -5,
                    -4
                ],
                [
                    -2,
                    -10,
                    -8
                ],
                [
                    -9,
                    1,
                    7
                ],
                [
                    5,
                    -3,
                    -10
                ],
                [
                    7,
                    -6,
                    -10
                ],
                [
                    3,
                    7,
                    5
                ],
                [
                    -3,
                    4,
                    8
                ],
                [
                    -4,
                    -9,
                    3
                ],
                [
                    6,
                    8,
                    -9
                ],
                [
                    -6,
                    -5,
                    -9
                ],
                [
                    4,
                    -9,
                    1
                ],
                [
                    8,
                    -6,
                    7
                ],
                [
                    7,
                    6,
                    -10
                ],
                [
                    5,
                    4,
                    -3
                ],
                [
                    3,
                    4,
                    10
                ],
                [
                    7,
                    -5,
                    3
                ],
                [
                    10,
                    6,
                    -4
                ],
                [
                    8,
                    -1,
                    10
                ],
                [
                    4,
                    10,
                    5
                ],
                [
                    -6,
                    -8,
                    3
                ],
                [
                    6,
                    -4,
                    8
                ],
                [
                    -8,
                    -6,
                    10
                ],
                [
                    2,
                    10,
                    6
                ],
                [
                    -5,
                    -10,
                    7
                ],
                [
                    -1,
                    -5,
                    4
                ],
                [
                    -5,
                    8,
                    -3
                ],
                [
                    -9,
                    8,
                    3
                ],
                [
                    -5,
                    8,
                    4
                ],
                [
                    -1,
                    -5,
                    4
                ],
                [
                    3,
                    -6,
                    -9
                ]
            ],
            "{   'fun': 0.96,\n    'jac': None,\n    'nfev': 105,\n    'nit': 0,\n    'njev': 21,\n    'x': array([0.07271878, 0.08518428, 2.49748869, 0.8393808 ])}",
            {
                "0101111110": 1,
                "0001111010": 1,
                "1010010111": 1,
                "1010100011": 1,
                "0101010011": 1,
                "1100101010": 1,
                "1000001010": 1,
                "1011101110": 1,
                "0100000010": 1,
                "0011011011": 1,
                "1010111110": 1,
                "0010001011": 1,
                "0010111000": 1,
                "0110010101": 1,
                "1110001110": 1,
                "1010000001": 1,
                "1010001101": 1,
                "1000011011": 1,
                "1100101011": 2,
                "1000101011": 1,
                "0010000010": 1,
                "0110100111": 1,
                "0011011010": 1,
                "0001011100": 1,
                "1011100110": 1,
                "1110101010": 1,
                "0010011000": 1,
                "1110010010": 1,
                "0011010110": 1,
                "0011000001": 2,
                "1101110100": 1,
                "1110100001": 2,
                "0000111110": 1,
                "0101101100": 3,
                "0001101010": 1,
                "1100000111": 1,
                "1010010110": 1,
                "0100101011": 1,
                "1001100011": 1,
                "1011001010": 1,
                "0100000100": 1,
                "1000100001": 1,
                "0010110101": 1,
                "1100010111": 1,
                "1111001011": 1,
                "1111001010": 1,
                "0101001001": 1,
                "1100000011": 1,
                "0110111011": 1,
                "0001100011": 1,
                "0101000110": 1,
                "0100000011": 1,
                "1001001111": 1,
                "1101111111": 1,
                "1101100001": 1,
                "1011110010": 1,
                "1011001001": 2,
                "1101100111": 1,
                "0000011101": 1,
                "1101010010": 1,
                "0001001000": 1,
                "1100110010": 1,
                "0011010011": 1,
                "0111011001": 1,
                "0010100110": 1,
                "0000001011": 1,
                "1111101000": 1,
                "0001010100": 1,
                "0110000011": 1,
                "0110100001": 1,
                "1000001101": 1,
                "1010110100": 1,
                "0001100110": 1,
                "1100100110": 1,
                "1101001101": 2,
                "1001100100": 1,
                "1110110000": 2,
                "1010101100": 1,
                "1110011010": 2,
                "0001111011": 1,
                "1111111011": 1,
                "0001111001": 1,
                "1001001100": 1,
                "0100111000": 1,
                "1011100100": 1,
                "0001001001": 1,
                "0101101111": 1,
                "1010011000": 1,
                "0100011101": 1,
                "1101101000": 1,
                "1110001010": 1
            },
            true,
            0.9
        ],
        [
            [
                [
                    -7,
                    4,
                    8
                ],
                [
                    -2,
                    1,
                    9
                ],
                [
                    -4,
                    -8,
                    6
                ],
                [
                    -8,
                    -4,
                    3
                ],
                [
                    10,
                    3,
                    -9
                ],
                [
                    10,
                    4,
                    8
                ],
                [
                    -5,
                    3,
                    6
                ],
                [
                    2,
                    -4,
                    -5
                ],
                [
                    4,
                    -3,
                    -7
                ],
                [
                    3,
                    6,
                    8
                ],
                [
                    -3,
                    -4,
                    -2
                ],
                [
                    -3,
                    5,
                    9
                ],
                [
                    10,
                    6,
                    -4
                ],
                [
                    1,
                    -10,
                    -5
                ],
                [
                    -5,
                    -8,
                    -9
                ],
                [
                    -8,
                    6,
                    3
                ],
                [
                    -9,
                    -3,
                    -7
                ],
                [
                    -3,
                    8,
                    9
                ],
                [
                    -4,
                    -6,
                    8
                ],
                [
                    9,
                    -3,
                    6
                ],
                [
                    -2,
                    -3,
                    -8
                ],
                [
                    2,
                    -7,
                    -3
                ],
                [
                    -9,
                    -2,
                    -7
                ],
                [
                    6,
                    5,
                    -3
                ],
                [
                    6,
                    -3,
                    9
                ],
                [
                    -2,
                    6,
                    10
                ],
                [
                    -5,
                    6,
                    -4
                ],
                [
                    -8,
                    2,
                    -4
                ],
                [
                    -4,
                    -7,
                    3
                ],
                [
                    4,
                    -2,
                    -1
                ],
                [
                    -5,
                    8,
                    -1
                ],
                [
                    -8,
                    3,
                    -9
                ],
                [
                    -5,
                    6,
                    -1
                ],
                [
                    7,
                    -2,
                    -6
                ],
                [
                    -10,
                    -9,
                    2
                ],
                [
                    5,
                    -10,
                    7
                ],
                [
                    -7,
                    2,
                    -5
                ],
                [
                    -5,
                    9,
                    7
                ],
                [
                    -1,
                    -9,
                    -5
                ],
                [
                    5,
                    -7,
                    -6
                ],
                [
                    -5,
                    -8,
                    1
                ],
                [
                    1,
                    -3,
                    6
                ],
                [
                    -3,
                    -1,
                    -2
                ],
                [
                    10,
                    -9,
                    -6
                ],
                [
                    3,
                    -5,
                    -6
                ]
            ],
            "{   'fun': 0.98,\n    'jac': None,\n    'nfev': 105,\n    'nit': 2,\n    'njev': 21,\n    'x': array([1.76215289, 1.68291422, 2.48651419, 2.64260122])}",
            {
                "0011110011": 1,
                "1100101100": 1,
                "0001101000": 1,
                "1100100110": 1,
                "1000100000": 1,
                "1111010101": 1,
                "0010000101": 1,
                "1111101011": 1,
                "0110001100": 1,
                "1100010100": 1,
                "0110001111": 1,
                "0000100110": 1,
                "1010000101": 1,
                "1100110010": 1,
                "1000000100": 1,
                "1101110000": 1,
                "1000111011": 1,
                "1111101110": 1,
                "0000101011": 1,
                "0010010101": 1,
                "1100110000": 1,
                "0010110010": 1,
                "0000001011": 1,
                "0001001001": 1,
                "0101100011": 1,
                "1100101001": 1,
                "1111011111": 1,
                "0001110101": 1,
                "0000000101": 1,
                "1001100001": 1,
                "1000010101": 1,
                "0101101110": 1,
                "0110101011": 1,
                "0111100111": 1,
                "0111100000": 1,
                "1100101110": 1,
                "1011110111": 1,
                "0011000100": 1,
                "1010000110": 1,
                "1101111010": 1,
                "0110001011": 1,
                "0001100010": 1,
                "1111011110": 1,
                "0010010000": 1,
                "1001111100": 1,
                "1110011010": 1,
                "1010101100": 1,
                "0101111101": 1,
                "1010001000": 1,
                "1010111000": 1,
                "0100011111": 1,
                "0001101011": 1,
                "1001110001": 1,
                "1101101010": 1,
                "0010100101": 1,
                "0110010010": 1,
                "0110000110": 1,
                "0010101000": 1,
                "0100011001": 1,
                "0000001101": 1,
                "0011101110": 1,
                "1110110101": 1,
                "0100101011": 2,
                "0101100110": 1,
                "0100001011": 2,
                "1111000011": 1,
                "1110001111": 1,
                "1000010111": 1,
                "0111000111": 1,
                "0101010110": 1,
                "0011000110": 1,
                "0111001000": 1,
                "0000011111": 1,
                "0111010101": 1,
                "1111110100": 1,
                "1101011101": 1,
                "0100001101": 2,
                "0000100111": 1,
                "1110100011": 1,
                "1101001000": 1,
                "1100111001": 1,
                "0110010001": 1,
                "1100001011": 1,
                "0111111111": 1,
                "1110111010": 1,
                "0111001110": 1,
                "1111100111": 1,
                "1110011000": 1,
                "0110100001": 1,
                "1000011111": 1,
                "0010100000": 1,
                "0110000000": 1,
                "1111001010": 1,
                "0110110011": 1,
                "0010011100": 1,
                "1001101011": 1,
                "1100000100": 1
            },
            true,
            0.94
        ],
        [
            [
                [
                    -1,
                    -5,
                    -8
                ],
                [
                    10,
                    3,
                    -9
                ],
                [
                    3,
                    -2,
                    7
                ],
                [
                    8,
                    -7,
                    -1
                ],
                [
                    -1,
                    -6,
                    -10
                ],
                [
                    -4,
                    2,
                    -1
                ],
                [
                    -7,
                    10,
                    -8
                ],
                [
                    2,
                    -8,
                    3
                ],
                [
                    -9,
                    8,
                    -10
                ],
                [
                    -1,
                    10,
                    8
                ],
                [
                    6,
                    -8,
                    -4
                ],
                [
                    4,
                    -2,
                    -7
                ],
                [
                    -3,
                    -9,
                    -8
                ],
                [
                    5,
                    1,
                    -4
                ],
                [
                    -5,
                    10,
                    -3
                ],
                [
                    -7,
                    -2,
                    5
                ],
                [
                    -1,
                    10,
                    -8
                ],
                [
                    -3,
                    -10,
                    -2
                ],
                [
                    -2,
                    -9,
                    -10
                ],
                [
                    -4,
                    -7,
                    9
                ],
                [
                    -3,
                    -2,
                    -8
                ],
                [
                    2,
                    6,
                    -7
                ],
                [
                    -3,
                    -1,
                    7
                ],
                [
                    -4,
                    6,
                    1
                ],
                [
                    -7,
                    3,
                    -4
                ],
                [
                    2,
                    1,
                    -3
                ],
                [
                    -2,
                    5,
                    9
                ],
                [
                    7,
                    10,
                    -6
                ],
                [
                    -3,
                    -10,
                    1
                ],
                [
                    -2,
                    -10,
                    5
                ],
                [
                    2,
                    4,
                    10
                ],
                [
                    -4,
                    -10,
                    2
                ],
                [
                    7,
                    2,
                    -4
                ],
                [
                    -1,
                    -4,
                    5
                ],
                [
                    -9,
                    -4,
                    -8
                ],
                [
                    8,
                    -2,
                    -5
                ],
                [
                    -1,
                    2,
                    6
                ],
                [
                    4,
                    5,
                    -7
                ],
                [
                    4,
                    -10,
                    -9
                ],
                [
                    4,
                    -3,
                    -6
                ],
                [
                    -3,
                    -8,
                    7
                ],
                [
                    -1,
                    6,
                    5
                ],
                [
                    -6,
                    5,
                    -2
                ],
                [
                    -2,
                    -9,
                    1
                ],
                [
                    -9,
                    -5,
                    4
                ]
            ],
            "{   'fun': 0.84,\n    'jac': None,\n    'nfev': 105,\n    'nit': 0,\n    'njev': 21,\n    'x': array([2.58572401, 0.04774246, 1.62396976, 3.0400057 ])}",
            {
                "0111001001": 1,
                "1101100111": 1,
                "1010110001": 1,
                "1010011110": 1,
                "0111001011": 1,
                "0110010000": 1,
                "1110000110": 1,
                "1011001111": 1,
                "1000110111": 1,
                "0111111100": 1,
                "0000110100": 1,
                "0101111100": 1,
                "1100101001": 1,
                "0101110111": 1,
                "0110000000": 1,
                "0111010010": 1,
                "1010000011": 1,
                "1000100010": 1,
                "1010101010": 3,
                "1110010001": 1,
                "0101111000": 1,
                "0011101110": 1,
                "0100000001": 1,
                "1001001000": 1,
                "1111011100": 1,
                "1101101001": 1,
                "1110011111": 1,
                "1001010110": 1,
                "1111101100": 1,
                "1000101001": 1,
                "1000000110": 1,
                "0111110100": 1,
                "0011110001": 2,
                "0000000110": 1,
                "0000101111": 1,
                "1101110110": 1,
                "1000100000": 1,
                "1101111011": 1,
                "0010111010": 2,
                "0000001011": 1,
                "0001001100": 1,
                "0110010101": 1,
                "1011110100": 1,
                "1110000101": 1,
                "0110010100": 1,
                "0111111111": 1,
                "1010010111": 1,
                "1100010010": 1,
                "1101000010": 1,
                "1000010000": 4,
                "0000011001": 1,
                "0000011110": 1,
                "0000000000": 1,
                "0111101110": 1,
                "0111111010": 2,
                "0101001001": 1,
                "0001111100": 1,
                "0001111111": 1,
                "0100000011": 1,
                "0001101101": 1,
                "0111111001": 1,
                "0010101001": 1,
                "1000000001": 1,
                "0011000101": 1,
                "0011010001": 1,
                "0110011010": 1,
                "0100011111": 1,
                "1001001100": 1,
                "0101101010": 2,
                "0110111011": 1,
                "0001010101": 1,
                "1110011011": 1,
                "1010010010": 1,
                "1110011110": 1,
                "1111010011": 1,
                "0110110001": 1,
                "0011110010": 1,
                "1110000011": 1,
                "0010010100": 1,
                "1100100101": 1,
                "0100001010": 1,
                "1010010001": 1,
                "1000111101": 1,
                "1011110110": 1,
                "1101010000": 1,
                "0001100100": 1,
                "0010100111": 1,
                "1000110000": 1,
                "0011000100": 1,
                "0011110000": 1,
                "0000101110": 1
            },
            true,
            0.82
        ],
        [
            [
                [
                    -9,
                    -7,
                    6
                ],
                [
                    -4,
                    3,
                    -5
                ],
                [
                    9,
                    -1,
                    -6
                ],
                [
                    -3,
                    9,
                    -10
                ],
                [
                    -5,
                    8,
                    -9
                ],
                [
                    -6,
                    -3,
                    -8
                ],
                [
                    8,
                    3,
                    -7
                ],
                [
                    8,
                    9,
                    10
                ],
                [
                    6,
                    -4,
                    2
                ],
                [
                    4,
                    -10,
                    9
                ],
                [
                    -6,
                    -5,
                    10
                ],
                [
                    3,
                    -6,
                    10
                ],
                [
                    8,
                    7,
                    4
                ],
                [
                    -10,
                    1,
                    -7
                ],
                [
                    -8,
                    -7,
                    2
                ],
                [
                    -7,
                    -8,
                    6
                ],
                [
                    -6,
                    -3,
                    10
                ],
                [
                    6,
                    -4,
                    -7
                ],
                [
                    9,
                    10,
                    6
                ],
                [
                    4,
                    -2,
                    10
                ],
                [
                    5,
                    -2,
                    6
                ],
                [
                    -3,
                    -4,
                    10
                ],
                [
                    -7,
                    -10,
                    6
                ],
                [
                    -6,
                    -9,
                    -7
                ],
                [
                    9,
                    6,
                    -10
                ],
                [
                    -2,
                    -6,
                    -7
                ],
                [
                    9,
                    4,
                    -5
                ],
                [
                    10,
                    7,
                    -8
                ],
                [
                    3,
                    -5,
                    -6
                ],
                [
                    4,
                    7,
                    8
                ],
                [
                    1,
                    3,
                    7
                ],
                [
                    8,
                    6,
                    -5
                ],
                [
                    5,
                    -6,
                    -4
                ],
                [
                    2,
                    -10,
                    -8
                ],
                [
                    6,
                    10,
                    -7
                ],
                [
                    -1,
                    -8,
                    -2
                ],
                [
                    -3,
                    2,
                    5
                ],
                [
                    -6,
                    2,
                    10
                ],
                [
                    -1,
                    -3,
                    8
                ],
                [
                    -7,
                    -4,
                    -2
                ],
                [
                    -1,
                    2,
                    7
                ],
                [
                    6,
                    5,
                    -3
                ],
                [
                    6,
                    -2,
                    -7
                ],
                [
                    1,
                    -3,
                    4
                ],
                [
                    -3,
                    -9,
                    8
                ]
            ],
            "{   'fun': 1.0,\n    'jac': None,\n    'nfev': 115,\n    'nit': 2,\n    'njev': 23,\n    'x': array([0.48383588, 1.06155104, 2.31572159, 2.38593568])}",
            {
                "0100100000": 1,
                "0000101001": 1,
                "1000101100": 1,
                "1000100011": 1,
                "1011101000": 1,
                "1110110001": 1,
                "1001111010": 1,
                "0011001100": 1,
                "1000110000": 1,
                "1101100011": 1,
                "0101101010": 1,
                "0110100100": 1,
                "1101010011": 1,
                "0111101001": 1,
                "1010100111": 1,
                "1000100111": 1,
                "0001001000": 1,
                "1010001110": 1,
                "1100111001": 1,
                "1111000101": 1,
                "1011001100": 1,
                "1101111101": 1,
                "1110111001": 1,
                "1001100111": 1,
                "0111010001": 1,
                "0000100101": 1,
                "1011100101": 1,
                "1111000000": 1,
                "1111100101": 2,
                "1010000100": 1,
                "1010101100": 1,
                "0011010010": 1,
                "0110000111": 2,
                "0000110001": 1,
                "1100111010": 1,
                "0100111110": 1,
                "0000100011": 1,
                "1001101110": 1,
                "1101001111": 1,
                "0100101000": 1,
                "0111111001": 1,
                "1111110101": 1,
                "1010111110": 1,
                "1111010000": 1,
                "0100111001": 1,
                "1011001010": 2,
                "0110010111": 1,
                "0001011110": 1,
                "1000001001": 1,
                "1101110001": 1,
                "0100110000": 2,
                "1010101000": 1,
                "0101000000": 1,
                "0111001000": 1,
                "0101110000": 1,
                "0000000010": 1,
                "1101011000": 1,
                "0010101111": 2,
                "0100000101": 1,
                "1101010101": 1,
                "0001111001": 1,
                "1010110000": 1,
                "1111101010": 1,
                "0010001011": 1,
                "1000011111": 1,
                "0010100000": 1,
                "1011000010": 1,
                "0010101101": 1,
                "1101011001": 1,
                "0100100111": 1,
                "0000001101": 1,
                "1011011100": 1,
                "1101000111": 1,
                "1000001111": 1,
                "0101111111": 1,
                "0000111001": 1,
                "1100010011": 1,
                "1100000110": 1,
                "0101101111": 1,
                "0001010001": 1,
                "0011101011": 1,
                "0110001000": 1,
                "0110001011": 2,
                "0010001010": 1,
                "1011010100": 1,
                "1111100000": 1,
                "0110001001": 1,
                "1001111100": 1,
                "1001011100": 1,
                "0011010111": 1,
                "0001101011": 1,
                "1011111000": 1,
                "1001101001": 1,
                "0001010101": 1
            },
            false,
            0.95
        ],
        [
            [
                [
                    1,
                    -7,
                    10
                ],
                [
                    -7,
                    5,
                    10
                ],
                [
                    -5,
                    -7,
                    2
                ],
                [
                    -1,
                    10,
                    -8
                ],
                [
                    8,
                    -5,
                    -2
                ],
                [
                    -6,
                    -4,
                    -3
                ],
                [
                    1,
                    -7,
                    -10
                ],
                [
                    2,
                    10,
                    -8
                ],
                [
                    2,
                    1,
                    7
                ],
                [
                    -4,
                    -6,
                    8
                ],
                [
                    5,
                    -1,
                    -3
                ],
                [
                    9,
                    7,
                    8
                ],
                [
                    5,
                    9,
                    -4
                ],
                [
                    10,
                    -3,
                    -9
                ],
                [
                    -5,
                    4,
                    7
                ],
                [
                    -7,
                    3,
                    4
                ],
                [
                    -2,
                    -10,
                    1
                ],
                [
                    -8,
                    -3,
                    4
                ],
                [
                    7,
                    10,
                    1
                ],
                [
                    5,
                    3,
                    4
                ],
                [
                    3,
                    -9,
                    -7
                ],
                [
                    -2,
                    8,
                    5
                ],
                [
                    -3,
                    -10,
                    -5
                ],
                [
                    -7,
                    -6,
                    2
                ],
                [
                    4,
                    10,
                    2
                ],
                [
                    -4,
                    2,
                    -1
                ],
                [
                    9,
                    -5,
                    -1
                ],
                [
                    3,
                    7,
                    -1
                ],
                [
                    -4,
                    9,
                    1
                ],
                [
                    8,
                    -2,
                    9
                ],
                [
                    -1,
                    -3,
                    -9
                ],
                [
                    9,
                    4,
                    3
                ],
                [
                    -6,
                    -7,
                    3
                ],
                [
                    1,
                    -5,
                    -10
                ],
                [
                    6,
                    -7,
                    5
                ],
                [
                    -5,
                    -2,
                    -10
                ],
                [
                    2,
                    -9,
                    -4
                ],
                [
                    -8,
                    -2,
                    3
                ],
                [
                    7,
                    -4,
                    -2
                ],
                [
                    2,
                    -9,
                    -3
                ],
                [
                    -7,
                    10,
                    -4
                ],
                [
                    -6,
                    5,
                    8
                ],
                [
                    6,
                    2,
                    10
                ],
                [
                    6,
                    8,
                    -3
                ],
                [
                    4,
                    -1,
                    -5
                ]
            ],
            "{   'fun': 1.0,\n    'jac': None,\n    'nfev': 5,\n    'nit': 0,\n    'njev': 1,\n    'x': array([0.52740253, 0.17713412, 0.19211593, 0.02383559])}",
            {
                "0000100010": 1,
                "1101111011": 1,
                "0100100011": 1,
                "1100100100": 1,
                "1101100000": 1,
                "0110110011": 1,
                "1011110000": 1,
                "1010001000": 1,
                "1110010100": 1,
                "1101111010": 1,
                "0011001001": 1,
                "1001110010": 1,
                "0000111010": 1,
                "1011111011": 1,
                "1100101111": 1,
                "1100000000": 1,
                "0000110100": 1,
                "0101010011": 1,
                "0000101001": 1,
                "0000111111": 1,
                "1101000000": 1,
                "1101001110": 1,
                "1010011001": 1,
                "0111100110": 1,
                "0110001111": 1,
                "0110011111": 1,
                "0111111001": 1,
                "0001010000": 1,
                "1001100000": 1,
                "1011110010": 1,
                "1111010100": 1,
                "0000000010": 1,
                "0011110100": 1,
                "0110000000": 1,
                "0100101011": 1,
                "0000110001": 1,
                "0011001110": 1,
                "0100110101": 1,
                "0000110000": 1,
                "1000011101": 1,
                "0110000101": 1,
                "0110101010": 1,
                "0011001111": 1,
                "0110111110": 1,
                "0100111111": 1,
                "0011001011": 1,
                "1010010111": 1,
                "0001000001": 2,
                "0111101101": 1,
                "0100011111": 1,
                "1111110000": 1,
                "1011001111": 1,
                "1010001011": 1,
                "0010000100": 1,
                "1100101101": 2,
                "0100111000": 1,
                "1100100010": 1,
                "0111010101": 1,
                "1000110110": 1,
                "0100101001": 1,
                "1100101100": 1,
                "1000001000": 1,
                "1001111000": 1,
                "1000101000": 1,
                "1010101110": 1,
                "1111111110": 1,
                "1100011110": 1,
                "0110101111": 2,
                "1110010011": 1,
                "0101010111": 1,
                "0101001011": 1,
                "1101011100": 1,
                "1011001010": 2,
                "1011000111": 1,
                "0010011110": 2,
                "1000000101": 1,
                "0010100100": 1,
                "0100011110": 1,
                "1110110000": 1,
                "0111010111": 1,
                "1110101011": 1,
                "1011001011": 2,
                "1101111001": 1,
                "0011010000": 1,
                "1010010010": 1,
                "1100011111": 1,
                "0010101000": 1,
                "0101111000": 1,
                "0110001101": 1,
                "1100001010": 1,
                "1010110101": 1,
                "0111101011": 1,
                "1111100110": 1,
                "0100010010": 1
            },
            false,
            1.0
        ]
    ]
}