{
    "n": 10,
    "m": 45,
    "results": [
        [
            [
                [
                    8,
                    -1,
                    9
                ],
                [
                    10,
                    3,
                    6
                ],
                [
                    -10,
                    -8,
                    -4
                ],
                [
                    -7,
                    -9,
                    3
                ],
                [
                    5,
                    -9,
                    10
                ],
                [
                    1,
                    8,
                    2
                ],
                [
                    6,
                    8,
                    1
                ],
                [
                    2,
                    -5,
                    -8
                ],
                [
                    4,
                    1,
                    -3
                ],
                [
                    6,
                    9,
                    7
                ],
                [
                    6,
                    -10,
                    7
                ],
                [
                    3,
                    2,
                    -8
                ],
                [
                    -3,
                    7,
                    5
                ],
                [
                    -2,
                    -7,
                    -1
                ],
                [
                    6,
                    1,
                    -4
                ],
                [
                    6,
                    -4,
                    2
                ],
                [
                    5,
                    -6,
                    9
                ],
                [
                    -1,
                    8,
                    7
                ],
                [
                    -7,
                    -8,
                    -3
                ],
                [
                    -9,
                    -2,
                    -6
                ],
                [
                    6,
                    7,
                    -3
                ],
                [
                    -1,
                    3,
                    5
                ],
                [
                    3,
                    10,
                    -4
                ],
                [
                    10,
                    6,
                    3
                ],
                [
                    4,
                    -5,
                    1
                ],
                [
                    2,
                    -10,
                    8
                ],
                [
                    -4,
                    5,
                    -10
                ],
                [
                    2,
                    -4,
                    6
                ],
                [
                    4,
                    6,
                    2
                ],
                [
                    10,
                    6,
                    8
                ],
                [
                    -2,
                    -4,
                    -8
                ],
                [
                    1,
                    -5,
                    -7
                ],
                [
                    7,
                    -1,
                    3
                ],
                [
                    4,
                    6,
                    7
                ],
                [
                    2,
                    -4,
                    8
                ],
                [
                    2,
                    9,
                    -1
                ],
                [
                    -10,
                    4,
                    -7
                ],
                [
                    4,
                    -9,
                    2
                ],
                [
                    -5,
                    -9,
                    3
                ],
                [
                    -6,
                    1,
                    9
                ],
                [
                    -3,
                    9,
                    -8
                ],
                [
                    -5,
                    -6,
                    -1
                ],
                [
                    -10,
                    -7,
                    5
                ],
                [
                    -6,
                    -9,
                    -8
                ],
                [
                    3,
                    8,
                    10
                ]
            ],
            "{   'fun': 1.0,\n    'jac': None,\n    'nfev': 5,\n    'nit': 0,\n    'njev': 1,\n    'x': array([0.07271878, 0.08518428, 2.49748869, 0.8393808 ])}",
            {
                "1010010111": 1,
                "0110110001": 1,
                "1001101110": 1,
                "0010000000": 1,
                "1001000011": 2,
                "1111000010": 1,
                "0111010001": 1,
                "1100000011": 1,
                "0101011100": 1,
                "0111101001": 1,
                "0001100110": 1,
                "1111101001": 1,
                "0100011001": 1,
                "1111100000": 1,
                "1111101101": 1,
                "0101101000": 1,
                "0011100010": 1,
                "0001010111": 1,
                "1000101110": 1,
                "1111001001": 1,
                "0100101110": 1,
                "1111110110": 1,
                "1001000000": 1,
                "0100101100": 1,
                "1111001111": 1,
                "0101100100": 1,
                "1001011001": 1,
                "1111000100": 1,
                "0010110100": 1,
                "0110100100": 1,
                "0010000011": 1,
                "1000100000": 1,
                "0000011000": 1,
                "1110000001": 1,
                "1001011101": 1,
                "0100001000": 1,
                "1000110111": 1,
                "1111011110": 1,
                "0000111010": 1,
                "1100100010": 1,
                "0111000010": 1,
                "0111000110": 1,
                "0010110011": 1,
                "0010011101": 1,
                "1101110011": 1,
                "0011000110": 1,
                "0110101110": 1,
                "0101100010": 1,
                "1000110100": 1,
                "1000010110": 2,
                "1010110001": 1,
                "0100111001": 1,
                "0010100011": 1,
                "1010100000": 1,
                "0011111010": 1,
                "0011111111": 1,
                "1111011001": 1,
                "1010011000": 1,
                "0110011111": 1,
                "1101111110": 1,
                "0111011000": 1,
                "0001110001": 1,
                "0010101010": 1,
                "0000010010": 1,
                "0000100000": 1,
                "1010010001": 1,
                "0001010011": 1,
                "1100010100": 1,
                "0010100111": 2,
                "1010001000": 1,
                "1011110000": 1,
                "0101111100": 1,
                "0101110111": 1,
                "1101111011": 1,
                "1111001110": 1,
                "1110100000": 1,
                "0100101011": 1,
                "1011010010": 1,
                "0100111110": 1,
                "0101101010": 1,
                "0110111111": 1,
                "0111011011": 1,
                "1101111111": 1,
                "0001110000": 1,
                "1110100111": 1,
                "0011111110": 2,
                "0001101000": 1,
                "0111001001": 1,
                "0100100010": 1,
                "0101010000": 1,
                "0111101101": 1,
                "0110011010": 1,
                "1010111000": 1,
                "1010101111": 1,
                "0001101101": 1,
                "1101011111": 1
            },
            false,
            1.0
        ],
        [
            [
                [
                    3,
                    5,
                    10
                ],
                [
                    2,
                    -9,
                    -10
                ],
                [
                    -8,
                    3,
                    -7
                ],
                [
                    6,
                    -8,
                    -9
                ],
                [
                    -1,
                    -3,
                    -2
                ],
                [
                    -7,
                    -5,
                    9
                ],
                [
                    -5,
                    4,
                    -3
                ],
                [
                    -1,
                    -6,
                    -2
                ],
                [
                    -4,
                    -1,
                    7
                ],
                [
                    8,
                    -3,
                    -7
                ],
                [
                    -9,
                    2,
                    -4
                ],
                [
                    -5,
                    -10,
                    -1
                ],
                [
                    10,
                    5,
                    2
                ],
                [
                    -5,
                    -10,
                    -8
                ],
                [
                    -8,
                    -2,
                    1
                ],
                [
                    8,
                    4,
                    -2
                ],
                [
                    -5,
                    -2,
                    -1
                ],
                [
                    -4,
                    9,
                    8
                ],
                [
                    -2,
                    -7,
                    8
                ],
                [
                    6,
                    4,
                    7
                ],
                [
                    -10,
                    -2,
                    -4
                ],
                [
                    -10,
                    -4,
                    -7
                ],
                [
                    7,
                    -5,
                    4
                ],
                [
                    5,
                    7,
                    -1
                ],
                [
                    2,
                    9,
                    3
                ],
                [
                    -6,
                    -1,
                    -10
                ],
                [
                    -6,
                    8,
                    -2
                ],
                [
                    -7,
                    -4,
                    5
                ],
                [
                    2,
                    -6,
                    -3
                ],
                [
                    8,
                    -4,
                    7
                ],
                [
                    9,
                    -6,
                    7
                ],
                [
                    8,
                    5,
                    -4
                ],
                [
                    -3,
                    5,
                    -1
                ],
                [
                    7,
                    8,
                    1
                ],
                [
                    -2,
                    -10,
                    -5
                ],
                [
                    7,
                    -2,
                    -10
                ],
                [
                    7,
                    -4,
                    8
                ],
                [
                    9,
                    5,
                    3
                ],
                [
                    -3,
                    7,
                    -5
                ],
                [
                    9,
                    -2,
                    -6
                ],
                [
                    -2,
                    -3,
                    5
                ],
                [
                    -4,
                    -7,
                    -1
                ],
                [
                    -7,
                    -4,
                    3
                ],
                [
                    2,
                    -7,
                    9
                ],
                [
                    -4,
                    9,
                    -6
                ]
            ],
            "{   'fun': 0.98,\n    'jac': None,\n    'nfev': 125,\n    'nit': 3,\n    'njev': 25,\n    'x': array([1.7621535 , 1.68291285, 2.48651661, 2.6426021 ])}",
            {
                "0010101111": 1,
                "1001011001": 1,
                "0001110001": 1,
                "0100101011": 1,
                "1011000111": 1,
                "1001010111": 1,
                "1000101100": 1,
                "1100001101": 1,
                "0011000011": 1,
                "1100011000": 1,
                "1101111111": 1,
                "0111110111": 1,
                "1110001100": 1,
                "1110010011": 1,
                "1111101000": 1,
                "1101101011": 1,
                "0011101111": 1,
                "1010111100": 1,
                "1111111010": 1,
                "0101010110": 1,
                "0110011000": 1,
                "1011010001": 1,
                "0000111000": 1,
                "0100100000": 1,
                "1111100101": 1,
                "0101100110": 1,
                "0010110111": 1,
                "1010001100": 2,
                "1101010100": 1,
                "0000101100": 1,
                "1011011111": 1,
                "1111110110": 1,
                "1101100010": 1,
                "1010011010": 1,
                "1000101010": 1,
                "0110101111": 1,
                "1110110100": 1,
                "1001000001": 1,
                "1110000101": 1,
                "1100001010": 1,
                "1000111001": 1,
                "1110001001": 1,
                "0011111001": 1,
                "0011000010": 1,
                "0100111011": 1,
                "0111111100": 1,
                "0110011101": 1,
                "0101010000": 3,
                "1011000000": 1,
                "0011010101": 1,
                "1111010000": 1,
                "1111110010": 1,
                "1011010011": 1,
                "1110011000": 1,
                "0110100000": 1,
                "0010011010": 1,
                "0011101001": 1,
                "1110101000": 1,
                "0101101001": 1,
                "0111101001": 1,
                "0100110100": 1,
                "1111010010": 1,
                "0101111011": 1,
                "0100011001": 1,
                "0010101000": 1,
                "1110111111": 1,
                "0000111101": 1,
                "1101001000": 1,
                "0101111101": 1,
                "1110100010": 1,
                "1000110110": 1,
                "0001000110": 1,
                "0101110000": 1,
                "0101110001": 2,
                "1111010110": 1,
                "0100100011": 1,
                "0111110011": 1,
                "1000111111": 1,
                "1111000110": 1,
                "0000111100": 1,
                "0001100011": 1,
                "0110101010": 1,
                "1010011110": 1,
                "0111100011": 1,
                "0000011011": 1,
                "0100110111": 1,
                "1011011110": 1,
                "0100001010": 1,
                "0110010010": 2,
                "1010001101": 1,
                "1000011101": 1,
                "0000010000": 1,
                "1000001111": 1,
                "1010100011": 1,
                "0101011001": 1
            },
            true,
            0.84
        ],
        [
            [
                [
                    -5,
                    4,
                    -10
                ],
                [
                    -7,
                    -9,
                    -6
                ],
                [
                    -8,
                    9,
                    -1
                ],
                [
                    4,
                    6,
                    -1
                ],
                [
                    3,
                    -6,
                    9
                ],
                [
                    -7,
                    10,
                    2
                ],
                [
                    5,
                    -4,
                    -2
                ],
                [
                    3,
                    -9,
                    10
                ],
                [
                    7,
                    2,
                    8
                ],
                [
                    -2,
                    -8,
                    9
                ],
                [
                    -1,
                    2,
                    3
                ],
                [
                    4,
                    7,
                    1
                ],
                [
                    7,
                    5,
                    10
                ],
                [
                    -5,
                    6,
                    -3
                ],
                [
                    -2,
                    -9,
                    7
                ],
                [
                    3,
                    -5,
                    -2
                ],
                [
                    1,
                    -5,
                    -4
                ],
                [
                    -3,
                    9,
                    -4
                ],
                [
                    4,
                    -3,
                    -10
                ],
                [
                    -2,
                    1,
                    8
                ],
                [
                    -6,
                    -8,
                    -7
                ],
                [
                    -10,
                    -4,
                    3
                ],
                [
                    -1,
                    10,
                    2
                ],
                [
                    8,
                    -7,
                    6
                ],
                [
                    -10,
                    7,
                    4
                ],
                [
                    8,
                    6,
                    -7
                ],
                [
                    -7,
                    -6,
                    -1
                ],
                [
                    8,
                    9,
                    6
                ],
                [
                    2,
                    6,
                    -10
                ],
                [
                    -3,
                    2,
                    -1
                ],
                [
                    7,
                    9,
                    5
                ],
                [
                    -10,
                    3,
                    5
                ],
                [
                    2,
                    -10,
                    -8
                ],
                [
                    6,
                    3,
                    -10
                ],
                [
                    3,
                    -9,
                    -1
                ],
                [
                    -2,
                    -6,
                    -10
                ],
                [
                    -9,
                    -8,
                    -2
                ],
                [
                    -5,
                    -8,
                    6
                ],
                [
                    6,
                    5,
                    -1
                ],
                [
                    4,
                    9,
                    10
                ],
                [
                    2,
                    10,
                    3
                ],
                [
                    -4,
                    -1,
                    -6
                ],
                [
                    -3,
                    7,
                    -5
                ],
                [
                    5,
                    -10,
                    -2
                ],
                [
                    9,
                    -8,
                    -10
                ]
            ],
            "{   'fun': 1.0,\n    'jac': None,\n    'nfev': 5,\n    'nit': 0,\n    'njev': 1,\n    'x': array([2.58572401, 0.04774246, 1.62396976, 3.0400057 ])}",
            {
                "1011111011": 1,
                "1001001011": 1,
                "1111010001": 1,
                "0110011101": 1,
                "1010000000": 1,
                "0000001100": 1,
                "0010000100": 1,
                "1100011010": 1,
                "0000001001": 1,
                "0010001111": 1,
                "1010100010": 1,
                "1000100110": 1,
                "0101011101": 1,
                "1011111110": 1,
                "1111010010": 1,
                "0101101110": 1,
                "0101110101": 1,
                "0101110001": 1,
                "0011111101": 1,
                "1000111010": 1,
                "1100001110": 1,
                "1100111100": 1,
                "0111110010": 1,
                "0101000001": 1,
                "1000110010": 1,
                "1100110110": 1,
                "1011101000": 1,
                "1011001000": 1,
                "1000111011": 1,
                "0011010011": 1,
                "0101111111": 1,
                "1010000001": 1,
                "1001010110": 1,
                "0000000000": 1,
                "0110100101": 1,
                "1100010101": 1,
                "1011101100": 1,
                "1000110110": 1,
                "0100101001": 1,
                "1010100001": 1,
                "1111100000": 1,
                "0000000101": 1,
                "0110010000": 1,
                "1101101111": 1,
                "0100001000": 1,
                "1001100110": 1,
                "1010101011": 1,
                "1011010001": 1,
                "0001100000": 1,
                "0011101011": 1,
                "1001011011": 1,
                "1010010111": 1,
                "0111000111": 1,
                "1111001110": 1,
                "1011001111": 1,
                "0000100000": 1,
                "1001001101": 2,
                "1011101010": 1,
                "0010001110": 1,
                "1110111000": 1,
                "1010010101": 1,
                "0011110000": 1,
                "0101101000": 1,
                "1100000101": 1,
                "0111111010": 1,
                "0101100011": 2,
                "0010011110": 1,
                "1101011010": 1,
                "1111111001": 1,
                "0000011011": 1,
                "0111010100": 1,
                "1100011001": 1,
                "0010001001": 1,
                "1100101011": 1,
                "0000100001": 1,
                "1110011011": 1,
                "1101000101": 1,
                "1110010100": 1,
                "1110000110": 1,
                "0001011100": 1,
                "1100110111": 1,
                "0100111001": 1,
                "1111010000": 1,
                "0001000010": 1,
                "1001110111": 1,
                "1111010111": 1,
                "0000111101": 1,
                "0010101101": 1,
                "0010011101": 1,
                "0101111110": 1,
                "1001110000": 1,
                "1010100111": 1,
                "0010100100": 1,
                "0110000001": 1,
                "0100001101": 1,
                "1111110110": 1,
                "0000000010": 1,
                "1000000011": 1
            },
            false,
            1.0
        ],
        [
            [
                [
                    4,
                    -8,
                    2
                ],
                [
                    -8,
                    -6,
                    1
                ],
                [
                    -8,
                    4,
                    -5
                ],
                [
                    1,
                    -2,
                    -3
                ],
                [
                    -1,
                    4,
                    8
                ],
                [
                    6,
                    -10,
                    -8
                ],
                [
                    -6,
                    -8,
                    9
                ],
                [
                    7,
                    5,
                    8
                ],
                [
                    10,
                    6,
                    -8
                ],
                [
                    -2,
                    10,
                    5
                ],
                [
                    -6,
                    10,
                    -3
                ],
                [
                    -4,
                    -6,
                    -7
                ],
                [
                    4,
                    -7,
                    -8
                ],
                [
                    -9,
                    7,
                    6
                ],
                [
                    -7,
                    1,
                    4
                ],
                [
                    -4,
                    6,
                    -9
                ],
                [
                    2,
                    -3,
                    -8
                ],
                [
                    -2,
                    3,
                    -9
                ],
                [
                    -8,
                    -5,
                    2
                ],
                [
                    -7,
                    4,
                    6
                ],
                [
                    1,
                    -3,
                    10
                ],
                [
                    -4,
                    5,
                    7
                ],
                [
                    -4,
                    5,
                    1
                ],
                [
                    -4,
                    -3,
                    9
                ],
                [
                    10,
                    9,
                    -8
                ],
                [
                    -5,
                    -6,
                    -9
                ],
                [
                    10,
                    1,
                    -5
                ],
                [
                    -8,
                    -5,
                    1
                ],
                [
                    8,
                    -6,
                    -1
                ],
                [
                    5,
                    -9,
                    6
                ],
                [
                    -9,
                    8,
                    2
                ],
                [
                    7,
                    -2,
                    3
                ],
                [
                    -6,
                    -7,
                    -2
                ],
                [
                    -7,
                    -3,
                    -5
                ],
                [
                    10,
                    3,
                    7
                ],
                [
                    -8,
                    5,
                    10
                ],
                [
                    7,
                    9,
                    -10
                ],
                [
                    1,
                    -8,
                    -7
                ],
                [
                    9,
                    -7,
                    -8
                ],
                [
                    -3,
                    7,
                    8
                ],
                [
                    -8,
                    -10,
                    -5
                ],
                [
                    -9,
                    -3,
                    -10
                ],
                [
                    -9,
                    -7,
                    -1
                ],
                [
                    -6,
                    -2,
                    -1
                ],
                [
                    -8,
                    -2,
                    10
                ]
            ],
            "{   'fun': 0.9,\n    'jac': None,\n    'nfev': 105,\n    'nit': 0,\n    'njev': 21,\n    'x': array([0.48383555, 1.06155082, 2.31572148, 2.38593535])}",
            {
                "0100001110": 1,
                "1001001011": 1,
                "0000110011": 1,
                "0101100000": 1,
                "1110000001": 1,
                "1000001011": 1,
                "0011001111": 1,
                "1010001111": 1,
                "1111110110": 1,
                "1001000000": 1,
                "0101101101": 1,
                "1100010011": 1,
                "0110101101": 1,
                "1000100010": 1,
                "0100010010": 1,
                "1001101110": 1,
                "1000111101": 1,
                "1011101011": 1,
                "1001011010": 1,
                "0000100000": 1,
                "1010010001": 1,
                "0111010000": 1,
                "0001000100": 1,
                "0010110011": 1,
                "1000011100": 1,
                "1001011001": 3,
                "1111110101": 1,
                "1110111111": 1,
                "1000110001": 1,
                "0011110111": 1,
                "1011101110": 1,
                "0111100000": 1,
                "1101000010": 1,
                "1111110010": 1,
                "0010010001": 1,
                "0100000011": 1,
                "0101000110": 1,
                "1111001001": 1,
                "0100101110": 1,
                "1010010111": 1,
                "0011011100": 1,
                "0111111000": 1,
                "1101000011": 1,
                "0101000011": 1,
                "0001111110": 1,
                "1000011010": 1,
                "1001110000": 1,
                "1010010011": 1,
                "0001011001": 1,
                "0001001001": 3,
                "1001001000": 1,
                "1011011101": 1,
                "0010011010": 1,
                "1011011000": 1,
                "1010000100": 1,
                "1001110111": 1,
                "1011000111": 1,
                "0100000100": 1,
                "0110001111": 1,
                "1001001001": 1,
                "0111010101": 1,
                "0010000111": 1,
                "1010011011": 1,
                "1111001101": 2,
                "1100111001": 1,
                "1100010101": 1,
                "0111011110": 1,
                "1000010100": 1,
                "1110101010": 1,
                "1001111001": 1,
                "1101100100": 1,
                "1010101101": 1,
                "0000001010": 1,
                "0011001011": 1,
                "1101011001": 1,
                "0100111011": 1,
                "0000110111": 1,
                "1010011101": 1,
                "0111111011": 1,
                "0110010101": 1,
                "0011011011": 1,
                "1110100111": 1,
                "0111110110": 1,
                "1100010000": 1,
                "1011010111": 1,
                "1111110011": 2,
                "0110010010": 1,
                "1100010111": 1,
                "1001011000": 1,
                "0111101110": 1,
                "0110011100": 2,
                "0101001001": 1,
                "1110111011": 1
            },
            true,
            0.8
        ],
        [
            [
                [
                    -8,
                    3,
                    7
                ],
                [
                    6,
                    -9,
                    -8
                ],
                [
                    -2,
                    -6,
                    7
                ],
                [
                    -6,
                    9,
                    -10
                ],
                [
                    9,
                    -8,
                    5
                ],
                [
                    9,
                    -4,
                    -6
                ],
                [
                    -1,
                    -2,
                    -4
                ],
                [
                    9,
                    5,
                    -1
                ],
                [
                    4,
                    -2,
                    9
                ],
                [
                    1,
                    6,
                    10
                ],
                [
                    -5,
                    -7,
                    10
                ],
                [
                    8,
                    -9,
                    1
                ],
                [
                    -3,
                    -10,
                    -6
                ],
                [
                    3,
                    4,
                    -1
                ],
                [
                    10,
                    9,
                    -5
                ],
                [
                    -8,
                    6,
                    -5
                ],
                [
                    4,
                    -9,
                    6
                ],
                [
                    -8,
                    1,
                    2
                ],
                [
                    -1,
                    3,
                    10
                ],
                [
                    -4,
                    2,
                    -8
                ],
                [
                    5,
                    7,
                    10
                ],
                [
                    -4,
                    1,
                    3
                ],
                [
                    4,
                    2,
                    -7
                ],
                [
                    3,
                    6,
                    10
                ],
                [
                    2,
                    -8,
                    -1
                ],
                [
                    7,
                    -2,
                    -8
                ],
                [
                    3,
                    -9,
                    4
                ],
                [
                    -3,
                    9,
                    -4
                ],
                [
                    -10,
                    7,
                    3
                ],
                [
                    6,
                    -3,
                    -9
                ],
                [
                    4,
                    -10,
                    5
                ],
                [
                    -3,
                    -7,
                    4
                ],
                [
                    6,
                    -7,
                    5
                ],
                [
                    -1,
                    -9,
                    8
                ],
                [
                    -1,
                    -3,
                    6
                ],
                [
                    7,
                    3,
                    10
                ],
                [
                    -6,
                    5,
                    9
                ],
                [
                    8,
                    -1,
                    3
                ],
                [
                    -9,
                    -1,
                    -3
                ],
                [
                    8,
                    -2,
                    -6
                ],
                [
                    -10,
                    -5,
                    -2
                ],
                [
                    -9,
                    -1,
                    -7
                ],
                [
                    -4,
                    -2,
                    -1
                ],
                [
                    -3,
                    6,
                    -5
                ],
                [
                    4,
                    6,
                    10
                ]
            ],
            "{   'fun': 1.0,\n    'jac': None,\n    'nfev': 5,\n    'nit': 0,\n    'njev': 1,\n    'x': array([0.52740253, 0.17713412, 0.19211593, 0.02383559])}",
            {
                "0011110111": 1,
                "1111101101": 1,
                "0110110100": 1,
                "1111010000": 1,
                "0011010010": 1,
                "0000110111": 1,
                "0111111011": 1,
                "1000010100": 1,
                "1110000000": 1,
                "0001111101": 1,
                "0101101110": 1,
                "1100000010": 1,
                "1111100010": 1,
                "0110111011": 1,
                "0111101000": 1,
                "1011110100": 1,
                "1110110111": 1,
                "1011101100": 1,
                "0000000101": 1,
                "0100111010": 1,
                "0010100101": 1,
                "0101100000": 1,
                "0100100011": 1,
                "1000111011": 1,
                "0010010000": 1,
                "1011101101": 1,
                "0001100111": 1,
                "1101010010": 1,
                "1111101011": 1,
                "1011101011": 1,
                "0010101000": 1,
                "1010100111": 1,
                "0000011111": 1,
                "1110001110": 1,
                "0101011111": 1,
                "0011110000": 3,
                "1010110101": 1,
                "1000000100": 1,
                "0001100101": 1,
                "1110111001": 1,
                "0100010100": 1,
                "0111110111": 1,
                "1001111110": 1,
                "1001001101": 1,
                "1101001010": 1,
                "1001101110": 1,
                "0101010001": 1,
                "1111110101": 1,
                "1101011010": 1,
                "1111110011": 1,
                "0010011001": 1,
                "0001010110": 1,
                "0001000001": 1,
                "1100010010": 1,
                "0111101001": 2,
                "0000100010": 1,
                "1001100110": 1,
                "0000111001": 1,
                "0110001001": 1,
                "0001000111": 1,
                "0011011001": 3,
                "1101000001": 1,
                "1100101111": 1,
                "0101100011": 1,
                "1000000001": 1,
                "0011010110": 1,
                "0110001011": 1,
                "0110111001": 1,
                "0010101110": 1,
                "1110110110": 1,
                "0001100000": 1,
                "0001101100": 1,
                "0001100001": 1,
                "1010011101": 1,
                "1110101110": 1,
                "1101111001": 1,
                "1110111111": 1,
                "0111011000": 1,
                "0010111101": 1,
                "0110110101": 1,
                "0111001100": 2,
                "0001000010": 1,
                "0011101011": 1,
                "0010000010": 1,
                "1010000101": 1,
                "1111001001": 1,
                "1001111010": 1,
                "1001111000": 1,
                "0000110100": 1,
                "0100111101": 1,
                "0110000011": 1,
                "1010110111": 1,
                "0011010000": 1,
                "0010000110": 1
            },
            false,
            1.0
        ]
    ]
}