{
    "n": 10,
    "m": 45,
    "results": [
        [
            [
                [
                    -8,
                    -3,
                    -4
                ],
                [
                    9,
                    3,
                    -10
                ],
                [
                    4,
                    -6,
                    3
                ],
                [
                    3,
                    -10,
                    5
                ],
                [
                    -10,
                    5,
                    -3
                ],
                [
                    -8,
                    6,
                    9
                ],
                [
                    -4,
                    -1,
                    9
                ],
                [
                    -9,
                    3,
                    -2
                ],
                [
                    1,
                    4,
                    7
                ],
                [
                    2,
                    3,
                    -7
                ],
                [
                    -5,
                    3,
                    4
                ],
                [
                    -5,
                    -9,
                    3
                ],
                [
                    -10,
                    -9,
                    3
                ],
                [
                    -1,
                    6,
                    -7
                ],
                [
                    -8,
                    -3,
                    -10
                ],
                [
                    10,
                    -5,
                    -4
                ],
                [
                    -2,
                    -10,
                    -8
                ],
                [
                    -9,
                    1,
                    7
                ],
                [
                    5,
                    -3,
                    -10
                ],
                [
                    7,
                    -6,
                    -10
                ],
                [
                    3,
                    7,
                    5
                ],
                [
                    -3,
                    4,
                    8
                ],
                [
                    -4,
                    -9,
                    3
                ],
                [
                    6,
                    8,
                    -9
                ],
                [
                    -6,
                    -5,
                    -9
                ],
                [
                    4,
                    -9,
                    1
                ],
                [
                    8,
                    -6,
                    7
                ],
                [
                    7,
                    6,
                    -10
                ],
                [
                    5,
                    4,
                    -3
                ],
                [
                    3,
                    4,
                    10
                ],
                [
                    7,
                    -5,
                    3
                ],
                [
                    10,
                    6,
                    -4
                ],
                [
                    8,
                    -1,
                    10
                ],
                [
                    4,
                    10,
                    5
                ],
                [
                    -6,
                    -8,
                    3
                ],
                [
                    6,
                    -4,
                    8
                ],
                [
                    -8,
                    -6,
                    10
                ],
                [
                    2,
                    10,
                    6
                ],
                [
                    -5,
                    -10,
                    7
                ],
                [
                    -1,
                    -5,
                    4
                ],
                [
                    -5,
                    8,
                    -3
                ],
                [
                    -9,
                    8,
                    3
                ],
                [
                    -5,
                    8,
                    4
                ],
                [
                    -1,
                    -5,
                    4
                ],
                [
                    3,
                    -6,
                    -9
                ]
            ],
            "{   'fun': 4.7,\n    'jac': None,\n    'nfev': 50,\n    'nit': None,\n    'njev': None,\n    'x': array([2.75457165, 0.04596545, 1.4331075 , 1.06783865])}",
            {
                "1100011111": 1,
                "0000011011": 1,
                "1100110110": 1,
                "1011111111": 1,
                "0100100110": 1,
                "0100001000": 1,
                "0011110001": 1,
                "1111000000": 1,
                "1010100000": 1,
                "1011100011": 1,
                "0001001101": 1,
                "0011011000": 1,
                "1110100000": 1,
                "1101001011": 1,
                "1110011010": 1,
                "0111111001": 1,
                "1010010011": 1,
                "0100101100": 1,
                "0111000010": 1,
                "0100010010": 1,
                "1000001011": 1,
                "1010110001": 1,
                "1100101001": 1,
                "1100011010": 1,
                "1110100100": 1,
                "0010001010": 1,
                "0110001011": 1,
                "0011110100": 1,
                "1111010110": 1,
                "1111101000": 1,
                "0001010100": 1,
                "0010100001": 1,
                "0010110011": 1,
                "1111000011": 1,
                "1001111100": 1,
                "0101111001": 1,
                "1000010001": 1,
                "0001111111": 1,
                "0000011001": 1,
                "0011111001": 2,
                "0011000000": 1,
                "0010110010": 1,
                "0101101001": 1,
                "1000000101": 1,
                "1000000011": 1,
                "0000000010": 1,
                "1111010100": 1,
                "1100111001": 1,
                "0011000111": 1,
                "1000110110": 2,
                "1010100001": 1,
                "1000010011": 1,
                "1011011100": 1,
                "1100010001": 1,
                "1100011100": 1,
                "1110011001": 1,
                "1010011100": 1,
                "0010000000": 1,
                "1011010110": 1,
                "1010110011": 1,
                "1110000100": 1,
                "0011111011": 1,
                "0011001101": 1,
                "1000011111": 1,
                "0010100000": 1,
                "0100101010": 2,
                "1100111110": 1,
                "1101101100": 1,
                "0101001100": 1,
                "1000101101": 1,
                "1010001111": 1,
                "0000111111": 1,
                "0101011010": 1,
                "1001101111": 1,
                "0110001110": 1,
                "1011111011": 1,
                "0010110101": 1,
                "0000100000": 1,
                "0101101011": 1,
                "1110101100": 1,
                "0101101010": 1,
                "0011101111": 1,
                "0010011000": 2,
                "1100101100": 1,
                "0101110001": 1,
                "1110000110": 1,
                "0110111100": 1,
                "1011011011": 1,
                "0001101111": 1,
                "1111100111": 1,
                "1010000010": 1,
                "1110110010": 1,
                "1000100001": 1,
                "1010101101": 1,
                "1110101011": 1,
                "1110111000": 1
            },
            false,
            4.7
        ],
        [
            [
                [
                    -7,
                    4,
                    8
                ],
                [
                    -2,
                    1,
                    9
                ],
                [
                    -4,
                    -8,
                    6
                ],
                [
                    -8,
                    -4,
                    3
                ],
                [
                    10,
                    3,
                    -9
                ],
                [
                    10,
                    4,
                    8
                ],
                [
                    -5,
                    3,
                    6
                ],
                [
                    2,
                    -4,
                    -5
                ],
                [
                    4,
                    -3,
                    -7
                ],
                [
                    3,
                    6,
                    8
                ],
                [
                    -3,
                    -4,
                    -2
                ],
                [
                    -3,
                    5,
                    9
                ],
                [
                    10,
                    6,
                    -4
                ],
                [
                    1,
                    -10,
                    -5
                ],
                [
                    -5,
                    -8,
                    -9
                ],
                [
                    -8,
                    6,
                    3
                ],
                [
                    -9,
                    -3,
                    -7
                ],
                [
                    -3,
                    8,
                    9
                ],
                [
                    -4,
                    -6,
                    8
                ],
                [
                    9,
                    -3,
                    6
                ],
                [
                    -2,
                    -3,
                    -8
                ],
                [
                    2,
                    -7,
                    -3
                ],
                [
                    -9,
                    -2,
                    -7
                ],
                [
                    6,
                    5,
                    -3
                ],
                [
                    6,
                    -3,
                    9
                ],
                [
                    -2,
                    6,
                    10
                ],
                [
                    -5,
                    6,
                    -4
                ],
                [
                    -8,
                    2,
                    -4
                ],
                [
                    -4,
                    -7,
                    3
                ],
                [
                    4,
                    -2,
                    -1
                ],
                [
                    -5,
                    8,
                    -1
                ],
                [
                    -8,
                    3,
                    -9
                ],
                [
                    -5,
                    6,
                    -1
                ],
                [
                    7,
                    -2,
                    -6
                ],
                [
                    -10,
                    -9,
                    2
                ],
                [
                    5,
                    -10,
                    7
                ],
                [
                    -7,
                    2,
                    -5
                ],
                [
                    -5,
                    9,
                    7
                ],
                [
                    -1,
                    -9,
                    -5
                ],
                [
                    5,
                    -7,
                    -6
                ],
                [
                    -5,
                    -8,
                    1
                ],
                [
                    1,
                    -3,
                    6
                ],
                [
                    -3,
                    -1,
                    -2
                ],
                [
                    10,
                    -9,
                    -6
                ],
                [
                    3,
                    -5,
                    -6
                ]
            ],
            "{   'fun': 2.4,\n    'jac': None,\n    'nfev': 55,\n    'nit': None,\n    'njev': None,\n    'x': array([2.65753025, 2.86459145, 0.3742279 , 1.00142248])}",
            {
                "1010010111": 1,
                "1100001001": 1,
                "0000001101": 1,
                "0100011100": 1,
                "1000000001": 2,
                "0100001001": 1,
                "0000010001": 4,
                "1010010010": 1,
                "1101001001": 1,
                "0000011101": 1,
                "1000010001": 4,
                "1100011100": 1,
                "0100010001": 2,
                "1000000111": 1,
                "1000110100": 2,
                "1100010011": 2,
                "1010000100": 1,
                "0100010011": 1,
                "1100010101": 1,
                "0010110100": 1,
                "1000010000": 1,
                "1011011101": 1,
                "0010010011": 2,
                "1111010101": 1,
                "1000001101": 2,
                "1001010001": 1,
                "1010011101": 1,
                "1100011101": 4,
                "0100000001": 1,
                "0010010010": 1,
                "0100010100": 1,
                "1000110000": 1,
                "1010100110": 1,
                "0010010110": 2,
                "0000010100": 2,
                "1010010110": 2,
                "0011010010": 2,
                "0100101100": 1,
                "0000010000": 2,
                "1000011101": 5,
                "1011000010": 1,
                "0010101001": 1,
                "1000010100": 4,
                "1110110011": 1,
                "0010000110": 1,
                "1000010010": 1,
                "0101000011": 1,
                "0000010101": 1,
                "0001010000": 2,
                "0011111100": 1,
                "0010110000": 1,
                "0110111011": 1,
                "1101100101": 1,
                "0000000000": 1,
                "0010000101": 1,
                "1000011001": 2,
                "1101011100": 1,
                "1010010100": 2,
                "0110001001": 1,
                "1000111100": 1,
                "1001010000": 2,
                "1010000011": 1,
                "0001100101": 1,
                "1010110101": 2,
                "1101010000": 1,
                "1101010001": 1,
                "0010000001": 1,
                "0101010011": 1
            },
            false,
            2.04
        ],
        [
            [
                [
                    -1,
                    -5,
                    -8
                ],
                [
                    10,
                    3,
                    -9
                ],
                [
                    3,
                    -2,
                    7
                ],
                [
                    8,
                    -7,
                    -1
                ],
                [
                    -1,
                    -6,
                    -10
                ],
                [
                    -4,
                    2,
                    -1
                ],
                [
                    -7,
                    10,
                    -8
                ],
                [
                    2,
                    -8,
                    3
                ],
                [
                    -9,
                    8,
                    -10
                ],
                [
                    -1,
                    10,
                    8
                ],
                [
                    6,
                    -8,
                    -4
                ],
                [
                    4,
                    -2,
                    -7
                ],
                [
                    -3,
                    -9,
                    -8
                ],
                [
                    5,
                    1,
                    -4
                ],
                [
                    -5,
                    10,
                    -3
                ],
                [
                    -7,
                    -2,
                    5
                ],
                [
                    -1,
                    10,
                    -8
                ],
                [
                    -3,
                    -10,
                    -2
                ],
                [
                    -2,
                    -9,
                    -10
                ],
                [
                    -4,
                    -7,
                    9
                ],
                [
                    -3,
                    -2,
                    -8
                ],
                [
                    2,
                    6,
                    -7
                ],
                [
                    -3,
                    -1,
                    7
                ],
                [
                    -4,
                    6,
                    1
                ],
                [
                    -7,
                    3,
                    -4
                ],
                [
                    2,
                    1,
                    -3
                ],
                [
                    -2,
                    5,
                    9
                ],
                [
                    7,
                    10,
                    -6
                ],
                [
                    -3,
                    -10,
                    1
                ],
                [
                    -2,
                    -10,
                    5
                ],
                [
                    2,
                    4,
                    10
                ],
                [
                    -4,
                    -10,
                    2
                ],
                [
                    7,
                    2,
                    -4
                ],
                [
                    -1,
                    -4,
                    5
                ],
                [
                    -9,
                    -4,
                    -8
                ],
                [
                    8,
                    -2,
                    -5
                ],
                [
                    -1,
                    2,
                    6
                ],
                [
                    4,
                    5,
                    -7
                ],
                [
                    4,
                    -10,
                    -9
                ],
                [
                    4,
                    -3,
                    -6
                ],
                [
                    -3,
                    -8,
                    7
                ],
                [
                    -1,
                    6,
                    5
                ],
                [
                    -6,
                    5,
                    -2
                ],
                [
                    -2,
                    -9,
                    1
                ],
                [
                    -9,
                    -5,
                    4
                ]
            ],
            "{   'fun': 2.54,\n    'jac': None,\n    'nfev': 59,\n    'nit': None,\n    'njev': None,\n    'x': array([ 1.64553847,  3.62780543,  0.21891184, -0.62456196])}",
            {
                "1000110001": 1,
                "0001111101": 1,
                "1010011001": 1,
                "1101100011": 1,
                "0000110101": 1,
                "0110101111": 1,
                "0010100111": 1,
                "0000100111": 1,
                "1100100001": 1,
                "0001111000": 1,
                "0010000000": 1,
                "0010100011": 1,
                "0000011000": 1,
                "0010011001": 1,
                "0110100011": 1,
                "1000110000": 1,
                "1000001010": 1,
                "0000100001": 4,
                "0010111101": 2,
                "1100010110": 1,
                "0110000000": 1,
                "0000110001": 4,
                "1010010101": 1,
                "0011111010": 1,
                "0001010010": 1,
                "1100010010": 2,
                "0100000010": 1,
                "0000111101": 3,
                "0000000001": 2,
                "0100000100": 1,
                "0111110000": 1,
                "1110000101": 1,
                "0101100000": 1,
                "0101100001": 1,
                "0000111000": 2,
                "0000100000": 1,
                "0001111001": 1,
                "0000110000": 8,
                "0100110101": 1,
                "0110100000": 1,
                "0100111101": 1,
                "0000110111": 2,
                "0100000000": 1,
                "0100101001": 1,
                "0101110000": 3,
                "0010010000": 1,
                "0100100100": 1,
                "1010011101": 1,
                "0101110101": 1,
                "1000111010": 1,
                "1000100001": 1,
                "1000111101": 1,
                "0001100000": 2,
                "0000111001": 3,
                "0011100001": 1,
                "1011100011": 1,
                "0100110100": 1,
                "0011010000": 1,
                "1100100100": 1,
                "0010110111": 1,
                "0011011100": 1,
                "1010010111": 1,
                "0000000101": 1,
                "0100111000": 1,
                "0110011101": 1,
                "1011100100": 1,
                "1101100001": 3,
                "0001110000": 1,
                "1110011101": 1,
                "0001000111": 1,
                "1100010000": 1,
                "0001111011": 1,
                "1101110010": 1
            },
            false,
            2.31
        ],
        [
            [
                [
                    -9,
                    -7,
                    6
                ],
                [
                    -4,
                    3,
                    -5
                ],
                [
                    9,
                    -1,
                    -6
                ],
                [
                    -3,
                    9,
                    -10
                ],
                [
                    -5,
                    8,
                    -9
                ],
                [
                    -6,
                    -3,
                    -8
                ],
                [
                    8,
                    3,
                    -7
                ],
                [
                    8,
                    9,
                    10
                ],
                [
                    6,
                    -4,
                    2
                ],
                [
                    4,
                    -10,
                    9
                ],
                [
                    -6,
                    -5,
                    10
                ],
                [
                    3,
                    -6,
                    10
                ],
                [
                    8,
                    7,
                    4
                ],
                [
                    -10,
                    1,
                    -7
                ],
                [
                    -8,
                    -7,
                    2
                ],
                [
                    -7,
                    -8,
                    6
                ],
                [
                    -6,
                    -3,
                    10
                ],
                [
                    6,
                    -4,
                    -7
                ],
                [
                    9,
                    10,
                    6
                ],
                [
                    4,
                    -2,
                    10
                ],
                [
                    5,
                    -2,
                    6
                ],
                [
                    -3,
                    -4,
                    10
                ],
                [
                    -7,
                    -10,
                    6
                ],
                [
                    -6,
                    -9,
                    -7
                ],
                [
                    9,
                    6,
                    -10
                ],
                [
                    -2,
                    -6,
                    -7
                ],
                [
                    9,
                    4,
                    -5
                ],
                [
                    10,
                    7,
                    -8
                ],
                [
                    3,
                    -5,
                    -6
                ],
                [
                    4,
                    7,
                    8
                ],
                [
                    1,
                    3,
                    7
                ],
                [
                    8,
                    6,
                    -5
                ],
                [
                    5,
                    -6,
                    -4
                ],
                [
                    2,
                    -10,
                    -8
                ],
                [
                    6,
                    10,
                    -7
                ],
                [
                    -1,
                    -8,
                    -2
                ],
                [
                    -3,
                    2,
                    5
                ],
                [
                    -6,
                    2,
                    10
                ],
                [
                    -1,
                    -3,
                    8
                ],
                [
                    -7,
                    -4,
                    -2
                ],
                [
                    -1,
                    2,
                    7
                ],
                [
                    6,
                    5,
                    -3
                ],
                [
                    6,
                    -2,
                    -7
                ],
                [
                    1,
                    -3,
                    4
                ],
                [
                    -3,
                    -9,
                    8
                ]
            ],
            "{   'fun': 3.83,\n    'jac': None,\n    'nfev': 53,\n    'nit': None,\n    'njev': None,\n    'x': array([2.60609891, 3.12302947, 0.42711212, 2.89650684])}",
            {
                "1011111000": 1,
                "0111110000": 1,
                "0101000111": 1,
                "1101110111": 1,
                "1110110111": 1,
                "1000010110": 1,
                "0111110011": 1,
                "0001001101": 1,
                "1110010111": 1,
                "0001100101": 1,
                "1000110101": 1,
                "0001010001": 1,
                "0001000010": 1,
                "0000011011": 1,
                "1100000111": 1,
                "1100110111": 2,
                "0111100011": 1,
                "0101100111": 2,
                "1100000110": 1,
                "1011110001": 1,
                "1100000011": 1,
                "0100010111": 1,
                "1101000111": 1,
                "0100100111": 1,
                "1000100010": 1,
                "0000100111": 1,
                "0111100110": 1,
                "0001000110": 1,
                "0111010101": 1,
                "1000010010": 1,
                "0110011100": 1,
                "1100011111": 1,
                "0000100110": 2,
                "1010010111": 1,
                "0001111001": 1,
                "0001110110": 1,
                "0001011011": 1,
                "1000100111": 2,
                "0000111110": 1,
                "1001111011": 1,
                "1110010101": 1,
                "1000011011": 1,
                "1101000000": 1,
                "1101100011": 1,
                "0101001010": 1,
                "0111010011": 1,
                "0101110001": 1,
                "0100110010": 1,
                "1101000001": 2,
                "1101101111": 1,
                "0011110111": 1,
                "1111110011": 1,
                "0111110001": 1,
                "1101010100": 1,
                "0101010101": 1,
                "1111010101": 1,
                "1101100101": 2,
                "0000011101": 1,
                "0101110111": 2,
                "1111100101": 1,
                "1010100111": 1,
                "1101111011": 1,
                "1001010000": 2,
                "0110110111": 1,
                "0001111000": 1,
                "1010100101": 1,
                "0111110111": 2,
                "0110110101": 1,
                "1010111011": 1,
                "1000111101": 1,
                "1101010111": 1,
                "1101000010": 1,
                "0100010101": 1,
                "0101010011": 1,
                "1000011110": 1,
                "0001101111": 1,
                "0100000110": 1,
                "0101000000": 2,
                "0011010111": 1,
                "1000010001": 1,
                "1000001000": 1,
                "0100001010": 1,
                "0101010111": 3,
                "1100000100": 1,
                "1000000111": 1,
                "0000001110": 1,
                "0111100111": 1,
                "0001000000": 1
            },
            false,
            3.22
        ],
        [
            [
                [
                    1,
                    -7,
                    10
                ],
                [
                    -7,
                    5,
                    10
                ],
                [
                    -5,
                    -7,
                    2
                ],
                [
                    -1,
                    10,
                    -8
                ],
                [
                    8,
                    -5,
                    -2
                ],
                [
                    -6,
                    -4,
                    -3
                ],
                [
                    1,
                    -7,
                    -10
                ],
                [
                    2,
                    10,
                    -8
                ],
                [
                    2,
                    1,
                    7
                ],
                [
                    -4,
                    -6,
                    8
                ],
                [
                    5,
                    -1,
                    -3
                ],
                [
                    9,
                    7,
                    8
                ],
                [
                    5,
                    9,
                    -4
                ],
                [
                    10,
                    -3,
                    -9
                ],
                [
                    -5,
                    4,
                    7
                ],
                [
                    -7,
                    3,
                    4
                ],
                [
                    -2,
                    -10,
                    1
                ],
                [
                    -8,
                    -3,
                    4
                ],
                [
                    7,
                    10,
                    1
                ],
                [
                    5,
                    3,
                    4
                ],
                [
                    3,
                    -9,
                    -7
                ],
                [
                    -2,
                    8,
                    5
                ],
                [
                    -3,
                    -10,
                    -5
                ],
                [
                    -7,
                    -6,
                    2
                ],
                [
                    4,
                    10,
                    2
                ],
                [
                    -4,
                    2,
                    -1
                ],
                [
                    9,
                    -5,
                    -1
                ],
                [
                    3,
                    7,
                    -1
                ],
                [
                    -4,
                    9,
                    1
                ],
                [
                    8,
                    -2,
                    9
                ],
                [
                    -1,
                    -3,
                    -9
                ],
                [
                    9,
                    4,
                    3
                ],
                [
                    -6,
                    -7,
                    3
                ],
                [
                    1,
                    -5,
                    -10
                ],
                [
                    6,
                    -7,
                    5
                ],
                [
                    -5,
                    -2,
                    -10
                ],
                [
                    2,
                    -9,
                    -4
                ],
                [
                    -8,
                    -2,
                    3
                ],
                [
                    7,
                    -4,
                    -2
                ],
                [
                    2,
                    -9,
                    -3
                ],
                [
                    -7,
                    10,
                    -4
                ],
                [
                    -6,
                    5,
                    8
                ],
                [
                    6,
                    2,
                    10
                ],
                [
                    6,
                    8,
                    -3
                ],
                [
                    4,
                    -1,
                    -5
                ]
            ],
            "{   'fun': 3.2,\n    'jac': None,\n    'nfev': 45,\n    'nit': None,\n    'njev': None,\n    'x': array([2.57511992, 2.83452283, 0.26143187, 0.70312707])}",
            {
                "0010001111": 1,
                "1001110101": 1,
                "1000000111": 1,
                "1101100010": 1,
                "0100110011": 2,
                "0101000011": 1,
                "0000100101": 1,
                "1101100110": 1,
                "0010010101": 1,
                "0110110110": 1,
                "0000100111": 1,
                "1001100111": 2,
                "1111001101": 1,
                "0100000010": 1,
                "1111101100": 1,
                "1110111011": 1,
                "1101110010": 1,
                "1101001011": 1,
                "0010101001": 1,
                "0010010111": 1,
                "0111110100": 1,
                "0101100110": 1,
                "1110000101": 1,
                "0100101101": 1,
                "0001110101": 1,
                "0000110011": 1,
                "0111101110": 1,
                "1001000111": 1,
                "1101101110": 1,
                "1111010101": 1,
                "1110000111": 1,
                "0000111001": 1,
                "0110010100": 2,
                "0001000111": 2,
                "1000010111": 2,
                "0101010110": 2,
                "0110001001": 1,
                "1110010101": 1,
                "0000010111": 1,
                "0110010111": 1,
                "1111101111": 1,
                "1101101111": 1,
                "1010101001": 1,
                "0100110111": 1,
                "1100010110": 1,
                "1100101011": 1,
                "1001100101": 1,
                "1111000101": 1,
                "1001101101": 1,
                "0101000111": 1,
                "0101101100": 1,
                "0110000101": 3,
                "1011000101": 1,
                "0110000111": 2,
                "0110111010": 1,
                "0000110001": 1,
                "1110010111": 1,
                "0101000110": 1,
                "1010010001": 1,
                "0110000100": 1,
                "1100010111": 2,
                "0000000011": 1,
                "0110011101": 1,
                "1010010101": 1,
                "0110100100": 1,
                "1010000101": 1,
                "0101110110": 1,
                "1101001111": 1,
                "1101101010": 1,
                "1010011101": 1,
                "1010001001": 1,
                "0101100010": 2,
                "0001000011": 1,
                "0000101001": 1,
                "0110110010": 1,
                "1010001101": 1,
                "0001100101": 2,
                "0100100010": 1,
                "1101101011": 1,
                "0010000111": 1,
                "1111110100": 1,
                "1000001101": 1,
                "1111100111": 1,
                "1011101001": 1,
                "0110010101": 2,
                "0111110000": 1,
                "1101000011": 1
            },
            false,
            3.06
        ]
    ]
}