{
    "n": 10,
    "m": 45,
    "results": [
        [
            [
                [
                    -6,
                    -7,
                    -4
                ],
                [
                    -8,
                    6,
                    9
                ],
                [
                    -6,
                    -7,
                    -4
                ],
                [
                    2,
                    -8,
                    1
                ],
                [
                    3,
                    1,
                    -9
                ],
                [
                    6,
                    -8,
                    -4
                ],
                [
                    6,
                    5,
                    4
                ],
                [
                    -1,
                    -4,
                    2
                ],
                [
                    8,
                    1,
                    4
                ],
                [
                    2,
                    9,
                    10
                ],
                [
                    -6,
                    4,
                    7
                ],
                [
                    7,
                    -2,
                    -9
                ],
                [
                    2,
                    3,
                    -10
                ],
                [
                    2,
                    1,
                    -4
                ],
                [
                    8,
                    9,
                    -3
                ],
                [
                    5,
                    -3,
                    -1
                ],
                [
                    9,
                    2,
                    4
                ],
                [
                    -2,
                    8,
                    9
                ],
                [
                    -9,
                    3,
                    4
                ],
                [
                    -6,
                    4,
                    2
                ],
                [
                    4,
                    -8,
                    5
                ],
                [
                    6,
                    8,
                    4
                ],
                [
                    -9,
                    7,
                    3
                ],
                [
                    1,
                    -8,
                    -7
                ],
                [
                    -9,
                    10,
                    -5
                ],
                [
                    -6,
                    1,
                    -7
                ],
                [
                    9,
                    2,
                    6
                ],
                [
                    2,
                    10,
                    -4
                ],
                [
                    8,
                    -5,
                    4
                ],
                [
                    -2,
                    10,
                    -3
                ],
                [
                    -7,
                    -5,
                    -9
                ],
                [
                    6,
                    -9,
                    -2
                ],
                [
                    2,
                    -1,
                    5
                ],
                [
                    8,
                    2,
                    5
                ],
                [
                    -8,
                    -4,
                    3
                ],
                [
                    -1,
                    4,
                    -7
                ],
                [
                    1,
                    6,
                    -9
                ],
                [
                    1,
                    -10,
                    8
                ],
                [
                    -3,
                    -8,
                    5
                ],
                [
                    10,
                    -1,
                    3
                ],
                [
                    -4,
                    8,
                    10
                ],
                [
                    1,
                    3,
                    7
                ],
                [
                    -9,
                    -2,
                    -4
                ],
                [
                    8,
                    6,
                    9
                ],
                [
                    -9,
                    1,
                    -10
                ]
            ],
            "{   'fun': 0.97,\n    'jac': None,\n    'nfev': 41,\n    'nit': None,\n    'njev': None,\n    'x': array([0.58366053, 0.2302828 , 2.29994165, 3.10473142])}",
            {
                "0001011111": 1,
                "1101111101": 1,
                "0111011000": 1,
                "1110011111": 1,
                "1100011110": 1,
                "1110101100": 1,
                "1110101001": 1,
                "0001000111": 1,
                "1000111010": 1,
                "1011100001": 1,
                "1010100100": 1,
                "1000100001": 1,
                "1000100000": 1,
                "1001101100": 1,
                "0111110110": 1,
                "1110100111": 1,
                "1010100011": 1,
                "0011011001": 1,
                "0010100111": 1,
                "0100000011": 1,
                "1101000101": 1,
                "0110001011": 1,
                "1101100000": 1,
                "0000101001": 1,
                "0000101111": 1,
                "1011001010": 1,
                "0101010111": 1,
                "0111001000": 1,
                "1101101101": 1,
                "1001000111": 1,
                "1110000011": 1,
                "0000011101": 1,
                "1011001111": 1,
                "1001100000": 1,
                "1001101111": 1,
                "1011000101": 1,
                "0011000100": 2,
                "0011000111": 1,
                "0010100010": 1,
                "0011111011": 1,
                "1101111010": 1,
                "0011100101": 1,
                "1101001110": 1,
                "0010101101": 1,
                "1011110000": 1,
                "1010000100": 1,
                "0011111010": 1,
                "0100000111": 1,
                "1011000110": 1,
                "0000010010": 1,
                "1110001000": 1,
                "1010100101": 1,
                "1100001100": 1,
                "0110111100": 1,
                "1101011111": 1,
                "1101001101": 1,
                "1010000111": 1,
                "1111111101": 1,
                "0111100101": 1,
                "1010101000": 1,
                "1010110101": 2,
                "0001100101": 1,
                "1100111011": 1,
                "0010110010": 2,
                "1010111110": 2,
                "1111110101": 1,
                "1110111111": 1,
                "1000110111": 1,
                "1101000111": 1,
                "0000101101": 1,
                "1011010011": 1,
                "1111000100": 1,
                "1001011001": 1,
                "1100111000": 1,
                "0100011000": 1,
                "0110110111": 1,
                "0001001010": 1,
                "1000010101": 1,
                "1010000000": 2,
                "1010010001": 1,
                "0111001011": 1,
                "0000100010": 1,
                "0101000000": 1,
                "1010010011": 1,
                "1000011000": 1,
                "1111000011": 1,
                "0001010110": 1,
                "0011010000": 1,
                "0001011011": 1,
                "0111100000": 1,
                "1011001001": 1,
                "1100111101": 1,
                "1000010001": 1,
                "1001001111": 1,
                "1001101110": 1
            },
            true,
            0.96
        ],
        [
            [
                [
                    -7,
                    -6,
                    2
                ],
                [
                    4,
                    -10,
                    7
                ],
                [
                    8,
                    -3,
                    -9
                ],
                [
                    2,
                    3,
                    9
                ],
                [
                    2,
                    -6,
                    -8
                ],
                [
                    -10,
                    -4,
                    -1
                ],
                [
                    1,
                    -2,
                    -3
                ],
                [
                    -9,
                    -3,
                    -4
                ],
                [
                    -8,
                    -7,
                    -2
                ],
                [
                    -3,
                    9,
                    -2
                ],
                [
                    7,
                    -5,
                    -2
                ],
                [
                    -3,
                    9,
                    6
                ],
                [
                    6,
                    -10,
                    -9
                ],
                [
                    3,
                    -2,
                    10
                ],
                [
                    -1,
                    7,
                    10
                ],
                [
                    -9,
                    4,
                    5
                ],
                [
                    8,
                    -7,
                    3
                ],
                [
                    2,
                    -7,
                    -4
                ],
                [
                    10,
                    8,
                    -2
                ],
                [
                    3,
                    8,
                    5
                ],
                [
                    6,
                    5,
                    9
                ],
                [
                    -4,
                    -2,
                    -7
                ],
                [
                    -3,
                    2,
                    -9
                ],
                [
                    1,
                    2,
                    3
                ],
                [
                    -8,
                    -7,
                    1
                ],
                [
                    -8,
                    -4,
                    2
                ],
                [
                    7,
                    9,
                    -4
                ],
                [
                    5,
                    7,
                    2
                ],
                [
                    -4,
                    -9,
                    -7
                ],
                [
                    8,
                    -10,
                    7
                ],
                [
                    -5,
                    6,
                    -4
                ],
                [
                    -5,
                    9,
                    10
                ],
                [
                    -5,
                    -3,
                    6
                ],
                [
                    -8,
                    -4,
                    5
                ],
                [
                    2,
                    10,
                    8
                ],
                [
                    -4,
                    9,
                    -8
                ],
                [
                    -6,
                    8,
                    -2
                ],
                [
                    -2,
                    10,
                    -7
                ],
                [
                    -1,
                    6,
                    7
                ],
                [
                    8,
                    9,
                    -10
                ],
                [
                    -8,
                    -6,
                    4
                ],
                [
                    -5,
                    -4,
                    -9
                ],
                [
                    7,
                    -10,
                    6
                ],
                [
                    -10,
                    3,
                    2
                ],
                [
                    5,
                    -4,
                    7
                ]
            ],
            "{   'fun': 1.0,\n    'jac': None,\n    'nfev': 34,\n    'nit': None,\n    'njev': None,\n    'x': array([2.91370773, 2.63092231, 0.75438046, 0.68160473])}",
            {
                "1010010000": 1,
                "0011000111": 1,
                "1010100100": 1,
                "0001100011": 1,
                "1100010111": 1,
                "0110000100": 1,
                "0100111110": 1,
                "0000101001": 1,
                "1011110010": 1,
                "0111010010": 1,
                "1100000110": 1,
                "0101001110": 1,
                "0000111101": 1,
                "0101111000": 1,
                "1001010010": 1,
                "0110110010": 1,
                "0100010010": 1,
                "0001010100": 1,
                "1000111101": 1,
                "0010110111": 1,
                "1111110101": 1,
                "0110101000": 1,
                "1001101110": 1,
                "1110111110": 1,
                "0100101111": 1,
                "1001010011": 1,
                "0001101111": 1,
                "0011001110": 1,
                "0001011000": 1,
                "1000001000": 1,
                "1100011011": 1,
                "0001001101": 1,
                "1111010100": 1,
                "0101010110": 1,
                "1000010011": 1,
                "0110100111": 1,
                "1100010000": 1,
                "1001100101": 1,
                "1000010101": 1,
                "0001001010": 1,
                "0110111000": 1,
                "1110100001": 1,
                "1010110100": 1,
                "0111111100": 1,
                "1110000011": 1,
                "1010111000": 1,
                "0101001000": 1,
                "1110100000": 1,
                "1000101111": 1,
                "1100011110": 1,
                "1111110011": 1,
                "0000100101": 1,
                "1010011001": 1,
                "1100111100": 1,
                "1101011111": 1,
                "0110101100": 1,
                "1100101111": 1,
                "1111011011": 1,
                "0011010101": 1,
                "1011000000": 2,
                "0001010000": 1,
                "0101100110": 1,
                "1010111001": 1,
                "1001001000": 1,
                "1001110001": 1,
                "0111111010": 1,
                "0111101110": 1,
                "0100010100": 1,
                "1010101000": 1,
                "1011110100": 1,
                "1101011100": 1,
                "1110100010": 1,
                "1010011011": 1,
                "0111110100": 1,
                "0000101011": 2,
                "0101000000": 1,
                "1100000010": 1,
                "0001101010": 1,
                "1101111110": 1,
                "1000111110": 1,
                "0101101011": 1,
                "1010110010": 2,
                "1011110101": 1,
                "0001100001": 1,
                "0000010101": 2,
                "0000100001": 2,
                "0011011101": 1,
                "0001111000": 1,
                "1111011001": 1,
                "1101001000": 1,
                "0010010000": 2,
                "0110000000": 1,
                "1001000011": 1,
                "0010111100": 1
            },
            false,
            0.99
        ],
        [
            [
                [
                    8,
                    -10,
                    7
                ],
                [
                    7,
                    -4,
                    9
                ],
                [
                    -9,
                    6,
                    7
                ],
                [
                    4,
                    7,
                    8
                ],
                [
                    -4,
                    -6,
                    9
                ],
                [
                    -8,
                    10,
                    -9
                ],
                [
                    6,
                    -1,
                    3
                ],
                [
                    2,
                    -8,
                    -1
                ],
                [
                    8,
                    4,
                    -6
                ],
                [
                    9,
                    3,
                    8
                ],
                [
                    -5,
                    -1,
                    -10
                ],
                [
                    6,
                    8,
                    3
                ],
                [
                    -5,
                    -10,
                    -8
                ],
                [
                    10,
                    -3,
                    1
                ],
                [
                    2,
                    3,
                    -9
                ],
                [
                    3,
                    8,
                    2
                ],
                [
                    6,
                    2,
                    5
                ],
                [
                    3,
                    6,
                    -4
                ],
                [
                    1,
                    5,
                    -3
                ],
                [
                    5,
                    8,
                    -3
                ],
                [
                    -10,
                    -9,
                    6
                ],
                [
                    -3,
                    -8,
                    4
                ],
                [
                    5,
                    -8,
                    -1
                ],
                [
                    9,
                    1,
                    -2
                ],
                [
                    7,
                    8,
                    3
                ],
                [
                    -2,
                    -1,
                    -7
                ],
                [
                    5,
                    -10,
                    1
                ],
                [
                    1,
                    2,
                    8
                ],
                [
                    5,
                    -6,
                    -8
                ],
                [
                    5,
                    -7,
                    1
                ],
                [
                    -10,
                    -6,
                    -3
                ],
                [
                    7,
                    8,
                    5
                ],
                [
                    4,
                    -2,
                    -6
                ],
                [
                    10,
                    9,
                    -3
                ],
                [
                    7,
                    -8,
                    -4
                ],
                [
                    10,
                    -8,
                    9
                ],
                [
                    3,
                    -5,
                    8
                ],
                [
                    5,
                    -7,
                    -2
                ],
                [
                    -2,
                    -7,
                    8
                ],
                [
                    7,
                    -2,
                    -1
                ],
                [
                    2,
                    1,
                    -4
                ],
                [
                    -6,
                    -4,
                    8
                ],
                [
                    -7,
                    5,
                    -10
                ],
                [
                    8,
                    4,
                    -10
                ],
                [
                    2,
                    3,
                    -10
                ]
            ],
            "{   'fun': 0.98,\n    'jac': None,\n    'nfev': 44,\n    'nit': None,\n    'njev': None,\n    'x': array([2.61301355, 3.00209887, 0.78440428, 1.25320956])}",
            {
                "1111000011": 1,
                "1110001010": 1,
                "1101011011": 1,
                "1111100011": 1,
                "1000110000": 1,
                "1100001011": 1,
                "0100100011": 1,
                "0010111011": 1,
                "1110001001": 1,
                "1110000110": 1,
                "1100100001": 1,
                "0101001011": 1,
                "1011000001": 1,
                "1001100101": 1,
                "1011001000": 1,
                "0110011101": 1,
                "0100000111": 1,
                "1110110011": 1,
                "1010011101": 1,
                "1000100101": 1,
                "0011111011": 1,
                "1111111011": 1,
                "0001111001": 2,
                "0100000110": 1,
                "1110101101": 1,
                "0110100010": 1,
                "1100101000": 1,
                "1101011111": 1,
                "1110010000": 1,
                "0000100000": 1,
                "0111010000": 1,
                "1111000101": 1,
                "0000010000": 1,
                "0001100000": 1,
                "1000111101": 1,
                "1100000000": 1,
                "0000010110": 1,
                "1110011111": 1,
                "1001011000": 1,
                "0000101001": 1,
                "0111010100": 1,
                "0011101101": 1,
                "0110101010": 1,
                "1010111110": 1,
                "1111110101": 1,
                "0101010000": 1,
                "1100010011": 1,
                "1000000010": 1,
                "1100000110": 1,
                "1110111000": 1,
                "0110001100": 1,
                "1001011001": 1,
                "1110011100": 1,
                "1111000110": 1,
                "0100011101": 1,
                "0110000001": 1,
                "1010110000": 1,
                "0000101000": 1,
                "0011111101": 1,
                "0011100101": 2,
                "1110100101": 1,
                "1011001001": 1,
                "0010100110": 1,
                "0100100001": 1,
                "0001001010": 1,
                "0111001100": 1,
                "0011001110": 1,
                "0000110011": 1,
                "0001101111": 1,
                "0001110101": 1,
                "0001010000": 1,
                "0100101000": 1,
                "1100001001": 1,
                "0010110011": 1,
                "1010000001": 1,
                "1000000100": 1,
                "1010000111": 1,
                "0110100101": 1,
                "1011001110": 1,
                "0010110111": 1,
                "0011010110": 1,
                "0110001001": 1,
                "0010111000": 1,
                "1111101010": 1,
                "1111110100": 1,
                "0100101001": 1,
                "0001000110": 2,
                "0010011000": 1,
                "0101101010": 1,
                "0110111111": 1,
                "1110110101": 1,
                "0010110100": 1,
                "1011010000": 1,
                "1010011001": 1,
                "1001101111": 1,
                "1010111011": 1,
                "0000010101": 1
            },
            true,
            0.98
        ],
        [
            [
                [
                    -7,
                    -9,
                    2
                ],
                [
                    -7,
                    6,
                    -3
                ],
                [
                    6,
                    -3,
                    8
                ],
                [
                    -8,
                    7,
                    6
                ],
                [
                    -4,
                    -6,
                    7
                ],
                [
                    10,
                    -6,
                    -7
                ],
                [
                    7,
                    3,
                    -6
                ],
                [
                    2,
                    5,
                    -9
                ],
                [
                    9,
                    -2,
                    7
                ],
                [
                    1,
                    -3,
                    -4
                ],
                [
                    5,
                    8,
                    -3
                ],
                [
                    -9,
                    7,
                    5
                ],
                [
                    8,
                    -5,
                    4
                ],
                [
                    5,
                    -1,
                    4
                ],
                [
                    -1,
                    -8,
                    -2
                ],
                [
                    -8,
                    2,
                    7
                ],
                [
                    5,
                    -6,
                    9
                ],
                [
                    -6,
                    9,
                    4
                ],
                [
                    -4,
                    5,
                    3
                ],
                [
                    -8,
                    9,
                    6
                ],
                [
                    -7,
                    5,
                    -9
                ],
                [
                    5,
                    -9,
                    -7
                ],
                [
                    -5,
                    6,
                    4
                ],
                [
                    -1,
                    -3,
                    4
                ],
                [
                    -2,
                    -6,
                    7
                ],
                [
                    6,
                    -1,
                    7
                ],
                [
                    6,
                    2,
                    1
                ],
                [
                    5,
                    2,
                    10
                ],
                [
                    -9,
                    5,
                    -10
                ],
                [
                    2,
                    4,
                    3
                ],
                [
                    -6,
                    7,
                    4
                ],
                [
                    -9,
                    6,
                    -1
                ],
                [
                    8,
                    3,
                    -5
                ],
                [
                    -1,
                    6,
                    2
                ],
                [
                    9,
                    4,
                    -1
                ],
                [
                    8,
                    -1,
                    5
                ],
                [
                    -7,
                    -1,
                    -4
                ],
                [
                    1,
                    4,
                    5
                ],
                [
                    -3,
                    -1,
                    5
                ],
                [
                    -3,
                    -5,
                    6
                ],
                [
                    -6,
                    7,
                    -5
                ],
                [
                    1,
                    2,
                    10
                ],
                [
                    -10,
                    4,
                    -5
                ],
                [
                    9,
                    10,
                    -7
                ],
                [
                    -7,
                    -6,
                    -8
                ]
            ],
            "{   'fun': 1.0,\n    'jac': None,\n    'nfev': 42,\n    'nit': None,\n    'njev': None,\n    'x': array([0.90024067, 2.90665151, 1.03959052, 1.10345474])}",
            {
                "0110111101": 1,
                "0110011011": 1,
                "1011001010": 1,
                "0111001110": 1,
                "0000010100": 1,
                "1010000101": 1,
                "0101100110": 1,
                "0111111010": 1,
                "1100011110": 1,
                "1011101100": 1,
                "0010000011": 1,
                "1010100111": 1,
                "1110110101": 1,
                "0011101110": 1,
                "1110110111": 1,
                "1000001110": 1,
                "0011101101": 1,
                "1000111110": 1,
                "1101111110": 1,
                "1000001000": 1,
                "0100010111": 1,
                "1010001111": 1,
                "0100011100": 1,
                "1001001110": 1,
                "0010100000": 1,
                "0001110111": 1,
                "1000001100": 1,
                "0010110010": 2,
                "1010111011": 1,
                "1011110000": 1,
                "1010111111": 1,
                "1110010100": 1,
                "0111110011": 2,
                "0110001000": 1,
                "0100010000": 1,
                "1001000101": 1,
                "0010001111": 1,
                "1001011110": 1,
                "1011110101": 2,
                "1111000101": 1,
                "1101110101": 1,
                "0001010010": 1,
                "1011011011": 1,
                "1100001100": 1,
                "0001100100": 1,
                "1001001010": 1,
                "0001100000": 1,
                "1000010111": 1,
                "0111100110": 1,
                "0101010000": 1,
                "0100100010": 1,
                "0001011101": 1,
                "1001011101": 1,
                "1001010110": 1,
                "1111111101": 1,
                "0101100001": 1,
                "0000111110": 1,
                "0000010001": 1,
                "1110111011": 1,
                "1100010000": 1,
                "1001100101": 1,
                "1000111011": 1,
                "0001111001": 1,
                "1111110100": 1,
                "1010011011": 1,
                "0100101110": 1,
                "1110010000": 1,
                "1101010011": 1,
                "0000000000": 1,
                "1011100011": 1,
                "0000011010": 1,
                "1101010010": 1,
                "0111101111": 1,
                "0111010111": 1,
                "1110101011": 1,
                "1100000110": 1,
                "0101101111": 1,
                "1110101110": 1,
                "1010100000": 1,
                "1011011111": 1,
                "0010011000": 1,
                "0011000001": 1,
                "1010011101": 1,
                "0100111111": 1,
                "0110110000": 1,
                "1110100110": 1,
                "1001010011": 1,
                "0101100000": 1,
                "0000001001": 2,
                "0010101010": 1,
                "1011100101": 1,
                "1000001001": 1,
                "1001110101": 1,
                "1111000001": 1,
                "1011100110": 1,
                "1011101101": 1
            },
            false,
            0.95
        ],
        [
            [
                [
                    5,
                    -7,
                    4
                ],
                [
                    3,
                    4,
                    -10
                ],
                [
                    10,
                    -8,
                    -6
                ],
                [
                    -1,
                    5,
                    10
                ],
                [
                    9,
                    5,
                    10
                ],
                [
                    6,
                    -9,
                    7
                ],
                [
                    -5,
                    -2,
                    10
                ],
                [
                    -1,
                    -5,
                    9
                ],
                [
                    4,
                    -7,
                    -2
                ],
                [
                    7,
                    -9,
                    -10
                ],
                [
                    2,
                    -6,
                    -9
                ],
                [
                    4,
                    -8,
                    -1
                ],
                [
                    8,
                    -5,
                    7
                ],
                [
                    9,
                    8,
                    -1
                ],
                [
                    8,
                    1,
                    2
                ],
                [
                    -10,
                    5,
                    -1
                ],
                [
                    -8,
                    -3,
                    1
                ],
                [
                    3,
                    8,
                    -2
                ],
                [
                    3,
                    4,
                    -2
                ],
                [
                    -1,
                    -3,
                    6
                ],
                [
                    -1,
                    -6,
                    9
                ],
                [
                    8,
                    -4,
                    -10
                ],
                [
                    -2,
                    -1,
                    6
                ],
                [
                    5,
                    -6,
                    7
                ],
                [
                    -4,
                    10,
                    7
                ],
                [
                    4,
                    -9,
                    3
                ],
                [
                    3,
                    -8,
                    -5
                ],
                [
                    9,
                    -2,
                    7
                ],
                [
                    -9,
                    -4,
                    2
                ],
                [
                    -7,
                    2,
                    9
                ],
                [
                    -5,
                    7,
                    -2
                ],
                [
                    -7,
                    1,
                    9
                ],
                [
                    7,
                    3,
                    -9
                ],
                [
                    1,
                    8,
                    -9
                ],
                [
                    7,
                    -3,
                    -10
                ],
                [
                    10,
                    5,
                    -2
                ],
                [
                    4,
                    -9,
                    5
                ],
                [
                    -1,
                    -8,
                    5
                ],
                [
                    -9,
                    -6,
                    7
                ],
                [
                    -3,
                    7,
                    -4
                ],
                [
                    10,
                    6,
                    -4
                ],
                [
                    -10,
                    -6,
                    5
                ],
                [
                    4,
                    -10,
                    9
                ],
                [
                    8,
                    6,
                    2
                ],
                [
                    8,
                    9,
                    7
                ]
            ],
            "{   'fun': 0.99,\n    'jac': None,\n    'nfev': 44,\n    'nit': None,\n    'njev': None,\n    'x': array([0.98822928, 0.80707433, 2.45810599, 3.03337244])}",
            {
                "0010111011": 1,
                "0110001010": 1,
                "1110010100": 1,
                "1110001011": 1,
                "0000110011": 1,
                "1110101111": 1,
                "1011011100": 1,
                "0001101001": 1,
                "1101110000": 1,
                "0001011111": 1,
                "1010111011": 1,
                "0101000110": 1,
                "1111000111": 1,
                "1000001011": 1,
                "1101000100": 1,
                "0011010000": 1,
                "1011011011": 1,
                "1100101000": 1,
                "1110000100": 1,
                "1001011010": 1,
                "1001001100": 1,
                "0110101001": 1,
                "1000000111": 1,
                "1100011100": 1,
                "1101110101": 1,
                "0101001000": 2,
                "1110111100": 1,
                "0111111101": 2,
                "0110110100": 1,
                "1111000001": 1,
                "0000111010": 1,
                "1011110100": 1,
                "1000000101": 1,
                "0000001111": 2,
                "1000011110": 1,
                "0001010111": 1,
                "0000101101": 1,
                "0111100001": 1,
                "1110111101": 1,
                "1110111010": 1,
                "0111001110": 1,
                "0101110111": 1,
                "1110110001": 1,
                "0000100011": 1,
                "1111100010": 1,
                "0100001010": 1,
                "0011110000": 1,
                "0000101110": 1,
                "1011011111": 1,
                "0101011111": 1,
                "0001000101": 1,
                "0100010000": 1,
                "1101110100": 1,
                "0000101011": 1,
                "0000000000": 1,
                "0000011110": 1,
                "0101111101": 1,
                "0000110101": 2,
                "1011111110": 1,
                "1000010001": 1,
                "1010011011": 1,
                "1010100001": 1,
                "1110100010": 1,
                "0101100001": 1,
                "0100101111": 1,
                "1100110010": 1,
                "0001001010": 1,
                "1000001111": 1,
                "0000010111": 1,
                "1011100111": 1,
                "0001110100": 1,
                "0010110001": 1,
                "1010011110": 1,
                "0010001011": 1,
                "0010100000": 1,
                "0110101010": 2,
                "0110111011": 1,
                "1010011101": 1,
                "0011011011": 1,
                "0110111111": 1,
                "1100011001": 1,
                "1111101011": 1,
                "1111101101": 1,
                "0010101001": 1,
                "0101001010": 1,
                "0011011110": 1,
                "0000101001": 1,
                "0001000011": 1,
                "1100110011": 1,
                "0101100010": 2,
                "0010000110": 1,
                "0000110111": 1,
                "0111010010": 1,
                "0110000011": 1
            },
            true,
            0.97
        ]
    ]
}