{
    "n": 10,
    "m": 45,
    "results": [
        [
            [
                [
                    8,
                    7,
                    1
                ],
                [
                    6,
                    -9,
                    -4
                ],
                [
                    7,
                    5,
                    -3
                ],
                [
                    9,
                    3,
                    2
                ],
                [
                    4,
                    -5,
                    -3
                ],
                [
                    5,
                    -1,
                    8
                ],
                [
                    6,
                    -9,
                    7
                ],
                [
                    -8,
                    -7,
                    -5
                ],
                [
                    -7,
                    -2,
                    -6
                ],
                [
                    4,
                    -10,
                    8
                ],
                [
                    9,
                    7,
                    6
                ],
                [
                    -8,
                    -2,
                    10
                ],
                [
                    6,
                    -8,
                    -7
                ],
                [
                    3,
                    9,
                    -7
                ],
                [
                    5,
                    -3,
                    8
                ],
                [
                    -7,
                    10,
                    -8
                ],
                [
                    1,
                    -10,
                    -2
                ],
                [
                    1,
                    -10,
                    4
                ],
                [
                    -6,
                    5,
                    9
                ],
                [
                    -7,
                    -5,
                    -4
                ],
                [
                    -2,
                    8,
                    -1
                ],
                [
                    8,
                    1,
                    -9
                ],
                [
                    8,
                    4,
                    9
                ],
                [
                    -10,
                    -1,
                    9
                ],
                [
                    -8,
                    -4,
                    -10
                ],
                [
                    -6,
                    8,
                    -1
                ],
                [
                    -10,
                    -4,
                    8
                ],
                [
                    -9,
                    -8,
                    -3
                ],
                [
                    -8,
                    1,
                    -6
                ],
                [
                    9,
                    -6,
                    -8
                ],
                [
                    4,
                    10,
                    7
                ],
                [
                    5,
                    -1,
                    -9
                ],
                [
                    5,
                    -6,
                    3
                ],
                [
                    8,
                    -6,
                    10
                ],
                [
                    4,
                    5,
                    1
                ],
                [
                    8,
                    1,
                    -10
                ],
                [
                    6,
                    -10,
                    4
                ],
                [
                    -7,
                    10,
                    -4
                ],
                [
                    -8,
                    2,
                    7
                ],
                [
                    2,
                    -6,
                    8
                ],
                [
                    10,
                    -4,
                    8
                ],
                [
                    5,
                    -10,
                    3
                ],
                [
                    5,
                    -6,
                    1
                ],
                [
                    7,
                    -2,
                    8
                ],
                [
                    4,
                    -1,
                    -5
                ]
            ],
            "{   'fun': 3.7,\n    'jac': None,\n    'nfev': 89,\n    'nit': None,\n    'njev': None,\n    'x': array([-0.34548922,  3.34788646,  2.91983802,  0.1076111 ,  0.5556519 ,\n        2.58616265,  0.11567907,  0.42585379])}",
            {
                "0100100110": 1,
                "1100101010": 2,
                "0101101001": 1,
                "1100001000": 1,
                "1011111011": 1,
                "1000000110": 1,
                "1000011110": 1,
                "1011100101": 1,
                "0010101010": 1,
                "0010111110": 1,
                "0111100100": 1,
                "0101100000": 1,
                "1011101111": 1,
                "1110011111": 1,
                "1100110111": 4,
                "1010111101": 1,
                "1001100010": 1,
                "1101110110": 2,
                "0100011000": 1,
                "1111111100": 1,
                "0001010000": 1,
                "0100101000": 1,
                "1111100100": 1,
                "1001110011": 3,
                "1001011111": 1,
                "1011100011": 1,
                "0010101100": 1,
                "1010001101": 1,
                "1111011100": 1,
                "1000111111": 1,
                "0000101010": 1,
                "1001110110": 1,
                "1010001100": 3,
                "1011111111": 1,
                "0101001000": 1,
                "0010101000": 1,
                "1011101011": 1,
                "1110010000": 1,
                "1001000111": 1,
                "0101001111": 1,
                "0011001101": 1,
                "1000110011": 1,
                "1111110101": 1,
                "0010001100": 1,
                "0011100101": 1,
                "1001100100": 2,
                "0100101010": 1,
                "1101100100": 1,
                "0001100111": 1,
                "1010011111": 1,
                "1011110011": 1,
                "1000101010": 4,
                "0011100000": 1,
                "1010111111": 1,
                "0011110010": 1,
                "0110001100": 2,
                "1100000110": 1,
                "1111110110": 3,
                "0111100101": 1,
                "0101100101": 1,
                "0011010001": 1,
                "1001101011": 1,
                "0001100100": 1,
                "1011110110": 1,
                "1011011111": 1,
                "0100001010": 1,
                "1100001111": 1,
                "1100100111": 1,
                "1101110001": 1,
                "1110010101": 1,
                "1111110100": 1,
                "0001000110": 1,
                "0101110000": 1,
                "0110100101": 1,
                "1101011111": 1,
                "0101110001": 1,
                "0111101000": 1,
                "0001101101": 1,
                "0101110100": 1,
                "0101000110": 1,
                "1000110111": 1,
                "1000010011": 1,
                "1011011100": 1,
                "1100101111": 1
            },
            false,
            3.12
        ],
        [
            [
                [
                    9,
                    -1,
                    7
                ],
                [
                    -6,
                    -3,
                    10
                ],
                [
                    -4,
                    -5,
                    9
                ],
                [
                    -6,
                    -4,
                    -5
                ],
                [
                    8,
                    5,
                    2
                ],
                [
                    -7,
                    -8,
                    1
                ],
                [
                    10,
                    -8,
                    -7
                ],
                [
                    -7,
                    8,
                    6
                ],
                [
                    -10,
                    2,
                    8
                ],
                [
                    10,
                    2,
                    6
                ],
                [
                    -9,
                    -2,
                    -10
                ],
                [
                    -7,
                    4,
                    -6
                ],
                [
                    -5,
                    7,
                    -6
                ],
                [
                    3,
                    -1,
                    7
                ],
                [
                    7,
                    2,
                    6
                ],
                [
                    10,
                    -6,
                    9
                ],
                [
                    -6,
                    10,
                    8
                ],
                [
                    -2,
                    -3,
                    -6
                ],
                [
                    10,
                    -5,
                    -4
                ],
                [
                    9,
                    -4,
                    6
                ],
                [
                    -5,
                    -2,
                    -1
                ],
                [
                    8,
                    10,
                    -5
                ],
                [
                    -5,
                    8,
                    -10
                ],
                [
                    2,
                    6,
                    -7
                ],
                [
                    2,
                    8,
                    6
                ],
                [
                    2,
                    -8,
                    -1
                ],
                [
                    7,
                    4,
                    9
                ],
                [
                    -7,
                    -1,
                    -2
                ],
                [
                    5,
                    -10,
                    9
                ],
                [
                    1,
                    10,
                    -6
                ],
                [
                    -8,
                    6,
                    -5
                ],
                [
                    9,
                    1,
                    -2
                ],
                [
                    -6,
                    -8,
                    10
                ],
                [
                    -8,
                    6,
                    -4
                ],
                [
                    10,
                    4,
                    -2
                ],
                [
                    -7,
                    10,
                    -4
                ],
                [
                    -9,
                    3,
                    -2
                ],
                [
                    2,
                    4,
                    -9
                ],
                [
                    -4,
                    9,
                    -8
                ],
                [
                    -10,
                    -7,
                    8
                ],
                [
                    3,
                    2,
                    7
                ],
                [
                    -3,
                    -4,
                    7
                ],
                [
                    1,
                    -3,
                    -4
                ],
                [
                    1,
                    9,
                    8
                ],
                [
                    -4,
                    10,
                    5
                ]
            ],
            "{   'fun': 5.59,\n    'jac': None,\n    'nfev': 69,\n    'nit': None,\n    'njev': None,\n    'x': array([1.63082803, 3.72990558, 2.34894718, 2.77625826, 3.99884085,\n       1.38137097, 3.05863762, 1.98657823])}",
            {
                "1011000000": 1,
                "0101000101": 1,
                "1111111111": 1,
                "1010010010": 1,
                "0011110101": 1,
                "1100101110": 1,
                "1110110110": 1,
                "1001111010": 1,
                "1011101001": 1,
                "1000000100": 1,
                "0111110011": 1,
                "1010011001": 1,
                "0110001000": 1,
                "0101001101": 1,
                "0101110110": 1,
                "1000110011": 1,
                "0011110110": 1,
                "1100011011": 1,
                "0011010111": 1,
                "1101100010": 1,
                "1100111001": 1,
                "1000101001": 1,
                "1110011100": 1,
                "1000100101": 2,
                "0011111000": 1,
                "0111100000": 1,
                "1010011010": 1,
                "1000101110": 1,
                "0001000111": 1,
                "1010000000": 1,
                "0101001001": 1,
                "1000111110": 1,
                "1111001000": 1,
                "0011101101": 1,
                "0011100000": 1,
                "0111000000": 1,
                "0100110010": 1,
                "1100000000": 1,
                "1111100101": 1,
                "1010111111": 1,
                "1010001000": 1,
                "1011111100": 3,
                "1000111100": 2,
                "1001101011": 1,
                "0000101110": 1,
                "1100010001": 1,
                "1011011100": 1,
                "0001011010": 1,
                "0100010101": 1,
                "1011110010": 1,
                "1000001011": 1,
                "1011011101": 1,
                "0001001001": 1,
                "1010111011": 1,
                "1110111001": 1,
                "0010100000": 2,
                "0010110101": 1,
                "0100000110": 1,
                "0101011110": 1,
                "1001110000": 1,
                "0110010111": 2,
                "1011001010": 1,
                "0010101111": 1,
                "0101100111": 1,
                "0001110110": 1,
                "0010110110": 2,
                "1111010011": 1,
                "1000100011": 1,
                "0110110001": 1,
                "0100000010": 1,
                "1110101110": 1,
                "0100001101": 1,
                "1000111001": 2,
                "0110011100": 1,
                "0000010011": 1,
                "1100110010": 1,
                "0101101111": 1,
                "1001100101": 1,
                "1011010111": 1,
                "0110011000": 1,
                "1011000110": 2,
                "0110100000": 1,
                "0111001010": 1,
                "0100111101": 1,
                "0000111000": 1,
                "1111010101": 1,
                "0100001110": 1,
                "1101101011": 1,
                "1100110001": 1,
                "0000011111": 1,
                "1111110100": 1
            },
            false,
            5.13
        ],
        [
            [
                [
                    -4,
                    5,
                    -9
                ],
                [
                    3,
                    8,
                    -1
                ],
                [
                    3,
                    -10,
                    -6
                ],
                [
                    -8,
                    -6,
                    -10
                ],
                [
                    -7,
                    8,
                    6
                ],
                [
                    10,
                    6,
                    7
                ],
                [
                    3,
                    10,
                    2
                ],
                [
                    -2,
                    -6,
                    -7
                ],
                [
                    3,
                    -9,
                    6
                ],
                [
                    -4,
                    3,
                    8
                ],
                [
                    10,
                    -1,
                    -5
                ],
                [
                    6,
                    -8,
                    9
                ],
                [
                    9,
                    4,
                    -5
                ],
                [
                    -3,
                    -9,
                    -4
                ],
                [
                    2,
                    -7,
                    10
                ],
                [
                    -5,
                    3,
                    -1
                ],
                [
                    4,
                    -2,
                    9
                ],
                [
                    -3,
                    4,
                    -6
                ],
                [
                    8,
                    3,
                    -9
                ],
                [
                    -5,
                    -10,
                    3
                ],
                [
                    7,
                    6,
                    1
                ],
                [
                    -9,
                    7,
                    -1
                ],
                [
                    2,
                    1,
                    -5
                ],
                [
                    5,
                    8,
                    1
                ],
                [
                    -8,
                    7,
                    9
                ],
                [
                    9,
                    1,
                    -3
                ],
                [
                    -2,
                    5,
                    6
                ],
                [
                    8,
                    -6,
                    -2
                ],
                [
                    8,
                    -4,
                    5
                ],
                [
                    -2,
                    -3,
                    7
                ],
                [
                    6,
                    4,
                    -5
                ],
                [
                    -2,
                    5,
                    -7
                ],
                [
                    1,
                    2,
                    -9
                ],
                [
                    -5,
                    -7,
                    -1
                ],
                [
                    -3,
                    -1,
                    -2
                ],
                [
                    7,
                    -10,
                    4
                ],
                [
                    2,
                    8,
                    3
                ],
                [
                    3,
                    -8,
                    1
                ],
                [
                    -8,
                    3,
                    7
                ],
                [
                    3,
                    6,
                    -8
                ],
                [
                    -6,
                    1,
                    5
                ],
                [
                    4,
                    2,
                    -1
                ],
                [
                    10,
                    7,
                    1
                ],
                [
                    9,
                    -5,
                    2
                ],
                [
                    10,
                    -2,
                    -6
                ]
            ],
            "{   'fun': 5.78,\n    'jac': None,\n    'nfev': 72,\n    'nit': None,\n    'njev': None,\n    'x': array([0.40151367, 2.05103664, 1.63805003, 1.19136404, 2.17764152,\n       1.48148757, 0.30638033, 2.25842167])}",
            {
                "1000100111": 1,
                "1011100101": 1,
                "1000000101": 1,
                "1010011011": 1,
                "0111100110": 1,
                "0111111111": 1,
                "0110110001": 1,
                "1011000100": 1,
                "0011101100": 1,
                "0111000001": 1,
                "0010011110": 1,
                "1101000101": 1,
                "1110100101": 1,
                "0100101000": 1,
                "1111001111": 1,
                "0001010000": 1,
                "1101111101": 1,
                "1001001110": 1,
                "1100111010": 1,
                "0111000111": 1,
                "1111011001": 1,
                "1011011011": 1,
                "0000111010": 1,
                "1110010101": 1,
                "1000001001": 1,
                "0011110010": 1,
                "0110001011": 1,
                "1001111000": 1,
                "0111100011": 2,
                "0111010001": 1,
                "0111100100": 1,
                "0111111000": 1,
                "1001000000": 1,
                "0100010101": 1,
                "1111000011": 1,
                "1111111011": 1,
                "1101010101": 1,
                "1101111000": 1,
                "1100111100": 1,
                "0101001011": 1,
                "1111111101": 2,
                "1101100100": 1,
                "0000011010": 1,
                "1100110001": 1,
                "1111010010": 1,
                "1100010001": 1,
                "1000110111": 1,
                "0111001111": 1,
                "0110110011": 1,
                "0011000110": 1,
                "0100110010": 2,
                "1000000011": 1,
                "0001011101": 2,
                "1101011000": 1,
                "1101110010": 1,
                "0010111000": 1,
                "0010100000": 1,
                "1110110100": 1,
                "0011111110": 1,
                "0001010101": 1,
                "0110011110": 1,
                "0110101101": 1,
                "1101111001": 1,
                "0111010000": 1,
                "0100000110": 1,
                "1101011110": 1,
                "1010101011": 1,
                "1010000000": 1,
                "0000001101": 1,
                "1111110111": 1,
                "1011001101": 2,
                "1011110111": 1,
                "1001101011": 1,
                "1100000100": 1,
                "1011100110": 1,
                "1111010000": 1,
                "1011001010": 1,
                "1111101111": 1,
                "1001010101": 1,
                "1101011100": 1,
                "0011010011": 1,
                "0011010111": 1,
                "0111001011": 1,
                "0101010010": 1,
                "0000111100": 1,
                "0101011011": 1,
                "1110110111": 1,
                "1111000110": 1,
                "0011110000": 1,
                "1010000110": 3,
                "1110010111": 1,
                "0100111111": 1,
                "1110100001": 1
            },
            false,
            5.17
        ],
        [
            [
                [
                    6,
                    10,
                    -5
                ],
                [
                    -8,
                    4,
                    -5
                ],
                [
                    -4,
                    -7,
                    -5
                ],
                [
                    -10,
                    -5,
                    -2
                ],
                [
                    -7,
                    -10,
                    6
                ],
                [
                    -6,
                    9,
                    -4
                ],
                [
                    4,
                    -3,
                    2
                ],
                [
                    4,
                    6,
                    7
                ],
                [
                    -8,
                    3,
                    6
                ],
                [
                    9,
                    -1,
                    -5
                ],
                [
                    -10,
                    6,
                    3
                ],
                [
                    8,
                    1,
                    4
                ],
                [
                    6,
                    -3,
                    9
                ],
                [
                    2,
                    -1,
                    3
                ],
                [
                    -9,
                    8,
                    -7
                ],
                [
                    10,
                    -2,
                    4
                ],
                [
                    9,
                    -4,
                    -8
                ],
                [
                    8,
                    7,
                    -10
                ],
                [
                    3,
                    -9,
                    -2
                ],
                [
                    2,
                    4,
                    3
                ],
                [
                    -7,
                    1,
                    2
                ],
                [
                    1,
                    -9,
                    -7
                ],
                [
                    9,
                    2,
                    -7
                ],
                [
                    8,
                    -3,
                    9
                ],
                [
                    -7,
                    10,
                    -2
                ],
                [
                    9,
                    2,
                    -10
                ],
                [
                    4,
                    6,
                    -8
                ],
                [
                    4,
                    6,
                    -1
                ],
                [
                    4,
                    -9,
                    3
                ],
                [
                    7,
                    4,
                    -8
                ],
                [
                    8,
                    -3,
                    -5
                ],
                [
                    -1,
                    -10,
                    -7
                ],
                [
                    -10,
                    -9,
                    8
                ],
                [
                    9,
                    -7,
                    -2
                ],
                [
                    -8,
                    -1,
                    -2
                ],
                [
                    -1,
                    8,
                    -9
                ],
                [
                    -10,
                    9,
                    1
                ],
                [
                    10,
                    5,
                    -6
                ],
                [
                    -8,
                    -9,
                    -6
                ],
                [
                    -4,
                    -6,
                    10
                ],
                [
                    -10,
                    3,
                    7
                ],
                [
                    -10,
                    -5,
                    -6
                ],
                [
                    -3,
                    9,
                    10
                ],
                [
                    -7,
                    -8,
                    6
                ],
                [
                    -6,
                    -2,
                    -1
                ]
            ],
            "{   'fun': 3.62,\n    'jac': None,\n    'nfev': 86,\n    'nit': None,\n    'njev': None,\n    'x': array([2.64092613, 1.39875377, 3.35879334, 1.61343358, 0.757902  ,\n       1.96667143, 3.14766548, 1.86670578])}",
            {
                "1110000001": 1,
                "1001111010": 1,
                "0000010101": 1,
                "1111001110": 1,
                "0101011001": 1,
                "0011000100": 2,
                "0011010110": 1,
                "0111010111": 2,
                "0110111101": 1,
                "0010010111": 1,
                "0111000010": 2,
                "1101010001": 1,
                "0010000110": 2,
                "0100001010": 1,
                "1001100110": 1,
                "1111010101": 1,
                "0011011100": 1,
                "1110011101": 1,
                "0101100000": 2,
                "1011010110": 1,
                "0000000110": 1,
                "1010011101": 1,
                "0110011110": 2,
                "0100010011": 1,
                "1010111111": 1,
                "0001000011": 1,
                "0010110000": 1,
                "0001110011": 3,
                "1011000110": 1,
                "0001101000": 1,
                "0001010111": 1,
                "0010000001": 1,
                "1011011111": 2,
                "0011110000": 1,
                "0011000010": 1,
                "0111000110": 1,
                "1111000001": 1,
                "0011110110": 2,
                "0110110110": 1,
                "0110000010": 1,
                "0101000110": 1,
                "1010101111": 1,
                "0101110100": 1,
                "1011001010": 1,
                "1011000111": 1,
                "0101000000": 4,
                "1000100010": 1,
                "0011000111": 1,
                "1010010010": 1,
                "1111001111": 1,
                "0111010101": 1,
                "1110001000": 1,
                "1111010111": 1,
                "0001110010": 3,
                "0111011011": 1,
                "1011011101": 1,
                "0000010100": 1,
                "0111100001": 1,
                "0010011111": 1,
                "1000110111": 1,
                "1100010001": 1,
                "1000010011": 1,
                "0001000000": 1,
                "0100011101": 1,
                "1001000010": 1,
                "0100010101": 1,
                "1101000010": 1,
                "0110110000": 1,
                "0111010100": 1,
                "1010010110": 1,
                "0101000111": 1,
                "0011010111": 1,
                "0001110000": 1,
                "1110010001": 1,
                "0010000010": 1,
                "0000010000": 1,
                "0000011110": 1,
                "0100010000": 1,
                "1011010111": 1,
                "1010011110": 1,
                "1100010000": 1,
                "0011010000": 1,
                "1010110111": 1,
                "1010001110": 1,
                "0000011010": 1
            },
            false,
            3.04
        ],
        [
            [
                [
                    -7,
                    1,
                    -9
                ],
                [
                    3,
                    2,
                    10
                ],
                [
                    -10,
                    5,
                    -4
                ],
                [
                    -6,
                    -8,
                    10
                ],
                [
                    -1,
                    8,
                    -3
                ],
                [
                    1,
                    9,
                    -7
                ],
                [
                    -4,
                    5,
                    7
                ],
                [
                    -5,
                    6,
                    4
                ],
                [
                    -7,
                    6,
                    1
                ],
                [
                    1,
                    9,
                    7
                ],
                [
                    5,
                    4,
                    -3
                ],
                [
                    -10,
                    -1,
                    2
                ],
                [
                    -4,
                    -2,
                    -6
                ],
                [
                    -7,
                    -2,
                    -8
                ],
                [
                    1,
                    -7,
                    10
                ],
                [
                    5,
                    4,
                    3
                ],
                [
                    -2,
                    -3,
                    -1
                ],
                [
                    3,
                    -7,
                    9
                ],
                [
                    4,
                    9,
                    8
                ],
                [
                    9,
                    10,
                    -8
                ],
                [
                    3,
                    7,
                    -5
                ],
                [
                    7,
                    2,
                    -3
                ],
                [
                    -1,
                    9,
                    -7
                ],
                [
                    -9,
                    -8,
                    -10
                ],
                [
                    2,
                    -8,
                    -7
                ],
                [
                    -8,
                    -1,
                    7
                ],
                [
                    -9,
                    -7,
                    2
                ],
                [
                    4,
                    2,
                    -8
                ],
                [
                    -8,
                    -10,
                    1
                ],
                [
                    -6,
                    3,
                    -1
                ],
                [
                    4,
                    1,
                    7
                ],
                [
                    4,
                    -5,
                    9
                ],
                [
                    5,
                    10,
                    9
                ],
                [
                    9,
                    -7,
                    -6
                ],
                [
                    3,
                    -6,
                    -1
                ],
                [
                    -7,
                    -5,
                    -6
                ],
                [
                    -10,
                    -3,
                    4
                ],
                [
                    9,
                    -8,
                    7
                ],
                [
                    -5,
                    1,
                    -7
                ],
                [
                    -7,
                    -4,
                    -8
                ],
                [
                    -4,
                    -7,
                    9
                ],
                [
                    -4,
                    8,
                    -5
                ],
                [
                    4,
                    9,
                    3
                ],
                [
                    6,
                    5,
                    7
                ],
                [
                    -10,
                    3,
                    6
                ]
            ],
            "{   'fun': 3.84,\n    'jac': None,\n    'nfev': 79,\n    'nit': None,\n    'njev': None,\n    'x': array([1.19562919, 2.28324505, 0.83586716, 1.51037146, 0.46127323,\n       3.31471571, 0.24524936, 1.24273223])}",
            {
                "0001110000": 1,
                "0110000110": 1,
                "0010110010": 1,
                "0110101100": 1,
                "1110100011": 1,
                "0100110001": 1,
                "1010001110": 2,
                "0100010000": 1,
                "0011010011": 1,
                "0001011011": 1,
                "1100001110": 1,
                "1100001010": 1,
                "1101100010": 1,
                "1101011001": 1,
                "1111110010": 1,
                "1111100011": 1,
                "0111010010": 2,
                "0010111011": 1,
                "1011101001": 2,
                "1010111100": 1,
                "1101100110": 1,
                "1101110010": 1,
                "1101001011": 1,
                "1010101010": 1,
                "1110100110": 3,
                "1110110111": 2,
                "1110110101": 1,
                "1111011011": 1,
                "1000100000": 2,
                "1010011010": 1,
                "0110000010": 1,
                "0110010100": 1,
                "1100001011": 1,
                "0110010001": 1,
                "1011011010": 1,
                "1011001011": 1,
                "1110011110": 1,
                "1111111011": 2,
                "1101100000": 2,
                "1111010101": 1,
                "0111001011": 1,
                "1100100011": 1,
                "0001010010": 1,
                "1101001101": 2,
                "1100100110": 1,
                "1101001010": 3,
                "0101000010": 1,
                "1011110010": 1,
                "0001010001": 1,
                "0110110010": 1,
                "0011110010": 1,
                "1111000100": 1,
                "1110001110": 1,
                "0011100110": 1,
                "1110110110": 2,
                "0111100110": 1,
                "0101010001": 1,
                "1110101101": 1,
                "1111110000": 1,
                "0101010100": 1,
                "1101011010": 1,
                "0010011110": 1,
                "0000110001": 1,
                "1110001101": 1,
                "0101100010": 1,
                "1110111111": 1,
                "1101101010": 1,
                "0110010011": 1,
                "0010001001": 1,
                "0011011011": 1,
                "1011101010": 2,
                "0111110011": 1,
                "0110101010": 1,
                "0001100011": 1,
                "1010100110": 1,
                "1011110111": 1,
                "0001110001": 2,
                "0100011111": 1,
                "0000110011": 1,
                "0011110001": 1,
                "0010011011": 1,
                "1100111001": 1,
                "1100110111": 1,
                "0011010010": 1,
                "1100011010": 1
            },
            false,
            3.15
        ]
    ]
}