{
    "n": 10,
    "m": 45,
    "results": [
        [
            [
                [
                    9,
                    3,
                    -2
                ],
                [
                    7,
                    9,
                    -8
                ],
                [
                    -10,
                    6,
                    -3
                ],
                [
                    -5,
                    -6,
                    -4
                ],
                [
                    -10,
                    1,
                    2
                ],
                [
                    -4,
                    -3,
                    -2
                ],
                [
                    10,
                    -5,
                    -2
                ],
                [
                    -10,
                    -1,
                    -3
                ],
                [
                    -7,
                    9,
                    -1
                ],
                [
                    6,
                    9,
                    3
                ],
                [
                    -5,
                    -6,
                    -3
                ],
                [
                    7,
                    -1,
                    4
                ],
                [
                    -9,
                    8,
                    10
                ],
                [
                    7,
                    4,
                    -5
                ],
                [
                    10,
                    -6,
                    -9
                ],
                [
                    6,
                    -4,
                    3
                ],
                [
                    9,
                    5,
                    -4
                ],
                [
                    -6,
                    7,
                    4
                ],
                [
                    -1,
                    9,
                    -2
                ],
                [
                    -7,
                    -1,
                    5
                ],
                [
                    7,
                    5,
                    -2
                ],
                [
                    -10,
                    -9,
                    8
                ],
                [
                    -1,
                    9,
                    -3
                ],
                [
                    10,
                    8,
                    7
                ],
                [
                    9,
                    5,
                    7
                ],
                [
                    -7,
                    10,
                    -5
                ],
                [
                    6,
                    -1,
                    2
                ],
                [
                    3,
                    1,
                    -5
                ],
                [
                    10,
                    -6,
                    7
                ],
                [
                    -6,
                    4,
                    8
                ],
                [
                    6,
                    3,
                    -8
                ],
                [
                    6,
                    2,
                    4
                ],
                [
                    -9,
                    -4,
                    -10
                ],
                [
                    3,
                    -6,
                    9
                ],
                [
                    -6,
                    4,
                    10
                ],
                [
                    9,
                    3,
                    5
                ],
                [
                    -6,
                    -9,
                    -7
                ],
                [
                    9,
                    4,
                    -2
                ],
                [
                    7,
                    3,
                    -9
                ],
                [
                    -4,
                    5,
                    10
                ],
                [
                    5,
                    -6,
                    4
                ],
                [
                    -4,
                    1,
                    -5
                ],
                [
                    6,
                    -8,
                    1
                ],
                [
                    9,
                    5,
                    10
                ],
                [
                    -7,
                    2,
                    -4
                ]
            ],
            "{   'fun': 5.58,\n    'jac': None,\n    'nfev': 71,\n    'nit': None,\n    'njev': None,\n    'x': array([1.00737338, 2.77644276, 1.77404005, 0.68786543, 1.56261085,\n       2.89336582, 0.76925429, 0.6972044 ])}",
            {
                "1011001111": 1,
                "0011101010": 1,
                "1011111011": 1,
                "1101111010": 1,
                "1101101110": 1,
                "0000100100": 1,
                "1011000010": 1,
                "0010010001": 1,
                "0100111110": 1,
                "0111001110": 1,
                "0000000000": 1,
                "0011100111": 1,
                "0101000110": 1,
                "0000010000": 1,
                "0001010110": 1,
                "1000100101": 1,
                "1001100110": 1,
                "1011101011": 1,
                "0111100001": 1,
                "1110111101": 1,
                "0100110110": 1,
                "0111010010": 1,
                "1010101000": 1,
                "0001001100": 1,
                "0100001110": 1,
                "0110000011": 1,
                "1000100001": 1,
                "1000010111": 1,
                "1110100111": 1,
                "1110000010": 1,
                "1011011110": 1,
                "1000110001": 1,
                "1000110111": 1,
                "1000000110": 1,
                "1011110101": 2,
                "1100000101": 2,
                "1010001111": 1,
                "1001111011": 1,
                "1101010110": 1,
                "1010110100": 1,
                "0001110111": 1,
                "1011100111": 1,
                "0111101101": 1,
                "1010111110": 1,
                "0100100010": 1,
                "1101010111": 1,
                "1011111000": 1,
                "1110101001": 1,
                "0000110100": 1,
                "0101111110": 1,
                "1101110011": 1,
                "1010010011": 1,
                "1001101111": 1,
                "0100110011": 1,
                "1000000010": 1,
                "1111001011": 1,
                "0100000111": 1,
                "1100001000": 1,
                "0000000101": 1,
                "0101101001": 1,
                "0010111110": 1,
                "0001110000": 1,
                "0110010000": 1,
                "1100111011": 1,
                "0011010001": 1,
                "1001111110": 1,
                "1110010000": 1,
                "1001001101": 1,
                "0011001100": 1,
                "1100110100": 1,
                "1101100111": 1,
                "0001011111": 1,
                "1111111000": 2,
                "0001001001": 1,
                "0000101101": 1,
                "0100101010": 1,
                "0001100111": 1,
                "0001010100": 1,
                "1010110110": 1,
                "0001100110": 1,
                "0000111111": 1,
                "0001010010": 1,
                "1000111011": 1,
                "1001000100": 1,
                "0000010100": 1,
                "0110111010": 1,
                "1111100100": 1,
                "0011001111": 3,
                "0011001011": 1,
                "0011010110": 1,
                "0110111001": 1,
                "1101011111": 1,
                "0101000101": 1,
                "0110101100": 1,
                "1011111110": 1
            },
            false,
            5.04
        ],
        [
            [
                [
                    -5,
                    -3,
                    10
                ],
                [
                    -9,
                    -7,
                    3
                ],
                [
                    8,
                    6,
                    5
                ],
                [
                    -9,
                    -1,
                    4
                ],
                [
                    3,
                    7,
                    10
                ],
                [
                    -5,
                    -10,
                    7
                ],
                [
                    7,
                    1,
                    8
                ],
                [
                    -4,
                    8,
                    6
                ],
                [
                    -7,
                    6,
                    -3
                ],
                [
                    7,
                    -2,
                    -8
                ],
                [
                    4,
                    -2,
                    -9
                ],
                [
                    7,
                    9,
                    5
                ],
                [
                    5,
                    -3,
                    7
                ],
                [
                    -6,
                    -7,
                    1
                ],
                [
                    7,
                    -1,
                    -5
                ],
                [
                    -5,
                    -10,
                    6
                ],
                [
                    8,
                    3,
                    -7
                ],
                [
                    3,
                    5,
                    -6
                ],
                [
                    1,
                    -3,
                    8
                ],
                [
                    -1,
                    -10,
                    4
                ],
                [
                    -2,
                    9,
                    -3
                ],
                [
                    4,
                    7,
                    1
                ],
                [
                    -7,
                    -6,
                    -9
                ],
                [
                    -7,
                    8,
                    2
                ],
                [
                    4,
                    -3,
                    9
                ],
                [
                    -3,
                    10,
                    -2
                ],
                [
                    -7,
                    1,
                    5
                ],
                [
                    1,
                    9,
                    -2
                ],
                [
                    -1,
                    -6,
                    4
                ],
                [
                    2,
                    -1,
                    7
                ],
                [
                    -7,
                    -9,
                    -5
                ],
                [
                    5,
                    -1,
                    10
                ],
                [
                    -6,
                    2,
                    -3
                ],
                [
                    -8,
                    7,
                    -2
                ],
                [
                    5,
                    8,
                    -7
                ],
                [
                    1,
                    10,
                    3
                ],
                [
                    -5,
                    -4,
                    -6
                ],
                [
                    10,
                    6,
                    7
                ],
                [
                    -6,
                    2,
                    10
                ],
                [
                    -7,
                    -2,
                    9
                ],
                [
                    -10,
                    -3,
                    -4
                ],
                [
                    -6,
                    -1,
                    5
                ],
                [
                    -6,
                    -1,
                    9
                ],
                [
                    10,
                    6,
                    4
                ],
                [
                    8,
                    1,
                    -5
                ]
            ],
            "{   'fun': 5.36,\n    'jac': None,\n    'nfev': 75,\n    'nit': None,\n    'njev': None,\n    'x': array([1.52845546, 3.73796402, 3.33394003, 2.72366013, 2.97648277,\n       1.38459976, 3.02051727, 1.96977989])}",
            {
                "1010110111": 1,
                "0010001000": 1,
                "1001101101": 1,
                "0000001011": 1,
                "1110110001": 1,
                "1111001001": 1,
                "0000110100": 1,
                "0101011001": 1,
                "1010001011": 1,
                "1111000110": 1,
                "1011110001": 1,
                "1101000010": 1,
                "0101010010": 1,
                "1000000000": 1,
                "0000000110": 1,
                "1101010010": 1,
                "1110101001": 1,
                "0101000100": 1,
                "1001000010": 1,
                "1101011110": 1,
                "1000010100": 1,
                "0011000101": 1,
                "1001101001": 1,
                "1001001111": 1,
                "0001110000": 1,
                "1000001000": 2,
                "1010111111": 1,
                "1000001001": 1,
                "1010110110": 1,
                "1101011101": 1,
                "0100110001": 1,
                "0011000011": 1,
                "1011010010": 1,
                "1100001100": 1,
                "1011000101": 1,
                "0101110100": 1,
                "1000010010": 1,
                "0000001111": 1,
                "0010000011": 2,
                "0001001110": 1,
                "1101111010": 1,
                "0000101010": 3,
                "1110111100": 1,
                "1111100111": 1,
                "0100001110": 2,
                "1100001000": 1,
                "1011011001": 1,
                "1101000111": 1,
                "0011100101": 1,
                "1000101100": 1,
                "1100001101": 2,
                "1011111111": 2,
                "0110010111": 1,
                "1011110011": 1,
                "1100001010": 2,
                "0001001001": 1,
                "1110010110": 1,
                "1111100110": 1,
                "0111101001": 1,
                "1100001001": 1,
                "1000111111": 1,
                "0111010011": 1,
                "0000011001": 1,
                "0110100000": 1,
                "0010011010": 1,
                "0010011011": 2,
                "1010011011": 1,
                "0101110000": 1,
                "0101001100": 1,
                "0000111101": 2,
                "1110011111": 1,
                "1100010111": 1,
                "1001100101": 1,
                "1011001000": 1,
                "0001010011": 1,
                "1001111001": 1,
                "0010001001": 1,
                "1101101011": 2,
                "1000111110": 1,
                "0111010100": 1,
                "1111001000": 1,
                "1110010111": 1,
                "0110110101": 1,
                "0011101011": 1,
                "0110001011": 1,
                "0110111001": 1,
                "1001011111": 1,
                "0101010110": 1,
                "0001010000": 1
            },
            false,
            4.89
        ],
        [
            [
                [
                    9,
                    6,
                    -5
                ],
                [
                    8,
                    1,
                    -5
                ],
                [
                    -2,
                    8,
                    1
                ],
                [
                    -9,
                    -4,
                    6
                ],
                [
                    -7,
                    -10,
                    -3
                ],
                [
                    1,
                    7,
                    8
                ],
                [
                    6,
                    -4,
                    -8
                ],
                [
                    7,
                    -8,
                    -5
                ],
                [
                    -3,
                    8,
                    2
                ],
                [
                    -2,
                    4,
                    10
                ],
                [
                    1,
                    5,
                    6
                ],
                [
                    -9,
                    3,
                    6
                ],
                [
                    -5,
                    10,
                    9
                ],
                [
                    -4,
                    -2,
                    -7
                ],
                [
                    -10,
                    5,
                    7
                ],
                [
                    3,
                    -1,
                    6
                ],
                [
                    -3,
                    -4,
                    9
                ],
                [
                    -6,
                    -1,
                    -8
                ],
                [
                    -6,
                    5,
                    -9
                ],
                [
                    7,
                    6,
                    -9
                ],
                [
                    1,
                    10,
                    5
                ],
                [
                    2,
                    7,
                    -1
                ],
                [
                    2,
                    -8,
                    6
                ],
                [
                    -3,
                    6,
                    -9
                ],
                [
                    3,
                    -6,
                    -10
                ],
                [
                    -10,
                    3,
                    -8
                ],
                [
                    3,
                    -1,
                    -8
                ],
                [
                    10,
                    2,
                    -7
                ],
                [
                    6,
                    2,
                    4
                ],
                [
                    2,
                    3,
                    5
                ],
                [
                    4,
                    2,
                    -8
                ],
                [
                    -3,
                    -1,
                    7
                ],
                [
                    -7,
                    5,
                    -4
                ],
                [
                    5,
                    -4,
                    1
                ],
                [
                    -10,
                    2,
                    -3
                ],
                [
                    -5,
                    8,
                    2
                ],
                [
                    8,
                    4,
                    3
                ],
                [
                    -5,
                    -7,
                    3
                ],
                [
                    -9,
                    -7,
                    10
                ],
                [
                    -8,
                    -4,
                    10
                ],
                [
                    -5,
                    -1,
                    -4
                ],
                [
                    -9,
                    -4,
                    3
                ],
                [
                    -9,
                    -3,
                    10
                ],
                [
                    9,
                    -8,
                    5
                ],
                [
                    9,
                    -6,
                    -4
                ]
            ],
            "{   'fun': 5.59,\n    'jac': None,\n    'nfev': 65,\n    'nit': None,\n    'njev': None,\n    'x': array([1.39821771, 1.14906513, 1.41215476, 1.20249537, 2.1924316 ,\n       1.49830547, 0.33550078, 2.27419256])}",
            {
                "0001001101": 1,
                "1111100010": 1,
                "0011011010": 1,
                "0110110101": 1,
                "1111000111": 1,
                "1011011010": 1,
                "1110011110": 1,
                "1011000001": 1,
                "0101010100": 1,
                "1111000101": 1,
                "0010100110": 1,
                "1111010001": 1,
                "0100100011": 1,
                "1010000100": 1,
                "1000001011": 1,
                "0100011001": 1,
                "0111001100": 1,
                "1000101100": 1,
                "1110000010": 1,
                "0110100000": 1,
                "0111001010": 1,
                "0011000001": 1,
                "1000001110": 1,
                "1010100000": 1,
                "1100000100": 1,
                "1010000001": 1,
                "1010110000": 1,
                "1110110111": 1,
                "0110110110": 1,
                "1111001100": 1,
                "0110100100": 2,
                "0101010000": 1,
                "0100111100": 1,
                "1110100011": 1,
                "1110100100": 1,
                "1101100100": 1,
                "1010011110": 1,
                "1101001110": 1,
                "0001011100": 1,
                "1111101111": 1,
                "1011001010": 1,
                "0100110101": 2,
                "1111100100": 1,
                "0001001011": 1,
                "1101010110": 1,
                "0000000110": 1,
                "0000010001": 1,
                "0101000111": 1,
                "0101101100": 1,
                "0000101000": 1,
                "1101101111": 1,
                "0000100100": 1,
                "0111001110": 1,
                "1001001011": 1,
                "1111001001": 1,
                "1001100000": 2,
                "0100101110": 1,
                "0011001101": 1,
                "0110101011": 1,
                "1110011001": 1,
                "0100000101": 1,
                "0001111001": 1,
                "0011001100": 1,
                "0000100110": 1,
                "0000100000": 1,
                "0010011110": 1,
                "0000011011": 1,
                "1101111110": 1,
                "1011001110": 1,
                "0111011110": 1,
                "0111001111": 1,
                "0011111000": 1,
                "1101011101": 1,
                "1011100100": 1,
                "0001100100": 1,
                "0001011101": 1,
                "0010110101": 1,
                "1110011111": 1,
                "0001101000": 1,
                "0001010101": 1,
                "0101100101": 1,
                "1000000101": 1,
                "1010101000": 1,
                "0010111011": 1,
                "0111011000": 1,
                "0001111110": 1,
                "0100110100": 1,
                "0000011110": 1,
                "0100101101": 1,
                "1000100000": 1,
                "0100010111": 1,
                "1001010010": 1,
                "1101001000": 1,
                "1001101101": 1,
                "1110011100": 2,
                "0101111011": 1
            },
            false,
            5.13
        ],
        [
            [
                [
                    -8,
                    9,
                    1
                ],
                [
                    2,
                    7,
                    10
                ],
                [
                    10,
                    8,
                    -5
                ],
                [
                    -2,
                    -9,
                    7
                ],
                [
                    6,
                    -7,
                    2
                ],
                [
                    9,
                    8,
                    -6
                ],
                [
                    -5,
                    -4,
                    -1
                ],
                [
                    9,
                    7,
                    4
                ],
                [
                    4,
                    -9,
                    -3
                ],
                [
                    8,
                    -4,
                    3
                ],
                [
                    4,
                    -1,
                    -3
                ],
                [
                    4,
                    -1,
                    -8
                ],
                [
                    10,
                    7,
                    -9
                ],
                [
                    -4,
                    -5,
                    3
                ],
                [
                    -4,
                    10,
                    -1
                ],
                [
                    10,
                    4,
                    7
                ],
                [
                    7,
                    -9,
                    4
                ],
                [
                    7,
                    -4,
                    1
                ],
                [
                    9,
                    -1,
                    5
                ],
                [
                    -7,
                    -3,
                    6
                ],
                [
                    8,
                    -9,
                    3
                ],
                [
                    6,
                    10,
                    -2
                ],
                [
                    -9,
                    8,
                    1
                ],
                [
                    -1,
                    -5,
                    3
                ],
                [
                    1,
                    -9,
                    4
                ],
                [
                    4,
                    -7,
                    2
                ],
                [
                    7,
                    5,
                    9
                ],
                [
                    7,
                    -5,
                    9
                ],
                [
                    6,
                    4,
                    8
                ],
                [
                    10,
                    3,
                    1
                ],
                [
                    -2,
                    9,
                    1
                ],
                [
                    -3,
                    -4,
                    2
                ],
                [
                    -5,
                    1,
                    8
                ],
                [
                    -1,
                    2,
                    5
                ],
                [
                    -8,
                    6,
                    -1
                ],
                [
                    -3,
                    7,
                    2
                ],
                [
                    4,
                    -10,
                    7
                ],
                [
                    8,
                    -10,
                    -1
                ],
                [
                    5,
                    10,
                    -3
                ],
                [
                    10,
                    2,
                    -9
                ],
                [
                    9,
                    -2,
                    -4
                ],
                [
                    5,
                    -1,
                    2
                ],
                [
                    -1,
                    -3,
                    -4
                ],
                [
                    -7,
                    1,
                    -2
                ],
                [
                    -6,
                    9,
                    7
                ]
            ],
            "{   'fun': 3.94,\n    'jac': None,\n    'nfev': 78,\n    'nit': None,\n    'njev': None,\n    'x': array([ 3.72155909, -0.10778798,  3.15143275,  1.98265356,  0.81283284,\n        2.29270394,  2.10029335,  1.83555175])}",
            {
                "0011110110": 1,
                "0100111101": 1,
                "1100011111": 2,
                "0000111101": 1,
                "0101010010": 1,
                "0011001111": 1,
                "1000001101": 1,
                "0101011001": 1,
                "0010001011": 1,
                "1000011111": 1,
                "0001010110": 1,
                "1000111101": 1,
                "0000010101": 1,
                "1011100010": 1,
                "0100111111": 1,
                "1000111011": 2,
                "1100111001": 1,
                "1100111100": 1,
                "0010101111": 1,
                "0011010011": 1,
                "1101110111": 1,
                "0100111100": 1,
                "1100011011": 1,
                "1101111111": 3,
                "0100001101": 1,
                "0111001011": 1,
                "0000111000": 1,
                "0001111111": 3,
                "1101011111": 1,
                "1111110111": 2,
                "0011001001": 1,
                "1001001101": 2,
                "1010010001": 1,
                "0011011101": 1,
                "0100010111": 1,
                "1001100011": 1,
                "0101111111": 1,
                "1000011101": 1,
                "1001011011": 1,
                "1000010100": 1,
                "0111111111": 2,
                "0101011111": 1,
                "1100111000": 1,
                "0111001110": 1,
                "0011011111": 1,
                "0111011101": 1,
                "1100111110": 1,
                "1101010010": 1,
                "0101011101": 2,
                "0111011111": 2,
                "0000011101": 1,
                "0010111100": 1,
                "0101100111": 1,
                "0011111110": 1,
                "1110110100": 1,
                "0001110101": 1,
                "1011001001": 1,
                "0100110100": 1,
                "0001111011": 1,
                "0110100110": 1,
                "1111011010": 1,
                "0001001111": 1,
                "0001111001": 1,
                "1111111011": 1,
                "1110011100": 1,
                "1100110111": 1,
                "1100111111": 2,
                "0111001000": 1,
                "0011001101": 1,
                "0111000011": 1,
                "1111111001": 1,
                "0111110111": 1,
                "0111100101": 2,
                "0110100101": 1,
                "1100011110": 1,
                "0100011010": 1,
                "0100010011": 1,
                "0001001100": 3,
                "0001010100": 1,
                "0001000111": 1,
                "1001111101": 1,
                "0001011111": 1,
                "0000101101": 1,
                "1010011001": 1,
                "0000111111": 1
            },
            false,
            3.11
        ],
        [
            [
                [
                    1,
                    -10,
                    -7
                ],
                [
                    -10,
                    6,
                    -4
                ],
                [
                    9,
                    -2,
                    4
                ],
                [
                    8,
                    -9,
                    4
                ],
                [
                    -9,
                    5,
                    -10
                ],
                [
                    -5,
                    -1,
                    -3
                ],
                [
                    -1,
                    9,
                    -2
                ],
                [
                    -6,
                    10,
                    7
                ],
                [
                    9,
                    -7,
                    -3
                ],
                [
                    -3,
                    8,
                    -9
                ],
                [
                    -8,
                    -4,
                    -9
                ],
                [
                    -7,
                    3,
                    2
                ],
                [
                    -7,
                    3,
                    -6
                ],
                [
                    7,
                    -8,
                    -2
                ],
                [
                    10,
                    2,
                    8
                ],
                [
                    1,
                    -5,
                    9
                ],
                [
                    2,
                    6,
                    -1
                ],
                [
                    6,
                    -8,
                    -3
                ],
                [
                    9,
                    4,
                    -5
                ],
                [
                    -1,
                    4,
                    10
                ],
                [
                    -7,
                    -4,
                    -1
                ],
                [
                    -9,
                    -7,
                    4
                ],
                [
                    -2,
                    5,
                    -7
                ],
                [
                    6,
                    7,
                    4
                ],
                [
                    2,
                    -9,
                    10
                ],
                [
                    -2,
                    -3,
                    -6
                ],
                [
                    -2,
                    7,
                    8
                ],
                [
                    -5,
                    -1,
                    -2
                ],
                [
                    -2,
                    8,
                    -3
                ],
                [
                    3,
                    8,
                    7
                ],
                [
                    10,
                    -9,
                    1
                ],
                [
                    2,
                    -5,
                    3
                ],
                [
                    -8,
                    -10,
                    2
                ],
                [
                    1,
                    -6,
                    8
                ],
                [
                    -6,
                    -8,
                    5
                ],
                [
                    -2,
                    -6,
                    5
                ],
                [
                    -5,
                    2,
                    -7
                ],
                [
                    7,
                    -9,
                    -2
                ],
                [
                    -9,
                    6,
                    10
                ],
                [
                    6,
                    -10,
                    5
                ],
                [
                    -9,
                    -1,
                    8
                ],
                [
                    4,
                    6,
                    -5
                ],
                [
                    -2,
                    7,
                    1
                ],
                [
                    -7,
                    -2,
                    -1
                ],
                [
                    10,
                    -5,
                    -2
                ]
            ],
            "{   'fun': 4.83,\n    'jac': None,\n    'nfev': 82,\n    'nit': None,\n    'njev': None,\n    'x': array([0.8178037 , 1.95480494, 1.18533809, 2.05234981, 1.02785788,\n       1.9626501 , 0.4333444 , 1.84220351])}",
            {
                "1000111011": 1,
                "0010010001": 1,
                "0000111101": 1,
                "0001010111": 1,
                "1011001111": 1,
                "1001001101": 1,
                "1000001100": 1,
                "0101111111": 1,
                "0101101001": 1,
                "1110001111": 1,
                "0001010110": 1,
                "0010101001": 1,
                "0101001010": 1,
                "0011110100": 2,
                "0010001100": 1,
                "1010000010": 1,
                "1100001101": 1,
                "1001100110": 1,
                "0101011111": 1,
                "1111011011": 1,
                "0011101000": 2,
                "0101010111": 1,
                "0001101000": 1,
                "0000000001": 1,
                "0001100111": 1,
                "0011100111": 2,
                "1011001101": 1,
                "0001100000": 1,
                "0001011110": 1,
                "1001010101": 2,
                "0000101100": 2,
                "1001010100": 1,
                "0011011001": 1,
                "0011111111": 1,
                "0000010111": 1,
                "1011010011": 1,
                "1001100000": 1,
                "0101001101": 1,
                "1101001110": 1,
                "0001101001": 2,
                "1001001000": 1,
                "1001111101": 1,
                "0100100111": 1,
                "0100001011": 1,
                "0101010001": 1,
                "1100000010": 1,
                "1101011111": 2,
                "0110011011": 1,
                "0110010011": 1,
                "0101011010": 1,
                "1001000111": 1,
                "1100001100": 2,
                "0111110101": 1,
                "1000101000": 1,
                "1001111010": 1,
                "1011010100": 1,
                "1011010000": 1,
                "1010011001": 1,
                "0110110011": 2,
                "1000001101": 1,
                "0001011000": 1,
                "0000111100": 1,
                "0001100011": 2,
                "1010010111": 1,
                "1111001101": 1,
                "1101001101": 1,
                "0001100110": 1,
                "1010000111": 1,
                "0001110101": 1,
                "0001101111": 1,
                "0101101010": 1,
                "0001101110": 1,
                "0111011100": 1,
                "0000110001": 1,
                "1110100011": 1,
                "1110111001": 1,
                "0110000100": 1,
                "0000001011": 2,
                "0101101100": 1,
                "0101001011": 1,
                "1011111101": 1,
                "0011010100": 2,
                "0110011000": 1,
                "0001000001": 1,
                "0000100101": 2,
                "1101100110": 1,
                "1101101001": 1
            },
            false,
            4.75
        ]
    ]
}