{
    "n": 10,
    "m": 45,
    "results": [
        [
            [
                [
                    7,
                    -2,
                    8
                ],
                [
                    8,
                    6,
                    2
                ],
                [
                    2,
                    -5,
                    7
                ],
                [
                    -1,
                    7,
                    -4
                ],
                [
                    -7,
                    -9,
                    -5
                ],
                [
                    6,
                    1,
                    2
                ],
                [
                    -9,
                    -2,
                    -7
                ],
                [
                    10,
                    1,
                    8
                ],
                [
                    10,
                    3,
                    -8
                ],
                [
                    -2,
                    -3,
                    -9
                ],
                [
                    -9,
                    -5,
                    10
                ],
                [
                    -2,
                    5,
                    -7
                ],
                [
                    -2,
                    -4,
                    -3
                ],
                [
                    9,
                    -1,
                    6
                ],
                [
                    -10,
                    9,
                    1
                ],
                [
                    -6,
                    -8,
                    4
                ],
                [
                    1,
                    6,
                    5
                ],
                [
                    -5,
                    3,
                    -2
                ],
                [
                    -6,
                    8,
                    1
                ],
                [
                    -5,
                    -3,
                    1
                ],
                [
                    -8,
                    -4,
                    -2
                ],
                [
                    4,
                    7,
                    -6
                ],
                [
                    6,
                    1,
                    2
                ],
                [
                    10,
                    -8,
                    2
                ],
                [
                    -8,
                    7,
                    3
                ],
                [
                    4,
                    -3,
                    8
                ],
                [
                    10,
                    8,
                    -2
                ],
                [
                    3,
                    6,
                    -2
                ],
                [
                    9,
                    3,
                    -4
                ],
                [
                    6,
                    -2,
                    10
                ],
                [
                    -10,
                    -9,
                    -3
                ],
                [
                    -1,
                    10,
                    8
                ],
                [
                    -2,
                    -6,
                    -4
                ],
                [
                    4,
                    3,
                    -2
                ],
                [
                    -2,
                    4,
                    6
                ],
                [
                    -6,
                    -1,
                    -8
                ],
                [
                    -1,
                    -5,
                    -3
                ],
                [
                    3,
                    9,
                    -6
                ],
                [
                    4,
                    -2,
                    -1
                ],
                [
                    -5,
                    3,
                    10
                ],
                [
                    4,
                    -2,
                    -8
                ],
                [
                    -4,
                    -3,
                    1
                ],
                [
                    -8,
                    4,
                    6
                ],
                [
                    5,
                    7,
                    -3
                ],
                [
                    -5,
                    3,
                    -7
                ]
            ],
            "{   'fun': 0.87,\n    'jac': None,\n    'nfev': 200,\n    'nit': 100,\n    'njev': None,\n    'x': array([ 3.65898199, -3.83663082])}",
            {
                "0001000001": 1,
                "1000010000": 1,
                "1101101001": 1,
                "1010101111": 1,
                "1101100110": 1,
                "1010001111": 1,
                "1011110011": 1,
                "0000111111": 1,
                "0111100000": 1,
                "1100110011": 1,
                "0000110011": 1,
                "1110001100": 1,
                "1111001001": 1,
                "0000111101": 1,
                "1001101100": 1,
                "0100101101": 1,
                "1101100111": 1,
                "1101010011": 1,
                "1111000110": 1,
                "0000011111": 1,
                "1111110100": 1,
                "0111011111": 1,
                "1111101011": 1,
                "1011011110": 1,
                "1001011010": 1,
                "0010100100": 1,
                "1011101011": 1,
                "0101011000": 2,
                "1110000001": 1,
                "1001111010": 1,
                "1101101011": 1,
                "1100111011": 1,
                "0100010100": 1,
                "0100111001": 1,
                "0111100001": 1,
                "1110101100": 1,
                "1011111100": 1,
                "1101001100": 1,
                "1011011000": 1,
                "0110000011": 1,
                "0110100000": 2,
                "0010011010": 1,
                "1101110110": 1,
                "1000101101": 2,
                "0001010100": 1,
                "1111101000": 4,
                "0000010010": 1,
                "1001101101": 2,
                "1100010000": 1,
                "0100001110": 1,
                "0010000110": 2,
                "1100011101": 2,
                "0011010110": 1,
                "0110111100": 1,
                "1110000110": 1,
                "0000101000": 1,
                "1001100100": 1,
                "1110111010": 2,
                "0110111011": 1,
                "1110111000": 1,
                "1011101001": 1,
                "1101100010": 1,
                "1001001010": 1,
                "1000111101": 1,
                "0111011110": 1,
                "1100010101": 1,
                "0100111100": 1,
                "0011000101": 1,
                "0101011111": 1,
                "1001100111": 1,
                "1111110011": 1,
                "0111110001": 1,
                "0010001000": 1,
                "1101100001": 3,
                "1101111111": 1,
                "0011010111": 1,
                "0001110000": 1,
                "1101111000": 1,
                "0101111110": 1,
                "1100000010": 1,
                "0100100010": 1,
                "1101101100": 1,
                "1111000001": 1,
                "1111011011": 1,
                "0100101000": 1,
                "0111111001": 1,
                "0110000111": 1,
                "0110011011": 1
            },
            true,
            0.81
        ],
        [
            [
                [
                    -2,
                    -8,
                    1
                ],
                [
                    4,
                    -8,
                    -3
                ],
                [
                    5,
                    -2,
                    8
                ],
                [
                    10,
                    -3,
                    8
                ],
                [
                    -4,
                    -5,
                    9
                ],
                [
                    1,
                    2,
                    5
                ],
                [
                    2,
                    8,
                    5
                ],
                [
                    -7,
                    -5,
                    -1
                ],
                [
                    7,
                    -9,
                    4
                ],
                [
                    2,
                    9,
                    4
                ],
                [
                    9,
                    3,
                    -5
                ],
                [
                    6,
                    -4,
                    -10
                ],
                [
                    -3,
                    4,
                    -10
                ],
                [
                    -8,
                    -9,
                    10
                ],
                [
                    9,
                    4,
                    -6
                ],
                [
                    6,
                    3,
                    -2
                ],
                [
                    4,
                    -1,
                    -3
                ],
                [
                    -5,
                    -8,
                    2
                ],
                [
                    -10,
                    2,
                    -3
                ],
                [
                    2,
                    -6,
                    4
                ],
                [
                    6,
                    1,
                    4
                ],
                [
                    10,
                    -6,
                    -3
                ],
                [
                    6,
                    10,
                    -9
                ],
                [
                    4,
                    9,
                    -3
                ],
                [
                    10,
                    -3,
                    9
                ],
                [
                    -10,
                    -9,
                    8
                ],
                [
                    6,
                    -7,
                    -4
                ],
                [
                    4,
                    -10,
                    -1
                ],
                [
                    4,
                    -10,
                    -1
                ],
                [
                    3,
                    -9,
                    4
                ],
                [
                    -9,
                    -8,
                    -10
                ],
                [
                    7,
                    8,
                    -6
                ],
                [
                    8,
                    -5,
                    4
                ],
                [
                    5,
                    3,
                    -10
                ],
                [
                    -7,
                    10,
                    1
                ],
                [
                    10,
                    -1,
                    6
                ],
                [
                    -6,
                    -5,
                    -3
                ],
                [
                    -7,
                    -3,
                    10
                ],
                [
                    -9,
                    4,
                    5
                ],
                [
                    -4,
                    3,
                    10
                ],
                [
                    -8,
                    10,
                    -5
                ],
                [
                    -4,
                    -10,
                    -2
                ],
                [
                    6,
                    2,
                    10
                ],
                [
                    -5,
                    -8,
                    -7
                ],
                [
                    8,
                    6,
                    4
                ]
            ],
            "{   'fun': 1.0,\n    'jac': None,\n    'nfev': 200,\n    'nit': 100,\n    'njev': None,\n    'x': array([nan, nan])}",
            {
                "0000100111": 1,
                "1101100110": 1,
                "0111101011": 1,
                "1111010110": 1,
                "0001110110": 1,
                "0110100011": 1,
                "0000100110": 1,
                "0011001011": 1,
                "1100111001": 1,
                "1101001000": 1,
                "1001101101": 1,
                "0010101001": 1,
                "1111101110": 1,
                "0111111010": 1,
                "0110011100": 1,
                "0010000111": 1,
                "1001110100": 1,
                "0100110001": 1,
                "0110111110": 1,
                "1110001100": 2,
                "0110011001": 1,
                "0100011110": 1,
                "1010111101": 1,
                "0011110100": 1,
                "0001111100": 1,
                "0111001100": 1,
                "1010101101": 1,
                "0110000010": 1,
                "0000011100": 1,
                "0110001001": 1,
                "0111100000": 1,
                "0110010111": 1,
                "0000010001": 1,
                "0010110101": 1,
                "0110000110": 1,
                "1100010101": 1,
                "1111001010": 1,
                "0010100010": 1,
                "1001100110": 1,
                "0100000001": 1,
                "1010010000": 1,
                "1110110101": 1,
                "0001100001": 1,
                "0110111011": 1,
                "0000101111": 1,
                "1001011001": 1,
                "0111000000": 1,
                "0000101011": 2,
                "0110101111": 1,
                "1001010110": 1,
                "0101111111": 1,
                "1000101000": 1,
                "0010111110": 1,
                "1110010011": 1,
                "0110001010": 1,
                "1000110000": 1,
                "0010010110": 1,
                "0001110011": 1,
                "0100001101": 1,
                "0010100011": 1,
                "0111111000": 1,
                "0010001000": 1,
                "0101011010": 1,
                "0000011001": 1,
                "0101001001": 1,
                "0110000011": 2,
                "1001000011": 1,
                "0010111100": 1,
                "1000110010": 1,
                "0100010001": 2,
                "0001001100": 1,
                "1111000000": 1,
                "1011001100": 1,
                "1000100000": 1,
                "0100101101": 2,
                "1110010101": 1,
                "0111101101": 1,
                "1100100111": 2,
                "1100001000": 1,
                "1010110111": 1,
                "1011011010": 1,
                "1010101100": 1,
                "0001111011": 1,
                "0100101000": 1,
                "1110001010": 1,
                "0110011111": 1,
                "0110001111": 1,
                "0001101010": 1,
                "1101001001": 1,
                "1100001101": 1,
                "1100100000": 1,
                "1111011100": 1,
                "0001101011": 1,
                "1110111110": 1
            },
            false,
            1.0
        ],
        [
            [
                [
                    -6,
                    -2,
                    -7
                ],
                [
                    -7,
                    -3,
                    -2
                ],
                [
                    -1,
                    -10,
                    -3
                ],
                [
                    4,
                    1,
                    6
                ],
                [
                    4,
                    -8,
                    1
                ],
                [
                    8,
                    9,
                    5
                ],
                [
                    -9,
                    -10,
                    -2
                ],
                [
                    1,
                    -2,
                    6
                ],
                [
                    -5,
                    -8,
                    4
                ],
                [
                    6,
                    -3,
                    9
                ],
                [
                    6,
                    -7,
                    -2
                ],
                [
                    -8,
                    -10,
                    2
                ],
                [
                    -6,
                    -2,
                    -1
                ],
                [
                    -9,
                    5,
                    -6
                ],
                [
                    -3,
                    1,
                    -2
                ],
                [
                    6,
                    -2,
                    -8
                ],
                [
                    -9,
                    -4,
                    -2
                ],
                [
                    4,
                    -7,
                    -6
                ],
                [
                    1,
                    -6,
                    3
                ],
                [
                    -2,
                    -6,
                    4
                ],
                [
                    5,
                    -7,
                    -2
                ],
                [
                    5,
                    10,
                    -8
                ],
                [
                    -9,
                    -3,
                    -1
                ],
                [
                    -4,
                    -8,
                    5
                ],
                [
                    8,
                    -9,
                    7
                ],
                [
                    3,
                    6,
                    -9
                ],
                [
                    3,
                    5,
                    8
                ],
                [
                    -8,
                    4,
                    -2
                ],
                [
                    7,
                    -9,
                    2
                ],
                [
                    -10,
                    -9,
                    -1
                ],
                [
                    -5,
                    1,
                    4
                ],
                [
                    -1,
                    -10,
                    -4
                ],
                [
                    6,
                    -8,
                    4
                ],
                [
                    -10,
                    6,
                    5
                ],
                [
                    4,
                    2,
                    -9
                ],
                [
                    -3,
                    -6,
                    -10
                ],
                [
                    8,
                    -3,
                    10
                ],
                [
                    -5,
                    10,
                    2
                ],
                [
                    -10,
                    -4,
                    8
                ],
                [
                    -7,
                    -8,
                    4
                ],
                [
                    6,
                    -2,
                    1
                ],
                [
                    3,
                    -8,
                    -2
                ],
                [
                    10,
                    5,
                    8
                ],
                [
                    -3,
                    -7,
                    9
                ],
                [
                    1,
                    -7,
                    4
                ]
            ],
            "{   'fun': 0.86,\n    'jac': None,\n    'nfev': 200,\n    'nit': 100,\n    'njev': None,\n    'x': array([10.11455296, -3.86029199])}",
            {
                "0110011000": 1,
                "0101110000": 1,
                "0111101000": 1,
                "0100101110": 1,
                "0011101100": 1,
                "1010101011": 1,
                "0101110001": 1,
                "1110110000": 1,
                "1101010111": 1,
                "1110010000": 1,
                "1010110011": 1,
                "1010010010": 1,
                "0010101010": 1,
                "1011101111": 1,
                "0100110010": 1,
                "1101011101": 1,
                "0110000100": 1,
                "1110001101": 1,
                "1000100111": 1,
                "1101001110": 1,
                "0111010011": 1,
                "1011110000": 1,
                "1110000101": 1,
                "0110010101": 1,
                "1011111101": 1,
                "1110010110": 1,
                "0110000110": 1,
                "1100010101": 1,
                "0111110011": 1,
                "0010111000": 1,
                "0110010011": 1,
                "0000110101": 1,
                "0100001001": 1,
                "0011111001": 1,
                "1000000001": 1,
                "1101010110": 1,
                "1110110111": 1,
                "1111001100": 1,
                "1100001011": 1,
                "1000000010": 1,
                "1100010011": 1,
                "0101010001": 1,
                "1111110101": 1,
                "1010010100": 1,
                "0000010011": 5,
                "0111110001": 1,
                "1010101110": 1,
                "1100110101": 1,
                "1001010001": 2,
                "0011110111": 1,
                "1011100000": 1,
                "0010001100": 1,
                "1111100111": 1,
                "1100011011": 1,
                "1000010001": 3,
                "1010001011": 1,
                "1111110000": 1,
                "0000100010": 1,
                "0101010101": 1,
                "1110010011": 1,
                "1110100011": 1,
                "0000011001": 1,
                "0000101000": 1,
                "1101011001": 1,
                "0011000010": 1,
                "0000011011": 3,
                "0110011111": 1,
                "1000100011": 1,
                "1011010110": 1,
                "1000110001": 3,
                "1000010011": 2,
                "1000110111": 1,
                "0101011101": 1,
                "1111101011": 1,
                "0010110100": 1,
                "0101000011": 1,
                "0111011000": 1,
                "1101110110": 2,
                "0001010001": 1,
                "1111011111": 1,
                "1101101001": 1,
                "0001101100": 1,
                "0101010011": 1,
                "1000000110": 2,
                "1001010010": 1,
                "1111111101": 1
            },
            true,
            0.81
        ],
        [
            [
                [
                    9,
                    5,
                    7
                ],
                [
                    -5,
                    -1,
                    -8
                ],
                [
                    -9,
                    -8,
                    7
                ],
                [
                    1,
                    -2,
                    10
                ],
                [
                    6,
                    -9,
                    1
                ],
                [
                    8,
                    -10,
                    -4
                ],
                [
                    -1,
                    -7,
                    8
                ],
                [
                    3,
                    5,
                    -7
                ],
                [
                    -2,
                    5,
                    -6
                ],
                [
                    -8,
                    -9,
                    1
                ],
                [
                    2,
                    -1,
                    -10
                ],
                [
                    9,
                    -6,
                    -10
                ],
                [
                    1,
                    -10,
                    -5
                ],
                [
                    7,
                    4,
                    6
                ],
                [
                    -10,
                    5,
                    9
                ],
                [
                    -7,
                    -10,
                    -8
                ],
                [
                    6,
                    7,
                    5
                ],
                [
                    -6,
                    1,
                    8
                ],
                [
                    3,
                    -10,
                    -5
                ],
                [
                    1,
                    -6,
                    -3
                ],
                [
                    6,
                    8,
                    4
                ],
                [
                    -7,
                    6,
                    1
                ],
                [
                    6,
                    9,
                    -1
                ],
                [
                    -5,
                    4,
                    7
                ],
                [
                    7,
                    -2,
                    -6
                ],
                [
                    -9,
                    -1,
                    -2
                ],
                [
                    9,
                    -5,
                    -3
                ],
                [
                    -8,
                    2,
                    1
                ],
                [
                    -9,
                    8,
                    5
                ],
                [
                    -10,
                    -2,
                    -3
                ],
                [
                    7,
                    -6,
                    4
                ],
                [
                    1,
                    9,
                    6
                ],
                [
                    1,
                    7,
                    -5
                ],
                [
                    -1,
                    -10,
                    7
                ],
                [
                    1,
                    -7,
                    -2
                ],
                [
                    -3,
                    -6,
                    -7
                ],
                [
                    -2,
                    -6,
                    1
                ],
                [
                    10,
                    -9,
                    -5
                ],
                [
                    9,
                    3,
                    6
                ],
                [
                    -1,
                    4,
                    8
                ],
                [
                    3,
                    -4,
                    -5
                ],
                [
                    -2,
                    -4,
                    5
                ],
                [
                    9,
                    2,
                    6
                ],
                [
                    10,
                    -2,
                    5
                ],
                [
                    -3,
                    -9,
                    5
                ]
            ],
            "{   'fun': 1.0,\n    'jac': None,\n    'nfev': 200,\n    'nit': 100,\n    'njev': None,\n    'x': array([nan, nan])}",
            {
                "1101110111": 1,
                "0100100100": 1,
                "1101010110": 1,
                "1000100110": 1,
                "0100101111": 1,
                "1110111110": 1,
                "0101110101": 1,
                "1000101010": 1,
                "0111010000": 1,
                "0100011010": 1,
                "1011010010": 1,
                "1111100010": 1,
                "0101110110": 1,
                "0101011111": 1,
                "1101101111": 1,
                "1101100000": 1,
                "1110011001": 1,
                "1110101010": 1,
                "1000100000": 1,
                "0111101001": 1,
                "1101100101": 1,
                "1011000111": 1,
                "0001011110": 1,
                "0000011011": 1,
                "0011000111": 1,
                "0111011011": 1,
                "1110100011": 1,
                "0010101111": 1,
                "0010111001": 1,
                "0001101011": 1,
                "0001111100": 1,
                "1100100100": 2,
                "1111000101": 1,
                "1011110101": 1,
                "0100010100": 1,
                "0110000101": 2,
                "0101001010": 1,
                "0111101011": 1,
                "1010110101": 1,
                "1010111010": 1,
                "0100110010": 1,
                "1011101111": 1,
                "1010001001": 1,
                "0011000001": 1,
                "0101110111": 1,
                "1100011010": 1,
                "1111111000": 1,
                "0111110011": 1,
                "1000000010": 1,
                "1010110001": 1,
                "0001110111": 1,
                "0000101011": 1,
                "0011111101": 1,
                "1101111011": 1,
                "1011010001": 1,
                "0010100010": 1,
                "0011110010": 1,
                "0010111101": 1,
                "0111010001": 1,
                "0101101001": 1,
                "0110000111": 1,
                "0010000110": 1,
                "0100000111": 1,
                "1110110011": 1,
                "1111010101": 1,
                "1010000010": 1,
                "0110111101": 1,
                "0110001001": 1,
                "0011011100": 1,
                "0110101010": 1,
                "0101100100": 2,
                "0110100111": 1,
                "0011110111": 1,
                "0000110011": 1,
                "0011001110": 1,
                "0011101001": 1,
                "1100001000": 1,
                "1100000011": 1,
                "0101001001": 1,
                "0011010000": 1,
                "1110000011": 1,
                "0010101011": 1,
                "1110110000": 1,
                "0110011001": 1,
                "1110000001": 1,
                "0111111010": 1,
                "1110010001": 1,
                "1100000001": 1,
                "1101110001": 1,
                "0000010111": 1,
                "1100111001": 1,
                "1111011001": 1,
                "0110100001": 1,
                "1011001101": 1,
                "0001110001": 1,
                "0011101011": 1,
                "1101000111": 1
            },
            false,
            1.0
        ],
        [
            [
                [
                    -9,
                    -10,
                    3
                ],
                [
                    4,
                    -7,
                    2
                ],
                [
                    -5,
                    10,
                    -1
                ],
                [
                    4,
                    2,
                    3
                ],
                [
                    -5,
                    -7,
                    -6
                ],
                [
                    -10,
                    -5,
                    7
                ],
                [
                    -2,
                    1,
                    -3
                ],
                [
                    6,
                    5,
                    4
                ],
                [
                    -10,
                    -4,
                    -6
                ],
                [
                    -7,
                    8,
                    2
                ],
                [
                    -8,
                    3,
                    -6
                ],
                [
                    -1,
                    -7,
                    -6
                ],
                [
                    9,
                    3,
                    1
                ],
                [
                    -9,
                    1,
                    3
                ],
                [
                    7,
                    -1,
                    10
                ],
                [
                    -2,
                    -7,
                    9
                ],
                [
                    4,
                    1,
                    -10
                ],
                [
                    -4,
                    1,
                    -10
                ],
                [
                    -6,
                    8,
                    10
                ],
                [
                    8,
                    2,
                    9
                ],
                [
                    7,
                    -6,
                    -10
                ],
                [
                    10,
                    -7,
                    -8
                ],
                [
                    4,
                    10,
                    1
                ],
                [
                    -1,
                    -9,
                    5
                ],
                [
                    -9,
                    -3,
                    -8
                ],
                [
                    1,
                    10,
                    -4
                ],
                [
                    -2,
                    9,
                    6
                ],
                [
                    4,
                    6,
                    -3
                ],
                [
                    7,
                    -5,
                    4
                ],
                [
                    7,
                    -8,
                    6
                ],
                [
                    -1,
                    -9,
                    6
                ],
                [
                    8,
                    -7,
                    -1
                ],
                [
                    6,
                    -4,
                    10
                ],
                [
                    -3,
                    5,
                    -9
                ],
                [
                    9,
                    7,
                    1
                ],
                [
                    2,
                    10,
                    -4
                ],
                [
                    -6,
                    -9,
                    2
                ],
                [
                    -4,
                    9,
                    7
                ],
                [
                    2,
                    7,
                    -3
                ],
                [
                    -9,
                    -8,
                    3
                ],
                [
                    -8,
                    -5,
                    -6
                ],
                [
                    2,
                    6,
                    9
                ],
                [
                    -9,
                    -1,
                    -4
                ],
                [
                    10,
                    9,
                    -8
                ],
                [
                    4,
                    6,
                    2
                ]
            ],
            "{   'fun': 1.0,\n    'jac': None,\n    'nfev': 200,\n    'nit': 100,\n    'njev': None,\n    'x': array([nan, nan])}",
            {
                "1010101111": 1,
                "1010111101": 1,
                "1010100010": 1,
                "0110110111": 1,
                "0011001101": 1,
                "0001001001": 1,
                "1101101000": 1,
                "0011111001": 2,
                "1110010001": 1,
                "1100011011": 1,
                "0101100011": 1,
                "0110011100": 1,
                "0110011001": 1,
                "1101111010": 1,
                "1111110111": 1,
                "0001101010": 1,
                "0100001101": 1,
                "1001100011": 1,
                "0011100110": 1,
                "0100001110": 1,
                "0001111000": 1,
                "0011111111": 1,
                "0111101001": 1,
                "1011001001": 1,
                "0000000000": 1,
                "0001010111": 1,
                "1011110101": 1,
                "1110111100": 1,
                "1110000011": 1,
                "1111001110": 1,
                "0101101100": 1,
                "0001011001": 1,
                "1011100100": 1,
                "1101111101": 1,
                "1100011110": 1,
                "1001011010": 1,
                "0110000100": 1,
                "1101000110": 2,
                "1100111011": 1,
                "1001101011": 2,
                "1010000011": 1,
                "1000111010": 1,
                "0111001110": 1,
                "0001110101": 1,
                "0101101101": 1,
                "0111110000": 1,
                "0101001000": 1,
                "1001111001": 1,
                "0100001010": 1,
                "0100000010": 1,
                "0000011101": 1,
                "0111011111": 1,
                "1101011011": 1,
                "0101111001": 1,
                "0100010011": 1,
                "1000010110": 1,
                "1011100111": 1,
                "1101110001": 1,
                "1001011001": 1,
                "0011011010": 1,
                "0001001100": 1,
                "1000110001": 1,
                "1000000101": 1,
                "1100101101": 1,
                "0000101100": 1,
                "1011001000": 1,
                "1100010000": 1,
                "0011001011": 1,
                "0011010110": 1,
                "0110000011": 1,
                "1101000000": 1,
                "1110001110": 1,
                "0111110101": 1,
                "1101000001": 1,
                "1011001111": 1,
                "1001101111": 1,
                "0011001000": 2,
                "1010011000": 1,
                "1100010011": 1,
                "1001000110": 1,
                "0001111111": 1,
                "1011110100": 1,
                "0111000101": 1,
                "0010100110": 1,
                "1101001011": 1,
                "1010000100": 1,
                "1010100000": 1,
                "0011110000": 1,
                "0010111101": 1,
                "1110100101": 1,
                "1011111000": 1,
                "1001110001": 1,
                "1001111101": 1,
                "1100110100": 1,
                "0001100011": 1,
                "0100001100": 1
            },
            false,
            1.0
        ]
    ]
}