{
    "n": 10,
    "m": 45,
    "results": [
        [
            [
                [
                    -4,
                    -7,
                    -6
                ],
                [
                    1,
                    5,
                    3
                ],
                [
                    -2,
                    -7,
                    5
                ],
                [
                    -7,
                    -8,
                    6
                ],
                [
                    5,
                    6,
                    10
                ],
                [
                    -6,
                    -8,
                    2
                ],
                [
                    -1,
                    9,
                    -4
                ],
                [
                    2,
                    -6,
                    -9
                ],
                [
                    3,
                    1,
                    -8
                ],
                [
                    -9,
                    -5,
                    -3
                ],
                [
                    -9,
                    10,
                    7
                ],
                [
                    6,
                    -10,
                    8
                ],
                [
                    -8,
                    -4,
                    -5
                ],
                [
                    1,
                    5,
                    -8
                ],
                [
                    -3,
                    5,
                    -9
                ],
                [
                    -7,
                    9,
                    10
                ],
                [
                    -3,
                    5,
                    10
                ],
                [
                    -2,
                    -8,
                    7
                ],
                [
                    7,
                    10,
                    -9
                ],
                [
                    5,
                    3,
                    10
                ],
                [
                    8,
                    1,
                    4
                ],
                [
                    6,
                    1,
                    8
                ],
                [
                    -2,
                    -3,
                    -4
                ],
                [
                    1,
                    4,
                    2
                ],
                [
                    5,
                    -4,
                    1
                ],
                [
                    -6,
                    1,
                    4
                ],
                [
                    3,
                    5,
                    8
                ],
                [
                    3,
                    -1,
                    2
                ],
                [
                    -4,
                    -1,
                    6
                ],
                [
                    -6,
                    9,
                    -8
                ],
                [
                    7,
                    4,
                    9
                ],
                [
                    6,
                    -10,
                    -2
                ],
                [
                    -8,
                    -1,
                    -6
                ],
                [
                    -5,
                    8,
                    10
                ],
                [
                    2,
                    -9,
                    7
                ],
                [
                    -3,
                    1,
                    -10
                ],
                [
                    5,
                    -1,
                    7
                ],
                [
                    -1,
                    8,
                    7
                ],
                [
                    -2,
                    5,
                    6
                ],
                [
                    9,
                    -10,
                    2
                ],
                [
                    9,
                    -4,
                    -7
                ],
                [
                    8,
                    -9,
                    6
                ],
                [
                    2,
                    9,
                    -6
                ],
                [
                    -1,
                    6,
                    2
                ],
                [
                    -6,
                    -8,
                    -1
                ]
            ],
            "{   'fun': 0.83,\n    'jac': None,\n    'nfev': 216,\n    'nit': 2,\n    'njev': 24,\n    'x': array([0.07271878, 0.08518428, 2.49748866, 0.83938079, 1.76215288,\n       1.6829128 , 2.48651562, 2.64260121])}",
            {
                "1001100011": 1,
                "0101100001": 1,
                "1011101111": 1,
                "1100111010": 2,
                "0100000010": 1,
                "1111010111": 1,
                "0111100110": 1,
                "0001011100": 1,
                "1001111110": 1,
                "1100101111": 1,
                "1000010001": 1,
                "1000001000": 1,
                "1010000010": 1,
                "1001000110": 1,
                "0000000111": 1,
                "1001011111": 1,
                "0100001100": 1,
                "0001010101": 1,
                "1001110011": 1,
                "1000010101": 1,
                "0100011000": 1,
                "0000100010": 1,
                "0111010111": 1,
                "0000111001": 1,
                "0110001001": 1,
                "1001001001": 1,
                "0001101100": 1,
                "0000000011": 2,
                "0001111101": 1,
                "1011000011": 1,
                "1011000101": 1,
                "0111110011": 2,
                "1100010101": 1,
                "0100010011": 1,
                "1101110011": 1,
                "0101111110": 1,
                "0100100001": 1,
                "1011100010": 1,
                "1111110011": 1,
                "1101011011": 1,
                "1011010011": 1,
                "1000001001": 1,
                "0000101100": 1,
                "1000111010": 3,
                "0010000000": 1,
                "1010101000": 1,
                "0000101000": 1,
                "1010100100": 1,
                "0100111010": 1,
                "1100100100": 1,
                "1010100110": 1,
                "0101011111": 1,
                "0101101111": 1,
                "1010000001": 1,
                "1111100110": 1,
                "0110110010": 1,
                "1010001101": 1,
                "0110111010": 1,
                "0110011100": 1,
                "0111010100": 1,
                "0100110111": 1,
                "0101101000": 1,
                "0000111110": 1,
                "0011010001": 1,
                "1011001111": 1,
                "0001111000": 1,
                "1110011011": 1,
                "1001110001": 1,
                "1001001000": 1,
                "1011000000": 1,
                "1010101001": 1,
                "1000111101": 1,
                "1011010101": 1,
                "1001001010": 1,
                "1101010000": 1,
                "1110110110": 1,
                "0001100000": 1,
                "0010010010": 1,
                "1110110101": 1,
                "1001110111": 5,
                "1110101111": 1,
                "0001001001": 1,
                "0101111010": 1,
                "0010011010": 1,
                "0111001010": 1,
                "0110000011": 1,
                "1010111000": 1,
                "1111011000": 1,
                "0101000110": 1,
                "0011010010": 1,
                "1110001011": 1
            },
            true,
            0.76
        ],
        [
            [
                [
                    2,
                    5,
                    9
                ],
                [
                    -9,
                    10,
                    7
                ],
                [
                    5,
                    1,
                    -10
                ],
                [
                    -5,
                    2,
                    -9
                ],
                [
                    -1,
                    -3,
                    -4
                ],
                [
                    -10,
                    5,
                    -3
                ],
                [
                    -9,
                    4,
                    5
                ],
                [
                    9,
                    6,
                    1
                ],
                [
                    -6,
                    10,
                    -2
                ],
                [
                    2,
                    4,
                    -1
                ],
                [
                    10,
                    -6,
                    2
                ],
                [
                    4,
                    3,
                    1
                ],
                [
                    9,
                    -6,
                    2
                ],
                [
                    -1,
                    9,
                    -10
                ],
                [
                    -10,
                    -9,
                    3
                ],
                [
                    3,
                    -9,
                    -6
                ],
                [
                    1,
                    10,
                    -9
                ],
                [
                    7,
                    -4,
                    2
                ],
                [
                    -8,
                    1,
                    7
                ],
                [
                    -6,
                    -2,
                    8
                ],
                [
                    1,
                    -10,
                    -7
                ],
                [
                    -4,
                    -9,
                    10
                ],
                [
                    4,
                    -1,
                    -2
                ],
                [
                    10,
                    4,
                    -2
                ],
                [
                    5,
                    2,
                    -6
                ],
                [
                    -7,
                    -1,
                    -5
                ],
                [
                    -9,
                    2,
                    8
                ],
                [
                    -2,
                    -10,
                    8
                ],
                [
                    -6,
                    5,
                    8
                ],
                [
                    -4,
                    -9,
                    1
                ],
                [
                    -4,
                    8,
                    -9
                ],
                [
                    3,
                    4,
                    9
                ],
                [
                    10,
                    -1,
                    -4
                ],
                [
                    -5,
                    -9,
                    -1
                ],
                [
                    4,
                    2,
                    -7
                ],
                [
                    8,
                    -1,
                    -5
                ],
                [
                    -5,
                    10,
                    2
                ],
                [
                    -9,
                    -8,
                    -3
                ],
                [
                    2,
                    -5,
                    8
                ],
                [
                    -9,
                    10,
                    -6
                ],
                [
                    9,
                    -5,
                    -6
                ],
                [
                    -7,
                    5,
                    2
                ],
                [
                    -10,
                    2,
                    -1
                ],
                [
                    -1,
                    6,
                    -9
                ],
                [
                    -7,
                    1,
                    10
                ]
            ],
            "{   'fun': 1.0,\n    'jac': None,\n    'nfev': 9,\n    'nit': 0,\n    'njev': 1,\n    'x': array([2.58572401, 0.04774246, 1.62396976, 3.0400057 , 0.48383555,\n       1.06155082, 2.31572148, 2.38593535])}",
            {
                "0111000010": 1,
                "0110111000": 1,
                "0100010110": 1,
                "1000010000": 1,
                "0110110000": 1,
                "1011101100": 1,
                "1111001010": 1,
                "1001001001": 1,
                "0110010010": 1,
                "0101010000": 1,
                "0111111011": 1,
                "1110010110": 1,
                "0001000010": 1,
                "1001100110": 1,
                "0011100010": 1,
                "1101000011": 1,
                "1111000111": 1,
                "1010101110": 1,
                "0000100011": 1,
                "1011001011": 1,
                "0011101100": 1,
                "0101000101": 1,
                "0110011010": 1,
                "0110100000": 1,
                "1110011000": 1,
                "1011110000": 2,
                "1101001110": 1,
                "0000111100": 1,
                "1000111011": 1,
                "0000100100": 1,
                "1010111011": 1,
                "0011000111": 1,
                "1111101110": 1,
                "1100000001": 1,
                "0111110110": 1,
                "1101011011": 1,
                "0101110101": 1,
                "0001101010": 1,
                "0101000000": 1,
                "1000011000": 1,
                "0001110110": 1,
                "1111010110": 1,
                "1101001100": 1,
                "1111111111": 1,
                "1001001101": 1,
                "1110010000": 1,
                "0101101011": 1,
                "0011001100": 1,
                "0011000110": 1,
                "0000010100": 1,
                "0000111011": 1,
                "0001000001": 1,
                "1100100001": 1,
                "1100011001": 1,
                "0010101100": 1,
                "0011110111": 1,
                "1010100000": 1,
                "1010010101": 1,
                "0011110000": 1,
                "0011110010": 1,
                "0101111010": 1,
                "0100001101": 1,
                "0110101000": 1,
                "0100010001": 1,
                "1011001110": 1,
                "0101111100": 1,
                "1000011101": 1,
                "0010111001": 1,
                "1011111000": 1,
                "1010111001": 1,
                "0111000100": 1,
                "0100101001": 1,
                "0010000111": 1,
                "0000110111": 1,
                "1100000100": 1,
                "0011000101": 1,
                "1000001100": 1,
                "1111111100": 1,
                "0100110101": 1,
                "1111100100": 1,
                "1001101000": 1,
                "1111001111": 1,
                "1000100010": 1,
                "0010101111": 1,
                "1101111000": 1,
                "1100001110": 1,
                "1010000011": 1,
                "1010110101": 1,
                "1110101010": 1,
                "0101111011": 1,
                "0011111100": 1,
                "0101100010": 1,
                "0110101110": 2,
                "1011111100": 1,
                "0010000101": 1,
                "0010000100": 1,
                "1100010011": 1,
                "1000000010": 1
            },
            false,
            1.0
        ],
        [
            [
                [
                    10,
                    -9,
                    -5
                ],
                [
                    1,
                    9,
                    10
                ],
                [
                    -2,
                    5,
                    7
                ],
                [
                    1,
                    6,
                    7
                ],
                [
                    8,
                    -6,
                    7
                ],
                [
                    2,
                    -1,
                    -10
                ],
                [
                    -6,
                    -9,
                    7
                ],
                [
                    -9,
                    8,
                    1
                ],
                [
                    -2,
                    4,
                    6
                ],
                [
                    -4,
                    7,
                    10
                ],
                [
                    -2,
                    6,
                    -9
                ],
                [
                    2,
                    -4,
                    6
                ],
                [
                    6,
                    -5,
                    -9
                ],
                [
                    5,
                    -2,
                    -8
                ],
                [
                    6,
                    3,
                    -2
                ],
                [
                    -7,
                    -2,
                    -4
                ],
                [
                    7,
                    10,
                    -1
                ],
                [
                    3,
                    7,
                    2
                ],
                [
                    7,
                    -4,
                    10
                ],
                [
                    -6,
                    -1,
                    -4
                ],
                [
                    -1,
                    -7,
                    9
                ],
                [
                    -5,
                    -7,
                    6
                ],
                [
                    5,
                    2,
                    9
                ],
                [
                    -7,
                    3,
                    9
                ],
                [
                    6,
                    -5,
                    -10
                ],
                [
                    3,
                    -4,
                    -7
                ],
                [
                    -4,
                    -7,
                    -2
                ],
                [
                    -6,
                    5,
                    -2
                ],
                [
                    9,
                    -1,
                    7
                ],
                [
                    -1,
                    -9,
                    -5
                ],
                [
                    9,
                    4,
                    2
                ],
                [
                    -8,
                    -5,
                    4
                ],
                [
                    4,
                    3,
                    8
                ],
                [
                    8,
                    3,
                    6
                ],
                [
                    1,
                    -7,
                    10
                ],
                [
                    5,
                    -6,
                    3
                ],
                [
                    1,
                    -6,
                    3
                ],
                [
                    -5,
                    -3,
                    -8
                ],
                [
                    -2,
                    7,
                    -9
                ],
                [
                    4,
                    5,
                    -2
                ],
                [
                    8,
                    -9,
                    -1
                ],
                [
                    8,
                    6,
                    9
                ],
                [
                    9,
                    1,
                    2
                ],
                [
                    -8,
                    1,
                    7
                ],
                [
                    8,
                    2,
                    -3
                ]
            ],
            "{   'fun': 1.0,\n    'jac': None,\n    'nfev': 9,\n    'nit': 0,\n    'njev': 1,\n    'x': array([0.52740253, 0.17713412, 0.19211593, 0.02383559, 1.32984143,\n       1.60249976, 1.62505177, 2.34059286])}",
            {
                "0010011000": 1,
                "1000011010": 1,
                "0011011101": 1,
                "0001010011": 1,
                "0111011110": 1,
                "0110101101": 1,
                "0100000100": 1,
                "0110011011": 1,
                "0000010001": 1,
                "1100100000": 1,
                "1101010111": 1,
                "1001111110": 1,
                "1110010000": 1,
                "0001001110": 1,
                "1010100000": 1,
                "0101010100": 1,
                "0011101000": 1,
                "0110111011": 2,
                "1110011111": 1,
                "0000010100": 1,
                "1101011001": 1,
                "1111110011": 1,
                "0010011010": 1,
                "0101100011": 1,
                "0100110110": 1,
                "0010001101": 1,
                "1000011110": 2,
                "1110000000": 1,
                "0010010100": 1,
                "0111011001": 1,
                "0101010111": 1,
                "1110101111": 1,
                "0100000000": 1,
                "1100001010": 1,
                "1001100001": 1,
                "0111111001": 1,
                "0100101000": 1,
                "1100111010": 1,
                "1110001010": 2,
                "1000011011": 1,
                "1111000001": 1,
                "0001000100": 1,
                "1110111101": 1,
                "1010011100": 1,
                "0101011000": 1,
                "1100010110": 1,
                "1001010100": 1,
                "0111000100": 1,
                "1001000001": 1,
                "1101001111": 1,
                "0000011111": 2,
                "1110110110": 1,
                "1000110000": 1,
                "1011010000": 1,
                "1101110110": 1,
                "0110100010": 1,
                "1110000100": 1,
                "1001101110": 1,
                "0011101010": 1,
                "0001110010": 1,
                "0110101011": 1,
                "1101101001": 1,
                "0110110101": 1,
                "1010111011": 1,
                "0010010101": 1,
                "0010001000": 1,
                "1001011101": 1,
                "0001011101": 1,
                "0010011100": 1,
                "0010000000": 1,
                "0100000101": 1,
                "1001011010": 1,
                "1110011001": 1,
                "0001011100": 1,
                "0101010001": 1,
                "1111110101": 1,
                "1011111001": 1,
                "0100101010": 1,
                "0011100011": 1,
                "1111000110": 1,
                "1101100011": 1,
                "0101001010": 1,
                "0100100100": 1,
                "0100100011": 1,
                "0001110011": 1,
                "0110011111": 1,
                "0111010100": 1,
                "0100011110": 1,
                "0101110111": 1,
                "1011101000": 1,
                "1000100011": 1,
                "1011110000": 1,
                "0001111011": 1,
                "0001101101": 1,
                "1010011010": 1,
                "1100001110": 1
            },
            false,
            1.0
        ],
        [
            [
                [
                    2,
                    7,
                    4
                ],
                [
                    3,
                    6,
                    -9
                ],
                [
                    -2,
                    -4,
                    3
                ],
                [
                    6,
                    7,
                    -2
                ],
                [
                    -1,
                    -8,
                    7
                ],
                [
                    6,
                    1,
                    -5
                ],
                [
                    1,
                    -4,
                    -9
                ],
                [
                    -10,
                    -6,
                    4
                ],
                [
                    -2,
                    -7,
                    -8
                ],
                [
                    -7,
                    -8,
                    10
                ],
                [
                    -4,
                    -5,
                    -6
                ],
                [
                    10,
                    -7,
                    5
                ],
                [
                    8,
                    1,
                    -3
                ],
                [
                    -8,
                    9,
                    3
                ],
                [
                    -8,
                    3,
                    -7
                ],
                [
                    2,
                    5,
                    -1
                ],
                [
                    -10,
                    -4,
                    5
                ],
                [
                    -4,
                    -5,
                    10
                ],
                [
                    2,
                    -9,
                    4
                ],
                [
                    -5,
                    -8,
                    -1
                ],
                [
                    6,
                    -4,
                    3
                ],
                [
                    -9,
                    1,
                    2
                ],
                [
                    10,
                    6,
                    -2
                ],
                [
                    6,
                    -4,
                    -10
                ],
                [
                    9,
                    -5,
                    7
                ],
                [
                    -9,
                    -10,
                    -6
                ],
                [
                    7,
                    10,
                    -4
                ],
                [
                    -5,
                    9,
                    -1
                ],
                [
                    -5,
                    3,
                    -7
                ],
                [
                    -1,
                    -6,
                    -5
                ],
                [
                    2,
                    4,
                    6
                ],
                [
                    3,
                    -5,
                    -7
                ],
                [
                    -6,
                    -1,
                    -9
                ],
                [
                    2,
                    1,
                    3
                ],
                [
                    2,
                    -1,
                    -7
                ],
                [
                    5,
                    9,
                    -7
                ],
                [
                    5,
                    4,
                    -9
                ],
                [
                    -5,
                    6,
                    -9
                ],
                [
                    8,
                    7,
                    -1
                ],
                [
                    7,
                    -6,
                    -5
                ],
                [
                    -5,
                    8,
                    3
                ],
                [
                    7,
                    -9,
                    -8
                ],
                [
                    -8,
                    7,
                    3
                ],
                [
                    -7,
                    -4,
                    1
                ],
                [
                    2,
                    -6,
                    4
                ]
            ],
            "{   'fun': 0.97,\n    'jac': None,\n    'nfev': 189,\n    'nit': 0,\n    'njev': 21,\n    'x': array([1.6666536 , 1.0587211 , 1.21780493, 0.12920819, 2.0136214 ,\n       2.25877179, 1.60499451, 0.67771998])}",
            {
                "0101011111": 1,
                "0110110100": 1,
                "1011111010": 1,
                "0010000001": 1,
                "1101100010": 1,
                "0110010000": 1,
                "0010100011": 1,
                "1101100101": 1,
                "1011100011": 1,
                "1011111011": 1,
                "1011101100": 1,
                "1011001011": 1,
                "0101011110": 1,
                "1101110001": 1,
                "0111001001": 1,
                "0111000010": 1,
                "0111010111": 1,
                "0101111010": 1,
                "1001001111": 1,
                "1101101010": 1,
                "1110111111": 1,
                "1100010011": 1,
                "0011000000": 1,
                "0101100001": 2,
                "1001000011": 1,
                "0110000111": 1,
                "1101011011": 1,
                "1010100011": 1,
                "0000100010": 2,
                "1111011110": 2,
                "1110110011": 1,
                "0100000111": 1,
                "1001001001": 1,
                "0011110001": 1,
                "0110011111": 1,
                "0110001111": 1,
                "0110010111": 1,
                "1011000110": 1,
                "1000010000": 1,
                "1001011100": 1,
                "1010101011": 1,
                "1011010100": 1,
                "1101101011": 1,
                "0111101010": 1,
                "1101011101": 1,
                "0111111001": 1,
                "1001101000": 1,
                "1010111111": 1,
                "1101001011": 2,
                "0001001101": 1,
                "0011010100": 1,
                "1101110101": 1,
                "1110010110": 1,
                "0111111011": 1,
                "0101101000": 1,
                "1110111010": 1,
                "1010000101": 1,
                "1100000100": 1,
                "0101010100": 1,
                "0001000111": 1,
                "0100001111": 1,
                "1010111010": 1,
                "1110100111": 1,
                "0101001001": 1,
                "1110111011": 1,
                "0110111010": 1,
                "1110111101": 1,
                "1000010110": 1,
                "1010011011": 1,
                "1110100010": 1,
                "0100101001": 1,
                "1111110100": 1,
                "1110111100": 1,
                "0110010110": 1,
                "0001110101": 1,
                "0100011101": 1,
                "0110000001": 1,
                "1011101101": 2,
                "1010110000": 1,
                "1101001000": 1,
                "1001101101": 1,
                "0111001101": 1,
                "1001000100": 1,
                "1100010000": 1,
                "0010100110": 1,
                "0000011000": 1,
                "0000011010": 1,
                "1001011000": 1,
                "1100001010": 1,
                "0111001100": 2,
                "0001000010": 1,
                "0011110011": 1,
                "1111000111": 1,
                "0111010000": 1
            },
            true,
            0.97
        ],
        [
            [
                [
                    9,
                    -4,
                    8
                ],
                [
                    5,
                    -1,
                    2
                ],
                [
                    -9,
                    -8,
                    -5
                ],
                [
                    9,
                    10,
                    -1
                ],
                [
                    4,
                    -2,
                    3
                ],
                [
                    -6,
                    2,
                    4
                ],
                [
                    4,
                    1,
                    -5
                ],
                [
                    -5,
                    -3,
                    7
                ],
                [
                    8,
                    -7,
                    -9
                ],
                [
                    10,
                    3,
                    -2
                ],
                [
                    -5,
                    -1,
                    -9
                ],
                [
                    3,
                    -10,
                    -9
                ],
                [
                    -10,
                    -3,
                    -9
                ],
                [
                    -4,
                    -2,
                    -1
                ],
                [
                    5,
                    -7,
                    4
                ],
                [
                    9,
                    -6,
                    10
                ],
                [
                    -10,
                    5,
                    -2
                ],
                [
                    -7,
                    -10,
                    -2
                ],
                [
                    7,
                    -5,
                    6
                ],
                [
                    -6,
                    8,
                    -3
                ],
                [
                    -6,
                    9,
                    -5
                ],
                [
                    -7,
                    1,
                    -6
                ],
                [
                    -2,
                    8,
                    4
                ],
                [
                    -9,
                    -3,
                    1
                ],
                [
                    -3,
                    4,
                    -8
                ],
                [
                    2,
                    -7,
                    1
                ],
                [
                    -3,
                    7,
                    -1
                ],
                [
                    7,
                    10,
                    -3
                ],
                [
                    -1,
                    8,
                    5
                ],
                [
                    2,
                    1,
                    8
                ],
                [
                    7,
                    -1,
                    8
                ],
                [
                    3,
                    -1,
                    -9
                ],
                [
                    7,
                    -3,
                    1
                ],
                [
                    3,
                    7,
                    2
                ],
                [
                    8,
                    -10,
                    4
                ],
                [
                    9,
                    1,
                    -3
                ],
                [
                    8,
                    -2,
                    7
                ],
                [
                    -8,
                    -10,
                    4
                ],
                [
                    -3,
                    -2,
                    10
                ],
                [
                    -5,
                    -9,
                    -3
                ],
                [
                    -1,
                    8,
                    -6
                ],
                [
                    1,
                    6,
                    -7
                ],
                [
                    10,
                    2,
                    7
                ],
                [
                    9,
                    -8,
                    -4
                ],
                [
                    5,
                    -1,
                    -2
                ]
            ],
            "{   'fun': 1.0,\n    'jac': None,\n    'nfev': 9,\n    'nit': 0,\n    'njev': 1,\n    'x': array([1.48071935, 0.0954396 , 2.1734847 , 1.06912731, 2.42272838,\n       2.07750153, 1.7463542 , 2.86819155])}",
            {
                "0001110101": 1,
                "1100100000": 1,
                "1100010010": 1,
                "1010011000": 1,
                "0101101111": 1,
                "1110001011": 1,
                "0011100110": 1,
                "0000001010": 1,
                "0000011001": 1,
                "1101011001": 1,
                "0111101001": 1,
                "1011100010": 1,
                "0010000110": 1,
                "1111001110": 1,
                "1001011111": 1,
                "1101010100": 1,
                "1100101010": 1,
                "0011101100": 1,
                "0100011101": 1,
                "0000011101": 1,
                "0001100111": 1,
                "0001011000": 1,
                "0111111000": 2,
                "1111111000": 1,
                "1001110101": 1,
                "0101111111": 1,
                "0101100001": 1,
                "1001010110": 1,
                "1001110110": 1,
                "1111101110": 1,
                "0111011010": 1,
                "0100111101": 1,
                "1000001110": 1,
                "0000101010": 1,
                "0110000110": 1,
                "1100010111": 1,
                "0110101101": 1,
                "0000111101": 1,
                "0101110000": 1,
                "1110100010": 1,
                "0000011111": 1,
                "0110011111": 1,
                "0011111110": 2,
                "1110100110": 1,
                "0101000000": 1,
                "1100110001": 1,
                "0100101111": 1,
                "0011101010": 1,
                "1010001000": 1,
                "1001111100": 1,
                "1111011100": 1,
                "0111111101": 1,
                "1100010110": 1,
                "1110100101": 1,
                "0101001011": 1,
                "0101000010": 1,
                "0010011111": 1,
                "0010000101": 1,
                "1110010010": 1,
                "0000000100": 1,
                "0011010011": 1,
                "0100101000": 1,
                "0011010101": 1,
                "1111000111": 1,
                "0100000011": 1,
                "1101100011": 1,
                "1001011110": 1,
                "0011100010": 2,
                "1010110010": 1,
                "0011001100": 1,
                "0011110010": 1,
                "0010111110": 1,
                "1101111101": 1,
                "1110101001": 1,
                "0110110101": 1,
                "1100110000": 1,
                "0001011111": 1,
                "1010001010": 1,
                "1101000111": 1,
                "1111000110": 1,
                "0000110110": 1,
                "0001011100": 1,
                "0011000011": 1,
                "0001111111": 2,
                "1001110111": 1,
                "0110111100": 1,
                "1011010110": 1,
                "0111101100": 1,
                "0000100010": 1,
                "1000100000": 1,
                "1011011000": 1,
                "0111110100": 1,
                "1001000011": 1,
                "0101100111": 1,
                "1000101011": 1,
                "1010011100": 1
            },
            false,
            1.0
        ]
    ]
}