{
    "n": 10,
    "m": 45,
    "results": [
        [
            [
                [
                    -8,
                    -9,
                    1
                ],
                [
                    2,
                    8,
                    -6
                ],
                [
                    -10,
                    -9,
                    1
                ],
                [
                    -6,
                    3,
                    -5
                ],
                [
                    -6,
                    9,
                    -2
                ],
                [
                    -8,
                    10,
                    6
                ],
                [
                    -2,
                    -7,
                    8
                ],
                [
                    -7,
                    6,
                    -1
                ],
                [
                    -7,
                    -3,
                    4
                ],
                [
                    -2,
                    -3,
                    7
                ],
                [
                    -1,
                    -6,
                    -9
                ],
                [
                    -1,
                    5,
                    -6
                ],
                [
                    -7,
                    -4,
                    -3
                ],
                [
                    -9,
                    -2,
                    7
                ],
                [
                    -5,
                    4,
                    9
                ],
                [
                    -6,
                    -7,
                    -10
                ],
                [
                    3,
                    5,
                    2
                ],
                [
                    8,
                    7,
                    -3
                ],
                [
                    1,
                    -9,
                    -10
                ],
                [
                    3,
                    6,
                    2
                ],
                [
                    3,
                    8,
                    5
                ],
                [
                    4,
                    3,
                    -2
                ],
                [
                    -4,
                    10,
                    -7
                ],
                [
                    7,
                    -4,
                    6
                ],
                [
                    -2,
                    -5,
                    4
                ],
                [
                    -5,
                    8,
                    -7
                ],
                [
                    -7,
                    -6,
                    1
                ],
                [
                    -3,
                    -1,
                    5
                ],
                [
                    1,
                    8,
                    -6
                ],
                [
                    -2,
                    -6,
                    7
                ],
                [
                    5,
                    2,
                    10
                ],
                [
                    5,
                    8,
                    4
                ],
                [
                    -5,
                    -4,
                    -9
                ],
                [
                    3,
                    -6,
                    5
                ],
                [
                    -4,
                    8,
                    7
                ],
                [
                    5,
                    8,
                    4
                ],
                [
                    8,
                    1,
                    9
                ],
                [
                    -6,
                    -1,
                    -4
                ],
                [
                    5,
                    -4,
                    -6
                ],
                [
                    -8,
                    -3,
                    -9
                ],
                [
                    -2,
                    -3,
                    -6
                ],
                [
                    -9,
                    2,
                    -10
                ],
                [
                    -1,
                    2,
                    -10
                ],
                [
                    -5,
                    -8,
                    7
                ],
                [
                    4,
                    5,
                    9
                ]
            ],
            "{   'fun': 0.93,\n    'jac': None,\n    'nfev': 189,\n    'nit': 2,\n    'njev': 21,\n    'x': array([0.07271901, 0.08518367, 2.4974883 , 0.83938019, 1.76215166,\n       1.68291197, 2.4865157 , 2.64260085])}",
            {
                "1011111001": 1,
                "1000100000": 1,
                "1101000111": 1,
                "1100101011": 1,
                "1001110011": 1,
                "1011101101": 1,
                "1001111100": 1,
                "0001111111": 1,
                "1010100111": 1,
                "1110001000": 1,
                "1011111110": 1,
                "1001100001": 1,
                "1111101101": 1,
                "0010110000": 1,
                "1010000101": 1,
                "1011101010": 1,
                "0010100001": 1,
                "0010010100": 1,
                "0111000011": 1,
                "0110001110": 1,
                "1111000011": 1,
                "0001010110": 1,
                "0101000101": 1,
                "0000101111": 1,
                "1111010110": 1,
                "0100100011": 1,
                "1110000001": 1,
                "0000100100": 1,
                "1010110011": 1,
                "0010110001": 1,
                "0001110000": 1,
                "1101110100": 1,
                "0101110110": 2,
                "1001110110": 1,
                "1011100000": 1,
                "1110101101": 1,
                "0010011101": 1,
                "1111110011": 1,
                "0111100110": 1,
                "1101101100": 2,
                "1110101001": 1,
                "1011001010": 5,
                "0100000100": 1,
                "1101100110": 1,
                "1001101011": 1,
                "0000110111": 1,
                "0000000001": 1,
                "0111110000": 1,
                "0011010100": 1,
                "1101111011": 1,
                "1010101010": 1,
                "0110011111": 1,
                "0111010100": 1,
                "1011000100": 1,
                "0000000101": 1,
                "0111101110": 1,
                "1000000100": 1,
                "1010000001": 1,
                "1000011101": 2,
                "0101111111": 1,
                "0000111001": 1,
                "1111100001": 1,
                "1011100100": 1,
                "1001001110": 1,
                "1000110000": 1,
                "1110011110": 1,
                "1011011010": 2,
                "1110101110": 1,
                "0101101111": 1,
                "0110101001": 1,
                "0001100100": 2,
                "1010111111": 1,
                "0111110011": 1,
                "0010000111": 1,
                "0111001000": 2,
                "1110111101": 1,
                "1110111011": 1,
                "1001010100": 1,
                "1001100000": 2,
                "1011001110": 1,
                "0011111001": 1,
                "1010101000": 1,
                "0010011100": 1,
                "0100010100": 1,
                "0111100101": 1,
                "1100110001": 1,
                "0110101000": 1,
                "1001001000": 1,
                "1011011000": 1
            },
            true,
            0.87
        ],
        [
            [
                [
                    -3,
                    2,
                    7
                ],
                [
                    -2,
                    7,
                    10
                ],
                [
                    4,
                    -5,
                    -10
                ],
                [
                    -8,
                    3,
                    -6
                ],
                [
                    4,
                    2,
                    -7
                ],
                [
                    -4,
                    9,
                    -10
                ],
                [
                    -2,
                    3,
                    6
                ],
                [
                    10,
                    -5,
                    1
                ],
                [
                    -3,
                    6,
                    7
                ],
                [
                    -2,
                    10,
                    3
                ],
                [
                    4,
                    8,
                    7
                ],
                [
                    -4,
                    10,
                    -1
                ],
                [
                    7,
                    -10,
                    8
                ],
                [
                    7,
                    -8,
                    -9
                ],
                [
                    -3,
                    1,
                    -5
                ],
                [
                    3,
                    1,
                    4
                ],
                [
                    -1,
                    10,
                    -4
                ],
                [
                    -1,
                    -3,
                    -9
                ],
                [
                    9,
                    5,
                    -3
                ],
                [
                    -10,
                    -1,
                    4
                ],
                [
                    7,
                    5,
                    -4
                ],
                [
                    5,
                    -1,
                    -8
                ],
                [
                    4,
                    2,
                    3
                ],
                [
                    6,
                    8,
                    9
                ],
                [
                    5,
                    -7,
                    10
                ],
                [
                    -2,
                    -8,
                    -7
                ],
                [
                    -1,
                    10,
                    9
                ],
                [
                    -5,
                    1,
                    3
                ],
                [
                    -4,
                    10,
                    7
                ],
                [
                    -1,
                    -9,
                    -6
                ],
                [
                    -9,
                    5,
                    -4
                ],
                [
                    10,
                    -1,
                    -3
                ],
                [
                    8,
                    10,
                    -1
                ],
                [
                    -2,
                    -4,
                    -9
                ],
                [
                    -8,
                    -1,
                    -6
                ],
                [
                    7,
                    8,
                    -10
                ],
                [
                    -10,
                    3,
                    5
                ],
                [
                    -4,
                    -7,
                    -5
                ],
                [
                    -3,
                    9,
                    -5
                ],
                [
                    -10,
                    2,
                    8
                ],
                [
                    -5,
                    -4,
                    -6
                ],
                [
                    1,
                    -10,
                    -7
                ],
                [
                    6,
                    8,
                    4
                ],
                [
                    2,
                    -5,
                    8
                ],
                [
                    -5,
                    1,
                    4
                ]
            ],
            "{   'fun': 1.0,\n    'jac': None,\n    'nfev': 9,\n    'nit': 0,\n    'njev': 1,\n    'x': array([2.58572401, 0.04774246, 1.62396976, 3.0400057 , 0.48383555,\n       1.06155082, 2.31572148, 2.38593535])}",
            {
                "1011100101": 1,
                "1110101111": 1,
                "0110101110": 1,
                "1001001110": 1,
                "1110001111": 1,
                "0000011100": 1,
                "0000110110": 1,
                "0100100001": 1,
                "0111101100": 1,
                "1100010011": 1,
                "0010100101": 1,
                "1000001101": 1,
                "0000010100": 1,
                "1010000101": 1,
                "1011111010": 1,
                "0010101011": 1,
                "0101100111": 1,
                "0011101001": 1,
                "0001110101": 1,
                "0101000101": 1,
                "1011101010": 1,
                "1110000101": 1,
                "1010010101": 1,
                "0101011111": 1,
                "1110111100": 1,
                "0000101100": 1,
                "0011000001": 1,
                "0011111110": 1,
                "0001010101": 1,
                "0100001100": 1,
                "1110111000": 1,
                "0010010110": 1,
                "0010000111": 1,
                "1110001110": 1,
                "0010010010": 2,
                "1001001111": 1,
                "0011010111": 1,
                "1000011010": 1,
                "0111101010": 1,
                "0100101110": 1,
                "0101101011": 1,
                "1101100000": 1,
                "0100000101": 1,
                "1101001101": 1,
                "1100000100": 1,
                "0101111101": 1,
                "0111101011": 1,
                "1011000111": 1,
                "1001100011": 1,
                "1010011111": 1,
                "1101100111": 1,
                "0100100110": 1,
                "1101000100": 1,
                "0111001011": 1,
                "1000011111": 1,
                "0001001101": 1,
                "1010010110": 2,
                "1101100110": 1,
                "0011001101": 1,
                "0100010101": 2,
                "0000011101": 1,
                "0011100011": 1,
                "1010001110": 1,
                "1101111010": 1,
                "1010111011": 1,
                "0101001110": 1,
                "0100011111": 1,
                "0100110000": 1,
                "0011110011": 1,
                "0100000011": 1,
                "1111100011": 2,
                "1010101101": 1,
                "0111001010": 1,
                "0011110001": 1,
                "0110100001": 1,
                "1110110001": 1,
                "1000001010": 1,
                "0101001100": 1,
                "0100110011": 1,
                "1011011101": 1,
                "0111010110": 2,
                "0010000001": 1,
                "1011111011": 1,
                "0000100111": 1,
                "1101111100": 1,
                "0001010000": 1,
                "1111100000": 1,
                "0111011101": 1,
                "1101100011": 1,
                "1111101101": 1,
                "1101101000": 1,
                "0100001001": 1,
                "1001000110": 1,
                "0000110101": 1,
                "1100011111": 1
            },
            false,
            1.0
        ],
        [
            [
                [
                    10,
                    6,
                    9
                ],
                [
                    2,
                    1,
                    -4
                ],
                [
                    2,
                    -6,
                    9
                ],
                [
                    -2,
                    7,
                    10
                ],
                [
                    8,
                    10,
                    -9
                ],
                [
                    -2,
                    -6,
                    -4
                ],
                [
                    2,
                    9,
                    -1
                ],
                [
                    8,
                    -7,
                    5
                ],
                [
                    -2,
                    -1,
                    -6
                ],
                [
                    -2,
                    5,
                    -4
                ],
                [
                    -3,
                    -5,
                    -2
                ],
                [
                    10,
                    -9,
                    -1
                ],
                [
                    8,
                    2,
                    -5
                ],
                [
                    -8,
                    7,
                    -5
                ],
                [
                    7,
                    -6,
                    -2
                ],
                [
                    -8,
                    -3,
                    9
                ],
                [
                    -5,
                    -10,
                    -3
                ],
                [
                    -10,
                    6,
                    -7
                ],
                [
                    -6,
                    3,
                    8
                ],
                [
                    -7,
                    -10,
                    -3
                ],
                [
                    -7,
                    -10,
                    -4
                ],
                [
                    5,
                    10,
                    -6
                ],
                [
                    2,
                    1,
                    -5
                ],
                [
                    2,
                    7,
                    -6
                ],
                [
                    2,
                    7,
                    5
                ],
                [
                    -1,
                    9,
                    4
                ],
                [
                    -1,
                    8,
                    -7
                ],
                [
                    -5,
                    -8,
                    -4
                ],
                [
                    -8,
                    -6,
                    -3
                ],
                [
                    7,
                    -4,
                    5
                ],
                [
                    -8,
                    2,
                    -5
                ],
                [
                    7,
                    -5,
                    8
                ],
                [
                    3,
                    -9,
                    5
                ],
                [
                    -2,
                    8,
                    -9
                ],
                [
                    -6,
                    -1,
                    7
                ],
                [
                    -5,
                    -10,
                    -4
                ],
                [
                    6,
                    -7,
                    3
                ],
                [
                    4,
                    9,
                    5
                ],
                [
                    -8,
                    -10,
                    6
                ],
                [
                    4,
                    -3,
                    10
                ],
                [
                    7,
                    6,
                    -5
                ],
                [
                    7,
                    -10,
                    3
                ],
                [
                    9,
                    6,
                    1
                ],
                [
                    5,
                    -1,
                    -7
                ],
                [
                    -10,
                    5,
                    -7
                ]
            ],
            "{   'fun': 1.0,\n    'jac': None,\n    'nfev': 9,\n    'nit': 0,\n    'njev': 1,\n    'x': array([0.52740253, 0.17713412, 0.19211593, 0.02383559, 1.32984143,\n       1.60249976, 1.62505177, 2.34059286])}",
            {
                "0011111110": 1,
                "0111100010": 1,
                "1110000000": 1,
                "1101000101": 1,
                "1101010100": 1,
                "1101000110": 1,
                "1110011001": 1,
                "0000001000": 1,
                "0010100110": 1,
                "1011111010": 1,
                "0100110000": 1,
                "0110011111": 1,
                "1001100110": 1,
                "0011111010": 1,
                "0100011010": 1,
                "1011001111": 1,
                "0010101010": 1,
                "1101101110": 1,
                "1000101011": 1,
                "1010011100": 1,
                "1100111111": 1,
                "1000001111": 1,
                "1101110010": 1,
                "1101001011": 1,
                "1010101100": 1,
                "1100001110": 2,
                "0101111011": 1,
                "0010010101": 1,
                "0110001000": 1,
                "1110010011": 1,
                "0101001101": 1,
                "1010000101": 1,
                "1000010100": 1,
                "0001000101": 1,
                "1101000111": 1,
                "1100001101": 1,
                "0100001100": 1,
                "0000100011": 1,
                "0100001101": 1,
                "0111001101": 1,
                "1010011000": 1,
                "0010000100": 1,
                "1010000011": 1,
                "1101101011": 1,
                "0010110101": 1,
                "0011000011": 1,
                "1110010010": 1,
                "0001110010": 1,
                "0111001110": 1,
                "1011101100": 2,
                "0100111011": 1,
                "0000011001": 1,
                "0011101000": 1,
                "1011011101": 3,
                "1111011011": 1,
                "0011010101": 1,
                "1110010110": 1,
                "1100110111": 1,
                "1011000100": 1,
                "1001100100": 1,
                "0011110001": 1,
                "0110000011": 2,
                "1111010010": 1,
                "1100111000": 1,
                "0110110001": 1,
                "0000101011": 2,
                "1110110010": 1,
                "1110001010": 1,
                "0001101101": 1,
                "0101110100": 1,
                "1100101111": 1,
                "1001110110": 1,
                "0111010101": 1,
                "0010001111": 1,
                "1101110000": 1,
                "1011010001": 1,
                "1111000011": 1,
                "1110001111": 1,
                "1001111001": 1,
                "1100111001": 1,
                "1011001110": 1,
                "0011100100": 1,
                "0000001110": 1,
                "1000111100": 1,
                "0010101101": 1,
                "1111101101": 1,
                "0111011101": 1,
                "1011001010": 1,
                "0011100111": 1,
                "1011001101": 1,
                "1100101110": 1,
                "0110110000": 1,
                "1110001100": 2
            },
            false,
            1.0
        ],
        [
            [
                [
                    9,
                    8,
                    3
                ],
                [
                    -6,
                    -1,
                    -10
                ],
                [
                    -3,
                    -8,
                    10
                ],
                [
                    9,
                    -2,
                    3
                ],
                [
                    -1,
                    10,
                    -4
                ],
                [
                    8,
                    1,
                    -4
                ],
                [
                    3,
                    7,
                    4
                ],
                [
                    7,
                    3,
                    4
                ],
                [
                    10,
                    9,
                    2
                ],
                [
                    -10,
                    -3,
                    -1
                ],
                [
                    -4,
                    -10,
                    5
                ],
                [
                    -5,
                    -7,
                    1
                ],
                [
                    5,
                    2,
                    8
                ],
                [
                    9,
                    -1,
                    -10
                ],
                [
                    9,
                    5,
                    -3
                ],
                [
                    -3,
                    6,
                    10
                ],
                [
                    7,
                    3,
                    -9
                ],
                [
                    2,
                    -6,
                    -8
                ],
                [
                    6,
                    -4,
                    9
                ],
                [
                    3,
                    10,
                    -2
                ],
                [
                    -8,
                    1,
                    -5
                ],
                [
                    6,
                    -1,
                    -2
                ],
                [
                    4,
                    6,
                    1
                ],
                [
                    -7,
                    -8,
                    -9
                ],
                [
                    9,
                    1,
                    10
                ],
                [
                    9,
                    3,
                    6
                ],
                [
                    -2,
                    -8,
                    -6
                ],
                [
                    -1,
                    -7,
                    -8
                ],
                [
                    4,
                    6,
                    3
                ],
                [
                    -9,
                    7,
                    -4
                ],
                [
                    -8,
                    3,
                    10
                ],
                [
                    -7,
                    10,
                    1
                ],
                [
                    -3,
                    4,
                    8
                ],
                [
                    9,
                    -1,
                    -6
                ],
                [
                    -2,
                    -7,
                    9
                ],
                [
                    10,
                    -1,
                    -8
                ],
                [
                    8,
                    -6,
                    -5
                ],
                [
                    3,
                    2,
                    8
                ],
                [
                    3,
                    1,
                    -10
                ],
                [
                    5,
                    8,
                    -10
                ],
                [
                    1,
                    -7,
                    -4
                ],
                [
                    5,
                    4,
                    9
                ],
                [
                    -8,
                    -1,
                    -7
                ],
                [
                    8,
                    10,
                    6
                ],
                [
                    6,
                    10,
                    2
                ]
            ],
            "{   'fun': 1.0,\n    'jac': None,\n    'nfev': 9,\n    'nit': 0,\n    'njev': 1,\n    'x': array([1.6666536 , 1.0587211 , 1.21780493, 0.12920819, 2.0136214 ,\n       2.25877179, 1.60499451, 0.67771998])}",
            {
                "1011110010": 1,
                "0011010111": 1,
                "0010000111": 1,
                "1010010100": 1,
                "0101010011": 1,
                "1011100010": 1,
                "1001111111": 1,
                "0010001111": 1,
                "1000101110": 1,
                "1110001011": 1,
                "0101110100": 1,
                "1100000011": 1,
                "0010111110": 1,
                "0100100000": 1,
                "1001001000": 1,
                "1100001110": 1,
                "0001110001": 1,
                "1110001001": 1,
                "0100011000": 1,
                "1000110100": 1,
                "0110001011": 1,
                "0110110010": 1,
                "0100111111": 1,
                "1110101000": 1,
                "1010000100": 1,
                "0010001001": 1,
                "1100100001": 1,
                "1110111001": 1,
                "1001100111": 1,
                "0001101110": 1,
                "1111010101": 1,
                "0010001100": 2,
                "0110111101": 1,
                "1011010101": 1,
                "0011100110": 1,
                "0001001011": 2,
                "1110001010": 1,
                "1111001101": 1,
                "0010110100": 1,
                "0100001110": 2,
                "1111110110": 2,
                "0001111000": 1,
                "0011011001": 1,
                "1100111001": 1,
                "1100010001": 1,
                "1100110000": 1,
                "1100000110": 1,
                "1100010101": 1,
                "0110000110": 1,
                "0110011100": 1,
                "1011011010": 2,
                "1010010011": 1,
                "0000000111": 1,
                "1000101101": 1,
                "0010100001": 1,
                "0010100011": 1,
                "0111111011": 1,
                "1011010111": 1,
                "1101110101": 1,
                "0110010101": 1,
                "1010010001": 1,
                "0011001100": 1,
                "0101101011": 1,
                "1100001010": 1,
                "1100001011": 1,
                "1111011010": 1,
                "1011001100": 1,
                "1110101010": 1,
                "0101001010": 1,
                "1000011001": 1,
                "1110010010": 1,
                "0000111010": 1,
                "1100001101": 1,
                "0101111000": 1,
                "1010101011": 1,
                "1010111110": 1,
                "0100100010": 1,
                "0111011111": 1,
                "1100111110": 1,
                "0101100111": 1,
                "0110100010": 1,
                "1110000100": 1,
                "0110000111": 1,
                "1000100111": 1,
                "0000110100": 1,
                "1100110011": 2,
                "1100100011": 1,
                "0100011100": 1,
                "0001111101": 1,
                "0011000001": 1,
                "0100001100": 1,
                "1000011111": 1,
                "1111101010": 1,
                "0010111011": 1
            },
            false,
            1.0
        ],
        [
            [
                [
                    -1,
                    3,
                    2
                ],
                [
                    -1,
                    4,
                    -5
                ],
                [
                    -9,
                    -1,
                    -4
                ],
                [
                    9,
                    10,
                    4
                ],
                [
                    -9,
                    -8,
                    -10
                ],
                [
                    4,
                    -7,
                    -5
                ],
                [
                    -7,
                    -5,
                    -9
                ],
                [
                    4,
                    9,
                    6
                ],
                [
                    10,
                    5,
                    -7
                ],
                [
                    3,
                    8,
                    9
                ],
                [
                    3,
                    6,
                    -10
                ],
                [
                    -9,
                    2,
                    1
                ],
                [
                    -2,
                    5,
                    7
                ],
                [
                    -2,
                    7,
                    1
                ],
                [
                    9,
                    -8,
                    -6
                ],
                [
                    10,
                    -7,
                    -6
                ],
                [
                    4,
                    2,
                    7
                ],
                [
                    -10,
                    4,
                    6
                ],
                [
                    8,
                    -3,
                    -1
                ],
                [
                    2,
                    -9,
                    3
                ],
                [
                    -6,
                    8,
                    2
                ],
                [
                    6,
                    1,
                    -7
                ],
                [
                    -6,
                    2,
                    4
                ],
                [
                    7,
                    8,
                    3
                ],
                [
                    3,
                    2,
                    5
                ],
                [
                    -4,
                    -5,
                    1
                ],
                [
                    9,
                    -5,
                    6
                ],
                [
                    9,
                    7,
                    8
                ],
                [
                    4,
                    -7,
                    -6
                ],
                [
                    5,
                    -6,
                    -9
                ],
                [
                    4,
                    -10,
                    7
                ],
                [
                    2,
                    -9,
                    3
                ],
                [
                    -10,
                    -6,
                    3
                ],
                [
                    -1,
                    6,
                    -9
                ],
                [
                    10,
                    -8,
                    3
                ],
                [
                    8,
                    -3,
                    -1
                ],
                [
                    -8,
                    2,
                    4
                ],
                [
                    -10,
                    5,
                    -6
                ],
                [
                    -7,
                    1,
                    10
                ],
                [
                    -1,
                    -8,
                    6
                ],
                [
                    1,
                    -7,
                    8
                ],
                [
                    4,
                    7,
                    -6
                ],
                [
                    8,
                    3,
                    -5
                ],
                [
                    -3,
                    -7,
                    -6
                ],
                [
                    6,
                    4,
                    -2
                ]
            ],
            "{   'fun': 1.0,\n    'jac': None,\n    'nfev': 180,\n    'nit': 1,\n    'njev': 20,\n    'x': array([1.48071938, 0.0954396 , 2.1734847 , 1.06912731, 2.42272838,\n       2.07750153, 1.7463542 , 2.86819155])}",
            {
                "1101011011": 1,
                "1110011110": 1,
                "1010010101": 1,
                "0001011111": 1,
                "1110011100": 1,
                "0101110001": 1,
                "0101000101": 1,
                "0010000010": 1,
                "0011110001": 1,
                "0000110011": 1,
                "1110101000": 2,
                "0001111111": 1,
                "1101001011": 1,
                "0100110101": 1,
                "0010011101": 1,
                "1110010110": 1,
                "1000111010": 1,
                "0100010011": 1,
                "0001110010": 1,
                "1100111011": 1,
                "0011000001": 1,
                "0110110110": 1,
                "0110111111": 1,
                "0010011110": 1,
                "0000011101": 1,
                "0110010101": 1,
                "0101001000": 1,
                "0001010011": 1,
                "1100110101": 2,
                "0011010011": 2,
                "0001110111": 1,
                "1101111111": 1,
                "1001001111": 1,
                "1100100011": 1,
                "1111011010": 1,
                "0101111011": 1,
                "0000100000": 1,
                "0000100110": 1,
                "0000011111": 1,
                "0011110110": 1,
                "0101001100": 1,
                "1101100101": 1,
                "1011100011": 1,
                "0111000111": 1,
                "0000000111": 1,
                "1001011111": 1,
                "1010110011": 1,
                "0111001101": 1,
                "1011101101": 1,
                "1001101010": 1,
                "0001101001": 1,
                "0011110101": 1,
                "1101000001": 1,
                "1001000101": 1,
                "1110010011": 1,
                "1101101111": 1,
                "0010100010": 1,
                "1001111111": 2,
                "0101100001": 1,
                "1110001000": 1,
                "0100000100": 1,
                "0101001010": 1,
                "0111011101": 1,
                "0111101110": 1,
                "1000000110": 1,
                "0011111100": 1,
                "1001010011": 1,
                "1101101011": 1,
                "1010110101": 1,
                "1000000100": 1,
                "0101101101": 2,
                "1000111100": 1,
                "1100101011": 1,
                "1010111011": 1,
                "0110011001": 1,
                "0011011000": 1,
                "1000001001": 1,
                "0111010100": 1,
                "0001111000": 1,
                "1100011110": 2,
                "0000001010": 1,
                "0011101100": 1,
                "0001110011": 1,
                "1110000100": 1,
                "0110111000": 1,
                "1011011101": 1,
                "0011000000": 1,
                "1001001000": 1,
                "1000011100": 1,
                "0100111000": 1,
                "0110011101": 1,
                "0011110011": 1,
                "0001000000": 1,
                "1111100000": 1
            },
            false,
            0.98
        ]
    ]
}