{
    "n": 10,
    "m": 45,
    "results": [
        [
            [
                [
                    -2,
                    -8,
                    -1
                ],
                [
                    10,
                    6,
                    7
                ],
                [
                    4,
                    10,
                    -3
                ],
                [
                    -7,
                    -8,
                    1
                ],
                [
                    -4,
                    -3,
                    -10
                ],
                [
                    -6,
                    9,
                    5
                ],
                [
                    -2,
                    -8,
                    10
                ],
                [
                    -8,
                    3,
                    -9
                ],
                [
                    -8,
                    -9,
                    2
                ],
                [
                    -3,
                    4,
                    8
                ],
                [
                    -7,
                    5,
                    10
                ],
                [
                    8,
                    -2,
                    -6
                ],
                [
                    7,
                    3,
                    -10
                ],
                [
                    8,
                    -3,
                    6
                ],
                [
                    -7,
                    2,
                    -5
                ],
                [
                    7,
                    8,
                    -10
                ],
                [
                    10,
                    7,
                    5
                ],
                [
                    -9,
                    -5,
                    -3
                ],
                [
                    8,
                    -3,
                    5
                ],
                [
                    -3,
                    9,
                    8
                ],
                [
                    -7,
                    -8,
                    -3
                ],
                [
                    -5,
                    -4,
                    3
                ],
                [
                    -4,
                    8,
                    -3
                ],
                [
                    -7,
                    4,
                    -8
                ],
                [
                    7,
                    6,
                    -2
                ],
                [
                    -8,
                    -10,
                    3
                ],
                [
                    2,
                    -5,
                    6
                ],
                [
                    1,
                    7,
                    8
                ],
                [
                    10,
                    3,
                    9
                ],
                [
                    10,
                    6,
                    4
                ],
                [
                    8,
                    2,
                    -3
                ],
                [
                    3,
                    -4,
                    6
                ],
                [
                    -8,
                    3,
                    -2
                ],
                [
                    -2,
                    -10,
                    -7
                ],
                [
                    3,
                    -7,
                    2
                ],
                [
                    -1,
                    2,
                    -7
                ],
                [
                    -9,
                    -4,
                    -2
                ],
                [
                    -6,
                    10,
                    -1
                ],
                [
                    4,
                    3,
                    -7
                ],
                [
                    -6,
                    8,
                    -7
                ],
                [
                    8,
                    -7,
                    6
                ],
                [
                    -6,
                    9,
                    3
                ],
                [
                    5,
                    2,
                    10
                ],
                [
                    5,
                    -1,
                    8
                ],
                [
                    9,
                    4,
                    -8
                ]
            ],
            "{   'fun': 0.95,\n    'jac': None,\n    'nfev': 225,\n    'nit': 3,\n    'njev': 25,\n    'x': array([0.07271886, 0.08518422, 2.49748916, 0.8393809 , 1.76215316,\n       1.6829131 , 2.48651552, 2.64260213])}",
            {
                "0000100101": 1,
                "1000110010": 1,
                "0100110011": 1,
                "0010001101": 1,
                "0001000111": 1,
                "0101101011": 1,
                "1010000011": 1,
                "1101011000": 1,
                "1100010010": 1,
                "1100011100": 1,
                "0000101111": 1,
                "1010010110": 1,
                "0000011011": 1,
                "1010000100": 1,
                "1010001000": 1,
                "1010100110": 1,
                "0010010110": 1,
                "1111100100": 1,
                "0000001000": 1,
                "0100100010": 1,
                "0000110011": 1,
                "0000000101": 1,
                "0001010001": 1,
                "0001011010": 1,
                "1001100111": 1,
                "0000100111": 1,
                "1110100011": 1,
                "0001110011": 1,
                "1101111001": 1,
                "1011000010": 1,
                "0101110011": 2,
                "0011001011": 1,
                "0001101100": 1,
                "0111011000": 1,
                "0011100111": 1,
                "0000100011": 1,
                "1100100001": 1,
                "0111101111": 1,
                "0010100100": 1,
                "0010111100": 1,
                "0101010100": 1,
                "1111111001": 1,
                "0101101001": 1,
                "0100100100": 1,
                "1111010011": 1,
                "0001110111": 1,
                "1100110110": 1,
                "1011111010": 1,
                "1110100110": 2,
                "0101110000": 1,
                "1110100010": 1,
                "0111001000": 1,
                "0011100110": 1,
                "1111010101": 1,
                "1111010000": 1,
                "1110111101": 1,
                "0000001101": 1,
                "0101100101": 1,
                "0101101010": 1,
                "0100111110": 2,
                "1110100001": 1,
                "0100111111": 1,
                "0110110000": 1,
                "0100110100": 1,
                "0000011110": 1,
                "0011111111": 1,
                "1001101101": 1,
                "1100010000": 1,
                "1111001010": 1,
                "1011101100": 1,
                "0110001100": 1,
                "1001011010": 1,
                "1111111011": 1,
                "1001010110": 1,
                "1111101100": 1,
                "0001100110": 1,
                "1111111000": 1,
                "1001101000": 1,
                "1000111010": 1,
                "1001010001": 1,
                "0001010011": 1,
                "1111010001": 1,
                "0101011011": 1,
                "1010101111": 1,
                "0001011100": 2,
                "0001011001": 1,
                "0010000100": 1,
                "1100010110": 1,
                "0111111101": 1,
                "1111011100": 1,
                "1001110001": 1,
                "1100011011": 1,
                "0001011000": 1,
                "1100111101": 1,
                "0000010010": 1,
                "1111000000": 1
            },
            true,
            0.89
        ],
        [
            [
                [
                    -9,
                    10,
                    -1
                ],
                [
                    -8,
                    3,
                    -6
                ],
                [
                    -8,
                    -2,
                    -3
                ],
                [
                    -10,
                    8,
                    -1
                ],
                [
                    2,
                    -5,
                    -8
                ],
                [
                    -6,
                    7,
                    -10
                ],
                [
                    9,
                    -2,
                    -1
                ],
                [
                    -5,
                    -2,
                    9
                ],
                [
                    4,
                    -8,
                    6
                ],
                [
                    7,
                    -9,
                    -4
                ],
                [
                    -2,
                    4,
                    10
                ],
                [
                    -2,
                    7,
                    8
                ],
                [
                    1,
                    6,
                    -9
                ],
                [
                    5,
                    7,
                    10
                ],
                [
                    -2,
                    9,
                    1
                ],
                [
                    -3,
                    -2,
                    7
                ],
                [
                    -10,
                    -8,
                    -6
                ],
                [
                    -6,
                    1,
                    -3
                ],
                [
                    1,
                    10,
                    -9
                ],
                [
                    -3,
                    4,
                    7
                ],
                [
                    -5,
                    8,
                    -3
                ],
                [
                    2,
                    -8,
                    -5
                ],
                [
                    -7,
                    3,
                    9
                ],
                [
                    -8,
                    5,
                    -1
                ],
                [
                    -8,
                    10,
                    -6
                ],
                [
                    -4,
                    -9,
                    -7
                ],
                [
                    9,
                    1,
                    8
                ],
                [
                    -2,
                    5,
                    8
                ],
                [
                    -5,
                    -4,
                    -7
                ],
                [
                    -7,
                    10,
                    -1
                ],
                [
                    -1,
                    6,
                    -4
                ],
                [
                    -10,
                    -2,
                    -5
                ],
                [
                    2,
                    7,
                    3
                ],
                [
                    1,
                    6,
                    5
                ],
                [
                    4,
                    5,
                    7
                ],
                [
                    -4,
                    1,
                    10
                ],
                [
                    2,
                    1,
                    -3
                ],
                [
                    8,
                    -10,
                    -1
                ],
                [
                    4,
                    -7,
                    10
                ],
                [
                    -8,
                    -9,
                    3
                ],
                [
                    -8,
                    -2,
                    7
                ],
                [
                    -2,
                    -1,
                    -8
                ],
                [
                    6,
                    9,
                    1
                ],
                [
                    6,
                    8,
                    1
                ],
                [
                    -10,
                    8,
                    5
                ]
            ],
            "{   'fun': 0.98,\n    'jac': None,\n    'nfev': 288,\n    'nit': 4,\n    'njev': 32,\n    'x': array([2.58572431, 0.04774257, 1.62396956, 3.04000604, 0.48383549,\n       1.06155066, 2.31572169, 2.38593519])}",
            {
                "0011111010": 1,
                "0101111010": 1,
                "1011011001": 1,
                "0010010111": 1,
                "1010110100": 1,
                "0011101100": 1,
                "0001011100": 1,
                "0110111000": 1,
                "0111011011": 1,
                "0010111111": 1,
                "0010011010": 1,
                "1010000000": 1,
                "0101011100": 1,
                "0101111101": 1,
                "0111001000": 1,
                "0001000110": 1,
                "1100011111": 1,
                "0100010001": 1,
                "1110000001": 1,
                "1110110000": 1,
                "0100100011": 1,
                "1110110100": 1,
                "1111101001": 1,
                "1100001001": 1,
                "1000001111": 1,
                "0101001011": 1,
                "0111111011": 1,
                "0010111001": 1,
                "0001011011": 1,
                "0001001000": 1,
                "1101100101": 1,
                "1101010011": 1,
                "1100000001": 1,
                "1101111111": 1,
                "1101100001": 1,
                "0000010001": 1,
                "0010000101": 1,
                "0000100001": 1,
                "0011001101": 1,
                "0011111011": 1,
                "0101001111": 1,
                "1010100110": 1,
                "0011100000": 1,
                "0000111010": 1,
                "1101111010": 1,
                "0100111110": 1,
                "0100010100": 1,
                "0100111001": 1,
                "0110001100": 1,
                "1000011000": 1,
                "0101011110": 1,
                "1001010011": 1,
                "1011011010": 1,
                "1101110000": 3,
                "1001111101": 1,
                "0011010110": 1,
                "0110001011": 2,
                "1100111111": 1,
                "1101011101": 1,
                "0110100110": 1,
                "1000101001": 1,
                "0010000001": 1,
                "0000100111": 1,
                "1001111011": 1,
                "0101001101": 1,
                "1010000001": 1,
                "0111101011": 1,
                "1100010111": 1,
                "1100011101": 2,
                "1001101100": 1,
                "1011001100": 1,
                "0010111000": 1,
                "1001100011": 1,
                "0100000101": 1,
                "1001011010": 1,
                "0010111100": 1,
                "0110111011": 1,
                "1010101110": 1,
                "0010011001": 1,
                "0110000010": 1,
                "1000100111": 1,
                "1100110011": 1,
                "1001010000": 1,
                "0110110111": 1,
                "0100111000": 1,
                "0011111101": 1,
                "0001111101": 1,
                "1010001010": 1,
                "1010110110": 1,
                "1111111101": 1,
                "0100101000": 2,
                "1000000000": 1,
                "1101101111": 1,
                "0100110111": 1,
                "1100000111": 1
            },
            true,
            0.92
        ],
        [
            [
                [
                    1,
                    -3,
                    6
                ],
                [
                    8,
                    10,
                    1
                ],
                [
                    8,
                    -2,
                    6
                ],
                [
                    -1,
                    7,
                    -3
                ],
                [
                    -7,
                    -6,
                    -10
                ],
                [
                    -5,
                    -8,
                    10
                ],
                [
                    10,
                    3,
                    1
                ],
                [
                    1,
                    3,
                    5
                ],
                [
                    -1,
                    7,
                    -10
                ],
                [
                    -6,
                    10,
                    4
                ],
                [
                    -9,
                    -8,
                    6
                ],
                [
                    -2,
                    -8,
                    -1
                ],
                [
                    10,
                    6,
                    8
                ],
                [
                    6,
                    7,
                    -2
                ],
                [
                    3,
                    9,
                    1
                ],
                [
                    4,
                    9,
                    6
                ],
                [
                    7,
                    -5,
                    -2
                ],
                [
                    3,
                    9,
                    -5
                ],
                [
                    -6,
                    -7,
                    -2
                ],
                [
                    7,
                    -1,
                    -10
                ],
                [
                    -9,
                    2,
                    4
                ],
                [
                    -3,
                    -2,
                    -1
                ],
                [
                    -7,
                    10,
                    4
                ],
                [
                    10,
                    -5,
                    -8
                ],
                [
                    -5,
                    6,
                    -10
                ],
                [
                    6,
                    -5,
                    -3
                ],
                [
                    -10,
                    -1,
                    -8
                ],
                [
                    -3,
                    10,
                    -4
                ],
                [
                    -1,
                    -6,
                    3
                ],
                [
                    -2,
                    1,
                    -10
                ],
                [
                    -5,
                    3,
                    -10
                ],
                [
                    -3,
                    10,
                    -7
                ],
                [
                    3,
                    1,
                    -6
                ],
                [
                    -4,
                    2,
                    -3
                ],
                [
                    9,
                    -5,
                    4
                ],
                [
                    7,
                    -6,
                    1
                ],
                [
                    10,
                    6,
                    -9
                ],
                [
                    10,
                    -8,
                    -6
                ],
                [
                    5,
                    -9,
                    4
                ],
                [
                    5,
                    -2,
                    -10
                ],
                [
                    -7,
                    -10,
                    -9
                ],
                [
                    4,
                    3,
                    -1
                ],
                [
                    4,
                    -10,
                    -7
                ],
                [
                    -8,
                    -3,
                    -6
                ],
                [
                    10,
                    9,
                    -8
                ]
            ],
            "{   'fun': 1.0,\n    'jac': None,\n    'nfev': 9,\n    'nit': 0,\n    'njev': 1,\n    'x': array([0.52740253, 0.17713412, 0.19211593, 0.02383559, 1.32984143,\n       1.60249976, 1.62505177, 2.34059286])}",
            {
                "0000100011": 1,
                "0011011101": 1,
                "1001011110": 1,
                "0000001100": 1,
                "1110001100": 1,
                "1101001111": 1,
                "0110011000": 1,
                "0010011101": 1,
                "0101001001": 1,
                "1011110100": 1,
                "1001100010": 1,
                "1100010001": 1,
                "1011000111": 1,
                "1101110010": 1,
                "1101101011": 1,
                "0100001010": 1,
                "0001010100": 1,
                "0101110000": 1,
                "0111101001": 1,
                "1110110000": 1,
                "1011010101": 1,
                "1110110110": 1,
                "1111011010": 1,
                "0011011100": 1,
                "0100011001": 1,
                "0011101110": 1,
                "0110111111": 1,
                "0001110101": 1,
                "0110011110": 1,
                "0000010100": 1,
                "1010001101": 1,
                "1111110110": 1,
                "1001100101": 1,
                "1011111100": 1,
                "1000001100": 1,
                "1100111100": 1,
                "0100001100": 1,
                "0110111011": 1,
                "0011001111": 1,
                "1110110100": 1,
                "0100011111": 2,
                "1100110010": 2,
                "0010010000": 2,
                "1101001000": 1,
                "0011110000": 1,
                "0001100111": 1,
                "0011100011": 1,
                "1111101011": 1,
                "0011000010": 1,
                "0000101000": 1,
                "1010100100": 2,
                "1100101010": 1,
                "0011101100": 1,
                "0011011111": 1,
                "1010001001": 1,
                "0100100011": 1,
                "1010011100": 1,
                "0000100101": 1,
                "1100001010": 1,
                "0001111100": 2,
                "0110100000": 1,
                "1101000000": 1,
                "0110000101": 1,
                "0010101011": 1,
                "0010010001": 1,
                "1010100101": 1,
                "1101000011": 1,
                "1011000011": 1,
                "1100100011": 1,
                "1101111001": 1,
                "0100000010": 1,
                "0001110001": 1,
                "1010101101": 2,
                "1110101011": 1,
                "0111010111": 1,
                "1110100011": 1,
                "1011111011": 1,
                "0110001110": 1,
                "0110111001": 2,
                "0010001010": 1,
                "0111000110": 1,
                "0101110100": 1,
                "1010101111": 1,
                "0011110011": 1,
                "1010011010": 1,
                "1100110011": 1,
                "0000110100": 1,
                "1001000110": 2,
                "0010110010": 1,
                "1100110000": 1,
                "1010111011": 1,
                "0010001011": 1
            },
            false,
            1.0
        ],
        [
            [
                [
                    9,
                    -8,
                    -2
                ],
                [
                    -4,
                    6,
                    7
                ],
                [
                    2,
                    8,
                    -5
                ],
                [
                    -2,
                    -9,
                    7
                ],
                [
                    -4,
                    -7,
                    5
                ],
                [
                    -1,
                    -7,
                    -2
                ],
                [
                    -7,
                    3,
                    -9
                ],
                [
                    -2,
                    -6,
                    -10
                ],
                [
                    -9,
                    4,
                    3
                ],
                [
                    2,
                    9,
                    -6
                ],
                [
                    6,
                    4,
                    -8
                ],
                [
                    5,
                    -8,
                    -10
                ],
                [
                    1,
                    9,
                    -5
                ],
                [
                    -10,
                    -6,
                    4
                ],
                [
                    1,
                    7,
                    6
                ],
                [
                    8,
                    -3,
                    -2
                ],
                [
                    -5,
                    -10,
                    4
                ],
                [
                    6,
                    -7,
                    1
                ],
                [
                    5,
                    -9,
                    8
                ],
                [
                    -1,
                    -3,
                    10
                ],
                [
                    3,
                    7,
                    9
                ],
                [
                    -2,
                    -7,
                    -3
                ],
                [
                    -5,
                    6,
                    -2
                ],
                [
                    6,
                    -9,
                    -7
                ],
                [
                    -4,
                    1,
                    -10
                ],
                [
                    8,
                    -1,
                    7
                ],
                [
                    2,
                    -9,
                    8
                ],
                [
                    -6,
                    8,
                    -9
                ],
                [
                    5,
                    9,
                    3
                ],
                [
                    -6,
                    -1,
                    9
                ],
                [
                    -9,
                    7,
                    2
                ],
                [
                    10,
                    -4,
                    2
                ],
                [
                    -8,
                    5,
                    -10
                ],
                [
                    9,
                    5,
                    -4
                ],
                [
                    -6,
                    -8,
                    2
                ],
                [
                    -9,
                    -7,
                    -2
                ],
                [
                    -2,
                    -9,
                    1
                ],
                [
                    -1,
                    4,
                    5
                ],
                [
                    -10,
                    -7,
                    -1
                ],
                [
                    3,
                    -4,
                    9
                ],
                [
                    10,
                    -1,
                    -5
                ],
                [
                    -6,
                    -2,
                    -10
                ],
                [
                    -5,
                    -6,
                    9
                ],
                [
                    6,
                    4,
                    3
                ],
                [
                    6,
                    10,
                    -7
                ]
            ],
            "{   'fun': 1.0,\n    'jac': None,\n    'nfev': 9,\n    'nit': 0,\n    'njev': 1,\n    'x': array([1.6666536 , 1.0587211 , 1.21780493, 0.12920819, 2.0136214 ,\n       2.25877179, 1.60499451, 0.67771998])}",
            {
                "1110001100": 1,
                "1111111010": 1,
                "0101001011": 1,
                "0001111000": 1,
                "0010000010": 1,
                "1001001111": 1,
                "0101111101": 1,
                "0101000001": 1,
                "1111011011": 1,
                "0011010101": 1,
                "1110001001": 1,
                "1000101011": 1,
                "0111101101": 1,
                "0011010000": 1,
                "1100101111": 1,
                "0110001001": 1,
                "0101111001": 1,
                "1000101100": 1,
                "1001110010": 1,
                "1111001101": 1,
                "1111000110": 1,
                "1010101011": 1,
                "1001000101": 1,
                "0000011101": 1,
                "1110000011": 1,
                "0011110101": 1,
                "0011000110": 1,
                "0011001110": 1,
                "0001110101": 1,
                "0001101111": 1,
                "1111001000": 1,
                "0111010100": 1,
                "1010111000": 1,
                "1101001100": 1,
                "1001001110": 1,
                "1010100000": 1,
                "0110000111": 1,
                "0110100010": 1,
                "0111100011": 1,
                "0010001001": 1,
                "0011101010": 1,
                "0111011100": 1,
                "0100000001": 1,
                "0111001111": 1,
                "0110100011": 1,
                "1111110110": 1,
                "1001111110": 1,
                "1101001010": 1,
                "1111010001": 1,
                "1110001111": 1,
                "1110000110": 1,
                "0001111101": 1,
                "1101111011": 2,
                "1100100110": 1,
                "1010110110": 1,
                "0010011011": 1,
                "0110000011": 1,
                "1111001001": 2,
                "1011010110": 2,
                "0000010110": 3,
                "1000100011": 1,
                "1111010011": 1,
                "1110001101": 1,
                "0010001110": 1,
                "0111001011": 1,
                "1011110110": 1,
                "1101011111": 1,
                "0111111101": 1,
                "1011111000": 1,
                "0010100010": 1,
                "1101000010": 1,
                "1101010111": 2,
                "1000011010": 1,
                "0101000000": 1,
                "0010011111": 1,
                "1000010110": 1,
                "1000110100": 1,
                "1011001111": 1,
                "0110111011": 1,
                "0000111100": 1,
                "0001111100": 1,
                "0010100111": 1,
                "1101011010": 1,
                "0010000101": 1,
                "1111000101": 2,
                "0101010001": 1,
                "0000101111": 1,
                "0110011100": 1,
                "0101110010": 2,
                "1101011001": 1,
                "0010010011": 1,
                "1011100110": 1
            },
            false,
            1.0
        ],
        [
            [
                [
                    9,
                    6,
                    -5
                ],
                [
                    5,
                    -3,
                    -2
                ],
                [
                    -9,
                    -2,
                    -3
                ],
                [
                    8,
                    -3,
                    -9
                ],
                [
                    9,
                    4,
                    -5
                ],
                [
                    7,
                    -3,
                    10
                ],
                [
                    10,
                    4,
                    -2
                ],
                [
                    -3,
                    2,
                    5
                ],
                [
                    -3,
                    -5,
                    2
                ],
                [
                    8,
                    1,
                    -6
                ],
                [
                    -5,
                    -8,
                    -1
                ],
                [
                    -9,
                    -5,
                    -8
                ],
                [
                    9,
                    -1,
                    3
                ],
                [
                    -7,
                    -6,
                    -5
                ],
                [
                    -5,
                    -9,
                    8
                ],
                [
                    10,
                    2,
                    -1
                ],
                [
                    -8,
                    -1,
                    -9
                ],
                [
                    -9,
                    -2,
                    -6
                ],
                [
                    10,
                    5,
                    -4
                ],
                [
                    9,
                    -8,
                    7
                ],
                [
                    -8,
                    -7,
                    -6
                ],
                [
                    2,
                    -1,
                    -3
                ],
                [
                    -10,
                    5,
                    7
                ],
                [
                    -3,
                    5,
                    -4
                ],
                [
                    -6,
                    -1,
                    10
                ],
                [
                    5,
                    1,
                    -3
                ],
                [
                    -5,
                    -1,
                    -7
                ],
                [
                    9,
                    -4,
                    -1
                ],
                [
                    -3,
                    2,
                    1
                ],
                [
                    -8,
                    -4,
                    -10
                ],
                [
                    -4,
                    9,
                    10
                ],
                [
                    -7,
                    5,
                    9
                ],
                [
                    -6,
                    -8,
                    -7
                ],
                [
                    -6,
                    -5,
                    -3
                ],
                [
                    3,
                    7,
                    4
                ],
                [
                    -3,
                    10,
                    -6
                ],
                [
                    -10,
                    -8,
                    1
                ],
                [
                    5,
                    1,
                    3
                ],
                [
                    -2,
                    -3,
                    5
                ],
                [
                    4,
                    1,
                    7
                ],
                [
                    6,
                    10,
                    4
                ],
                [
                    1,
                    5,
                    4
                ],
                [
                    7,
                    -8,
                    6
                ],
                [
                    1,
                    4,
                    3
                ],
                [
                    9,
                    2,
                    7
                ]
            ],
            "{   'fun': 1.0,\n    'jac': None,\n    'nfev': 189,\n    'nit': 0,\n    'njev': 21,\n    'x': array([1.48071935, 0.0954396 , 2.1734847 , 1.06912731, 2.42272838,\n       2.07750153, 1.7463542 , 2.86819155])}",
            {
                "1100001011": 1,
                "0001101101": 1,
                "1101100111": 1,
                "0101101001": 1,
                "0001110110": 1,
                "0010110110": 1,
                "1101001011": 1,
                "1011111010": 1,
                "0000100000": 1,
                "0001111110": 1,
                "1101001101": 1,
                "1010010000": 2,
                "1001100011": 1,
                "1011111111": 1,
                "1100001000": 1,
                "1000000100": 1,
                "0101010001": 1,
                "0101011010": 1,
                "1100000111": 1,
                "1011011110": 1,
                "1010010110": 1,
                "0111010100": 1,
                "0110000100": 1,
                "0000111000": 1,
                "0010010101": 1,
                "0101011000": 1,
                "0110001101": 1,
                "1011101011": 1,
                "1111000001": 1,
                "1011110001": 1,
                "0000101000": 1,
                "1110010100": 1,
                "1001101000": 1,
                "1111001111": 1,
                "1001111011": 1,
                "1101001001": 1,
                "1010100101": 1,
                "1110001111": 1,
                "1001010001": 1,
                "1100101010": 1,
                "1101101110": 1,
                "1101000010": 1,
                "1101010111": 2,
                "0011001101": 1,
                "1011000011": 1,
                "0110000111": 1,
                "1100001101": 1,
                "0100000110": 1,
                "0111110001": 1,
                "0000110110": 1,
                "1011000100": 1,
                "1100110111": 1,
                "1001101011": 1,
                "0111010010": 1,
                "1111001110": 1,
                "0111100000": 1,
                "1011001110": 1,
                "1100100100": 1,
                "1101101001": 2,
                "0011111100": 1,
                "1011101101": 2,
                "1000011101": 1,
                "1000000000": 1,
                "1011000010": 2,
                "1011001011": 1,
                "1111011000": 1,
                "0011010100": 1,
                "1110011101": 1,
                "1111101000": 1,
                "1000101110": 1,
                "0011000110": 1,
                "1101111111": 1,
                "1000111100": 1,
                "1110011111": 1,
                "0110000110": 2,
                "0001111111": 1,
                "0110011101": 1,
                "0110011011": 1,
                "1010011101": 1,
                "0011000001": 1,
                "1010000101": 1,
                "1110010010": 1,
                "0111101100": 1,
                "1011010110": 1,
                "0110000101": 1,
                "0111010101": 1,
                "1111110100": 1,
                "0100101001": 1,
                "1001110110": 1,
                "1101000001": 2,
                "0000011110": 1,
                "0111101001": 1,
                "0111010011": 1
            },
            false,
            0.89
        ]
    ]
}