{
    "n": 10,
    "m": 45,
    "results": [
        [
            [
                [
                    8,
                    2,
                    -10
                ],
                [
                    -10,
                    5,
                    9
                ],
                [
                    -6,
                    -8,
                    -9
                ],
                [
                    7,
                    -9,
                    -5
                ],
                [
                    -2,
                    -9,
                    -8
                ],
                [
                    -5,
                    -1,
                    -7
                ],
                [
                    -8,
                    -5,
                    4
                ],
                [
                    4,
                    -2,
                    -8
                ],
                [
                    6,
                    10,
                    -2
                ],
                [
                    -5,
                    -9,
                    3
                ],
                [
                    -8,
                    -7,
                    2
                ],
                [
                    5,
                    -8,
                    10
                ],
                [
                    4,
                    1,
                    -5
                ],
                [
                    -2,
                    -7,
                    5
                ],
                [
                    2,
                    3,
                    -1
                ],
                [
                    1,
                    -5,
                    -2
                ],
                [
                    -6,
                    -7,
                    3
                ],
                [
                    -1,
                    -3,
                    -4
                ],
                [
                    -6,
                    1,
                    -5
                ],
                [
                    -8,
                    10,
                    -2
                ],
                [
                    9,
                    -6,
                    7
                ],
                [
                    5,
                    -1,
                    7
                ],
                [
                    10,
                    -7,
                    -3
                ],
                [
                    2,
                    8,
                    10
                ],
                [
                    6,
                    1,
                    8
                ],
                [
                    -4,
                    8,
                    3
                ],
                [
                    -7,
                    6,
                    10
                ],
                [
                    7,
                    -4,
                    -6
                ],
                [
                    -5,
                    7,
                    2
                ],
                [
                    5,
                    -9,
                    4
                ],
                [
                    -2,
                    1,
                    -6
                ],
                [
                    9,
                    -6,
                    -8
                ],
                [
                    -7,
                    -2,
                    -5
                ],
                [
                    9,
                    5,
                    7
                ],
                [
                    -10,
                    -2,
                    1
                ],
                [
                    6,
                    5,
                    2
                ],
                [
                    9,
                    6,
                    5
                ],
                [
                    -2,
                    -6,
                    7
                ],
                [
                    1,
                    2,
                    -6
                ],
                [
                    -5,
                    -3,
                    -10
                ],
                [
                    3,
                    -2,
                    -6
                ],
                [
                    2,
                    -9,
                    5
                ],
                [
                    6,
                    -8,
                    -3
                ],
                [
                    5,
                    -9,
                    -3
                ],
                [
                    -6,
                    10,
                    -3
                ]
            ],
            "{   'fun': 1.0,\n    'jac': None,\n    'nfev': 216,\n    'nit': 2,\n    'njev': 24,\n    'x': array([1.56829047, 2.70425762, 1.11249116, 2.23230737, 1.59969227,\n       3.10670539, 2.43367616, 0.15758808])}",
            {
                "1100111011": 1,
                "0111000011": 1,
                "1101111010": 1,
                "1000001110": 1,
                "0101011110": 1,
                "0111001111": 1,
                "0111111101": 1,
                "1010001010": 1,
                "1011000011": 1,
                "0000011011": 1,
                "0110001001": 1,
                "1110000010": 1,
                "0100110110": 1,
                "1101100111": 1,
                "0011110011": 1,
                "1111000000": 1,
                "0010100110": 1,
                "0000110110": 1,
                "1110100000": 1,
                "1111001111": 1,
                "0100010001": 1,
                "0000101100": 1,
                "0011100100": 1,
                "1001101111": 1,
                "1100011111": 1,
                "1001011011": 1,
                "1110001101": 1,
                "1101101111": 1,
                "0100010000": 1,
                "0110001000": 2,
                "1001000110": 1,
                "0100001001": 2,
                "0001010001": 1,
                "0001010101": 1,
                "0100001111": 1,
                "1111100000": 1,
                "0010110010": 1,
                "1100010111": 1,
                "1110110110": 1,
                "1000100001": 1,
                "1110010111": 1,
                "0101010011": 1,
                "1001000011": 1,
                "0101000111": 1,
                "1100000000": 2,
                "1110100110": 1,
                "0101101110": 1,
                "1111010111": 1,
                "1111011001": 1,
                "1010000111": 1,
                "0101100001": 1,
                "1111111101": 1,
                "0000100100": 1,
                "1001010100": 1,
                "0101011100": 1,
                "1000001101": 1,
                "0010100101": 1,
                "0001011010": 1,
                "0111001101": 1,
                "1011101001": 1,
                "0000000000": 1,
                "1011001001": 1,
                "1111000001": 1,
                "0001001011": 2,
                "0111001000": 1,
                "1001100111": 1,
                "0010010011": 1,
                "1111111011": 1,
                "1011111101": 1,
                "0011011101": 1,
                "0101101000": 1,
                "1010000101": 1,
                "0001011011": 1,
                "0100110101": 1,
                "1110011010": 1,
                "1010111111": 1,
                "1000001000": 1,
                "0001100111": 1,
                "0100101010": 1,
                "0111101110": 1,
                "0110111001": 1,
                "1100111111": 1,
                "0010101110": 1,
                "0011010110": 1,
                "1010101000": 1,
                "0100010100": 1,
                "0010011100": 1,
                "0110000101": 1,
                "1001101010": 1,
                "1111110001": 1,
                "1011100110": 1,
                "0110101000": 1,
                "1101101010": 1,
                "1000010011": 1,
                "1111001011": 1,
                "0110111100": 1
            },
            false,
            0.96
        ],
        [
            [
                [
                    -5,
                    6,
                    4
                ],
                [
                    -1,
                    7,
                    -5
                ],
                [
                    3,
                    -4,
                    6
                ],
                [
                    1,
                    -4,
                    -8
                ],
                [
                    7,
                    8,
                    -1
                ],
                [
                    -2,
                    -10,
                    -9
                ],
                [
                    6,
                    -10,
                    -2
                ],
                [
                    -4,
                    8,
                    2
                ],
                [
                    6,
                    7,
                    10
                ],
                [
                    -5,
                    3,
                    -2
                ],
                [
                    -9,
                    -4,
                    -7
                ],
                [
                    -9,
                    -3,
                    -6
                ],
                [
                    -1,
                    -3,
                    -4
                ],
                [
                    -4,
                    -7,
                    -2
                ],
                [
                    -5,
                    -10,
                    1
                ],
                [
                    -10,
                    2,
                    -5
                ],
                [
                    4,
                    10,
                    -6
                ],
                [
                    6,
                    -7,
                    1
                ],
                [
                    5,
                    -8,
                    2
                ],
                [
                    7,
                    2,
                    -8
                ],
                [
                    -8,
                    6,
                    -2
                ],
                [
                    6,
                    4,
                    5
                ],
                [
                    7,
                    -9,
                    3
                ],
                [
                    -9,
                    1,
                    5
                ],
                [
                    -3,
                    4,
                    -8
                ],
                [
                    -10,
                    9,
                    -4
                ],
                [
                    -9,
                    4,
                    -6
                ],
                [
                    9,
                    8,
                    1
                ],
                [
                    -5,
                    -2,
                    -3
                ],
                [
                    7,
                    1,
                    -5
                ],
                [
                    -3,
                    4,
                    -6
                ],
                [
                    4,
                    -3,
                    7
                ],
                [
                    -9,
                    4,
                    7
                ],
                [
                    3,
                    10,
                    -2
                ],
                [
                    -6,
                    8,
                    9
                ],
                [
                    -5,
                    -7,
                    1
                ],
                [
                    8,
                    -1,
                    -4
                ],
                [
                    -9,
                    7,
                    4
                ],
                [
                    6,
                    8,
                    -4
                ],
                [
                    -4,
                    9,
                    -3
                ],
                [
                    -4,
                    -3,
                    10
                ],
                [
                    8,
                    -7,
                    3
                ],
                [
                    -4,
                    8,
                    -3
                ],
                [
                    9,
                    -5,
                    6
                ],
                [
                    2,
                    -5,
                    10
                ]
            ],
            "{   'fun': 0.99,\n    'jac': None,\n    'nfev': 189,\n    'nit': 0,\n    'njev': 21,\n    'x': array([0.35828231, 1.37680514, 1.14326123, 0.29526393, 0.23455417,\n       1.30167579, 2.64100492, 1.64391086])}",
            {
                "1000111100": 1,
                "1100101110": 1,
                "0110011101": 1,
                "1101011101": 1,
                "0100001101": 1,
                "1101110100": 1,
                "0111111101": 1,
                "1011111000": 1,
                "0000100001": 1,
                "0101101001": 1,
                "0010010000": 1,
                "0011100100": 1,
                "1001100000": 1,
                "1000111111": 1,
                "1110111110": 1,
                "1100110001": 1,
                "1011110101": 1,
                "0011010100": 1,
                "1101100010": 1,
                "1010000110": 2,
                "0100001111": 1,
                "0011111110": 1,
                "0000000010": 1,
                "1101011000": 1,
                "1010100010": 1,
                "0110000110": 2,
                "0011110110": 1,
                "0101010000": 1,
                "1001101101": 1,
                "1101001000": 1,
                "0011011001": 2,
                "0011111101": 1,
                "0011001110": 1,
                "1011100001": 1,
                "0000011110": 1,
                "1101010000": 1,
                "1001011010": 1,
                "1011000111": 1,
                "0110011100": 1,
                "1011111101": 1,
                "1011011110": 1,
                "1100000111": 1,
                "0111010100": 1,
                "0111100111": 1,
                "1110000010": 1,
                "0110010100": 1,
                "0011001010": 1,
                "0101101111": 1,
                "1100000000": 1,
                "1110111001": 1,
                "0111110111": 1,
                "0010100101": 1,
                "1001001001": 1,
                "0100010111": 1,
                "0010010100": 2,
                "0111110010": 1,
                "0101000001": 1,
                "1110011010": 1,
                "1010011100": 2,
                "0000110001": 1,
                "1110100000": 1,
                "0111010011": 1,
                "0110110100": 1,
                "1001011111": 1,
                "1100110110": 1,
                "1110101010": 1,
                "0100000010": 1,
                "0110101101": 1,
                "1001111011": 1,
                "0111001011": 1,
                "0110001101": 1,
                "0100101010": 1,
                "1111101011": 1,
                "0101011101": 1,
                "0111011111": 1,
                "0000000001": 1,
                "0000101010": 1,
                "1001111111": 1,
                "0110101010": 1,
                "0101010010": 1,
                "1010011001": 1,
                "1111100001": 1,
                "1001010100": 1,
                "0101011100": 1,
                "1100100111": 1,
                "0001110100": 1,
                "1110000101": 1,
                "0011111010": 1,
                "0111001101": 1,
                "1001100010": 1,
                "1000101110": 1,
                "1011100110": 1,
                "1100110111": 1,
                "0001010001": 1,
                "1110111101": 1
            },
            true,
            0.95
        ],
        [
            [
                [
                    3,
                    -5,
                    7
                ],
                [
                    10,
                    -5,
                    9
                ],
                [
                    -7,
                    1,
                    -6
                ],
                [
                    7,
                    -6,
                    -8
                ],
                [
                    2,
                    8,
                    5
                ],
                [
                    -8,
                    4,
                    -9
                ],
                [
                    2,
                    -8,
                    7
                ],
                [
                    3,
                    8,
                    6
                ],
                [
                    -3,
                    -6,
                    -7
                ],
                [
                    -7,
                    10,
                    3
                ],
                [
                    -6,
                    3,
                    -7
                ],
                [
                    -7,
                    3,
                    9
                ],
                [
                    -2,
                    5,
                    10
                ],
                [
                    10,
                    2,
                    -1
                ],
                [
                    3,
                    6,
                    -9
                ],
                [
                    -1,
                    7,
                    5
                ],
                [
                    -5,
                    10,
                    -6
                ],
                [
                    -1,
                    -10,
                    -9
                ],
                [
                    5,
                    -3,
                    7
                ],
                [
                    8,
                    -5,
                    1
                ],
                [
                    -5,
                    1,
                    -3
                ],
                [
                    2,
                    3,
                    -5
                ],
                [
                    10,
                    -8,
                    6
                ],
                [
                    6,
                    -4,
                    7
                ],
                [
                    8,
                    5,
                    -2
                ],
                [
                    -5,
                    -8,
                    9
                ],
                [
                    -10,
                    -9,
                    7
                ],
                [
                    1,
                    -4,
                    -5
                ],
                [
                    9,
                    6,
                    5
                ],
                [
                    4,
                    -6,
                    1
                ],
                [
                    -5,
                    3,
                    -10
                ],
                [
                    -7,
                    5,
                    -10
                ],
                [
                    -2,
                    -5,
                    10
                ],
                [
                    8,
                    -10,
                    5
                ],
                [
                    7,
                    3,
                    -4
                ],
                [
                    -6,
                    -2,
                    3
                ],
                [
                    10,
                    9,
                    -1
                ],
                [
                    -6,
                    5,
                    2
                ],
                [
                    6,
                    -2,
                    -7
                ],
                [
                    10,
                    8,
                    3
                ],
                [
                    5,
                    -6,
                    7
                ],
                [
                    9,
                    8,
                    -2
                ],
                [
                    10,
                    -3,
                    -8
                ],
                [
                    -10,
                    6,
                    -2
                ],
                [
                    -10,
                    5,
                    6
                ]
            ],
            "{   'fun': 1.0,\n    'jac': None,\n    'nfev': 216,\n    'nit': 2,\n    'njev': 24,\n    'x': array([3.00270001, 1.89771762, 0.36097942, 0.32937136, 0.61477432,\n       1.49284171, 1.5548635 , 1.10503499])}",
            {
                "0101001000": 1,
                "0011110010": 1,
                "1100101110": 1,
                "1111100001": 1,
                "0010111100": 1,
                "1011010000": 1,
                "0111111111": 1,
                "0110010001": 1,
                "0011100000": 1,
                "0000110110": 1,
                "1111011110": 1,
                "1000010100": 1,
                "0100001001": 1,
                "1001011101": 1,
                "1011000010": 1,
                "1100000011": 2,
                "0101111111": 1,
                "1011001010": 1,
                "1111110000": 1,
                "1010000001": 1,
                "0100011100": 1,
                "1110010000": 2,
                "1010110010": 1,
                "0101101011": 1,
                "0001011011": 1,
                "0011010011": 1,
                "1101010111": 1,
                "1001111001": 1,
                "0001111111": 1,
                "1001101010": 2,
                "0100111101": 1,
                "0100011111": 1,
                "1000011011": 1,
                "0100010001": 1,
                "1110111101": 1,
                "1111010000": 1,
                "1000101100": 1,
                "1100110000": 1,
                "0001001101": 1,
                "0110010011": 1,
                "1000011111": 1,
                "1110100000": 1,
                "1011011000": 1,
                "0110000010": 1,
                "0001001010": 1,
                "0101101110": 1,
                "1100001000": 1,
                "0011101001": 1,
                "0110011110": 1,
                "0111110101": 1,
                "0111001101": 1,
                "1001100101": 2,
                "1110110101": 1,
                "0101011010": 1,
                "0010110100": 1,
                "1011111110": 1,
                "0010001101": 1,
                "0010000000": 1,
                "1010101000": 1,
                "0010001000": 1,
                "0111100100": 1,
                "0101111011": 1,
                "0011100110": 1,
                "1001001000": 1,
                "0111111101": 1,
                "1011011101": 2,
                "1111010011": 1,
                "1100110110": 1,
                "0100011000": 1,
                "0011011011": 1,
                "0110101000": 1,
                "1100110001": 1,
                "0110001111": 1,
                "0100110111": 1,
                "1101111110": 1,
                "1110010010": 1,
                "1000011001": 1,
                "1000101001": 1,
                "0110100110": 1,
                "0001010111": 1,
                "1111110011": 1,
                "0111110001": 1,
                "1100111101": 1,
                "1101010010": 1,
                "1010001110": 1,
                "0101011101": 1,
                "0110001101": 1,
                "0011001000": 1,
                "0000010001": 1,
                "1101011111": 1,
                "0101110001": 1,
                "0010110000": 1,
                "1010011101": 1,
                "0101110011": 1,
                "1100011101": 1
            },
            false,
            0.94
        ],
        [
            [
                [
                    10,
                    -5,
                    -8
                ],
                [
                    -2,
                    8,
                    9
                ],
                [
                    -9,
                    1,
                    -8
                ],
                [
                    -7,
                    -3,
                    -9
                ],
                [
                    5,
                    2,
                    -10
                ],
                [
                    -4,
                    -6,
                    1
                ],
                [
                    -5,
                    2,
                    4
                ],
                [
                    3,
                    -7,
                    4
                ],
                [
                    4,
                    -10,
                    7
                ],
                [
                    10,
                    -6,
                    -8
                ],
                [
                    -4,
                    3,
                    -5
                ],
                [
                    -6,
                    2,
                    -1
                ],
                [
                    7,
                    -4,
                    2
                ],
                [
                    -6,
                    -2,
                    3
                ],
                [
                    -2,
                    4,
                    6
                ],
                [
                    9,
                    2,
                    3
                ],
                [
                    4,
                    10,
                    8
                ],
                [
                    1,
                    8,
                    -5
                ],
                [
                    -6,
                    -10,
                    -3
                ],
                [
                    -2,
                    -6,
                    8
                ],
                [
                    4,
                    -7,
                    -8
                ],
                [
                    -4,
                    -2,
                    -8
                ],
                [
                    10,
                    -8,
                    -3
                ],
                [
                    8,
                    -6,
                    -2
                ],
                [
                    -10,
                    8,
                    6
                ],
                [
                    9,
                    -2,
                    -6
                ],
                [
                    -7,
                    -6,
                    -3
                ],
                [
                    -10,
                    2,
                    3
                ],
                [
                    -1,
                    -5,
                    -9
                ],
                [
                    -6,
                    5,
                    3
                ],
                [
                    7,
                    5,
                    6
                ],
                [
                    -3,
                    5,
                    8
                ],
                [
                    -1,
                    7,
                    -5
                ],
                [
                    4,
                    -5,
                    -10
                ],
                [
                    -7,
                    -9,
                    -10
                ],
                [
                    3,
                    10,
                    8
                ],
                [
                    -7,
                    -8,
                    9
                ],
                [
                    9,
                    10,
                    7
                ],
                [
                    -6,
                    2,
                    1
                ],
                [
                    7,
                    -3,
                    -4
                ],
                [
                    9,
                    8,
                    -5
                ],
                [
                    5,
                    -6,
                    -9
                ],
                [
                    -2,
                    -6,
                    4
                ],
                [
                    4,
                    -3,
                    8
                ],
                [
                    -1,
                    2,
                    -7
                ]
            ],
            "{   'fun': 1.0,\n    'jac': None,\n    'nfev': 9,\n    'nit': 0,\n    'njev': 1,\n    'x': array([2.92905082, 1.83223255, 3.12973129, 0.37838466, 2.59958575,\n       2.28173972, 2.97558625, 0.14525078])}",
            {
                "0010010001": 1,
                "0100111111": 1,
                "1110000001": 1,
                "1011101000": 1,
                "0111100010": 1,
                "1010110011": 1,
                "0101010001": 1,
                "0100111110": 1,
                "1111100001": 1,
                "1001111101": 1,
                "0000111010": 1,
                "1101011011": 2,
                "0100110000": 1,
                "0111111001": 1,
                "0110000000": 1,
                "0110101001": 1,
                "0100111101": 1,
                "1111110110": 1,
                "0001000101": 1,
                "0111011001": 1,
                "1010110101": 1,
                "1001110010": 1,
                "0011000000": 1,
                "0110001010": 1,
                "1111100111": 1,
                "1101001010": 1,
                "1111100010": 1,
                "1111110011": 1,
                "1010101110": 1,
                "0111011011": 1,
                "1100011001": 1,
                "0010010010": 1,
                "1110110010": 1,
                "1001000010": 1,
                "1101110011": 1,
                "1101101011": 1,
                "1100110001": 1,
                "1110011001": 1,
                "1101111010": 1,
                "1100110111": 1,
                "0000110110": 1,
                "1101011101": 1,
                "1001100011": 1,
                "1111000101": 1,
                "1100100100": 1,
                "1100010001": 1,
                "0100010101": 1,
                "0101001111": 2,
                "0111000000": 1,
                "1000111000": 1,
                "0111100100": 1,
                "1110101111": 1,
                "1000111001": 1,
                "1011101110": 1,
                "0110011000": 1,
                "0001000001": 1,
                "1000110100": 1,
                "1000010110": 1,
                "0010011111": 1,
                "0100111000": 1,
                "0011110111": 1,
                "0010101100": 1,
                "1110010100": 1,
                "1100010100": 1,
                "1010011100": 1,
                "1101100110": 1,
                "1011111110": 1,
                "1011101111": 1,
                "1000111010": 1,
                "1100111100": 1,
                "0010101111": 1,
                "1100010111": 1,
                "0010110101": 1,
                "1000100110": 1,
                "0000000011": 1,
                "0000000001": 1,
                "1101100100": 1,
                "0001001000": 1,
                "0101000110": 1,
                "1010000000": 1,
                "1011100011": 1,
                "0001011101": 1,
                "0100001001": 2,
                "0110001001": 1,
                "1001111100": 1,
                "0000010011": 1,
                "1110000110": 2,
                "1101000011": 1,
                "0101011011": 1,
                "1000011100": 1,
                "0011000100": 1,
                "1111111101": 1,
                "0000011000": 1,
                "1100110011": 1,
                "0110010001": 1,
                "0011101001": 1
            },
            false,
            1.0
        ],
        [
            [
                [
                    1,
                    -2,
                    -8
                ],
                [
                    2,
                    3,
                    5
                ],
                [
                    7,
                    4,
                    10
                ],
                [
                    -4,
                    -7,
                    1
                ],
                [
                    1,
                    6,
                    -10
                ],
                [
                    3,
                    -7,
                    2
                ],
                [
                    5,
                    3,
                    1
                ],
                [
                    1,
                    -7,
                    10
                ],
                [
                    -7,
                    5,
                    -9
                ],
                [
                    -2,
                    8,
                    5
                ],
                [
                    -1,
                    2,
                    3
                ],
                [
                    -6,
                    -4,
                    10
                ],
                [
                    1,
                    4,
                    -3
                ],
                [
                    7,
                    -8,
                    6
                ],
                [
                    9,
                    -8,
                    -7
                ],
                [
                    8,
                    -7,
                    -2
                ],
                [
                    -7,
                    3,
                    9
                ],
                [
                    3,
                    -8,
                    -10
                ],
                [
                    -6,
                    1,
                    7
                ],
                [
                    -8,
                    2,
                    10
                ],
                [
                    8,
                    -5,
                    -7
                ],
                [
                    2,
                    -5,
                    -9
                ],
                [
                    -8,
                    5,
                    -2
                ],
                [
                    6,
                    -3,
                    -10
                ],
                [
                    9,
                    6,
                    7
                ],
                [
                    2,
                    4,
                    10
                ],
                [
                    -8,
                    1,
                    -3
                ],
                [
                    7,
                    1,
                    10
                ],
                [
                    2,
                    10,
                    -1
                ],
                [
                    6,
                    -1,
                    -10
                ],
                [
                    4,
                    -1,
                    6
                ],
                [
                    -3,
                    -1,
                    -10
                ],
                [
                    3,
                    6,
                    -8
                ],
                [
                    2,
                    9,
                    -6
                ],
                [
                    6,
                    9,
                    -8
                ],
                [
                    -3,
                    -5,
                    -7
                ],
                [
                    -4,
                    2,
                    -1
                ],
                [
                    -4,
                    9,
                    -2
                ],
                [
                    -3,
                    -1,
                    -2
                ],
                [
                    2,
                    -4,
                    9
                ],
                [
                    4,
                    -3,
                    2
                ],
                [
                    -4,
                    -6,
                    8
                ],
                [
                    -5,
                    -1,
                    3
                ],
                [
                    4,
                    -7,
                    -9
                ],
                [
                    5,
                    -1,
                    -9
                ]
            ],
            "{   'fun': 1.0,\n    'jac': None,\n    'nfev': 9,\n    'nit': 0,\n    'njev': 1,\n    'x': array([0.38825716, 0.13096252, 2.9248127 , 0.59288746, 0.88243205,\n       1.49338007, 1.68895206, 1.69995431])}",
            {
                "0011100000": 1,
                "1110010010": 1,
                "0000000110": 1,
                "1011001011": 1,
                "1000111011": 1,
                "1001100011": 1,
                "0001010111": 1,
                "1000101001": 1,
                "1010100110": 1,
                "0001010100": 1,
                "0000110110": 1,
                "1011111010": 1,
                "1111110110": 1,
                "0100111111": 1,
                "1010000110": 1,
                "1110001100": 2,
                "1111001101": 1,
                "0011010111": 1,
                "0010011101": 1,
                "0000111000": 1,
                "0000011000": 1,
                "0101111111": 1,
                "0010100101": 1,
                "1100101111": 1,
                "1101101000": 1,
                "1111110101": 1,
                "0101101001": 2,
                "0000011111": 1,
                "0010111100": 1,
                "1100001001": 1,
                "1000100010": 1,
                "0000100111": 1,
                "1001100111": 2,
                "1000010011": 1,
                "1101000010": 1,
                "0100001110": 1,
                "0010110100": 1,
                "1110111010": 1,
                "0111101000": 1,
                "0011110011": 1,
                "0011010000": 1,
                "1100001110": 1,
                "0011010001": 1,
                "1110110010": 1,
                "1100110100": 1,
                "0111110000": 1,
                "1101110101": 1,
                "0110010101": 1,
                "1111001000": 1,
                "0110101011": 1,
                "1010101010": 1,
                "1001100001": 1,
                "1101111100": 1,
                "1100100011": 1,
                "1011000011": 1,
                "1101001011": 1,
                "0001111011": 1,
                "0100111000": 1,
                "1111011110": 1,
                "0001111000": 1,
                "1011100111": 1,
                "0110011010": 1,
                "1101110111": 1,
                "0100011101": 1,
                "1001000101": 1,
                "0110001000": 1,
                "0000000011": 1,
                "1010100010": 1,
                "1111111111": 1,
                "0111010000": 1,
                "0011001100": 1,
                "0000100000": 1,
                "0001110111": 2,
                "0010100111": 1,
                "0011110000": 1,
                "0111100100": 1,
                "1011110001": 1,
                "0010010111": 1,
                "0111011101": 1,
                "0000100100": 1,
                "0100011110": 1,
                "1100100000": 1,
                "1111100001": 1,
                "0011100001": 1,
                "1001101111": 1,
                "0001110011": 1,
                "0100101110": 1,
                "0011101001": 1,
                "0001101111": 1,
                "0001110101": 1,
                "0101010010": 1,
                "0101000011": 1,
                "0011100111": 1,
                "0101010111": 1,
                "1000010111": 1,
                "0001100100": 1
            },
            false,
            1.0
        ]
    ]
}