{
    "n": 10,
    "m": 45,
    "results": [
        [
            [
                [
                    3,
                    -9,
                    1
                ],
                [
                    -7,
                    8,
                    -10
                ],
                [
                    -2,
                    6,
                    5
                ],
                [
                    3,
                    -8,
                    4
                ],
                [
                    -2,
                    8,
                    -9
                ],
                [
                    -2,
                    10,
                    -5
                ],
                [
                    -4,
                    5,
                    -3
                ],
                [
                    -1,
                    -5,
                    6
                ],
                [
                    7,
                    -5,
                    -9
                ],
                [
                    1,
                    10,
                    -5
                ],
                [
                    -9,
                    -6,
                    -10
                ],
                [
                    -4,
                    2,
                    9
                ],
                [
                    4,
                    -1,
                    -10
                ],
                [
                    1,
                    4,
                    -7
                ],
                [
                    -6,
                    9,
                    -4
                ],
                [
                    -5,
                    6,
                    -9
                ],
                [
                    7,
                    -8,
                    4
                ],
                [
                    3,
                    -4,
                    -5
                ],
                [
                    7,
                    8,
                    9
                ],
                [
                    -1,
                    -5,
                    10
                ],
                [
                    -1,
                    -6,
                    -9
                ],
                [
                    -4,
                    -9,
                    -1
                ],
                [
                    6,
                    -3,
                    -9
                ],
                [
                    -1,
                    -2,
                    -3
                ],
                [
                    -4,
                    7,
                    -5
                ],
                [
                    -3,
                    10,
                    -1
                ],
                [
                    -4,
                    -10,
                    7
                ],
                [
                    6,
                    -8,
                    -3
                ],
                [
                    -6,
                    -8,
                    2
                ],
                [
                    -2,
                    3,
                    -8
                ],
                [
                    -6,
                    10,
                    9
                ],
                [
                    -10,
                    -4,
                    8
                ],
                [
                    -8,
                    -10,
                    6
                ],
                [
                    -1,
                    -6,
                    -5
                ],
                [
                    -3,
                    -2,
                    -1
                ],
                [
                    4,
                    -9,
                    -2
                ],
                [
                    9,
                    -4,
                    7
                ],
                [
                    -7,
                    8,
                    -5
                ],
                [
                    6,
                    2,
                    -1
                ],
                [
                    2,
                    -1,
                    -9
                ],
                [
                    3,
                    8,
                    7
                ],
                [
                    6,
                    -10,
                    3
                ],
                [
                    -1,
                    2,
                    3
                ],
                [
                    -3,
                    -9,
                    -1
                ],
                [
                    -9,
                    10,
                    6
                ]
            ],
            "{   'fun': 1.0,\n    'jac': None,\n    'nfev': 207,\n    'nit': 2,\n    'njev': 23,\n    'x': array([2.4305649 , 2.58611626, 1.58920063, 1.27969017, 0.28672729,\n       1.39678086, 2.72992795, 1.35219818])}",
            {
                "0001011111": 1,
                "0111110000": 1,
                "1000110000": 1,
                "0001010001": 1,
                "1010011001": 1,
                "1100101100": 1,
                "0000111111": 1,
                "1000011000": 1,
                "1111110110": 1,
                "1111000000": 1,
                "1011101101": 1,
                "0011000000": 1,
                "0001011110": 1,
                "1000010101": 1,
                "1011000011": 2,
                "1001010100": 1,
                "1111111001": 1,
                "1000110010": 1,
                "1110111111": 1,
                "0101001010": 1,
                "0111000110": 1,
                "0101110000": 1,
                "1111110100": 1,
                "0100100000": 1,
                "0010010011": 1,
                "0011101010": 1,
                "0000111101": 1,
                "0001111100": 1,
                "0111001100": 1,
                "0011100001": 1,
                "0111000111": 2,
                "1001100001": 1,
                "1001000011": 1,
                "0001101010": 1,
                "1100000111": 1,
                "0101000111": 1,
                "0110111110": 1,
                "0110100100": 1,
                "0111111110": 1,
                "0100011111": 1,
                "1100001111": 1,
                "1011010011": 1,
                "0001110100": 1,
                "1001111001": 1,
                "1111000011": 1,
                "1110110011": 1,
                "0010100001": 1,
                "1110110111": 2,
                "0001001000": 1,
                "0000000001": 1,
                "1111000010": 1,
                "0001100111": 1,
                "1111110101": 1,
                "0111100110": 1,
                "1011100110": 1,
                "0000110111": 1,
                "1000111100": 1,
                "0100001110": 1,
                "0110111011": 1,
                "0000100101": 1,
                "0011001101": 1,
                "1010110001": 1,
                "0101101010": 1,
                "0010011000": 1,
                "0100010010": 2,
                "0011110001": 1,
                "1101000000": 1,
                "0010100101": 1,
                "1010100100": 1,
                "1000001101": 1,
                "1101011001": 1,
                "1101011101": 1,
                "0111101010": 1,
                "0110001101": 1,
                "0100011001": 1,
                "1001001101": 1,
                "1010010001": 1,
                "1111111111": 1,
                "1100111100": 1,
                "0000100011": 1,
                "0111111010": 1,
                "1100010101": 1,
                "0000000010": 1,
                "1101011000": 1,
                "0101110101": 1,
                "1100111111": 1,
                "0110001011": 1,
                "0011011111": 1,
                "1000001010": 1,
                "0101111100": 1,
                "1100101001": 1,
                "0100101011": 1,
                "0100101101": 1,
                "1011001101": 1,
                "0000001110": 1,
                "1001101111": 1
            },
            false,
            0.97
        ],
        [
            [
                [
                    -7,
                    8,
                    -2
                ],
                [
                    6,
                    10,
                    5
                ],
                [
                    4,
                    7,
                    -6
                ],
                [
                    1,
                    -3,
                    -4
                ],
                [
                    9,
                    -7,
                    -8
                ],
                [
                    -3,
                    6,
                    -1
                ],
                [
                    -2,
                    1,
                    7
                ],
                [
                    10,
                    -1,
                    -4
                ],
                [
                    9,
                    -2,
                    6
                ],
                [
                    3,
                    6,
                    -8
                ],
                [
                    7,
                    -2,
                    -8
                ],
                [
                    2,
                    -8,
                    1
                ],
                [
                    -5,
                    6,
                    -8
                ],
                [
                    5,
                    4,
                    10
                ],
                [
                    -3,
                    10,
                    8
                ],
                [
                    -8,
                    2,
                    4
                ],
                [
                    6,
                    9,
                    -5
                ],
                [
                    -10,
                    -5,
                    -2
                ],
                [
                    -2,
                    7,
                    6
                ],
                [
                    -9,
                    7,
                    1
                ],
                [
                    4,
                    3,
                    2
                ],
                [
                    -1,
                    -4,
                    10
                ],
                [
                    -9,
                    -4,
                    3
                ],
                [
                    -3,
                    7,
                    -10
                ],
                [
                    -5,
                    10,
                    -9
                ],
                [
                    -10,
                    -9,
                    2
                ],
                [
                    -5,
                    -4,
                    -8
                ],
                [
                    -8,
                    -5,
                    2
                ],
                [
                    -2,
                    8,
                    1
                ],
                [
                    -6,
                    1,
                    5
                ],
                [
                    -5,
                    3,
                    -10
                ],
                [
                    -8,
                    -4,
                    9
                ],
                [
                    7,
                    4,
                    5
                ],
                [
                    9,
                    5,
                    -3
                ],
                [
                    -10,
                    9,
                    8
                ],
                [
                    4,
                    6,
                    -3
                ],
                [
                    -9,
                    5,
                    8
                ],
                [
                    -2,
                    -9,
                    -6
                ],
                [
                    -8,
                    1,
                    -6
                ],
                [
                    -4,
                    6,
                    1
                ],
                [
                    5,
                    -1,
                    -8
                ],
                [
                    2,
                    -10,
                    4
                ],
                [
                    8,
                    -2,
                    6
                ],
                [
                    6,
                    2,
                    -3
                ],
                [
                    -10,
                    4,
                    -2
                ]
            ],
            "{   'fun': 1.0,\n    'jac': None,\n    'nfev': 216,\n    'nit': 2,\n    'njev': 24,\n    'x': array([0.35828231, 1.37680539, 1.14326123, 0.29526419, 0.23455442,\n       1.30167579, 2.64100492, 1.64391086])}",
            {
                "1010000001": 1,
                "1100011001": 1,
                "0001101001": 1,
                "0001101011": 1,
                "1100111111": 1,
                "1110101101": 1,
                "1001110000": 1,
                "0100011110": 1,
                "0001011011": 1,
                "1111110000": 1,
                "0110110111": 1,
                "1010101011": 1,
                "0010111110": 1,
                "0001000100": 1,
                "0011101000": 1,
                "1011101101": 1,
                "0100100100": 1,
                "1110011011": 1,
                "1100111001": 1,
                "0111111011": 1,
                "0111011010": 1,
                "0010111010": 1,
                "1001100100": 1,
                "1011001001": 1,
                "0010101001": 1,
                "0010101101": 1,
                "0100100101": 1,
                "0000100000": 1,
                "0101101011": 1,
                "1101001010": 1,
                "1000100110": 1,
                "1100110011": 1,
                "0110101110": 2,
                "1011000001": 1,
                "0011001111": 1,
                "1000100010": 1,
                "0000000100": 1,
                "1110100011": 1,
                "0011000010": 1,
                "1101100001": 1,
                "0010101100": 1,
                "1101000011": 1,
                "1000101100": 1,
                "1001011011": 1,
                "1001101100": 1,
                "0100111110": 1,
                "1000111101": 1,
                "1110000000": 1,
                "0000111000": 1,
                "1010011010": 1,
                "1111000111": 2,
                "0100010111": 1,
                "1101010100": 1,
                "0010011001": 1,
                "0000010001": 1,
                "0100101100": 1,
                "0010001101": 1,
                "0001000111": 1,
                "0011111010": 1,
                "0001010010": 1,
                "0001001000": 1,
                "1010001110": 1,
                "1101010010": 1,
                "0111010010": 2,
                "1010011100": 1,
                "0001000001": 1,
                "0001110001": 1,
                "1011110111": 1,
                "0111110000": 1,
                "0101001000": 1,
                "1110100010": 1,
                "0010000111": 1,
                "0111011001": 1,
                "1011110000": 1,
                "0100010000": 1,
                "0010000000": 1,
                "1001000001": 1,
                "0000111010": 1,
                "0001100001": 1,
                "1011110101": 1,
                "0001101100": 1,
                "0010000001": 1,
                "1010111010": 1,
                "0111110110": 1,
                "0010101010": 1,
                "1111000000": 1,
                "0010001011": 1,
                "0001111001": 1,
                "1101100000": 1,
                "0101100000": 1,
                "0101001110": 1,
                "1111111001": 1,
                "0000001010": 1,
                "0001010000": 1,
                "0011010101": 1,
                "1100101111": 1,
                "1101000001": 1
            },
            false,
            0.96
        ],
        [
            [
                [
                    2,
                    -3,
                    -5
                ],
                [
                    -5,
                    -9,
                    -7
                ],
                [
                    4,
                    -6,
                    10
                ],
                [
                    5,
                    -9,
                    7
                ],
                [
                    6,
                    5,
                    7
                ],
                [
                    -6,
                    -2,
                    1
                ],
                [
                    4,
                    1,
                    -6
                ],
                [
                    -7,
                    4,
                    5
                ],
                [
                    -6,
                    4,
                    8
                ],
                [
                    -3,
                    -5,
                    -1
                ],
                [
                    -4,
                    -10,
                    -2
                ],
                [
                    -2,
                    4,
                    6
                ],
                [
                    9,
                    -1,
                    -5
                ],
                [
                    -5,
                    -6,
                    1
                ],
                [
                    -4,
                    -8,
                    -2
                ],
                [
                    3,
                    7,
                    2
                ],
                [
                    -10,
                    -7,
                    -2
                ],
                [
                    -9,
                    -7,
                    -2
                ],
                [
                    7,
                    -1,
                    4
                ],
                [
                    3,
                    10,
                    2
                ],
                [
                    -2,
                    -8,
                    5
                ],
                [
                    -10,
                    2,
                    1
                ],
                [
                    10,
                    -3,
                    -8
                ],
                [
                    -2,
                    -1,
                    6
                ],
                [
                    -2,
                    -8,
                    -10
                ],
                [
                    -2,
                    -6,
                    -1
                ],
                [
                    10,
                    -1,
                    -9
                ],
                [
                    4,
                    -1,
                    7
                ],
                [
                    -5,
                    3,
                    8
                ],
                [
                    3,
                    -2,
                    -4
                ],
                [
                    -5,
                    6,
                    9
                ],
                [
                    -3,
                    -10,
                    -9
                ],
                [
                    -6,
                    10,
                    1
                ],
                [
                    -7,
                    8,
                    -5
                ],
                [
                    -10,
                    1,
                    -3
                ],
                [
                    -2,
                    -4,
                    -5
                ],
                [
                    -5,
                    -9,
                    10
                ],
                [
                    -9,
                    4,
                    10
                ],
                [
                    -3,
                    6,
                    -1
                ],
                [
                    10,
                    -4,
                    6
                ],
                [
                    3,
                    4,
                    8
                ],
                [
                    -1,
                    -8,
                    6
                ],
                [
                    -8,
                    9,
                    1
                ],
                [
                    10,
                    3,
                    -6
                ],
                [
                    -7,
                    9,
                    -3
                ]
            ],
            "{   'fun': 0.97,\n    'jac': None,\n    'nfev': 261,\n    'nit': 3,\n    'njev': 29,\n    'x': array([1.39819636, 0.73956197, 2.73797013, 0.46117424, 0.65115708,\n       0.01888568, 0.20752713, 2.72924076])}",
            {
                "1111101110": 1,
                "0110110010": 1,
                "1011111110": 1,
                "0111100100": 1,
                "1000101111": 1,
                "0011010101": 1,
                "0101000010": 1,
                "0111010001": 1,
                "0110000000": 1,
                "1111010111": 1,
                "0000001100": 1,
                "1000111011": 1,
                "0101011011": 1,
                "0010111001": 1,
                "0010000011": 1,
                "0101111100": 1,
                "1000001010": 1,
                "0100001000": 1,
                "0000001110": 1,
                "0001001111": 1,
                "1100011110": 1,
                "1111111110": 1,
                "0111110001": 1,
                "0101010010": 1,
                "1100010100": 1,
                "1000100110": 1,
                "0100000001": 1,
                "1110110101": 1,
                "1101011110": 1,
                "1010001010": 1,
                "1110000010": 1,
                "0110001101": 1,
                "1011101011": 1,
                "1001000110": 1,
                "0100000110": 1,
                "1001010111": 1,
                "1110101101": 1,
                "0111010010": 1,
                "0111011100": 1,
                "1011110111": 1,
                "1100101110": 1,
                "0101000011": 1,
                "1101100001": 1,
                "1001000001": 1,
                "1010101001": 1,
                "1001101101": 1,
                "0000111000": 1,
                "0101010101": 1,
                "0010000100": 1,
                "0011100000": 1,
                "1100111011": 1,
                "1111100010": 1,
                "0011111110": 1,
                "0001101000": 1,
                "0111110110": 1,
                "0000101010": 1,
                "1000001011": 1,
                "0000101001": 1,
                "0000101111": 1,
                "0100110111": 1,
                "0110011111": 1,
                "0000001000": 1,
                "1010111110": 1,
                "0111101001": 1,
                "1101010011": 1,
                "0100110100": 1,
                "1110010000": 1,
                "0011001100": 1,
                "1100001100": 1,
                "1010100101": 1,
                "0100100000": 1,
                "0110010111": 1,
                "1000111010": 1,
                "0101011100": 1,
                "0010011011": 1,
                "0100010111": 1,
                "1001001001": 1,
                "1110111001": 1,
                "0000000100": 1,
                "1110110110": 1,
                "0001100100": 1,
                "0111011110": 1,
                "0111110010": 1,
                "0001111011": 1,
                "1101110001": 1,
                "1110010101": 1,
                "0100011000": 1,
                "0001110111": 1,
                "1111111100": 1,
                "0110110001": 1,
                "0010110110": 1,
                "0010001011": 1,
                "1111101010": 1,
                "0110110000": 1,
                "0100111111": 2,
                "1110100010": 1,
                "0111000010": 1,
                "1010001011": 1,
                "1001011011": 1
            },
            true,
            0.92
        ],
        [
            [
                [
                    -3,
                    8,
                    -7
                ],
                [
                    6,
                    -9,
                    5
                ],
                [
                    7,
                    6,
                    -2
                ],
                [
                    -3,
                    1,
                    -5
                ],
                [
                    -2,
                    8,
                    -4
                ],
                [
                    3,
                    -9,
                    10
                ],
                [
                    5,
                    -1,
                    2
                ],
                [
                    6,
                    -10,
                    3
                ],
                [
                    6,
                    -8,
                    -9
                ],
                [
                    2,
                    -5,
                    -9
                ],
                [
                    2,
                    -8,
                    1
                ],
                [
                    -3,
                    -4,
                    6
                ],
                [
                    1,
                    4,
                    6
                ],
                [
                    -5,
                    -2,
                    -8
                ],
                [
                    5,
                    -1,
                    -10
                ],
                [
                    -7,
                    5,
                    -10
                ],
                [
                    4,
                    -6,
                    -10
                ],
                [
                    9,
                    3,
                    -7
                ],
                [
                    -7,
                    3,
                    -9
                ],
                [
                    1,
                    9,
                    3
                ],
                [
                    -8,
                    6,
                    2
                ],
                [
                    -3,
                    -2,
                    -8
                ],
                [
                    6,
                    7,
                    -5
                ],
                [
                    -3,
                    10,
                    -7
                ],
                [
                    -2,
                    8,
                    -1
                ],
                [
                    7,
                    -2,
                    -1
                ],
                [
                    5,
                    -9,
                    -4
                ],
                [
                    -3,
                    -4,
                    -10
                ],
                [
                    -9,
                    -1,
                    8
                ],
                [
                    -6,
                    5,
                    3
                ],
                [
                    -3,
                    6,
                    4
                ],
                [
                    3,
                    2,
                    -5
                ],
                [
                    5,
                    -3,
                    -1
                ],
                [
                    -10,
                    -5,
                    6
                ],
                [
                    -6,
                    -9,
                    3
                ],
                [
                    -5,
                    -7,
                    4
                ],
                [
                    -4,
                    1,
                    8
                ],
                [
                    -5,
                    -9,
                    -10
                ],
                [
                    -1,
                    -8,
                    -6
                ],
                [
                    -3,
                    -7,
                    -8
                ],
                [
                    -3,
                    -7,
                    -5
                ],
                [
                    -3,
                    6,
                    7
                ],
                [
                    -5,
                    -9,
                    10
                ],
                [
                    10,
                    -5,
                    -3
                ],
                [
                    -5,
                    9,
                    -10
                ]
            ],
            "{   'fun': 1.0,\n    'jac': None,\n    'nfev': 189,\n    'nit': 0,\n    'njev': 21,\n    'x': array([1.2980972 , 1.51304619, 0.67244475, 1.64201211, 0.03176735,\n       1.56170418, 0.69038503, 2.2931898 ])}",
            {
                "1111101111": 1,
                "1100110111": 1,
                "1110010111": 1,
                "1111011101": 1,
                "0111110000": 1,
                "1011001011": 1,
                "0100011011": 1,
                "0010101011": 1,
                "0101101001": 1,
                "1101010000": 1,
                "0011101000": 1,
                "1010100000": 1,
                "0000101110": 1,
                "0001001100": 1,
                "0000000111": 1,
                "0100000000": 1,
                "1110101111": 1,
                "0111001100": 1,
                "0110111011": 1,
                "1001001101": 1,
                "1010010001": 1,
                "0101000000": 1,
                "1000011000": 1,
                "0000011110": 1,
                "1011110010": 1,
                "0011000001": 1,
                "1111110100": 1,
                "1010100001": 1,
                "0110100101": 1,
                "0100100100": 1,
                "1000010101": 1,
                "1001110011": 1,
                "1111000001": 1,
                "0011100100": 1,
                "1011101001": 1,
                "0100001101": 1,
                "0111011000": 1,
                "0001001000": 1,
                "0010111100": 1,
                "0101101100": 1,
                "0011011101": 1,
                "0011111001": 1,
                "1000010001": 1,
                "0001011000": 1,
                "0110001100": 1,
                "1100101101": 1,
                "0110001001": 1,
                "0010010011": 1,
                "1100111010": 1,
                "0100001110": 1,
                "1001000111": 1,
                "0010111000": 1,
                "1101011111": 1,
                "0110000100": 1,
                "1110110011": 1,
                "0110011011": 1,
                "1111100011": 1,
                "0111000100": 2,
                "1111000101": 1,
                "0001111101": 1,
                "1110000000": 1,
                "0100101101": 1,
                "1001011011": 1,
                "0010011100": 1,
                "0111110111": 1,
                "1011010110": 1,
                "0101100100": 1,
                "1001000100": 1,
                "0010110001": 1,
                "1001100110": 1,
                "0000100010": 1,
                "1001111001": 1,
                "0101011000": 1,
                "0101010000": 1,
                "1010111110": 1,
                "0011111011": 1,
                "0010000011": 1,
                "0000000010": 1,
                "1001000110": 1,
                "0001011101": 1,
                "1010111111": 1,
                "1010101100": 1,
                "0010110111": 1,
                "0100100110": 1,
                "0110101111": 1,
                "0001110111": 2,
                "0010111111": 1,
                "1000000100": 1,
                "1000101110": 1,
                "1110011101": 1,
                "0001010100": 1,
                "1000111111": 1,
                "0010100111": 1,
                "0111011100": 1,
                "1010101101": 1,
                "1110111111": 1,
                "1111111101": 1,
                "1100100110": 1
            },
            false,
            0.94
        ],
        [
            [
                [
                    -10,
                    8,
                    1
                ],
                [
                    -6,
                    2,
                    -5
                ],
                [
                    -7,
                    10,
                    1
                ],
                [
                    -3,
                    -5,
                    9
                ],
                [
                    4,
                    -7,
                    6
                ],
                [
                    4,
                    -8,
                    -9
                ],
                [
                    9,
                    -6,
                    -1
                ],
                [
                    7,
                    10,
                    5
                ],
                [
                    -10,
                    -3,
                    -5
                ],
                [
                    5,
                    -7,
                    -1
                ],
                [
                    -1,
                    4,
                    5
                ],
                [
                    -1,
                    -4,
                    7
                ],
                [
                    2,
                    -8,
                    4
                ],
                [
                    -9,
                    10,
                    3
                ],
                [
                    6,
                    10,
                    2
                ],
                [
                    -8,
                    -6,
                    1
                ],
                [
                    1,
                    5,
                    10
                ],
                [
                    -3,
                    8,
                    7
                ],
                [
                    -6,
                    -2,
                    7
                ],
                [
                    -4,
                    -2,
                    7
                ],
                [
                    4,
                    6,
                    -1
                ],
                [
                    5,
                    -3,
                    6
                ],
                [
                    3,
                    -5,
                    -7
                ],
                [
                    5,
                    -10,
                    2
                ],
                [
                    2,
                    7,
                    9
                ],
                [
                    -9,
                    10,
                    5
                ],
                [
                    4,
                    -9,
                    -10
                ],
                [
                    9,
                    7,
                    2
                ],
                [
                    2,
                    5,
                    -9
                ],
                [
                    8,
                    5,
                    -10
                ],
                [
                    4,
                    9,
                    -6
                ],
                [
                    3,
                    -9,
                    -6
                ],
                [
                    -7,
                    -6,
                    10
                ],
                [
                    -9,
                    4,
                    -5
                ],
                [
                    7,
                    -4,
                    9
                ],
                [
                    -5,
                    -6,
                    -3
                ],
                [
                    -3,
                    5,
                    9
                ],
                [
                    7,
                    3,
                    -9
                ],
                [
                    -3,
                    -5,
                    -10
                ],
                [
                    8,
                    3,
                    -2
                ],
                [
                    3,
                    -2,
                    4
                ],
                [
                    3,
                    -2,
                    9
                ],
                [
                    -4,
                    -1,
                    -9
                ],
                [
                    7,
                    6,
                    -9
                ],
                [
                    -9,
                    -3,
                    -5
                ]
            ],
            "{   'fun': 1.0,\n    'jac': None,\n    'nfev': 225,\n    'nit': 2,\n    'njev': 25,\n    'x': array([1.87435574, 1.6324227 , 0.98585451, 2.8066764 , 2.67177754,\n       0.97580104, 0.23833925, 2.86165176])}",
            {
                "1100010110": 1,
                "0001001100": 1,
                "1111011010": 1,
                "0001110101": 1,
                "1000110010": 1,
                "0100101111": 1,
                "0111100001": 1,
                "1111100001": 1,
                "0100001111": 1,
                "1110001100": 1,
                "0101110110": 1,
                "0001110110": 1,
                "0101011100": 1,
                "1100110110": 1,
                "1001011011": 1,
                "0000100011": 1,
                "1110011101": 1,
                "1000101110": 1,
                "0100010001": 1,
                "0101001111": 1,
                "1100001110": 1,
                "1001000000": 1,
                "1001101001": 1,
                "0000001001": 1,
                "0101010111": 1,
                "0001111100": 1,
                "1001100100": 1,
                "1000000011": 1,
                "1111010100": 1,
                "0000000010": 1,
                "0101011001": 1,
                "0100110011": 1,
                "1100100000": 1,
                "1000100101": 1,
                "0111000011": 1,
                "0111010100": 1,
                "1100000111": 1,
                "0100110111": 1,
                "0111100011": 1,
                "1111110010": 1,
                "0010010001": 1,
                "0011001011": 2,
                "1010111000": 1,
                "0011111100": 1,
                "1000100111": 1,
                "0110110111": 1,
                "0110000110": 1,
                "0110011001": 1,
                "0010000000": 1,
                "1011010110": 1,
                "0010011100": 1,
                "0110100111": 1,
                "1011101011": 1,
                "1011101101": 1,
                "1010000011": 1,
                "0001110100": 1,
                "0010010010": 1,
                "0111011011": 1,
                "1010111111": 1,
                "1110011010": 1,
                "1010101100": 1,
                "1101001011": 1,
                "0101011111": 1,
                "0100110101": 1,
                "0110010100": 1,
                "1001110101": 2,
                "0111010110": 1,
                "1001011110": 1,
                "1000000110": 1,
                "0001010111": 1,
                "1100110000": 1,
                "0010111101": 1,
                "0101101010": 1,
                "0111000001": 1,
                "0010000101": 2,
                "0001000011": 1,
                "1010111110": 1,
                "1100100100": 1,
                "1011001110": 1,
                "0001100000": 1,
                "0001100100": 1,
                "0001111101": 1,
                "0111011010": 1,
                "1100101100": 1,
                "1101111111": 1,
                "0011010111": 1,
                "1100000001": 1,
                "1111100101": 1,
                "0110101101": 1,
                "1011011010": 1,
                "1010101001": 1,
                "1101110100": 1,
                "0100010000": 1,
                "1000001110": 2,
                "1001000111": 1,
                "1001011001": 1
            },
            false,
            0.98
        ]
    ]
}