{
    "n": 10,
    "m": 45,
    "results": [
        [
            [
                [
                    -2,
                    -1,
                    -3
                ],
                [
                    -4,
                    10,
                    2
                ],
                [
                    -9,
                    -7,
                    8
                ],
                [
                    5,
                    6,
                    -10
                ],
                [
                    -4,
                    9,
                    -8
                ],
                [
                    -10,
                    -8,
                    7
                ],
                [
                    3,
                    -2,
                    -9
                ],
                [
                    10,
                    -7,
                    -4
                ],
                [
                    3,
                    -7,
                    -6
                ],
                [
                    4,
                    -8,
                    10
                ],
                [
                    8,
                    -3,
                    -1
                ],
                [
                    -2,
                    -9,
                    -3
                ],
                [
                    7,
                    3,
                    6
                ],
                [
                    7,
                    -6,
                    -2
                ],
                [
                    -1,
                    6,
                    2
                ],
                [
                    10,
                    -8,
                    9
                ],
                [
                    5,
                    10,
                    -3
                ],
                [
                    8,
                    -1,
                    4
                ],
                [
                    2,
                    -1,
                    -4
                ],
                [
                    7,
                    9,
                    5
                ],
                [
                    -6,
                    -2,
                    -10
                ],
                [
                    -10,
                    -9,
                    2
                ],
                [
                    -7,
                    -10,
                    -2
                ],
                [
                    -8,
                    -9,
                    -10
                ],
                [
                    -10,
                    -4,
                    -1
                ],
                [
                    3,
                    5,
                    -4
                ],
                [
                    -9,
                    -5,
                    1
                ],
                [
                    -2,
                    -8,
                    4
                ],
                [
                    -5,
                    10,
                    3
                ],
                [
                    -3,
                    5,
                    6
                ],
                [
                    1,
                    10,
                    4
                ],
                [
                    -10,
                    -7,
                    -4
                ],
                [
                    3,
                    10,
                    -6
                ],
                [
                    -3,
                    7,
                    -2
                ],
                [
                    7,
                    -2,
                    5
                ],
                [
                    -7,
                    9,
                    -10
                ],
                [
                    7,
                    4,
                    6
                ],
                [
                    -1,
                    -6,
                    8
                ],
                [
                    10,
                    -2,
                    8
                ],
                [
                    8,
                    3,
                    10
                ],
                [
                    1,
                    -6,
                    -2
                ],
                [
                    4,
                    -3,
                    9
                ],
                [
                    1,
                    -8,
                    9
                ],
                [
                    -10,
                    -7,
                    1
                ],
                [
                    6,
                    -2,
                    -7
                ]
            ],
            "{   'fun': 0.99,\n    'jac': None,\n    'nfev': 225,\n    'nit': 3,\n    'njev': 25,\n    'x': array([2.43056366, 2.58611625, 1.58920063, 1.2796903 , 0.28672592,\n       1.39678093, 2.72992664, 1.35219817])}",
            {
                "1011011001": 1,
                "0100000011": 1,
                "0010100100": 1,
                "1011111110": 1,
                "1111100100": 1,
                "0011111000": 1,
                "0000001101": 1,
                "1101010110": 1,
                "0011110111": 1,
                "0110100110": 1,
                "1111010010": 1,
                "0101110111": 1,
                "0101111100": 1,
                "1100111111": 1,
                "1010110001": 1,
                "0001101011": 1,
                "1111011100": 1,
                "0101100001": 1,
                "0111111011": 1,
                "1111101010": 1,
                "1101100111": 1,
                "1010010001": 1,
                "1011001010": 1,
                "1000011100": 1,
                "0011101000": 1,
                "1010111101": 1,
                "0001001001": 1,
                "0001110101": 1,
                "0101011000": 1,
                "1100011111": 1,
                "1010101011": 1,
                "0001100000": 1,
                "1000111000": 2,
                "1000000000": 1,
                "1011011111": 1,
                "0011111010": 1,
                "0100000101": 1,
                "0011110110": 1,
                "0111100110": 1,
                "0111111001": 1,
                "1011000000": 2,
                "1011111001": 1,
                "1011000010": 1,
                "0010000000": 1,
                "1010101000": 1,
                "1100100111": 1,
                "1101110001": 2,
                "1011100111": 1,
                "0001000110": 1,
                "1110001110": 1,
                "0101110000": 1,
                "1010011011": 2,
                "1011011000": 1,
                "1011000001": 1,
                "0100110001": 1,
                "0000001011": 1,
                "1010101101": 1,
                "1111100001": 1,
                "0010110111": 1,
                "0101001010": 1,
                "0000100001": 1,
                "1100110000": 1,
                "1010101110": 1,
                "1000001100": 1,
                "0111001110": 1,
                "0100111110": 1,
                "0110111000": 1,
                "0000000011": 1,
                "0110010010": 1,
                "1001110111": 1,
                "0100000000": 1,
                "0100110111": 2,
                "1111001000": 1,
                "1101111010": 1,
                "0000101010": 1,
                "0111111100": 1,
                "1010110111": 1,
                "1111100000": 1,
                "1010010111": 1,
                "0011011100": 1,
                "1100110010": 1,
                "1010010100": 1,
                "1001000011": 1,
                "0110111100": 1,
                "1101001001": 1,
                "0100110100": 1,
                "0110001010": 1,
                "1010111111": 2,
                "0001001000": 1,
                "0111011000": 1,
                "0001110000": 1,
                "1100000010": 1,
                "1110101101": 1,
                "1000011000": 1
            },
            true,
            0.93
        ],
        [
            [
                [
                    -2,
                    -9,
                    4
                ],
                [
                    -3,
                    -10,
                    4
                ],
                [
                    10,
                    -6,
                    -5
                ],
                [
                    7,
                    -4,
                    3
                ],
                [
                    10,
                    -6,
                    8
                ],
                [
                    5,
                    -7,
                    -6
                ],
                [
                    -3,
                    8,
                    -1
                ],
                [
                    7,
                    -9,
                    -2
                ],
                [
                    -9,
                    -5,
                    8
                ],
                [
                    -9,
                    5,
                    -3
                ],
                [
                    10,
                    -8,
                    5
                ],
                [
                    -6,
                    10,
                    3
                ],
                [
                    -3,
                    2,
                    7
                ],
                [
                    4,
                    -10,
                    -9
                ],
                [
                    9,
                    -4,
                    7
                ],
                [
                    -4,
                    -3,
                    1
                ],
                [
                    -8,
                    -9,
                    6
                ],
                [
                    -1,
                    3,
                    -8
                ],
                [
                    6,
                    -9,
                    2
                ],
                [
                    -4,
                    7,
                    -9
                ],
                [
                    -5,
                    7,
                    -4
                ],
                [
                    -10,
                    3,
                    -5
                ],
                [
                    -5,
                    -8,
                    -3
                ],
                [
                    -5,
                    4,
                    -7
                ],
                [
                    8,
                    -2,
                    7
                ],
                [
                    3,
                    10,
                    2
                ],
                [
                    -7,
                    -10,
                    1
                ],
                [
                    9,
                    -8,
                    4
                ],
                [
                    -3,
                    -9,
                    6
                ],
                [
                    7,
                    5,
                    -2
                ],
                [
                    -5,
                    -1,
                    -8
                ],
                [
                    -7,
                    -8,
                    10
                ],
                [
                    -2,
                    7,
                    10
                ],
                [
                    8,
                    -1,
                    -3
                ],
                [
                    5,
                    -2,
                    10
                ],
                [
                    -3,
                    2,
                    -10
                ],
                [
                    7,
                    4,
                    -10
                ],
                [
                    -9,
                    -3,
                    -1
                ],
                [
                    -2,
                    8,
                    1
                ],
                [
                    -3,
                    -1,
                    4
                ],
                [
                    -1,
                    -4,
                    -3
                ],
                [
                    8,
                    10,
                    9
                ],
                [
                    -9,
                    3,
                    6
                ],
                [
                    -6,
                    2,
                    7
                ],
                [
                    4,
                    9,
                    6
                ]
            ],
            "{   'fun': 0.99,\n    'jac': None,\n    'nfev': 189,\n    'nit': 1,\n    'njev': 21,\n    'x': array([0.35828231, 1.37680514, 1.14326123, 0.29526393, 0.23455417,\n       1.3016758 , 2.64100492, 1.64391086])}",
            {
                "1000100000": 1,
                "0111101100": 1,
                "0111110000": 1,
                "1000000101": 1,
                "0101100111": 1,
                "0111101000": 1,
                "0001011100": 1,
                "0100000111": 1,
                "0010101111": 1,
                "0000011001": 1,
                "1101100011": 1,
                "0000111011": 1,
                "1010000000": 1,
                "0011001110": 1,
                "1100001001": 1,
                "0001111010": 1,
                "1101111010": 1,
                "1100010111": 1,
                "1101000101": 1,
                "0010101010": 1,
                "1000110011": 1,
                "1101100110": 1,
                "1000000000": 1,
                "0101111100": 2,
                "0000010111": 1,
                "1010110101": 1,
                "0011011110": 1,
                "0010000001": 1,
                "1001011110": 1,
                "0010100010": 1,
                "1101000100": 1,
                "1000001110": 1,
                "1101010101": 1,
                "1111111011": 1,
                "0110100111": 1,
                "0010111001": 1,
                "1100101100": 1,
                "0000000110": 1,
                "1100110101": 1,
                "1100010011": 1,
                "1010101011": 1,
                "1100011111": 1,
                "1101001111": 1,
                "0100110100": 1,
                "0000011110": 1,
                "0001000011": 1,
                "0000101001": 1,
                "1011101110": 1,
                "0011010110": 1,
                "0110001011": 1,
                "0011001011": 1,
                "1100100010": 1,
                "1011100100": 1,
                "1001001011": 2,
                "0010001011": 1,
                "1110101001": 1,
                "0011010101": 1,
                "0111110110": 1,
                "0011011011": 1,
                "1100100101": 1,
                "1111001000": 1,
                "0100110111": 1,
                "0011000001": 1,
                "1001110100": 1,
                "0111010101": 1,
                "0100101001": 1,
                "0110110001": 1,
                "1011101000": 1,
                "0100101110": 1,
                "0010011111": 1,
                "1110111101": 1,
                "1100111001": 1,
                "0011111111": 2,
                "0000110000": 1,
                "1000000001": 1,
                "0001111111": 1,
                "1000010101": 1,
                "1001110011": 1,
                "1001110010": 1,
                "1101100111": 1,
                "1101001010": 2,
                "1101000111": 1,
                "1000110001": 1,
                "0100000110": 1,
                "1000011010": 1,
                "1111100100": 1,
                "0011011010": 2,
                "1001000000": 1,
                "0001111011": 1,
                "0010101011": 1,
                "0111010010": 1,
                "0010010000": 1,
                "1001000010": 1,
                "0011010000": 1,
                "1010110111": 1
            },
            true,
            0.96
        ],
        [
            [
                [
                    -10,
                    2,
                    -5
                ],
                [
                    2,
                    1,
                    9
                ],
                [
                    -1,
                    -10,
                    6
                ],
                [
                    -5,
                    -2,
                    3
                ],
                [
                    3,
                    -1,
                    7
                ],
                [
                    -8,
                    -9,
                    -6
                ],
                [
                    7,
                    8,
                    -4
                ],
                [
                    -3,
                    -7,
                    6
                ],
                [
                    1,
                    -2,
                    -7
                ],
                [
                    -9,
                    8,
                    -7
                ],
                [
                    -10,
                    9,
                    -3
                ],
                [
                    2,
                    6,
                    -10
                ],
                [
                    -6,
                    3,
                    2
                ],
                [
                    7,
                    10,
                    2
                ],
                [
                    7,
                    2,
                    3
                ],
                [
                    -1,
                    -10,
                    8
                ],
                [
                    5,
                    9,
                    3
                ],
                [
                    -5,
                    6,
                    1
                ],
                [
                    -9,
                    7,
                    1
                ],
                [
                    -2,
                    -9,
                    -6
                ],
                [
                    2,
                    -3,
                    -5
                ],
                [
                    9,
                    6,
                    10
                ],
                [
                    4,
                    -10,
                    -5
                ],
                [
                    10,
                    3,
                    -2
                ],
                [
                    -3,
                    2,
                    10
                ],
                [
                    5,
                    -6,
                    7
                ],
                [
                    -7,
                    -1,
                    -8
                ],
                [
                    -7,
                    3,
                    -6
                ],
                [
                    -3,
                    6,
                    2
                ],
                [
                    4,
                    -1,
                    -6
                ],
                [
                    -5,
                    6,
                    -1
                ],
                [
                    -10,
                    5,
                    -4
                ],
                [
                    3,
                    -10,
                    -7
                ],
                [
                    9,
                    10,
                    8
                ],
                [
                    4,
                    -3,
                    9
                ],
                [
                    -1,
                    -5,
                    9
                ],
                [
                    9,
                    -3,
                    4
                ],
                [
                    -1,
                    -10,
                    6
                ],
                [
                    7,
                    2,
                    4
                ],
                [
                    -9,
                    -8,
                    6
                ],
                [
                    7,
                    -2,
                    8
                ],
                [
                    -10,
                    9,
                    -3
                ],
                [
                    4,
                    -1,
                    7
                ],
                [
                    -8,
                    -1,
                    2
                ],
                [
                    -6,
                    3,
                    7
                ]
            ],
            "{   'fun': 1.0,\n    'jac': None,\n    'nfev': 180,\n    'nit': 1,\n    'njev': 20,\n    'x': array([3.00269903, 1.89771759, 0.3609794 , 0.32937041, 0.61477146,\n       1.49284171, 1.5548635 , 1.10503499])}",
            {
                "0000111010": 1,
                "1001001110": 1,
                "1111101100": 1,
                "0110001101": 1,
                "1101100111": 1,
                "0101100010": 1,
                "1100111111": 1,
                "0011010000": 1,
                "0010110011": 1,
                "1111100101": 1,
                "1000010111": 1,
                "1101010000": 1,
                "1011010101": 1,
                "0011011000": 1,
                "1100000101": 1,
                "0101000111": 1,
                "1000010001": 1,
                "1110010001": 1,
                "0011100001": 1,
                "0100011011": 1,
                "1111001111": 1,
                "1111111110": 1,
                "1011111000": 1,
                "1110100101": 1,
                "1001100000": 1,
                "1001101111": 1,
                "1011100110": 1,
                "0101001011": 1,
                "0111100100": 1,
                "1111011010": 1,
                "0111000000": 1,
                "1100101000": 1,
                "0101100111": 1,
                "0011001110": 2,
                "1001101110": 2,
                "1101110110": 1,
                "1000111110": 1,
                "0111100000": 1,
                "1010111100": 1,
                "1101110101": 1,
                "0110010101": 1,
                "0100101010": 1,
                "0001111111": 1,
                "0100010010": 1,
                "0000101010": 1,
                "0111000011": 1,
                "1111101110": 1,
                "0010111011": 1,
                "1001111001": 1,
                "1110100000": 1,
                "1000101111": 1,
                "1000110100": 1,
                "0010010100": 1,
                "1011100011": 1,
                "0111101001": 1,
                "0100100001": 1,
                "0111110101": 1,
                "1100101111": 2,
                "0000011111": 2,
                "1110001000": 1,
                "1101000011": 1,
                "1011101001": 1,
                "0101000001": 1,
                "1010111111": 1,
                "1000000010": 1,
                "1100011101": 1,
                "1110110000": 1,
                "0010011010": 1,
                "0010011011": 1,
                "0101000000": 1,
                "1100110000": 1,
                "0111010001": 1,
                "0111000001": 1,
                "1110010010": 1,
                "0010000101": 1,
                "1001011001": 1,
                "0010001110": 1,
                "1111110001": 1,
                "0100011101": 1,
                "1101110111": 1,
                "0011111110": 1,
                "1010111010": 1,
                "0100000010": 1,
                "1111010111": 1,
                "1011001011": 1,
                "0111011001": 1,
                "1101010110": 1,
                "1111101000": 1,
                "0110001110": 1,
                "1010110010": 1,
                "0111010000": 1,
                "0000100110": 1,
                "1001001101": 1,
                "0101100000": 1,
                "1111100010": 1,
                "1101000110": 1
            },
            false,
            0.98
        ],
        [
            [
                [
                    6,
                    -5,
                    -2
                ],
                [
                    9,
                    2,
                    -4
                ],
                [
                    4,
                    -8,
                    3
                ],
                [
                    -9,
                    3,
                    1
                ],
                [
                    -5,
                    -6,
                    -1
                ],
                [
                    10,
                    5,
                    -8
                ],
                [
                    10,
                    -5,
                    -3
                ],
                [
                    -9,
                    -3,
                    4
                ],
                [
                    -8,
                    -7,
                    -4
                ],
                [
                    -7,
                    2,
                    3
                ],
                [
                    -2,
                    10,
                    7
                ],
                [
                    -7,
                    -8,
                    2
                ],
                [
                    -4,
                    6,
                    -9
                ],
                [
                    10,
                    4,
                    -1
                ],
                [
                    -5,
                    2,
                    -4
                ],
                [
                    7,
                    8,
                    6
                ],
                [
                    5,
                    6,
                    1
                ],
                [
                    -9,
                    10,
                    -5
                ],
                [
                    10,
                    1,
                    -4
                ],
                [
                    -10,
                    -4,
                    -1
                ],
                [
                    2,
                    8,
                    9
                ],
                [
                    7,
                    2,
                    3
                ],
                [
                    -8,
                    5,
                    6
                ],
                [
                    1,
                    3,
                    -10
                ],
                [
                    -4,
                    -7,
                    6
                ],
                [
                    8,
                    -2,
                    9
                ],
                [
                    -7,
                    8,
                    4
                ],
                [
                    -5,
                    8,
                    -6
                ],
                [
                    4,
                    3,
                    -5
                ],
                [
                    1,
                    8,
                    10
                ],
                [
                    1,
                    10,
                    2
                ],
                [
                    1,
                    -2,
                    -4
                ],
                [
                    5,
                    1,
                    6
                ],
                [
                    -6,
                    4,
                    8
                ],
                [
                    -8,
                    6,
                    -9
                ],
                [
                    9,
                    -1,
                    10
                ],
                [
                    7,
                    -1,
                    -10
                ],
                [
                    2,
                    4,
                    -10
                ],
                [
                    3,
                    -9,
                    -7
                ],
                [
                    -5,
                    4,
                    -9
                ],
                [
                    2,
                    -3,
                    -8
                ],
                [
                    -8,
                    1,
                    6
                ],
                [
                    -10,
                    8,
                    2
                ],
                [
                    -9,
                    1,
                    -8
                ],
                [
                    10,
                    7,
                    -2
                ]
            ],
            "{   'fun': 0.98,\n    'jac': None,\n    'nfev': 216,\n    'nit': 2,\n    'njev': 24,\n    'x': array([2.2104262 , 0.28247967, 0.67675554, 2.9353198 , 1.9373622 ,\n       2.72312107, 2.90185814, 2.05306414])}",
            {
                "0101010111": 1,
                "0011011101": 1,
                "1111101101": 1,
                "1001111000": 1,
                "0101111000": 2,
                "0011010000": 1,
                "0000010001": 1,
                "0000110110": 1,
                "0010010000": 1,
                "0011010001": 1,
                "1010011010": 2,
                "1001010101": 1,
                "1011010100": 1,
                "0011011100": 1,
                "0110110111": 1,
                "0001001110": 1,
                "0000001111": 1,
                "0010110001": 1,
                "0101001001": 1,
                "0101111111": 1,
                "1000001111": 1,
                "0111011010": 1,
                "0010011100": 2,
                "0001111000": 1,
                "0111001000": 1,
                "1110010000": 1,
                "0110100110": 1,
                "0000001100": 1,
                "1000000110": 1,
                "1000011110": 1,
                "0101011001": 1,
                "0001001111": 1,
                "0101011011": 1,
                "0100101101": 1,
                "1111011011": 1,
                "0101101101": 1,
                "1011000100": 1,
                "1110001011": 1,
                "0111010010": 1,
                "1001101011": 1,
                "1110110000": 1,
                "1001111010": 1,
                "1011110000": 1,
                "1010111101": 1,
                "1010011001": 1,
                "0001011110": 1,
                "0011101010": 1,
                "0100010001": 1,
                "1110010111": 1,
                "1010000110": 1,
                "0101101111": 1,
                "1100100100": 1,
                "0011001010": 1,
                "1010100110": 5,
                "0001110000": 1,
                "1101100001": 1,
                "1000001000": 1,
                "1110011111": 1,
                "0110000110": 1,
                "0111010011": 2,
                "0110111010": 1,
                "0100011010": 1,
                "0111101010": 1,
                "0001101011": 2,
                "1111101001": 1,
                "1100001010": 1,
                "0001000010": 2,
                "1000001100": 1,
                "0000101011": 1,
                "1010110001": 1,
                "1110101101": 1,
                "1001110000": 1,
                "0101011110": 1,
                "1101110011": 1,
                "1100101000": 1,
                "0110000111": 1,
                "1100101011": 1,
                "1100110000": 1,
                "1110101001": 1,
                "1000011111": 1,
                "0001100100": 1,
                "1011110110": 1,
                "0110101001": 2,
                "0100000111": 1,
                "0100010111": 1,
                "0011101100": 1,
                "1101001101": 1,
                "1010110110": 1,
                "0111001110": 1
            },
            true,
            0.88
        ],
        [
            [
                [
                    -1,
                    6,
                    -10
                ],
                [
                    8,
                    -5,
                    -2
                ],
                [
                    5,
                    10,
                    3
                ],
                [
                    10,
                    -8,
                    6
                ],
                [
                    4,
                    6,
                    -9
                ],
                [
                    4,
                    -1,
                    10
                ],
                [
                    -1,
                    3,
                    5
                ],
                [
                    10,
                    -5,
                    4
                ],
                [
                    6,
                    4,
                    -1
                ],
                [
                    -4,
                    7,
                    -1
                ],
                [
                    7,
                    -9,
                    4
                ],
                [
                    1,
                    9,
                    -8
                ],
                [
                    -8,
                    -7,
                    -9
                ],
                [
                    -9,
                    -7,
                    -5
                ],
                [
                    -5,
                    -3,
                    1
                ],
                [
                    7,
                    -2,
                    5
                ],
                [
                    -10,
                    2,
                    9
                ],
                [
                    4,
                    -6,
                    -7
                ],
                [
                    2,
                    -7,
                    9
                ],
                [
                    -9,
                    -10,
                    -5
                ],
                [
                    -1,
                    7,
                    6
                ],
                [
                    -9,
                    8,
                    -3
                ],
                [
                    9,
                    7,
                    -5
                ],
                [
                    8,
                    1,
                    -4
                ],
                [
                    -7,
                    4,
                    -1
                ],
                [
                    -5,
                    10,
                    7
                ],
                [
                    8,
                    -1,
                    -6
                ],
                [
                    8,
                    -5,
                    7
                ],
                [
                    -5,
                    9,
                    -7
                ],
                [
                    5,
                    7,
                    -6
                ],
                [
                    -9,
                    4,
                    2
                ],
                [
                    8,
                    2,
                    -3
                ],
                [
                    -2,
                    -5,
                    -8
                ],
                [
                    9,
                    -3,
                    -7
                ],
                [
                    -7,
                    5,
                    9
                ],
                [
                    -9,
                    2,
                    8
                ],
                [
                    4,
                    -3,
                    9
                ],
                [
                    6,
                    10,
                    -9
                ],
                [
                    2,
                    6,
                    -8
                ],
                [
                    -5,
                    -6,
                    2
                ],
                [
                    -6,
                    -5,
                    1
                ],
                [
                    2,
                    10,
                    8
                ],
                [
                    -8,
                    -1,
                    10
                ],
                [
                    10,
                    6,
                    -5
                ],
                [
                    5,
                    4,
                    -8
                ]
            ],
            "{   'fun': 1.0,\n    'jac': None,\n    'nfev': 9,\n    'nit': 0,\n    'njev': 1,\n    'x': array([0.38825716, 0.13096252, 2.9248127 , 0.59288746, 0.88243205,\n       1.49338007, 1.68895206, 1.69995431])}",
            {
                "1101101011": 1,
                "0111001111": 1,
                "1010101010": 1,
                "1011011100": 1,
                "1101111111": 1,
                "0010011100": 1,
                "0010111010": 1,
                "1010001111": 1,
                "0001101110": 1,
                "0001101100": 1,
                "1110111101": 1,
                "0010100001": 1,
                "1110110011": 1,
                "0000100100": 1,
                "0110111010": 1,
                "1000010000": 1,
                "0001111001": 1,
                "1111111011": 1,
                "0011010000": 1,
                "1010100011": 1,
                "1111000110": 1,
                "0000100011": 1,
                "0110110111": 1,
                "0001110001": 1,
                "0101111000": 1,
                "0000010101": 1,
                "1001011011": 1,
                "0011000001": 1,
                "0010010001": 1,
                "1011100010": 1,
                "0011100100": 1,
                "0101101000": 1,
                "1011111101": 1,
                "1011000100": 1,
                "1000111110": 1,
                "1010010110": 1,
                "1000011111": 1,
                "1010101001": 1,
                "1101110111": 1,
                "1010110000": 1,
                "1010001011": 1,
                "0101010100": 1,
                "1100101000": 1,
                "0010111100": 1,
                "0111001101": 1,
                "1001000100": 1,
                "0101100100": 1,
                "0011001010": 1,
                "0100100101": 1,
                "1011100001": 1,
                "1001101101": 1,
                "1111011001": 2,
                "0111011111": 1,
                "1111000010": 1,
                "1111101011": 1,
                "0100111100": 1,
                "0000110000": 1,
                "0100111010": 1,
                "0011000010": 1,
                "0101110010": 1,
                "1101011001": 1,
                "1111011101": 1,
                "0111110000": 1,
                "0001110100": 2,
                "1110010101": 1,
                "0111110100": 1,
                "0111001000": 1,
                "1010011011": 1,
                "0111101001": 1,
                "0011110110": 1,
                "0101010000": 2,
                "1100110010": 1,
                "0001010100": 2,
                "1011011111": 1,
                "1011011000": 1,
                "0001010101": 1,
                "0101100101": 1,
                "0100001111": 1,
                "1100010100": 1,
                "1110010100": 1,
                "0101000110": 1,
                "0011110011": 1,
                "0101001010": 1,
                "0000111000": 1,
                "0101010101": 1,
                "0011100110": 1,
                "1110110110": 1,
                "1101000011": 1,
                "0011100101": 1,
                "0001000010": 1,
                "0000001111": 1,
                "0101111111": 1,
                "0000100101": 1,
                "0100001001": 1,
                "1101011000": 1,
                "1001011101": 1
            },
            false,
            1.0
        ]
    ]
}