{
    "n": 10,
    "m": 45,
    "results": [
        [
            [
                [
                    -9,
                    -10,
                    -4
                ],
                [
                    -3,
                    2,
                    -9
                ],
                [
                    4,
                    -10,
                    -3
                ],
                [
                    -6,
                    -3,
                    -5
                ],
                [
                    7,
                    9,
                    -1
                ],
                [
                    9,
                    -8,
                    7
                ],
                [
                    5,
                    -7,
                    2
                ],
                [
                    -6,
                    -3,
                    7
                ],
                [
                    -1,
                    -6,
                    -7
                ],
                [
                    -3,
                    -2,
                    -1
                ],
                [
                    8,
                    10,
                    -6
                ],
                [
                    -4,
                    3,
                    6
                ],
                [
                    -4,
                    8,
                    2
                ],
                [
                    -7,
                    -10,
                    -3
                ],
                [
                    -1,
                    8,
                    9
                ],
                [
                    7,
                    -5,
                    9
                ],
                [
                    4,
                    -3,
                    7
                ],
                [
                    -2,
                    -7,
                    -10
                ],
                [
                    -10,
                    8,
                    9
                ],
                [
                    10,
                    9,
                    2
                ],
                [
                    4,
                    1,
                    -3
                ],
                [
                    10,
                    5,
                    -2
                ],
                [
                    9,
                    -2,
                    -8
                ],
                [
                    4,
                    -3,
                    2
                ],
                [
                    9,
                    6,
                    10
                ],
                [
                    -1,
                    -7,
                    -10
                ],
                [
                    10,
                    -6,
                    1
                ],
                [
                    -10,
                    1,
                    8
                ],
                [
                    4,
                    5,
                    10
                ],
                [
                    8,
                    -5,
                    -2
                ],
                [
                    -2,
                    -3,
                    -9
                ],
                [
                    -3,
                    -7,
                    10
                ],
                [
                    3,
                    4,
                    2
                ],
                [
                    1,
                    6,
                    -2
                ],
                [
                    5,
                    -8,
                    -10
                ],
                [
                    9,
                    -10,
                    -7
                ],
                [
                    -3,
                    5,
                    -7
                ],
                [
                    -5,
                    -6,
                    7
                ],
                [
                    -6,
                    -3,
                    9
                ],
                [
                    7,
                    -5,
                    3
                ],
                [
                    2,
                    -5,
                    -1
                ],
                [
                    -5,
                    10,
                    -3
                ],
                [
                    -3,
                    4,
                    -9
                ],
                [
                    5,
                    -2,
                    6
                ],
                [
                    6,
                    4,
                    7
                ]
            ],
            "{   'fun': 5.78,\n    'jac': None,\n    'nfev': 207,\n    'nit': 3,\n    'njev': 23,\n    'x': array([0.07271861, 0.08518458, 2.49748922, 0.83938072, 1.76215376,\n       1.68291392, 2.48651671, 2.64260397])}",
            {
                "0000000000": 1,
                "1111100011": 1,
                "0111000111": 1,
                "0000101001": 1,
                "0010101100": 1,
                "1101001110": 1,
                "0010110100": 1,
                "0111001111": 1,
                "1000110110": 1,
                "1101000001": 1,
                "1011010100": 1,
                "0101010101": 1,
                "1101111001": 1,
                "1011110011": 1,
                "1010001010": 1,
                "0000100011": 1,
                "1111111001": 1,
                "1001010010": 2,
                "0100001010": 1,
                "0100101011": 1,
                "1000101100": 1,
                "1011110111": 1,
                "1100110011": 1,
                "1010001011": 1,
                "0100101111": 1,
                "1001110111": 1,
                "0001000111": 1,
                "0110010100": 2,
                "0000110000": 2,
                "1001000001": 1,
                "0110011111": 1,
                "1100000111": 1,
                "1111011010": 1,
                "0000101110": 2,
                "1011001100": 1,
                "0101111010": 1,
                "1101111000": 1,
                "1000111100": 1,
                "0010110110": 1,
                "1000001100": 1,
                "0110111111": 1,
                "0011101110": 1,
                "1111110011": 1,
                "0110100101": 2,
                "1101010100": 2,
                "0111110011": 1,
                "0101101101": 3,
                "0100010000": 1,
                "1001000101": 1,
                "0011010100": 1,
                "1100100111": 1,
                "1110010101": 1,
                "0011011000": 1,
                "1101010111": 1,
                "0101001111": 1,
                "1000110100": 2,
                "0110110111": 2,
                "0111101110": 1,
                "0101101001": 1,
                "0111010001": 1,
                "1101010010": 1,
                "1100111110": 1,
                "0010000010": 1,
                "1000001000": 1,
                "1100011011": 1,
                "0001011000": 1,
                "1110010111": 1,
                "1000111101": 1,
                "0101001010": 1,
                "1010100011": 1,
                "1101011011": 1,
                "1010001000": 1,
                "0010111110": 1,
                "1001111000": 1,
                "0000001011": 1,
                "0111100110": 1,
                "1101101100": 1,
                "0100100010": 1,
                "1101111100": 1,
                "0001010000": 1,
                "0100001101": 2,
                "1000111001": 1,
                "0011110100": 1,
                "0110101011": 1,
                "1000011001": 1,
                "0010000101": 1,
                "0001110101": 1,
                "1110111011": 1,
                "0001011110": 1
            },
            false,
            4.79
        ],
        [
            [
                [
                    -6,
                    -5,
                    4
                ],
                [
                    2,
                    4,
                    -10
                ],
                [
                    8,
                    4,
                    6
                ],
                [
                    -4,
                    -10,
                    -9
                ],
                [
                    10,
                    5,
                    -6
                ],
                [
                    3,
                    -9,
                    2
                ],
                [
                    5,
                    -10,
                    -8
                ],
                [
                    5,
                    -3,
                    -7
                ],
                [
                    8,
                    -5,
                    1
                ],
                [
                    -1,
                    -5,
                    6
                ],
                [
                    9,
                    10,
                    -1
                ],
                [
                    5,
                    -1,
                    -3
                ],
                [
                    -6,
                    8,
                    2
                ],
                [
                    10,
                    -6,
                    3
                ],
                [
                    -6,
                    -7,
                    9
                ],
                [
                    10,
                    -5,
                    4
                ],
                [
                    -1,
                    10,
                    8
                ],
                [
                    -7,
                    -1,
                    -2
                ],
                [
                    8,
                    1,
                    -9
                ],
                [
                    9,
                    5,
                    -8
                ],
                [
                    8,
                    -1,
                    9
                ],
                [
                    9,
                    4,
                    3
                ],
                [
                    7,
                    -1,
                    5
                ],
                [
                    2,
                    8,
                    -5
                ],
                [
                    -4,
                    5,
                    -8
                ],
                [
                    -3,
                    7,
                    10
                ],
                [
                    -7,
                    -2,
                    3
                ],
                [
                    3,
                    -7,
                    -9
                ],
                [
                    -9,
                    2,
                    5
                ],
                [
                    4,
                    -6,
                    -9
                ],
                [
                    6,
                    4,
                    -7
                ],
                [
                    10,
                    -8,
                    -1
                ],
                [
                    -9,
                    -6,
                    -7
                ],
                [
                    8,
                    -1,
                    7
                ],
                [
                    -3,
                    -2,
                    -5
                ],
                [
                    7,
                    2,
                    -5
                ],
                [
                    10,
                    1,
                    -8
                ],
                [
                    -9,
                    4,
                    -7
                ],
                [
                    6,
                    -5,
                    -10
                ],
                [
                    -9,
                    1,
                    -6
                ],
                [
                    -3,
                    -4,
                    6
                ],
                [
                    -4,
                    -6,
                    -9
                ],
                [
                    -4,
                    9,
                    6
                ],
                [
                    2,
                    -1,
                    -4
                ],
                [
                    4,
                    5,
                    -6
                ]
            ],
            "{   'fun': 5.71,\n    'jac': None,\n    'nfev': 297,\n    'nit': 3,\n    'njev': 33,\n    'x': array([1.3348765 , 1.00900959, 0.22807748, 0.60074548, 0.8807616 ,\n       0.31796357, 2.12763483, 2.22580535])}",
            {
                "0001111100": 1,
                "1101111011": 1,
                "0010100000": 1,
                "0011011111": 1,
                "1111100000": 1,
                "0111010101": 1,
                "1110100010": 1,
                "1111110000": 1,
                "0000101111": 1,
                "1010111110": 1,
                "0101010011": 1,
                "1000001011": 1,
                "1011110100": 1,
                "0010011011": 1,
                "0111011010": 1,
                "0100110001": 2,
                "0101110111": 1,
                "0101000001": 1,
                "1001100111": 1,
                "0110001110": 1,
                "0000001111": 1,
                "0010100100": 1,
                "1111010101": 1,
                "0101010101": 1,
                "1010010110": 1,
                "0110001111": 1,
                "0000110100": 1,
                "1110000001": 1,
                "1010010101": 2,
                "0010110001": 1,
                "0000011100": 1,
                "0110010001": 1,
                "1111000000": 1,
                "0111110101": 1,
                "1100101111": 1,
                "0011101001": 1,
                "0100000100": 1,
                "0001011110": 1,
                "0110111010": 1,
                "1000000011": 1,
                "1000000100": 1,
                "0101011001": 1,
                "0000110000": 1,
                "0101011101": 2,
                "1111101011": 1,
                "0010101001": 1,
                "0100100001": 1,
                "0001101101": 1,
                "0101000110": 1,
                "0111111010": 1,
                "1111011101": 1,
                "1101000110": 1,
                "0000100011": 1,
                "0100100101": 1,
                "0010001100": 1,
                "0110011101": 1,
                "0001111110": 1,
                "1111110111": 1,
                "1101011111": 1,
                "0101011011": 1,
                "1000011100": 1,
                "1101001101": 1,
                "0101100110": 2,
                "1100100001": 2,
                "0110000101": 2,
                "1111001110": 1,
                "0110000111": 1,
                "1111110011": 1,
                "0111110001": 2,
                "0000101000": 1,
                "0111110110": 2,
                "0100001111": 1,
                "1101010000": 1,
                "1011010101": 1,
                "0001000001": 1,
                "1111001111": 1,
                "0110001101": 1,
                "0111000000": 1,
                "1101101110": 1,
                "0010010110": 1,
                "1111011111": 1,
                "1001110001": 1,
                "1111011100": 1,
                "0110001011": 1,
                "0011010110": 1,
                "1100111111": 1,
                "0101110101": 1,
                "1111110001": 2,
                "0100011101": 1,
                "1010010011": 1,
                "1001010111": 1
            },
            false,
            4.75
        ],
        [
            [
                [
                    -7,
                    -6,
                    2
                ],
                [
                    3,
                    2,
                    -6
                ],
                [
                    9,
                    8,
                    10
                ],
                [
                    9,
                    -2,
                    4
                ],
                [
                    -1,
                    2,
                    -10
                ],
                [
                    -7,
                    -6,
                    8
                ],
                [
                    4,
                    10,
                    8
                ],
                [
                    2,
                    -9,
                    4
                ],
                [
                    -8,
                    2,
                    4
                ],
                [
                    7,
                    -2,
                    -1
                ],
                [
                    -10,
                    1,
                    3
                ],
                [
                    -9,
                    -7,
                    6
                ],
                [
                    -7,
                    -4,
                    -6
                ],
                [
                    -3,
                    8,
                    1
                ],
                [
                    10,
                    -1,
                    -6
                ],
                [
                    -7,
                    1,
                    3
                ],
                [
                    3,
                    -2,
                    6
                ],
                [
                    -7,
                    9,
                    3
                ],
                [
                    10,
                    -6,
                    -8
                ],
                [
                    -8,
                    2,
                    -7
                ],
                [
                    -7,
                    4,
                    -1
                ],
                [
                    9,
                    3,
                    8
                ],
                [
                    7,
                    -8,
                    3
                ],
                [
                    -9,
                    7,
                    2
                ],
                [
                    -1,
                    -7,
                    4
                ],
                [
                    -6,
                    -4,
                    -9
                ],
                [
                    -3,
                    5,
                    10
                ],
                [
                    -8,
                    5,
                    -9
                ],
                [
                    3,
                    -6,
                    -4
                ],
                [
                    -7,
                    -9,
                    -6
                ],
                [
                    -3,
                    2,
                    -4
                ],
                [
                    7,
                    6,
                    4
                ],
                [
                    -10,
                    2,
                    3
                ],
                [
                    -5,
                    -7,
                    10
                ],
                [
                    -2,
                    7,
                    8
                ],
                [
                    -6,
                    -1,
                    -2
                ],
                [
                    -9,
                    -1,
                    4
                ],
                [
                    9,
                    -8,
                    4
                ],
                [
                    9,
                    -5,
                    -8
                ],
                [
                    -7,
                    -6,
                    1
                ],
                [
                    -1,
                    4,
                    10
                ],
                [
                    -10,
                    9,
                    -5
                ],
                [
                    4,
                    -6,
                    3
                ],
                [
                    -1,
                    -9,
                    -6
                ],
                [
                    4,
                    8,
                    1
                ]
            ],
            "{   'fun': 5.52,\n    'jac': None,\n    'nfev': 333,\n    'nit': 4,\n    'njev': 37,\n    'x': array([1.52363638, 1.1698484 , 0.53925195, 0.47628477, 2.94951948,\n       0.45420254, 3.10338962, 0.78106833])}",
            {
                "0101001011": 1,
                "0001101111": 1,
                "0000010000": 1,
                "1100110100": 1,
                "1000101010": 1,
                "0100110110": 1,
                "0101100011": 1,
                "1010111010": 1,
                "1111100101": 1,
                "0101000000": 1,
                "0000110100": 1,
                "0101100010": 2,
                "1101101101": 2,
                "0111011110": 1,
                "1111001001": 1,
                "0011101100": 1,
                "1001110010": 1,
                "1110110000": 1,
                "1011000011": 1,
                "0110111000": 1,
                "0111100111": 1,
                "0111100000": 1,
                "0000101000": 1,
                "0010001110": 1,
                "1010011100": 1,
                "0111000101": 1,
                "0000011010": 1,
                "0001001000": 1,
                "0101000011": 1,
                "0011100111": 1,
                "0001001110": 1,
                "0110100111": 1,
                "0100010100": 1,
                "1000110000": 1,
                "1111000111": 1,
                "0001111001": 1,
                "1001011010": 1,
                "0010011000": 1,
                "1100110001": 2,
                "0110011101": 1,
                "1001001110": 2,
                "0001010010": 1,
                "0110111111": 1,
                "1010110100": 1,
                "1101100011": 1,
                "0101010110": 1,
                "0110111100": 1,
                "1010111001": 1,
                "0110110010": 1,
                "1010000011": 1,
                "0011010111": 2,
                "0101111011": 1,
                "0011110001": 1,
                "1111000001": 1,
                "0001000100": 2,
                "1000100000": 2,
                "0011000100": 1,
                "0111010000": 1,
                "1001111110": 2,
                "0010101011": 1,
                "1100110101": 1,
                "0100110001": 2,
                "1010100001": 2,
                "0100101001": 1,
                "1001011110": 1,
                "0011100010": 1,
                "0101000100": 1,
                "0110110101": 1,
                "0101000001": 1,
                "0111110010": 1,
                "1101101010": 1,
                "0110111001": 1,
                "0010100001": 1,
                "1101111100": 2,
                "0100101000": 1,
                "1000010000": 1,
                "0101011100": 1,
                "0101111100": 1,
                "1110110110": 1,
                "0011100110": 1,
                "1111111101": 1,
                "0101100001": 1,
                "0110000001": 1,
                "0000001010": 1,
                "0110111110": 1,
                "1001111011": 1,
                "0110001110": 1,
                "1111011001": 1,
                "0011011001": 1
            },
            false,
            4.71
        ],
        [
            [
                [
                    -1,
                    -5,
                    -9
                ],
                [
                    -5,
                    -1,
                    -2
                ],
                [
                    -8,
                    9,
                    -3
                ],
                [
                    -8,
                    3,
                    -9
                ],
                [
                    5,
                    6,
                    -10
                ],
                [
                    -3,
                    8,
                    -2
                ],
                [
                    -2,
                    -6,
                    -4
                ],
                [
                    7,
                    -10,
                    1
                ],
                [
                    10,
                    -2,
                    -6
                ],
                [
                    7,
                    -1,
                    2
                ],
                [
                    9,
                    6,
                    -10
                ],
                [
                    5,
                    -2,
                    10
                ],
                [
                    7,
                    -10,
                    9
                ],
                [
                    -7,
                    5,
                    -4
                ],
                [
                    -4,
                    -3,
                    -9
                ],
                [
                    -1,
                    6,
                    -3
                ],
                [
                    -5,
                    -8,
                    9
                ],
                [
                    6,
                    3,
                    9
                ],
                [
                    8,
                    -7,
                    5
                ],
                [
                    -3,
                    1,
                    6
                ],
                [
                    8,
                    9,
                    2
                ],
                [
                    1,
                    6,
                    2
                ],
                [
                    5,
                    -10,
                    2
                ],
                [
                    -7,
                    5,
                    -8
                ],
                [
                    -10,
                    5,
                    8
                ],
                [
                    10,
                    -6,
                    1
                ],
                [
                    -7,
                    -6,
                    -4
                ],
                [
                    -8,
                    5,
                    10
                ],
                [
                    -4,
                    7,
                    -6
                ],
                [
                    -10,
                    -5,
                    2
                ],
                [
                    -5,
                    2,
                    -10
                ],
                [
                    -3,
                    -2,
                    -4
                ],
                [
                    1,
                    -8,
                    5
                ],
                [
                    8,
                    -6,
                    -2
                ],
                [
                    -8,
                    3,
                    -4
                ],
                [
                    -8,
                    -1,
                    -9
                ],
                [
                    -2,
                    -10,
                    8
                ],
                [
                    9,
                    1,
                    7
                ],
                [
                    4,
                    -8,
                    -1
                ],
                [
                    -4,
                    9,
                    6
                ],
                [
                    -10,
                    -8,
                    6
                ],
                [
                    5,
                    3,
                    7
                ],
                [
                    7,
                    9,
                    3
                ],
                [
                    4,
                    -2,
                    6
                ],
                [
                    2,
                    8,
                    -7
                ]
            ],
            "{   'fun': 5.57,\n    'jac': None,\n    'nfev': 225,\n    'nit': 2,\n    'njev': 25,\n    'x': array([2.98115655, 2.01455059, 2.71654153, 2.2173559 , 0.809077  ,\n       1.47793647, 0.14396639, 2.68048146])}",
            {
                "1000101010": 1,
                "0101101000": 1,
                "1110100010": 1,
                "1000111000": 1,
                "1001011001": 1,
                "1010110000": 1,
                "0101101011": 1,
                "1001100001": 1,
                "1001111011": 1,
                "1010110001": 1,
                "1001110000": 1,
                "1101110011": 1,
                "0101111110": 1,
                "0010000100": 1,
                "1010111001": 1,
                "0111111101": 1,
                "1011010010": 1,
                "1100010010": 1,
                "1110011101": 1,
                "1001101111": 2,
                "1111100000": 1,
                "0001111100": 1,
                "1010010111": 1,
                "0010001000": 1,
                "1111011010": 1,
                "1101101010": 1,
                "0010110000": 1,
                "0001111011": 1,
                "0111110010": 1,
                "0001001001": 1,
                "1010100000": 1,
                "0111011010": 1,
                "1010101101": 1,
                "0101111111": 1,
                "1100111110": 2,
                "0000110010": 1,
                "1000111011": 2,
                "1011010111": 1,
                "1010011110": 1,
                "1111010011": 1,
                "0110101111": 1,
                "0010110011": 1,
                "1101011010": 1,
                "1001110011": 1,
                "0101110010": 1,
                "0100111011": 1,
                "1100101011": 1,
                "0111101011": 1,
                "0001110000": 2,
                "0000100010": 1,
                "0011110100": 1,
                "1010111100": 1,
                "0110111010": 1,
                "0000110001": 1,
                "1110100000": 1,
                "0100101011": 1,
                "1110101001": 1,
                "0101010001": 1,
                "1100110101": 1,
                "0010101111": 3,
                "1000111010": 3,
                "0100010110": 1,
                "0111100101": 1,
                "1000001110": 1,
                "0001001111": 1,
                "1100011101": 1,
                "0001100100": 1,
                "1000100001": 1,
                "1111010111": 1,
                "0000011011": 2,
                "0100110111": 1,
                "1000010100": 1,
                "0100111000": 2,
                "0010101100": 1,
                "1001111101": 1,
                "0001011111": 1,
                "1001011101": 1,
                "0100111111": 1,
                "1010000110": 1,
                "0011101110": 1,
                "1100011001": 1,
                "1110110101": 1,
                "1110100111": 1,
                "1010111010": 1,
                "0101100101": 1,
                "1100110111": 1,
                "0100001010": 1,
                "0000001011": 1,
                "1100110011": 1,
                "0010010110": 1
            },
            false,
            4.0
        ],
        [
            [
                [
                    6,
                    -8,
                    -5
                ],
                [
                    2,
                    9,
                    8
                ],
                [
                    5,
                    3,
                    7
                ],
                [
                    7,
                    2,
                    -3
                ],
                [
                    7,
                    8,
                    -6
                ],
                [
                    2,
                    10,
                    -9
                ],
                [
                    -9,
                    5,
                    -6
                ],
                [
                    9,
                    7,
                    -5
                ],
                [
                    10,
                    7,
                    2
                ],
                [
                    -1,
                    -6,
                    3
                ],
                [
                    -4,
                    6,
                    3
                ],
                [
                    10,
                    8,
                    3
                ],
                [
                    -9,
                    3,
                    -7
                ],
                [
                    -9,
                    -2,
                    -1
                ],
                [
                    3,
                    10,
                    5
                ],
                [
                    -4,
                    1,
                    6
                ],
                [
                    10,
                    1,
                    -3
                ],
                [
                    7,
                    2,
                    -8
                ],
                [
                    -1,
                    -3,
                    10
                ],
                [
                    7,
                    10,
                    8
                ],
                [
                    -1,
                    -8,
                    4
                ],
                [
                    -3,
                    4,
                    -7
                ],
                [
                    -5,
                    8,
                    10
                ],
                [
                    -1,
                    -3,
                    -6
                ],
                [
                    -6,
                    3,
                    -4
                ],
                [
                    -2,
                    -3,
                    1
                ],
                [
                    2,
                    -4,
                    -1
                ],
                [
                    6,
                    10,
                    -2
                ],
                [
                    -6,
                    -4,
                    7
                ],
                [
                    2,
                    -10,
                    1
                ],
                [
                    -1,
                    -10,
                    -2
                ],
                [
                    -5,
                    -4,
                    3
                ],
                [
                    -5,
                    8,
                    -6
                ],
                [
                    -4,
                    -6,
                    2
                ],
                [
                    -8,
                    9,
                    4
                ],
                [
                    -1,
                    -10,
                    -7
                ],
                [
                    -6,
                    2,
                    -10
                ],
                [
                    9,
                    -4,
                    5
                ],
                [
                    10,
                    -3,
                    4
                ],
                [
                    -2,
                    -5,
                    4
                ],
                [
                    -6,
                    2,
                    -5
                ],
                [
                    9,
                    10,
                    -4
                ],
                [
                    -2,
                    9,
                    5
                ],
                [
                    -5,
                    8,
                    -9
                ],
                [
                    -4,
                    5,
                    2
                ]
            ],
            "{   'fun': 4.93,\n    'jac': None,\n    'nfev': 243,\n    'nit': 2,\n    'njev': 27,\n    'x': array([2.38164131, 0.12974826, 1.89946029, 1.70760604, 0.67407157,\n       2.14035631, 1.74345169, 1.13463258])}",
            {
                "0010101000": 1,
                "0011101100": 1,
                "1110010000": 1,
                "1010111011": 1,
                "1110001111": 1,
                "0000101101": 1,
                "1001101101": 1,
                "1111011001": 1,
                "1000010110": 1,
                "0011101111": 2,
                "0110011111": 2,
                "0011000011": 1,
                "0001001001": 1,
                "0110110110": 1,
                "1100101001": 1,
                "1111011111": 1,
                "0001110111": 1,
                "0110101111": 3,
                "1001010101": 1,
                "0110101101": 1,
                "1101011011": 1,
                "1110001101": 1,
                "1100001111": 1,
                "0111101101": 2,
                "1011001101": 1,
                "0111000101": 1,
                "0111101111": 2,
                "1110101011": 2,
                "0010100111": 1,
                "0101101101": 1,
                "0000111111": 1,
                "0100010001": 2,
                "1011101111": 1,
                "0100000001": 2,
                "1000111010": 1,
                "0011111110": 1,
                "0111110110": 1,
                "0100011101": 1,
                "1100001100": 1,
                "0110001001": 1,
                "1000000011": 1,
                "0000000010": 1,
                "0010010001": 1,
                "0010001111": 3,
                "0111001001": 1,
                "1010111110": 1,
                "0110101010": 1,
                "0001100011": 1,
                "0000000111": 2,
                "0110010111": 1,
                "1100001101": 1,
                "0011100101": 1,
                "1000111000": 1,
                "0011100011": 1,
                "0010001101": 1,
                "1110011101": 1,
                "1000001101": 1,
                "0000101110": 1,
                "1100010101": 1,
                "1100000001": 1,
                "1000010001": 1,
                "1101000101": 1,
                "0100001010": 1,
                "0101010111": 2,
                "1100101100": 1,
                "0110101100": 1,
                "0100111000": 1,
                "0110011101": 1,
                "1111101010": 1,
                "0010001011": 1,
                "0110010011": 1,
                "1110011100": 2,
                "0010010111": 2,
                "0100101011": 2,
                "0100101111": 1,
                "0110101000": 1,
                "0010001001": 2,
                "1111111001": 1,
                "1000001011": 1,
                "0111001101": 3,
                "1000100010": 1
            },
            false,
            4.07
        ]
    ]
}