{
    "n": 10,
    "m": 45,
    "results": [
        [
            [
                [
                    -10,
                    -9,
                    4
                ],
                [
                    4,
                    -5,
                    -1
                ],
                [
                    -2,
                    3,
                    5
                ],
                [
                    -1,
                    7,
                    -3
                ],
                [
                    2,
                    4,
                    -5
                ],
                [
                    -3,
                    -7,
                    -10
                ],
                [
                    7,
                    1,
                    4
                ],
                [
                    10,
                    2,
                    5
                ],
                [
                    4,
                    -8,
                    -6
                ],
                [
                    2,
                    -3,
                    9
                ],
                [
                    8,
                    3,
                    1
                ],
                [
                    -8,
                    -2,
                    4
                ],
                [
                    3,
                    -6,
                    -8
                ],
                [
                    9,
                    5,
                    4
                ],
                [
                    5,
                    2,
                    7
                ],
                [
                    7,
                    -8,
                    10
                ],
                [
                    7,
                    6,
                    -10
                ],
                [
                    -5,
                    7,
                    -4
                ],
                [
                    3,
                    4,
                    10
                ],
                [
                    1,
                    3,
                    5
                ],
                [
                    3,
                    -9,
                    2
                ],
                [
                    -7,
                    6,
                    4
                ],
                [
                    8,
                    -5,
                    7
                ],
                [
                    -8,
                    -7,
                    -1
                ],
                [
                    -2,
                    9,
                    10
                ],
                [
                    -4,
                    -9,
                    -1
                ],
                [
                    9,
                    3,
                    -5
                ],
                [
                    -3,
                    5,
                    -6
                ],
                [
                    -4,
                    1,
                    2
                ],
                [
                    2,
                    9,
                    -5
                ],
                [
                    2,
                    -5,
                    -10
                ],
                [
                    2,
                    -6,
                    -5
                ],
                [
                    1,
                    -10,
                    -8
                ],
                [
                    -7,
                    9,
                    -5
                ],
                [
                    -3,
                    -2,
                    1
                ],
                [
                    -5,
                    -6,
                    -4
                ],
                [
                    -8,
                    -7,
                    5
                ],
                [
                    3,
                    6,
                    7
                ],
                [
                    7,
                    -1,
                    5
                ],
                [
                    -6,
                    -5,
                    3
                ],
                [
                    -2,
                    -4,
                    -5
                ],
                [
                    -4,
                    7,
                    9
                ],
                [
                    6,
                    10,
                    -8
                ],
                [
                    2,
                    1,
                    -5
                ],
                [
                    6,
                    -1,
                    -9
                ]
            ],
            "{   'fun': 5.65,\n    'jac': None,\n    'nfev': 234,\n    'nit': 2,\n    'njev': 26,\n    'x': array([0.07271877, 0.08518427, 2.4974887 , 0.83938074, 1.7621529 ,\n       1.68291278, 2.48651571, 2.6426012 ])}",
            {
                "0010101110": 1,
                "0110011011": 1,
                "0001111011": 1,
                "1011110010": 1,
                "0011100001": 1,
                "1110101011": 1,
                "1111111100": 1,
                "0110101010": 1,
                "1100101011": 1,
                "0111001011": 1,
                "1110001010": 1,
                "1101101000": 1,
                "1111000010": 1,
                "0011001110": 1,
                "0101101111": 1,
                "0001111101": 1,
                "0101101000": 1,
                "0010000110": 1,
                "0100110011": 1,
                "0000000010": 1,
                "0001000110": 1,
                "1110100010": 2,
                "1011101011": 1,
                "0011001000": 1,
                "0011110001": 1,
                "0111001010": 1,
                "1010001101": 1,
                "0100111001": 1,
                "0110111010": 1,
                "1101100011": 1,
                "0101001010": 1,
                "0111000001": 1,
                "1110010010": 2,
                "0101011010": 1,
                "0111011011": 3,
                "1010010011": 1,
                "1000011010": 1,
                "0110001100": 1,
                "1111011111": 1,
                "0110011010": 1,
                "1000011011": 1,
                "1110000001": 1,
                "0010011001": 1,
                "1110110111": 1,
                "1100001010": 1,
                "0111110111": 1,
                "0110010010": 2,
                "1001011000": 1,
                "0000111010": 1,
                "0110101000": 1,
                "1101010101": 2,
                "1110011001": 1,
                "0100100111": 1,
                "1101001001": 4,
                "1010111001": 1,
                "0100010101": 1,
                "1110111001": 1,
                "0110001110": 1,
                "1111001010": 2,
                "1111011010": 1,
                "1011001000": 1,
                "0001011011": 1,
                "1101011100": 1,
                "1110010001": 2,
                "0101110100": 1,
                "1001010001": 1,
                "1111010001": 2,
                "1101101111": 1,
                "1000111001": 1,
                "1110111010": 1,
                "0011011111": 1,
                "0111101110": 1,
                "0110001010": 2,
                "0100100110": 1,
                "1010001011": 1,
                "1100100110": 1,
                "1101101100": 1,
                "0101010001": 1,
                "1010110010": 1,
                "1010010110": 1,
                "1100100010": 1,
                "0110011101": 1,
                "1101011111": 3,
                "1011101010": 1,
                "0101001101": 1
            },
            false,
            3.94
        ],
        [
            [
                [
                    3,
                    -4,
                    -9
                ],
                [
                    7,
                    -9,
                    -2
                ],
                [
                    3,
                    -9,
                    -1
                ],
                [
                    3,
                    1,
                    10
                ],
                [
                    -2,
                    7,
                    10
                ],
                [
                    1,
                    -10,
                    -5
                ],
                [
                    -9,
                    -2,
                    -4
                ],
                [
                    -9,
                    5,
                    1
                ],
                [
                    1,
                    -5,
                    3
                ],
                [
                    10,
                    -4,
                    -5
                ],
                [
                    -6,
                    9,
                    2
                ],
                [
                    -10,
                    3,
                    -8
                ],
                [
                    6,
                    -8,
                    2
                ],
                [
                    -8,
                    4,
                    10
                ],
                [
                    1,
                    9,
                    -5
                ],
                [
                    9,
                    1,
                    4
                ],
                [
                    2,
                    6,
                    7
                ],
                [
                    -7,
                    4,
                    2
                ],
                [
                    9,
                    -8,
                    -2
                ],
                [
                    -3,
                    6,
                    7
                ],
                [
                    -5,
                    7,
                    1
                ],
                [
                    10,
                    5,
                    8
                ],
                [
                    2,
                    -7,
                    3
                ],
                [
                    4,
                    1,
                    -6
                ],
                [
                    5,
                    1,
                    -4
                ],
                [
                    -4,
                    -7,
                    2
                ],
                [
                    -7,
                    1,
                    5
                ],
                [
                    -3,
                    -2,
                    8
                ],
                [
                    -10,
                    -3,
                    2
                ],
                [
                    7,
                    -2,
                    -4
                ],
                [
                    10,
                    4,
                    -9
                ],
                [
                    -4,
                    2,
                    8
                ],
                [
                    5,
                    -10,
                    9
                ],
                [
                    -4,
                    6,
                    2
                ],
                [
                    -2,
                    4,
                    8
                ],
                [
                    -8,
                    -9,
                    2
                ],
                [
                    4,
                    10,
                    -6
                ],
                [
                    -6,
                    8,
                    -7
                ],
                [
                    5,
                    -1,
                    -3
                ],
                [
                    6,
                    -10,
                    -8
                ],
                [
                    4,
                    7,
                    -5
                ],
                [
                    9,
                    6,
                    -5
                ],
                [
                    -3,
                    10,
                    -8
                ],
                [
                    -3,
                    -10,
                    5
                ],
                [
                    -6,
                    -1,
                    7
                ]
            ],
            "{   'fun': 5.36,\n    'jac': None,\n    'nfev': 207,\n    'nit': 3,\n    'njev': 23,\n    'x': array([1.33487722, 1.0090107 , 0.22807714, 0.60074699, 0.88076157,\n       0.31796458, 2.12763469, 2.22580581])}",
            {
                "0010011010": 1,
                "1001011011": 1,
                "1101011110": 1,
                "1101100010": 1,
                "1100011111": 1,
                "0111100101": 1,
                "0010011100": 1,
                "0110010111": 1,
                "1000001110": 1,
                "1000101010": 1,
                "1110000001": 1,
                "1110001011": 1,
                "1011000001": 1,
                "0000111011": 1,
                "0100111000": 1,
                "0101001011": 1,
                "0110100010": 1,
                "0100100101": 2,
                "1001010101": 1,
                "0001110110": 1,
                "1101100000": 1,
                "1001111001": 1,
                "0001010011": 1,
                "1100110001": 1,
                "1101010100": 1,
                "1111011001": 1,
                "1001101101": 1,
                "1000001010": 1,
                "1100010011": 3,
                "0010110111": 1,
                "1011001110": 1,
                "1010100110": 2,
                "1110111001": 1,
                "0110010010": 1,
                "1010100010": 1,
                "1100010111": 1,
                "1001011000": 1,
                "1010111010": 1,
                "1001000001": 1,
                "0010000011": 1,
                "1000000101": 1,
                "1000101001": 1,
                "1000111101": 1,
                "1011110110": 2,
                "0101000101": 1,
                "1001011001": 3,
                "0000101000": 1,
                "1100101110": 1,
                "0100010000": 1,
                "0110001000": 1,
                "0011110100": 1,
                "1010001101": 1,
                "0000100011": 2,
                "1111000110": 2,
                "1100000111": 1,
                "0110001001": 1,
                "1100011000": 1,
                "1100110100": 1,
                "1110010101": 1,
                "0011011000": 1,
                "1000111001": 1,
                "0110110110": 1,
                "0010011101": 1,
                "0101111110": 2,
                "0101110000": 1,
                "0111001000": 1,
                "1100111111": 1,
                "1100000000": 1,
                "0001010000": 1,
                "1111001111": 1,
                "1101111100": 1,
                "0110111100": 1,
                "1101001001": 1,
                "0001111101": 1,
                "1010011110": 1,
                "1001100100": 1,
                "0000111000": 1,
                "0011110101": 1,
                "1001001001": 1,
                "0101011011": 1,
                "1010000000": 1,
                "0110110111": 1,
                "1001110011": 1,
                "1000010101": 2,
                "0011001110": 1,
                "0000000101": 1,
                "0110011110": 1,
                "0111010001": 1,
                "0101101001": 1
            },
            false,
            4.88
        ],
        [
            [
                [
                    2,
                    -8,
                    -3
                ],
                [
                    3,
                    10,
                    -6
                ],
                [
                    -7,
                    5,
                    -9
                ],
                [
                    -5,
                    -9,
                    -1
                ],
                [
                    -1,
                    9,
                    -2
                ],
                [
                    4,
                    1,
                    -8
                ],
                [
                    -1,
                    6,
                    10
                ],
                [
                    -4,
                    6,
                    -7
                ],
                [
                    -9,
                    -6,
                    4
                ],
                [
                    -10,
                    2,
                    -1
                ],
                [
                    -1,
                    6,
                    -5
                ],
                [
                    -1,
                    7,
                    10
                ],
                [
                    -1,
                    10,
                    2
                ],
                [
                    6,
                    9,
                    7
                ],
                [
                    7,
                    -1,
                    3
                ],
                [
                    4,
                    5,
                    10
                ],
                [
                    2,
                    -9,
                    -10
                ],
                [
                    -10,
                    -1,
                    3
                ],
                [
                    9,
                    -7,
                    1
                ],
                [
                    -1,
                    -2,
                    -6
                ],
                [
                    4,
                    7,
                    -3
                ],
                [
                    -3,
                    10,
                    -4
                ],
                [
                    7,
                    8,
                    9
                ],
                [
                    -10,
                    -8,
                    1
                ],
                [
                    -4,
                    2,
                    -5
                ],
                [
                    7,
                    -4,
                    -10
                ],
                [
                    -3,
                    5,
                    1
                ],
                [
                    -4,
                    -10,
                    2
                ],
                [
                    -1,
                    10,
                    7
                ],
                [
                    -4,
                    -7,
                    -3
                ],
                [
                    -8,
                    3,
                    7
                ],
                [
                    -4,
                    -9,
                    -5
                ],
                [
                    -8,
                    -4,
                    -3
                ],
                [
                    10,
                    -7,
                    8
                ],
                [
                    7,
                    -8,
                    -4
                ],
                [
                    -1,
                    8,
                    -2
                ],
                [
                    -10,
                    -1,
                    -2
                ],
                [
                    -9,
                    -8,
                    3
                ],
                [
                    -2,
                    1,
                    -6
                ],
                [
                    -8,
                    -1,
                    4
                ],
                [
                    10,
                    5,
                    -6
                ],
                [
                    9,
                    7,
                    6
                ],
                [
                    -3,
                    10,
                    9
                ],
                [
                    9,
                    7,
                    10
                ],
                [
                    -8,
                    -7,
                    -2
                ]
            ],
            "{   'fun': 5.23,\n    'jac': None,\n    'nfev': 225,\n    'nit': 3,\n    'njev': 25,\n    'x': array([2.82256834, 1.00300726, 0.6089871 , 1.17804033, 1.61727431,\n       1.03444125, 0.47601659, 1.92876582])}",
            {
                "1010100011": 1,
                "0100100111": 1,
                "0011100000": 1,
                "1001100010": 1,
                "1111100001": 1,
                "1010100001": 1,
                "0100101001": 1,
                "1110000110": 1,
                "1011111000": 1,
                "1111111101": 1,
                "1011100001": 2,
                "0000000011": 1,
                "0001100100": 1,
                "1011000000": 1,
                "1111001101": 1,
                "1100000000": 1,
                "0010101001": 1,
                "1100100101": 1,
                "0011011011": 1,
                "0100001101": 1,
                "0011001011": 1,
                "0101000100": 1,
                "0101010010": 2,
                "1101101111": 1,
                "0100011101": 1,
                "0010011001": 1,
                "0110100101": 1,
                "0000001011": 1,
                "0010001110": 1,
                "0110001100": 1,
                "0101011001": 1,
                "0011010011": 2,
                "1101111101": 1,
                "0011110111": 1,
                "0110111101": 1,
                "1111100111": 2,
                "0000101100": 1,
                "1100110110": 1,
                "0000110101": 1,
                "1000101110": 1,
                "0001110010": 1,
                "1011010010": 2,
                "0101111000": 1,
                "1101010101": 1,
                "1111000001": 1,
                "0011110001": 1,
                "0100111010": 1,
                "0000011001": 2,
                "0010100101": 1,
                "0001000011": 3,
                "1001001111": 1,
                "0101010101": 1,
                "0001110011": 1,
                "1111001001": 1,
                "0110111111": 1,
                "0000011100": 1,
                "1010110011": 1,
                "1001000100": 1,
                "0100011010": 1,
                "0100101011": 1,
                "0111110100": 1,
                "0000010100": 2,
                "1110000011": 1,
                "0010010001": 1,
                "0111100011": 1,
                "1101101010": 1,
                "1000010011": 2,
                "1101101100": 2,
                "0100100010": 1,
                "1101010011": 2,
                "0100110100": 1,
                "0100000010": 1,
                "0110101101": 1,
                "1011010110": 1,
                "1010101000": 1,
                "1110101101": 1,
                "1000011000": 1,
                "1110011011": 1,
                "1111011001": 1,
                "0001001101": 1,
                "1101100100": 1,
                "1011110000": 1,
                "1001110111": 1,
                "1001111110": 1,
                "0000100110": 1,
                "0100011111": 1,
                "1110010101": 1,
                "1000001001": 1
            },
            false,
            4.69
        ],
        [
            [
                [
                    -2,
                    10,
                    4
                ],
                [
                    2,
                    9,
                    -5
                ],
                [
                    3,
                    -7,
                    -1
                ],
                [
                    -7,
                    2,
                    1
                ],
                [
                    -5,
                    -7,
                    1
                ],
                [
                    -8,
                    -1,
                    7
                ],
                [
                    -5,
                    2,
                    -8
                ],
                [
                    -2,
                    7,
                    4
                ],
                [
                    1,
                    -4,
                    -5
                ],
                [
                    -4,
                    7,
                    5
                ],
                [
                    1,
                    8,
                    -4
                ],
                [
                    6,
                    -8,
                    2
                ],
                [
                    -4,
                    9,
                    -1
                ],
                [
                    6,
                    3,
                    -5
                ],
                [
                    5,
                    6,
                    9
                ],
                [
                    -4,
                    5,
                    -6
                ],
                [
                    -8,
                    7,
                    -2
                ],
                [
                    -8,
                    -5,
                    -4
                ],
                [
                    2,
                    3,
                    -1
                ],
                [
                    -4,
                    2,
                    -5
                ],
                [
                    -9,
                    -3,
                    -7
                ],
                [
                    -8,
                    -9,
                    -10
                ],
                [
                    1,
                    4,
                    -6
                ],
                [
                    2,
                    1,
                    10
                ],
                [
                    -9,
                    6,
                    -3
                ],
                [
                    2,
                    -5,
                    9
                ],
                [
                    -9,
                    -7,
                    6
                ],
                [
                    -6,
                    -9,
                    3
                ],
                [
                    3,
                    5,
                    -6
                ],
                [
                    -2,
                    -9,
                    -3
                ],
                [
                    -10,
                    1,
                    -7
                ],
                [
                    7,
                    -9,
                    -4
                ],
                [
                    -2,
                    -4,
                    6
                ],
                [
                    -3,
                    5,
                    -6
                ],
                [
                    7,
                    6,
                    9
                ],
                [
                    -2,
                    -7,
                    1
                ],
                [
                    2,
                    1,
                    5
                ],
                [
                    4,
                    -1,
                    -2
                ],
                [
                    -5,
                    8,
                    4
                ],
                [
                    -3,
                    9,
                    2
                ],
                [
                    -9,
                    -2,
                    -1
                ],
                [
                    -8,
                    -5,
                    -3
                ],
                [
                    5,
                    -6,
                    7
                ],
                [
                    -6,
                    -4,
                    3
                ],
                [
                    -2,
                    4,
                    1
                ]
            ],
            "{   'fun': 5.06,\n    'jac': None,\n    'nfev': 198,\n    'nit': 3,\n    'njev': 22,\n    'x': array([0.13720913, 0.31327003, 2.89421288, 0.50847128, 3.11514747,\n       2.6538115 , 1.57270066, 0.6635169 ])}",
            {
                "0010110111": 1,
                "0010111011": 1,
                "1010101001": 1,
                "0100011101": 1,
                "1010001101": 1,
                "1010000100": 1,
                "0110000010": 1,
                "0100100101": 1,
                "0111000101": 1,
                "1000010001": 1,
                "1110110010": 1,
                "1111000110": 1,
                "1100011110": 2,
                "1110111011": 1,
                "1111101111": 1,
                "0001011110": 1,
                "0001100000": 1,
                "0101111100": 1,
                "1001111000": 1,
                "0010111000": 1,
                "0110010011": 1,
                "0001011001": 1,
                "0011001111": 1,
                "0010110000": 1,
                "1010011000": 1,
                "0100000101": 1,
                "0100111001": 1,
                "0011111100": 2,
                "1110101100": 1,
                "1000011001": 2,
                "1110101010": 1,
                "1101000000": 2,
                "0010100101": 1,
                "0011000010": 1,
                "0011011011": 1,
                "1010111001": 1,
                "0010111001": 1,
                "1111011100": 1,
                "1101101010": 1,
                "1101000111": 1,
                "1111011110": 1,
                "0010101110": 1,
                "1101001100": 1,
                "0000111000": 1,
                "0010111010": 2,
                "1111001001": 1,
                "0001110111": 1,
                "0010011101": 1,
                "1100000010": 1,
                "1010100011": 1,
                "0001001111": 1,
                "1111101000": 1,
                "0101001010": 1,
                "0010101001": 1,
                "0011000101": 1,
                "1010110011": 1,
                "1000110011": 1,
                "0010100010": 2,
                "0011110000": 1,
                "1001111110": 1,
                "1101001010": 1,
                "1110101111": 2,
                "1001110111": 1,
                "0100000000": 1,
                "1110001001": 1,
                "1111111000": 2,
                "0111100000": 1,
                "0000110001": 1,
                "0011101110": 1,
                "0111000000": 1,
                "1100110000": 1,
                "1100101011": 1,
                "0101110001": 1,
                "0000000110": 1,
                "0101000101": 2,
                "0101110000": 2,
                "0111010101": 1,
                "0010100011": 1,
                "1100111011": 1,
                "0101110110": 2,
                "1000000110": 3,
                "1011110101": 1,
                "1001011110": 1,
                "1111001011": 1,
                "1101001000": 2,
                "0011011001": 1
            },
            false,
            4.65
        ],
        [
            [
                [
                    -1,
                    -3,
                    -5
                ],
                [
                    9,
                    6,
                    -5
                ],
                [
                    1,
                    -4,
                    -7
                ],
                [
                    4,
                    -7,
                    5
                ],
                [
                    3,
                    -7,
                    5
                ],
                [
                    2,
                    1,
                    4
                ],
                [
                    5,
                    -4,
                    -1
                ],
                [
                    -3,
                    7,
                    2
                ],
                [
                    9,
                    1,
                    -6
                ],
                [
                    6,
                    -7,
                    8
                ],
                [
                    -6,
                    -3,
                    9
                ],
                [
                    -10,
                    6,
                    -2
                ],
                [
                    2,
                    -8,
                    7
                ],
                [
                    -7,
                    8,
                    -2
                ],
                [
                    9,
                    4,
                    -7
                ],
                [
                    -7,
                    5,
                    -1
                ],
                [
                    1,
                    -5,
                    -4
                ],
                [
                    -3,
                    -5,
                    9
                ],
                [
                    10,
                    1,
                    -7
                ],
                [
                    5,
                    -10,
                    3
                ],
                [
                    -2,
                    1,
                    9
                ],
                [
                    8,
                    -10,
                    -2
                ],
                [
                    2,
                    5,
                    7
                ],
                [
                    1,
                    3,
                    -5
                ],
                [
                    10,
                    4,
                    2
                ],
                [
                    -2,
                    -10,
                    7
                ],
                [
                    10,
                    -9,
                    -6
                ],
                [
                    -1,
                    5,
                    10
                ],
                [
                    2,
                    -6,
                    -7
                ],
                [
                    -9,
                    -7,
                    8
                ],
                [
                    1,
                    -9,
                    2
                ],
                [
                    -6,
                    8,
                    -3
                ],
                [
                    2,
                    -3,
                    4
                ],
                [
                    1,
                    8,
                    5
                ],
                [
                    -5,
                    2,
                    7
                ],
                [
                    4,
                    8,
                    -5
                ],
                [
                    -10,
                    -8,
                    7
                ],
                [
                    9,
                    3,
                    -7
                ],
                [
                    -1,
                    3,
                    2
                ],
                [
                    2,
                    7,
                    -6
                ],
                [
                    9,
                    -5,
                    6
                ],
                [
                    4,
                    -7,
                    -3
                ],
                [
                    6,
                    -2,
                    1
                ],
                [
                    6,
                    3,
                    -5
                ],
                [
                    7,
                    4,
                    9
                ]
            ],
            "{   'fun': 5.01,\n    'jac': None,\n    'nfev': 315,\n    'nit': 5,\n    'njev': 35,\n    'x': array([2.38164231, 0.12974866, 1.89946102, 1.70760602, 0.67407197,\n       2.14035767, 1.74345324, 1.13463187])}",
            {
                "1100100011": 1,
                "0111001001": 1,
                "0111000010": 1,
                "1111000000": 1,
                "0111100111": 1,
                "0101000000": 1,
                "1110011011": 1,
                "0010101001": 1,
                "0101010110": 1,
                "0101011010": 1,
                "1001100011": 1,
                "0010111101": 1,
                "1011101111": 1,
                "1010110111": 2,
                "1000000111": 1,
                "1001100101": 1,
                "0110100110": 1,
                "0101110111": 1,
                "0111111000": 1,
                "1000100110": 1,
                "1101011111": 1,
                "0011001111": 1,
                "1011100010": 1,
                "1101100111": 1,
                "0101100110": 1,
                "1000000010": 1,
                "1111100111": 1,
                "1111111110": 1,
                "1110100111": 1,
                "0110111010": 1,
                "1000101111": 1,
                "1010000110": 1,
                "1001001011": 2,
                "0111010101": 1,
                "0101110000": 1,
                "1001010110": 1,
                "0101111010": 1,
                "1110110111": 1,
                "1101011011": 2,
                "1011100110": 1,
                "1111000100": 1,
                "1010010110": 1,
                "1111110110": 1,
                "1011110110": 2,
                "1011010001": 1,
                "1110010010": 1,
                "0100000111": 1,
                "1100011111": 1,
                "0110001101": 1,
                "0011111000": 1,
                "0101000110": 1,
                "1111000111": 1,
                "1111011101": 1,
                "1001011101": 1,
                "1001111111": 2,
                "1100010101": 2,
                "1111001010": 1,
                "0110110011": 1,
                "1111011011": 1,
                "0100101111": 1,
                "1101101011": 2,
                "1010000011": 1,
                "0001100111": 1,
                "1100111110": 1,
                "1111000010": 1,
                "1101010010": 1,
                "0000011010": 1,
                "1100101000": 1,
                "0111100011": 1,
                "1101000011": 1,
                "1111001011": 1,
                "1100011011": 1,
                "1101111111": 1,
                "1001001111": 1,
                "0001001011": 1,
                "1100110011": 1,
                "1111010001": 2,
                "1110111101": 1,
                "0111000110": 1,
                "1111000110": 1,
                "0101000001": 1,
                "1101001011": 3,
                "1101000000": 1,
                "0110100001": 1,
                "0010011010": 1,
                "1111110111": 1,
                "1011110111": 1,
                "0001110001": 1,
                "1101110110": 1,
                "1101101001": 1
            },
            false,
            4.1
        ]
    ]
}