{
    "n": 10,
    "m": 45,
    "results": [
        [
            [
                [
                    -2,
                    -8,
                    -1
                ],
                [
                    10,
                    6,
                    7
                ],
                [
                    4,
                    10,
                    -3
                ],
                [
                    -7,
                    -8,
                    1
                ],
                [
                    -4,
                    -3,
                    -10
                ],
                [
                    -6,
                    9,
                    5
                ],
                [
                    -2,
                    -8,
                    10
                ],
                [
                    -8,
                    3,
                    -9
                ],
                [
                    -8,
                    -9,
                    2
                ],
                [
                    -3,
                    4,
                    8
                ],
                [
                    -7,
                    5,
                    10
                ],
                [
                    8,
                    -2,
                    -6
                ],
                [
                    7,
                    3,
                    -10
                ],
                [
                    8,
                    -3,
                    6
                ],
                [
                    -7,
                    2,
                    -5
                ],
                [
                    7,
                    8,
                    -10
                ],
                [
                    10,
                    7,
                    5
                ],
                [
                    -9,
                    -5,
                    -3
                ],
                [
                    8,
                    -3,
                    5
                ],
                [
                    -3,
                    9,
                    8
                ],
                [
                    -7,
                    -8,
                    -3
                ],
                [
                    -5,
                    -4,
                    3
                ],
                [
                    -4,
                    8,
                    -3
                ],
                [
                    -7,
                    4,
                    -8
                ],
                [
                    7,
                    6,
                    -2
                ],
                [
                    -8,
                    -10,
                    3
                ],
                [
                    2,
                    -5,
                    6
                ],
                [
                    1,
                    7,
                    8
                ],
                [
                    10,
                    3,
                    9
                ],
                [
                    10,
                    6,
                    4
                ],
                [
                    8,
                    2,
                    -3
                ],
                [
                    3,
                    -4,
                    6
                ],
                [
                    -8,
                    3,
                    -2
                ],
                [
                    -2,
                    -10,
                    -7
                ],
                [
                    3,
                    -7,
                    2
                ],
                [
                    -1,
                    2,
                    -7
                ],
                [
                    -9,
                    -4,
                    -2
                ],
                [
                    -6,
                    10,
                    -1
                ],
                [
                    4,
                    3,
                    -7
                ],
                [
                    -6,
                    8,
                    -7
                ],
                [
                    8,
                    -7,
                    6
                ],
                [
                    -6,
                    9,
                    3
                ],
                [
                    5,
                    2,
                    10
                ],
                [
                    5,
                    -1,
                    8
                ],
                [
                    9,
                    4,
                    -8
                ]
            ],
            "{   'fun': 5.0,\n    'jac': None,\n    'nfev': 189,\n    'nit': 0,\n    'njev': 21,\n    'x': array([2.58572401, 0.04774246, 1.62396976, 3.0400057 , 0.48383555,\n       1.06155082, 2.31572148, 2.38593535])}",
            {
                "1000101010": 1,
                "1010100011": 1,
                "1100001011": 1,
                "1111001101": 1,
                "1011110101": 1,
                "0000100000": 1,
                "0111111011": 1,
                "1010011100": 1,
                "0011011110": 1,
                "1111001110": 1,
                "1000001101": 1,
                "1000010011": 1,
                "1000110001": 1,
                "1100001010": 1,
                "1000010110": 1,
                "1010001001": 1,
                "0000001011": 1,
                "0111001101": 2,
                "0010000000": 1,
                "0101011011": 1,
                "1110101100": 1,
                "1000010001": 1,
                "1001001010": 2,
                "1110101001": 2,
                "0011110100": 1,
                "1100111010": 2,
                "1100001000": 1,
                "0110011110": 2,
                "0111000101": 1,
                "1000000101": 1,
                "0110001001": 1,
                "0000111100": 1,
                "1101001011": 1,
                "1011110000": 1,
                "1010101100": 1,
                "1111000000": 1,
                "0001001000": 1,
                "1001111010": 1,
                "1111001100": 1,
                "0100011010": 1,
                "0111101010": 2,
                "1000111001": 1,
                "0001001010": 1,
                "0011001101": 1,
                "1010010111": 1,
                "1100101000": 2,
                "1111101100": 1,
                "1101001101": 2,
                "1110001101": 1,
                "0110101110": 1,
                "1010110100": 1,
                "0111011101": 1,
                "0101001010": 1,
                "1100110110": 1,
                "0001010011": 1,
                "1111010001": 1,
                "0100101110": 2,
                "1001100000": 1,
                "1100101010": 2,
                "1111001001": 1,
                "0101001100": 1,
                "1101101100": 1,
                "0011110110": 1,
                "1011100100": 1,
                "1011001101": 1,
                "0100001011": 1,
                "0100100111": 1,
                "1110001100": 1,
                "1010000110": 1,
                "1100000100": 1,
                "1011100110": 1,
                "0000110110": 1,
                "0111011010": 1,
                "0111001010": 1,
                "1000001011": 1,
                "0110001101": 1,
                "0101111000": 1,
                "1010100101": 1,
                "1101001001": 2,
                "1111101111": 1,
                "0110001111": 1,
                "0011101101": 1,
                "1101111001": 1,
                "0100100101": 1,
                "1110011110": 1,
                "0011010101": 1,
                "1001101000": 1,
                "1000110110": 1,
                "1110001110": 1
            },
            false,
            4.56
        ],
        [
            [
                [
                    -9,
                    10,
                    -1
                ],
                [
                    -8,
                    3,
                    -6
                ],
                [
                    -8,
                    -2,
                    -3
                ],
                [
                    -10,
                    8,
                    -1
                ],
                [
                    2,
                    -5,
                    -8
                ],
                [
                    -6,
                    7,
                    -10
                ],
                [
                    9,
                    -2,
                    -1
                ],
                [
                    -5,
                    -2,
                    9
                ],
                [
                    4,
                    -8,
                    6
                ],
                [
                    7,
                    -9,
                    -4
                ],
                [
                    -2,
                    4,
                    10
                ],
                [
                    -2,
                    7,
                    8
                ],
                [
                    1,
                    6,
                    -9
                ],
                [
                    5,
                    7,
                    10
                ],
                [
                    -2,
                    9,
                    1
                ],
                [
                    -3,
                    -2,
                    7
                ],
                [
                    -10,
                    -8,
                    -6
                ],
                [
                    -6,
                    1,
                    -3
                ],
                [
                    1,
                    10,
                    -9
                ],
                [
                    -3,
                    4,
                    7
                ],
                [
                    -5,
                    8,
                    -3
                ],
                [
                    2,
                    -8,
                    -5
                ],
                [
                    -7,
                    3,
                    9
                ],
                [
                    -8,
                    5,
                    -1
                ],
                [
                    -8,
                    10,
                    -6
                ],
                [
                    -4,
                    -9,
                    -7
                ],
                [
                    9,
                    1,
                    8
                ],
                [
                    -2,
                    5,
                    8
                ],
                [
                    -5,
                    -4,
                    -7
                ],
                [
                    -7,
                    10,
                    -1
                ],
                [
                    -1,
                    6,
                    -4
                ],
                [
                    -10,
                    -2,
                    -5
                ],
                [
                    2,
                    7,
                    3
                ],
                [
                    1,
                    6,
                    5
                ],
                [
                    4,
                    5,
                    7
                ],
                [
                    -4,
                    1,
                    10
                ],
                [
                    2,
                    1,
                    -3
                ],
                [
                    8,
                    -10,
                    -1
                ],
                [
                    4,
                    -7,
                    10
                ],
                [
                    -8,
                    -9,
                    3
                ],
                [
                    -8,
                    -2,
                    7
                ],
                [
                    -2,
                    -1,
                    -8
                ],
                [
                    6,
                    9,
                    1
                ],
                [
                    6,
                    8,
                    1
                ],
                [
                    -10,
                    8,
                    5
                ]
            ],
            "{   'fun': 5.64,\n    'jac': None,\n    'nfev': 252,\n    'nit': 4,\n    'njev': 28,\n    'x': array([1.02628254, 2.59943051, 1.58516264, 1.45514848, 1.53900618,\n       1.17033344, 0.20420671, 0.3442839 ])}",
            {
                "1100011110": 1,
                "1100110001": 1,
                "1011110001": 1,
                "0100011100": 1,
                "0011100000": 1,
                "0010011100": 1,
                "0010000000": 1,
                "1000101110": 1,
                "0111011001": 1,
                "0111001110": 1,
                "1001011111": 1,
                "1101001110": 1,
                "1100010111": 1,
                "1100010101": 1,
                "0001101111": 1,
                "1111100011": 1,
                "0110011011": 1,
                "1000101011": 1,
                "1100011010": 1,
                "0100001110": 1,
                "0110111100": 1,
                "1110000110": 1,
                "1010001011": 1,
                "0101001000": 1,
                "0000101001": 1,
                "0000001101": 2,
                "1100001101": 1,
                "1100000101": 2,
                "0001100110": 1,
                "1011100000": 2,
                "0101011110": 1,
                "1111011001": 1,
                "1001101101": 1,
                "0011011001": 1,
                "0011100111": 1,
                "1011110111": 1,
                "1000010000": 1,
                "0101001111": 1,
                "0010110011": 1,
                "1011100010": 1,
                "0000111011": 1,
                "1010001101": 1,
                "1011001110": 1,
                "0000001110": 1,
                "1100100010": 1,
                "0101010001": 1,
                "1001011110": 1,
                "0001100001": 1,
                "1010011101": 2,
                "0110111110": 1,
                "1110010111": 1,
                "1010000010": 1,
                "0010010101": 1,
                "1101111111": 1,
                "0001110000": 2,
                "1011001000": 1,
                "0010110001": 1,
                "0000110010": 1,
                "0011000000": 1,
                "0110110001": 1,
                "1100110110": 1,
                "1011101000": 1,
                "0010010111": 1,
                "0010011011": 1,
                "0111011010": 1,
                "0010011010": 1,
                "1011100110": 2,
                "0101000111": 1,
                "0101000001": 1,
                "0001010101": 1,
                "1110110100": 1,
                "1010111010": 3,
                "1110100111": 1,
                "0000100000": 1,
                "1010110010": 1,
                "1100101011": 1,
                "0101110100": 1,
                "0100111011": 1,
                "0000100100": 1,
                "0000101101": 1,
                "1011010000": 1,
                "0000111101": 1,
                "0001011110": 1,
                "0110010111": 1,
                "0001000110": 1,
                "0100101001": 1,
                "0000111000": 1,
                "1000100111": 2,
                "0100100100": 1,
                "0101100000": 1,
                "0100011001": 1
            },
            false,
            4.83
        ],
        [
            [
                [
                    1,
                    -3,
                    6
                ],
                [
                    8,
                    10,
                    1
                ],
                [
                    8,
                    -2,
                    6
                ],
                [
                    -1,
                    7,
                    -3
                ],
                [
                    -7,
                    -6,
                    -10
                ],
                [
                    -5,
                    -8,
                    10
                ],
                [
                    10,
                    3,
                    1
                ],
                [
                    1,
                    3,
                    5
                ],
                [
                    -1,
                    7,
                    -10
                ],
                [
                    -6,
                    10,
                    4
                ],
                [
                    -9,
                    -8,
                    6
                ],
                [
                    -2,
                    -8,
                    -1
                ],
                [
                    10,
                    6,
                    8
                ],
                [
                    6,
                    7,
                    -2
                ],
                [
                    3,
                    9,
                    1
                ],
                [
                    4,
                    9,
                    6
                ],
                [
                    7,
                    -5,
                    -2
                ],
                [
                    3,
                    9,
                    -5
                ],
                [
                    -6,
                    -7,
                    -2
                ],
                [
                    7,
                    -1,
                    -10
                ],
                [
                    -9,
                    2,
                    4
                ],
                [
                    -3,
                    -2,
                    -1
                ],
                [
                    -7,
                    10,
                    4
                ],
                [
                    10,
                    -5,
                    -8
                ],
                [
                    -5,
                    6,
                    -10
                ],
                [
                    6,
                    -5,
                    -3
                ],
                [
                    -10,
                    -1,
                    -8
                ],
                [
                    -3,
                    10,
                    -4
                ],
                [
                    -1,
                    -6,
                    3
                ],
                [
                    -2,
                    1,
                    -10
                ],
                [
                    -5,
                    3,
                    -10
                ],
                [
                    -3,
                    10,
                    -7
                ],
                [
                    3,
                    1,
                    -6
                ],
                [
                    -4,
                    2,
                    -3
                ],
                [
                    9,
                    -5,
                    4
                ],
                [
                    7,
                    -6,
                    1
                ],
                [
                    10,
                    6,
                    -9
                ],
                [
                    10,
                    -8,
                    -6
                ],
                [
                    5,
                    -9,
                    4
                ],
                [
                    5,
                    -2,
                    -10
                ],
                [
                    -7,
                    -10,
                    -9
                ],
                [
                    4,
                    3,
                    -1
                ],
                [
                    4,
                    -10,
                    -7
                ],
                [
                    -8,
                    -3,
                    -6
                ],
                [
                    10,
                    9,
                    -8
                ]
            ],
            "{   'fun': 5.7,\n    'jac': None,\n    'nfev': 207,\n    'nit': 2,\n    'njev': 23,\n    'x': array([2.82256668, 1.00300596, 0.60898518, 1.17803926, 1.61727279,\n       1.03444054, 0.47601578, 1.92876501])}",
            {
                "1111101100": 1,
                "1000111001": 1,
                "0000101010": 1,
                "0110000000": 1,
                "1110010111": 1,
                "0010001100": 1,
                "1101100010": 1,
                "1011111111": 1,
                "1101001100": 1,
                "0100110010": 1,
                "0000110001": 2,
                "0000011110": 1,
                "0001010000": 1,
                "0001101011": 1,
                "1001001000": 1,
                "0001011111": 1,
                "0111101100": 1,
                "0010011100": 1,
                "0010111011": 1,
                "0000000010": 1,
                "1000000011": 1,
                "0110110011": 1,
                "1101101000": 1,
                "1110101001": 2,
                "1101110000": 2,
                "0101110000": 1,
                "1111001000": 1,
                "0101011001": 1,
                "1011101011": 1,
                "0110001101": 1,
                "0010101111": 1,
                "0110110111": 1,
                "1000100111": 1,
                "0110101110": 2,
                "1101111001": 1,
                "1011000010": 1,
                "0101110001": 1,
                "1111100010": 1,
                "0011100110": 2,
                "1111001100": 2,
                "0110011000": 1,
                "1000000110": 1,
                "0000001100": 1,
                "1101100000": 1,
                "0110011001": 1,
                "1000111100": 1,
                "1101010010": 1,
                "0000000001": 1,
                "0100111001": 2,
                "0111100001": 1,
                "0100100001": 1,
                "0111011000": 1,
                "1011001101": 1,
                "0000100011": 1,
                "0111100010": 1,
                "1000101000": 1,
                "1110110001": 1,
                "0001111011": 1,
                "0100111010": 1,
                "0011000010": 1,
                "0000101000": 1,
                "0101100011": 1,
                "1101010111": 1,
                "0011111011": 1,
                "1100101111": 1,
                "1111101000": 1,
                "1011101010": 1,
                "0000000100": 1,
                "0110001110": 1,
                "0011101011": 1,
                "0011101010": 1,
                "1101101011": 1,
                "1111001001": 1,
                "0011101100": 1,
                "0011010111": 2,
                "1000010001": 1,
                "0111100100": 1,
                "0010010101": 1,
                "1010010111": 1,
                "1011010010": 2,
                "0011110011": 2,
                "0101101100": 1,
                "1110010110": 1,
                "1100001001": 1,
                "1111011001": 1,
                "1001101101": 1,
                "0011101001": 1,
                "0001101111": 1,
                "1101100011": 2
            },
            false,
            5.06
        ],
        [
            [
                [
                    9,
                    -8,
                    -2
                ],
                [
                    -4,
                    6,
                    7
                ],
                [
                    2,
                    8,
                    -5
                ],
                [
                    -2,
                    -9,
                    7
                ],
                [
                    -4,
                    -7,
                    5
                ],
                [
                    -1,
                    -7,
                    -2
                ],
                [
                    -7,
                    3,
                    -9
                ],
                [
                    -2,
                    -6,
                    -10
                ],
                [
                    -9,
                    4,
                    3
                ],
                [
                    2,
                    9,
                    -6
                ],
                [
                    6,
                    4,
                    -8
                ],
                [
                    5,
                    -8,
                    -10
                ],
                [
                    1,
                    9,
                    -5
                ],
                [
                    -10,
                    -6,
                    4
                ],
                [
                    1,
                    7,
                    6
                ],
                [
                    8,
                    -3,
                    -2
                ],
                [
                    -5,
                    -10,
                    4
                ],
                [
                    6,
                    -7,
                    1
                ],
                [
                    5,
                    -9,
                    8
                ],
                [
                    -1,
                    -3,
                    10
                ],
                [
                    3,
                    7,
                    9
                ],
                [
                    -2,
                    -7,
                    -3
                ],
                [
                    -5,
                    6,
                    -2
                ],
                [
                    6,
                    -9,
                    -7
                ],
                [
                    -4,
                    1,
                    -10
                ],
                [
                    8,
                    -1,
                    7
                ],
                [
                    2,
                    -9,
                    8
                ],
                [
                    -6,
                    8,
                    -9
                ],
                [
                    5,
                    9,
                    3
                ],
                [
                    -6,
                    -1,
                    9
                ],
                [
                    -9,
                    7,
                    2
                ],
                [
                    10,
                    -4,
                    2
                ],
                [
                    -8,
                    5,
                    -10
                ],
                [
                    9,
                    5,
                    -4
                ],
                [
                    -6,
                    -8,
                    2
                ],
                [
                    -9,
                    -7,
                    -2
                ],
                [
                    -2,
                    -9,
                    1
                ],
                [
                    -1,
                    4,
                    5
                ],
                [
                    -10,
                    -7,
                    -1
                ],
                [
                    3,
                    -4,
                    9
                ],
                [
                    10,
                    -1,
                    -5
                ],
                [
                    -6,
                    -2,
                    -10
                ],
                [
                    -5,
                    -6,
                    9
                ],
                [
                    6,
                    4,
                    3
                ],
                [
                    6,
                    10,
                    -7
                ]
            ],
            "{   'fun': 4.63,\n    'jac': None,\n    'nfev': 189,\n    'nit': 0,\n    'njev': 21,\n    'x': array([0.13720889, 0.31326964, 2.89421228, 0.50847026, 3.11514691,\n       2.65381112, 1.57269991, 0.66351674])}",
            {
                "0101101111": 1,
                "1101011110": 1,
                "0011111011": 1,
                "0000000101": 1,
                "1010011101": 1,
                "0010101011": 1,
                "0110110010": 1,
                "1111100110": 1,
                "0111111111": 1,
                "0000000010": 1,
                "0101000101": 1,
                "0110010111": 1,
                "0001011110": 1,
                "0111101110": 1,
                "1001010001": 1,
                "0110111110": 1,
                "0110000110": 1,
                "1110101100": 1,
                "0010011110": 1,
                "1001010010": 1,
                "0000110110": 1,
                "0110001101": 1,
                "1011001100": 1,
                "0001110111": 2,
                "1100100010": 1,
                "0010101001": 1,
                "0000010100": 1,
                "1110000001": 1,
                "1100000011": 1,
                "0110010101": 1,
                "1111011101": 1,
                "1000001110": 1,
                "0011101100": 1,
                "1100101010": 1,
                "1111001001": 1,
                "1011000101": 1,
                "0000111010": 1,
                "0010001100": 1,
                "0100000101": 1,
                "1010100110": 1,
                "1000011111": 1,
                "1100111001": 1,
                "0000001100": 1,
                "0010000001": 2,
                "0011011101": 1,
                "0110110110": 1,
                "0101111010": 1,
                "1011000010": 1,
                "0100000010": 1,
                "1110101111": 1,
                "0001000010": 1,
                "1101001100": 2,
                "0110001100": 1,
                "1001011001": 1,
                "0011111100": 2,
                "1100010100": 1,
                "0111110011": 1,
                "1110010100": 1,
                "0111101001": 1,
                "1011100011": 1,
                "0100110100": 1,
                "0101101011": 1,
                "1001111110": 2,
                "1011001000": 1,
                "0010110001": 1,
                "0000011100": 1,
                "1111111110": 1,
                "0010100100": 1,
                "1110000111": 1,
                "0111001000": 1,
                "1101010000": 1,
                "1000100001": 1,
                "0011100110": 1,
                "1010001111": 1,
                "0010011011": 1,
                "1110100110": 1,
                "1000101000": 1,
                "0101110111": 1,
                "0101111100": 1,
                "1111010000": 1,
                "0011001111": 1,
                "1101110110": 1,
                "0011100111": 1,
                "0011010111": 1,
                "1101111111": 1,
                "0010010100": 1,
                "1001100111": 2,
                "0000000100": 1,
                "1111111101": 1,
                "1100101000": 1,
                "0010111100": 1,
                "0110000000": 1,
                "1010100101": 1,
                "1101000011": 1
            },
            false,
            4.52
        ],
        [
            [
                [
                    9,
                    6,
                    -5
                ],
                [
                    5,
                    -3,
                    -2
                ],
                [
                    -9,
                    -2,
                    -3
                ],
                [
                    8,
                    -3,
                    -9
                ],
                [
                    9,
                    4,
                    -5
                ],
                [
                    7,
                    -3,
                    10
                ],
                [
                    10,
                    4,
                    -2
                ],
                [
                    -3,
                    2,
                    5
                ],
                [
                    -3,
                    -5,
                    2
                ],
                [
                    8,
                    1,
                    -6
                ],
                [
                    -5,
                    -8,
                    -1
                ],
                [
                    -9,
                    -5,
                    -8
                ],
                [
                    9,
                    -1,
                    3
                ],
                [
                    -7,
                    -6,
                    -5
                ],
                [
                    -5,
                    -9,
                    8
                ],
                [
                    10,
                    2,
                    -1
                ],
                [
                    -8,
                    -1,
                    -9
                ],
                [
                    -9,
                    -2,
                    -6
                ],
                [
                    10,
                    5,
                    -4
                ],
                [
                    9,
                    -8,
                    7
                ],
                [
                    -8,
                    -7,
                    -6
                ],
                [
                    2,
                    -1,
                    -3
                ],
                [
                    -10,
                    5,
                    7
                ],
                [
                    -3,
                    5,
                    -4
                ],
                [
                    -6,
                    -1,
                    10
                ],
                [
                    5,
                    1,
                    -3
                ],
                [
                    -5,
                    -1,
                    -7
                ],
                [
                    9,
                    -4,
                    -1
                ],
                [
                    -3,
                    2,
                    1
                ],
                [
                    -8,
                    -4,
                    -10
                ],
                [
                    -4,
                    9,
                    10
                ],
                [
                    -7,
                    5,
                    9
                ],
                [
                    -6,
                    -8,
                    -7
                ],
                [
                    -6,
                    -5,
                    -3
                ],
                [
                    3,
                    7,
                    4
                ],
                [
                    -3,
                    10,
                    -6
                ],
                [
                    -10,
                    -8,
                    1
                ],
                [
                    5,
                    1,
                    3
                ],
                [
                    -2,
                    -3,
                    5
                ],
                [
                    4,
                    1,
                    7
                ],
                [
                    6,
                    10,
                    4
                ],
                [
                    1,
                    5,
                    4
                ],
                [
                    7,
                    -8,
                    6
                ],
                [
                    1,
                    4,
                    3
                ],
                [
                    9,
                    2,
                    7
                ]
            ],
            "{   'fun': 4.15,\n    'jac': None,\n    'nfev': 279,\n    'nit': 4,\n    'njev': 31,\n    'x': array([2.38164183, 0.12974774, 1.89946034, 1.7076069 , 0.67407303,\n       2.14035719, 1.74345292, 1.13463283])}",
            {
                "0000011001": 1,
                "0000010001": 1,
                "1000101101": 1,
                "1011101111": 1,
                "0011100000": 1,
                "1110100001": 1,
                "0101011111": 1,
                "1010011000": 1,
                "0101101111": 1,
                "0010100001": 2,
                "1000011011": 1,
                "0100001001": 1,
                "1011001011": 2,
                "1001101000": 2,
                "0000001011": 3,
                "0001001100": 2,
                "1000010011": 1,
                "1001101011": 1,
                "1111000011": 1,
                "1001111010": 1,
                "0100100010": 1,
                "0111101100": 1,
                "0111100101": 1,
                "1000001011": 2,
                "1001011011": 1,
                "0100110001": 1,
                "1000101001": 1,
                "1111000101": 1,
                "0001100111": 2,
                "0101101011": 1,
                "1000101011": 2,
                "1101100011": 1,
                "0110101011": 1,
                "1000111011": 2,
                "1001100101": 1,
                "1000100001": 2,
                "0001110011": 1,
                "1100101010": 1,
                "1110011010": 1,
                "1011110000": 1,
                "1100111000": 1,
                "1000100011": 1,
                "1110101011": 2,
                "0001001010": 1,
                "1101011011": 1,
                "1000001111": 1,
                "0100011011": 2,
                "0100010011": 2,
                "0001000001": 3,
                "1001100110": 1,
                "1101110100": 1,
                "1101101111": 1,
                "0111011011": 1,
                "1100111001": 1,
                "1110011011": 1,
                "1101001000": 1,
                "0101110000": 1,
                "1100101101": 1,
                "1111001011": 1,
                "1100100011": 1,
                "1000100101": 1,
                "0000100011": 1,
                "0110100011": 1,
                "1100000001": 1,
                "1100111101": 1,
                "1000010001": 2,
                "0101011011": 2,
                "1101011010": 2,
                "0111101000": 1,
                "1111101000": 1,
                "0100101011": 1,
                "1000001010": 1,
                "0011110111": 1,
                "1000100010": 1,
                "0110001110": 1,
                "1001100111": 1,
                "1110111001": 3,
                "1110100011": 1,
                "1011111011": 1
            },
            false,
            3.92
        ]
    ]
}