{
    "n": 10,
    "m": 45,
    "results": [
        [
            [
                [
                    8,
                    7,
                    -2
                ],
                [
                    -1,
                    7,
                    3
                ],
                [
                    4,
                    -5,
                    3
                ],
                [
                    -1,
                    8,
                    -6
                ],
                [
                    -1,
                    10,
                    9
                ],
                [
                    5,
                    -6,
                    3
                ],
                [
                    2,
                    -6,
                    8
                ],
                [
                    10,
                    4,
                    1
                ],
                [
                    -2,
                    -1,
                    3
                ],
                [
                    3,
                    9,
                    2
                ],
                [
                    -5,
                    1,
                    3
                ],
                [
                    7,
                    -6,
                    3
                ],
                [
                    10,
                    -5,
                    -8
                ],
                [
                    -2,
                    1,
                    -3
                ],
                [
                    -5,
                    9,
                    -3
                ],
                [
                    6,
                    -10,
                    -9
                ],
                [
                    -7,
                    -8,
                    1
                ],
                [
                    -6,
                    -3,
                    4
                ],
                [
                    -9,
                    5,
                    -4
                ],
                [
                    -9,
                    1,
                    7
                ],
                [
                    -6,
                    8,
                    -5
                ],
                [
                    -3,
                    1,
                    4
                ],
                [
                    10,
                    -3,
                    -8
                ],
                [
                    -5,
                    -3,
                    4
                ],
                [
                    5,
                    -3,
                    1
                ],
                [
                    10,
                    -1,
                    2
                ],
                [
                    8,
                    6,
                    -1
                ],
                [
                    -6,
                    -5,
                    -1
                ],
                [
                    -10,
                    -3,
                    -6
                ],
                [
                    -9,
                    6,
                    -8
                ],
                [
                    -9,
                    -5,
                    -6
                ],
                [
                    9,
                    2,
                    -5
                ],
                [
                    -10,
                    -9,
                    8
                ],
                [
                    -7,
                    10,
                    6
                ],
                [
                    -3,
                    -9,
                    -8
                ],
                [
                    -3,
                    9,
                    2
                ],
                [
                    -3,
                    4,
                    10
                ],
                [
                    -5,
                    4,
                    8
                ],
                [
                    2,
                    -9,
                    -5
                ],
                [
                    -6,
                    -3,
                    2
                ],
                [
                    3,
                    -10,
                    -9
                ],
                [
                    4,
                    2,
                    3
                ],
                [
                    1,
                    9,
                    6
                ],
                [
                    -6,
                    -2,
                    4
                ],
                [
                    -7,
                    -1,
                    4
                ]
            ],
            "{   'fun': 0.99,\n    'jac': None,\n    'nfev': 47,\n    'nit': None,\n    'njev': None,\n    'x': array([0.40500436, 2.53244148, 2.58198809, 0.63824029])}",
            {
                "0110111001": 1,
                "0101001001": 1,
                "0111111001": 1,
                "1011111010": 1,
                "1010001111": 1,
                "1101100001": 1,
                "0111011000": 1,
                "1110011100": 1,
                "0000100011": 1,
                "1000011111": 1,
                "0100111100": 1,
                "0101010010": 1,
                "0000101110": 1,
                "1100101001": 2,
                "0001000000": 1,
                "0100000000": 1,
                "1011001111": 1,
                "1011101110": 1,
                "1100011000": 1,
                "1100110101": 1,
                "0001010011": 1,
                "0101010101": 1,
                "1101010010": 1,
                "0111001001": 1,
                "1010100101": 1,
                "1100000111": 1,
                "1011000100": 1,
                "1110001011": 1,
                "0100111000": 1,
                "1110101010": 1,
                "0010011100": 1,
                "1010100110": 1,
                "1111011111": 1,
                "1011110001": 1,
                "0101101111": 1,
                "0111101111": 1,
                "1100000000": 1,
                "1000111101": 1,
                "1110110000": 1,
                "0000100100": 2,
                "1010111011": 1,
                "0000111001": 1,
                "1001110100": 1,
                "0100101001": 1,
                "0010011000": 1,
                "0011011010": 1,
                "1011101011": 1,
                "1010011100": 1,
                "1011100011": 1,
                "0111101001": 1,
                "0000010010": 1,
                "1111111000": 1,
                "0001111010": 2,
                "1010101010": 1,
                "0100110011": 1,
                "1111101101": 1,
                "1101001101": 1,
                "1100100110": 2,
                "1100110001": 1,
                "1110111110": 1,
                "1011111110": 1,
                "1111001101": 1,
                "1111100101": 1,
                "1001101010": 1,
                "1111110001": 1,
                "1000010101": 1,
                "0101101110": 1,
                "0001010101": 1,
                "0100011000": 1,
                "1100100111": 1,
                "0110011010": 1,
                "1110110101": 1,
                "1100100000": 1,
                "0010001101": 1,
                "1000101110": 1,
                "0001000111": 1,
                "1010010011": 1,
                "0111110101": 1,
                "0110001010": 1,
                "0010010011": 1,
                "0110001110": 1,
                "1000100010": 1,
                "0010111111": 1,
                "0101011010": 1,
                "1110011111": 1,
                "1000100110": 1,
                "0100110110": 1,
                "0101001011": 1,
                "1100110011": 1,
                "1000100111": 1,
                "1110001101": 1,
                "0000010001": 1,
                "1100101100": 1,
                "1011010000": 1,
                "0000101101": 1,
                "1010011001": 1
            },
            true,
            0.96
        ],
        [
            [
                [
                    -4,
                    1,
                    9
                ],
                [
                    -4,
                    7,
                    1
                ],
                [
                    5,
                    3,
                    6
                ],
                [
                    -8,
                    -10,
                    -1
                ],
                [
                    4,
                    -9,
                    -6
                ],
                [
                    -4,
                    7,
                    8
                ],
                [
                    9,
                    10,
                    -8
                ],
                [
                    -5,
                    -3,
                    10
                ],
                [
                    -5,
                    -3,
                    -1
                ],
                [
                    8,
                    5,
                    4
                ],
                [
                    1,
                    10,
                    -4
                ],
                [
                    6,
                    -3,
                    -5
                ],
                [
                    10,
                    2,
                    1
                ],
                [
                    -7,
                    -5,
                    -6
                ],
                [
                    3,
                    10,
                    -1
                ],
                [
                    10,
                    -7,
                    3
                ],
                [
                    10,
                    9,
                    4
                ],
                [
                    6,
                    1,
                    8
                ],
                [
                    -5,
                    4,
                    -9
                ],
                [
                    4,
                    -2,
                    9
                ],
                [
                    7,
                    3,
                    1
                ],
                [
                    -3,
                    -8,
                    7
                ],
                [
                    -4,
                    -1,
                    6
                ],
                [
                    7,
                    -8,
                    6
                ],
                [
                    1,
                    6,
                    -8
                ],
                [
                    -1,
                    4,
                    -3
                ],
                [
                    8,
                    -1,
                    5
                ],
                [
                    -5,
                    1,
                    8
                ],
                [
                    1,
                    6,
                    2
                ],
                [
                    -5,
                    9,
                    -7
                ],
                [
                    10,
                    -2,
                    -6
                ],
                [
                    9,
                    -1,
                    -5
                ],
                [
                    -3,
                    5,
                    2
                ],
                [
                    8,
                    -9,
                    -3
                ],
                [
                    5,
                    9,
                    3
                ],
                [
                    -8,
                    -2,
                    1
                ],
                [
                    -8,
                    -5,
                    7
                ],
                [
                    -6,
                    -7,
                    4
                ],
                [
                    9,
                    -1,
                    -4
                ],
                [
                    6,
                    7,
                    3
                ],
                [
                    1,
                    2,
                    6
                ],
                [
                    4,
                    -2,
                    -1
                ],
                [
                    1,
                    5,
                    4
                ],
                [
                    -4,
                    -10,
                    -7
                ],
                [
                    4,
                    7,
                    -1
                ]
            ],
            "{   'fun': 1.0,\n    'jac': None,\n    'nfev': 25,\n    'nit': None,\n    'njev': None,\n    'x': array([2.19243382, 1.4983346 , 0.33548277, 2.27412218])}",
            {
                "1011001010": 1,
                "0011011001": 1,
                "1000110110": 1,
                "1001100100": 1,
                "0110010011": 1,
                "0011010000": 1,
                "0010110000": 1,
                "0110011110": 1,
                "0001110100": 1,
                "1110111111": 1,
                "0011010011": 1,
                "1100110010": 1,
                "1101100011": 1,
                "1111100000": 1,
                "1110000100": 1,
                "1100101000": 1,
                "0001000111": 1,
                "1110100011": 1,
                "0000010101": 1,
                "0101100011": 1,
                "0000111110": 1,
                "1001000000": 1,
                "1011100110": 1,
                "1010100011": 1,
                "1101010001": 1,
                "0000110001": 1,
                "1000101111": 1,
                "1110100000": 1,
                "0110111010": 2,
                "1101000001": 1,
                "1011111110": 2,
                "0111010111": 1,
                "1110101011": 1,
                "1010101011": 1,
                "0010100010": 1,
                "0101001111": 1,
                "1010111010": 1,
                "0100001111": 1,
                "1110110100": 1,
                "1101101011": 1,
                "1001100010": 1,
                "0010000011": 1,
                "0101010111": 1,
                "1100100101": 1,
                "0101010011": 1,
                "0000110100": 1,
                "1111011101": 1,
                "0101111110": 1,
                "0101000000": 1,
                "1110101101": 1,
                "1010100000": 1,
                "1110000010": 1,
                "1000000100": 1,
                "0110110010": 1,
                "0111111001": 1,
                "0011110111": 1,
                "0010101100": 1,
                "1100100010": 2,
                "1011100100": 1,
                "1100111101": 1,
                "1110010001": 1,
                "0111011011": 1,
                "0100110011": 1,
                "1000000010": 1,
                "1101111010": 1,
                "0110100001": 1,
                "1110010100": 1,
                "0010100111": 1,
                "1001111110": 1,
                "0011001001": 1,
                "1000100000": 1,
                "1000010100": 1,
                "1101110110": 1,
                "1000010010": 1,
                "0000100011": 1,
                "0101111101": 1,
                "1011110000": 1,
                "0110010100": 1,
                "0100110101": 1,
                "1101100100": 1,
                "1111101011": 1,
                "1111011100": 1,
                "0010111001": 1,
                "0101010101": 1,
                "1010011101": 1,
                "1010001001": 1,
                "1111001100": 1,
                "1011101100": 1,
                "0111001111": 1,
                "0010010000": 1,
                "1111110001": 1,
                "1111101001": 1,
                "0101011011": 1,
                "0100111110": 2,
                "1101001001": 1,
                "1000010110": 1
            },
            false,
            1.0
        ],
        [
            [
                [
                    9,
                    8,
                    7
                ],
                [
                    -2,
                    6,
                    8
                ],
                [
                    2,
                    4,
                    -9
                ],
                [
                    4,
                    1,
                    6
                ],
                [
                    -3,
                    -9,
                    -6
                ],
                [
                    -1,
                    -6,
                    -8
                ],
                [
                    -5,
                    2,
                    -3
                ],
                [
                    5,
                    6,
                    -3
                ],
                [
                    8,
                    -7,
                    3
                ],
                [
                    -8,
                    -2,
                    -1
                ],
                [
                    -7,
                    4,
                    6
                ],
                [
                    1,
                    3,
                    -6
                ],
                [
                    2,
                    10,
                    -5
                ],
                [
                    -4,
                    9,
                    -10
                ],
                [
                    -3,
                    -2,
                    -1
                ],
                [
                    -8,
                    7,
                    2
                ],
                [
                    -3,
                    5,
                    8
                ],
                [
                    7,
                    8,
                    6
                ],
                [
                    7,
                    -8,
                    10
                ],
                [
                    7,
                    -1,
                    -3
                ],
                [
                    4,
                    -1,
                    -7
                ],
                [
                    4,
                    -7,
                    9
                ],
                [
                    5,
                    10,
                    7
                ],
                [
                    -4,
                    -8,
                    -1
                ],
                [
                    8,
                    7,
                    9
                ],
                [
                    -1,
                    3,
                    4
                ],
                [
                    -7,
                    3,
                    1
                ],
                [
                    -7,
                    -3,
                    10
                ],
                [
                    -6,
                    2,
                    -4
                ],
                [
                    -1,
                    -4,
                    2
                ],
                [
                    8,
                    -1,
                    -6
                ],
                [
                    -1,
                    6,
                    -8
                ],
                [
                    -5,
                    7,
                    8
                ],
                [
                    -7,
                    2,
                    -5
                ],
                [
                    -8,
                    -4,
                    10
                ],
                [
                    6,
                    8,
                    -10
                ],
                [
                    2,
                    -8,
                    1
                ],
                [
                    -7,
                    -9,
                    -10
                ],
                [
                    8,
                    -9,
                    7
                ],
                [
                    1,
                    -10,
                    -2
                ],
                [
                    -7,
                    -8,
                    1
                ],
                [
                    -2,
                    8,
                    3
                ],
                [
                    -3,
                    9,
                    1
                ],
                [
                    -1,
                    5,
                    9
                ],
                [
                    -8,
                    -2,
                    -3
                ]
            ],
            "{   'fun': 1.0,\n    'jac': None,\n    'nfev': 25,\n    'nit': None,\n    'njev': None,\n    'x': array([2.51067055, 2.10369417, 0.11832433, 1.92417418])}",
            {
                "1110110110": 1,
                "1100101111": 1,
                "0010001000": 1,
                "0111110010": 1,
                "0000101110": 1,
                "1110101111": 1,
                "0000011101": 1,
                "1001100000": 1,
                "0001001110": 1,
                "1100000110": 1,
                "1100000000": 1,
                "1110011110": 1,
                "0010001010": 1,
                "1010001100": 1,
                "1000011111": 1,
                "1101111101": 1,
                "0001101111": 1,
                "0110010110": 1,
                "1100110011": 1,
                "1000101111": 1,
                "0100100110": 1,
                "0101110110": 1,
                "0000111110": 1,
                "1010001010": 1,
                "0101101101": 1,
                "1011000101": 1,
                "0010011000": 1,
                "1011111100": 1,
                "1010101001": 1,
                "0110001000": 2,
                "0010010000": 1,
                "0110100101": 1,
                "1011110010": 1,
                "0000010101": 1,
                "0111001010": 1,
                "1101000101": 1,
                "0100110011": 1,
                "0110101011": 1,
                "0011100010": 1,
                "0011010011": 1,
                "0110100100": 1,
                "1100110010": 1,
                "0110100111": 1,
                "0000011100": 1,
                "0000110010": 1,
                "1111101111": 1,
                "1000110100": 1,
                "1001011010": 1,
                "1011001110": 1,
                "1100100100": 1,
                "1001010011": 2,
                "0110101000": 1,
                "0011011000": 1,
                "1000011101": 1,
                "1000001111": 2,
                "0101111111": 1,
                "1000001000": 1,
                "1001001111": 1,
                "1100000001": 1,
                "0001001001": 1,
                "1110110111": 2,
                "1010011101": 1,
                "1001111000": 1,
                "0101001010": 1,
                "0111011101": 1,
                "0000001000": 1,
                "1001010110": 1,
                "1111111101": 1,
                "1111000100": 1,
                "0110001100": 1,
                "0001111000": 1,
                "1001101101": 1,
                "1110010110": 1,
                "0101101000": 1,
                "0000110110": 2,
                "1111000110": 1,
                "1111111010": 1,
                "0100101001": 2,
                "1010100001": 1,
                "1111110100": 2,
                "0110011011": 1,
                "0100100011": 1,
                "0101100111": 1,
                "1110000100": 1,
                "1011001101": 1,
                "0101000011": 1,
                "1111011101": 1,
                "0011010100": 1,
                "1111000011": 1,
                "0101101011": 1,
                "0011001100": 1,
                "1001111110": 1,
                "0111111111": 1
            },
            false,
            1.0
        ],
        [
            [
                [
                    2,
                    -5,
                    3
                ],
                [
                    6,
                    -4,
                    7
                ],
                [
                    8,
                    10,
                    4
                ],
                [
                    5,
                    -8,
                    -3
                ],
                [
                    -3,
                    -8,
                    -7
                ],
                [
                    -3,
                    -8,
                    5
                ],
                [
                    8,
                    -1,
                    7
                ],
                [
                    -5,
                    4,
                    10
                ],
                [
                    -9,
                    3,
                    2
                ],
                [
                    -6,
                    -4,
                    -2
                ],
                [
                    2,
                    -9,
                    -10
                ],
                [
                    -2,
                    -6,
                    7
                ],
                [
                    5,
                    2,
                    -8
                ],
                [
                    2,
                    6,
                    1
                ],
                [
                    -2,
                    4,
                    3
                ],
                [
                    -2,
                    10,
                    -5
                ],
                [
                    -10,
                    5,
                    3
                ],
                [
                    6,
                    10,
                    -7
                ],
                [
                    7,
                    3,
                    -6
                ],
                [
                    8,
                    -6,
                    9
                ],
                [
                    -8,
                    6,
                    -5
                ],
                [
                    -7,
                    -1,
                    8
                ],
                [
                    5,
                    -7,
                    9
                ],
                [
                    -4,
                    -2,
                    -10
                ],
                [
                    -8,
                    -10,
                    5
                ],
                [
                    6,
                    -2,
                    1
                ],
                [
                    -2,
                    5,
                    -7
                ],
                [
                    -4,
                    10,
                    -7
                ],
                [
                    9,
                    1,
                    5
                ],
                [
                    6,
                    7,
                    9
                ],
                [
                    3,
                    7,
                    1
                ],
                [
                    5,
                    3,
                    -2
                ],
                [
                    -1,
                    6,
                    9
                ],
                [
                    9,
                    1,
                    4
                ],
                [
                    -2,
                    -10,
                    -8
                ],
                [
                    -3,
                    -1,
                    -2
                ],
                [
                    2,
                    -8,
                    -7
                ],
                [
                    -2,
                    8,
                    -3
                ],
                [
                    6,
                    -3,
                    1
                ],
                [
                    -8,
                    -9,
                    -3
                ],
                [
                    2,
                    -9,
                    -5
                ],
                [
                    -3,
                    10,
                    -2
                ],
                [
                    -8,
                    5,
                    2
                ],
                [
                    8,
                    -9,
                    3
                ],
                [
                    5,
                    -2,
                    8
                ]
            ],
            "{   'fun': 0.99,\n    'jac': None,\n    'nfev': 41,\n    'nit': None,\n    'njev': None,\n    'x': array([2.08952074, 3.01472727, 2.08909336, 1.64467776])}",
            {
                "0100011000": 1,
                "1100001111": 1,
                "1100100111": 1,
                "1000100010": 1,
                "1011110010": 1,
                "0111011011": 1,
                "1011010111": 1,
                "0101100111": 1,
                "1100010100": 1,
                "1111011110": 1,
                "1100100001": 1,
                "0010100101": 1,
                "1010011010": 1,
                "1011100001": 1,
                "1101101000": 2,
                "1010010111": 1,
                "1000100100": 1,
                "1011101010": 1,
                "0010001101": 1,
                "1110101011": 1,
                "0100011001": 1,
                "0111101110": 1,
                "1111001111": 1,
                "0001010000": 1,
                "0011000111": 1,
                "1110110010": 1,
                "1011001100": 1,
                "0000111101": 1,
                "0000000110": 1,
                "1101011111": 1,
                "0101000101": 1,
                "1100011010": 1,
                "1000000000": 1,
                "0110100000": 1,
                "0010011011": 1,
                "0100101001": 1,
                "1010100001": 1,
                "0101110000": 1,
                "1100110011": 1,
                "0011111100": 1,
                "0011011101": 1,
                "1011101001": 1,
                "1001010000": 1,
                "0000001111": 1,
                "1110000111": 1,
                "1001000111": 1,
                "1001111101": 1,
                "1111011000": 1,
                "1011011100": 1,
                "1000010011": 1,
                "1101101101": 1,
                "1001101011": 1,
                "0010110011": 1,
                "1011000100": 1,
                "0001100111": 1,
                "0110101010": 1,
                "0001110011": 1,
                "1001100000": 1,
                "1100001110": 2,
                "1010011111": 1,
                "1110000000": 1,
                "0111100111": 1,
                "1101111010": 1,
                "1010000110": 1,
                "0100011110": 1,
                "1100011100": 1,
                "0010101011": 1,
                "1011010010": 1,
                "1101111110": 2,
                "0011000110": 1,
                "0011000001": 1,
                "1000100101": 1,
                "0100010011": 1,
                "0111011110": 1,
                "1011110110": 1,
                "1000111101": 1,
                "0001100100": 1,
                "1110011111": 1,
                "1000100110": 1,
                "0100101100": 2,
                "0100011011": 1,
                "0000010000": 1,
                "0011110101": 1,
                "1001001001": 1,
                "0110000100": 1,
                "1001011001": 1,
                "1111000100": 1,
                "1110001000": 1,
                "1011011011": 2,
                "1000101001": 1,
                "1011100101": 1,
                "0110111000": 1,
                "0101101010": 1,
                "1000011001": 1,
                "0100111001": 1
            },
            true,
            0.94
        ],
        [
            [
                [
                    2,
                    9,
                    5
                ],
                [
                    -3,
                    5,
                    1
                ],
                [
                    8,
                    -10,
                    -6
                ],
                [
                    -7,
                    -3,
                    -5
                ],
                [
                    -5,
                    8,
                    9
                ],
                [
                    6,
                    9,
                    -4
                ],
                [
                    7,
                    1,
                    -4
                ],
                [
                    -7,
                    -6,
                    9
                ],
                [
                    6,
                    9,
                    3
                ],
                [
                    9,
                    2,
                    4
                ],
                [
                    -6,
                    7,
                    1
                ],
                [
                    5,
                    2,
                    6
                ],
                [
                    5,
                    -3,
                    -7
                ],
                [
                    -6,
                    -3,
                    4
                ],
                [
                    9,
                    8,
                    2
                ],
                [
                    -1,
                    -7,
                    -3
                ],
                [
                    2,
                    -7,
                    10
                ],
                [
                    9,
                    1,
                    -8
                ],
                [
                    1,
                    10,
                    -3
                ],
                [
                    -1,
                    8,
                    9
                ],
                [
                    1,
                    8,
                    6
                ],
                [
                    10,
                    -1,
                    4
                ],
                [
                    -4,
                    1,
                    2
                ],
                [
                    2,
                    3,
                    7
                ],
                [
                    2,
                    6,
                    -7
                ],
                [
                    -5,
                    6,
                    -2
                ],
                [
                    -6,
                    -3,
                    -9
                ],
                [
                    -6,
                    -4,
                    -1
                ],
                [
                    -2,
                    8,
                    7
                ],
                [
                    -1,
                    10,
                    -3
                ],
                [
                    5,
                    4,
                    -1
                ],
                [
                    -1,
                    6,
                    -8
                ],
                [
                    6,
                    10,
                    -5
                ],
                [
                    4,
                    -10,
                    -5
                ],
                [
                    -7,
                    -8,
                    -2
                ],
                [
                    8,
                    -9,
                    2
                ],
                [
                    -4,
                    -5,
                    1
                ],
                [
                    7,
                    -5,
                    -1
                ],
                [
                    -1,
                    5,
                    -3
                ],
                [
                    -4,
                    -2,
                    1
                ],
                [
                    -6,
                    3,
                    -8
                ],
                [
                    8,
                    -5,
                    -6
                ],
                [
                    2,
                    1,
                    -3
                ],
                [
                    10,
                    -5,
                    -1
                ],
                [
                    3,
                    -1,
                    -10
                ]
            ],
            "{   'fun': 0.99,\n    'jac': None,\n    'nfev': 39,\n    'nit': None,\n    'njev': None,\n    'x': array([1.26797184, 1.83541297, 1.46774352, 1.73093686])}",
            {
                "1111101000": 1,
                "1111111010": 1,
                "1101001111": 1,
                "1100111100": 1,
                "0001011010": 1,
                "1101010111": 1,
                "0000110100": 1,
                "0101100010": 1,
                "1111010110": 1,
                "0010101000": 1,
                "0001001001": 1,
                "1010010100": 1,
                "1001101110": 1,
                "0011110100": 1,
                "0001001111": 1,
                "1100101000": 1,
                "1000000101": 1,
                "1010111111": 1,
                "1110100011": 1,
                "0010010011": 1,
                "0001111001": 1,
                "1010111000": 1,
                "0001011100": 1,
                "0011011111": 1,
                "0011010010": 1,
                "1111101111": 1,
                "1011010110": 1,
                "1111011100": 1,
                "1001011000": 1,
                "1001001011": 1,
                "1000011100": 1,
                "0010110000": 1,
                "1110011011": 1,
                "1111010010": 2,
                "1001010111": 1,
                "1010000111": 1,
                "1000111011": 1,
                "1010011110": 1,
                "1001000100": 1,
                "0111111010": 1,
                "1100100011": 1,
                "1100110110": 1,
                "1111111100": 1,
                "0000000000": 1,
                "1101100101": 1,
                "1001110111": 1,
                "0111001100": 1,
                "0111111000": 1,
                "0011011100": 2,
                "1100111011": 1,
                "1000101111": 1,
                "0100101011": 1,
                "1011011011": 1,
                "1110010101": 1,
                "0011011000": 1,
                "1101110100": 1,
                "1110010011": 2,
                "0100010010": 1,
                "1010110101": 1,
                "0111101011": 1,
                "0110100001": 1,
                "0010011010": 2,
                "0110000011": 1,
                "1011000001": 1,
                "0110011110": 1,
                "1010110000": 1,
                "1101110111": 1,
                "1011111110": 1,
                "0000100001": 1,
                "0000010101": 1,
                "0101000110": 1,
                "1100110101": 1,
                "0001010011": 1,
                "0010100110": 1,
                "0000111101": 1,
                "1100100100": 2,
                "1000000111": 1,
                "0111111011": 1,
                "1001111110": 1,
                "1010110010": 2,
                "1000000010": 2,
                "0010000100": 1,
                "0101100110": 1,
                "1100111010": 1,
                "0101011010": 2,
                "0111111001": 1,
                "0001010000": 1,
                "0101110000": 1,
                "1010100001": 1,
                "0111001000": 1,
                "0111010101": 1,
                "1000110110": 1
            },
            true,
            0.97
        ]
    ]
}