{
    "n": 10,
    "m": 45,
    "results": [
        [
            [
                [
                    -5,
                    3,
                    6
                ],
                [
                    -6,
                    2,
                    9
                ],
                [
                    8,
                    10,
                    2
                ],
                [
                    8,
                    -4,
                    6
                ],
                [
                    8,
                    10,
                    -1
                ],
                [
                    1,
                    4,
                    -9
                ],
                [
                    5,
                    9,
                    1
                ],
                [
                    -1,
                    2,
                    -5
                ],
                [
                    2,
                    -8,
                    6
                ],
                [
                    5,
                    -10,
                    -7
                ],
                [
                    -4,
                    6,
                    -10
                ],
                [
                    -6,
                    2,
                    4
                ],
                [
                    3,
                    6,
                    -8
                ],
                [
                    8,
                    1,
                    5
                ],
                [
                    2,
                    7,
                    -4
                ],
                [
                    -7,
                    1,
                    -3
                ],
                [
                    -6,
                    -10,
                    7
                ],
                [
                    -6,
                    5,
                    7
                ],
                [
                    -2,
                    6,
                    5
                ],
                [
                    -9,
                    -7,
                    -2
                ],
                [
                    7,
                    6,
                    1
                ],
                [
                    5,
                    4,
                    7
                ],
                [
                    -9,
                    -10,
                    -6
                ],
                [
                    -2,
                    10,
                    -6
                ],
                [
                    -1,
                    -10,
                    -5
                ],
                [
                    6,
                    7,
                    10
                ],
                [
                    -3,
                    -9,
                    -4
                ],
                [
                    -2,
                    -8,
                    -3
                ],
                [
                    1,
                    8,
                    -6
                ],
                [
                    -7,
                    -8,
                    10
                ],
                [
                    10,
                    -1,
                    4
                ],
                [
                    6,
                    -5,
                    2
                ],
                [
                    -2,
                    9,
                    -10
                ],
                [
                    1,
                    -6,
                    -2
                ],
                [
                    -8,
                    -3,
                    -7
                ],
                [
                    -2,
                    -7,
                    -1
                ],
                [
                    10,
                    -4,
                    -2
                ],
                [
                    3,
                    -7,
                    1
                ],
                [
                    -4,
                    6,
                    -8
                ],
                [
                    -7,
                    -2,
                    8
                ],
                [
                    6,
                    5,
                    4
                ],
                [
                    -5,
                    -7,
                    6
                ],
                [
                    -3,
                    -5,
                    4
                ],
                [
                    -7,
                    9,
                    -1
                ],
                [
                    9,
                    4,
                    7
                ]
            ],
            "{   'fun': 1.0,\n    'jac': None,\n    'nfev': 25,\n    'nit': None,\n    'njev': None,\n    'x': array([0.00735812, 2.77641779, 1.77400102, 0.68786339])}",
            {
                "0111000110": 1,
                "1001110101": 1,
                "0100111111": 1,
                "1110110111": 1,
                "0010110000": 1,
                "1111111001": 1,
                "0000101101": 1,
                "1111111110": 1,
                "1100111000": 1,
                "0010001101": 1,
                "0001000011": 1,
                "0001100101": 1,
                "1010000011": 1,
                "1010001101": 1,
                "1101001000": 1,
                "1011100110": 1,
                "1101111011": 1,
                "1110000000": 1,
                "0111111011": 1,
                "0101101100": 1,
                "0100001000": 1,
                "1000100000": 1,
                "1011100111": 1,
                "0100011111": 1,
                "0101010111": 1,
                "1101011100": 1,
                "1001111101": 1,
                "1010100111": 1,
                "1010111110": 1,
                "0101001100": 1,
                "0011110110": 1,
                "0011101011": 1,
                "0101001101": 1,
                "1001111011": 1,
                "0100101100": 1,
                "1101110011": 1,
                "0100000110": 1,
                "0100010000": 1,
                "1001000101": 1,
                "0001101110": 2,
                "0111010111": 1,
                "1110111011": 1,
                "0000001101": 1,
                "1110001010": 1,
                "1110100110": 1,
                "1010101010": 1,
                "0100010001": 1,
                "0100001111": 1,
                "1011000001": 1,
                "1100110101": 1,
                "1111001010": 1,
                "1101100010": 1,
                "0111100101": 1,
                "1000010010": 1,
                "0110011100": 1,
                "1101111110": 1,
                "0101011011": 1,
                "1011100011": 1,
                "0000101100": 1,
                "0101110011": 1,
                "0010011110": 1,
                "1110101100": 2,
                "0001000010": 1,
                "0110101110": 1,
                "1001101111": 1,
                "0001110011": 1,
                "0100011010": 1,
                "1110011100": 1,
                "0000110110": 1,
                "1111010000": 1,
                "0101010100": 1,
                "1001111110": 1,
                "0010100011": 1,
                "1101000110": 1,
                "1101001100": 1,
                "0100100011": 2,
                "1111010110": 1,
                "1001111010": 1,
                "0110101000": 2,
                "1101101011": 1,
                "1011110101": 1,
                "1001011110": 1,
                "0010010010": 1,
                "1001100101": 1,
                "1010110011": 1,
                "0110100111": 2,
                "1100101100": 1,
                "1001110110": 1,
                "0100101000": 1,
                "0011010101": 1,
                "0001010000": 1,
                "0101110000": 1,
                "0100101001": 1,
                "0111101000": 1,
                "0011010010": 1
            },
            false,
            1.0
        ],
        [
            [
                [
                    -9,
                    10,
                    8
                ],
                [
                    1,
                    -7,
                    2
                ],
                [
                    9,
                    4,
                    -10
                ],
                [
                    -1,
                    3,
                    -6
                ],
                [
                    7,
                    -9,
                    -5
                ],
                [
                    9,
                    4,
                    1
                ],
                [
                    10,
                    -3,
                    4
                ],
                [
                    -5,
                    -8,
                    -1
                ],
                [
                    -8,
                    9,
                    -1
                ],
                [
                    8,
                    -7,
                    1
                ],
                [
                    5,
                    6,
                    -9
                ],
                [
                    2,
                    8,
                    -10
                ],
                [
                    6,
                    -3,
                    -9
                ],
                [
                    2,
                    6,
                    -7
                ],
                [
                    -1,
                    -10,
                    3
                ],
                [
                    3,
                    2,
                    1
                ],
                [
                    -1,
                    -9,
                    -6
                ],
                [
                    8,
                    -1,
                    10
                ],
                [
                    3,
                    7,
                    2
                ],
                [
                    2,
                    -1,
                    6
                ],
                [
                    -4,
                    2,
                    -5
                ],
                [
                    -7,
                    1,
                    -4
                ],
                [
                    -9,
                    8,
                    -10
                ],
                [
                    -2,
                    -6,
                    4
                ],
                [
                    10,
                    2,
                    8
                ],
                [
                    -9,
                    -3,
                    -7
                ],
                [
                    -2,
                    3,
                    -6
                ],
                [
                    4,
                    -1,
                    7
                ],
                [
                    -9,
                    2,
                    1
                ],
                [
                    10,
                    -9,
                    4
                ],
                [
                    -2,
                    5,
                    -4
                ],
                [
                    1,
                    5,
                    2
                ],
                [
                    -2,
                    -5,
                    7
                ],
                [
                    -10,
                    3,
                    8
                ],
                [
                    -5,
                    1,
                    -8
                ],
                [
                    7,
                    5,
                    -2
                ],
                [
                    -8,
                    -4,
                    -1
                ],
                [
                    -8,
                    -9,
                    5
                ],
                [
                    7,
                    -2,
                    -1
                ],
                [
                    5,
                    7,
                    -3
                ],
                [
                    3,
                    2,
                    5
                ],
                [
                    5,
                    4,
                    -8
                ],
                [
                    10,
                    7,
                    -2
                ],
                [
                    -10,
                    7,
                    -8
                ],
                [
                    1,
                    5,
                    8
                ]
            ],
            "{   'fun': 1.0,\n    'jac': None,\n    'nfev': 40,\n    'nit': None,\n    'njev': None,\n    'x': array([2.19226533, 1.49840673, 0.46044145, 2.27409323])}",
            {
                "0111111100": 1,
                "1011110011": 1,
                "0010100111": 1,
                "0101001001": 1,
                "1000111010": 1,
                "1010000100": 1,
                "1101000000": 1,
                "1001000101": 1,
                "1011001111": 1,
                "0001011110": 1,
                "1011000010": 1,
                "0000101100": 1,
                "0101011111": 1,
                "0101010101": 1,
                "0110111001": 1,
                "0010101000": 1,
                "0101010010": 1,
                "0110100101": 1,
                "1010111001": 1,
                "0001000111": 1,
                "1000101110": 1,
                "1110111111": 1,
                "1111001001": 1,
                "0101010111": 1,
                "1101110001": 1,
                "0011011101": 1,
                "0111111011": 1,
                "1110010110": 1,
                "1101001100": 1,
                "0000001001": 1,
                "0110111110": 1,
                "0001010101": 1,
                "0011011011": 1,
                "0010010111": 1,
                "1111101101": 1,
                "1011001100": 1,
                "1000110101": 1,
                "1111000001": 1,
                "0111100111": 1,
                "1101001111": 1,
                "1100101011": 2,
                "1001111101": 1,
                "1111101001": 1,
                "0001111111": 2,
                "1001001001": 1,
                "1000011111": 1,
                "0100110011": 1,
                "0101000111": 2,
                "0010001000": 1,
                "0111100100": 1,
                "0101100111": 1,
                "0011000100": 1,
                "1011000101": 1,
                "1000011100": 2,
                "1000100110": 2,
                "0110101110": 1,
                "0100101010": 1,
                "0101011101": 1,
                "1111000101": 1,
                "0001010111": 1,
                "0001101100": 1,
                "1001111110": 1,
                "0000010100": 1,
                "1010111100": 1,
                "1111001111": 1,
                "1110110001": 1,
                "0000100101": 2,
                "1010011100": 1,
                "1100111101": 1,
                "1000010001": 1,
                "0101001100": 1,
                "0000001000": 1,
                "0010010010": 1,
                "1110000001": 1,
                "1100011100": 1,
                "0110011001": 1,
                "1011010001": 1,
                "1111001010": 1,
                "1000101010": 1,
                "1111100110": 1,
                "0001100101": 1,
                "0001101010": 1,
                "1111001000": 1,
                "1100010011": 1,
                "1100101101": 1,
                "1110001000": 1,
                "1011100100": 1,
                "1000011010": 2,
                "0101111110": 1,
                "1000001100": 1,
                "1000100011": 1,
                "0010011110": 1,
                "1001111100": 1
            },
            false,
            0.98
        ],
        [
            [
                [
                    6,
                    -2,
                    9
                ],
                [
                    3,
                    -10,
                    -8
                ],
                [
                    -3,
                    1,
                    8
                ],
                [
                    -1,
                    3,
                    -7
                ],
                [
                    5,
                    1,
                    -2
                ],
                [
                    3,
                    7,
                    1
                ],
                [
                    -3,
                    -10,
                    -8
                ],
                [
                    -5,
                    8,
                    2
                ],
                [
                    1,
                    -6,
                    4
                ],
                [
                    -7,
                    2,
                    6
                ],
                [
                    -1,
                    -10,
                    -9
                ],
                [
                    -2,
                    -8,
                    -1
                ],
                [
                    -10,
                    -1,
                    3
                ],
                [
                    10,
                    1,
                    8
                ],
                [
                    -6,
                    -5,
                    -3
                ],
                [
                    8,
                    9,
                    -6
                ],
                [
                    7,
                    4,
                    8
                ],
                [
                    4,
                    1,
                    2
                ],
                [
                    -8,
                    1,
                    -7
                ],
                [
                    -9,
                    2,
                    3
                ],
                [
                    -1,
                    -2,
                    -9
                ],
                [
                    -9,
                    -1,
                    4
                ],
                [
                    6,
                    -7,
                    10
                ],
                [
                    9,
                    -6,
                    10
                ],
                [
                    4,
                    -10,
                    2
                ],
                [
                    5,
                    -1,
                    10
                ],
                [
                    9,
                    3,
                    -1
                ],
                [
                    7,
                    -5,
                    1
                ],
                [
                    -2,
                    3,
                    8
                ],
                [
                    -6,
                    7,
                    -9
                ],
                [
                    -8,
                    -9,
                    6
                ],
                [
                    6,
                    -10,
                    8
                ],
                [
                    -4,
                    -6,
                    -3
                ],
                [
                    7,
                    9,
                    -6
                ],
                [
                    -9,
                    -4,
                    -3
                ],
                [
                    -2,
                    5,
                    1
                ],
                [
                    -9,
                    6,
                    -4
                ],
                [
                    -5,
                    7,
                    4
                ],
                [
                    1,
                    -6,
                    -5
                ],
                [
                    4,
                    1,
                    -5
                ],
                [
                    5,
                    -10,
                    -2
                ],
                [
                    4,
                    -9,
                    6
                ],
                [
                    -3,
                    4,
                    -5
                ],
                [
                    10,
                    -3,
                    4
                ],
                [
                    -4,
                    9,
                    7
                ]
            ],
            "{   'fun': 1.0,\n    'jac': None,\n    'nfev': 25,\n    'nit': None,\n    'njev': None,\n    'x': array([2.51067055, 2.10369417, 0.11832433, 1.92417418])}",
            {
                "0011101011": 1,
                "1011110011": 1,
                "0110011111": 1,
                "0010110100": 1,
                "1001110110": 1,
                "1101111101": 1,
                "1010111011": 1,
                "0111010111": 1,
                "0100000110": 1,
                "1101010000": 1,
                "0001001101": 1,
                "1011111111": 1,
                "1111111001": 1,
                "1001001101": 1,
                "1111101010": 1,
                "0111010011": 1,
                "0101011100": 1,
                "0011010001": 1,
                "0010010100": 1,
                "0010100001": 1,
                "0100010111": 1,
                "1010101100": 1,
                "1101110010": 1,
                "0010000011": 1,
                "0110001001": 1,
                "1110001100": 1,
                "1010011011": 1,
                "0000111111": 1,
                "1010011110": 1,
                "1100010000": 1,
                "1111111110": 1,
                "1101010100": 1,
                "1011111101": 1,
                "1001000001": 1,
                "1101010011": 1,
                "1011101101": 1,
                "1101011110": 1,
                "1001101010": 1,
                "1101110101": 1,
                "1011100010": 1,
                "0000001011": 1,
                "0101011101": 1,
                "1111000001": 1,
                "1100001001": 1,
                "0100110000": 1,
                "1100001111": 1,
                "1000001111": 1,
                "0000010010": 1,
                "1100100100": 1,
                "0111011010": 1,
                "0100111101": 1,
                "1001111101": 1,
                "1110000100": 1,
                "0101000101": 1,
                "1001011001": 1,
                "0011000001": 1,
                "1000111000": 1,
                "1000101100": 1,
                "1011111100": 1,
                "0101101010": 1,
                "0010011110": 1,
                "1101001100": 1,
                "0100100011": 1,
                "0001000111": 1,
                "0111011011": 1,
                "1010101010": 1,
                "1110100110": 1,
                "1010100101": 1,
                "0011010110": 1,
                "0111101100": 1,
                "0111110111": 1,
                "0000000100": 1,
                "1000100010": 1,
                "1010111101": 1,
                "0001110010": 1,
                "0110101000": 1,
                "1110001111": 1,
                "1101001000": 1,
                "0000011001": 2,
                "1100011010": 1,
                "0010111110": 1,
                "1001001111": 1,
                "1011011000": 1,
                "1001001000": 1,
                "1010111001": 1,
                "0010111001": 1,
                "0001011011": 1,
                "1000101001": 1,
                "0001100001": 1,
                "1000110000": 1,
                "1101000001": 1,
                "0110001010": 1,
                "0110100011": 1,
                "0000101011": 1,
                "1111111100": 1,
                "0011111011": 1,
                "1100110011": 1,
                "0011100111": 1,
                "1111110111": 1
            },
            false,
            1.0
        ],
        [
            [
                [
                    1,
                    -4,
                    10
                ],
                [
                    5,
                    1,
                    -2
                ],
                [
                    -6,
                    5,
                    7
                ],
                [
                    -6,
                    -10,
                    -1
                ],
                [
                    9,
                    -1,
                    -6
                ],
                [
                    -8,
                    -2,
                    10
                ],
                [
                    1,
                    -5,
                    3
                ],
                [
                    7,
                    -1,
                    -4
                ],
                [
                    4,
                    -1,
                    10
                ],
                [
                    3,
                    -2,
                    8
                ],
                [
                    1,
                    10,
                    3
                ],
                [
                    -3,
                    6,
                    -2
                ],
                [
                    -2,
                    5,
                    7
                ],
                [
                    -8,
                    -3,
                    -9
                ],
                [
                    5,
                    -10,
                    2
                ],
                [
                    -3,
                    -1,
                    -7
                ],
                [
                    8,
                    -7,
                    -1
                ],
                [
                    -9,
                    -6,
                    3
                ],
                [
                    10,
                    -1,
                    -8
                ],
                [
                    -6,
                    9,
                    5
                ],
                [
                    -8,
                    10,
                    -6
                ],
                [
                    8,
                    9,
                    -1
                ],
                [
                    4,
                    -6,
                    10
                ],
                [
                    -1,
                    -3,
                    -9
                ],
                [
                    -2,
                    -9,
                    1
                ],
                [
                    -10,
                    -3,
                    -2
                ],
                [
                    2,
                    3,
                    8
                ],
                [
                    2,
                    -7,
                    10
                ],
                [
                    10,
                    -8,
                    -3
                ],
                [
                    -1,
                    -3,
                    9
                ],
                [
                    -5,
                    -10,
                    -2
                ],
                [
                    -8,
                    -7,
                    -6
                ],
                [
                    7,
                    4,
                    -1
                ],
                [
                    7,
                    9,
                    -3
                ],
                [
                    -5,
                    7,
                    6
                ],
                [
                    -7,
                    8,
                    -9
                ],
                [
                    -8,
                    -9,
                    3
                ],
                [
                    -2,
                    -1,
                    3
                ],
                [
                    4,
                    -8,
                    -5
                ],
                [
                    -4,
                    3,
                    -6
                ],
                [
                    1,
                    -8,
                    -7
                ],
                [
                    -5,
                    10,
                    -6
                ],
                [
                    2,
                    -1,
                    -4
                ],
                [
                    -7,
                    5,
                    -10
                ],
                [
                    8,
                    10,
                    -4
                ]
            ],
            "{   'fun': 0.97,\n    'jac': None,\n    'nfev': 39,\n    'nit': None,\n    'njev': None,\n    'x': array([2.0896233 , 3.01483859, 2.0890618 , 1.64449427])}",
            {
                "1110000010": 1,
                "1101011101": 1,
                "0000010110": 1,
                "0000110110": 1,
                "1111101110": 1,
                "0110010101": 1,
                "1110100011": 1,
                "1100001110": 1,
                "1111101101": 1,
                "1010110100": 1,
                "0101011010": 1,
                "1110010111": 1,
                "1001001011": 1,
                "0111000101": 1,
                "1011010111": 1,
                "0011100111": 1,
                "1100011111": 1,
                "0110001101": 1,
                "1000010111": 1,
                "1001000000": 1,
                "1011101001": 1,
                "0001001001": 1,
                "1000110000": 1,
                "1110010010": 1,
                "0011010110": 1,
                "1001100000": 1,
                "1110111010": 1,
                "0110111011": 1,
                "1011101101": 1,
                "1010110000": 1,
                "1111110001": 2,
                "0000100010": 1,
                "0001000010": 1,
                "0000110000": 1,
                "0101110011": 1,
                "0011111111": 1,
                "1001101101": 1,
                "0111111111": 1,
                "0001010000": 1,
                "1101000000": 1,
                "0100111101": 1,
                "0011110001": 1,
                "0110100001": 1,
                "0101010000": 1,
                "0000001000": 1,
                "1111110101": 1,
                "0110111000": 2,
                "1010100000": 1,
                "0001010011": 1,
                "1111000011": 1,
                "0010110011": 1,
                "1000001011": 1,
                "1001000101": 1,
                "0111101110": 1,
                "1100101101": 1,
                "0100100000": 1,
                "0111010001": 1,
                "1100110100": 1,
                "0011101001": 1,
                "0001101111": 1,
                "0111100001": 1,
                "1111010000": 1,
                "1110111101": 1,
                "0010100101": 1,
                "0011111100": 1,
                "0101100010": 1,
                "1111101100": 1,
                "0101001001": 1,
                "1100000011": 1,
                "1001010100": 2,
                "0110101111": 1,
                "1111010011": 1,
                "0101010111": 1,
                "0011101011": 1,
                "0001101110": 1,
                "1000010000": 2,
                "0100010101": 1,
                "1010100001": 1,
                "1001110100": 1,
                "0101111101": 1,
                "1010000100": 1,
                "0010000001": 1,
                "0111010110": 1,
                "0101010011": 1,
                "1001101110": 1,
                "0011101010": 1,
                "1001110001": 1,
                "1111011100": 1,
                "1011000001": 1,
                "1000101101": 1,
                "0101111111": 1,
                "1101001010": 2,
                "0011001001": 1,
                "0011001100": 1,
                "0101111110": 1
            },
            true,
            0.93
        ],
        [
            [
                [
                    -7,
                    -10,
                    -2
                ],
                [
                    3,
                    -1,
                    -8
                ],
                [
                    8,
                    -3,
                    5
                ],
                [
                    5,
                    3,
                    -2
                ],
                [
                    9,
                    5,
                    1
                ],
                [
                    9,
                    -2,
                    -10
                ],
                [
                    3,
                    5,
                    -9
                ],
                [
                    1,
                    -9,
                    -3
                ],
                [
                    4,
                    -2,
                    -9
                ],
                [
                    -6,
                    4,
                    -1
                ],
                [
                    -9,
                    5,
                    10
                ],
                [
                    -4,
                    -10,
                    5
                ],
                [
                    8,
                    -6,
                    1
                ],
                [
                    8,
                    -9,
                    -2
                ],
                [
                    5,
                    9,
                    -6
                ],
                [
                    -3,
                    -7,
                    1
                ],
                [
                    -1,
                    9,
                    2
                ],
                [
                    -8,
                    1,
                    -2
                ],
                [
                    -10,
                    7,
                    3
                ],
                [
                    1,
                    6,
                    8
                ],
                [
                    -7,
                    -3,
                    10
                ],
                [
                    -7,
                    6,
                    -10
                ],
                [
                    -1,
                    -9,
                    4
                ],
                [
                    10,
                    -3,
                    8
                ],
                [
                    9,
                    3,
                    -5
                ],
                [
                    6,
                    -10,
                    2
                ],
                [
                    4,
                    -1,
                    -8
                ],
                [
                    -7,
                    4,
                    -6
                ],
                [
                    -2,
                    -3,
                    5
                ],
                [
                    8,
                    10,
                    -6
                ],
                [
                    -1,
                    6,
                    -5
                ],
                [
                    -9,
                    -2,
                    -4
                ],
                [
                    -4,
                    -2,
                    10
                ],
                [
                    7,
                    2,
                    -4
                ],
                [
                    2,
                    6,
                    -4
                ],
                [
                    3,
                    2,
                    -1
                ],
                [
                    -7,
                    -3,
                    -8
                ],
                [
                    8,
                    -10,
                    -6
                ],
                [
                    -10,
                    -6,
                    2
                ],
                [
                    -6,
                    5,
                    -4
                ],
                [
                    4,
                    3,
                    -5
                ],
                [
                    -10,
                    -2,
                    8
                ],
                [
                    6,
                    4,
                    1
                ],
                [
                    8,
                    5,
                    2
                ],
                [
                    7,
                    -10,
                    -1
                ]
            ],
            "{   'fun': 1.0,\n    'jac': None,\n    'nfev': 43,\n    'nit': None,\n    'njev': None,\n    'x': array([3.04094463, 2.82381492, 1.72232613, 0.40659045])}",
            {
                "1100010110": 1,
                "0110110000": 1,
                "1010100000": 1,
                "0010001111": 1,
                "1110101010": 1,
                "1000110101": 1,
                "1001010010": 1,
                "0101000000": 1,
                "0110010101": 1,
                "0110010010": 1,
                "1001001110": 1,
                "1101011000": 1,
                "1100001101": 1,
                "1110110001": 1,
                "0010111110": 1,
                "1011010100": 1,
                "1010110000": 1,
                "0001010011": 1,
                "0001010110": 1,
                "1011001001": 1,
                "1011100011": 1,
                "0000101100": 1,
                "0100011111": 1,
                "0100000001": 1,
                "0110111111": 1,
                "0011101110": 1,
                "1011011010": 1,
                "1100001010": 1,
                "1101010001": 1,
                "1001010011": 1,
                "0010001001": 2,
                "1010001000": 1,
                "0001101000": 2,
                "0100001111": 1,
                "1100111100": 1,
                "1011010001": 1,
                "1110000000": 1,
                "0110000100": 1,
                "1011100110": 1,
                "1011001110": 1,
                "1011011110": 1,
                "1010010110": 1,
                "1100011111": 1,
                "0110001101": 1,
                "1011000001": 1,
                "1001110100": 1,
                "0111001000": 1,
                "0000000110": 1,
                "0100010000": 1,
                "0110001000": 1,
                "1011100101": 1,
                "0010101010": 1,
                "0100011010": 2,
                "1000000111": 1,
                "0010111100": 1,
                "0110000000": 1,
                "0010100100": 1,
                "0010010101": 1,
                "1010010111": 1,
                "0110110100": 1,
                "1110101100": 1,
                "0010011000": 1,
                "0011101111": 1,
                "1101011010": 1,
                "0110000101": 1,
                "1000110011": 1,
                "0101001100": 1,
                "1100110011": 1,
                "0011111100": 1,
                "0000001101": 1,
                "1000110001": 1,
                "1000010011": 1,
                "0111000000": 1,
                "1100011110": 1,
                "1011000000": 1,
                "1111001111": 1,
                "0101111111": 1,
                "0100101100": 1,
                "0100111110": 1,
                "0011100010": 1,
                "1000001000": 1,
                "0011010111": 1,
                "1000010001": 1,
                "1001001111": 1,
                "0110001001": 1,
                "1101000110": 1,
                "1001100101": 1,
                "1100010000": 1,
                "0100011110": 1,
                "1110000001": 1,
                "0000100001": 1,
                "0000000001": 1,
                "0011100011": 1,
                "1111000010": 1,
                "0001001000": 1,
                "1110111101": 1,
                "0111100001": 1
            },
            false,
            0.97
        ]
    ]
}