{
    "n": 10,
    "m": 45,
    "results": [
        [
            [
                [
                    -3,
                    -6,
                    2
                ],
                [
                    -1,
                    -2,
                    4
                ],
                [
                    -2,
                    10,
                    4
                ],
                [
                    -5,
                    -7,
                    -2
                ],
                [
                    -1,
                    6,
                    7
                ],
                [
                    -9,
                    -5,
                    -8
                ],
                [
                    2,
                    9,
                    1
                ],
                [
                    -2,
                    -1,
                    9
                ],
                [
                    -8,
                    -2,
                    -5
                ],
                [
                    -5,
                    -8,
                    4
                ],
                [
                    -3,
                    4,
                    -5
                ],
                [
                    10,
                    -9,
                    5
                ],
                [
                    9,
                    -6,
                    7
                ],
                [
                    9,
                    -6,
                    -4
                ],
                [
                    6,
                    4,
                    -1
                ],
                [
                    -1,
                    -5,
                    9
                ],
                [
                    -7,
                    -1,
                    -3
                ],
                [
                    2,
                    -3,
                    1
                ],
                [
                    -9,
                    3,
                    -8
                ],
                [
                    -8,
                    1,
                    -6
                ],
                [
                    -2,
                    -3,
                    -10
                ],
                [
                    -5,
                    -6,
                    -4
                ],
                [
                    -10,
                    -7,
                    2
                ],
                [
                    -3,
                    -7,
                    1
                ],
                [
                    7,
                    -5,
                    -2
                ],
                [
                    -4,
                    9,
                    -7
                ],
                [
                    -6,
                    4,
                    -10
                ],
                [
                    -1,
                    -4,
                    2
                ],
                [
                    -5,
                    10,
                    -9
                ],
                [
                    9,
                    5,
                    -8
                ],
                [
                    5,
                    -9,
                    -8
                ],
                [
                    5,
                    -2,
                    10
                ],
                [
                    -7,
                    5,
                    -4
                ],
                [
                    4,
                    10,
                    -3
                ],
                [
                    -10,
                    -1,
                    -4
                ],
                [
                    -1,
                    9,
                    4
                ],
                [
                    3,
                    -1,
                    -10
                ],
                [
                    -2,
                    -3,
                    -7
                ],
                [
                    9,
                    -7,
                    8
                ],
                [
                    4,
                    1,
                    8
                ],
                [
                    -6,
                    -1,
                    -2
                ],
                [
                    -9,
                    6,
                    -2
                ],
                [
                    -6,
                    3,
                    10
                ],
                [
                    3,
                    -5,
                    8
                ],
                [
                    2,
                    10,
                    -4
                ]
            ],
            "{   'fun': 5.37,\n    'jac': None,\n    'nfev': 646,\n    'nit': 4,\n    'njev': 38,\n    'x': array([1.56829046, 2.70425758, 1.11249121, 2.2323074 , 1.59969014,\n       3.10670531, 2.43367619, 0.15758591, 0.84543154, 1.22578628,\n       2.83200718, 0.82193498, 1.15175674, 2.80327579, 0.40026448,\n       2.63297969])}",
            {
                "0111000101": 1,
                "1010110000": 1,
                "1111101100": 1,
                "0001111000": 1,
                "0011111000": 1,
                "0011110111": 1,
                "0011010111": 1,
                "1100011001": 1,
                "1110100110": 1,
                "1001110010": 1,
                "0000100101": 1,
                "1101100110": 1,
                "1011000011": 1,
                "0111001011": 1,
                "1111001000": 1,
                "0110111010": 1,
                "1010000101": 1,
                "0001011011": 1,
                "0100000010": 1,
                "0000101111": 1,
                "0100101001": 1,
                "0101000011": 1,
                "0101101101": 1,
                "0001011111": 1,
                "0100100111": 1,
                "0110000111": 1,
                "1000101101": 1,
                "0001110110": 1,
                "1010101011": 1,
                "0010101000": 1,
                "1011101011": 1,
                "0100010111": 1,
                "0010010110": 1,
                "0111000010": 1,
                "1011000100": 1,
                "1110001011": 2,
                "1100111011": 1,
                "0001010000": 1,
                "1101101101": 1,
                "1011100110": 1,
                "0010110101": 1,
                "1000111101": 1,
                "0111110001": 1,
                "1111111110": 1,
                "1011101010": 1,
                "0010001100": 2,
                "1000000111": 1,
                "1000110010": 1,
                "1110010010": 1,
                "1011111100": 1,
                "0101101010": 1,
                "0111000001": 1,
                "1110001111": 1,
                "0111101110": 1,
                "1111100101": 1,
                "1011111101": 1,
                "1110110100": 1,
                "0011011011": 1,
                "0101111001": 1,
                "1100001011": 1,
                "0110010001": 1,
                "1111110101": 1,
                "0010100000": 1,
                "0010001011": 1,
                "1011100101": 1,
                "0001001100": 2,
                "1101011111": 1,
                "0000000110": 2,
                "1000111100": 1,
                "0110011000": 1,
                "1011010110": 1,
                "0010011100": 1,
                "1010000100": 2,
                "0000010111": 1,
                "1110010101": 1,
                "0111101101": 1,
                "1000011011": 1,
                "1100111010": 1,
                "1000010100": 2,
                "0010001111": 2,
                "0000101100": 1,
                "1010001001": 1,
                "0101101111": 1,
                "1100111110": 1,
                "0101111100": 1,
                "0010111110": 1,
                "0000000100": 1,
                "0101001010": 1,
                "0011100010": 1,
                "0000000101": 1,
                "1011011111": 1,
                "0101011111": 1,
                "0011110000": 1
            },
            false,
            5.04
        ],
        [
            [
                [
                    -1,
                    5,
                    -4
                ],
                [
                    2,
                    -10,
                    -1
                ],
                [
                    6,
                    -7,
                    -3
                ],
                [
                    -2,
                    7,
                    -9
                ],
                [
                    2,
                    -6,
                    -5
                ],
                [
                    -8,
                    6,
                    4
                ],
                [
                    -5,
                    10,
                    -2
                ],
                [
                    7,
                    -2,
                    5
                ],
                [
                    -7,
                    -9,
                    3
                ],
                [
                    -7,
                    4,
                    -6
                ],
                [
                    10,
                    2,
                    -3
                ],
                [
                    -4,
                    1,
                    -5
                ],
                [
                    3,
                    -1,
                    -5
                ],
                [
                    -8,
                    -10,
                    -7
                ],
                [
                    -9,
                    5,
                    -4
                ],
                [
                    5,
                    2,
                    -3
                ],
                [
                    4,
                    10,
                    1
                ],
                [
                    5,
                    1,
                    2
                ],
                [
                    3,
                    9,
                    -2
                ],
                [
                    6,
                    -7,
                    -1
                ],
                [
                    8,
                    -5,
                    -9
                ],
                [
                    10,
                    2,
                    9
                ],
                [
                    7,
                    4,
                    -5
                ],
                [
                    4,
                    -10,
                    -9
                ],
                [
                    -7,
                    4,
                    -8
                ],
                [
                    -8,
                    -2,
                    1
                ],
                [
                    1,
                    6,
                    -7
                ],
                [
                    -2,
                    10,
                    7
                ],
                [
                    -10,
                    1,
                    -3
                ],
                [
                    -7,
                    -5,
                    -1
                ],
                [
                    -2,
                    10,
                    5
                ],
                [
                    -2,
                    -5,
                    -6
                ],
                [
                    -10,
                    -5,
                    -2
                ],
                [
                    7,
                    -9,
                    -6
                ],
                [
                    -1,
                    10,
                    9
                ],
                [
                    -7,
                    8,
                    -10
                ],
                [
                    3,
                    -10,
                    -6
                ],
                [
                    -5,
                    -7,
                    8
                ],
                [
                    6,
                    2,
                    1
                ],
                [
                    1,
                    -4,
                    7
                ],
                [
                    2,
                    -5,
                    -8
                ],
                [
                    -4,
                    -3,
                    10
                ],
                [
                    3,
                    4,
                    10
                ],
                [
                    10,
                    3,
                    -7
                ],
                [
                    10,
                    -7,
                    8
                ]
            ],
            "{   'fun': 6.0,\n    'jac': None,\n    'nfev': 425,\n    'nit': 2,\n    'njev': 25,\n    'x': array([0.9942312 , 0.54689194, 0.10931646, 0.87118905, 1.93291299,\n       1.39376307, 1.24103775, 2.82472797, 2.49340686, 2.50613207,\n       1.43797031, 1.99463996, 2.42585845, 0.03004621, 0.10068154,\n       1.1609696 ])}",
            {
                "0111000011": 1,
                "0011000101": 1,
                "0011100101": 1,
                "1100000000": 1,
                "0101011011": 1,
                "1110110100": 1,
                "1011011011": 1,
                "0101000000": 1,
                "1001011000": 1,
                "0101001100": 1,
                "0000000111": 1,
                "1111110000": 1,
                "1010111000": 1,
                "1001110010": 1,
                "0110110111": 1,
                "0101001001": 1,
                "1111010011": 1,
                "1101101101": 1,
                "1010001101": 1,
                "0111000100": 1,
                "0010101111": 1,
                "1101111000": 2,
                "0010110100": 1,
                "1101111101": 1,
                "0001101110": 2,
                "0100110001": 1,
                "1000101111": 1,
                "1010101100": 1,
                "1010010010": 1,
                "0001000101": 1,
                "0100101101": 1,
                "0011010001": 1,
                "1100111011": 1,
                "1111100000": 1,
                "1011010100": 1,
                "1011111000": 1,
                "1100110011": 1,
                "0011111100": 1,
                "0000101110": 1,
                "0110001010": 1,
                "1100101111": 1,
                "0111110101": 1,
                "1010011000": 1,
                "1000000010": 1,
                "0101001110": 2,
                "1100001111": 1,
                "0011000010": 1,
                "1001101010": 1,
                "0001010011": 2,
                "0000111100": 1,
                "1101100010": 1,
                "0001000010": 1,
                "1111101001": 1,
                "0001111111": 2,
                "1011010101": 1,
                "0001100000": 1,
                "1011110110": 1,
                "1001000110": 1,
                "0111111100": 1,
                "0011111000": 1,
                "0111101010": 1,
                "1110100010": 1,
                "0000011111": 1,
                "0000111101": 1,
                "1101111001": 3,
                "0100110010": 1,
                "0000011101": 1,
                "0001100111": 1,
                "0101011101": 1,
                "1010011100": 1,
                "1000000000": 1,
                "0011101101": 1,
                "1110100011": 1,
                "1110111001": 1,
                "1000110111": 1,
                "1000110001": 1,
                "1110110000": 2,
                "1110001100": 1,
                "1110100001": 1,
                "0101100111": 2,
                "0110110100": 1,
                "0111111011": 1,
                "0011011101": 1,
                "1110010110": 1,
                "1101111111": 2,
                "1001001111": 1,
                "0001011000": 1,
                "1101111011": 1,
                "1111011011": 1,
                "1101111100": 1
            },
            false,
            5.2
        ],
        [
            [
                [
                    -2,
                    -3,
                    -9
                ],
                [
                    7,
                    -5,
                    10
                ],
                [
                    4,
                    -10,
                    -3
                ],
                [
                    7,
                    3,
                    1
                ],
                [
                    -5,
                    -3,
                    -2
                ],
                [
                    4,
                    9,
                    -7
                ],
                [
                    -5,
                    -9,
                    4
                ],
                [
                    10,
                    8,
                    5
                ],
                [
                    -5,
                    7,
                    -4
                ],
                [
                    2,
                    7,
                    1
                ],
                [
                    -4,
                    -6,
                    -2
                ],
                [
                    10,
                    -7,
                    5
                ],
                [
                    -3,
                    -2,
                    1
                ],
                [
                    -3,
                    2,
                    -8
                ],
                [
                    -4,
                    8,
                    -3
                ],
                [
                    -8,
                    5,
                    4
                ],
                [
                    -6,
                    -3,
                    -9
                ],
                [
                    2,
                    6,
                    -10
                ],
                [
                    7,
                    1,
                    -6
                ],
                [
                    3,
                    -9,
                    -6
                ],
                [
                    -7,
                    -9,
                    -10
                ],
                [
                    -10,
                    -5,
                    -1
                ],
                [
                    -5,
                    -9,
                    4
                ],
                [
                    -9,
                    -3,
                    -8
                ],
                [
                    -2,
                    -4,
                    10
                ],
                [
                    -4,
                    7,
                    8
                ],
                [
                    10,
                    -2,
                    5
                ],
                [
                    5,
                    3,
                    1
                ],
                [
                    -8,
                    2,
                    -6
                ],
                [
                    -7,
                    -8,
                    2
                ],
                [
                    -1,
                    -2,
                    -5
                ],
                [
                    9,
                    10,
                    4
                ],
                [
                    -9,
                    3,
                    7
                ],
                [
                    10,
                    5,
                    -9
                ],
                [
                    -8,
                    4,
                    2
                ],
                [
                    -8,
                    6,
                    1
                ],
                [
                    9,
                    10,
                    -5
                ],
                [
                    9,
                    2,
                    6
                ],
                [
                    7,
                    2,
                    -8
                ],
                [
                    -5,
                    3,
                    -4
                ],
                [
                    5,
                    -8,
                    6
                ],
                [
                    -6,
                    -8,
                    7
                ],
                [
                    5,
                    8,
                    -10
                ],
                [
                    -10,
                    5,
                    -6
                ],
                [
                    2,
                    10,
                    -7
                ]
            ],
            "{   'fun': 5.39,\n    'jac': None,\n    'nfev': 476,\n    'nit': 3,\n    'njev': 28,\n    'x': array([2.43056332, 2.58611627, 1.58920082, 1.27969031, 0.28672591,\n       1.39678092, 2.72992702, 1.35219858, 1.60569645, 0.18435125,\n       1.09143209, 0.65049856, 0.06041369, 0.99540679, 0.21298089,\n       1.93296906])}",
            {
                "1100000011": 1,
                "0110111001": 1,
                "1100000100": 1,
                "1100011100": 1,
                "0010000110": 1,
                "0110111101": 1,
                "0010111010": 1,
                "0101000000": 1,
                "0011000010": 1,
                "0110100010": 1,
                "1100100010": 1,
                "1011000110": 1,
                "0110100011": 1,
                "1000001001": 1,
                "1010011111": 1,
                "1011000010": 1,
                "1000001000": 1,
                "1100000001": 1,
                "1010101000": 1,
                "0010111011": 1,
                "1110011000": 1,
                "1110001100": 1,
                "0010010000": 1,
                "0100100100": 1,
                "1000010100": 1,
                "1110101010": 1,
                "1101011000": 1,
                "0010000011": 1,
                "1110000010": 1,
                "0100100001": 1,
                "0000011110": 1,
                "1011110010": 1,
                "1101100101": 1,
                "0111011100": 2,
                "1000100011": 1,
                "0100110001": 2,
                "1110100100": 1,
                "1100101001": 1,
                "0011001100": 1,
                "1000001110": 2,
                "0101110100": 1,
                "1111000111": 1,
                "1100010001": 2,
                "0111011001": 1,
                "0111100111": 1,
                "0011111000": 1,
                "1101011101": 1,
                "0001000011": 1,
                "1000000111": 1,
                "0001110011": 1,
                "1110000011": 1,
                "0010001111": 2,
                "1110001111": 1,
                "1101111010": 1,
                "0110011011": 1,
                "1111100011": 1,
                "1000111110": 1,
                "0000010101": 1,
                "1101101001": 1,
                "1000110000": 1,
                "1110100000": 1,
                "1000111011": 1,
                "0111000101": 1,
                "0101110011": 1,
                "1000101011": 3,
                "0100011011": 2,
                "1000011101": 1,
                "1111000010": 1,
                "0111011111": 1,
                "0101011101": 1,
                "0001001101": 1,
                "1100100110": 1,
                "1101001101": 1,
                "0101100101": 1,
                "0100001111": 1,
                "0011111110": 1,
                "0111110110": 1,
                "0001110001": 1,
                "0011100111": 1,
                "1110100011": 1,
                "0100101000": 1,
                "1011000000": 1,
                "1000010111": 1,
                "1110010011": 1,
                "0110001000": 1,
                "0010001000": 1,
                "0001111011": 1,
                "1011110000": 1,
                "1100110001": 1,
                "0010110000": 1,
                "0101010010": 1,
                "0010000001": 1
            },
            false,
            4.93
        ],
        [
            [
                [
                    7,
                    2,
                    -8
                ],
                [
                    -4,
                    9,
                    5
                ],
                [
                    -9,
                    -6,
                    -7
                ],
                [
                    4,
                    10,
                    -9
                ],
                [
                    3,
                    4,
                    -8
                ],
                [
                    10,
                    -7,
                    -8
                ],
                [
                    -3,
                    7,
                    5
                ],
                [
                    7,
                    -10,
                    -1
                ],
                [
                    8,
                    3,
                    -9
                ],
                [
                    10,
                    -9,
                    -7
                ],
                [
                    2,
                    -7,
                    -3
                ],
                [
                    8,
                    6,
                    -2
                ],
                [
                    -9,
                    1,
                    2
                ],
                [
                    -3,
                    1,
                    -5
                ],
                [
                    4,
                    -9,
                    -7
                ],
                [
                    -8,
                    -5,
                    -2
                ],
                [
                    -1,
                    -4,
                    9
                ],
                [
                    7,
                    2,
                    -9
                ],
                [
                    9,
                    -7,
                    10
                ],
                [
                    5,
                    3,
                    6
                ],
                [
                    -1,
                    5,
                    10
                ],
                [
                    10,
                    -8,
                    9
                ],
                [
                    -10,
                    1,
                    -5
                ],
                [
                    -4,
                    -5,
                    3
                ],
                [
                    -7,
                    -8,
                    4
                ],
                [
                    2,
                    -6,
                    5
                ],
                [
                    -1,
                    4,
                    9
                ],
                [
                    -9,
                    8,
                    -1
                ],
                [
                    6,
                    -10,
                    2
                ],
                [
                    -4,
                    -2,
                    7
                ],
                [
                    10,
                    3,
                    5
                ],
                [
                    -1,
                    4,
                    -5
                ],
                [
                    3,
                    1,
                    8
                ],
                [
                    6,
                    3,
                    -4
                ],
                [
                    2,
                    9,
                    -7
                ],
                [
                    -4,
                    -2,
                    -6
                ],
                [
                    -7,
                    3,
                    10
                ],
                [
                    -5,
                    3,
                    1
                ],
                [
                    10,
                    -1,
                    9
                ],
                [
                    7,
                    10,
                    -2
                ],
                [
                    6,
                    -8,
                    10
                ],
                [
                    -6,
                    5,
                    7
                ],
                [
                    -4,
                    -7,
                    -2
                ],
                [
                    -4,
                    3,
                    -9
                ],
                [
                    6,
                    -5,
                    -8
                ]
            ],
            "{   'fun': 5.62,\n    'jac': None,\n    'nfev': 391,\n    'nit': 2,\n    'njev': 23,\n    'x': array([0.5164594 , 1.65605763, 1.27658194, 2.00880439, 2.16987125,\n       2.34334012, 2.09314249, 1.52329695, 0.35828358, 1.37680521,\n       1.14326093, 0.29526401, 0.2345548 , 1.3016759 , 2.64100522,\n       1.64391101])}",
            {
                "1100010101": 1,
                "0000010101": 1,
                "0011010110": 1,
                "0110111001": 1,
                "1001100110": 1,
                "1100011011": 1,
                "0100111000": 1,
                "1001001110": 1,
                "0101101010": 1,
                "1011111100": 1,
                "0001001011": 3,
                "1010000010": 1,
                "1111101110": 1,
                "0000111001": 1,
                "1100110111": 1,
                "1100100011": 1,
                "1000101100": 1,
                "1101000011": 1,
                "1101001001": 1,
                "0100001101": 1,
                "1011011100": 1,
                "1111011000": 1,
                "0100001000": 1,
                "1011110001": 1,
                "1111101010": 2,
                "1101001000": 1,
                "1111011001": 1,
                "1110001010": 1,
                "0000110000": 1,
                "0101110011": 1,
                "1010001110": 1,
                "0001001000": 1,
                "0101011101": 1,
                "1100011010": 1,
                "1101001010": 1,
                "0000100000": 1,
                "1010010001": 1,
                "0000001001": 1,
                "0101100000": 1,
                "1100101000": 1,
                "1110001101": 2,
                "1110101010": 1,
                "1000010100": 2,
                "0100000010": 1,
                "0000001110": 2,
                "1010101001": 2,
                "0101011000": 1,
                "1111111101": 1,
                "1111101100": 1,
                "1011001101": 1,
                "1111100100": 2,
                "1000011011": 1,
                "1100111010": 1,
                "0101010001": 1,
                "1001111011": 1,
                "0110101100": 1,
                "0000000110": 1,
                "0110000010": 1,
                "0100000011": 1,
                "1011111000": 1,
                "1100010110": 1,
                "1001110001": 1,
                "0100100001": 1,
                "0100111011": 1,
                "1010100100": 1,
                "0110100000": 1,
                "0111011010": 1,
                "1001100100": 1,
                "0010000010": 1,
                "0101111111": 1,
                "1100010111": 1,
                "1101111000": 1,
                "1110011010": 1,
                "0101111101": 1,
                "0100010010": 1,
                "0111101011": 1,
                "1010000011": 1,
                "0000011110": 1,
                "1011100011": 1,
                "0101100100": 1,
                "0100101111": 1,
                "1111100011": 2,
                "0100101011": 2,
                "0101001111": 1,
                "1101000010": 1,
                "0100010101": 1,
                "1111010010": 1,
                "0000101111": 2,
                "0101100110": 1
            },
            false,
            5.09
        ],
        [
            [
                [
                    -1,
                    4,
                    -5
                ],
                [
                    -7,
                    -3,
                    -8
                ],
                [
                    2,
                    9,
                    -6
                ],
                [
                    -5,
                    10,
                    9
                ],
                [
                    9,
                    -2,
                    -4
                ],
                [
                    -5,
                    8,
                    -2
                ],
                [
                    2,
                    10,
                    -7
                ],
                [
                    -6,
                    -4,
                    -1
                ],
                [
                    -5,
                    -10,
                    4
                ],
                [
                    -1,
                    10,
                    -9
                ],
                [
                    -5,
                    8,
                    -2
                ],
                [
                    -10,
                    4,
                    3
                ],
                [
                    -10,
                    -2,
                    -5
                ],
                [
                    -10,
                    -1,
                    5
                ],
                [
                    -3,
                    -9,
                    -1
                ],
                [
                    -5,
                    3,
                    10
                ],
                [
                    5,
                    -4,
                    -3
                ],
                [
                    3,
                    -10,
                    7
                ],
                [
                    -3,
                    -8,
                    -10
                ],
                [
                    6,
                    -1,
                    -10
                ],
                [
                    3,
                    1,
                    4
                ],
                [
                    -6,
                    9,
                    -4
                ],
                [
                    9,
                    -4,
                    5
                ],
                [
                    -10,
                    8,
                    -9
                ],
                [
                    9,
                    -7,
                    8
                ],
                [
                    4,
                    -1,
                    -2
                ],
                [
                    -6,
                    -1,
                    10
                ],
                [
                    -9,
                    -8,
                    -10
                ],
                [
                    -10,
                    3,
                    7
                ],
                [
                    -8,
                    4,
                    9
                ],
                [
                    10,
                    -9,
                    -7
                ],
                [
                    1,
                    7,
                    9
                ],
                [
                    1,
                    -3,
                    -10
                ],
                [
                    8,
                    7,
                    9
                ],
                [
                    2,
                    5,
                    -8
                ],
                [
                    -1,
                    8,
                    -2
                ],
                [
                    10,
                    6,
                    2
                ],
                [
                    -3,
                    -4,
                    -1
                ],
                [
                    8,
                    1,
                    2
                ],
                [
                    -1,
                    -5,
                    6
                ],
                [
                    9,
                    -3,
                    -1
                ],
                [
                    -2,
                    -4,
                    -10
                ],
                [
                    8,
                    9,
                    -2
                ],
                [
                    6,
                    -5,
                    -8
                ],
                [
                    9,
                    7,
                    4
                ]
            ],
            "{   'fun': 5.87,\n    'jac': None,\n    'nfev': 425,\n    'nit': 2,\n    'njev': 25,\n    'x': array([1.6898005 , 1.35479615, 0.99759829, 1.57371198, 0.07420817,\n       1.51101364, 0.74023565, 1.79350827, 0.11335274, 0.64267566,\n       2.00111907, 0.46956595, 1.40042969, 0.42343265, 1.58876698,\n       2.8190626 ])}",
            {
                "0101101000": 1,
                "0110100011": 1,
                "1110111001": 1,
                "1111101101": 1,
                "1000011101": 1,
                "0001001001": 1,
                "0011101111": 1,
                "0001111010": 1,
                "0111000110": 2,
                "0111000010": 1,
                "1110110010": 2,
                "1101111101": 1,
                "1010011111": 1,
                "0000100101": 1,
                "0110100010": 1,
                "1011000101": 1,
                "1000011100": 1,
                "0010111010": 1,
                "1000010101": 1,
                "0100001000": 1,
                "1100000000": 1,
                "1010001011": 1,
                "0000100010": 1,
                "1101000100": 1,
                "1000111111": 2,
                "1000000100": 1,
                "1000000011": 1,
                "0110011001": 1,
                "1001010001": 1,
                "0101010001": 1,
                "0000001000": 1,
                "0010001110": 2,
                "1001011001": 1,
                "1101100111": 1,
                "1111011101": 1,
                "1111000101": 1,
                "0001000001": 2,
                "1110010000": 1,
                "0011010010": 3,
                "1101111110": 1,
                "0011111110": 1,
                "1011110110": 1,
                "0110011011": 2,
                "0001110110": 1,
                "1010110011": 1,
                "1001100101": 1,
                "1010011110": 1,
                "1000111011": 1,
                "1110011111": 1,
                "0111011000": 1,
                "0001110001": 1,
                "1000001110": 1,
                "0100001110": 1,
                "0000101100": 1,
                "1100010101": 1,
                "1111001010": 1,
                "0001111111": 1,
                "0001000010": 1,
                "1000001000": 1,
                "1000010001": 1,
                "0011010111": 1,
                "0010010100": 1,
                "1001001001": 1,
                "0001011110": 1,
                "0001000000": 1,
                "1100100111": 1,
                "1100001111": 1,
                "0110111111": 1,
                "0010011100": 1,
                "1011010110": 1,
                "0110000101": 1,
                "1000001100": 1,
                "0110110001": 1,
                "1100110110": 1,
                "0011000111": 1,
                "0101000110": 1,
                "1110100000": 1,
                "0100101011": 1,
                "1000011010": 1,
                "0010011101": 1,
                "1010010011": 1,
                "0101110001": 1,
                "0101001111": 1,
                "0001011010": 1,
                "1010111101": 1,
                "1100001110": 1,
                "1000101101": 1,
                "1100101101": 1,
                "1011011011": 1,
                "0101011001": 1,
                "0001000101": 1,
                "1000110101": 1
            },
            false,
            4.81
        ]
    ]
}