{
    "n": 10,
    "m": 45,
    "results": [
        [
            [
                [
                    5,
                    6,
                    -7
                ],
                [
                    4,
                    -6,
                    7
                ],
                [
                    -1,
                    -9,
                    2
                ],
                [
                    2,
                    5,
                    7
                ],
                [
                    -2,
                    -7,
                    -1
                ],
                [
                    -9,
                    6,
                    -3
                ],
                [
                    10,
                    3,
                    -7
                ],
                [
                    -2,
                    -5,
                    -7
                ],
                [
                    -3,
                    -10,
                    -1
                ],
                [
                    -6,
                    8,
                    1
                ],
                [
                    9,
                    -5,
                    8
                ],
                [
                    -1,
                    5,
                    -2
                ],
                [
                    6,
                    -4,
                    7
                ],
                [
                    -9,
                    -1,
                    4
                ],
                [
                    3,
                    -5,
                    -9
                ],
                [
                    -6,
                    -1,
                    9
                ],
                [
                    -4,
                    10,
                    -9
                ],
                [
                    -4,
                    -7,
                    2
                ],
                [
                    5,
                    9,
                    -1
                ],
                [
                    1,
                    6,
                    9
                ],
                [
                    -6,
                    -7,
                    -8
                ],
                [
                    4,
                    9,
                    2
                ],
                [
                    -4,
                    -10,
                    -1
                ],
                [
                    9,
                    -2,
                    -7
                ],
                [
                    -3,
                    -5,
                    9
                ],
                [
                    4,
                    -10,
                    3
                ],
                [
                    7,
                    1,
                    3
                ],
                [
                    8,
                    7,
                    -6
                ],
                [
                    5,
                    -10,
                    -4
                ],
                [
                    5,
                    -2,
                    1
                ],
                [
                    9,
                    1,
                    -7
                ],
                [
                    -8,
                    1,
                    3
                ],
                [
                    4,
                    -5,
                    1
                ],
                [
                    -9,
                    10,
                    4
                ],
                [
                    -8,
                    6,
                    5
                ],
                [
                    -2,
                    9,
                    3
                ],
                [
                    6,
                    7,
                    9
                ],
                [
                    4,
                    2,
                    -6
                ],
                [
                    2,
                    -9,
                    -8
                ],
                [
                    -4,
                    -8,
                    -7
                ],
                [
                    7,
                    -9,
                    1
                ],
                [
                    -6,
                    1,
                    9
                ],
                [
                    9,
                    10,
                    1
                ],
                [
                    5,
                    -9,
                    -7
                ],
                [
                    5,
                    -1,
                    -7
                ]
            ],
            "{   'fun': 5.69,\n    'jac': None,\n    'nfev': 510,\n    'nit': 4,\n    'njev': 30,\n    'x': array([1.68980077, 1.35479633, 0.99759819, 1.57371218, 0.07420789,\n       1.51101387, 0.74023567, 1.79350851, 0.11335289, 0.64267584,\n       2.00111903, 0.46956613, 1.40042971, 0.42343268, 1.58876726,\n       2.81906247])}",
            {
                "0111110110": 1,
                "1110101001": 1,
                "1111101110": 1,
                "0111001100": 1,
                "0110111100": 1,
                "0101000111": 1,
                "1010101000": 1,
                "1010011001": 1,
                "1000000111": 1,
                "1111110011": 1,
                "0001100100": 1,
                "1011010001": 1,
                "1011010101": 1,
                "1001101011": 1,
                "0111110000": 1,
                "0010101000": 1,
                "1100011111": 1,
                "0110000000": 1,
                "1011111010": 1,
                "0111101101": 1,
                "0001110100": 1,
                "1101000101": 1,
                "1100000001": 1,
                "1111011110": 1,
                "0101110101": 1,
                "1011101010": 1,
                "1001110101": 1,
                "0001000100": 1,
                "0100001100": 2,
                "0111001010": 1,
                "1011001111": 1,
                "1001011001": 1,
                "0011011111": 1,
                "1101100101": 1,
                "1010100000": 1,
                "0111011000": 1,
                "0011100111": 1,
                "1001000001": 1,
                "0001101111": 1,
                "0001110101": 1,
                "1110000001": 1,
                "1100010111": 2,
                "0001001010": 1,
                "1001110010": 1,
                "1001110011": 2,
                "1011111011": 1,
                "0010010011": 1,
                "0000000100": 1,
                "0010000111": 2,
                "0010011110": 1,
                "0011110111": 1,
                "1110111110": 1,
                "0000000110": 1,
                "0110000010": 1,
                "0011110011": 1,
                "1011100000": 1,
                "1001110000": 1,
                "1100010011": 2,
                "0111111001": 1,
                "1011000111": 1,
                "0011010001": 1,
                "1101000110": 1,
                "0000101111": 1,
                "0001000011": 1,
                "1001011011": 1,
                "0001000101": 1,
                "1101110010": 1,
                "1110011010": 1,
                "0001001011": 1,
                "0011000100": 1,
                "0011100010": 1,
                "0101010011": 1,
                "0111100010": 1,
                "1010100111": 1,
                "1000000101": 1,
                "1111011010": 2,
                "0010010101": 1,
                "1001001101": 1,
                "0001011101": 1,
                "0100100010": 1,
                "0101010000": 2,
                "0111110101": 1,
                "1011101100": 1,
                "1010011101": 1,
                "0011000001": 1,
                "0101111001": 1,
                "1001001100": 1,
                "0100101010": 1,
                "1010001110": 1,
                "1101100100": 1,
                "1001001001": 2,
                "0010100010": 1
            },
            false,
            4.96
        ],
        [
            [
                [
                    6,
                    -7,
                    -1
                ],
                [
                    8,
                    -4,
                    -7
                ],
                [
                    2,
                    -9,
                    7
                ],
                [
                    4,
                    -3,
                    -8
                ],
                [
                    -10,
                    -7,
                    -3
                ],
                [
                    9,
                    7,
                    2
                ],
                [
                    4,
                    -3,
                    2
                ],
                [
                    10,
                    3,
                    -9
                ],
                [
                    8,
                    4,
                    -1
                ],
                [
                    10,
                    5,
                    9
                ],
                [
                    4,
                    -9,
                    1
                ],
                [
                    3,
                    7,
                    1
                ],
                [
                    -1,
                    -7,
                    8
                ],
                [
                    1,
                    -5,
                    7
                ],
                [
                    10,
                    -1,
                    4
                ],
                [
                    -5,
                    -10,
                    9
                ],
                [
                    6,
                    -3,
                    1
                ],
                [
                    9,
                    -3,
                    -8
                ],
                [
                    -3,
                    -2,
                    4
                ],
                [
                    8,
                    -6,
                    5
                ],
                [
                    3,
                    5,
                    -7
                ],
                [
                    -3,
                    10,
                    5
                ],
                [
                    -2,
                    8,
                    -5
                ],
                [
                    -9,
                    6,
                    -3
                ],
                [
                    -10,
                    -8,
                    5
                ],
                [
                    -6,
                    5,
                    -1
                ],
                [
                    10,
                    9,
                    5
                ],
                [
                    4,
                    -6,
                    7
                ],
                [
                    -5,
                    -10,
                    4
                ],
                [
                    -6,
                    -1,
                    -7
                ],
                [
                    9,
                    -8,
                    -3
                ],
                [
                    7,
                    -8,
                    -5
                ],
                [
                    -10,
                    -2,
                    7
                ],
                [
                    4,
                    2,
                    -1
                ],
                [
                    3,
                    7,
                    -2
                ],
                [
                    10,
                    -9,
                    4
                ],
                [
                    -10,
                    -8,
                    7
                ],
                [
                    -4,
                    5,
                    8
                ],
                [
                    -2,
                    4,
                    9
                ],
                [
                    3,
                    -4,
                    7
                ],
                [
                    -4,
                    -2,
                    1
                ],
                [
                    1,
                    -3,
                    7
                ],
                [
                    6,
                    10,
                    1
                ],
                [
                    7,
                    5,
                    -2
                ],
                [
                    5,
                    -9,
                    7
                ]
            ],
            "{   'fun': 5.36,\n    'jac': None,\n    'nfev': 374,\n    'nit': 3,\n    'njev': 22,\n    'x': array([2.21042666, 0.28248016, 0.67675515, 2.93532017, 1.93736229,\n       2.723121  , 2.90185764, 2.05306395, 0.5816386 , 2.08296152,\n       1.46272123, 0.99884179, 2.19265441, 1.11381108, 0.98094493,\n       1.39259722])}",
            {
                "0100110110": 1,
                "0100000001": 1,
                "1011011000": 1,
                "0000100101": 1,
                "0100111000": 1,
                "1001001110": 2,
                "1011100100": 1,
                "0100101011": 1,
                "1000010110": 1,
                "1110010110": 1,
                "1100101110": 1,
                "1101111000": 1,
                "1110101000": 1,
                "0001101111": 2,
                "0101100001": 1,
                "0001101011": 1,
                "1011111000": 1,
                "0011101000": 1,
                "0001000010": 1,
                "0000101101": 1,
                "1011010000": 1,
                "0100101001": 1,
                "0001000110": 1,
                "0100101110": 1,
                "0011101100": 1,
                "1100011011": 1,
                "1010101001": 2,
                "0110010011": 1,
                "1000011111": 1,
                "1000001111": 1,
                "1110000010": 2,
                "1001011110": 1,
                "0111010110": 1,
                "0111101110": 1,
                "0110011100": 1,
                "1011000110": 1,
                "1101101100": 2,
                "0101010001": 1,
                "1001011011": 1,
                "1000010100": 1,
                "0001001000": 1,
                "0100111011": 1,
                "0011000010": 1,
                "1101000011": 1,
                "0110111100": 1,
                "0101011110": 1,
                "0100111110": 1,
                "1101100011": 1,
                "1001100001": 1,
                "0100101000": 1,
                "1110101110": 2,
                "1101000001": 1,
                "0010000101": 1,
                "0011101111": 1,
                "1101011010": 1,
                "1011100011": 1,
                "0001110100": 1,
                "1110010101": 1,
                "1011101111": 1,
                "1011010110": 1,
                "0111100101": 1,
                "0100100100": 1,
                "0100011101": 1,
                "0001101001": 1,
                "1000100010": 1,
                "0010010011": 1,
                "1110111001": 1,
                "1111101110": 1,
                "0111001011": 1,
                "1000100111": 1,
                "1100110011": 1,
                "0101100010": 1,
                "0000110100": 1,
                "0111111000": 1,
                "0101111011": 1,
                "1111001110": 1,
                "0110000100": 1,
                "0001100011": 1,
                "0100001100": 1,
                "1011101010": 1,
                "1101010000": 1,
                "1000100001": 1,
                "0001100100": 1,
                "0001100000": 2,
                "1011000011": 1,
                "0110110100": 1,
                "1010111111": 1,
                "1110011010": 1,
                "1111100110": 1,
                "0100010010": 1,
                "0000100000": 1,
                "1111111111": 1,
                "0101101111": 1
            },
            false,
            4.8
        ],
        [
            [
                [
                    5,
                    8,
                    7
                ],
                [
                    10,
                    -1,
                    7
                ],
                [
                    -5,
                    8,
                    -9
                ],
                [
                    8,
                    -9,
                    2
                ],
                [
                    -2,
                    -10,
                    6
                ],
                [
                    -2,
                    1,
                    -10
                ],
                [
                    3,
                    -8,
                    9
                ],
                [
                    -2,
                    9,
                    -6
                ],
                [
                    -9,
                    10,
                    -3
                ],
                [
                    -2,
                    -8,
                    5
                ],
                [
                    1,
                    -5,
                    -2
                ],
                [
                    -5,
                    9,
                    -6
                ],
                [
                    -4,
                    -2,
                    6
                ],
                [
                    -4,
                    -1,
                    7
                ],
                [
                    -9,
                    -6,
                    3
                ],
                [
                    -9,
                    3,
                    1
                ],
                [
                    6,
                    4,
                    -10
                ],
                [
                    1,
                    10,
                    -5
                ],
                [
                    3,
                    -2,
                    7
                ],
                [
                    -7,
                    1,
                    4
                ],
                [
                    6,
                    1,
                    8
                ],
                [
                    9,
                    2,
                    -4
                ],
                [
                    -2,
                    -7,
                    3
                ],
                [
                    9,
                    -4,
                    8
                ],
                [
                    10,
                    8,
                    1
                ],
                [
                    -1,
                    -5,
                    7
                ],
                [
                    -9,
                    -6,
                    5
                ],
                [
                    -10,
                    -4,
                    -6
                ],
                [
                    -9,
                    -2,
                    -7
                ],
                [
                    -7,
                    3,
                    1
                ],
                [
                    -8,
                    1,
                    10
                ],
                [
                    1,
                    -7,
                    6
                ],
                [
                    -10,
                    7,
                    -8
                ],
                [
                    9,
                    7,
                    -6
                ],
                [
                    -6,
                    9,
                    -8
                ],
                [
                    9,
                    5,
                    -10
                ],
                [
                    1,
                    -10,
                    -4
                ],
                [
                    -10,
                    -8,
                    1
                ],
                [
                    -7,
                    8,
                    3
                ],
                [
                    -8,
                    -6,
                    7
                ],
                [
                    -9,
                    5,
                    8
                ],
                [
                    9,
                    7,
                    -3
                ],
                [
                    -1,
                    -6,
                    9
                ],
                [
                    -9,
                    -6,
                    4
                ],
                [
                    2,
                    -4,
                    -8
                ]
            ],
            "{   'fun': 5.75,\n    'jac': None,\n    'nfev': 357,\n    'nit': 0,\n    'njev': 21,\n    'x': array([0.62824875, 0.63304003, 1.90872717, 1.83929159, 0.55726243,\n       0.94828209, 0.37123251, 0.71003052, 2.93751969, 2.88467575,\n       0.63800535, 0.46808562, 0.38683315, 0.310089  , 2.2703359 ,\n       2.8968729 ])}",
            {
                "1111001110": 1,
                "1110100100": 1,
                "0000110001": 1,
                "0111101100": 1,
                "0001100111": 1,
                "0110000000": 1,
                "0011101010": 1,
                "1011100101": 1,
                "0101011001": 1,
                "1100011010": 1,
                "0010111110": 1,
                "0101110111": 1,
                "0000111001": 1,
                "1111111101": 1,
                "0010100000": 1,
                "0010001011": 1,
                "0001001101": 1,
                "1101000111": 1,
                "1011011110": 1,
                "0110011111": 1,
                "1000111110": 2,
                "0000001111": 2,
                "0111100111": 2,
                "1111000001": 1,
                "0011110000": 1,
                "1010011000": 1,
                "0101000000": 1,
                "1101111001": 1,
                "0100100101": 1,
                "0011010001": 1,
                "1010000110": 1,
                "0000010110": 3,
                "1111011010": 1,
                "0101101000": 1,
                "0101001011": 1,
                "0101101100": 1,
                "1100001010": 1,
                "0111001100": 1,
                "0001111100": 1,
                "1111100011": 1,
                "1101101111": 1,
                "0110101010": 1,
                "0101010010": 1,
                "0111101011": 1,
                "1000100100": 1,
                "1011011011": 2,
                "0111001001": 1,
                "0100100010": 2,
                "1110110100": 1,
                "0101110101": 1,
                "1100001000": 1,
                "0110011110": 1,
                "0011001101": 1,
                "0100010101": 1,
                "0001100000": 1,
                "1000100001": 1,
                "1011010101": 1,
                "1000111101": 1,
                "1010001000": 1,
                "0001111011": 1,
                "1010000100": 1,
                "1101001011": 1,
                "1100110010": 1,
                "1010001011": 1,
                "0101010100": 1,
                "0001011110": 1,
                "1110001110": 1,
                "1001111011": 2,
                "0110001001": 1,
                "1101100010": 1,
                "1111110111": 1,
                "1110110101": 1,
                "0010010010": 2,
                "1011111001": 1,
                "0010010100": 1,
                "0011110101": 1,
                "0111110000": 1,
                "0111000000": 2,
                "1000110000": 1,
                "1100101111": 1,
                "0110001010": 2,
                "0100111110": 1,
                "0001110010": 1,
                "0011000011": 1,
                "0100011100": 1,
                "1010001111": 1,
                "1101111011": 1,
                "0100110110": 1,
                "1001100111": 1
            },
            false,
            4.83
        ],
        [
            [
                [
                    3,
                    -6,
                    -1
                ],
                [
                    -7,
                    6,
                    -5
                ],
                [
                    -2,
                    -8,
                    -10
                ],
                [
                    -8,
                    -9,
                    -1
                ],
                [
                    6,
                    -3,
                    -7
                ],
                [
                    -8,
                    -10,
                    9
                ],
                [
                    3,
                    5,
                    -6
                ],
                [
                    -10,
                    3,
                    -5
                ],
                [
                    3,
                    -6,
                    5
                ],
                [
                    -2,
                    -6,
                    4
                ],
                [
                    -9,
                    -3,
                    -1
                ],
                [
                    8,
                    -9,
                    1
                ],
                [
                    8,
                    5,
                    3
                ],
                [
                    -1,
                    6,
                    -7
                ],
                [
                    -6,
                    -3,
                    4
                ],
                [
                    -6,
                    -3,
                    -2
                ],
                [
                    9,
                    8,
                    -5
                ],
                [
                    5,
                    -2,
                    -9
                ],
                [
                    8,
                    1,
                    6
                ],
                [
                    -7,
                    -3,
                    -9
                ],
                [
                    6,
                    -10,
                    -1
                ],
                [
                    5,
                    -7,
                    -1
                ],
                [
                    -5,
                    2,
                    -6
                ],
                [
                    -2,
                    -8,
                    -9
                ],
                [
                    2,
                    -10,
                    9
                ],
                [
                    3,
                    8,
                    -9
                ],
                [
                    -7,
                    -9,
                    6
                ],
                [
                    9,
                    -10,
                    2
                ],
                [
                    -5,
                    -3,
                    10
                ],
                [
                    -4,
                    -10,
                    -9
                ],
                [
                    -6,
                    8,
                    3
                ],
                [
                    -10,
                    -2,
                    8
                ],
                [
                    -7,
                    -3,
                    -9
                ],
                [
                    6,
                    3,
                    4
                ],
                [
                    1,
                    3,
                    2
                ],
                [
                    -4,
                    -9,
                    6
                ],
                [
                    -4,
                    9,
                    3
                ],
                [
                    -1,
                    -3,
                    8
                ],
                [
                    -2,
                    3,
                    1
                ],
                [
                    -9,
                    -5,
                    10
                ],
                [
                    2,
                    -1,
                    4
                ],
                [
                    -8,
                    2,
                    7
                ],
                [
                    -9,
                    8,
                    -10
                ],
                [
                    9,
                    -7,
                    -2
                ],
                [
                    5,
                    -8,
                    2
                ]
            ],
            "{   'fun': 5.37,\n    'jac': None,\n    'nfev': 357,\n    'nit': 0,\n    'njev': 21,\n    'x': array([0.54610732, 1.85903635, 2.27491795, 0.86398556, 1.92836931,\n       1.95192072, 1.20282926, 1.04548351, 1.2888644 , 1.21801554,\n       0.07667848, 0.0823522 , 1.06235381, 0.57136401, 2.22699855,\n       1.3802566 ])}",
            {
                "0000011100": 1,
                "0111100101": 1,
                "1110010011": 1,
                "1100000000": 1,
                "1010110100": 1,
                "1101000100": 1,
                "0101110110": 1,
                "1110101100": 1,
                "1111101011": 2,
                "0011010101": 1,
                "1001011010": 1,
                "1010101111": 1,
                "0100000011": 1,
                "0011110010": 1,
                "1000111100": 1,
                "1101001101": 1,
                "1111001100": 1,
                "1010110001": 1,
                "0100110100": 1,
                "1110100110": 1,
                "1110110101": 1,
                "0011101110": 1,
                "0111001110": 3,
                "1001111001": 1,
                "1111011001": 1,
                "0111001100": 1,
                "0101111101": 1,
                "1111110001": 1,
                "0100011101": 1,
                "1000010111": 1,
                "0001100100": 1,
                "0011101100": 1,
                "1100101010": 1,
                "0110011001": 1,
                "1011010000": 3,
                "1110111111": 1,
                "1101101010": 1,
                "1000010011": 1,
                "0100101011": 1,
                "0111010011": 1,
                "0110101010": 2,
                "1100010110": 1,
                "1001011110": 1,
                "0001010111": 1,
                "1000100000": 1,
                "1011011011": 1,
                "1010010101": 1,
                "1100011011": 2,
                "1011110100": 2,
                "1110000101": 1,
                "1010000001": 1,
                "1111010011": 1,
                "0011110101": 1,
                "0110000100": 1,
                "1111110010": 1,
                "1000101010": 1,
                "0001011001": 1,
                "1010010110": 1,
                "1011011110": 1,
                "0010111010": 1,
                "0011111110": 1,
                "1101100110": 1,
                "0001001100": 1,
                "0011010100": 1,
                "1101110101": 1,
                "0011111101": 1,
                "1100100111": 1,
                "0111011000": 1,
                "1011001101": 1,
                "0101000100": 1,
                "1100111111": 1,
                "1100000010": 1,
                "1010100010": 1,
                "1101011100": 1,
                "1100110010": 1,
                "0011010011": 1,
                "1100100010": 1,
                "0011111001": 1,
                "0011110110": 1,
                "0111100110": 2,
                "0110100011": 1,
                "1100110000": 1,
                "1000110110": 1,
                "1010001100": 1,
                "0111100100": 2,
                "1010010111": 1,
                "1000100100": 1,
                "0001010100": 2,
                "1111101000": 1
            },
            false,
            4.77
        ],
        [
            [
                [
                    -4,
                    -2,
                    -10
                ],
                [
                    8,
                    7,
                    1
                ],
                [
                    -10,
                    2,
                    3
                ],
                [
                    8,
                    2,
                    1
                ],
                [
                    -4,
                    -6,
                    1
                ],
                [
                    5,
                    4,
                    -6
                ],
                [
                    6,
                    -1,
                    -10
                ],
                [
                    10,
                    -8,
                    1
                ],
                [
                    8,
                    9,
                    -5
                ],
                [
                    1,
                    -10,
                    6
                ],
                [
                    -4,
                    5,
                    8
                ],
                [
                    -9,
                    7,
                    -5
                ],
                [
                    -5,
                    -3,
                    -6
                ],
                [
                    4,
                    -1,
                    7
                ],
                [
                    7,
                    10,
                    -9
                ],
                [
                    -7,
                    3,
                    -2
                ],
                [
                    10,
                    2,
                    5
                ],
                [
                    10,
                    5,
                    1
                ],
                [
                    1,
                    5,
                    -6
                ],
                [
                    -3,
                    1,
                    -5
                ],
                [
                    8,
                    2,
                    5
                ],
                [
                    3,
                    10,
                    -7
                ],
                [
                    -6,
                    -3,
                    -5
                ],
                [
                    9,
                    7,
                    -5
                ],
                [
                    3,
                    8,
                    -7
                ],
                [
                    -3,
                    5,
                    7
                ],
                [
                    -4,
                    2,
                    5
                ],
                [
                    -10,
                    8,
                    4
                ],
                [
                    -5,
                    -6,
                    -8
                ],
                [
                    -2,
                    5,
                    -1
                ],
                [
                    10,
                    -3,
                    9
                ],
                [
                    10,
                    -1,
                    -5
                ],
                [
                    -10,
                    -6,
                    7
                ],
                [
                    5,
                    -9,
                    1
                ],
                [
                    10,
                    2,
                    4
                ],
                [
                    -1,
                    -4,
                    5
                ],
                [
                    -8,
                    9,
                    -4
                ],
                [
                    -2,
                    -3,
                    -7
                ],
                [
                    2,
                    1,
                    -8
                ],
                [
                    -1,
                    -4,
                    7
                ],
                [
                    -8,
                    2,
                    7
                ],
                [
                    4,
                    10,
                    -9
                ],
                [
                    2,
                    5,
                    10
                ],
                [
                    -6,
                    -5,
                    8
                ],
                [
                    9,
                    -2,
                    -1
                ]
            ],
            "{   'fun': 5.53,\n    'jac': None,\n    'nfev': 357,\n    'nit': 0,\n    'njev': 21,\n    'x': array([1.79161868, 1.85352713, 2.79587806, 0.58125047, 2.48576762,\n       1.25519635, 1.66527447, 0.03819782, 2.78674203, 0.85478506,\n       2.88507359, 0.21581564, 1.26760003, 1.0033062 , 2.13450397,\n       3.02997362])}",
            {
                "0000100110": 1,
                "0100111110": 1,
                "1010000111": 1,
                "1010011001": 1,
                "1100111011": 1,
                "1000101100": 1,
                "0101101010": 1,
                "0110101010": 2,
                "0000110110": 1,
                "0100011011": 1,
                "0100101100": 1,
                "0000010010": 1,
                "0110101001": 1,
                "1011010001": 1,
                "1010011101": 1,
                "0001100010": 1,
                "1011001011": 1,
                "0001110011": 1,
                "1001000000": 1,
                "0011101001": 1,
                "0011000111": 2,
                "1111111001": 1,
                "0011110010": 2,
                "0100111010": 1,
                "1011101011": 2,
                "1100010111": 1,
                "1000101011": 1,
                "1110010100": 1,
                "1000111111": 1,
                "1010000100": 1,
                "1011011000": 1,
                "0111001000": 1,
                "1101101110": 1,
                "1010110001": 1,
                "1100001111": 2,
                "0001000000": 1,
                "1010001111": 1,
                "1110000000": 2,
                "1000101001": 1,
                "1000011110": 1,
                "0000100010": 1,
                "1001100110": 2,
                "0001101001": 1,
                "1000110111": 1,
                "1011111010": 1,
                "1111010110": 1,
                "1001101011": 1,
                "0001000111": 1,
                "0010001101": 1,
                "1011101010": 1,
                "0101101110": 1,
                "1000011111": 1,
                "1111010100": 1,
                "0100010110": 1,
                "1010101111": 2,
                "1110110001": 1,
                "0100001101": 1,
                "0011000101": 1,
                "0010010111": 1,
                "1111100001": 1,
                "0110100100": 2,
                "0101101000": 1,
                "0100010000": 1,
                "0011010100": 1,
                "0110010101": 1,
                "0010001000": 1,
                "1111100110": 1,
                "1001010011": 1,
                "0011101010": 1,
                "1101010100": 1,
                "1100011110": 1,
                "1111111110": 1,
                "0110100101": 1,
                "1011101101": 3,
                "0100011101": 1,
                "1110000011": 1,
                "0010101011": 2,
                "1000100000": 1,
                "1001101100": 1,
                "0001101010": 1,
                "1000111110": 1,
                "0101100010": 1,
                "1110001101": 1,
                "0110100010": 1,
                "1010110011": 1,
                "1001000100": 1,
                "0110100111": 1,
                "0000001111": 1
            },
            false,
            4.83
        ]
    ]
}