{
    "n": 10,
    "m": 45,
    "results": [
        [
            [
                [
                    -7,
                    -6,
                    8
                ],
                [
                    2,
                    4,
                    -8
                ],
                [
                    4,
                    2,
                    -7
                ],
                [
                    10,
                    4,
                    3
                ],
                [
                    5,
                    8,
                    -9
                ],
                [
                    6,
                    7,
                    9
                ],
                [
                    1,
                    8,
                    -2
                ],
                [
                    -10,
                    -8,
                    -2
                ],
                [
                    -10,
                    -2,
                    -3
                ],
                [
                    3,
                    8,
                    6
                ],
                [
                    1,
                    8,
                    -2
                ],
                [
                    7,
                    -5,
                    8
                ],
                [
                    -4,
                    10,
                    -1
                ],
                [
                    2,
                    5,
                    8
                ],
                [
                    5,
                    2,
                    7
                ],
                [
                    -6,
                    -4,
                    -2
                ],
                [
                    7,
                    -9,
                    5
                ],
                [
                    -1,
                    2,
                    -9
                ],
                [
                    -1,
                    -2,
                    -8
                ],
                [
                    -2,
                    4,
                    10
                ],
                [
                    -1,
                    6,
                    9
                ],
                [
                    7,
                    -4,
                    6
                ],
                [
                    -7,
                    -3,
                    5
                ],
                [
                    -6,
                    -8,
                    -7
                ],
                [
                    -9,
                    -7,
                    6
                ],
                [
                    2,
                    8,
                    1
                ],
                [
                    6,
                    8,
                    1
                ],
                [
                    9,
                    -2,
                    5
                ],
                [
                    -4,
                    -2,
                    -5
                ],
                [
                    -8,
                    1,
                    10
                ],
                [
                    -6,
                    10,
                    -2
                ],
                [
                    -6,
                    -8,
                    7
                ],
                [
                    7,
                    10,
                    -4
                ],
                [
                    -5,
                    10,
                    -4
                ],
                [
                    4,
                    2,
                    9
                ],
                [
                    -10,
                    4,
                    -3
                ],
                [
                    -10,
                    2,
                    -3
                ],
                [
                    -7,
                    -1,
                    3
                ],
                [
                    7,
                    5,
                    -3
                ],
                [
                    -4,
                    10,
                    -5
                ],
                [
                    7,
                    10,
                    9
                ],
                [
                    2,
                    8,
                    -6
                ],
                [
                    -3,
                    -1,
                    9
                ],
                [
                    2,
                    10,
                    -7
                ],
                [
                    -5,
                    -4,
                    3
                ]
            ],
            "{   'fun': 5.6,\n    'jac': None,\n    'nfev': 408,\n    'nit': 2,\n    'njev': 24,\n    'x': array([1.56829085, 2.70425821, 1.1124914 , 2.23230764, 1.59969026,\n       3.1067052 , 2.43367736, 0.15758582, 0.84543204, 1.22578669,\n       2.83200727, 0.82193545, 1.15175729, 2.80327655, 0.40026505,\n       2.63298028])}",
            {
                "1110101001": 1,
                "1111101010": 1,
                "1101010101": 1,
                "1000011101": 1,
                "0011101100": 1,
                "0101100100": 1,
                "0011011010": 1,
                "1011111001": 1,
                "1100100110": 2,
                "1011101111": 1,
                "0110101011": 1,
                "1101110110": 1,
                "0001110001": 1,
                "0111111000": 1,
                "0111111110": 1,
                "1100001110": 1,
                "0011010000": 1,
                "1010010010": 1,
                "1100110001": 1,
                "1001010011": 1,
                "0001100100": 1,
                "0100000111": 1,
                "1101011010": 1,
                "0001101001": 1,
                "0010110010": 2,
                "0110010010": 2,
                "0101110100": 1,
                "0001010010": 1,
                "0101001011": 1,
                "0101101000": 1,
                "0111111011": 1,
                "1011111101": 1,
                "1101001000": 1,
                "0001111000": 1,
                "1010100000": 1,
                "1011011111": 1,
                "1001110101": 1,
                "1010000010": 1,
                "0111000000": 2,
                "1101110000": 1,
                "0110011111": 1,
                "0011101101": 1,
                "0000011011": 1,
                "0001101010": 1,
                "0110001111": 1,
                "1010100110": 2,
                "1111011111": 1,
                "1000000011": 1,
                "1010001101": 1,
                "1000000100": 1,
                "1000000001": 1,
                "0011111011": 1,
                "0111100110": 1,
                "0101001100": 1,
                "1010111110": 1,
                "1000001110": 1,
                "0001000111": 1,
                "1110010101": 1,
                "0011011000": 1,
                "1101110010": 1,
                "1101001011": 1,
                "1010000100": 1,
                "1001110001": 4,
                "1100010010": 1,
                "1010110000": 1,
                "0111110101": 1,
                "0111110011": 1,
                "0001110000": 1,
                "1000001000": 1,
                "0011100011": 1,
                "1000011000": 2,
                "1000011010": 1,
                "1110011000": 1,
                "0011110001": 1,
                "0100001100": 1,
                "0001110101": 1,
                "0110011110": 1,
                "1110000111": 1,
                "1010111000": 1,
                "1111011000": 1,
                "0011010100": 1,
                "0100001011": 1,
                "0111010110": 1,
                "1101011011": 1,
                "1110010000": 1,
                "0101101011": 1,
                "1011111010": 1,
                "1101001100": 1,
                "1110100011": 1,
                "1011111011": 2
            },
            false,
            4.92
        ],
        [
            [
                [
                    -9,
                    -3,
                    -6
                ],
                [
                    -2,
                    -9,
                    4
                ],
                [
                    -10,
                    -9,
                    -7
                ],
                [
                    -8,
                    2,
                    -5
                ],
                [
                    3,
                    1,
                    7
                ],
                [
                    -6,
                    -10,
                    3
                ],
                [
                    2,
                    -7,
                    -4
                ],
                [
                    6,
                    -7,
                    -10
                ],
                [
                    -1,
                    -2,
                    3
                ],
                [
                    -1,
                    3,
                    -6
                ],
                [
                    5,
                    9,
                    -7
                ],
                [
                    -4,
                    6,
                    -5
                ],
                [
                    8,
                    -4,
                    1
                ],
                [
                    4,
                    7,
                    -1
                ],
                [
                    5,
                    10,
                    -6
                ],
                [
                    -5,
                    -6,
                    -4
                ],
                [
                    -1,
                    -4,
                    -5
                ],
                [
                    1,
                    -9,
                    5
                ],
                [
                    -1,
                    -2,
                    -5
                ],
                [
                    -5,
                    2,
                    8
                ],
                [
                    10,
                    7,
                    -5
                ],
                [
                    -2,
                    4,
                    -1
                ],
                [
                    6,
                    -1,
                    -8
                ],
                [
                    -3,
                    -9,
                    8
                ],
                [
                    1,
                    -5,
                    4
                ],
                [
                    10,
                    -7,
                    -4
                ],
                [
                    8,
                    -6,
                    -1
                ],
                [
                    1,
                    -2,
                    5
                ],
                [
                    -6,
                    5,
                    8
                ],
                [
                    -4,
                    -10,
                    2
                ],
                [
                    -3,
                    -6,
                    -5
                ],
                [
                    2,
                    6,
                    -8
                ],
                [
                    -8,
                    4,
                    -5
                ],
                [
                    4,
                    -2,
                    7
                ],
                [
                    -3,
                    10,
                    -6
                ],
                [
                    -8,
                    1,
                    -3
                ],
                [
                    -10,
                    7,
                    3
                ],
                [
                    -10,
                    8,
                    -3
                ],
                [
                    4,
                    -5,
                    9
                ],
                [
                    3,
                    -2,
                    -10
                ],
                [
                    -5,
                    3,
                    7
                ],
                [
                    3,
                    10,
                    -9
                ],
                [
                    6,
                    8,
                    -10
                ],
                [
                    -9,
                    5,
                    -8
                ],
                [
                    9,
                    3,
                    7
                ]
            ],
            "{   'fun': 5.69,\n    'jac': None,\n    'nfev': 425,\n    'nit': 3,\n    'njev': 25,\n    'x': array([1.39819372, 0.73956471, 2.73796482, 0.46117425, 0.65115449,\n       0.01888567, 0.20752706, 2.72924341, 2.92905084, 1.83223257,\n       3.12973129, 0.37838469, 2.59958581, 2.28173965, 2.97558626,\n       0.1452508 ])}",
            {
                "1110110010": 1,
                "1011010110": 1,
                "1000000011": 1,
                "0101001000": 1,
                "0101101110": 1,
                "0010000100": 1,
                "0001110000": 1,
                "1100110000": 2,
                "1101111001": 1,
                "1001011110": 1,
                "1000100011": 1,
                "1000001110": 1,
                "1011111111": 1,
                "0110010100": 2,
                "0011011000": 1,
                "0110011000": 1,
                "1011000110": 1,
                "1100000000": 2,
                "1001101001": 1,
                "1110000010": 1,
                "1110000110": 1,
                "1010010100": 1,
                "0010010001": 2,
                "1001100110": 1,
                "0111110001": 1,
                "0000100100": 1,
                "0001100101": 1,
                "1110111011": 1,
                "0100100110": 1,
                "0010100001": 1,
                "0010000110": 1,
                "1111000010": 4,
                "0100111001": 1,
                "1111010000": 1,
                "0001110110": 1,
                "0111111100": 1,
                "0100010001": 1,
                "0111000011": 1,
                "1001111111": 1,
                "1101111010": 1,
                "1101010000": 1,
                "1000010111": 1,
                "0110111110": 2,
                "0001011001": 1,
                "1111011001": 1,
                "0011111111": 1,
                "0001101011": 1,
                "1001110001": 1,
                "0010111001": 1,
                "1100010110": 1,
                "0010100100": 1,
                "1011101111": 1,
                "0011110100": 1,
                "1101010111": 1,
                "1001010011": 2,
                "0001100010": 1,
                "0101000000": 1,
                "0101111110": 2,
                "0110001010": 1,
                "0111010011": 1,
                "0100111010": 1,
                "0000101000": 1,
                "0111101110": 2,
                "0101010110": 1,
                "1011000001": 1,
                "0111111001": 1,
                "1000111001": 1,
                "1001101100": 1,
                "1110101010": 1,
                "0110100001": 1,
                "0010011011": 1,
                "1101000000": 1,
                "0110110011": 1,
                "0111011110": 1,
                "0000000011": 2,
                "1100010000": 1,
                "1011001000": 1,
                "1000111011": 1,
                "1010011111": 1,
                "0111101000": 1,
                "0010001101": 1,
                "0101111010": 1,
                "1111101010": 1,
                "0111010101": 1,
                "0001000110": 1,
                "1111110100": 1,
                "1010100001": 1,
                "1100001000": 1
            },
            false,
            4.86
        ],
        [
            [
                [
                    2,
                    -6,
                    10
                ],
                [
                    1,
                    9,
                    7
                ],
                [
                    -8,
                    3,
                    7
                ],
                [
                    -4,
                    9,
                    2
                ],
                [
                    6,
                    -3,
                    7
                ],
                [
                    10,
                    -9,
                    -5
                ],
                [
                    2,
                    7,
                    10
                ],
                [
                    2,
                    -1,
                    -9
                ],
                [
                    -10,
                    8,
                    -3
                ],
                [
                    9,
                    8,
                    -10
                ],
                [
                    -5,
                    -3,
                    -2
                ],
                [
                    8,
                    4,
                    3
                ],
                [
                    2,
                    -1,
                    4
                ],
                [
                    -1,
                    -8,
                    7
                ],
                [
                    10,
                    1,
                    3
                ],
                [
                    -2,
                    4,
                    1
                ],
                [
                    3,
                    -10,
                    -6
                ],
                [
                    -9,
                    -3,
                    7
                ],
                [
                    -9,
                    -8,
                    7
                ],
                [
                    5,
                    -10,
                    -4
                ],
                [
                    4,
                    -1,
                    3
                ],
                [
                    -6,
                    10,
                    2
                ],
                [
                    7,
                    8,
                    4
                ],
                [
                    -10,
                    -8,
                    1
                ],
                [
                    1,
                    8,
                    2
                ],
                [
                    -3,
                    -9,
                    -1
                ],
                [
                    -2,
                    -10,
                    -9
                ],
                [
                    4,
                    -7,
                    -6
                ],
                [
                    -4,
                    8,
                    5
                ],
                [
                    4,
                    5,
                    -3
                ],
                [
                    2,
                    -5,
                    3
                ],
                [
                    6,
                    -10,
                    8
                ],
                [
                    4,
                    3,
                    8
                ],
                [
                    10,
                    -6,
                    -8
                ],
                [
                    6,
                    -2,
                    -3
                ],
                [
                    -5,
                    -4,
                    -2
                ],
                [
                    -4,
                    -3,
                    10
                ],
                [
                    8,
                    -10,
                    1
                ],
                [
                    -10,
                    -6,
                    5
                ],
                [
                    6,
                    10,
                    -4
                ],
                [
                    -9,
                    -5,
                    -8
                ],
                [
                    10,
                    -6,
                    5
                ],
                [
                    -10,
                    7,
                    -9
                ],
                [
                    1,
                    8,
                    7
                ],
                [
                    6,
                    5,
                    10
                ]
            ],
            "{   'fun': 5.46,\n    'jac': None,\n    'nfev': 391,\n    'nit': 2,\n    'njev': 23,\n    'x': array([0.38825723, 0.13096289, 2.92481214, 0.59288675, 0.88243217,\n       1.49337954, 1.68895185, 1.69995458, 2.15790908, 2.53791681,\n       2.03784188, 1.73961136, 2.35229417, 1.17546901, 1.22510709,\n       1.31621132])}",
            {
                "1000011010": 1,
                "0010010101": 1,
                "1101101100": 1,
                "0010111110": 1,
                "0011010000": 1,
                "0101100011": 1,
                "1110101011": 1,
                "1001111110": 1,
                "1011101100": 1,
                "1110001001": 1,
                "0110010111": 1,
                "1111101111": 1,
                "1010101111": 1,
                "1000100110": 1,
                "0011011011": 1,
                "0001101000": 1,
                "1100001010": 1,
                "1111110110": 1,
                "0001111010": 1,
                "0101010100": 1,
                "1101001111": 1,
                "1010010101": 1,
                "0011111010": 2,
                "1000100000": 1,
                "1001011011": 1,
                "0100001000": 1,
                "0010110010": 1,
                "0000010101": 2,
                "0011001010": 1,
                "1101101001": 1,
                "1110100001": 1,
                "0000111111": 1,
                "0001110101": 1,
                "0011101001": 1,
                "0110110010": 1,
                "1010110000": 1,
                "0010101110": 1,
                "1110110101": 1,
                "0010110110": 1,
                "0110110001": 1,
                "1100010001": 1,
                "0100000101": 1,
                "0000101001": 1,
                "0110011001": 1,
                "1001001110": 1,
                "1001001001": 1,
                "0110000100": 1,
                "1001100010": 1,
                "0110111011": 1,
                "0100001100": 1,
                "0001011000": 1,
                "0001110000": 1,
                "1100011011": 1,
                "1000011011": 1,
                "0000010111": 1,
                "1010100001": 1,
                "1110001110": 1,
                "0101000001": 1,
                "1010110011": 1,
                "1000111111": 1,
                "0111100111": 1,
                "1111011001": 1,
                "0000111000": 1,
                "0010101111": 1,
                "1101011100": 1,
                "0011010011": 2,
                "0110101000": 1,
                "0011101010": 1,
                "1110111110": 2,
                "1010110001": 1,
                "1111010000": 2,
                "1110111101": 1,
                "0100101110": 1,
                "1000101111": 1,
                "0111001010": 1,
                "0010011011": 2,
                "1101000000": 1,
                "0010011000": 3,
                "1110010010": 1,
                "0010000100": 1,
                "1111111110": 1,
                "1000010010": 1,
                "1011001101": 1,
                "0111011000": 1,
                "0111110000": 1,
                "1111011011": 1,
                "0011010101": 1,
                "0101100110": 1,
                "0100001011": 1,
                "0010100100": 1,
                "1000010111": 1,
                "0110101001": 1
            },
            false,
            4.77
        ],
        [
            [
                [
                    10,
                    -8,
                    7
                ],
                [
                    -1,
                    7,
                    -5
                ],
                [
                    10,
                    4,
                    -8
                ],
                [
                    3,
                    -4,
                    2
                ],
                [
                    4,
                    2,
                    8
                ],
                [
                    -2,
                    7,
                    -10
                ],
                [
                    -8,
                    6,
                    1
                ],
                [
                    9,
                    -2,
                    -1
                ],
                [
                    -5,
                    2,
                    7
                ],
                [
                    3,
                    -9,
                    7
                ],
                [
                    10,
                    -9,
                    -6
                ],
                [
                    -4,
                    7,
                    -3
                ],
                [
                    -7,
                    1,
                    -4
                ],
                [
                    -1,
                    -6,
                    8
                ],
                [
                    1,
                    -4,
                    -2
                ],
                [
                    -6,
                    -4,
                    9
                ],
                [
                    10,
                    -4,
                    -7
                ],
                [
                    -5,
                    1,
                    -4
                ],
                [
                    -3,
                    -6,
                    2
                ],
                [
                    -8,
                    9,
                    -2
                ],
                [
                    4,
                    -10,
                    5
                ],
                [
                    -2,
                    -10,
                    5
                ],
                [
                    5,
                    -3,
                    -2
                ],
                [
                    8,
                    10,
                    -9
                ],
                [
                    4,
                    -1,
                    -8
                ],
                [
                    -10,
                    -9,
                    -7
                ],
                [
                    6,
                    10,
                    -3
                ],
                [
                    7,
                    3,
                    4
                ],
                [
                    -1,
                    -6,
                    8
                ],
                [
                    -4,
                    3,
                    -10
                ],
                [
                    -2,
                    7,
                    4
                ],
                [
                    10,
                    -4,
                    5
                ],
                [
                    -9,
                    1,
                    2
                ],
                [
                    8,
                    -6,
                    -10
                ],
                [
                    -3,
                    -2,
                    5
                ],
                [
                    -2,
                    7,
                    -4
                ],
                [
                    1,
                    -2,
                    -5
                ],
                [
                    10,
                    2,
                    -9
                ],
                [
                    1,
                    6,
                    -7
                ],
                [
                    8,
                    7,
                    -4
                ],
                [
                    -4,
                    -7,
                    -10
                ],
                [
                    5,
                    -1,
                    -8
                ],
                [
                    5,
                    4,
                    -1
                ],
                [
                    6,
                    5,
                    10
                ],
                [
                    -5,
                    -1,
                    4
                ]
            ],
            "{   'fun': 5.51,\n    'jac': None,\n    'nfev': 408,\n    'nit': 3,\n    'njev': 24,\n    'x': array([0.35472928, 2.617231  , 3.03933135, 2.68276145, 0.7273159 ,\n       2.81837521, 2.73259204, 0.19610627, 2.05206985, 2.65844034,\n       2.41521754, 2.09554623, 2.05940137, 1.43589309, 1.40836562,\n       1.16236438])}",
            {
                "1000000001": 1,
                "0010011011": 1,
                "0101001010": 1,
                "1101100111": 1,
                "0100001111": 1,
                "1001111001": 1,
                "1001110011": 1,
                "1001011011": 1,
                "0100001100": 1,
                "1100101000": 1,
                "0111001100": 1,
                "1100011100": 1,
                "1010010000": 1,
                "1110110101": 1,
                "1101001110": 1,
                "1001001001": 1,
                "0110100111": 1,
                "1001100101": 1,
                "0100001101": 1,
                "0000100011": 2,
                "0000111110": 1,
                "0111001011": 1,
                "1001100110": 1,
                "0000011110": 1,
                "1101100101": 1,
                "0011101100": 1,
                "0001011010": 1,
                "0110101110": 1,
                "0101100010": 1,
                "0001010001": 1,
                "1010100011": 1,
                "0011110110": 1,
                "1101011010": 2,
                "1110010010": 1,
                "0100010010": 1,
                "1010110101": 1,
                "1000101010": 1,
                "1000111101": 1,
                "1000010111": 1,
                "0001101110": 1,
                "1111100001": 1,
                "1110001011": 1,
                "1100110111": 1,
                "0000000010": 1,
                "0001111001": 1,
                "1111110011": 1,
                "1111111110": 1,
                "0110100101": 1,
                "1111110010": 1,
                "0010101011": 1,
                "1010000111": 1,
                "1010110110": 1,
                "0101010100": 1,
                "0000011001": 2,
                "0100111011": 3,
                "1111100011": 1,
                "0111111100": 1,
                "1011111110": 1,
                "0100010100": 1,
                "1010101000": 1,
                "0111101100": 1,
                "0100100101": 1,
                "0100101100": 1,
                "0100011011": 1,
                "1011011011": 1,
                "0111010001": 1,
                "1001110110": 1,
                "1010111100": 1,
                "0111100111": 2,
                "1001010100": 1,
                "0011100111": 1,
                "1011001101": 1,
                "1000010010": 1,
                "0101000011": 1,
                "0100100011": 1,
                "1101001100": 1,
                "0101100000": 1,
                "1000101110": 1,
                "0111110101": 1,
                "1000110000": 1,
                "1000001110": 1,
                "1010011111": 1,
                "1111011101": 1,
                "1101011100": 1,
                "1100100101": 1,
                "0111011001": 1,
                "0101010111": 1,
                "1111010011": 2,
                "0100011000": 1,
                "1101101110": 1,
                "0010011101": 1,
                "0100000110": 1,
                "1000111111": 1
            },
            false,
            4.79
        ],
        [
            [
                [
                    10,
                    -2,
                    -4
                ],
                [
                    9,
                    3,
                    -7
                ],
                [
                    -9,
                    1,
                    -5
                ],
                [
                    -3,
                    -10,
                    7
                ],
                [
                    -7,
                    -3,
                    -8
                ],
                [
                    8,
                    10,
                    5
                ],
                [
                    3,
                    -6,
                    -8
                ],
                [
                    1,
                    3,
                    -2
                ],
                [
                    -7,
                    6,
                    5
                ],
                [
                    -7,
                    1,
                    5
                ],
                [
                    5,
                    -3,
                    4
                ],
                [
                    -2,
                    6,
                    3
                ],
                [
                    -2,
                    -9,
                    -5
                ],
                [
                    -8,
                    -1,
                    -2
                ],
                [
                    -5,
                    6,
                    -1
                ],
                [
                    -10,
                    8,
                    7
                ],
                [
                    4,
                    -10,
                    -8
                ],
                [
                    5,
                    4,
                    8
                ],
                [
                    5,
                    6,
                    1
                ],
                [
                    4,
                    1,
                    7
                ],
                [
                    -7,
                    4,
                    -3
                ],
                [
                    -7,
                    -3,
                    1
                ],
                [
                    -3,
                    -2,
                    1
                ],
                [
                    1,
                    10,
                    4
                ],
                [
                    -6,
                    5,
                    4
                ],
                [
                    5,
                    -9,
                    4
                ],
                [
                    -2,
                    -6,
                    -5
                ],
                [
                    9,
                    3,
                    -5
                ],
                [
                    9,
                    -5,
                    -2
                ],
                [
                    -2,
                    -4,
                    3
                ],
                [
                    -8,
                    -4,
                    5
                ],
                [
                    6,
                    -5,
                    7
                ],
                [
                    6,
                    9,
                    10
                ],
                [
                    -9,
                    -2,
                    5
                ],
                [
                    1,
                    2,
                    3
                ],
                [
                    -3,
                    5,
                    -4
                ],
                [
                    10,
                    -5,
                    6
                ],
                [
                    -6,
                    -10,
                    -4
                ],
                [
                    -2,
                    -8,
                    -4
                ],
                [
                    -4,
                    -1,
                    8
                ],
                [
                    -6,
                    1,
                    -3
                ],
                [
                    -9,
                    8,
                    -6
                ],
                [
                    6,
                    -5,
                    -1
                ],
                [
                    4,
                    3,
                    5
                ],
                [
                    9,
                    -4,
                    2
                ]
            ],
            "{   'fun': 5.52,\n    'jac': None,\n    'nfev': 612,\n    'nit': 4,\n    'njev': 36,\n    'x': array([1.77513425, 1.13345196, 1.56542828, 1.28398266, 1.20001069,\n       0.03859429, 0.15431355, 0.8549745 , 2.2490841 , 3.03118246,\n       2.57651411, 1.47677934, 0.69477807, 0.75391618, 2.03831032,\n       2.32436415])}",
            {
                "1001001101": 1,
                "0001010001": 1,
                "0100001111": 1,
                "0000111011": 1,
                "1000100111": 1,
                "1101100100": 1,
                "1110001000": 1,
                "1111001011": 1,
                "1101000001": 1,
                "1110101011": 1,
                "0000111001": 1,
                "0010101011": 1,
                "1101100101": 1,
                "0000100011": 1,
                "1011100000": 1,
                "1100001000": 1,
                "1001001110": 1,
                "0100011100": 1,
                "1011101010": 1,
                "1001100010": 1,
                "0010110111": 2,
                "0000010001": 1,
                "1111110001": 1,
                "1100011100": 1,
                "0011100101": 1,
                "1001100100": 1,
                "1100011011": 1,
                "1100000001": 2,
                "0010111010": 1,
                "1010000010": 1,
                "1000000110": 1,
                "0101010011": 1,
                "1000110101": 1,
                "1000100000": 1,
                "1010010101": 2,
                "0011011000": 1,
                "1110101110": 2,
                "1111101010": 1,
                "1111001110": 1,
                "0010100001": 2,
                "1110110010": 1,
                "0101110011": 1,
                "1010011000": 1,
                "1011110001": 1,
                "1110010100": 1,
                "1001000001": 1,
                "0111101111": 1,
                "1111101100": 1,
                "0001100110": 1,
                "1111111101": 2,
                "1010100001": 1,
                "0100101001": 1,
                "1111011000": 1,
                "1101110101": 1,
                "1001110010": 1,
                "1011010001": 1,
                "0011100110": 1,
                "0000110010": 1,
                "1100010000": 1,
                "0100001011": 1,
                "0011111000": 1,
                "1101011101": 1,
                "1110101100": 1,
                "0101101010": 1,
                "1011111100": 1,
                "0010000101": 1,
                "1001011000": 1,
                "1010100010": 1,
                "0111111011": 1,
                "1011111101": 1,
                "0101000010": 1,
                "0000001110": 1,
                "0001110011": 1,
                "0011101100": 1,
                "0101100111": 1,
                "0010111100": 1,
                "0110000111": 1,
                "0000010101": 1,
                "1100111010": 1,
                "0101110111": 1,
                "1010001000": 1,
                "0001101010": 1,
                "0100110111": 1,
                "0111010100": 2,
                "1010111001": 1,
                "1001100110": 1,
                "1111010101": 1,
                "0101010101": 2,
                "1111000001": 1,
                "0001111010": 1,
                "1001110101": 1,
                "1011011100": 1
            },
            false,
            4.88
        ]
    ]
}