{
    "n": 10,
    "m": 45,
    "results": [
        [
            [
                [
                    -2,
                    -10,
                    -4
                ],
                [
                    -4,
                    -9,
                    7
                ],
                [
                    5,
                    -7,
                    -10
                ],
                [
                    2,
                    -8,
                    -4
                ],
                [
                    -8,
                    6,
                    1
                ],
                [
                    4,
                    -6,
                    -2
                ],
                [
                    -6,
                    4,
                    -8
                ],
                [
                    -7,
                    -3,
                    -5
                ],
                [
                    4,
                    -3,
                    1
                ],
                [
                    6,
                    -1,
                    9
                ],
                [
                    -10,
                    -4,
                    -9
                ],
                [
                    10,
                    -7,
                    -3
                ],
                [
                    -9,
                    -4,
                    -7
                ],
                [
                    6,
                    -1,
                    8
                ],
                [
                    -3,
                    10,
                    -1
                ],
                [
                    3,
                    -7,
                    4
                ],
                [
                    -2,
                    -4,
                    3
                ],
                [
                    -8,
                    -4,
                    5
                ],
                [
                    -8,
                    -9,
                    10
                ],
                [
                    -6,
                    4,
                    9
                ],
                [
                    -5,
                    10,
                    -8
                ],
                [
                    -2,
                    7,
                    10
                ],
                [
                    9,
                    -8,
                    -2
                ],
                [
                    -8,
                    9,
                    5
                ],
                [
                    -2,
                    4,
                    -9
                ],
                [
                    -9,
                    5,
                    4
                ],
                [
                    2,
                    -9,
                    -6
                ],
                [
                    8,
                    -3,
                    1
                ],
                [
                    -3,
                    -9,
                    -2
                ],
                [
                    1,
                    -6,
                    -3
                ],
                [
                    9,
                    -10,
                    5
                ],
                [
                    -8,
                    -1,
                    -6
                ],
                [
                    3,
                    6,
                    -10
                ],
                [
                    5,
                    -1,
                    3
                ],
                [
                    9,
                    -6,
                    3
                ],
                [
                    7,
                    -2,
                    5
                ],
                [
                    7,
                    2,
                    -1
                ],
                [
                    -7,
                    8,
                    2
                ],
                [
                    3,
                    -2,
                    7
                ],
                [
                    -1,
                    -6,
                    -9
                ],
                [
                    -7,
                    -4,
                    1
                ],
                [
                    2,
                    3,
                    -6
                ],
                [
                    -8,
                    -6,
                    1
                ],
                [
                    6,
                    -10,
                    9
                ],
                [
                    -6,
                    7,
                    3
                ]
            ],
            "{   'fun': 5.26,\n    'jac': None,\n    'nfev': 544,\n    'nit': 3,\n    'njev': 32,\n    'x': array([1.68980048, 1.35479616, 0.99759831, 1.57371202, 0.0742082 ,\n       1.51101361, 0.74023562, 1.79350826, 0.11335271, 0.6426757 ,\n       2.001119  , 0.46956598, 1.40042969, 0.4234327 , 1.58876697,\n       2.81906258])}",
            {
                "1100011001": 1,
                "1010010100": 1,
                "0010100111": 1,
                "1110100111": 1,
                "0101100101": 1,
                "1000000101": 1,
                "1110000111": 1,
                "1110101001": 1,
                "1110000110": 1,
                "1101000011": 1,
                "1010011111": 1,
                "0110011100": 1,
                "1100000101": 1,
                "0100000111": 1,
                "1110101000": 1,
                "0000110110": 1,
                "1010011110": 1,
                "0001011111": 1,
                "1100101111": 1,
                "1110000001": 1,
                "1001111010": 1,
                "0011111010": 1,
                "0100100001": 1,
                "0000101010": 1,
                "0111000011": 1,
                "1101000111": 1,
                "0001101001": 1,
                "0101011110": 1,
                "1010010011": 2,
                "1111010110": 1,
                "1011001001": 1,
                "1011000100": 1,
                "0001001001": 1,
                "0010101110": 1,
                "1010001000": 1,
                "0000110111": 1,
                "0000111100": 1,
                "0001000111": 1,
                "0110110100": 1,
                "0011011100": 1,
                "0001110100": 1,
                "1000110100": 1,
                "0000111001": 1,
                "0001101110": 1,
                "1100011111": 1,
                "1011110111": 1,
                "1010001001": 1,
                "0010001110": 2,
                "0011011110": 1,
                "0001110000": 1,
                "1111100101": 1,
                "0100001000": 1,
                "1100000000": 1,
                "1001000011": 1,
                "0011000010": 1,
                "0100111011": 2,
                "0110101011": 1,
                "0001010001": 1,
                "1111011100": 1,
                "0101111100": 1,
                "1111110100": 1,
                "1000111000": 1,
                "1001010100": 1,
                "0101011100": 1,
                "0101001001": 1,
                "1101010010": 1,
                "1111000010": 1,
                "0001011100": 1,
                "0011000011": 1,
                "1000001110": 1,
                "1001000111": 1,
                "1111010001": 1,
                "1111110001": 1,
                "1001000010": 1,
                "0101001101": 1,
                "1001111011": 1,
                "0001010000": 1,
                "1010010110": 1,
                "0000011011": 1,
                "1000111001": 1,
                "0101001100": 1,
                "0111001001": 1,
                "1101011111": 1,
                "0000000110": 1,
                "1100001010": 1,
                "1110101111": 1,
                "1001110111": 1,
                "0001000010": 1,
                "1111111111": 1,
                "1001111110": 1,
                "0010101011": 1,
                "0110011000": 1,
                "0011101010": 2,
                "1001100000": 1,
                "0100101110": 1,
                "1000000111": 1
            },
            false,
            4.87
        ],
        [
            [
                [
                    2,
                    1,
                    7
                ],
                [
                    3,
                    -5,
                    1
                ],
                [
                    -3,
                    -1,
                    -10
                ],
                [
                    9,
                    -8,
                    7
                ],
                [
                    4,
                    1,
                    5
                ],
                [
                    -1,
                    5,
                    -3
                ],
                [
                    -2,
                    8,
                    -3
                ],
                [
                    -7,
                    -2,
                    4
                ],
                [
                    5,
                    9,
                    -8
                ],
                [
                    -2,
                    -7,
                    3
                ],
                [
                    -3,
                    -1,
                    -2
                ],
                [
                    3,
                    -10,
                    -5
                ],
                [
                    8,
                    5,
                    -9
                ],
                [
                    -1,
                    -5,
                    3
                ],
                [
                    10,
                    7,
                    2
                ],
                [
                    1,
                    -10,
                    2
                ],
                [
                    -4,
                    5,
                    -6
                ],
                [
                    -7,
                    3,
                    -10
                ],
                [
                    4,
                    2,
                    7
                ],
                [
                    -3,
                    9,
                    5
                ],
                [
                    6,
                    3,
                    2
                ],
                [
                    -3,
                    -5,
                    10
                ],
                [
                    -10,
                    -5,
                    4
                ],
                [
                    -6,
                    2,
                    -4
                ],
                [
                    -2,
                    9,
                    1
                ],
                [
                    8,
                    7,
                    4
                ],
                [
                    -6,
                    10,
                    7
                ],
                [
                    -10,
                    -8,
                    9
                ],
                [
                    2,
                    10,
                    8
                ],
                [
                    -10,
                    8,
                    3
                ],
                [
                    5,
                    2,
                    7
                ],
                [
                    9,
                    -4,
                    -5
                ],
                [
                    4,
                    -2,
                    10
                ],
                [
                    8,
                    1,
                    -5
                ],
                [
                    10,
                    -5,
                    1
                ],
                [
                    -3,
                    -7,
                    5
                ],
                [
                    4,
                    -5,
                    9
                ],
                [
                    -5,
                    4,
                    1
                ],
                [
                    -1,
                    7,
                    -6
                ],
                [
                    7,
                    6,
                    -8
                ],
                [
                    5,
                    -7,
                    -3
                ],
                [
                    -8,
                    -2,
                    5
                ],
                [
                    -3,
                    5,
                    -4
                ],
                [
                    9,
                    7,
                    -8
                ],
                [
                    10,
                    -8,
                    5
                ]
            ],
            "{   'fun': 5.64,\n    'jac': None,\n    'nfev': 476,\n    'nit': 3,\n    'njev': 28,\n    'x': array([2.21042625, 0.28247969, 0.67675557, 2.93531982, 1.93736223,\n       2.7231211 , 2.90185815, 2.05306416, 0.5816385 , 2.08296145,\n       1.46272139, 0.99884177, 2.19265443, 1.11381181, 0.98094441,\n       1.39259749])}",
            {
                "0110001110": 1,
                "0011110111": 1,
                "1101111000": 1,
                "1110000100": 1,
                "0010000100": 1,
                "1010100111": 1,
                "0001001110": 1,
                "1001001001": 1,
                "1011101001": 1,
                "0100010001": 1,
                "0000101111": 1,
                "1111101001": 1,
                "0100111011": 1,
                "1110001001": 1,
                "0011110010": 1,
                "0100111111": 1,
                "1101111001": 1,
                "0111000011": 1,
                "1111011110": 1,
                "0001100011": 1,
                "0110101111": 1,
                "0111000110": 1,
                "1010000011": 1,
                "0011111000": 1,
                "1000100111": 1,
                "1001100000": 1,
                "0100011101": 1,
                "1001101010": 1,
                "1110110001": 1,
                "1010001001": 1,
                "1100011101": 1,
                "1110110010": 2,
                "0110011001": 2,
                "0110111100": 1,
                "0110010100": 1,
                "0110001001": 1,
                "0101010110": 1,
                "0010100000": 1,
                "0110010011": 1,
                "0110011110": 1,
                "1000111000": 1,
                "1000110101": 1,
                "0100111100": 1,
                "1110001010": 1,
                "0000101110": 1,
                "1010010101": 1,
                "1010001110": 1,
                "0000111110": 1,
                "0101110100": 1,
                "1111000011": 1,
                "1111010001": 1,
                "1100100101": 1,
                "0001111000": 1,
                "1110110100": 1,
                "0011011011": 1,
                "0101101101": 1,
                "1011000110": 1,
                "0101110001": 1,
                "1000111110": 1,
                "1010100011": 2,
                "0001010001": 1,
                "1101010100": 1,
                "0111001010": 1,
                "0100111101": 1,
                "1100010110": 1,
                "1010011001": 1,
                "1011111010": 1,
                "1101100011": 1,
                "0010010111": 1,
                "0101001010": 1,
                "0100001011": 2,
                "1000011100": 1,
                "0011001100": 1,
                "1101001010": 2,
                "1010010001": 2,
                "0101000010": 1,
                "0101101100": 2,
                "1000110100": 1,
                "0010101000": 1,
                "1100011111": 1,
                "1100000100": 1,
                "0000010111": 1,
                "1101101011": 1,
                "0110101000": 1,
                "1110111110": 1,
                "0010111101": 1,
                "1100101011": 1,
                "1100000001": 2,
                "0100011100": 1,
                "1111101110": 1,
                "0101001001": 1,
                "0011100001": 1
            },
            false,
            4.71
        ],
        [
            [
                [
                    -10,
                    1,
                    3
                ],
                [
                    10,
                    1,
                    5
                ],
                [
                    6,
                    10,
                    9
                ],
                [
                    1,
                    2,
                    7
                ],
                [
                    -4,
                    -6,
                    -3
                ],
                [
                    8,
                    -6,
                    1
                ],
                [
                    4,
                    -6,
                    -2
                ],
                [
                    1,
                    2,
                    -10
                ],
                [
                    -9,
                    3,
                    -1
                ],
                [
                    -5,
                    3,
                    -6
                ],
                [
                    -7,
                    8,
                    9
                ],
                [
                    8,
                    2,
                    5
                ],
                [
                    -10,
                    -8,
                    2
                ],
                [
                    8,
                    5,
                    -3
                ],
                [
                    6,
                    -1,
                    -4
                ],
                [
                    -4,
                    1,
                    -7
                ],
                [
                    -2,
                    -7,
                    8
                ],
                [
                    -8,
                    1,
                    -6
                ],
                [
                    -3,
                    -5,
                    6
                ],
                [
                    -9,
                    -3,
                    10
                ],
                [
                    9,
                    4,
                    6
                ],
                [
                    7,
                    -9,
                    -4
                ],
                [
                    -3,
                    -9,
                    8
                ],
                [
                    -8,
                    -5,
                    9
                ],
                [
                    -5,
                    1,
                    -6
                ],
                [
                    -9,
                    2,
                    -4
                ],
                [
                    1,
                    -9,
                    -8
                ],
                [
                    8,
                    -6,
                    5
                ],
                [
                    3,
                    7,
                    2
                ],
                [
                    4,
                    7,
                    5
                ],
                [
                    9,
                    -2,
                    10
                ],
                [
                    -8,
                    -3,
                    -6
                ],
                [
                    3,
                    5,
                    -8
                ],
                [
                    -1,
                    10,
                    2
                ],
                [
                    9,
                    -3,
                    5
                ],
                [
                    -9,
                    -4,
                    -5
                ],
                [
                    5,
                    -4,
                    7
                ],
                [
                    7,
                    -8,
                    -6
                ],
                [
                    10,
                    -2,
                    -6
                ],
                [
                    -6,
                    -8,
                    -5
                ],
                [
                    -7,
                    9,
                    -6
                ],
                [
                    -2,
                    9,
                    3
                ],
                [
                    5,
                    -4,
                    -8
                ],
                [
                    5,
                    -1,
                    -3
                ],
                [
                    -1,
                    -3,
                    8
                ]
            ],
            "{   'fun': 5.38,\n    'jac': None,\n    'nfev': 408,\n    'nit': 2,\n    'njev': 24,\n    'x': array([0.5103535 , 2.2684115 , 3.05221619, 0.27119987, 3.04281889,\n       1.30942072, 2.68907112, 1.76116371, 1.01632575, 0.02124618,\n       0.63653499, 3.06642747, 2.57045774, 2.49683408, 0.45139818,\n       2.75552278])}",
            {
                "0100111100": 1,
                "0001111110": 1,
                "0110000110": 1,
                "1000110010": 1,
                "1001011111": 1,
                "1000011101": 1,
                "1001000000": 1,
                "0100100101": 1,
                "1100100010": 1,
                "0100101000": 1,
                "1001100000": 2,
                "0010100100": 1,
                "0110100001": 1,
                "0001011111": 1,
                "0010001011": 1,
                "0110010011": 2,
                "1110110010": 1,
                "1000111111": 1,
                "1010101111": 1,
                "1111000111": 1,
                "1110101100": 1,
                "0111000001": 1,
                "1010001111": 1,
                "0110100101": 1,
                "1111100011": 1,
                "1100011011": 1,
                "1111101111": 1,
                "0100111111": 1,
                "0101111001": 1,
                "1011001000": 1,
                "0010110001": 1,
                "1110001000": 1,
                "1101000011": 1,
                "1100001100": 1,
                "0000100100": 1,
                "0101101001": 1,
                "0111001011": 1,
                "0000100010": 2,
                "1000010111": 1,
                "0111101100": 2,
                "0011001100": 1,
                "1100100111": 2,
                "0110110010": 1,
                "0011010001": 1,
                "0101001100": 1,
                "0000001000": 1,
                "0011100101": 1,
                "0100010001": 2,
                "1101000001": 1,
                "0000000010": 1,
                "1101011000": 1,
                "0100011010": 1,
                "0101011100": 1,
                "1010000000": 1,
                "0111011100": 1,
                "1101001110": 1,
                "0110111111": 1,
                "1100001110": 1,
                "1010010010": 1,
                "0001111000": 1,
                "1100111001": 1,
                "1110011011": 1,
                "0100001111": 1,
                "0100010111": 1,
                "0100100001": 1,
                "0111101001": 1,
                "0001001011": 1,
                "1101110011": 1,
                "1111110001": 1,
                "1001000010": 1,
                "0100110010": 1,
                "1010111100": 1,
                "0010101110": 1,
                "0001100010": 1,
                "0101011001": 1,
                "1010101010": 1,
                "0110111011": 1,
                "0100011001": 1,
                "1100011111": 1,
                "0011011111": 1,
                "1110100100": 1,
                "1100110011": 1,
                "1111001101": 1,
                "1010111111": 1,
                "0101111101": 1,
                "0111000010": 1,
                "1101001100": 1,
                "1001101001": 1,
                "0100000000": 1,
                "1110101111": 1,
                "1010101001": 2,
                "1101110100": 1,
                "1101101111": 1
            },
            false,
            4.83
        ],
        [
            [
                [
                    3,
                    4,
                    -9
                ],
                [
                    9,
                    6,
                    -10
                ],
                [
                    3,
                    -4,
                    -2
                ],
                [
                    -6,
                    3,
                    -4
                ],
                [
                    5,
                    6,
                    7
                ],
                [
                    9,
                    7,
                    5
                ],
                [
                    -6,
                    -3,
                    -8
                ],
                [
                    -1,
                    -7,
                    8
                ],
                [
                    6,
                    -10,
                    7
                ],
                [
                    -2,
                    9,
                    -4
                ],
                [
                    -8,
                    -10,
                    4
                ],
                [
                    6,
                    1,
                    10
                ],
                [
                    -4,
                    8,
                    -9
                ],
                [
                    1,
                    8,
                    10
                ],
                [
                    -2,
                    6,
                    -10
                ],
                [
                    -6,
                    -2,
                    10
                ],
                [
                    10,
                    6,
                    -9
                ],
                [
                    -5,
                    -1,
                    -8
                ],
                [
                    10,
                    4,
                    -5
                ],
                [
                    6,
                    -2,
                    -7
                ],
                [
                    10,
                    -1,
                    5
                ],
                [
                    -7,
                    -4,
                    10
                ],
                [
                    2,
                    10,
                    -6
                ],
                [
                    -4,
                    7,
                    -10
                ],
                [
                    8,
                    5,
                    3
                ],
                [
                    2,
                    3,
                    6
                ],
                [
                    -3,
                    -7,
                    1
                ],
                [
                    4,
                    2,
                    10
                ],
                [
                    6,
                    -2,
                    3
                ],
                [
                    -10,
                    -4,
                    -9
                ],
                [
                    6,
                    -3,
                    -1
                ],
                [
                    -8,
                    -7,
                    -4
                ],
                [
                    3,
                    -5,
                    -8
                ],
                [
                    -3,
                    -6,
                    7
                ],
                [
                    1,
                    -10,
                    -2
                ],
                [
                    -3,
                    -8,
                    -2
                ],
                [
                    -1,
                    5,
                    -4
                ],
                [
                    4,
                    3,
                    1
                ],
                [
                    -2,
                    3,
                    -9
                ],
                [
                    -10,
                    7,
                    5
                ],
                [
                    6,
                    -3,
                    -5
                ],
                [
                    9,
                    -5,
                    -2
                ],
                [
                    -6,
                    -10,
                    -9
                ],
                [
                    -2,
                    -5,
                    8
                ],
                [
                    9,
                    -7,
                    -8
                ]
            ],
            "{   'fun': 5.86,\n    'jac': None,\n    'nfev': 391,\n    'nit': 2,\n    'njev': 23,\n    'x': array([2.1292833 , 2.19548949, 0.75667114, 0.5868012 , 3.11687957,\n       0.28571521, 0.286224  , 2.40393502, 0.90792873, 2.04599323,\n       1.48370788, 1.29345401, 0.6947444 , 1.5566741 , 2.8609226 ,\n       1.30557666])}",
            {
                "1100110111": 1,
                "1101101110": 1,
                "1000111111": 1,
                "1110110010": 1,
                "1001111111": 1,
                "1001001000": 1,
                "1000010101": 1,
                "0100110010": 1,
                "1010001100": 1,
                "0111100101": 1,
                "1011100000": 1,
                "1100000010": 1,
                "0101111110": 1,
                "1011100001": 1,
                "0111001011": 2,
                "1010011001": 1,
                "1110011011": 1,
                "0011100101": 1,
                "1100110101": 1,
                "0000100110": 2,
                "1100011101": 1,
                "1010000011": 1,
                "1010110101": 1,
                "1011111110": 1,
                "0010001010": 1,
                "0011101000": 1,
                "1101111000": 1,
                "1000110000": 1,
                "1101101001": 1,
                "0101010111": 1,
                "0010010101": 1,
                "1100110000": 1,
                "0101101001": 1,
                "1000111110": 1,
                "1010010110": 2,
                "1010011111": 1,
                "1111000101": 1,
                "0001100001": 1,
                "0010011110": 1,
                "0011111011": 1,
                "0001110110": 1,
                "1001001100": 2,
                "0111101010": 1,
                "1000000000": 1,
                "1110001110": 3,
                "0000011111": 1,
                "0111010101": 1,
                "0111001000": 1,
                "1011110110": 1,
                "0101110110": 1,
                "0100000010": 1,
                "1011011010": 1,
                "0111011101": 1,
                "0010101011": 1,
                "0110111101": 1,
                "1011101001": 1,
                "1011001001": 1,
                "0110111100": 1,
                "1100110001": 1,
                "1001101110": 1,
                "1101011110": 1,
                "0000110001": 1,
                "1001011100": 1,
                "1010000101": 1,
                "0000010011": 2,
                "1000000011": 1,
                "0100011111": 1,
                "1100001111": 1,
                "0001110100": 2,
                "1010101111": 2,
                "0101000110": 1,
                "0101100000": 1,
                "1111000000": 1,
                "0100100001": 2,
                "0000010001": 1,
                "1011110000": 1,
                "1010000100": 1,
                "0111110110": 1,
                "1001001111": 1,
                "1100000001": 1,
                "1100101010": 1,
                "0111111001": 1,
                "1001101000": 2,
                "1011000000": 1,
                "0011010101": 1,
                "1001000100": 1,
                "0011110101": 1,
                "0010100001": 1,
                "0110000100": 1
            },
            false,
            4.99
        ],
        [
            [
                [
                    5,
                    7,
                    -8
                ],
                [
                    7,
                    9,
                    2
                ],
                [
                    9,
                    -5,
                    -1
                ],
                [
                    1,
                    9,
                    -2
                ],
                [
                    -3,
                    -1,
                    -6
                ],
                [
                    5,
                    -3,
                    2
                ],
                [
                    -5,
                    4,
                    6
                ],
                [
                    -4,
                    -5,
                    -8
                ],
                [
                    9,
                    4,
                    2
                ],
                [
                    -8,
                    10,
                    -2
                ],
                [
                    5,
                    1,
                    -4
                ],
                [
                    10,
                    2,
                    1
                ],
                [
                    -9,
                    -6,
                    -1
                ],
                [
                    10,
                    -9,
                    8
                ],
                [
                    10,
                    1,
                    8
                ],
                [
                    4,
                    -3,
                    -7
                ],
                [
                    -7,
                    -9,
                    -1
                ],
                [
                    -3,
                    5,
                    2
                ],
                [
                    10,
                    -3,
                    -2
                ],
                [
                    -2,
                    8,
                    9
                ],
                [
                    8,
                    -1,
                    4
                ],
                [
                    1,
                    -9,
                    3
                ],
                [
                    6,
                    -1,
                    7
                ],
                [
                    7,
                    3,
                    8
                ],
                [
                    -9,
                    -8,
                    -3
                ],
                [
                    -2,
                    4,
                    -9
                ],
                [
                    3,
                    6,
                    -9
                ],
                [
                    -7,
                    -4,
                    10
                ],
                [
                    -1,
                    -8,
                    10
                ],
                [
                    7,
                    -8,
                    2
                ],
                [
                    -6,
                    8,
                    1
                ],
                [
                    3,
                    8,
                    -6
                ],
                [
                    4,
                    7,
                    -5
                ],
                [
                    3,
                    10,
                    2
                ],
                [
                    6,
                    3,
                    -7
                ],
                [
                    -4,
                    1,
                    5
                ],
                [
                    6,
                    7,
                    -10
                ],
                [
                    -7,
                    -8,
                    -4
                ],
                [
                    -4,
                    -1,
                    -2
                ],
                [
                    6,
                    1,
                    -9
                ],
                [
                    7,
                    8,
                    -5
                ],
                [
                    2,
                    -4,
                    3
                ],
                [
                    -3,
                    -7,
                    -10
                ],
                [
                    7,
                    -2,
                    1
                ],
                [
                    4,
                    -2,
                    -10
                ]
            ],
            "{   'fun': 5.51,\n    'jac': None,\n    'nfev': 459,\n    'nit': 3,\n    'njev': 27,\n    'x': array([3.07603737, 2.62198773, 1.82712762, 0.9615604 , 1.00635095,\n       0.43652002, 0.13419933, 2.946868  , 1.88323138, 1.02495987,\n       0.89883637, 0.40294331, 2.42423112, 2.60040618, 1.16810642,\n       1.31362451])}",
            {
                "1100001011": 1,
                "1101111001": 1,
                "1010110111": 1,
                "1011001100": 1,
                "0101010111": 1,
                "1011010100": 1,
                "1000010001": 1,
                "0101100010": 1,
                "1100001111": 1,
                "0110001100": 1,
                "1111111011": 1,
                "1010000110": 1,
                "1011101110": 1,
                "0101000010": 1,
                "1011100010": 2,
                "0000011110": 1,
                "1011101011": 2,
                "0100111101": 1,
                "0110101011": 1,
                "0101001100": 1,
                "0111100110": 1,
                "1001101010": 1,
                "1010001111": 2,
                "0011110011": 1,
                "0100110010": 1,
                "1011100101": 1,
                "0001101010": 1,
                "0110001111": 1,
                "0100101011": 1,
                "0101111010": 1,
                "0111111101": 1,
                "0110100101": 1,
                "1111110011": 2,
                "0010011001": 1,
                "1010000101": 1,
                "0101110111": 1,
                "0100001100": 1,
                "0001100011": 1,
                "0110111011": 2,
                "1001110011": 1,
                "0101101110": 1,
                "1001100010": 2,
                "0010111011": 1,
                "1001111001": 2,
                "1001100001": 1,
                "1000100100": 1,
                "1011011001": 1,
                "0110010111": 1,
                "1011111111": 1,
                "1010100000": 2,
                "1110101011": 1,
                "1010101101": 1,
                "0011000100": 1,
                "1010001000": 1,
                "1101001011": 1,
                "0011010100": 1,
                "0000101101": 1,
                "0000111010": 1,
                "0101110000": 1,
                "0010000111": 1,
                "1110001110": 1,
                "0100101001": 1,
                "0110110001": 1,
                "1000100011": 1,
                "1111101011": 2,
                "0001100111": 2,
                "1001101101": 1,
                "1000010111": 1,
                "1001001010": 1,
                "1010100111": 1,
                "0000001111": 1,
                "1110110011": 1,
                "1001001001": 1,
                "1010010011": 1,
                "1000011010": 1,
                "1001110111": 1,
                "1001100000": 1,
                "0001111010": 1,
                "0110110100": 1,
                "1101001010": 2,
                "0010011111": 1,
                "1110111101": 1,
                "0100111011": 2,
                "1101101111": 1,
                "1010000000": 1,
                "1001010100": 1,
                "0101001001": 1,
                "0010101111": 1
            },
            false,
            4.94
        ]
    ]
}