{
    "n": 10,
    "m": 45,
    "results": [
        [
            [
                [
                    -9,
                    -6,
                    -5
                ],
                [
                    -8,
                    -5,
                    -3
                ],
                [
                    -5,
                    3,
                    2
                ],
                [
                    -10,
                    5,
                    6
                ],
                [
                    -2,
                    5,
                    3
                ],
                [
                    -4,
                    1,
                    8
                ],
                [
                    -9,
                    6,
                    4
                ],
                [
                    -3,
                    -7,
                    9
                ],
                [
                    6,
                    -10,
                    7
                ],
                [
                    7,
                    -8,
                    6
                ],
                [
                    6,
                    -1,
                    -7
                ],
                [
                    5,
                    -2,
                    1
                ],
                [
                    2,
                    -8,
                    -5
                ],
                [
                    -7,
                    -10,
                    9
                ],
                [
                    -9,
                    -8,
                    -4
                ],
                [
                    6,
                    1,
                    -10
                ],
                [
                    -3,
                    1,
                    4
                ],
                [
                    7,
                    8,
                    3
                ],
                [
                    -3,
                    6,
                    -7
                ],
                [
                    -5,
                    4,
                    -7
                ],
                [
                    8,
                    -9,
                    7
                ],
                [
                    1,
                    -9,
                    5
                ],
                [
                    5,
                    8,
                    2
                ],
                [
                    -9,
                    10,
                    5
                ],
                [
                    -10,
                    -7,
                    4
                ],
                [
                    2,
                    -7,
                    -5
                ],
                [
                    -5,
                    -7,
                    -3
                ],
                [
                    -4,
                    -8,
                    3
                ],
                [
                    -10,
                    -3,
                    -7
                ],
                [
                    -7,
                    -5,
                    -2
                ],
                [
                    -5,
                    3,
                    2
                ],
                [
                    -5,
                    -2,
                    10
                ],
                [
                    3,
                    7,
                    -6
                ],
                [
                    4,
                    6,
                    -2
                ],
                [
                    2,
                    10,
                    -3
                ],
                [
                    -9,
                    -6,
                    1
                ],
                [
                    -6,
                    7,
                    -10
                ],
                [
                    -7,
                    -8,
                    6
                ],
                [
                    -1,
                    -9,
                    10
                ],
                [
                    2,
                    1,
                    -5
                ],
                [
                    -8,
                    -10,
                    9
                ],
                [
                    4,
                    1,
                    -7
                ],
                [
                    -2,
                    -1,
                    -6
                ],
                [
                    -9,
                    -3,
                    -8
                ],
                [
                    -9,
                    -1,
                    -4
                ]
            ],
            "{   'fun': 1.0,\n    'jac': None,\n    'nfev': 357,\n    'nit': 1,\n    'njev': 21,\n    'x': array([0.99423146, 0.54689211, 0.10931667, 0.87118904, 1.9329132 ,\n       1.39376332, 1.24103798, 2.82472796, 2.49340704, 2.50613212,\n       1.43797073, 1.99464008, 2.42585842, 0.03004599, 0.10068164,\n       1.16096998])}",
            {
                "0010011100": 1,
                "0001111111": 1,
                "1100111010": 1,
                "0011101110": 1,
                "0001100010": 1,
                "0110100010": 1,
                "0101110110": 1,
                "1101011101": 1,
                "0110101011": 1,
                "1101101111": 1,
                "0000101101": 1,
                "1000000001": 1,
                "1100101001": 1,
                "1111110110": 1,
                "1101100010": 1,
                "0100000110": 1,
                "0110011111": 1,
                "1101010110": 1,
                "1101010100": 1,
                "1000110000": 1,
                "1111011010": 1,
                "0010001000": 1,
                "0110111100": 1,
                "0000001000": 1,
                "1110110010": 1,
                "0001110101": 1,
                "0100000111": 1,
                "0101001010": 1,
                "1001101000": 1,
                "1110010111": 1,
                "1000111101": 1,
                "0000000110": 1,
                "0101000101": 1,
                "1101011010": 1,
                "1110101100": 1,
                "1110111011": 1,
                "0000001101": 1,
                "1010110001": 1,
                "0111100001": 2,
                "1100101011": 1,
                "1010111011": 1,
                "1110111001": 2,
                "1001011000": 1,
                "1000111010": 1,
                "0110101111": 1,
                "1011101000": 1,
                "1100111000": 1,
                "0000110100": 1,
                "1100110011": 1,
                "1001010011": 1,
                "1110111110": 1,
                "1110001001": 1,
                "1110111111": 1,
                "1011011100": 1,
                "0110000001": 1,
                "0111001101": 1,
                "1001100101": 1,
                "1010011110": 1,
                "1001011010": 1,
                "0001110110": 2,
                "1010111111": 1,
                "1110011010": 1,
                "1011011001": 1,
                "1000100100": 1,
                "1010000101": 1,
                "1010001001": 1,
                "0000101100": 1,
                "0011000001": 1,
                "1001111100": 1,
                "0000000010": 1,
                "1001000110": 1,
                "1000000011": 1,
                "0001110100": 1,
                "1110100110": 1,
                "0100100101": 1,
                "1001111001": 1,
                "1101000010": 1,
                "0110111101": 1,
                "1110111100": 2,
                "0101001011": 1,
                "0101101000": 1,
                "0000101110": 1,
                "1011011111": 1,
                "0100110001": 1,
                "1011000101": 1,
                "1010010001": 2,
                "0010100101": 1,
                "1100010100": 1,
                "0011010100": 2,
                "1010111000": 1,
                "1001011001": 1,
                "1110111000": 1,
                "1000001111": 1,
                "0101111111": 1
            },
            false,
            0.93
        ],
        [
            [
                [
                    10,
                    8,
                    7
                ],
                [
                    8,
                    7,
                    -9
                ],
                [
                    -1,
                    4,
                    -9
                ],
                [
                    6,
                    -8,
                    -7
                ],
                [
                    5,
                    1,
                    -7
                ],
                [
                    -9,
                    1,
                    5
                ],
                [
                    -1,
                    -7,
                    -6
                ],
                [
                    -1,
                    -4,
                    -8
                ],
                [
                    6,
                    -7,
                    -3
                ],
                [
                    3,
                    -8,
                    -6
                ],
                [
                    7,
                    -5,
                    -8
                ],
                [
                    9,
                    4,
                    -5
                ],
                [
                    -10,
                    -3,
                    -1
                ],
                [
                    9,
                    -3,
                    5
                ],
                [
                    6,
                    -9,
                    3
                ],
                [
                    8,
                    -10,
                    3
                ],
                [
                    -10,
                    -1,
                    -3
                ],
                [
                    9,
                    -3,
                    -4
                ],
                [
                    -10,
                    6,
                    -4
                ],
                [
                    -8,
                    -1,
                    -7
                ],
                [
                    2,
                    -10,
                    1
                ],
                [
                    -1,
                    -3,
                    9
                ],
                [
                    1,
                    -9,
                    7
                ],
                [
                    -3,
                    6,
                    -7
                ],
                [
                    10,
                    -6,
                    2
                ],
                [
                    -3,
                    4,
                    -8
                ],
                [
                    6,
                    -4,
                    -3
                ],
                [
                    10,
                    -3,
                    8
                ],
                [
                    2,
                    1,
                    9
                ],
                [
                    -9,
                    -4,
                    2
                ],
                [
                    -10,
                    9,
                    3
                ],
                [
                    -8,
                    5,
                    9
                ],
                [
                    -8,
                    -3,
                    -5
                ],
                [
                    -9,
                    -8,
                    -2
                ],
                [
                    -2,
                    -5,
                    4
                ],
                [
                    10,
                    -1,
                    3
                ],
                [
                    6,
                    5,
                    -7
                ],
                [
                    -7,
                    5,
                    9
                ],
                [
                    -5,
                    2,
                    9
                ],
                [
                    5,
                    6,
                    -7
                ],
                [
                    5,
                    -1,
                    -3
                ],
                [
                    -6,
                    -8,
                    -3
                ],
                [
                    5,
                    -7,
                    6
                ],
                [
                    -5,
                    3,
                    10
                ],
                [
                    2,
                    -3,
                    -5
                ]
            ],
            "{   'fun': 1.0,\n    'jac': None,\n    'nfev': 408,\n    'nit': 2,\n    'njev': 24,\n    'x': array([2.21042625, 0.2824797 , 0.67675556, 2.93531982, 1.93736223,\n       2.7231211 , 2.90185815, 2.05306417, 0.5816385 , 2.08296145,\n       1.4627214 , 0.99884177, 2.19265444, 1.11381182, 0.98094441,\n       1.3925975 ])}",
            {
                "1010010101": 1,
                "1100100101": 1,
                "0101000000": 1,
                "0010011111": 1,
                "1000101111": 1,
                "0000111011": 1,
                "1101111011": 1,
                "1011110011": 1,
                "1101001101": 1,
                "1101101000": 1,
                "0111100100": 1,
                "1110010010": 1,
                "0000110110": 1,
                "1111110000": 1,
                "1111100010": 1,
                "1110110000": 1,
                "1001111101": 1,
                "1001010100": 1,
                "0100010111": 1,
                "0010010110": 1,
                "0010110110": 1,
                "0111110111": 1,
                "0111110110": 1,
                "1110000101": 1,
                "0011011110": 1,
                "1101010101": 1,
                "1110011001": 1,
                "0011100101": 1,
                "1010000110": 2,
                "1011010010": 1,
                "0000011011": 1,
                "1101111110": 1,
                "0100110111": 1,
                "0011001001": 1,
                "0101000110": 1,
                "1001111111": 1,
                "1111111001": 1,
                "0010011010": 1,
                "0111011111": 1,
                "1010001110": 1,
                "1001110110": 1,
                "1100111100": 1,
                "0001111011": 1,
                "0110111100": 1,
                "0110100111": 1,
                "0000011100": 2,
                "0000111100": 2,
                "1000010101": 1,
                "0001001010": 1,
                "1011110001": 1,
                "1100010011": 1,
                "1011000110": 1,
                "1010001001": 1,
                "0010110101": 1,
                "1000100110": 1,
                "1101001100": 1,
                "1011101101": 1,
                "0001111010": 1,
                "0111000110": 1,
                "1100001001": 1,
                "0111111101": 1,
                "0000100111": 1,
                "1001100111": 1,
                "1000100010": 1,
                "1001000101": 1,
                "0001000101": 1,
                "0111001011": 1,
                "1111010101": 1,
                "0001010011": 1,
                "1110001111": 1,
                "0011101010": 1,
                "0110101000": 1,
                "1100110001": 1,
                "1000001000": 1,
                "0100001000": 1,
                "1110011011": 2,
                "0001111000": 1,
                "1000011101": 1,
                "0001011001": 1,
                "0011100010": 1,
                "0111010110": 1,
                "0110100110": 1,
                "0011011010": 1,
                "0010100101": 1,
                "0101110010": 2,
                "0100111011": 1,
                "0011000010": 1,
                "1110110110": 1,
                "1101010000": 1,
                "0000001111": 1,
                "1000111100": 1,
                "1100111010": 1,
                "0101001110": 1,
                "1011010011": 1,
                "1110010101": 1
            },
            false,
            0.96
        ],
        [
            [
                [
                    8,
                    -3,
                    -4
                ],
                [
                    -5,
                    -9,
                    -8
                ],
                [
                    -1,
                    5,
                    -10
                ],
                [
                    4,
                    6,
                    5
                ],
                [
                    -8,
                    1,
                    10
                ],
                [
                    -1,
                    9,
                    10
                ],
                [
                    -9,
                    4,
                    -2
                ],
                [
                    1,
                    -8,
                    3
                ],
                [
                    9,
                    10,
                    3
                ],
                [
                    6,
                    -3,
                    5
                ],
                [
                    6,
                    -9,
                    -10
                ],
                [
                    8,
                    2,
                    -5
                ],
                [
                    -10,
                    4,
                    -9
                ],
                [
                    1,
                    6,
                    -7
                ],
                [
                    10,
                    -4,
                    6
                ],
                [
                    7,
                    -3,
                    -2
                ],
                [
                    -6,
                    2,
                    10
                ],
                [
                    -2,
                    10,
                    7
                ],
                [
                    9,
                    -6,
                    -8
                ],
                [
                    -7,
                    2,
                    9
                ],
                [
                    -5,
                    7,
                    -10
                ],
                [
                    -7,
                    2,
                    -1
                ],
                [
                    1,
                    8,
                    -5
                ],
                [
                    3,
                    -7,
                    5
                ],
                [
                    -3,
                    -9,
                    1
                ],
                [
                    -7,
                    -6,
                    10
                ],
                [
                    -8,
                    -5,
                    -4
                ],
                [
                    5,
                    -7,
                    10
                ],
                [
                    10,
                    -4,
                    1
                ],
                [
                    9,
                    -2,
                    -4
                ],
                [
                    7,
                    -4,
                    6
                ],
                [
                    -9,
                    -2,
                    -8
                ],
                [
                    2,
                    -5,
                    6
                ],
                [
                    5,
                    -4,
                    2
                ],
                [
                    2,
                    7,
                    -4
                ],
                [
                    -1,
                    -8,
                    -3
                ],
                [
                    -10,
                    7,
                    9
                ],
                [
                    9,
                    2,
                    4
                ],
                [
                    -1,
                    9,
                    10
                ],
                [
                    9,
                    1,
                    -4
                ],
                [
                    -8,
                    -10,
                    6
                ],
                [
                    -5,
                    -6,
                    2
                ],
                [
                    10,
                    -1,
                    2
                ],
                [
                    9,
                    -10,
                    7
                ],
                [
                    7,
                    5,
                    4
                ]
            ],
            "{   'fun': 0.95,\n    'jac': None,\n    'nfev': 408,\n    'nit': 2,\n    'njev': 24,\n    'x': array([0.51035409, 2.26841162, 3.05221604, 0.27119963, 3.04281929,\n       1.30942091, 2.68907167, 1.76116397, 1.01632651, 0.0212463 ,\n       0.63653577, 3.0664277 , 2.57045866, 2.49683446, 0.45139901,\n       2.75552319])}",
            {
                "1010101101": 1,
                "0011111100": 1,
                "0111100111": 1,
                "0001011001": 2,
                "1100000100": 1,
                "0000011100": 1,
                "1011101101": 1,
                "1110110101": 1,
                "0111011011": 1,
                "0010100101": 1,
                "0100110101": 1,
                "0010010100": 1,
                "1110110011": 1,
                "0101001111": 1,
                "0011111011": 1,
                "1011011000": 1,
                "1111110000": 1,
                "0011001001": 1,
                "1010010001": 1,
                "0010101011": 1,
                "0011011010": 1,
                "1101111010": 2,
                "1111111001": 1,
                "1000000010": 1,
                "0101101111": 1,
                "1011111100": 1,
                "1000001100": 1,
                "0110001000": 1,
                "0011100101": 1,
                "0111100001": 1,
                "0000100101": 1,
                "0101101100": 1,
                "1111011010": 1,
                "1010010111": 1,
                "1110010101": 1,
                "0100011100": 1,
                "1101111011": 1,
                "1110000000": 1,
                "0010011100": 1,
                "1010101110": 1,
                "1110100110": 1,
                "1111100110": 1,
                "1010000011": 3,
                "1110000100": 1,
                "1101001111": 1,
                "1000111001": 1,
                "0110011110": 1,
                "0000000101": 1,
                "1011001100": 1,
                "1110101010": 1,
                "0111001111": 1,
                "0111011110": 1,
                "0001111100": 1,
                "1001110111": 3,
                "1110100111": 1,
                "0010010110": 1,
                "1011001110": 1,
                "1000011111": 1,
                "1111010100": 1,
                "1110110111": 1,
                "0000111010": 1,
                "0111000101": 1,
                "0011000000": 1,
                "0001101011": 1,
                "0111111101": 1,
                "0000010001": 1,
                "0101110001": 1,
                "1110010100": 1,
                "1100010100": 1,
                "1001101101": 2,
                "1001010111": 1,
                "0000111000": 1,
                "0111001011": 1,
                "1001100110": 1,
                "0110100001": 1,
                "0101011000": 1,
                "0000001100": 1,
                "0001010111": 1,
                "0011000101": 1,
                "0001001100": 2,
                "0111100010": 1,
                "0101001000": 1,
                "0111110000": 1,
                "0010111010": 2,
                "1010100111": 1,
                "0100100001": 1,
                "1011100010": 1,
                "1001000111": 1,
                "1000001110": 1,
                "1100111010": 1,
                "1111000110": 1
            },
            true,
            0.85
        ],
        [
            [
                [
                    8,
                    -10,
                    -7
                ],
                [
                    -4,
                    -5,
                    -8
                ],
                [
                    2,
                    9,
                    -7
                ],
                [
                    8,
                    4,
                    -9
                ],
                [
                    -7,
                    -8,
                    -9
                ],
                [
                    6,
                    -5,
                    7
                ],
                [
                    1,
                    4,
                    7
                ],
                [
                    -8,
                    6,
                    -2
                ],
                [
                    3,
                    7,
                    10
                ],
                [
                    9,
                    2,
                    10
                ],
                [
                    1,
                    -2,
                    -7
                ],
                [
                    -8,
                    2,
                    9
                ],
                [
                    -7,
                    -9,
                    4
                ],
                [
                    -5,
                    8,
                    -3
                ],
                [
                    2,
                    -6,
                    5
                ],
                [
                    8,
                    -1,
                    -9
                ],
                [
                    -9,
                    3,
                    -6
                ],
                [
                    7,
                    5,
                    2
                ],
                [
                    -9,
                    -2,
                    -5
                ],
                [
                    5,
                    -2,
                    -10
                ],
                [
                    -4,
                    -5,
                    -7
                ],
                [
                    -2,
                    -3,
                    -4
                ],
                [
                    7,
                    6,
                    -9
                ],
                [
                    -7,
                    -8,
                    -2
                ],
                [
                    9,
                    3,
                    -4
                ],
                [
                    -6,
                    -1,
                    -5
                ],
                [
                    9,
                    -5,
                    -7
                ],
                [
                    -5,
                    -6,
                    -9
                ],
                [
                    -5,
                    6,
                    9
                ],
                [
                    2,
                    9,
                    10
                ],
                [
                    -9,
                    4,
                    3
                ],
                [
                    -6,
                    5,
                    -8
                ],
                [
                    -9,
                    -1,
                    -6
                ],
                [
                    5,
                    -9,
                    -6
                ],
                [
                    3,
                    -6,
                    -7
                ],
                [
                    -9,
                    -2,
                    5
                ],
                [
                    -9,
                    4,
                    -6
                ],
                [
                    -8,
                    7,
                    2
                ],
                [
                    -7,
                    4,
                    3
                ],
                [
                    4,
                    10,
                    -1
                ],
                [
                    -6,
                    -10,
                    4
                ],
                [
                    1,
                    5,
                    10
                ],
                [
                    10,
                    9,
                    3
                ],
                [
                    4,
                    2,
                    10
                ],
                [
                    1,
                    6,
                    -7
                ]
            ],
            "{   'fun': 1.0,\n    'jac': None,\n    'nfev': 17,\n    'nit': 0,\n    'njev': 1,\n    'x': array([2.12928338, 2.19548901, 0.75667064, 0.58680094, 3.11687911,\n       0.28571532, 0.28622394, 2.40393511, 0.90792991, 2.0459933 ,\n       1.48370792, 1.29345348, 0.69474399, 1.55667437, 2.86092225,\n       1.30557607])}",
            {
                "0011011110": 1,
                "1101101110": 1,
                "0110001011": 1,
                "1001001110": 1,
                "0000000110": 1,
                "0111010110": 1,
                "0000001100": 1,
                "1010001011": 1,
                "1111001101": 1,
                "0001101001": 1,
                "1111110110": 1,
                "1100101110": 1,
                "0001100000": 1,
                "0011000101": 2,
                "1111010101": 1,
                "1011110100": 1,
                "0100111011": 1,
                "0101110010": 1,
                "1110010110": 1,
                "0100000001": 1,
                "1100011001": 1,
                "1011001010": 1,
                "1001100011": 1,
                "1011111100": 1,
                "1111111001": 1,
                "0010010011": 1,
                "1110100011": 1,
                "0001011000": 1,
                "1100011011": 1,
                "1110010001": 1,
                "1101111111": 1,
                "0101010001": 1,
                "0001110111": 1,
                "1110111011": 1,
                "1100110011": 1,
                "0111111100": 1,
                "0001111111": 1,
                "1110000100": 2,
                "0011011111": 1,
                "0111001110": 1,
                "0011001010": 1,
                "0110011000": 1,
                "0010100110": 1,
                "1010111000": 2,
                "1101110011": 1,
                "1011100000": 1,
                "1010100101": 1,
                "1100101101": 1,
                "1101000110": 1,
                "1111100010": 1,
                "1100111011": 3,
                "0100000111": 2,
                "0111101100": 1,
                "0001011111": 1,
                "0110110101": 1,
                "1100110000": 1,
                "0110001100": 2,
                "0010011001": 1,
                "0111110001": 1,
                "1101001111": 1,
                "1010100000": 2,
                "1001111011": 1,
                "1101001110": 1,
                "1011001100": 1,
                "1000110101": 1,
                "0100010101": 2,
                "1101000010": 1,
                "1001111000": 2,
                "0010101101": 1,
                "1111010111": 1,
                "1110001110": 1,
                "0001000110": 1,
                "0010000111": 1,
                "0011111110": 1,
                "1111111010": 1,
                "1111101011": 1,
                "1000011111": 1,
                "0011101000": 1,
                "1110010000": 1,
                "1110000111": 1,
                "1001010101": 1,
                "1010010100": 1,
                "0010110101": 1,
                "0110010010": 1,
                "1010110100": 1,
                "0010101001": 1,
                "0010101010": 2,
                "1101110010": 1,
                "1010000100": 1
            },
            false,
            1.0
        ],
        [
            [
                [
                    10,
                    6,
                    -7
                ],
                [
                    -7,
                    10,
                    -3
                ],
                [
                    9,
                    -7,
                    1
                ],
                [
                    6,
                    8,
                    -1
                ],
                [
                    -3,
                    9,
                    -4
                ],
                [
                    -1,
                    7,
                    9
                ],
                [
                    8,
                    2,
                    4
                ],
                [
                    4,
                    1,
                    -9
                ],
                [
                    -9,
                    -2,
                    -4
                ],
                [
                    -9,
                    8,
                    7
                ],
                [
                    10,
                    4,
                    7
                ],
                [
                    3,
                    1,
                    2
                ],
                [
                    5,
                    -1,
                    -3
                ],
                [
                    -4,
                    8,
                    1
                ],
                [
                    -10,
                    -6,
                    -8
                ],
                [
                    -6,
                    4,
                    -10
                ],
                [
                    -2,
                    -3,
                    -9
                ],
                [
                    1,
                    -7,
                    -6
                ],
                [
                    -8,
                    -6,
                    -7
                ],
                [
                    -2,
                    -4,
                    5
                ],
                [
                    -2,
                    8,
                    9
                ],
                [
                    7,
                    -2,
                    -9
                ],
                [
                    6,
                    1,
                    -4
                ],
                [
                    -9,
                    -5,
                    1
                ],
                [
                    -7,
                    -3,
                    -2
                ],
                [
                    2,
                    9,
                    10
                ],
                [
                    -9,
                    -2,
                    7
                ],
                [
                    1,
                    -4,
                    2
                ],
                [
                    -1,
                    7,
                    10
                ],
                [
                    -4,
                    5,
                    3
                ],
                [
                    -3,
                    -4,
                    -10
                ],
                [
                    1,
                    3,
                    -10
                ],
                [
                    1,
                    6,
                    -9
                ],
                [
                    -9,
                    -10,
                    2
                ],
                [
                    -5,
                    -8,
                    7
                ],
                [
                    -4,
                    -6,
                    5
                ],
                [
                    -6,
                    1,
                    -5
                ],
                [
                    -1,
                    4,
                    -5
                ],
                [
                    -5,
                    -6,
                    10
                ],
                [
                    -4,
                    6,
                    9
                ],
                [
                    10,
                    -9,
                    -1
                ],
                [
                    -9,
                    -5,
                    6
                ],
                [
                    4,
                    5,
                    3
                ],
                [
                    -4,
                    -6,
                    9
                ],
                [
                    9,
                    -3,
                    5
                ]
            ],
            "{   'fun': 1.0,\n    'jac': None,\n    'nfev': 17,\n    'nit': 0,\n    'njev': 1,\n    'x': array([3.07603737, 2.62198774, 1.82712762, 0.9615604 , 1.00635095,\n       0.43652002, 0.13419933, 2.946868  , 1.88323138, 1.02495988,\n       0.89883637, 0.40294331, 2.42423112, 2.60040618, 1.16810642,\n       1.31362451])}",
            {
                "0100011010": 1,
                "0010010001": 1,
                "1111110110": 1,
                "1001101011": 1,
                "0011000111": 1,
                "1000000100": 1,
                "1000111001": 1,
                "0101001011": 1,
                "0111000100": 1,
                "1010111111": 1,
                "0100111000": 1,
                "0111100100": 1,
                "1010111100": 1,
                "0010001010": 1,
                "0000101100": 1,
                "0101110011": 1,
                "1011011110": 1,
                "1011110001": 1,
                "0001001011": 1,
                "0101111110": 1,
                "0101000000": 1,
                "1101111001": 1,
                "1100110111": 1,
                "0000110110": 1,
                "0111001110": 1,
                "1110111010": 1,
                "0111100111": 1,
                "0100101100": 1,
                "1000011101": 1,
                "1010111010": 1,
                "1001111111": 1,
                "0000101010": 2,
                "0010011011": 1,
                "1111111101": 1,
                "0000100100": 1,
                "1001011000": 1,
                "1100111010": 1,
                "1001000111": 1,
                "0010010011": 1,
                "0001000101": 2,
                "1010001010": 1,
                "1001011111": 1,
                "1111001110": 1,
                "0111111111": 1,
                "1011111000": 1,
                "1110100101": 1,
                "1110010011": 1,
                "0110010000": 1,
                "0110001000": 1,
                "1000010110": 1,
                "0111111110": 1,
                "0011001110": 1,
                "1110101000": 1,
                "0101001101": 1,
                "1110000110": 1,
                "1001111110": 1,
                "1101001010": 1,
                "0001111111": 1,
                "0001111100": 1,
                "1010010101": 1,
                "0000101110": 1,
                "1000001000": 1,
                "1111001001": 1,
                "0011101100": 1,
                "0010000000": 1,
                "0111110111": 1,
                "0100010100": 1,
                "1101000001": 2,
                "1000111101": 1,
                "1000100001": 2,
                "1111101111": 2,
                "1001010101": 1,
                "0000010011": 1,
                "0010100011": 1,
                "0100001100": 1,
                "0101010010": 1,
                "0010110000": 1,
                "1001101001": 1,
                "1011111010": 1,
                "1111010110": 1,
                "0100100011": 1,
                "1010000110": 1,
                "1111011111": 1,
                "0011001010": 1,
                "0010110111": 1,
                "1101101001": 1,
                "1000000001": 1,
                "1001110010": 1,
                "0101101110": 1,
                "1110100110": 1,
                "0000001000": 1,
                "1010111110": 1,
                "0000010111": 1,
                "0001110100": 1,
                "0111101101": 1
            },
            false,
            1.0
        ]
    ]
}