{
    "n": 10,
    "m": 45,
    "results": [
        [
            [
                [
                    5,
                    -1,
                    2
                ],
                [
                    6,
                    -7,
                    -9
                ],
                [
                    -10,
                    -1,
                    6
                ],
                [
                    -5,
                    -1,
                    7
                ],
                [
                    10,
                    -7,
                    -4
                ],
                [
                    1,
                    3,
                    2
                ],
                [
                    1,
                    10,
                    2
                ],
                [
                    10,
                    2,
                    3
                ],
                [
                    7,
                    3,
                    -5
                ],
                [
                    -2,
                    -9,
                    10
                ],
                [
                    -3,
                    -6,
                    9
                ],
                [
                    -1,
                    -8,
                    -5
                ],
                [
                    1,
                    8,
                    7
                ],
                [
                    6,
                    9,
                    -5
                ],
                [
                    3,
                    5,
                    -4
                ],
                [
                    8,
                    6,
                    -5
                ],
                [
                    -9,
                    -7,
                    -3
                ],
                [
                    9,
                    5,
                    -7
                ],
                [
                    7,
                    -3,
                    -8
                ],
                [
                    -9,
                    4,
                    -8
                ],
                [
                    -8,
                    7,
                    -3
                ],
                [
                    10,
                    -3,
                    4
                ],
                [
                    4,
                    5,
                    -7
                ],
                [
                    -3,
                    -6,
                    -9
                ],
                [
                    6,
                    -4,
                    -10
                ],
                [
                    5,
                    7,
                    -3
                ],
                [
                    -6,
                    9,
                    2
                ],
                [
                    -3,
                    1,
                    9
                ],
                [
                    -1,
                    3,
                    4
                ],
                [
                    5,
                    -1,
                    10
                ],
                [
                    -8,
                    -2,
                    1
                ],
                [
                    5,
                    -8,
                    10
                ],
                [
                    8,
                    6,
                    3
                ],
                [
                    1,
                    8,
                    -4
                ],
                [
                    7,
                    8,
                    -1
                ],
                [
                    6,
                    4,
                    7
                ],
                [
                    -1,
                    -10,
                    2
                ],
                [
                    8,
                    -2,
                    -7
                ],
                [
                    -6,
                    4,
                    7
                ],
                [
                    -8,
                    2,
                    -5
                ],
                [
                    6,
                    3,
                    9
                ],
                [
                    -9,
                    -6,
                    7
                ],
                [
                    -4,
                    -10,
                    1
                ],
                [
                    4,
                    3,
                    8
                ],
                [
                    -9,
                    -8,
                    -4
                ]
            ],
            "{   'fun': 1.0,\n    'jac': None,\n    'nfev': 17,\n    'nit': 0,\n    'njev': 1,\n    'x': array([1.56829047, 2.70425762, 1.11249116, 2.23230737, 1.59969015,\n       3.10670539, 2.43367616, 0.15758597, 0.84543156, 1.22578621,\n       2.83200717, 0.82193502, 1.15175677, 2.80327582, 0.40026449,\n       2.63297964])}",
            {
                "0111010111": 1,
                "1011000111": 1,
                "0000111011": 1,
                "1101011001": 1,
                "0100010011": 1,
                "0101001101": 1,
                "1011100000": 1,
                "0101110101": 1,
                "0000000010": 1,
                "0000010101": 1,
                "0010011111": 1,
                "1110001111": 1,
                "0111010100": 1,
                "0001111010": 1,
                "1110011000": 1,
                "1111101011": 1,
                "0000101011": 1,
                "0001001101": 1,
                "0111110011": 1,
                "1001111000": 1,
                "0110100111": 1,
                "1010110011": 1,
                "0001101100": 1,
                "1000011110": 1,
                "0001111011": 1,
                "0000000110": 1,
                "0000010001": 1,
                "1111101000": 1,
                "1100100011": 1,
                "1010011111": 1,
                "1110010011": 1,
                "1001110011": 1,
                "0100100000": 1,
                "0110111100": 1,
                "1101100010": 1,
                "1010000010": 1,
                "1000101100": 1,
                "1111011100": 1,
                "1111101100": 1,
                "1111111101": 1,
                "1000110001": 2,
                "1000111100": 1,
                "1111110001": 1,
                "1101011110": 1,
                "1000100001": 1,
                "1001010101": 1,
                "0110000101": 1,
                "0100010110": 1,
                "0010011100": 1,
                "0111110101": 1,
                "0010110000": 1,
                "0000111100": 1,
                "0110111011": 1,
                "1001101000": 1,
                "0100000000": 1,
                "1011111110": 1,
                "1011100111": 1,
                "1011010011": 1,
                "0011101001": 1,
                "0001101111": 1,
                "1101111010": 1,
                "0010010011": 1,
                "0111001000": 1,
                "1111110100": 1,
                "0101110011": 1,
                "0000000011": 1,
                "1110011111": 1,
                "0111100011": 1,
                "0011001100": 1,
                "0011101000": 1,
                "0010101111": 1,
                "1100111100": 1,
                "0101001010": 1,
                "1010110100": 1,
                "1000101111": 1,
                "1100110100": 1,
                "0101010000": 2,
                "1010111110": 1,
                "0010100001": 1,
                "1110100001": 1,
                "0100001000": 1,
                "1100001011": 1,
                "0110010100": 1,
                "0111111111": 1,
                "0001000101": 1,
                "1001101100": 1,
                "1000110101": 1,
                "1000001000": 1,
                "1100011011": 1,
                "1101111111": 1,
                "1011111100": 1,
                "0011101111": 1,
                "0100011110": 1,
                "1110000001": 1,
                "0010001111": 1,
                "1111110010": 1,
                "0110101000": 1,
                "1101101011": 1
            },
            false,
            1.0
        ],
        [
            [
                [
                    -6,
                    8,
                    -5
                ],
                [
                    1,
                    -9,
                    -7
                ],
                [
                    8,
                    -4,
                    -3
                ],
                [
                    9,
                    3,
                    5
                ],
                [
                    2,
                    -1,
                    -6
                ],
                [
                    -10,
                    4,
                    -8
                ],
                [
                    3,
                    2,
                    7
                ],
                [
                    -1,
                    10,
                    -7
                ],
                [
                    8,
                    -10,
                    -9
                ],
                [
                    -6,
                    -10,
                    -1
                ],
                [
                    -3,
                    2,
                    -6
                ],
                [
                    3,
                    7,
                    6
                ],
                [
                    -7,
                    5,
                    1
                ],
                [
                    1,
                    -7,
                    6
                ],
                [
                    -3,
                    -10,
                    -1
                ],
                [
                    -7,
                    -8,
                    -6
                ],
                [
                    -2,
                    1,
                    10
                ],
                [
                    7,
                    5,
                    -3
                ],
                [
                    -6,
                    -5,
                    -4
                ],
                [
                    -6,
                    -2,
                    7
                ],
                [
                    1,
                    6,
                    -2
                ],
                [
                    8,
                    -3,
                    -2
                ],
                [
                    6,
                    3,
                    -7
                ],
                [
                    -2,
                    1,
                    -5
                ],
                [
                    8,
                    -5,
                    2
                ],
                [
                    -6,
                    8,
                    -3
                ],
                [
                    -6,
                    -10,
                    5
                ],
                [
                    4,
                    -10,
                    -2
                ],
                [
                    -6,
                    -9,
                    -1
                ],
                [
                    5,
                    -9,
                    4
                ],
                [
                    6,
                    8,
                    -5
                ],
                [
                    6,
                    -1,
                    2
                ],
                [
                    -8,
                    -5,
                    -10
                ],
                [
                    4,
                    -9,
                    -2
                ],
                [
                    -10,
                    1,
                    4
                ],
                [
                    -4,
                    2,
                    5
                ],
                [
                    1,
                    -5,
                    3
                ],
                [
                    -9,
                    -4,
                    5
                ],
                [
                    2,
                    -6,
                    -9
                ],
                [
                    4,
                    5,
                    9
                ],
                [
                    6,
                    9,
                    3
                ],
                [
                    -4,
                    -5,
                    -7
                ],
                [
                    -10,
                    3,
                    -4
                ],
                [
                    5,
                    -4,
                    -9
                ],
                [
                    8,
                    -10,
                    -3
                ]
            ],
            "{   'fun': 0.96,\n    'jac': None,\n    'nfev': 425,\n    'nit': 3,\n    'njev': 25,\n    'x': array([2.2104264 , 0.28247999, 0.67675538, 2.93532014, 1.93736268,\n       2.72312138, 2.9018583 , 2.05306508, 0.58163897, 2.08296127,\n       1.46272153, 0.99884206, 2.19265475, 1.11381181, 0.98094469,\n       1.39259765])}",
            {
                "0010101100": 1,
                "0000010110": 1,
                "0110111001": 1,
                "1010111101": 1,
                "0011010101": 1,
                "1111011000": 1,
                "0010000001": 1,
                "1001010011": 1,
                "0001110101": 1,
                "1101100000": 1,
                "1000100101": 1,
                "0100000000": 1,
                "0110011010": 1,
                "1001100111": 1,
                "1110000000": 1,
                "0101001101": 1,
                "0010101101": 1,
                "1110011011": 1,
                "1100000000": 2,
                "0010001000": 1,
                "0100101110": 1,
                "0011100100": 2,
                "1101010011": 1,
                "1010100001": 1,
                "0111010101": 1,
                "0001000110": 1,
                "0010111101": 1,
                "0101010010": 1,
                "0110101010": 1,
                "0010001101": 1,
                "1000100110": 1,
                "0000011001": 1,
                "0010100101": 1,
                "0000101110": 1,
                "0011111010": 2,
                "0101110100": 1,
                "1011000101": 1,
                "1110110100": 1,
                "0011011011": 1,
                "0000101010": 1,
                "1000001011": 1,
                "0100100011": 1,
                "0000001001": 1,
                "1000101101": 1,
                "1111001110": 1,
                "0110110000": 1,
                "1111001000": 1,
                "1000111110": 1,
                "0011001000": 1,
                "1001111110": 1,
                "0111010000": 1,
                "0111101110": 1,
                "0101100011": 1,
                "1100000101": 2,
                "0111101011": 1,
                "1000000100": 1,
                "0010110011": 2,
                "1001010001": 1,
                "1100110101": 1,
                "0010101111": 1,
                "0101110110": 1,
                "0011010001": 1,
                "0010100011": 1,
                "0000111110": 1,
                "0010100001": 1,
                "1001001001": 1,
                "0110000100": 1,
                "0100110011": 2,
                "1111001011": 1,
                "0111011011": 1,
                "1011111001": 1,
                "1010010000": 1,
                "0100000001": 1,
                "1100110110": 1,
                "0001110111": 1,
                "0000101011": 1,
                "0101011110": 1,
                "1101110011": 1,
                "1111110000": 1,
                "1101100011": 1,
                "0010010111": 1,
                "0010011111": 1,
                "1010000111": 1,
                "1010110110": 1,
                "1101001101": 2,
                "1000000101": 1,
                "0110100101": 1,
                "1101010100": 1,
                "1100100000": 1,
                "1000111000": 1,
                "0000011101": 1,
                "0011100011": 1,
                "1000100000": 1
            },
            true,
            0.89
        ],
        [
            [
                [
                    3,
                    7,
                    -1
                ],
                [
                    10,
                    4,
                    -3
                ],
                [
                    -10,
                    -9,
                    -1
                ],
                [
                    -1,
                    -5,
                    7
                ],
                [
                    -3,
                    5,
                    9
                ],
                [
                    2,
                    8,
                    9
                ],
                [
                    -8,
                    6,
                    -4
                ],
                [
                    9,
                    5,
                    -8
                ],
                [
                    -1,
                    10,
                    3
                ],
                [
                    -9,
                    7,
                    3
                ],
                [
                    9,
                    -10,
                    4
                ],
                [
                    9,
                    -8,
                    -4
                ],
                [
                    9,
                    -6,
                    2
                ],
                [
                    4,
                    7,
                    10
                ],
                [
                    -5,
                    -8,
                    -1
                ],
                [
                    -2,
                    -4,
                    3
                ],
                [
                    2,
                    -5,
                    9
                ],
                [
                    6,
                    9,
                    3
                ],
                [
                    3,
                    5,
                    -7
                ],
                [
                    -8,
                    -1,
                    6
                ],
                [
                    3,
                    8,
                    -10
                ],
                [
                    3,
                    -10,
                    5
                ],
                [
                    10,
                    7,
                    6
                ],
                [
                    -1,
                    -7,
                    -5
                ],
                [
                    9,
                    6,
                    -10
                ],
                [
                    -7,
                    -6,
                    8
                ],
                [
                    -2,
                    3,
                    -9
                ],
                [
                    -8,
                    -5,
                    10
                ],
                [
                    -9,
                    -5,
                    -8
                ],
                [
                    -3,
                    -1,
                    -8
                ],
                [
                    -6,
                    -2,
                    7
                ],
                [
                    3,
                    -1,
                    10
                ],
                [
                    5,
                    7,
                    -2
                ],
                [
                    -4,
                    -9,
                    2
                ],
                [
                    4,
                    -6,
                    5
                ],
                [
                    -2,
                    6,
                    -7
                ],
                [
                    -10,
                    -9,
                    8
                ],
                [
                    6,
                    -2,
                    1
                ],
                [
                    5,
                    -4,
                    -6
                ],
                [
                    7,
                    -5,
                    -10
                ],
                [
                    -2,
                    -8,
                    9
                ],
                [
                    -2,
                    -3,
                    5
                ],
                [
                    8,
                    -1,
                    3
                ],
                [
                    9,
                    5,
                    -6
                ],
                [
                    2,
                    -3,
                    1
                ]
            ],
            "{   'fun': 0.99,\n    'jac': None,\n    'nfev': 357,\n    'nit': 0,\n    'njev': 21,\n    'x': array([0.5103535 , 2.26841148, 3.05221619, 0.27119992, 3.042819  ,\n       1.30942076, 2.68907108, 1.76116382, 1.01632592, 0.021246  ,\n       0.63653503, 3.06642755, 2.57045792, 2.49683402, 0.45139842,\n       2.75552289])}",
            {
                "0010001111": 1,
                "0101010001": 1,
                "1000110110": 1,
                "0110101011": 1,
                "1010101111": 1,
                "1010010100": 1,
                "1100011001": 1,
                "1001111010": 1,
                "0111110011": 1,
                "0001000011": 1,
                "1011000110": 1,
                "1110011001": 1,
                "0100001111": 1,
                "0101100101": 1,
                "1000000000": 1,
                "1111010101": 1,
                "1001001010": 1,
                "1011010101": 1,
                "0001010110": 1,
                "1011100001": 1,
                "0101110101": 1,
                "1111111001": 1,
                "1111011111": 1,
                "0010100011": 1,
                "0111101111": 1,
                "1001001101": 1,
                "1010110010": 1,
                "1110111101": 1,
                "1000111000": 1,
                "1100001101": 2,
                "0011100001": 1,
                "0111010111": 2,
                "1000010000": 1,
                "0111100010": 1,
                "0100110010": 1,
                "0101010100": 1,
                "0111111111": 1,
                "1010110110": 1,
                "1001001111": 1,
                "0010010101": 1,
                "1010011001": 1,
                "1101001110": 1,
                "1111101010": 1,
                "0010100000": 1,
                "0000001101": 1,
                "1001010100": 1,
                "1001011110": 1,
                "0000001100": 1,
                "0001010111": 1,
                "1010101001": 1,
                "1010110101": 1,
                "1010100011": 1,
                "1000110001": 2,
                "1000110111": 1,
                "1011011100": 1,
                "1000010011": 1,
                "1101101010": 1,
                "0100011111": 1,
                "1011010011": 1,
                "0111101101": 1,
                "0101101110": 1,
                "1100101100": 1,
                "0000000110": 1,
                "1101011111": 1,
                "1100000111": 1,
                "0000101100": 1,
                "0111011101": 1,
                "1111101101": 1,
                "1010110111": 1,
                "1100010000": 1,
                "0001111111": 1,
                "0001000010": 1,
                "1100001010": 1,
                "0101011101": 1,
                "0001100111": 1,
                "0011110000": 1,
                "1010100000": 1,
                "0000010010": 1,
                "0010001110": 1,
                "1000011001": 1,
                "0100010100": 1,
                "0000111100": 1,
                "1010010010": 1,
                "1000011010": 1,
                "1001010111": 1,
                "0010100001": 1,
                "0010000110": 2,
                "1011000011": 1,
                "1100100011": 1,
                "1101110110": 1,
                "0000001110": 1,
                "0100101110": 1,
                "0011101100": 1,
                "0011101000": 1,
                "1000011100": 1,
                "0001001011": 1
            },
            true,
            0.95
        ],
        [
            [
                [
                    1,
                    -4,
                    -5
                ],
                [
                    5,
                    6,
                    3
                ],
                [
                    -10,
                    1,
                    5
                ],
                [
                    -4,
                    -5,
                    9
                ],
                [
                    -8,
                    -2,
                    10
                ],
                [
                    -1,
                    5,
                    6
                ],
                [
                    -4,
                    6,
                    -10
                ],
                [
                    -9,
                    2,
                    -8
                ],
                [
                    -2,
                    -5,
                    7
                ],
                [
                    6,
                    4,
                    -8
                ],
                [
                    8,
                    -2,
                    -7
                ],
                [
                    -4,
                    5,
                    -9
                ],
                [
                    -10,
                    4,
                    -1
                ],
                [
                    -4,
                    -7,
                    -3
                ],
                [
                    9,
                    -2,
                    -10
                ],
                [
                    -1,
                    2,
                    5
                ],
                [
                    -10,
                    -3,
                    -1
                ],
                [
                    -3,
                    10,
                    4
                ],
                [
                    6,
                    8,
                    -9
                ],
                [
                    -7,
                    4,
                    10
                ],
                [
                    7,
                    2,
                    9
                ],
                [
                    -4,
                    -7,
                    -8
                ],
                [
                    -2,
                    -3,
                    -5
                ],
                [
                    -5,
                    8,
                    -3
                ],
                [
                    3,
                    -9,
                    -5
                ],
                [
                    7,
                    -1,
                    6
                ],
                [
                    -2,
                    -1,
                    5
                ],
                [
                    -9,
                    2,
                    -3
                ],
                [
                    -6,
                    -10,
                    -3
                ],
                [
                    3,
                    -2,
                    -10
                ],
                [
                    -5,
                    -9,
                    3
                ],
                [
                    -1,
                    -2,
                    -3
                ],
                [
                    -6,
                    -5,
                    -4
                ],
                [
                    -2,
                    -4,
                    8
                ],
                [
                    -5,
                    -7,
                    3
                ],
                [
                    3,
                    -10,
                    6
                ],
                [
                    -7,
                    2,
                    -10
                ],
                [
                    -4,
                    -8,
                    -9
                ],
                [
                    -10,
                    -7,
                    1
                ],
                [
                    -3,
                    4,
                    -5
                ],
                [
                    9,
                    1,
                    -3
                ],
                [
                    9,
                    -6,
                    -10
                ],
                [
                    7,
                    -10,
                    6
                ],
                [
                    3,
                    7,
                    -10
                ],
                [
                    -2,
                    8,
                    -1
                ]
            ],
            "{   'fun': 0.97,\n    'jac': None,\n    'nfev': 544,\n    'nit': 3,\n    'njev': 32,\n    'x': array([0.35472949, 2.61723143, 3.03933072, 2.6827611 , 0.72731534,\n       2.81837518, 2.73259167, 0.19610517, 2.05206986, 2.65844057,\n       2.41521737, 2.09554693, 2.05940026, 1.43589303, 1.408366  ,\n       1.16236487])}",
            {
                "0010110001": 1,
                "1001011010": 1,
                "1001100011": 1,
                "0101101010": 1,
                "1111111001": 1,
                "1100111111": 1,
                "0001011011": 1,
                "1101000100": 2,
                "1010101001": 1,
                "0111110001": 1,
                "0110011101": 1,
                "0100100000": 1,
                "1011011011": 1,
                "1110100110": 1,
                "0100011010": 1,
                "0010010101": 1,
                "0100010011": 1,
                "1101101000": 1,
                "0011111001": 1,
                "0011110100": 1,
                "1110001011": 1,
                "0000100101": 1,
                "1010011100": 1,
                "0100001111": 1,
                "0000001011": 1,
                "0000111010": 1,
                "0101100111": 1,
                "0110000111": 1,
                "1110110101": 1,
                "0111010111": 1,
                "1011010101": 1,
                "0001100000": 1,
                "1011000000": 1,
                "0001111010": 1,
                "1001110101": 1,
                "1011011100": 1,
                "1100111101": 1,
                "1011101010": 1,
                "0010001101": 2,
                "0011001101": 2,
                "0100010101": 1,
                "1101110001": 1,
                "0001101011": 1,
                "1011011101": 1,
                "1011111101": 1,
                "0000001100": 2,
                "0001000010": 1,
                "1111110101": 1,
                "0100100010": 3,
                "0101110000": 1,
                "0101000000": 1,
                "0010101111": 1,
                "1101111000": 1,
                "0110001100": 1,
                "1000101000": 1,
                "0010010111": 1,
                "1011111011": 1,
                "1110111001": 1,
                "1000100000": 3,
                "0001110001": 1,
                "1101110110": 1,
                "1111001110": 1,
                "1111000111": 1,
                "0110000010": 1,
                "0111101000": 1,
                "1111011101": 2,
                "1101110101": 1,
                "1101011111": 1,
                "0101000101": 1,
                "1111011111": 1,
                "1010000011": 1,
                "1010001101": 2,
                "1010110101": 1,
                "0110101010": 2,
                "0100110011": 1,
                "0110001001": 1,
                "1110000011": 1,
                "0010111010": 1,
                "0000000001": 1,
                "1100101011": 1,
                "0011000111": 1,
                "0100111111": 1,
                "1110100001": 1,
                "0110110000": 1,
                "0001011001": 1,
                "0100101100": 3,
                "0001001011": 1
            },
            true,
            0.87
        ],
        [
            [
                [
                    -1,
                    7,
                    -5
                ],
                [
                    7,
                    -6,
                    2
                ],
                [
                    3,
                    10,
                    6
                ],
                [
                    4,
                    -3,
                    9
                ],
                [
                    -5,
                    10,
                    4
                ],
                [
                    8,
                    -7,
                    -3
                ],
                [
                    8,
                    -4,
                    2
                ],
                [
                    -6,
                    -8,
                    -9
                ],
                [
                    -6,
                    -2,
                    1
                ],
                [
                    6,
                    3,
                    9
                ],
                [
                    -4,
                    8,
                    7
                ],
                [
                    -7,
                    -6,
                    9
                ],
                [
                    6,
                    7,
                    3
                ],
                [
                    -6,
                    -4,
                    1
                ],
                [
                    8,
                    4,
                    7
                ],
                [
                    1,
                    7,
                    6
                ],
                [
                    -2,
                    -8,
                    -5
                ],
                [
                    -8,
                    5,
                    -3
                ],
                [
                    7,
                    -3,
                    2
                ],
                [
                    -10,
                    1,
                    8
                ],
                [
                    3,
                    -1,
                    -5
                ],
                [
                    8,
                    -5,
                    2
                ],
                [
                    1,
                    -9,
                    6
                ],
                [
                    -2,
                    3,
                    -7
                ],
                [
                    7,
                    -6,
                    1
                ],
                [
                    6,
                    -1,
                    2
                ],
                [
                    6,
                    -10,
                    -3
                ],
                [
                    -3,
                    -4,
                    -10
                ],
                [
                    3,
                    -8,
                    -1
                ],
                [
                    1,
                    -3,
                    8
                ],
                [
                    9,
                    -7,
                    6
                ],
                [
                    7,
                    -9,
                    4
                ],
                [
                    2,
                    -7,
                    -10
                ],
                [
                    -3,
                    6,
                    -5
                ],
                [
                    -1,
                    -7,
                    -3
                ],
                [
                    8,
                    5,
                    9
                ],
                [
                    -8,
                    -9,
                    -7
                ],
                [
                    8,
                    -6,
                    4
                ],
                [
                    4,
                    -1,
                    -10
                ],
                [
                    10,
                    -9,
                    -2
                ],
                [
                    -7,
                    8,
                    -2
                ],
                [
                    -1,
                    -9,
                    3
                ],
                [
                    2,
                    -7,
                    -6
                ],
                [
                    8,
                    -1,
                    -9
                ],
                [
                    1,
                    2,
                    5
                ]
            ],
            "{   'fun': 1.0,\n    'jac': None,\n    'nfev': 17,\n    'nit': 0,\n    'njev': 1,\n    'x': array([3.07603737, 2.62198774, 1.82712762, 0.9615604 , 1.00635095,\n       0.43652002, 0.13419933, 2.946868  , 1.88323138, 1.02495988,\n       0.89883637, 0.40294331, 2.42423112, 2.60040618, 1.16810642,\n       1.31362451])}",
            {
                "1000010010": 1,
                "1011001001": 1,
                "0010110001": 1,
                "1100110001": 1,
                "1010010100": 1,
                "0111001110": 1,
                "0101100101": 1,
                "1100000111": 1,
                "0000110000": 1,
                "1110110000": 1,
                "0101001010": 1,
                "0101001101": 1,
                "1000100010": 1,
                "1111111010": 1,
                "0011111000": 1,
                "1110111100": 1,
                "0110101110": 1,
                "1010011010": 1,
                "0101110100": 1,
                "1101100100": 1,
                "1111000010": 1,
                "1100101010": 1,
                "0000001001": 1,
                "1111010110": 1,
                "0111011110": 1,
                "0000100101": 1,
                "1000000000": 1,
                "0010101100": 2,
                "0001001110": 1,
                "1001001100": 1,
                "0111010010": 1,
                "0000111000": 1,
                "1111100100": 1,
                "0011001100": 1,
                "1111111111": 1,
                "0000111001": 1,
                "1110101011": 1,
                "1110110101": 1,
                "1100011001": 1,
                "1110111000": 2,
                "0011011100": 1,
                "0111100100": 1,
                "1010111011": 2,
                "1100000101": 1,
                "0100011101": 1,
                "1101011110": 2,
                "0110110001": 1,
                "0110010110": 1,
                "1011100001": 2,
                "0010110101": 1,
                "1000110000": 1,
                "0011110100": 1,
                "0000010100": 1,
                "0111000101": 1,
                "1011000000": 1,
                "1111100110": 1,
                "1100011111": 1,
                "1011101011": 1,
                "0110010101": 1,
                "1101110101": 1,
                "1010111000": 1,
                "0011010100": 1,
                "1111011101": 1,
                "1010101100": 2,
                "1101110010": 1,
                "0000101111": 1,
                "1100010100": 1,
                "1000110010": 1,
                "0001101100": 1,
                "0111010110": 1,
                "1011011011": 1,
                "1111101001": 1,
                "0001111100": 2,
                "1001110111": 1,
                "1000011001": 1,
                "0010011110": 1,
                "1011101010": 1,
                "1111101000": 1,
                "1110011101": 1,
                "1000000011": 1,
                "1001011101": 1,
                "0010010001": 1,
                "1111010010": 1,
                "0110100001": 1,
                "0110000011": 1,
                "0010011011": 1,
                "0100001110": 1,
                "1011110110": 1,
                "1000111101": 1,
                "1100001001": 1,
                "0001000100": 1,
                "0110110100": 1,
                "1001110101": 1
            },
            false,
            1.0
        ]
    ]
}