{
    "n": 10,
    "m": 45,
    "results": [
        [
            [
                [
                    -10,
                    -7,
                    -9
                ],
                [
                    -6,
                    8,
                    -7
                ],
                [
                    -9,
                    -7,
                    -4
                ],
                [
                    8,
                    -2,
                    -7
                ],
                [
                    -5,
                    -1,
                    8
                ],
                [
                    -1,
                    -5,
                    4
                ],
                [
                    -4,
                    -3,
                    -9
                ],
                [
                    5,
                    -10,
                    7
                ],
                [
                    -5,
                    -3,
                    -1
                ],
                [
                    7,
                    10,
                    5
                ],
                [
                    1,
                    8,
                    -2
                ],
                [
                    8,
                    2,
                    3
                ],
                [
                    7,
                    -10,
                    -2
                ],
                [
                    2,
                    3,
                    -5
                ],
                [
                    -10,
                    1,
                    -2
                ],
                [
                    -6,
                    -1,
                    -8
                ],
                [
                    4,
                    -3,
                    5
                ],
                [
                    -4,
                    3,
                    7
                ],
                [
                    -9,
                    -1,
                    -10
                ],
                [
                    1,
                    8,
                    -7
                ],
                [
                    10,
                    -9,
                    4
                ],
                [
                    -7,
                    -2,
                    1
                ],
                [
                    9,
                    -7,
                    2
                ],
                [
                    8,
                    3,
                    -1
                ],
                [
                    -9,
                    -5,
                    10
                ],
                [
                    -9,
                    6,
                    7
                ],
                [
                    1,
                    -4,
                    3
                ],
                [
                    2,
                    -4,
                    -5
                ],
                [
                    -3,
                    9,
                    -5
                ],
                [
                    8,
                    7,
                    1
                ],
                [
                    -4,
                    -1,
                    8
                ],
                [
                    -7,
                    6,
                    8
                ],
                [
                    -6,
                    -2,
                    -7
                ],
                [
                    -2,
                    8,
                    -3
                ],
                [
                    -7,
                    -5,
                    -3
                ],
                [
                    8,
                    10,
                    -1
                ],
                [
                    -10,
                    -3,
                    6
                ],
                [
                    -4,
                    -10,
                    7
                ],
                [
                    -10,
                    -9,
                    -8
                ],
                [
                    2,
                    7,
                    -9
                ],
                [
                    1,
                    -7,
                    -3
                ],
                [
                    -2,
                    8,
                    -10
                ],
                [
                    6,
                    3,
                    4
                ],
                [
                    -4,
                    -7,
                    -6
                ],
                [
                    2,
                    7,
                    -10
                ]
            ],
            "{   'fun': 0.97,\n    'jac': None,\n    'nfev': 408,\n    'nit': 3,\n    'njev': 24,\n    'x': array([0.99423189, 0.54689214, 0.10931686, 0.87118922, 1.93291337,\n       1.39376389, 1.24103862, 2.82472792, 2.49340733, 2.50613247,\n       1.43797103, 1.99464046, 2.42585845, 0.03004573, 0.10068177,\n       1.16097037])}",
            {
                "0001101001": 1,
                "1110000111": 1,
                "0011110010": 1,
                "1010110111": 1,
                "1000110000": 1,
                "1110101011": 1,
                "1111111110": 1,
                "1010100001": 1,
                "1001000000": 1,
                "0110000001": 1,
                "1110010100": 1,
                "1100010100": 1,
                "0010110101": 1,
                "1010110101": 1,
                "1011000101": 1,
                "0100011111": 1,
                "0100110000": 1,
                "1110111011": 1,
                "1000011000": 1,
                "1001110001": 1,
                "0110000000": 1,
                "0000010110": 1,
                "0011011111": 1,
                "0001101010": 1,
                "0001111101": 1,
                "1011000011": 1,
                "0100010011": 1,
                "0001010100": 1,
                "0010100010": 1,
                "1100111100": 1,
                "1101010011": 1,
                "0000000000": 1,
                "0100110100": 1,
                "0011001111": 2,
                "1011100010": 1,
                "1001010000": 1,
                "1001111111": 1,
                "0000101010": 1,
                "0101111011": 1,
                "0111100100": 1,
                "1000010001": 1,
                "1000001000": 1,
                "1110010001": 1,
                "1011100110": 1,
                "1100101100": 1,
                "1110001000": 1,
                "1011011011": 2,
                "0110000010": 1,
                "0001111110": 1,
                "1100010000": 1,
                "1001100101": 1,
                "1001100000": 1,
                "1101011001": 1,
                "1001001110": 1,
                "1011100100": 1,
                "0011001011": 3,
                "0010011011": 1,
                "0110100001": 1,
                "0011110001": 1,
                "1101101111": 1,
                "0110001000": 1,
                "1010101001": 1,
                "0101010000": 1,
                "1000110011": 1,
                "1111110000": 1,
                "0100100110": 1,
                "1011001111": 1,
                "0110101101": 1,
                "1011001011": 1,
                "0111110010": 1,
                "1010000101": 1,
                "0011001001": 1,
                "0111010001": 1,
                "1100110000": 1,
                "1111010101": 1,
                "0011101110": 1,
                "0100100111": 2,
                "1111011011": 2,
                "1000110101": 1,
                "0001000000": 1,
                "0111100111": 1,
                "1100011111": 1,
                "1111000101": 2,
                "1111101110": 1,
                "1101001111": 1,
                "1111010001": 1,
                "1001010001": 1,
                "1011101000": 1,
                "1010000110": 1,
                "0010110011": 1,
                "1110001101": 1,
                "0011111100": 1,
                "1011100001": 1
            },
            true,
            0.88
        ],
        [
            [
                [
                    4,
                    9,
                    3
                ],
                [
                    3,
                    9,
                    5
                ],
                [
                    4,
                    -8,
                    9
                ],
                [
                    -5,
                    -1,
                    9
                ],
                [
                    1,
                    -10,
                    5
                ],
                [
                    10,
                    3,
                    -7
                ],
                [
                    -1,
                    -2,
                    -6
                ],
                [
                    4,
                    -2,
                    -8
                ],
                [
                    5,
                    -1,
                    -3
                ],
                [
                    9,
                    2,
                    6
                ],
                [
                    -9,
                    -2,
                    -7
                ],
                [
                    10,
                    4,
                    -7
                ],
                [
                    -8,
                    3,
                    -1
                ],
                [
                    -8,
                    9,
                    -2
                ],
                [
                    2,
                    -10,
                    -6
                ],
                [
                    -9,
                    10,
                    -1
                ],
                [
                    10,
                    7,
                    -1
                ],
                [
                    4,
                    8,
                    5
                ],
                [
                    8,
                    -4,
                    -10
                ],
                [
                    5,
                    -9,
                    -3
                ],
                [
                    1,
                    -7,
                    -6
                ],
                [
                    -6,
                    5,
                    2
                ],
                [
                    -3,
                    -1,
                    -10
                ],
                [
                    -3,
                    -7,
                    5
                ],
                [
                    7,
                    5,
                    -1
                ],
                [
                    -8,
                    9,
                    -7
                ],
                [
                    6,
                    -1,
                    10
                ],
                [
                    10,
                    -3,
                    6
                ],
                [
                    -7,
                    -5,
                    -3
                ],
                [
                    -4,
                    -2,
                    3
                ],
                [
                    9,
                    -5,
                    -8
                ],
                [
                    7,
                    -9,
                    5
                ],
                [
                    4,
                    2,
                    -7
                ],
                [
                    -9,
                    -4,
                    5
                ],
                [
                    -5,
                    -10,
                    1
                ],
                [
                    2,
                    -10,
                    5
                ],
                [
                    -5,
                    1,
                    -9
                ],
                [
                    3,
                    7,
                    -10
                ],
                [
                    1,
                    -4,
                    3
                ],
                [
                    5,
                    -7,
                    -8
                ],
                [
                    5,
                    -7,
                    -8
                ],
                [
                    -4,
                    -9,
                    -10
                ],
                [
                    -7,
                    9,
                    3
                ],
                [
                    -5,
                    1,
                    9
                ],
                [
                    6,
                    -3,
                    8
                ]
            ],
            "{   'fun': 0.98,\n    'jac': None,\n    'nfev': 408,\n    'nit': 2,\n    'njev': 24,\n    'x': array([2.21042625, 0.2824797 , 0.67675556, 2.93531982, 1.93736222,\n       2.7231211 , 2.90185815, 2.05306417, 0.5816385 , 2.08296145,\n       1.4627214 , 0.99884177, 2.19265444, 1.11381182, 0.98094441,\n       1.3925975 ])}",
            {
                "1110100011": 1,
                "0011000011": 1,
                "0101100110": 1,
                "1100110100": 1,
                "1010110101": 1,
                "0110100101": 1,
                "1000100000": 1,
                "0110010010": 1,
                "1110111101": 1,
                "1111001100": 1,
                "0010010111": 1,
                "1011010110": 1,
                "0001101001": 1,
                "1000011101": 1,
                "0110001100": 1,
                "1000001010": 1,
                "0000001101": 1,
                "1011000010": 1,
                "0110001000": 1,
                "1110110010": 1,
                "0100010001": 1,
                "1001111001": 1,
                "0101011110": 1,
                "0100010011": 1,
                "1100111011": 1,
                "0010110011": 1,
                "1000000011": 1,
                "0100100001": 1,
                "1011011111": 1,
                "0000101110": 3,
                "1010100000": 1,
                "1111011000": 1,
                "0011001111": 1,
                "0101010010": 1,
                "0101100001": 2,
                "1100111101": 2,
                "0011000000": 1,
                "0101011101": 1,
                "1000000000": 1,
                "1110011011": 1,
                "1101000010": 1,
                "0011001101": 1,
                "1100111111": 1,
                "0001001110": 1,
                "0100101001": 1,
                "0111010101": 1,
                "0101110001": 1,
                "0000000110": 1,
                "1011110011": 1,
                "1101011001": 1,
                "0000011001": 1,
                "1011101101": 1,
                "1101011110": 1,
                "0100011101": 1,
                "1111010110": 1,
                "0101100000": 1,
                "0111011100": 1,
                "0011011101": 1,
                "0011000111": 1,
                "1010001001": 1,
                "1000100101": 1,
                "0010101010": 1,
                "1001011010": 1,
                "0100000101": 1,
                "1101100000": 1,
                "1001000011": 1,
                "0110000111": 1,
                "1100001000": 1,
                "0000110011": 2,
                "0001101111": 1,
                "1001100001": 1,
                "1111001000": 1,
                "1010110010": 1,
                "1001111110": 2,
                "0011100000": 1,
                "1110101100": 1,
                "1101011010": 1,
                "0001101101": 1,
                "0100000100": 1,
                "0110110000": 1,
                "0001110001": 2,
                "0010010010": 1,
                "1100011001": 2,
                "0010000110": 1,
                "1001111011": 1,
                "1110001010": 1,
                "0000110000": 1,
                "1101101000": 1,
                "0011011011": 1,
                "0001101000": 1,
                "0111110110": 1,
                "0011111110": 1
            },
            true,
            0.95
        ],
        [
            [
                [
                    -8,
                    -5,
                    6
                ],
                [
                    6,
                    -1,
                    -7
                ],
                [
                    -9,
                    2,
                    4
                ],
                [
                    -3,
                    -7,
                    -2
                ],
                [
                    1,
                    -2,
                    -8
                ],
                [
                    -8,
                    3,
                    -6
                ],
                [
                    -10,
                    -1,
                    -6
                ],
                [
                    2,
                    5,
                    -8
                ],
                [
                    -4,
                    -3,
                    2
                ],
                [
                    -3,
                    4,
                    -8
                ],
                [
                    -9,
                    3,
                    -5
                ],
                [
                    6,
                    1,
                    -5
                ],
                [
                    -4,
                    -10,
                    -3
                ],
                [
                    8,
                    -2,
                    -10
                ],
                [
                    2,
                    -4,
                    -7
                ],
                [
                    -1,
                    8,
                    7
                ],
                [
                    -4,
                    10,
                    7
                ],
                [
                    -7,
                    -4,
                    2
                ],
                [
                    2,
                    6,
                    -3
                ],
                [
                    4,
                    -10,
                    -2
                ],
                [
                    1,
                    3,
                    9
                ],
                [
                    5,
                    -4,
                    -10
                ],
                [
                    -4,
                    -2,
                    9
                ],
                [
                    6,
                    3,
                    -2
                ],
                [
                    -4,
                    -9,
                    1
                ],
                [
                    -6,
                    5,
                    2
                ],
                [
                    7,
                    2,
                    -6
                ],
                [
                    1,
                    -10,
                    8
                ],
                [
                    8,
                    6,
                    10
                ],
                [
                    1,
                    -9,
                    2
                ],
                [
                    -2,
                    -10,
                    -7
                ],
                [
                    5,
                    -4,
                    -6
                ],
                [
                    -1,
                    6,
                    -2
                ],
                [
                    2,
                    9,
                    10
                ],
                [
                    10,
                    -7,
                    -1
                ],
                [
                    -6,
                    -4,
                    5
                ],
                [
                    6,
                    -9,
                    7
                ],
                [
                    6,
                    -3,
                    -2
                ],
                [
                    5,
                    1,
                    -10
                ],
                [
                    -8,
                    5,
                    6
                ],
                [
                    8,
                    10,
                    -4
                ],
                [
                    -3,
                    5,
                    -7
                ],
                [
                    7,
                    -3,
                    -9
                ],
                [
                    -7,
                    -6,
                    1
                ],
                [
                    -6,
                    8,
                    10
                ]
            ],
            "{   'fun': 1.0,\n    'jac': None,\n    'nfev': 17,\n    'nit': 0,\n    'njev': 1,\n    'x': array([0.38825716, 0.13096252, 2.9248127 , 0.59288746, 0.88243205,\n       1.49338007, 1.68895206, 1.69995431, 2.15790929, 2.53791634,\n       2.03784244, 1.73961108, 2.35229438, 1.17546822, 1.22510734,\n       1.31621066])}",
            {
                "1100110111": 1,
                "0101100011": 1,
                "1101010100": 1,
                "0001111111": 1,
                "0101010111": 1,
                "0000011000": 1,
                "0010011100": 1,
                "1000010100": 1,
                "1011111111": 1,
                "0101101000": 1,
                "1011001001": 1,
                "1110001000": 1,
                "0011011000": 1,
                "0001101001": 1,
                "0011010110": 1,
                "1111000000": 1,
                "1110100110": 2,
                "1011101001": 1,
                "0110100011": 1,
                "1001000000": 1,
                "1010110100": 2,
                "1110111011": 1,
                "0001100011": 1,
                "0111110101": 1,
                "1001101110": 1,
                "1111010110": 1,
                "0100100011": 1,
                "0101101010": 1,
                "0010000101": 1,
                "1001001010": 1,
                "1011110110": 1,
                "1001011111": 1,
                "1100010101": 1,
                "0111001111": 1,
                "1111000001": 1,
                "0101011001": 1,
                "1010101010": 1,
                "0010101000": 1,
                "0011001000": 1,
                "1011011010": 2,
                "0010000111": 1,
                "1110000011": 1,
                "0000101001": 1,
                "0001111101": 1,
                "0111000101": 1,
                "1001000001": 1,
                "0110110101": 1,
                "1101101000": 1,
                "0000110101": 1,
                "0010110101": 1,
                "1101001110": 1,
                "0011100100": 1,
                "1001100000": 1,
                "1010000100": 1,
                "1101110010": 1,
                "1100100110": 1,
                "1010110110": 1,
                "0010011011": 1,
                "0110000011": 1,
                "1110001100": 1,
                "0110011111": 1,
                "1010110101": 1,
                "0110110010": 1,
                "1100100100": 1,
                "0001110110": 1,
                "1001011010": 1,
                "1011110101": 1,
                "0101010011": 1,
                "1100100000": 1,
                "0110000001": 1,
                "1101110111": 1,
                "1011111000": 1,
                "0111111101": 1,
                "1100100001": 1,
                "0000101110": 3,
                "0011110000": 1,
                "0101010001": 1,
                "1010011101": 1,
                "0101110011": 1,
                "0100111001": 1,
                "0110111010": 1,
                "0010101100": 1,
                "1111001100": 1,
                "0110111111": 1,
                "0001110000": 1,
                "0110011011": 1,
                "0011010000": 1,
                "1111011011": 1,
                "1001101000": 1,
                "1111001111": 1,
                "0001010001": 1,
                "0000011010": 1,
                "0001110010": 1,
                "0111001110": 1,
                "0111110110": 1
            },
            false,
            1.0
        ],
        [
            [
                [
                    -4,
                    -5,
                    -6
                ],
                [
                    10,
                    -6,
                    -8
                ],
                [
                    5,
                    8,
                    1
                ],
                [
                    8,
                    10,
                    7
                ],
                [
                    3,
                    6,
                    10
                ],
                [
                    4,
                    2,
                    7
                ],
                [
                    4,
                    -10,
                    6
                ],
                [
                    -1,
                    -8,
                    -3
                ],
                [
                    1,
                    -7,
                    9
                ],
                [
                    6,
                    -9,
                    -1
                ],
                [
                    -5,
                    -7,
                    -2
                ],
                [
                    1,
                    2,
                    8
                ],
                [
                    -3,
                    7,
                    10
                ],
                [
                    1,
                    -10,
                    7
                ],
                [
                    -10,
                    -6,
                    -2
                ],
                [
                    3,
                    -4,
                    -8
                ],
                [
                    10,
                    -2,
                    6
                ],
                [
                    8,
                    -1,
                    2
                ],
                [
                    -1,
                    2,
                    -8
                ],
                [
                    3,
                    6,
                    -9
                ],
                [
                    5,
                    -6,
                    8
                ],
                [
                    9,
                    -2,
                    1
                ],
                [
                    2,
                    -6,
                    -10
                ],
                [
                    2,
                    5,
                    1
                ],
                [
                    -5,
                    8,
                    1
                ],
                [
                    9,
                    -8,
                    6
                ],
                [
                    -1,
                    -3,
                    -2
                ],
                [
                    5,
                    3,
                    2
                ],
                [
                    -6,
                    2,
                    4
                ],
                [
                    -1,
                    -9,
                    5
                ],
                [
                    -4,
                    -2,
                    6
                ],
                [
                    -1,
                    4,
                    9
                ],
                [
                    3,
                    4,
                    -8
                ],
                [
                    -5,
                    -6,
                    1
                ],
                [
                    3,
                    -2,
                    -7
                ],
                [
                    6,
                    5,
                    10
                ],
                [
                    3,
                    -10,
                    2
                ],
                [
                    4,
                    -6,
                    -3
                ],
                [
                    10,
                    -3,
                    -4
                ],
                [
                    -2,
                    7,
                    10
                ],
                [
                    -5,
                    -2,
                    3
                ],
                [
                    4,
                    10,
                    -3
                ],
                [
                    -7,
                    -9,
                    -5
                ],
                [
                    4,
                    -5,
                    -2
                ],
                [
                    -1,
                    8,
                    6
                ]
            ],
            "{   'fun': 1.0,\n    'jac': None,\n    'nfev': 17,\n    'nit': 0,\n    'njev': 1,\n    'x': array([2.12928338, 2.19548901, 0.75667064, 0.58680094, 3.11687911,\n       0.28571532, 0.28622394, 2.40393511, 0.90792991, 2.0459933 ,\n       1.48370792, 1.29345348, 0.69474399, 1.55667437, 2.86092225,\n       1.30557607])}",
            {
                "0000011100": 1,
                "1101110100": 1,
                "0100110100": 1,
                "0111000010": 1,
                "0100111101": 1,
                "1111111000": 1,
                "1101110010": 1,
                "1100011100": 1,
                "1111011111": 1,
                "1000100010": 1,
                "0000010100": 1,
                "0111101010": 1,
                "1010101101": 1,
                "0001101110": 1,
                "0000111001": 1,
                "1001011101": 1,
                "1001000110": 1,
                "1011010001": 1,
                "1011110110": 1,
                "0000100001": 1,
                "1111011101": 1,
                "1000111001": 1,
                "1011100100": 1,
                "1111100000": 1,
                "1110111000": 1,
                "1001100010": 1,
                "1100001000": 1,
                "0110011110": 1,
                "1100101000": 1,
                "0110000000": 1,
                "0101110011": 1,
                "1110110001": 2,
                "1100011010": 1,
                "1101101000": 1,
                "0000110000": 1,
                "1001110101": 1,
                "0111000110": 1,
                "1010000011": 1,
                "1011111000": 1,
                "1101100000": 1,
                "1101010101": 1,
                "0001111001": 1,
                "0100001110": 1,
                "0101100010": 1,
                "0101110001": 1,
                "1101101010": 1,
                "0110101111": 1,
                "0000101011": 1,
                "1011100000": 1,
                "1101110011": 1,
                "0001001010": 1,
                "1111010010": 1,
                "0111111111": 1,
                "0110010001": 1,
                "0000001000": 1,
                "0111001001": 1,
                "1111110101": 1,
                "1110000101": 1,
                "0100101011": 1,
                "1110100000": 1,
                "1100001100": 1,
                "1111001011": 1,
                "1110010010": 1,
                "0010101001": 1,
                "0101001010": 1,
                "0011010101": 1,
                "1101111100": 1,
                "1111001111": 2,
                "0101101000": 1,
                "0010100111": 1,
                "0010000110": 1,
                "0010100001": 1,
                "1000010000": 1,
                "0101011100": 1,
                "0000001101": 1,
                "0011011011": 2,
                "0101100101": 1,
                "1100010101": 1,
                "0000111111": 1,
                "1011111110": 1,
                "1100011111": 1,
                "1000011100": 1,
                "1101111000": 1,
                "1000110110": 1,
                "1010100001": 1,
                "1110101110": 1,
                "0100000100": 1,
                "1011001010": 1,
                "0001011110": 1,
                "0110001010": 1,
                "0111010010": 1,
                "0010111011": 1,
                "1011010110": 1,
                "0110010011": 1,
                "0101000100": 1,
                "1000101101": 1,
                "0101010110": 1
            },
            false,
            1.0
        ],
        [
            [
                [
                    1,
                    6,
                    -7
                ],
                [
                    5,
                    6,
                    7
                ],
                [
                    3,
                    2,
                    -4
                ],
                [
                    1,
                    -2,
                    9
                ],
                [
                    -8,
                    6,
                    -5
                ],
                [
                    9,
                    5,
                    -6
                ],
                [
                    -6,
                    1,
                    -9
                ],
                [
                    -4,
                    -10,
                    -5
                ],
                [
                    2,
                    7,
                    -4
                ],
                [
                    10,
                    -5,
                    -3
                ],
                [
                    4,
                    2,
                    -8
                ],
                [
                    -8,
                    9,
                    -1
                ],
                [
                    6,
                    9,
                    5
                ],
                [
                    6,
                    -4,
                    3
                ],
                [
                    -6,
                    5,
                    2
                ],
                [
                    3,
                    -7,
                    8
                ],
                [
                    2,
                    -1,
                    -3
                ],
                [
                    10,
                    -1,
                    8
                ],
                [
                    -9,
                    -7,
                    -8
                ],
                [
                    1,
                    -8,
                    6
                ],
                [
                    -2,
                    -7,
                    5
                ],
                [
                    -1,
                    -10,
                    2
                ],
                [
                    -7,
                    8,
                    9
                ],
                [
                    3,
                    9,
                    8
                ],
                [
                    -9,
                    -7,
                    -3
                ],
                [
                    4,
                    1,
                    -5
                ],
                [
                    -2,
                    -3,
                    10
                ],
                [
                    -4,
                    3,
                    -5
                ],
                [
                    5,
                    9,
                    -2
                ],
                [
                    -6,
                    1,
                    -4
                ],
                [
                    2,
                    9,
                    4
                ],
                [
                    5,
                    4,
                    -8
                ],
                [
                    4,
                    6,
                    -5
                ],
                [
                    -9,
                    -6,
                    4
                ],
                [
                    9,
                    -2,
                    -6
                ],
                [
                    7,
                    -3,
                    2
                ],
                [
                    -5,
                    2,
                    -4
                ],
                [
                    -9,
                    7,
                    2
                ],
                [
                    -4,
                    10,
                    -1
                ],
                [
                    -10,
                    -8,
                    5
                ],
                [
                    5,
                    -6,
                    7
                ],
                [
                    4,
                    2,
                    1
                ],
                [
                    -10,
                    3,
                    -9
                ],
                [
                    6,
                    -8,
                    -7
                ],
                [
                    1,
                    4,
                    -2
                ]
            ],
            "{   'fun': 1.0,\n    'jac': None,\n    'nfev': 17,\n    'nit': 0,\n    'njev': 1,\n    'x': array([3.07603737, 2.62198774, 1.82712762, 0.9615604 , 1.00635095,\n       0.43652002, 0.13419933, 2.946868  , 1.88323138, 1.02495988,\n       0.89883637, 0.40294331, 2.42423112, 2.60040618, 1.16810642,\n       1.31362451])}",
            {
                "0110110100": 1,
                "1000010000": 1,
                "0001000011": 1,
                "1101110111": 1,
                "0000101000": 1,
                "0010000010": 1,
                "0000110111": 1,
                "0110000110": 1,
                "1111100111": 1,
                "1011111101": 1,
                "1010110110": 1,
                "0100101101": 1,
                "1000111110": 1,
                "0001011101": 1,
                "1110111101": 1,
                "1000011110": 1,
                "1100000000": 1,
                "1101001111": 1,
                "1100001010": 1,
                "1001110111": 1,
                "1110100011": 1,
                "1110100110": 1,
                "1001110010": 1,
                "1100111110": 1,
                "0001100111": 1,
                "1010010011": 1,
                "1010101111": 1,
                "0011110011": 1,
                "0100001110": 1,
                "1101010100": 1,
                "1100011101": 1,
                "0000101100": 1,
                "0101100100": 1,
                "1011110110": 1,
                "1101010000": 1,
                "1101111011": 1,
                "0110001010": 1,
                "1110011110": 1,
                "1011011010": 1,
                "0010101101": 1,
                "0000011111": 1,
                "0111010101": 1,
                "0010101100": 1,
                "0100110110": 1,
                "1000011001": 1,
                "0010000101": 1,
                "0011101100": 1,
                "0011100100": 1,
                "0001110011": 1,
                "0000001000": 1,
                "0111100101": 1,
                "0010011100": 1,
                "0011101110": 1,
                "0010010010": 1,
                "1101100101": 1,
                "0001101000": 1,
                "0011011011": 1,
                "1010111010": 1,
                "1111111001": 1,
                "0101001101": 2,
                "0101111011": 1,
                "0101111010": 1,
                "1110001001": 1,
                "0110011001": 1,
                "1110000001": 1,
                "1011011011": 1,
                "1010100000": 1,
                "0000101110": 1,
                "1010100011": 1,
                "1101011011": 1,
                "1110111000": 1,
                "1000101011": 1,
                "0000100101": 1,
                "0011010110": 1,
                "0000101011": 1,
                "0100101011": 1,
                "0101111000": 1,
                "1011111111": 1,
                "0101101011": 1,
                "0011001100": 1,
                "0000100000": 1,
                "0111010000": 1,
                "0001110101": 1,
                "0011001110": 1,
                "0010010001": 1,
                "1110010001": 1,
                "1100011011": 1,
                "0001000000": 1,
                "1111100000": 1,
                "1100010001": 1,
                "1000110111": 1,
                "1000110001": 1,
                "0001101001": 1,
                "1101101010": 1,
                "1011011100": 1,
                "1101000111": 1,
                "0110111000": 1,
                "1111000000": 1,
                "1100101110": 1
            },
            false,
            1.0
        ]
    ]
}