{
    "n": 10,
    "m": 45,
    "results": [
        [
            [
                [
                    8,
                    -2,
                    5
                ],
                [
                    9,
                    -5,
                    7
                ],
                [
                    -4,
                    -7,
                    -1
                ],
                [
                    -7,
                    -10,
                    9
                ],
                [
                    7,
                    8,
                    -3
                ],
                [
                    -8,
                    7,
                    3
                ],
                [
                    -2,
                    -6,
                    -8
                ],
                [
                    -4,
                    -9,
                    8
                ],
                [
                    3,
                    -2,
                    5
                ],
                [
                    5,
                    -7,
                    -9
                ],
                [
                    -2,
                    5,
                    3
                ],
                [
                    -6,
                    -1,
                    5
                ],
                [
                    9,
                    8,
                    6
                ],
                [
                    -10,
                    -1,
                    -7
                ],
                [
                    -4,
                    -2,
                    -3
                ],
                [
                    -9,
                    6,
                    1
                ],
                [
                    3,
                    10,
                    8
                ],
                [
                    -5,
                    2,
                    -4
                ],
                [
                    -9,
                    -6,
                    3
                ],
                [
                    10,
                    3,
                    1
                ],
                [
                    -8,
                    -10,
                    2
                ],
                [
                    3,
                    7,
                    9
                ],
                [
                    -10,
                    -5,
                    -7
                ],
                [
                    8,
                    -7,
                    1
                ],
                [
                    10,
                    -3,
                    6
                ],
                [
                    3,
                    9,
                    -10
                ],
                [
                    9,
                    7,
                    10
                ],
                [
                    10,
                    7,
                    5
                ],
                [
                    -3,
                    9,
                    -5
                ],
                [
                    3,
                    8,
                    10
                ],
                [
                    -8,
                    5,
                    -7
                ],
                [
                    6,
                    2,
                    4
                ],
                [
                    8,
                    3,
                    -10
                ],
                [
                    -4,
                    -3,
                    5
                ],
                [
                    -5,
                    -3,
                    -8
                ],
                [
                    -2,
                    1,
                    9
                ],
                [
                    -4,
                    1,
                    -10
                ],
                [
                    6,
                    -1,
                    2
                ],
                [
                    4,
                    6,
                    10
                ],
                [
                    2,
                    -8,
                    7
                ],
                [
                    8,
                    -10,
                    7
                ],
                [
                    -7,
                    5,
                    3
                ],
                [
                    -1,
                    3,
                    -9
                ],
                [
                    -8,
                    -1,
                    -9
                ],
                [
                    -4,
                    -10,
                    6
                ]
            ],
            "{   'fun': 4.97,\n    'jac': None,\n    'nfev': 67,\n    'nit': None,\n    'njev': None,\n    'x': array([1.81631372, 1.49482775, 0.25660039, 0.60305049, 0.75135563,\n       0.35529516, 2.16442773, 3.12577513])}",
            {
                "1101111100": 1,
                "0000110111": 1,
                "0010111001": 1,
                "0000001110": 1,
                "1010111011": 1,
                "0010100111": 1,
                "0110011110": 1,
                "0010110100": 1,
                "0100001100": 1,
                "1110110111": 1,
                "0000001101": 1,
                "1100011011": 1,
                "0111101111": 1,
                "0110010111": 1,
                "0011111001": 1,
                "1011000101": 1,
                "1010011011": 1,
                "0100000010": 1,
                "1110001011": 1,
                "0111110111": 1,
                "1010111111": 1,
                "0101001010": 1,
                "0100000111": 1,
                "1011111010": 1,
                "0010100011": 1,
                "1111100010": 2,
                "0011110011": 1,
                "1010011010": 2,
                "0011010011": 1,
                "1011010010": 1,
                "0011100011": 1,
                "0110100111": 2,
                "1010110011": 1,
                "1100111111": 2,
                "1011100000": 1,
                "0110011000": 1,
                "1110111000": 1,
                "0001000100": 1,
                "1100001011": 1,
                "0101111111": 1,
                "0100011100": 1,
                "1010100111": 1,
                "1110110101": 1,
                "1011010011": 1,
                "0100010001": 2,
                "1110000100": 1,
                "1001001101": 1,
                "1111110101": 2,
                "0111111000": 1,
                "0111000001": 1,
                "0010011110": 1,
                "0010000101": 1,
                "1101011001": 1,
                "0010100101": 1,
                "0001010010": 1,
                "1111100011": 1,
                "1100100110": 1,
                "1011110111": 1,
                "1101110110": 1,
                "0111111110": 1,
                "1100100000": 1,
                "1101100111": 1,
                "0001011111": 1,
                "0010111010": 1,
                "0110111101": 1,
                "1010000010": 1,
                "0010101100": 1,
                "0111111010": 3,
                "1101001111": 1,
                "1010010010": 1,
                "1100110011": 1,
                "0000110100": 1,
                "1000110101": 1,
                "0000010001": 1,
                "0000000110": 1,
                "1101001000": 2,
                "1100111001": 1,
                "1100101111": 1,
                "1001010010": 2,
                "1011111110": 1,
                "0000000011": 1,
                "0010110101": 2,
                "1010000001": 1,
                "0110110010": 1,
                "1111100110": 1,
                "0000110101": 1,
                "1001000110": 1,
                "1001011101": 2
            },
            false,
            4.61
        ],
        [
            [
                [
                    6,
                    2,
                    -8
                ],
                [
                    5,
                    -2,
                    -6
                ],
                [
                    6,
                    -3,
                    7
                ],
                [
                    -9,
                    -4,
                    -7
                ],
                [
                    1,
                    3,
                    4
                ],
                [
                    2,
                    -1,
                    3
                ],
                [
                    9,
                    -2,
                    -5
                ],
                [
                    3,
                    -8,
                    -4
                ],
                [
                    5,
                    7,
                    6
                ],
                [
                    -6,
                    2,
                    1
                ],
                [
                    -7,
                    -5,
                    -9
                ],
                [
                    -7,
                    3,
                    8
                ],
                [
                    8,
                    -9,
                    -1
                ],
                [
                    -10,
                    -5,
                    8
                ],
                [
                    -2,
                    -5,
                    -10
                ],
                [
                    -6,
                    -9,
                    -7
                ],
                [
                    -8,
                    -7,
                    4
                ],
                [
                    -4,
                    2,
                    -1
                ],
                [
                    -7,
                    -3,
                    -1
                ],
                [
                    1,
                    9,
                    4
                ],
                [
                    7,
                    9,
                    5
                ],
                [
                    -6,
                    -1,
                    7
                ],
                [
                    9,
                    -3,
                    2
                ],
                [
                    9,
                    7,
                    -6
                ],
                [
                    10,
                    -9,
                    6
                ],
                [
                    -9,
                    4,
                    1
                ],
                [
                    7,
                    -4,
                    5
                ],
                [
                    4,
                    2,
                    -1
                ],
                [
                    10,
                    6,
                    9
                ],
                [
                    7,
                    -10,
                    8
                ],
                [
                    -6,
                    -10,
                    -4
                ],
                [
                    -2,
                    -1,
                    -7
                ],
                [
                    9,
                    2,
                    3
                ],
                [
                    -8,
                    -10,
                    -2
                ],
                [
                    3,
                    2,
                    10
                ],
                [
                    9,
                    -6,
                    -8
                ],
                [
                    10,
                    -5,
                    6
                ],
                [
                    -7,
                    -4,
                    3
                ],
                [
                    8,
                    3,
                    -1
                ],
                [
                    6,
                    -10,
                    4
                ],
                [
                    6,
                    -5,
                    -4
                ],
                [
                    -5,
                    -4,
                    9
                ],
                [
                    2,
                    -10,
                    4
                ],
                [
                    -4,
                    8,
                    5
                ],
                [
                    6,
                    -4,
                    -7
                ]
            ],
            "{   'fun': 2.6,\n    'jac': None,\n    'nfev': 90,\n    'nit': None,\n    'njev': None,\n    'x': array([ 2.01919483,  3.19619998,  0.79736759, -0.30142452,  0.24369043,\n        3.90245968,  1.94036464,  0.32331127])}",
            {
                "0100100010": 1,
                "1111101110": 1,
                "0111001110": 1,
                "0010011011": 1,
                "0100001111": 1,
                "0011110100": 1,
                "0010010010": 1,
                "0110011000": 2,
                "1111000010": 1,
                "1110111000": 1,
                "1110011100": 2,
                "0010011010": 1,
                "0111110010": 3,
                "0110001011": 2,
                "0101000111": 1,
                "0010001010": 1,
                "0111001000": 1,
                "1110000111": 1,
                "0001100111": 1,
                "0010111001": 1,
                "0111110110": 6,
                "1110001101": 1,
                "0101110110": 2,
                "1100111110": 1,
                "0011110011": 1,
                "1100101111": 1,
                "0110011111": 1,
                "0110110010": 8,
                "0111001100": 3,
                "0110111000": 2,
                "0110110110": 3,
                "0011110110": 1,
                "0011011001": 1,
                "1100010110": 2,
                "1010010111": 1,
                "0111010010": 2,
                "0101010110": 1,
                "0110001001": 3,
                "0111001101": 1,
                "0011001111": 1,
                "0111011100": 1,
                "0110001111": 1,
                "1110001000": 1,
                "0111111100": 1,
                "0101100111": 1,
                "1110110110": 7,
                "0110010010": 2,
                "0111011110": 1,
                "1110010010": 1,
                "1100110110": 1,
                "0110110000": 1,
                "0110101011": 1,
                "0101000010": 1,
                "1110011000": 1,
                "0001110000": 1,
                "0101001101": 1,
                "0110001000": 5,
                "1110010110": 3,
                "0110011010": 2
            },
            false,
            2.29
        ],
        [
            [
                [
                    6,
                    7,
                    3
                ],
                [
                    9,
                    -3,
                    8
                ],
                [
                    3,
                    4,
                    8
                ],
                [
                    -10,
                    3,
                    7
                ],
                [
                    -8,
                    -4,
                    -2
                ],
                [
                    10,
                    -7,
                    1
                ],
                [
                    3,
                    -4,
                    -2
                ],
                [
                    4,
                    -5,
                    10
                ],
                [
                    -4,
                    -2,
                    7
                ],
                [
                    3,
                    7,
                    9
                ],
                [
                    -3,
                    -6,
                    1
                ],
                [
                    -2,
                    -5,
                    4
                ],
                [
                    -5,
                    -10,
                    4
                ],
                [
                    -9,
                    -5,
                    4
                ],
                [
                    5,
                    7,
                    6
                ],
                [
                    4,
                    -2,
                    9
                ],
                [
                    3,
                    7,
                    -10
                ],
                [
                    6,
                    -1,
                    -2
                ],
                [
                    -9,
                    4,
                    -6
                ],
                [
                    -6,
                    10,
                    -5
                ],
                [
                    8,
                    -10,
                    6
                ],
                [
                    1,
                    3,
                    4
                ],
                [
                    -1,
                    8,
                    4
                ],
                [
                    -3,
                    -7,
                    6
                ],
                [
                    -9,
                    5,
                    -7
                ],
                [
                    -5,
                    6,
                    9
                ],
                [
                    -2,
                    4,
                    -7
                ],
                [
                    1,
                    -9,
                    5
                ],
                [
                    -7,
                    9,
                    5
                ],
                [
                    -6,
                    9,
                    1
                ],
                [
                    -6,
                    -10,
                    8
                ],
                [
                    -5,
                    -4,
                    8
                ],
                [
                    -6,
                    -8,
                    3
                ],
                [
                    1,
                    7,
                    5
                ],
                [
                    1,
                    8,
                    2
                ],
                [
                    -6,
                    -9,
                    -3
                ],
                [
                    3,
                    -6,
                    4
                ],
                [
                    5,
                    -7,
                    -8
                ],
                [
                    1,
                    10,
                    -7
                ],
                [
                    10,
                    -7,
                    6
                ],
                [
                    5,
                    -4,
                    -7
                ],
                [
                    -2,
                    8,
                    5
                ],
                [
                    -10,
                    -1,
                    5
                ],
                [
                    8,
                    7,
                    -6
                ],
                [
                    -5,
                    -8,
                    7
                ]
            ],
            "{   'fun': 1.7,\n    'jac': None,\n    'nfev': 97,\n    'nit': None,\n    'njev': None,\n    'x': array([2.59114299, 2.81067635, 1.51773369, 1.48280324, 0.44747447,\n       0.67568677, 1.83575057, 2.83728107])}",
            {
                "1011000111": 1,
                "1001111110": 1,
                "0011101111": 1,
                "1010000101": 1,
                "1011101100": 1,
                "0011100111": 1,
                "1011111001": 1,
                "1111110111": 1,
                "1010110100": 1,
                "1001111001": 1,
                "1001001100": 1,
                "1001110011": 1,
                "1001010110": 1,
                "1010101000": 1,
                "1011100111": 1,
                "1001000101": 1,
                "1011111011": 2,
                "1010100100": 1,
                "1011101101": 2,
                "0011100011": 1,
                "1001111000": 1,
                "1001111011": 2,
                "0001001111": 1,
                "1011110101": 1,
                "1010010100": 3,
                "1001101111": 4,
                "0101101001": 1,
                "1011111101": 3,
                "1011000100": 5,
                "1010000100": 2,
                "1010000110": 4,
                "1011000110": 6,
                "0011111111": 1,
                "1001010010": 1,
                "0001101111": 1,
                "0011110111": 1,
                "1010001100": 1,
                "1001101011": 1,
                "1011010100": 12,
                "1001111010": 6,
                "1011111110": 2,
                "1011101111": 2,
                "1001101000": 1,
                "1110000100": 1,
                "1001010111": 1,
                "1011101110": 3,
                "1011111111": 2,
                "1111111011": 1,
                "1000001100": 2,
                "1011111100": 2,
                "1011010110": 1,
                "0110000100": 1,
                "1011100110": 2
            },
            false,
            1.27
        ],
        [
            [
                [
                    -5,
                    -1,
                    -10
                ],
                [
                    6,
                    -2,
                    -10
                ],
                [
                    9,
                    3,
                    8
                ],
                [
                    7,
                    -1,
                    -10
                ],
                [
                    10,
                    3,
                    -1
                ],
                [
                    1,
                    -9,
                    -10
                ],
                [
                    -4,
                    -5,
                    2
                ],
                [
                    -1,
                    -6,
                    8
                ],
                [
                    1,
                    -4,
                    3
                ],
                [
                    -2,
                    -6,
                    -10
                ],
                [
                    6,
                    8,
                    -1
                ],
                [
                    -10,
                    6,
                    -8
                ],
                [
                    7,
                    -3,
                    -9
                ],
                [
                    5,
                    -2,
                    1
                ],
                [
                    8,
                    -6,
                    -2
                ],
                [
                    -10,
                    9,
                    5
                ],
                [
                    -8,
                    -10,
                    -1
                ],
                [
                    -8,
                    7,
                    -1
                ],
                [
                    -5,
                    -3,
                    10
                ],
                [
                    7,
                    8,
                    -1
                ],
                [
                    -7,
                    3,
                    6
                ],
                [
                    10,
                    7,
                    -5
                ],
                [
                    -6,
                    -8,
                    2
                ],
                [
                    9,
                    -2,
                    -10
                ],
                [
                    -10,
                    -5,
                    -7
                ],
                [
                    -6,
                    -3,
                    -4
                ],
                [
                    -10,
                    -7,
                    -4
                ],
                [
                    6,
                    10,
                    -8
                ],
                [
                    6,
                    -9,
                    2
                ],
                [
                    -4,
                    -1,
                    -9
                ],
                [
                    5,
                    -8,
                    -6
                ],
                [
                    -1,
                    5,
                    -2
                ],
                [
                    10,
                    2,
                    -7
                ],
                [
                    9,
                    10,
                    4
                ],
                [
                    1,
                    9,
                    -5
                ],
                [
                    -3,
                    -10,
                    9
                ],
                [
                    -8,
                    6,
                    -2
                ],
                [
                    -6,
                    -5,
                    1
                ],
                [
                    6,
                    -1,
                    7
                ],
                [
                    7,
                    -2,
                    -8
                ],
                [
                    10,
                    7,
                    -6
                ],
                [
                    -2,
                    5,
                    6
                ],
                [
                    -6,
                    4,
                    9
                ],
                [
                    -5,
                    -4,
                    8
                ],
                [
                    7,
                    3,
                    -1
                ]
            ],
            "{   'fun': 2.93,\n    'jac': None,\n    'nfev': 86,\n    'nit': None,\n    'njev': None,\n    'x': array([ 5.84617123e-04,  2.87741379e+00,  6.26895366e-01, -2.04750258e-01,\n        2.74700411e+00,  2.53125992e+00,  4.14220767e-01,  2.43380205e+00])}",
            {
                "1010001011": 1,
                "0101111100": 1,
                "0100000100": 1,
                "1010111100": 1,
                "0110001010": 1,
                "0011000001": 1,
                "1010011010": 1,
                "0110101001": 1,
                "0001111000": 1,
                "1110000010": 1,
                "0111101001": 1,
                "0110100010": 1,
                "0000000010": 2,
                "0000010010": 3,
                "0001001100": 1,
                "0101011100": 2,
                "0100100011": 1,
                "0110101110": 1,
                "0001100101": 1,
                "1010101000": 1,
                "0110100011": 2,
                "0011100000": 1,
                "1000000110": 1,
                "0110101010": 1,
                "0100111110": 2,
                "0010011010": 1,
                "0111011010": 1,
                "0111001010": 1,
                "1010110011": 1,
                "1011001000": 3,
                "1111100000": 1,
                "1110001000": 1,
                "1111100101": 1,
                "1101111100": 2,
                "1001011100": 2,
                "0011001000": 1,
                "1110100110": 2,
                "0010001001": 2,
                "1110111110": 2,
                "0001010001": 1,
                "1101011011": 1,
                "0011001001": 1,
                "1010001110": 1,
                "1100111110": 2,
                "0100101010": 2,
                "0000010000": 1,
                "1001011011": 1,
                "1011001100": 2,
                "0001010011": 2,
                "0000010111": 1,
                "1000011011": 2,
                "1010101001": 1,
                "0011010010": 1,
                "0010001011": 3,
                "1000011111": 1,
                "0000110111": 2,
                "0010110011": 1,
                "1001110101": 1,
                "0000001010": 2,
                "1011000001": 1,
                "1000110011": 1,
                "0101001100": 1,
                "0000100011": 1,
                "0000010011": 4,
                "0000111110": 1,
                "1100111011": 1,
                "0010100001": 1,
                "1010011011": 2,
                "0000011111": 1,
                "0010001010": 4,
                "0011001011": 1
            },
            false,
            2.57
        ],
        [
            [
                [
                    -2,
                    -5,
                    -8
                ],
                [
                    -7,
                    -2,
                    -5
                ],
                [
                    -8,
                    6,
                    1
                ],
                [
                    9,
                    6,
                    2
                ],
                [
                    1,
                    4,
                    -5
                ],
                [
                    -8,
                    5,
                    -2
                ],
                [
                    7,
                    -2,
                    -1
                ],
                [
                    -6,
                    -5,
                    9
                ],
                [
                    3,
                    -6,
                    2
                ],
                [
                    -9,
                    10,
                    5
                ],
                [
                    -9,
                    -8,
                    -1
                ],
                [
                    -6,
                    -4,
                    7
                ],
                [
                    6,
                    8,
                    -3
                ],
                [
                    9,
                    4,
                    -6
                ],
                [
                    5,
                    2,
                    4
                ],
                [
                    5,
                    4,
                    9
                ],
                [
                    -3,
                    2,
                    8
                ],
                [
                    4,
                    8,
                    3
                ],
                [
                    6,
                    9,
                    -7
                ],
                [
                    5,
                    -7,
                    -2
                ],
                [
                    -8,
                    -9,
                    -2
                ],
                [
                    4,
                    2,
                    8
                ],
                [
                    8,
                    -9,
                    -3
                ],
                [
                    8,
                    -5,
                    9
                ],
                [
                    10,
                    8,
                    3
                ],
                [
                    2,
                    3,
                    10
                ],
                [
                    10,
                    3,
                    -5
                ],
                [
                    4,
                    -2,
                    -1
                ],
                [
                    2,
                    10,
                    -4
                ],
                [
                    3,
                    -9,
                    1
                ],
                [
                    -10,
                    -7,
                    9
                ],
                [
                    2,
                    9,
                    3
                ],
                [
                    10,
                    -9,
                    1
                ],
                [
                    3,
                    5,
                    -4
                ],
                [
                    -4,
                    9,
                    -6
                ],
                [
                    -10,
                    -9,
                    8
                ],
                [
                    4,
                    -6,
                    8
                ],
                [
                    4,
                    5,
                    -9
                ],
                [
                    4,
                    10,
                    -6
                ],
                [
                    -9,
                    3,
                    7
                ],
                [
                    -2,
                    -10,
                    5
                ],
                [
                    2,
                    -7,
                    -10
                ],
                [
                    10,
                    -3,
                    1
                ],
                [
                    2,
                    5,
                    4
                ],
                [
                    -2,
                    -7,
                    -1
                ]
            ],
            "{   'fun': 4.13,\n    'jac': None,\n    'nfev': 82,\n    'nit': None,\n    'njev': None,\n    'x': array([2.45439346, 1.66117804, 0.03866518, 1.47123622, 0.74475095,\n       1.86091347, 1.10146837, 1.54007427])}",
            {
                "0110110011": 1,
                "0111000111": 1,
                "1101101001": 1,
                "0111000101": 1,
                "0100000101": 1,
                "0101101000": 1,
                "0110110101": 1,
                "1010111011": 1,
                "0111111111": 1,
                "0100111101": 1,
                "1111011110": 1,
                "1010000011": 1,
                "1101010110": 1,
                "1111001111": 1,
                "1111100101": 1,
                "1010100111": 1,
                "0011000010": 2,
                "1111110011": 2,
                "1111100111": 3,
                "1010111001": 2,
                "0000110101": 1,
                "1111000111": 1,
                "0011100100": 1,
                "1001100000": 1,
                "0111010011": 1,
                "1010111111": 1,
                "1101110010": 1,
                "0011110111": 3,
                "1011100100": 4,
                "1000100101": 1,
                "1011010111": 4,
                "1010011111": 1,
                "1011110011": 1,
                "0110010101": 1,
                "0110111000": 1,
                "1011100101": 1,
                "1011100001": 1,
                "1111000100": 3,
                "1011101111": 1,
                "0111110100": 1,
                "1101100001": 2,
                "0011010111": 1,
                "1010101011": 1,
                "0011001000": 1,
                "0011101110": 1,
                "1011110010": 1,
                "1101100101": 1,
                "1011101101": 2,
                "1101110001": 1,
                "1111101001": 1,
                "0001000010": 1,
                "0111100110": 1,
                "1010111110": 1,
                "1111110101": 1,
                "1011110111": 1,
                "1111111101": 1,
                "1010110110": 1,
                "0010000111": 1,
                "0111010101": 1,
                "1010100101": 1,
                "0111011101": 2,
                "0111101100": 1,
                "0110000101": 1,
                "1000100010": 1,
                "0010010011": 1,
                "1001100111": 1,
                "0011100010": 1,
                "0000001100": 1,
                "0001100001": 1,
                "1001100110": 1,
                "0101010101": 1,
                "0101010010": 1,
                "1111101111": 1,
                "1111100011": 1,
                "0011101011": 1,
                "1010100011": 1,
                "1111100000": 1,
                "0111100111": 1,
                "0001100111": 1,
                "0000000001": 1,
                "0111011111": 1,
                "0111111000": 1
            },
            false,
            3.71
        ]
    ]
}