{
    "n": 10,
    "m": 45,
    "results": [
        [
            [
                [
                    8,
                    -1,
                    5
                ],
                [
                    7,
                    -8,
                    -9
                ],
                [
                    -2,
                    8,
                    4
                ],
                [
                    -2,
                    6,
                    8
                ],
                [
                    9,
                    -10,
                    -7
                ],
                [
                    5,
                    -9,
                    -3
                ],
                [
                    9,
                    -10,
                    -4
                ],
                [
                    -10,
                    -7,
                    -6
                ],
                [
                    2,
                    -9,
                    5
                ],
                [
                    -5,
                    10,
                    -7
                ],
                [
                    6,
                    -2,
                    4
                ],
                [
                    -10,
                    -9,
                    -7
                ],
                [
                    9,
                    -5,
                    1
                ],
                [
                    -10,
                    -7,
                    9
                ],
                [
                    10,
                    -9,
                    3
                ],
                [
                    6,
                    1,
                    -3
                ],
                [
                    -9,
                    -1,
                    -8
                ],
                [
                    -9,
                    -5,
                    3
                ],
                [
                    -3,
                    9,
                    8
                ],
                [
                    7,
                    -5,
                    1
                ],
                [
                    3,
                    9,
                    7
                ],
                [
                    -7,
                    8,
                    -9
                ],
                [
                    4,
                    9,
                    -2
                ],
                [
                    3,
                    -8,
                    -9
                ],
                [
                    -2,
                    -9,
                    8
                ],
                [
                    -2,
                    3,
                    -10
                ],
                [
                    -6,
                    1,
                    3
                ],
                [
                    3,
                    6,
                    -8
                ],
                [
                    -2,
                    5,
                    1
                ],
                [
                    3,
                    4,
                    7
                ],
                [
                    -3,
                    1,
                    -5
                ],
                [
                    2,
                    -10,
                    -7
                ],
                [
                    2,
                    -7,
                    4
                ],
                [
                    9,
                    5,
                    -4
                ],
                [
                    -4,
                    6,
                    7
                ],
                [
                    4,
                    -8,
                    -6
                ],
                [
                    -8,
                    -2,
                    1
                ],
                [
                    5,
                    -6,
                    8
                ],
                [
                    5,
                    -8,
                    1
                ],
                [
                    7,
                    5,
                    2
                ],
                [
                    -9,
                    4,
                    -10
                ],
                [
                    -7,
                    10,
                    -1
                ],
                [
                    -3,
                    9,
                    -2
                ],
                [
                    10,
                    9,
                    3
                ],
                [
                    -3,
                    -10,
                    6
                ]
            ],
            "{   'fun': 0.64,\n    'jac': None,\n    'nfev': 96,\n    'nit': None,\n    'njev': None,\n    'x': array([ 3.19900923,  1.80990855, -0.69399098,  1.43319059,  0.88344774,\n        0.21751462,  2.14065816,  2.87129739])}",
            {
                "1000100011": 1,
                "1000011111": 1,
                "1101110101": 1,
                "1100000110": 1,
                "1010101010": 1,
                "0001100010": 1,
                "1110010100": 1,
                "1001011110": 1,
                "1100001101": 1,
                "0001100100": 1,
                "1110111011": 1,
                "0011110101": 1,
                "0001101100": 1,
                "0111010010": 1,
                "0010111100": 2,
                "0010110110": 1,
                "0100010100": 1,
                "0001101111": 1,
                "0101001111": 1,
                "0001010010": 1,
                "1100111101": 10,
                "1011000111": 1,
                "1100010001": 1,
                "0100111101": 11,
                "0010010101": 11,
                "1110010011": 1,
                "0100010101": 9,
                "1000101011": 1,
                "0100110101": 9,
                "1111110100": 1,
                "1000001111": 1,
                "0000110110": 1,
                "0010111101": 3,
                "1000011011": 1,
                "1101010101": 1,
                "1111111100": 1,
                "0111011011": 1,
                "0011001101": 1,
                "1101000101": 1,
                "1001010000": 1,
                "0101100111": 1,
                "0010000111": 1,
                "0011111110": 1,
                "0000011101": 1,
                "0110101100": 1,
                "1001111001": 1,
                "0111000111": 1,
                "1110000001": 1,
                "0011000001": 1,
                "0101111001": 1,
                "0101110110": 1,
                "1010000101": 1
            },
            true,
            0.41
        ],
        [
            [
                [
                    -6,
                    -5,
                    -4
                ],
                [
                    1,
                    -7,
                    -8
                ],
                [
                    -4,
                    5,
                    3
                ],
                [
                    3,
                    -4,
                    2
                ],
                [
                    7,
                    5,
                    10
                ],
                [
                    -6,
                    -9,
                    -7
                ],
                [
                    10,
                    -2,
                    3
                ],
                [
                    -6,
                    -8,
                    1
                ],
                [
                    6,
                    -3,
                    -1
                ],
                [
                    3,
                    -9,
                    -4
                ],
                [
                    -8,
                    3,
                    -4
                ],
                [
                    -3,
                    8,
                    -10
                ],
                [
                    -7,
                    2,
                    1
                ],
                [
                    -6,
                    -8,
                    3
                ],
                [
                    6,
                    8,
                    -9
                ],
                [
                    -6,
                    -8,
                    2
                ],
                [
                    1,
                    4,
                    6
                ],
                [
                    6,
                    10,
                    8
                ],
                [
                    1,
                    -10,
                    8
                ],
                [
                    9,
                    5,
                    -8
                ],
                [
                    -9,
                    10,
                    1
                ],
                [
                    7,
                    -3,
                    2
                ],
                [
                    2,
                    -7,
                    -8
                ],
                [
                    5,
                    -6,
                    -1
                ],
                [
                    5,
                    -1,
                    -4
                ],
                [
                    7,
                    4,
                    -10
                ],
                [
                    -6,
                    8,
                    4
                ],
                [
                    -4,
                    -9,
                    10
                ],
                [
                    -7,
                    5,
                    3
                ],
                [
                    4,
                    6,
                    -3
                ],
                [
                    5,
                    -2,
                    1
                ],
                [
                    -6,
                    -9,
                    -10
                ],
                [
                    5,
                    -4,
                    -6
                ],
                [
                    -7,
                    6,
                    -1
                ],
                [
                    -5,
                    2,
                    -7
                ],
                [
                    -9,
                    -5,
                    -6
                ],
                [
                    3,
                    6,
                    1
                ],
                [
                    -6,
                    -8,
                    -1
                ],
                [
                    -7,
                    -5,
                    -9
                ],
                [
                    5,
                    4,
                    3
                ],
                [
                    2,
                    1,
                    -6
                ],
                [
                    -3,
                    -2,
                    8
                ],
                [
                    9,
                    -8,
                    7
                ],
                [
                    -6,
                    5,
                    1
                ],
                [
                    -4,
                    -7,
                    -5
                ]
            ],
            "{   'fun': 0.96,\n    'jac': None,\n    'nfev': 68,\n    'nit': None,\n    'njev': None,\n    'x': array([1.20545016, 0.72011567, 1.89714666, 1.36125972, 2.10544353,\n       0.99840748, 1.92663025, 1.14245201])}",
            {
                "1000111010": 1,
                "0110000110": 1,
                "1111110000": 1,
                "1011001011": 1,
                "1001110001": 1,
                "1100011110": 1,
                "1000100010": 1,
                "1110010111": 1,
                "1111010001": 1,
                "0001010011": 1,
                "1101111101": 1,
                "0101010010": 1,
                "0001011110": 1,
                "1100011011": 1,
                "0110000000": 1,
                "0000001100": 1,
                "0100011010": 1,
                "0100101011": 1,
                "1101010001": 1,
                "1001010111": 1,
                "0111110111": 1,
                "0000110101": 1,
                "1011000101": 1,
                "1101000101": 1,
                "1001111101": 1,
                "1100000100": 1,
                "0001100010": 1,
                "0011101010": 1,
                "1001010011": 1,
                "1110011010": 1,
                "0110010011": 1,
                "1111011011": 1,
                "0011010101": 1,
                "0111111001": 1,
                "1001100001": 1,
                "1110000010": 1,
                "1111101101": 1,
                "0010010111": 1,
                "0110001111": 1,
                "0000011001": 1,
                "0000101000": 1,
                "0111101110": 1,
                "1000010010": 1,
                "0100111001": 1,
                "0110011010": 1,
                "1000011011": 3,
                "1000110101": 1,
                "0110100100": 1,
                "1001000010": 1,
                "1000110010": 1,
                "1011011000": 1,
                "0011000111": 1,
                "1101001111": 1,
                "0110110010": 1,
                "0111101011": 1,
                "1010011000": 1,
                "1100000110": 1,
                "1000001010": 1,
                "1001010010": 1,
                "0001011100": 1,
                "0000101001": 1,
                "0000101111": 1,
                "0000100100": 1,
                "0010101010": 1,
                "1111100000": 1,
                "0111100000": 1,
                "0100111110": 3,
                "1010000111": 1,
                "0001100110": 1,
                "1001011010": 2,
                "1110100010": 1,
                "0010000111": 1,
                "0011111100": 1,
                "0110101110": 1,
                "1011000110": 1,
                "0110001100": 1,
                "1110111000": 1,
                "1011011001": 1,
                "0001010100": 1,
                "1011101010": 1,
                "0000000000": 1,
                "0101000101": 1,
                "0000000110": 2,
                "1000100001": 1,
                "1010010001": 1,
                "0110110111": 1,
                "0000011010": 1,
                "0100101010": 1,
                "0001001000": 1,
                "1111101011": 2,
                "0110010001": 1,
                "0101111001": 1,
                "0110010100": 1
            },
            true,
            0.94
        ],
        [
            [
                [
                    1,
                    6,
                    10
                ],
                [
                    5,
                    -10,
                    7
                ],
                [
                    7,
                    -2,
                    3
                ],
                [
                    5,
                    6,
                    -3
                ],
                [
                    6,
                    8,
                    -5
                ],
                [
                    -3,
                    -2,
                    1
                ],
                [
                    4,
                    2,
                    10
                ],
                [
                    6,
                    -3,
                    -9
                ],
                [
                    -4,
                    -2,
                    -8
                ],
                [
                    9,
                    4,
                    3
                ],
                [
                    -2,
                    1,
                    -8
                ],
                [
                    7,
                    -4,
                    10
                ],
                [
                    2,
                    4,
                    7
                ],
                [
                    10,
                    5,
                    -2
                ],
                [
                    1,
                    -9,
                    4
                ],
                [
                    -9,
                    -1,
                    -3
                ],
                [
                    6,
                    4,
                    -7
                ],
                [
                    -1,
                    -9,
                    -7
                ],
                [
                    -4,
                    3,
                    6
                ],
                [
                    3,
                    -4,
                    -9
                ],
                [
                    6,
                    -1,
                    -2
                ],
                [
                    -3,
                    10,
                    5
                ],
                [
                    -6,
                    -10,
                    5
                ],
                [
                    8,
                    2,
                    -9
                ],
                [
                    -2,
                    10,
                    -5
                ],
                [
                    3,
                    8,
                    -5
                ],
                [
                    -6,
                    -4,
                    1
                ],
                [
                    -1,
                    4,
                    3
                ],
                [
                    4,
                    -1,
                    10
                ],
                [
                    10,
                    -3,
                    -6
                ],
                [
                    -7,
                    5,
                    3
                ],
                [
                    6,
                    -2,
                    5
                ],
                [
                    -6,
                    -10,
                    -4
                ],
                [
                    -9,
                    -3,
                    -1
                ],
                [
                    -1,
                    3,
                    4
                ],
                [
                    -8,
                    6,
                    10
                ],
                [
                    -2,
                    -1,
                    8
                ],
                [
                    3,
                    10,
                    4
                ],
                [
                    4,
                    5,
                    3
                ],
                [
                    7,
                    -10,
                    -6
                ],
                [
                    -3,
                    7,
                    9
                ],
                [
                    7,
                    -9,
                    4
                ],
                [
                    -5,
                    -7,
                    8
                ],
                [
                    5,
                    7,
                    1
                ],
                [
                    10,
                    -1,
                    3
                ]
            ],
            "{   'fun': 0.79,\n    'jac': None,\n    'nfev': 80,\n    'nit': None,\n    'njev': None,\n    'x': array([1.25420625, 1.36375422, 0.61068285, 3.25631021, 2.77396913,\n       2.96077527, 2.0577438 , 0.54673787])}",
            {
                "0001110011": 1,
                "0000001001": 1,
                "0111001001": 1,
                "1001110010": 1,
                "1110110010": 1,
                "1100111110": 1,
                "0111100111": 1,
                "1111010000": 1,
                "1110111101": 1,
                "1000111101": 1,
                "0010111000": 1,
                "1001011100": 1,
                "1000010001": 1,
                "1110000011": 1,
                "0001111101": 1,
                "1001000000": 1,
                "0001000011": 1,
                "1011110111": 1,
                "1101110110": 1,
                "1101101111": 1,
                "1001000101": 2,
                "1111100101": 1,
                "1011110100": 7,
                "1001100001": 1,
                "0100001010": 1,
                "0001110100": 1,
                "1011011101": 6,
                "0001111000": 1,
                "1100011101": 1,
                "0100010110": 2,
                "0010000000": 1,
                "0010011100": 1,
                "0001101000": 1,
                "0110001010": 1,
                "1011001111": 1,
                "0100000011": 1,
                "0100111110": 2,
                "0110110001": 1,
                "1011101000": 2,
                "1001110000": 1,
                "0000111110": 1,
                "0101110001": 1,
                "0110101100": 1,
                "1100101100": 1,
                "0111111111": 1,
                "0111010010": 1,
                "0111001010": 1,
                "0010011011": 1,
                "1011110101": 5,
                "1010000111": 1,
                "0011010000": 1,
                "1111100011": 1,
                "0101010110": 1,
                "0110111100": 1,
                "1010111111": 1,
                "1101101010": 1,
                "1110111111": 1,
                "1011011100": 2,
                "0011111001": 1,
                "1110001001": 1,
                "0001001100": 1,
                "0110100100": 1,
                "1110110001": 2,
                "1101011001": 1,
                "0011000010": 1,
                "1101011011": 1,
                "0000011011": 1,
                "1101111010": 1,
                "0110111110": 2,
                "1010000110": 1,
                "0001001110": 1,
                "0010101110": 1,
                "0110001011": 1,
                "1100000110": 1,
                "1100010011": 1,
                "0111110011": 1,
                "0001001101": 1,
                "1000111000": 1
            },
            true,
            0.66
        ],
        [
            [
                [
                    -5,
                    2,
                    10
                ],
                [
                    -2,
                    -1,
                    -4
                ],
                [
                    1,
                    8,
                    4
                ],
                [
                    -1,
                    -10,
                    4
                ],
                [
                    2,
                    -9,
                    6
                ],
                [
                    6,
                    -7,
                    4
                ],
                [
                    3,
                    9,
                    -7
                ],
                [
                    7,
                    5,
                    4
                ],
                [
                    -5,
                    -10,
                    -7
                ],
                [
                    -9,
                    10,
                    2
                ],
                [
                    10,
                    4,
                    7
                ],
                [
                    5,
                    10,
                    4
                ],
                [
                    -5,
                    3,
                    -9
                ],
                [
                    6,
                    4,
                    -10
                ],
                [
                    -3,
                    7,
                    -4
                ],
                [
                    2,
                    -8,
                    9
                ],
                [
                    -7,
                    -1,
                    -3
                ],
                [
                    9,
                    1,
                    -5
                ],
                [
                    1,
                    7,
                    -2
                ],
                [
                    9,
                    -3,
                    2
                ],
                [
                    6,
                    10,
                    2
                ],
                [
                    9,
                    4,
                    2
                ],
                [
                    -8,
                    -6,
                    7
                ],
                [
                    -2,
                    9,
                    3
                ],
                [
                    -4,
                    -3,
                    -1
                ],
                [
                    10,
                    3,
                    -5
                ],
                [
                    1,
                    -10,
                    4
                ],
                [
                    6,
                    -10,
                    7
                ],
                [
                    10,
                    3,
                    -5
                ],
                [
                    -7,
                    -1,
                    -10
                ],
                [
                    -9,
                    -7,
                    -8
                ],
                [
                    3,
                    6,
                    -2
                ],
                [
                    7,
                    -9,
                    1
                ],
                [
                    -8,
                    3,
                    9
                ],
                [
                    -8,
                    -3,
                    -10
                ],
                [
                    1,
                    -5,
                    4
                ],
                [
                    -9,
                    4,
                    -5
                ],
                [
                    -7,
                    -6,
                    -10
                ],
                [
                    -4,
                    -3,
                    -5
                ],
                [
                    9,
                    -6,
                    -8
                ],
                [
                    -4,
                    10,
                    -6
                ],
                [
                    10,
                    5,
                    -8
                ],
                [
                    -5,
                    -9,
                    -7
                ],
                [
                    -4,
                    -5,
                    -6
                ],
                [
                    7,
                    8,
                    3
                ]
            ],
            "{   'fun': 0.81,\n    'jac': None,\n    'nfev': 81,\n    'nit': None,\n    'njev': None,\n    'x': array([ 3.24766376,  1.65071841, -0.29627113,  1.43068643,  2.80551553,\n        2.16084591,  0.40287377,  1.3176517 ])}",
            {
                "1000100101": 1,
                "0011000001": 1,
                "0101000011": 1,
                "0011011110": 1,
                "1000000010": 1,
                "1100101000": 1,
                "0100001101": 1,
                "1000010001": 1,
                "0000101111": 1,
                "1010010010": 2,
                "1111001111": 1,
                "0000000110": 1,
                "0000010001": 1,
                "0111101001": 1,
                "0010101010": 1,
                "0110111000": 2,
                "1110111010": 1,
                "0000010000": 1,
                "1001100010": 1,
                "0100000011": 1,
                "0001101101": 1,
                "1000000001": 1,
                "1100000010": 1,
                "1010100010": 1,
                "1111010001": 1,
                "1110001111": 1,
                "0001111100": 1,
                "1100001010": 1,
                "0111110110": 1,
                "0000111001": 1,
                "0111010001": 1,
                "0001001110": 9,
                "1010100001": 1,
                "1110110110": 1,
                "0110100011": 1,
                "1111010110": 1,
                "0000001001": 1,
                "1011100010": 1,
                "0000111011": 1,
                "0000001011": 1,
                "1010111110": 1,
                "1111110101": 1,
                "0001010010": 1,
                "0000111100": 1,
                "1101011000": 2,
                "1000000011": 1,
                "1000101100": 1,
                "0101001110": 7,
                "0110100110": 2,
                "0001101011": 1,
                "0000111110": 1,
                "0101110110": 1,
                "0100011010": 1,
                "0111010011": 1,
                "1101001110": 6,
                "1101100100": 1,
                "1001001110": 5,
                "0010010010": 1,
                "0111101010": 1,
                "1010101011": 1,
                "1001011100": 1,
                "0010111011": 1,
                "0011100100": 1,
                "0000001110": 1,
                "0010001010": 1,
                "1111011110": 1,
                "0101011011": 1,
                "0011101000": 1,
                "0101111101": 1,
                "0001101111": 1,
                "0010100001": 1,
                "0011110101": 1,
                "1111001101": 1
            },
            true,
            0.59
        ],
        [
            [
                [
                    -2,
                    1,
                    6
                ],
                [
                    -5,
                    -9,
                    3
                ],
                [
                    -9,
                    3,
                    4
                ],
                [
                    7,
                    8,
                    -4
                ],
                [
                    -2,
                    -8,
                    -10
                ],
                [
                    -2,
                    4,
                    -7
                ],
                [
                    -2,
                    6,
                    9
                ],
                [
                    -1,
                    -7,
                    -10
                ],
                [
                    -5,
                    -10,
                    8
                ],
                [
                    10,
                    9,
                    5
                ],
                [
                    6,
                    -8,
                    2
                ],
                [
                    7,
                    -8,
                    2
                ],
                [
                    -8,
                    -10,
                    9
                ],
                [
                    -3,
                    9,
                    -7
                ],
                [
                    -8,
                    2,
                    -9
                ],
                [
                    -8,
                    -5,
                    -9
                ],
                [
                    6,
                    -5,
                    10
                ],
                [
                    6,
                    -8,
                    5
                ],
                [
                    2,
                    5,
                    -4
                ],
                [
                    -9,
                    -6,
                    1
                ],
                [
                    6,
                    -10,
                    -3
                ],
                [
                    10,
                    1,
                    -3
                ],
                [
                    -8,
                    2,
                    -5
                ],
                [
                    -7,
                    -4,
                    3
                ],
                [
                    5,
                    -8,
                    -2
                ],
                [
                    3,
                    1,
                    5
                ],
                [
                    2,
                    -1,
                    8
                ],
                [
                    5,
                    4,
                    3
                ],
                [
                    -1,
                    -8,
                    -9
                ],
                [
                    7,
                    4,
                    -3
                ],
                [
                    9,
                    6,
                    -3
                ],
                [
                    -4,
                    -9,
                    3
                ],
                [
                    -3,
                    -7,
                    -2
                ],
                [
                    1,
                    5,
                    9
                ],
                [
                    6,
                    -5,
                    -10
                ],
                [
                    -4,
                    10,
                    -3
                ],
                [
                    2,
                    4,
                    -8
                ],
                [
                    3,
                    5,
                    10
                ],
                [
                    9,
                    3,
                    4
                ],
                [
                    5,
                    -10,
                    -3
                ],
                [
                    8,
                    -1,
                    -2
                ],
                [
                    2,
                    10,
                    -3
                ],
                [
                    3,
                    9,
                    -1
                ],
                [
                    3,
                    10,
                    -6
                ],
                [
                    3,
                    8,
                    7
                ]
            ],
            "{   'fun': 1.0,\n    'jac': None,\n    'nfev': 49,\n    'nit': None,\n    'njev': None,\n    'x': array([2.5701968 , 2.63437836, 1.98367466, 0.48936482, 2.24505123,\n       1.05055914, 0.75198785, 2.768817  ])}",
            {
                "0001111100": 1,
                "0010011011": 1,
                "1110100111": 1,
                "1110111100": 1,
                "1011101111": 1,
                "1011000000": 1,
                "0011010101": 1,
                "0010011101": 1,
                "0111000000": 1,
                "0001000101": 1,
                "1111100011": 1,
                "0011110111": 1,
                "1111010111": 1,
                "0110001100": 1,
                "0000100001": 1,
                "0000110000": 1,
                "0101000111": 1,
                "1100101111": 1,
                "0000110110": 1,
                "0010101000": 1,
                "0110101001": 1,
                "0111010000": 1,
                "0011010110": 1,
                "1110101000": 1,
                "0000000101": 1,
                "1001100101": 1,
                "1010101111": 1,
                "1010101000": 1,
                "0100110000": 1,
                "1011101101": 1,
                "1010110000": 1,
                "1000001100": 1,
                "0001110111": 1,
                "0100001100": 1,
                "0110111011": 1,
                "1011011111": 1,
                "1101110101": 1,
                "1111110011": 1,
                "0100001101": 1,
                "0000000111": 1,
                "0011011110": 1,
                "1001011010": 1,
                "1111100010": 1,
                "0111100100": 1,
                "0010010101": 1,
                "0010001000": 1,
                "0101011010": 1,
                "0011010111": 1,
                "0101101010": 1,
                "1000011001": 1,
                "0010001011": 1,
                "1000110001": 2,
                "1000010011": 1,
                "1111000011": 1,
                "1010000000": 1,
                "0100101111": 1,
                "1110111110": 1,
                "0011101010": 1,
                "0100111001": 1,
                "1001100110": 1,
                "1000101011": 1,
                "0010010001": 1,
                "0010001111": 1,
                "1000100110": 1,
                "0101010000": 1,
                "0101100110": 1,
                "0111100010": 1,
                "0100000100": 1,
                "1110110011": 1,
                "0010100001": 1,
                "0110000100": 1,
                "0100101001": 1,
                "0111010101": 1,
                "1001011110": 1,
                "0010000001": 1,
                "1111000101": 1,
                "1000000110": 1,
                "0000001100": 1,
                "0011011001": 1,
                "0011111111": 1,
                "1001101101": 1,
                "1010011101": 1,
                "1010001001": 2,
                "0000101100": 1,
                "0001100110": 1,
                "1100100110": 2,
                "1011100110": 1,
                "0111010010": 1,
                "1100001110": 1,
                "1011110000": 1,
                "1010101100": 1,
                "1010000101": 1,
                "0111101111": 1,
                "0000000110": 1,
                "0110101100": 1,
                "0111000010": 1,
                "0001011100": 1
            },
            false,
            1.0
        ]
    ]
}