{
    "n": 10,
    "m": 45,
    "results": [
        [
            [
                [
                    -8,
                    -3,
                    -4
                ],
                [
                    9,
                    3,
                    -10
                ],
                [
                    4,
                    -6,
                    3
                ],
                [
                    3,
                    -10,
                    5
                ],
                [
                    -10,
                    5,
                    -3
                ],
                [
                    -8,
                    6,
                    9
                ],
                [
                    -4,
                    -1,
                    9
                ],
                [
                    -9,
                    3,
                    -2
                ],
                [
                    1,
                    4,
                    7
                ],
                [
                    2,
                    3,
                    -7
                ],
                [
                    -5,
                    3,
                    4
                ],
                [
                    -5,
                    -9,
                    3
                ],
                [
                    -10,
                    -9,
                    3
                ],
                [
                    -1,
                    6,
                    -7
                ],
                [
                    -8,
                    -3,
                    -10
                ],
                [
                    10,
                    -5,
                    -4
                ],
                [
                    -2,
                    -10,
                    -8
                ],
                [
                    -9,
                    1,
                    7
                ],
                [
                    5,
                    -3,
                    -10
                ],
                [
                    7,
                    -6,
                    -10
                ],
                [
                    3,
                    7,
                    5
                ],
                [
                    -3,
                    4,
                    8
                ],
                [
                    -4,
                    -9,
                    3
                ],
                [
                    6,
                    8,
                    -9
                ],
                [
                    -6,
                    -5,
                    -9
                ],
                [
                    4,
                    -9,
                    1
                ],
                [
                    8,
                    -6,
                    7
                ],
                [
                    7,
                    6,
                    -10
                ],
                [
                    5,
                    4,
                    -3
                ],
                [
                    3,
                    4,
                    10
                ],
                [
                    7,
                    -5,
                    3
                ],
                [
                    10,
                    6,
                    -4
                ],
                [
                    8,
                    -1,
                    10
                ],
                [
                    4,
                    10,
                    5
                ],
                [
                    -6,
                    -8,
                    3
                ],
                [
                    6,
                    -4,
                    8
                ],
                [
                    -8,
                    -6,
                    10
                ],
                [
                    2,
                    10,
                    6
                ],
                [
                    -5,
                    -10,
                    7
                ],
                [
                    -1,
                    -5,
                    4
                ],
                [
                    -5,
                    8,
                    -3
                ],
                [
                    -9,
                    8,
                    3
                ],
                [
                    -5,
                    8,
                    4
                ],
                [
                    -1,
                    -5,
                    4
                ],
                [
                    3,
                    -6,
                    -9
                ]
            ],
            "{   'fun': 0.55,\n    'jac': None,\n    'nfev': 89,\n    'nit': None,\n    'njev': None,\n    'x': array([ 3.634104  ,  2.61339689, -0.98310884,  1.6291983 ,  0.35825507,\n       -0.11133749,  2.19984617,  3.44733153])}",
            {
                "1011011011": 1,
                "0110110100": 1,
                "1101100100": 1,
                "0010101110": 1,
                "0001100010": 1,
                "0001101010": 10,
                "1011000110": 1,
                "1001100010": 1,
                "0101101110": 6,
                "1110001001": 1,
                "1001111111": 1,
                "1000001101": 1,
                "0100111110": 1,
                "1100101000": 1,
                "1001010011": 1,
                "0011101010": 1,
                "0101000011": 1,
                "1100011010": 1,
                "0110001110": 1,
                "1000110100": 1,
                "0110010111": 1,
                "1011111111": 1,
                "1001001100": 1,
                "0011001100": 1,
                "1000101010": 1,
                "1111111110": 1,
                "1010111100": 2,
                "1010110000": 1,
                "0001010111": 1,
                "0001101100": 10,
                "0111101101": 1,
                "1000110000": 1,
                "1111110101": 1,
                "0001101110": 9,
                "1111100001": 1,
                "0001010010": 1,
                "0000110110": 1,
                "0101101100": 7,
                "1111100000": 1,
                "1111010111": 1,
                "1011001110": 1,
                "0001001101": 1,
                "0100110100": 1,
                "0010011110": 1,
                "1110010010": 1,
                "1111100110": 1,
                "1111011011": 1,
                "1001101000": 1,
                "1100111000": 1,
                "0010010010": 1,
                "1001101011": 1,
                "0101010101": 1,
                "1010100111": 1,
                "0001111011": 1,
                "0100010001": 1,
                "1101100111": 1,
                "1001111101": 1,
                "0111001101": 1,
                "1001100101": 1,
                "1001110000": 1,
                "0101111110": 1,
                "1010101000": 1
            },
            true,
            0.47
        ],
        [
            [
                [
                    -7,
                    4,
                    8
                ],
                [
                    -2,
                    1,
                    9
                ],
                [
                    -4,
                    -8,
                    6
                ],
                [
                    -8,
                    -4,
                    3
                ],
                [
                    10,
                    3,
                    -9
                ],
                [
                    10,
                    4,
                    8
                ],
                [
                    -5,
                    3,
                    6
                ],
                [
                    2,
                    -4,
                    -5
                ],
                [
                    4,
                    -3,
                    -7
                ],
                [
                    3,
                    6,
                    8
                ],
                [
                    -3,
                    -4,
                    -2
                ],
                [
                    -3,
                    5,
                    9
                ],
                [
                    10,
                    6,
                    -4
                ],
                [
                    1,
                    -10,
                    -5
                ],
                [
                    -5,
                    -8,
                    -9
                ],
                [
                    -8,
                    6,
                    3
                ],
                [
                    -9,
                    -3,
                    -7
                ],
                [
                    -3,
                    8,
                    9
                ],
                [
                    -4,
                    -6,
                    8
                ],
                [
                    9,
                    -3,
                    6
                ],
                [
                    -2,
                    -3,
                    -8
                ],
                [
                    2,
                    -7,
                    -3
                ],
                [
                    -9,
                    -2,
                    -7
                ],
                [
                    6,
                    5,
                    -3
                ],
                [
                    6,
                    -3,
                    9
                ],
                [
                    -2,
                    6,
                    10
                ],
                [
                    -5,
                    6,
                    -4
                ],
                [
                    -8,
                    2,
                    -4
                ],
                [
                    -4,
                    -7,
                    3
                ],
                [
                    4,
                    -2,
                    -1
                ],
                [
                    -5,
                    8,
                    -1
                ],
                [
                    -8,
                    3,
                    -9
                ],
                [
                    -5,
                    6,
                    -1
                ],
                [
                    7,
                    -2,
                    -6
                ],
                [
                    -10,
                    -9,
                    2
                ],
                [
                    5,
                    -10,
                    7
                ],
                [
                    -7,
                    2,
                    -5
                ],
                [
                    -5,
                    9,
                    7
                ],
                [
                    -1,
                    -9,
                    -5
                ],
                [
                    5,
                    -7,
                    -6
                ],
                [
                    -5,
                    -8,
                    1
                ],
                [
                    1,
                    -3,
                    6
                ],
                [
                    -3,
                    -1,
                    -2
                ],
                [
                    10,
                    -9,
                    -6
                ],
                [
                    3,
                    -5,
                    -6
                ]
            ],
            "{   'fun': 0.97,\n    'jac': None,\n    'nfev': 71,\n    'nit': None,\n    'njev': None,\n    'x': array([2.20554792, 0.64088704, 1.87332388, 1.28062001, 1.06130539,\n       1.21524355, 1.91363333, 1.14248755])}",
            {
                "0100010011": 1,
                "1110101011": 1,
                "0010100100": 1,
                "1010011111": 1,
                "0101101110": 1,
                "0100001100": 1,
                "0001100011": 1,
                "1100100101": 1,
                "0010100011": 1,
                "1101001111": 1,
                "1011011011": 1,
                "1101101000": 1,
                "0101100000": 1,
                "0011100101": 1,
                "1011111101": 1,
                "0101001011": 1,
                "0010111101": 1,
                "0010001000": 1,
                "1100100111": 1,
                "1101010000": 1,
                "0110100110": 1,
                "1110011111": 1,
                "1110100001": 1,
                "0110011000": 1,
                "1000101110": 1,
                "1000101011": 1,
                "1111000110": 1,
                "0111011000": 1,
                "1011100010": 1,
                "0111001101": 1,
                "1101011001": 1,
                "0010100101": 1,
                "0011000010": 1,
                "1110100011": 1,
                "1110101110": 1,
                "1101000001": 1,
                "1010001101": 1,
                "0000010100": 1,
                "1101010001": 1,
                "1101011011": 1,
                "0111111101": 1,
                "1111011100": 1,
                "1001010001": 1,
                "0010001010": 1,
                "0010101110": 1,
                "0101011010": 1,
                "0010110100": 1,
                "0101100101": 1,
                "1001100000": 1,
                "1011110000": 1,
                "1111010011": 1,
                "0001110111": 1,
                "0010110110": 1,
                "1000001100": 1,
                "1010011000": 1,
                "0100001001": 1,
                "1000011111": 1,
                "0010100000": 2,
                "0110010011": 1,
                "0011010011": 1,
                "0101010110": 1,
                "0000000111": 1,
                "1000011010": 1,
                "1001010111": 1,
                "1011100000": 1,
                "0000101100": 1,
                "1010100001": 1,
                "1110100010": 1,
                "1111100011": 1,
                "0011010000": 1,
                "1110100000": 1,
                "0101111010": 1,
                "0010100001": 2,
                "1110101000": 1,
                "0110011110": 1,
                "0000110011": 1,
                "1111111011": 1,
                "1001001100": 1,
                "1010011010": 1,
                "1100100110": 1,
                "1110101111": 1,
                "1111101001": 1,
                "0000011110": 1,
                "0111100101": 1,
                "0110000101": 1,
                "1010010110": 2,
                "0100110111": 1,
                "0111010100": 1,
                "1100000000": 1,
                "0110000001": 1,
                "1010110000": 1,
                "1000001000": 1,
                "0001011000": 1,
                "0010011110": 1,
                "0011101111": 1,
                "1000011001": 1,
                "1101000101": 1
            },
            true,
            0.93
        ],
        [
            [
                [
                    -1,
                    -5,
                    -8
                ],
                [
                    10,
                    3,
                    -9
                ],
                [
                    3,
                    -2,
                    7
                ],
                [
                    8,
                    -7,
                    -1
                ],
                [
                    -1,
                    -6,
                    -10
                ],
                [
                    -4,
                    2,
                    -1
                ],
                [
                    -7,
                    10,
                    -8
                ],
                [
                    2,
                    -8,
                    3
                ],
                [
                    -9,
                    8,
                    -10
                ],
                [
                    -1,
                    10,
                    8
                ],
                [
                    6,
                    -8,
                    -4
                ],
                [
                    4,
                    -2,
                    -7
                ],
                [
                    -3,
                    -9,
                    -8
                ],
                [
                    5,
                    1,
                    -4
                ],
                [
                    -5,
                    10,
                    -3
                ],
                [
                    -7,
                    -2,
                    5
                ],
                [
                    -1,
                    10,
                    -8
                ],
                [
                    -3,
                    -10,
                    -2
                ],
                [
                    -2,
                    -9,
                    -10
                ],
                [
                    -4,
                    -7,
                    9
                ],
                [
                    -3,
                    -2,
                    -8
                ],
                [
                    2,
                    6,
                    -7
                ],
                [
                    -3,
                    -1,
                    7
                ],
                [
                    -4,
                    6,
                    1
                ],
                [
                    -7,
                    3,
                    -4
                ],
                [
                    2,
                    1,
                    -3
                ],
                [
                    -2,
                    5,
                    9
                ],
                [
                    7,
                    10,
                    -6
                ],
                [
                    -3,
                    -10,
                    1
                ],
                [
                    -2,
                    -10,
                    5
                ],
                [
                    2,
                    4,
                    10
                ],
                [
                    -4,
                    -10,
                    2
                ],
                [
                    7,
                    2,
                    -4
                ],
                [
                    -1,
                    -4,
                    5
                ],
                [
                    -9,
                    -4,
                    -8
                ],
                [
                    8,
                    -2,
                    -5
                ],
                [
                    -1,
                    2,
                    6
                ],
                [
                    4,
                    5,
                    -7
                ],
                [
                    4,
                    -10,
                    -9
                ],
                [
                    4,
                    -3,
                    -6
                ],
                [
                    -3,
                    -8,
                    7
                ],
                [
                    -1,
                    6,
                    5
                ],
                [
                    -6,
                    5,
                    -2
                ],
                [
                    -2,
                    -9,
                    1
                ],
                [
                    -9,
                    -5,
                    4
                ]
            ],
            "{   'fun': 0.87,\n    'jac': None,\n    'nfev': 69,\n    'nit': None,\n    'njev': None,\n    'x': array([1.25619132, 1.08963579, 1.83889508, 3.08405737, 3.91181118,\n       2.63089049, 0.75439835, 0.68164703])}",
            {
                "0010111010": 1,
                "0010001000": 1,
                "0101000101": 1,
                "1110010100": 1,
                "0101010000": 1,
                "0000101001": 1,
                "0011011001": 1,
                "0001100111": 1,
                "0011000001": 1,
                "0100011011": 1,
                "1111001011": 1,
                "1110011001": 1,
                "1101100000": 1,
                "0001011011": 1,
                "1100001000": 1,
                "0010101010": 1,
                "1011000011": 1,
                "1100001011": 1,
                "0001110001": 2,
                "0101111101": 1,
                "1010001000": 1,
                "0100000010": 1,
                "1110110100": 1,
                "0111011011": 1,
                "1111100110": 1,
                "1000000001": 1,
                "1001000110": 1,
                "0110011011": 2,
                "1111111010": 1,
                "1010011001": 1,
                "1011011100": 1,
                "1000011011": 1,
                "0101001110": 1,
                "0100110000": 1,
                "0000100100": 1,
                "1001010001": 1,
                "0000011110": 1,
                "1001110110": 1,
                "0000011011": 1,
                "1000000000": 3,
                "0101111100": 1,
                "0010100101": 1,
                "0001001111": 1,
                "0100010100": 1,
                "0010110110": 1,
                "1100101111": 1,
                "1101000001": 1,
                "1000110000": 4,
                "0001001010": 1,
                "1000111011": 1,
                "0110100111": 1,
                "0111111101": 1,
                "1000100000": 3,
                "0100111101": 1,
                "0010011010": 1,
                "0111010101": 1,
                "0101001000": 1,
                "1111011101": 1,
                "1001100011": 1,
                "0001011010": 1,
                "1000010000": 3,
                "1001110000": 2,
                "0101111110": 1,
                "0101100111": 2,
                "0100010001": 1,
                "1101010100": 1,
                "1101111111": 1,
                "0101010010": 1,
                "0011001111": 1,
                "0001010010": 1,
                "0111010001": 1,
                "0101101001": 1,
                "0000010101": 1,
                "0110001011": 1,
                "1110101100": 1,
                "1110010010": 1,
                "0110001001": 1,
                "1110010110": 1,
                "0111111011": 2,
                "1011110001": 1,
                "1010011000": 1,
                "1101011110": 2,
                "0100011101": 1,
                "1001011100": 1,
                "0011001000": 1
            },
            true,
            0.74
        ],
        [
            [
                [
                    -9,
                    -7,
                    6
                ],
                [
                    -4,
                    3,
                    -5
                ],
                [
                    9,
                    -1,
                    -6
                ],
                [
                    -3,
                    9,
                    -10
                ],
                [
                    -5,
                    8,
                    -9
                ],
                [
                    -6,
                    -3,
                    -8
                ],
                [
                    8,
                    3,
                    -7
                ],
                [
                    8,
                    9,
                    10
                ],
                [
                    6,
                    -4,
                    2
                ],
                [
                    4,
                    -10,
                    9
                ],
                [
                    -6,
                    -5,
                    10
                ],
                [
                    3,
                    -6,
                    10
                ],
                [
                    8,
                    7,
                    4
                ],
                [
                    -10,
                    1,
                    -7
                ],
                [
                    -8,
                    -7,
                    2
                ],
                [
                    -7,
                    -8,
                    6
                ],
                [
                    -6,
                    -3,
                    10
                ],
                [
                    6,
                    -4,
                    -7
                ],
                [
                    9,
                    10,
                    6
                ],
                [
                    4,
                    -2,
                    10
                ],
                [
                    5,
                    -2,
                    6
                ],
                [
                    -3,
                    -4,
                    10
                ],
                [
                    -7,
                    -10,
                    6
                ],
                [
                    -6,
                    -9,
                    -7
                ],
                [
                    9,
                    6,
                    -10
                ],
                [
                    -2,
                    -6,
                    -7
                ],
                [
                    9,
                    4,
                    -5
                ],
                [
                    10,
                    7,
                    -8
                ],
                [
                    3,
                    -5,
                    -6
                ],
                [
                    4,
                    7,
                    8
                ],
                [
                    1,
                    3,
                    7
                ],
                [
                    8,
                    6,
                    -5
                ],
                [
                    5,
                    -6,
                    -4
                ],
                [
                    2,
                    -10,
                    -8
                ],
                [
                    6,
                    10,
                    -7
                ],
                [
                    -1,
                    -8,
                    -2
                ],
                [
                    -3,
                    2,
                    5
                ],
                [
                    -6,
                    2,
                    10
                ],
                [
                    -1,
                    -3,
                    8
                ],
                [
                    -7,
                    -4,
                    -2
                ],
                [
                    -1,
                    2,
                    7
                ],
                [
                    6,
                    5,
                    -3
                ],
                [
                    6,
                    -2,
                    -7
                ],
                [
                    1,
                    -3,
                    4
                ],
                [
                    -3,
                    -9,
                    8
                ]
            ],
            "{   'fun': 1.0,\n    'jac': None,\n    'nfev': 75,\n    'nit': None,\n    'njev': None,\n    'x': array([2.80983225, 2.00118206, 1.26200879, 1.30528731, 1.89206804,\n       0.88165338, 0.55313213, 1.41497112])}",
            {
                "0011011100": 1,
                "0001000001": 1,
                "1001010100": 1,
                "1100110101": 1,
                "0010011101": 1,
                "0101101110": 1,
                "1110100101": 1,
                "1110111100": 1,
                "1111001111": 1,
                "1001001001": 2,
                "1100000000": 1,
                "1110000001": 1,
                "1011001010": 1,
                "0001010111": 1,
                "1010000100": 1,
                "1100011000": 1,
                "0100011001": 1,
                "0000110010": 1,
                "1100111000": 1,
                "0110000011": 1,
                "0000010001": 1,
                "0111101100": 1,
                "0100000001": 1,
                "0101110100": 1,
                "0001101010": 1,
                "0001110011": 1,
                "0010100111": 1,
                "1100010100": 1,
                "0110011110": 1,
                "0110010110": 1,
                "1101100000": 1,
                "1111011110": 1,
                "0010101110": 1,
                "0110001010": 1,
                "0001111010": 1,
                "1000101110": 1,
                "1001100010": 1,
                "0000100001": 1,
                "1100101011": 1,
                "1001101110": 1,
                "1110111110": 1,
                "1111100001": 1,
                "1110101011": 1,
                "0110100010": 1,
                "0110000111": 1,
                "1001000011": 1,
                "1111110110": 1,
                "1110011110": 2,
                "0101111010": 1,
                "0001110001": 1,
                "1100001011": 1,
                "1011100101": 1,
                "1011001111": 1,
                "1011101111": 1,
                "1010011100": 1,
                "1101100110": 1,
                "1010010010": 2,
                "1011111100": 2,
                "1101011010": 1,
                "1010100101": 1,
                "1111001011": 1,
                "1001100111": 1,
                "1000100010": 1,
                "1110100011": 1,
                "1100011011": 1,
                "1101100001": 1,
                "1110011011": 1,
                "0011111111": 1,
                "1100110011": 1,
                "0110010011": 1,
                "0010001011": 1,
                "1110101001": 1,
                "0010111000": 1,
                "0100101010": 1,
                "1101010010": 1,
                "0000011101": 1,
                "1111001110": 1,
                "0100000000": 1,
                "0001111100": 1,
                "1100001010": 1,
                "0101000010": 1,
                "0111111011": 1,
                "0011000001": 1,
                "0101110110": 1,
                "0110101011": 1,
                "0111001001": 1,
                "0111100110": 1,
                "0101010010": 1,
                "1100011010": 1,
                "1011101101": 1,
                "1000101010": 2,
                "1101100101": 1,
                "1000000100": 2,
                "1110010000": 1
            },
            false,
            0.93
        ],
        [
            [
                [
                    1,
                    -7,
                    10
                ],
                [
                    -7,
                    5,
                    10
                ],
                [
                    -5,
                    -7,
                    2
                ],
                [
                    -1,
                    10,
                    -8
                ],
                [
                    8,
                    -5,
                    -2
                ],
                [
                    -6,
                    -4,
                    -3
                ],
                [
                    1,
                    -7,
                    -10
                ],
                [
                    2,
                    10,
                    -8
                ],
                [
                    2,
                    1,
                    7
                ],
                [
                    -4,
                    -6,
                    8
                ],
                [
                    5,
                    -1,
                    -3
                ],
                [
                    9,
                    7,
                    8
                ],
                [
                    5,
                    9,
                    -4
                ],
                [
                    10,
                    -3,
                    -9
                ],
                [
                    -5,
                    4,
                    7
                ],
                [
                    -7,
                    3,
                    4
                ],
                [
                    -2,
                    -10,
                    1
                ],
                [
                    -8,
                    -3,
                    4
                ],
                [
                    7,
                    10,
                    1
                ],
                [
                    5,
                    3,
                    4
                ],
                [
                    3,
                    -9,
                    -7
                ],
                [
                    -2,
                    8,
                    5
                ],
                [
                    -3,
                    -10,
                    -5
                ],
                [
                    -7,
                    -6,
                    2
                ],
                [
                    4,
                    10,
                    2
                ],
                [
                    -4,
                    2,
                    -1
                ],
                [
                    9,
                    -5,
                    -1
                ],
                [
                    3,
                    7,
                    -1
                ],
                [
                    -4,
                    9,
                    1
                ],
                [
                    8,
                    -2,
                    9
                ],
                [
                    -1,
                    -3,
                    -9
                ],
                [
                    9,
                    4,
                    3
                ],
                [
                    -6,
                    -7,
                    3
                ],
                [
                    1,
                    -5,
                    -10
                ],
                [
                    6,
                    -7,
                    5
                ],
                [
                    -5,
                    -2,
                    -10
                ],
                [
                    2,
                    -9,
                    -4
                ],
                [
                    -8,
                    -2,
                    3
                ],
                [
                    7,
                    -4,
                    -2
                ],
                [
                    2,
                    -9,
                    -3
                ],
                [
                    -7,
                    10,
                    -4
                ],
                [
                    -6,
                    5,
                    8
                ],
                [
                    6,
                    2,
                    10
                ],
                [
                    6,
                    8,
                    -3
                ],
                [
                    4,
                    -1,
                    -5
                ]
            ],
            "{   'fun': 1.0,\n    'jac': None,\n    'nfev': 49,\n    'nit': None,\n    'njev': None,\n    'x': array([2.5701968 , 2.63437836, 1.98367466, 0.48936482, 2.24505123,\n       1.05055914, 0.75198785, 2.768817  ])}",
            {
                "0111110010": 1,
                "1001101001": 1,
                "0000011111": 1,
                "0000100010": 1,
                "1110010100": 1,
                "1101000101": 1,
                "0011101010": 1,
                "1011111110": 1,
                "1110110101": 1,
                "1010010000": 1,
                "1011110011": 1,
                "1010011111": 1,
                "0011110010": 1,
                "0010001110": 1,
                "1010100000": 1,
                "1111011101": 1,
                "1111010011": 1,
                "1111110101": 1,
                "0111001001": 1,
                "1111101100": 1,
                "0011011000": 1,
                "1100100001": 1,
                "1100011000": 1,
                "1100110111": 1,
                "1101011101": 1,
                "0110100010": 1,
                "0010111100": 1,
                "1100100101": 1,
                "1110011111": 1,
                "0111010011": 2,
                "1001101111": 1,
                "0011001100": 1,
                "0110110010": 1,
                "1011010100": 1,
                "0011111110": 1,
                "1110110100": 1,
                "0110110100": 1,
                "0111000110": 1,
                "0010110011": 1,
                "1111110110": 3,
                "0010111010": 2,
                "0001010110": 1,
                "0010011000": 1,
                "1111101001": 1,
                "0111001100": 1,
                "0110001000": 1,
                "1010101111": 1,
                "1001111111": 1,
                "1010001011": 1,
                "1000011100": 1,
                "1011110101": 1,
                "0011001010": 1,
                "0010000100": 1,
                "1011101110": 1,
                "0100110111": 1,
                "1101111110": 1,
                "1101001000": 1,
                "1000010111": 1,
                "1110110110": 1,
                "1001100101": 1,
                "1010110011": 1,
                "1000101000": 1,
                "0100011011": 1,
                "0010000000": 1,
                "0111100101": 1,
                "0000011101": 1,
                "0000011010": 1,
                "0001100111": 1,
                "0111011111": 1,
                "1001000001": 1,
                "0011000010": 1,
                "1001100001": 1,
                "1111011011": 1,
                "0000000101": 1,
                "1001010111": 1,
                "1000011010": 1,
                "0010110000": 1,
                "1001010100": 1,
                "1110111011": 1,
                "1011101010": 1,
                "0010101111": 1,
                "0010011001": 1,
                "1101010100": 1,
                "1110001000": 1,
                "0010000110": 1,
                "0010100001": 1,
                "1111101101": 1,
                "1010110100": 1,
                "1110010111": 2,
                "0101111000": 1,
                "0101011000": 1,
                "1010101011": 1,
                "1100011111": 1,
                "0011011110": 1,
                "1001011111": 1
            },
            false,
            1.0
        ]
    ]
}