{
    "n": 10,
    "m": 45,
    "results": [
        [
            [
                [
                    -1,
                    6,
                    2
                ],
                [
                    6,
                    1,
                    7
                ],
                [
                    -4,
                    -1,
                    10
                ],
                [
                    -10,
                    4,
                    -3
                ],
                [
                    10,
                    -1,
                    -8
                ],
                [
                    7,
                    -5,
                    2
                ],
                [
                    -10,
                    -7,
                    6
                ],
                [
                    1,
                    -7,
                    -5
                ],
                [
                    5,
                    -1,
                    -8
                ],
                [
                    -3,
                    -7,
                    -5
                ],
                [
                    1,
                    -3,
                    10
                ],
                [
                    -2,
                    -7,
                    1
                ],
                [
                    -1,
                    9,
                    10
                ],
                [
                    5,
                    1,
                    4
                ],
                [
                    -7,
                    3,
                    -6
                ],
                [
                    4,
                    1,
                    -9
                ],
                [
                    7,
                    5,
                    4
                ],
                [
                    5,
                    -9,
                    -7
                ],
                [
                    -8,
                    1,
                    2
                ],
                [
                    -10,
                    -8,
                    5
                ],
                [
                    -4,
                    -10,
                    -9
                ],
                [
                    7,
                    -9,
                    -2
                ],
                [
                    -7,
                    2,
                    5
                ],
                [
                    -1,
                    -10,
                    9
                ],
                [
                    -6,
                    7,
                    3
                ],
                [
                    7,
                    10,
                    8
                ],
                [
                    -5,
                    7,
                    8
                ],
                [
                    2,
                    -1,
                    8
                ],
                [
                    -9,
                    -3,
                    -2
                ],
                [
                    -1,
                    -7,
                    -5
                ],
                [
                    4,
                    7,
                    10
                ],
                [
                    7,
                    1,
                    -5
                ],
                [
                    3,
                    -6,
                    -10
                ],
                [
                    7,
                    -5,
                    -2
                ],
                [
                    -8,
                    -4,
                    7
                ],
                [
                    -7,
                    -1,
                    4
                ],
                [
                    10,
                    7,
                    5
                ],
                [
                    6,
                    -1,
                    -8
                ],
                [
                    -4,
                    -1,
                    -6
                ],
                [
                    -3,
                    -4,
                    9
                ],
                [
                    -8,
                    -4,
                    5
                ],
                [
                    -2,
                    -9,
                    8
                ],
                [
                    -6,
                    3,
                    5
                ],
                [
                    6,
                    3,
                    -1
                ],
                [
                    8,
                    1,
                    -2
                ]
            ],
            "{   'fun': 1.0,\n    'jac': None,\n    'nfev': 5,\n    'nit': 0,\n    'njev': 1,\n    'x': array([0.9942314 , 0.54689217, 0.10931673, 0.8711891 ])}",
            {
                "1010110100": 1,
                "0001101010": 1,
                "1011110010": 1,
                "1100011011": 1,
                "0000111011": 1,
                "0001101111": 1,
                "1110001001": 1,
                "1001010100": 1,
                "1101000010": 1,
                "1101111001": 1,
                "0110000000": 1,
                "0100101000": 1,
                "1101111100": 1,
                "1011110101": 1,
                "1111000101": 1,
                "0101100010": 1,
                "0010000010": 1,
                "0100010000": 1,
                "0010110101": 1,
                "0111111111": 1,
                "1010001100": 1,
                "1111101110": 1,
                "0101101000": 1,
                "0101101100": 1,
                "0011011101": 1,
                "1011010001": 1,
                "0001100100": 1,
                "1110110110": 1,
                "1000011010": 1,
                "0101110011": 1,
                "1010001001": 1,
                "1000011001": 1,
                "0010011110": 1,
                "0001011110": 1,
                "1010100001": 1,
                "0110100100": 1,
                "1111000000": 1,
                "0101110010": 1,
                "1001010110": 1,
                "1111101100": 1,
                "0011100000": 1,
                "0010000100": 1,
                "0101110100": 1,
                "1110100001": 1,
                "0100111111": 1,
                "1011100100": 1,
                "0011110111": 1,
                "1001010000": 1,
                "0001100011": 1,
                "0100001100": 1,
                "0111001001": 1,
                "0000001000": 1,
                "0101000111": 2,
                "0001000101": 1,
                "0111010111": 1,
                "1010101101": 1,
                "0100000001": 1,
                "1011010011": 1,
                "0011011000": 1,
                "1011100111": 1,
                "1000100011": 1,
                "0000010110": 1,
                "0010011010": 1,
                "1110011000": 1,
                "0110000011": 1,
                "0100111101": 1,
                "1101000000": 1,
                "0011010110": 1,
                "0110000101": 1,
                "1000101101": 1,
                "1100111011": 1,
                "0010111001": 1,
                "1100000101": 2,
                "0111101110": 1,
                "1111000110": 1,
                "1001100101": 1,
                "0111010001": 1,
                "0101101001": 1,
                "1010111011": 1,
                "1100101011": 1,
                "0101011101": 1,
                "0000000001": 1,
                "1100110001": 1,
                "0100011101": 1,
                "1101011110": 1,
                "1001000010": 1,
                "1111000001": 1,
                "0011110100": 1,
                "1011011001": 1,
                "0010001101": 1,
                "0011111111": 1,
                "1101110000": 1,
                "0111110001": 1,
                "1110111100": 1,
                "0111001111": 1,
                "0001110001": 1,
                "1000000101": 1,
                "1010100111": 1
            },
            false,
            1.0
        ],
        [
            [
                [
                    3,
                    -10,
                    -4
                ],
                [
                    -5,
                    8,
                    1
                ],
                [
                    5,
                    4,
                    -8
                ],
                [
                    10,
                    2,
                    4
                ],
                [
                    -5,
                    4,
                    6
                ],
                [
                    8,
                    7,
                    4
                ],
                [
                    2,
                    -7,
                    4
                ],
                [
                    2,
                    -7,
                    -1
                ],
                [
                    -10,
                    -3,
                    7
                ],
                [
                    -4,
                    -1,
                    7
                ],
                [
                    9,
                    -6,
                    -3
                ],
                [
                    2,
                    -5,
                    -7
                ],
                [
                    10,
                    4,
                    8
                ],
                [
                    -2,
                    4,
                    -5
                ],
                [
                    3,
                    10,
                    1
                ],
                [
                    7,
                    8,
                    -2
                ],
                [
                    -8,
                    -4,
                    2
                ],
                [
                    9,
                    8,
                    -2
                ],
                [
                    -3,
                    -2,
                    7
                ],
                [
                    4,
                    -7,
                    -2
                ],
                [
                    -1,
                    -7,
                    10
                ],
                [
                    8,
                    7,
                    3
                ],
                [
                    5,
                    8,
                    -2
                ],
                [
                    9,
                    7,
                    -6
                ],
                [
                    -8,
                    -10,
                    -7
                ],
                [
                    -5,
                    10,
                    9
                ],
                [
                    -1,
                    -8,
                    -4
                ],
                [
                    -3,
                    5,
                    -7
                ],
                [
                    -9,
                    -1,
                    3
                ],
                [
                    -9,
                    -1,
                    2
                ],
                [
                    -6,
                    7,
                    -5
                ],
                [
                    10,
                    4,
                    -2
                ],
                [
                    3,
                    6,
                    7
                ],
                [
                    8,
                    10,
                    -4
                ],
                [
                    -9,
                    5,
                    -2
                ],
                [
                    10,
                    -1,
                    -6
                ],
                [
                    10,
                    1,
                    -4
                ],
                [
                    -7,
                    1,
                    -4
                ],
                [
                    2,
                    7,
                    -4
                ],
                [
                    8,
                    -10,
                    -9
                ],
                [
                    10,
                    -2,
                    -7
                ],
                [
                    6,
                    -5,
                    -1
                ],
                [
                    -4,
                    -6,
                    -1
                ],
                [
                    3,
                    2,
                    -1
                ],
                [
                    10,
                    9,
                    -6
                ]
            ],
            "{   'fun': 1.0,\n    'jac': None,\n    'nfev': 5,\n    'nit': 0,\n    'njev': 1,\n    'x': array([0.28672592, 1.39678086, 2.72992658, 1.35219818])}",
            {
                "1001111011": 1,
                "1000100111": 1,
                "1011101000": 1,
                "0000011001": 1,
                "1000000101": 1,
                "0010111101": 1,
                "1011111110": 1,
                "1111110000": 1,
                "1000011101": 1,
                "0110001110": 1,
                "1111011101": 1,
                "0110000010": 1,
                "0100000011": 1,
                "0111101000": 1,
                "1100000110": 1,
                "1011101010": 1,
                "1101010010": 1,
                "0111011111": 1,
                "0001011110": 1,
                "1011001010": 1,
                "1110100010": 1,
                "1111110100": 1,
                "0001010111": 1,
                "0100001011": 2,
                "1010100000": 1,
                "0010111011": 1,
                "0100001010": 1,
                "1101000000": 1,
                "0010010110": 1,
                "0111001100": 1,
                "1100000100": 1,
                "0100000110": 1,
                "1011100000": 1,
                "0011100110": 1,
                "1000111101": 1,
                "1001001010": 1,
                "1001010000": 1,
                "0111111001": 1,
                "0011011100": 2,
                "1111000011": 1,
                "1001010011": 1,
                "1110111110": 1,
                "0110001000": 1,
                "1110010010": 1,
                "1000011001": 2,
                "1011111100": 1,
                "0110101010": 1,
                "0001100011": 1,
                "1100000011": 1,
                "0000101001": 1,
                "0100010111": 1,
                "1110110011": 1,
                "0001101010": 1,
                "0101111001": 1,
                "1111111110": 1,
                "0110100101": 1,
                "1110101000": 1,
                "1110110000": 1,
                "1110000001": 1,
                "1100101110": 1,
                "1101110110": 1,
                "1010110111": 1,
                "0011010000": 1,
                "1111001110": 1,
                "1000101101": 1,
                "0001011100": 1,
                "1001011001": 2,
                "1111100010": 1,
                "0010101010": 1,
                "0100011001": 1,
                "1111100110": 1,
                "0011100101": 1,
                "0111001110": 1,
                "0010101110": 1,
                "0001100010": 2,
                "0101110101": 1,
                "1101110001": 1,
                "0000010111": 1,
                "1110010101": 1,
                "0100110000": 1,
                "1100001111": 1,
                "0100010011": 1,
                "1001011101": 1,
                "1101011000": 1,
                "1101110010": 1,
                "0110001010": 1,
                "0101010101": 1,
                "0111100000": 1,
                "0000011110": 1,
                "1101100000": 1,
                "0101110011": 1,
                "1100011101": 1,
                "1110010110": 1,
                "0110111101": 1,
                "0111101110": 1
            },
            false,
            1.0
        ],
        [
            [
                [
                    -2,
                    -5,
                    -3
                ],
                [
                    2,
                    1,
                    -3
                ],
                [
                    7,
                    4,
                    -8
                ],
                [
                    9,
                    5,
                    1
                ],
                [
                    -4,
                    3,
                    1
                ],
                [
                    9,
                    -8,
                    1
                ],
                [
                    -3,
                    6,
                    4
                ],
                [
                    -5,
                    -1,
                    7
                ],
                [
                    5,
                    -2,
                    8
                ],
                [
                    9,
                    3,
                    -8
                ],
                [
                    -6,
                    10,
                    8
                ],
                [
                    -3,
                    5,
                    6
                ],
                [
                    9,
                    10,
                    7
                ],
                [
                    6,
                    -4,
                    -1
                ],
                [
                    1,
                    5,
                    9
                ],
                [
                    -7,
                    -2,
                    8
                ],
                [
                    -9,
                    10,
                    -5
                ],
                [
                    -3,
                    -1,
                    -4
                ],
                [
                    10,
                    -3,
                    -2
                ],
                [
                    -4,
                    -10,
                    -8
                ],
                [
                    -10,
                    5,
                    2
                ],
                [
                    5,
                    4,
                    7
                ],
                [
                    9,
                    2,
                    -4
                ],
                [
                    -3,
                    -9,
                    -2
                ],
                [
                    -9,
                    6,
                    -2
                ],
                [
                    10,
                    -7,
                    -8
                ],
                [
                    2,
                    -6,
                    -5
                ],
                [
                    8,
                    9,
                    10
                ],
                [
                    1,
                    5,
                    4
                ],
                [
                    -6,
                    10,
                    2
                ],
                [
                    6,
                    1,
                    -10
                ],
                [
                    -8,
                    -2,
                    9
                ],
                [
                    -5,
                    -7,
                    6
                ],
                [
                    -4,
                    5,
                    -2
                ],
                [
                    -5,
                    8,
                    2
                ],
                [
                    5,
                    -8,
                    -7
                ],
                [
                    7,
                    -2,
                    -5
                ],
                [
                    -6,
                    5,
                    8
                ],
                [
                    -8,
                    -4,
                    10
                ],
                [
                    2,
                    1,
                    8
                ],
                [
                    -8,
                    9,
                    -3
                ],
                [
                    -8,
                    -4,
                    3
                ],
                [
                    -5,
                    7,
                    9
                ],
                [
                    -1,
                    9,
                    8
                ],
                [
                    5,
                    -7,
                    -10
                ]
            ],
            "{   'fun': 0.98,\n    'jac': None,\n    'nfev': 115,\n    'nit': 2,\n    'njev': 23,\n    'x': array([0.35828229, 1.3768052 , 1.14326123, 0.2952639 ])}",
            {
                "1110011101": 1,
                "1010011100": 1,
                "1010000101": 1,
                "0001001110": 1,
                "0011010100": 1,
                "0000010110": 1,
                "1011000110": 1,
                "0000010100": 1,
                "1000010010": 1,
                "1011101000": 1,
                "1101100010": 1,
                "1001000000": 1,
                "0000101100": 1,
                "1011010100": 1,
                "0101000001": 2,
                "0001100000": 1,
                "1111000100": 1,
                "0000000010": 1,
                "0011100000": 1,
                "1111110010": 4,
                "1001101100": 1,
                "1011111111": 1,
                "1011101110": 1,
                "0000101001": 1,
                "1001010110": 1,
                "1001110111": 1,
                "1110101111": 1,
                "1000001111": 1,
                "0001011001": 1,
                "1110000010": 1,
                "0000111111": 1,
                "1100111100": 1,
                "0011111110": 1,
                "0100001111": 1,
                "1100011001": 1,
                "0110011010": 1,
                "0110111110": 1,
                "0000001001": 1,
                "0111010100": 1,
                "1000000100": 1,
                "1001111010": 2,
                "0110011001": 1,
                "1001011110": 1,
                "0011100010": 1,
                "1000101001": 1,
                "0001010111": 1,
                "0000001100": 2,
                "0010111111": 1,
                "1011100010": 1,
                "1011101001": 2,
                "0000010001": 1,
                "1010001111": 2,
                "0010001000": 1,
                "1110101101": 1,
                "1000011010": 1,
                "0100011001": 1,
                "0000011010": 1,
                "0111010001": 1,
                "0010110010": 1,
                "0110110101": 2,
                "1010111011": 1,
                "0110000010": 1,
                "1111110011": 3,
                "0010011001": 1,
                "1010111110": 1,
                "0000001000": 1,
                "1000110011": 1,
                "0010010110": 1,
                "1111011111": 1,
                "0110111011": 1,
                "1110011011": 1,
                "0011111111": 1,
                "1111011001": 3,
                "1101001010": 1,
                "1010110000": 1,
                "1011001000": 1,
                "0111001101": 1,
                "0000110010": 1,
                "0111000101": 1,
                "0111101111": 1,
                "0100010100": 1,
                "0111100101": 1,
                "1100001000": 1,
                "0001101111": 1,
                "0000000101": 1,
                "1111001010": 2
            },
            true,
            0.88
        ],
        [
            [
                [
                    -7,
                    -2,
                    -10
                ],
                [
                    -9,
                    7,
                    -10
                ],
                [
                    -9,
                    -4,
                    2
                ],
                [
                    -8,
                    4,
                    -6
                ],
                [
                    3,
                    -2,
                    -10
                ],
                [
                    -10,
                    2,
                    -5
                ],
                [
                    -10,
                    -9,
                    -5
                ],
                [
                    -3,
                    1,
                    -7
                ],
                [
                    3,
                    9,
                    -2
                ],
                [
                    1,
                    -4,
                    5
                ],
                [
                    6,
                    -3,
                    2
                ],
                [
                    -8,
                    6,
                    -2
                ],
                [
                    -1,
                    -7,
                    6
                ],
                [
                    9,
                    4,
                    -6
                ],
                [
                    2,
                    -7,
                    -1
                ],
                [
                    6,
                    7,
                    8
                ],
                [
                    10,
                    -8,
                    7
                ],
                [
                    -9,
                    1,
                    3
                ],
                [
                    9,
                    10,
                    5
                ],
                [
                    10,
                    -9,
                    6
                ],
                [
                    -8,
                    -9,
                    -3
                ],
                [
                    -1,
                    2,
                    -5
                ],
                [
                    5,
                    1,
                    8
                ],
                [
                    -8,
                    -5,
                    -2
                ],
                [
                    5,
                    -9,
                    -1
                ],
                [
                    -1,
                    2,
                    -8
                ],
                [
                    -5,
                    8,
                    -10
                ],
                [
                    -4,
                    6,
                    -7
                ],
                [
                    -5,
                    -10,
                    4
                ],
                [
                    2,
                    9,
                    8
                ],
                [
                    1,
                    -10,
                    3
                ],
                [
                    -8,
                    -3,
                    -5
                ],
                [
                    7,
                    6,
                    5
                ],
                [
                    -6,
                    -3,
                    4
                ],
                [
                    5,
                    -8,
                    6
                ],
                [
                    5,
                    6,
                    -2
                ],
                [
                    3,
                    -7,
                    4
                ],
                [
                    -3,
                    -1,
                    7
                ],
                [
                    -8,
                    -3,
                    7
                ],
                [
                    8,
                    9,
                    -2
                ],
                [
                    3,
                    -7,
                    1
                ],
                [
                    9,
                    2,
                    -10
                ],
                [
                    3,
                    -5,
                    -1
                ],
                [
                    -5,
                    6,
                    1
                ],
                [
                    1,
                    -6,
                    7
                ]
            ],
            "{   'fun': 1.0,\n    'jac': None,\n    'nfev': 140,\n    'nit': 3,\n    'njev': 28,\n    'x': array([1.40042969, 0.42343265, 1.58876705, 2.81906259])}",
            {
                "1011110100": 1,
                "0011010100": 1,
                "0101010101": 1,
                "1111111101": 1,
                "1100111100": 2,
                "0111110010": 1,
                "0101010000": 1,
                "0011110110": 1,
                "0010000110": 1,
                "0100101010": 1,
                "1010001110": 1,
                "0110101101": 1,
                "0000101110": 1,
                "0100111010": 1,
                "1110100111": 1,
                "0011111110": 1,
                "0110000101": 1,
                "0111101100": 1,
                "0100010010": 1,
                "1111100110": 1,
                "1000110110": 1,
                "0010000111": 1,
                "0001001110": 1,
                "0110010000": 1,
                "0101001010": 1,
                "1111101101": 1,
                "0011101000": 1,
                "1001100000": 1,
                "0101111111": 1,
                "1011110011": 1,
                "1111111000": 1,
                "1110110111": 1,
                "1110110000": 1,
                "0100111000": 1,
                "1100000000": 1,
                "0111011001": 1,
                "0101000101": 1,
                "0110101100": 1,
                "0100110100": 1,
                "1110010100": 1,
                "1011100101": 2,
                "0001010100": 1,
                "1011101000": 1,
                "1011110110": 1,
                "1101010000": 1,
                "0010101000": 1,
                "0100011001": 1,
                "1101010001": 1,
                "0001110010": 1,
                "1111011111": 1,
                "0011001011": 1,
                "0000000101": 1,
                "1010111101": 1,
                "1111111010": 1,
                "1000101000": 1,
                "0010111110": 1,
                "0101101001": 1,
                "1100101011": 1,
                "1010011010": 1,
                "0000110010": 1,
                "1011010111": 1,
                "0000011100": 1,
                "0010110000": 1,
                "0000111100": 1,
                "0100000000": 1,
                "0111001100": 1,
                "0001111111": 1,
                "1011111001": 2,
                "1100011011": 1,
                "1100111101": 1,
                "1101100001": 1,
                "1000011000": 1,
                "0010011101": 1,
                "1110100110": 1,
                "1001011011": 1,
                "1001101100": 1,
                "0000001011": 1,
                "0010001011": 1,
                "0111100100": 1,
                "1001111011": 1,
                "1010010010": 1,
                "0011111011": 1,
                "0011001101": 1,
                "0011111100": 2,
                "1000100111": 1,
                "0011001100": 1,
                "0110011000": 2,
                "0010000101": 1,
                "1000011001": 1,
                "0011101111": 1,
                "0101001001": 1,
                "1101000001": 1,
                "0101001110": 1,
                "0000010111": 1,
                "1100100001": 1
            },
            false,
            0.97
        ],
        [
            [
                [
                    -6,
                    1,
                    -8
                ],
                [
                    -8,
                    5,
                    4
                ],
                [
                    -10,
                    -4,
                    -6
                ],
                [
                    -4,
                    10,
                    2
                ],
                [
                    -7,
                    -8,
                    -3
                ],
                [
                    -3,
                    10,
                    -2
                ],
                [
                    8,
                    -2,
                    -5
                ],
                [
                    5,
                    -6,
                    -8
                ],
                [
                    -3,
                    -10,
                    7
                ],
                [
                    -3,
                    2,
                    -8
                ],
                [
                    -5,
                    -2,
                    10
                ],
                [
                    2,
                    10,
                    4
                ],
                [
                    1,
                    -7,
                    8
                ],
                [
                    -2,
                    -5,
                    -1
                ],
                [
                    6,
                    7,
                    -4
                ],
                [
                    -4,
                    7,
                    8
                ],
                [
                    -3,
                    7,
                    2
                ],
                [
                    -5,
                    2,
                    4
                ],
                [
                    -5,
                    -3,
                    -4
                ],
                [
                    2,
                    -9,
                    1
                ],
                [
                    -4,
                    5,
                    -10
                ],
                [
                    -8,
                    -9,
                    -7
                ],
                [
                    8,
                    3,
                    4
                ],
                [
                    -2,
                    -7,
                    8
                ],
                [
                    -6,
                    3,
                    -10
                ],
                [
                    -6,
                    5,
                    3
                ],
                [
                    -4,
                    9,
                    1
                ],
                [
                    2,
                    5,
                    -4
                ],
                [
                    9,
                    -6,
                    7
                ],
                [
                    -9,
                    5,
                    -4
                ],
                [
                    3,
                    -8,
                    1
                ],
                [
                    -1,
                    2,
                    -3
                ],
                [
                    -3,
                    -8,
                    4
                ],
                [
                    4,
                    -8,
                    -7
                ],
                [
                    -3,
                    1,
                    2
                ],
                [
                    -10,
                    3,
                    2
                ],
                [
                    -5,
                    -3,
                    -1
                ],
                [
                    4,
                    10,
                    5
                ],
                [
                    8,
                    10,
                    -1
                ],
                [
                    10,
                    2,
                    1
                ],
                [
                    4,
                    -3,
                    -6
                ],
                [
                    7,
                    4,
                    8
                ],
                [
                    1,
                    -4,
                    -10
                ],
                [
                    -1,
                    -6,
                    5
                ],
                [
                    6,
                    1,
                    -2
                ]
            ],
            "{   'fun': 1.0,\n    'jac': None,\n    'nfev': 105,\n    'nit': 0,\n    'njev': 21,\n    'x': array([3.00269906, 1.89771762, 0.36097942, 0.32937041])}",
            {
                "1111100001": 1,
                "1001011000": 1,
                "1101000100": 1,
                "0000000100": 1,
                "1001100111": 1,
                "1000000110": 1,
                "0101001100": 1,
                "1101000001": 1,
                "0111100001": 1,
                "0011001101": 1,
                "0001011001": 1,
                "1001111001": 1,
                "1101001010": 1,
                "0011001001": 1,
                "1001111110": 1,
                "0011011111": 1,
                "1000100000": 2,
                "1110101101": 1,
                "1100100010": 1,
                "1000001100": 1,
                "1011101000": 1,
                "1111111000": 1,
                "1000101100": 1,
                "1110000010": 1,
                "1010111111": 1,
                "0001111011": 1,
                "1011110000": 1,
                "1100111110": 1,
                "1111011010": 1,
                "0010001000": 1,
                "1101010001": 1,
                "0110010001": 1,
                "0111111111": 1,
                "0100001001": 1,
                "1111110111": 1,
                "0000100100": 1,
                "1101001000": 1,
                "1010011100": 2,
                "1010111001": 1,
                "1110010111": 1,
                "1101011110": 1,
                "1001000010": 1,
                "0001000000": 1,
                "1101110000": 1,
                "1001100011": 1,
                "0100000100": 1,
                "0011111110": 1,
                "1110110100": 1,
                "0011011011": 1,
                "1110010110": 1,
                "0100000101": 1,
                "1110110101": 1,
                "0110111111": 1,
                "0100000010": 1,
                "1011011010": 1,
                "1110101110": 1,
                "0110100011": 1,
                "0111110011": 1,
                "1110010100": 1,
                "1000111111": 2,
                "0000010001": 1,
                "0101110001": 1,
                "0001110011": 1,
                "1111110000": 1,
                "1011011011": 1,
                "1100001111": 1,
                "0100110000": 1,
                "0011011000": 1,
                "0000011000": 1,
                "0101110000": 1,
                "1110100010": 2,
                "1001111011": 1,
                "1101101110": 1,
                "0100001100": 1,
                "0011001111": 1,
                "0000111100": 1,
                "1111110011": 1,
                "1000101000": 1,
                "1110110001": 1,
                "0011110001": 1,
                "1101000000": 1,
                "1000011100": 1,
                "1001100101": 1,
                "0101100100": 1,
                "1000000100": 1,
                "1010000011": 1,
                "0001101111": 1,
                "1001010100": 1,
                "0101001001": 1,
                "0101110101": 1,
                "0101011010": 1,
                "1100111010": 1,
                "0100011001": 1,
                "0011001000": 1,
                "0010000110": 1,
                "1011010000": 1
            },
            false,
            0.97
        ]
    ]
}