{
    "n": 10,
    "m": 45,
    "results": [
        [
            [
                [
                    4,
                    3,
                    -2
                ],
                [
                    3,
                    2,
                    -7
                ],
                [
                    -3,
                    -7,
                    -1
                ],
                [
                    9,
                    -10,
                    -2
                ],
                [
                    9,
                    -6,
                    10
                ],
                [
                    -5,
                    -4,
                    1
                ],
                [
                    9,
                    7,
                    -1
                ],
                [
                    -1,
                    -2,
                    6
                ],
                [
                    -7,
                    -5,
                    2
                ],
                [
                    -7,
                    9,
                    6
                ],
                [
                    5,
                    -1,
                    -10
                ],
                [
                    5,
                    -8,
                    -10
                ],
                [
                    -8,
                    7,
                    -10
                ],
                [
                    -4,
                    -6,
                    -3
                ],
                [
                    -3,
                    -1,
                    -2
                ],
                [
                    9,
                    -8,
                    -3
                ],
                [
                    -8,
                    10,
                    -7
                ],
                [
                    -4,
                    -10,
                    5
                ],
                [
                    -1,
                    -7,
                    10
                ],
                [
                    4,
                    8,
                    2
                ],
                [
                    -7,
                    -2,
                    3
                ],
                [
                    1,
                    -9,
                    -3
                ],
                [
                    6,
                    -8,
                    1
                ],
                [
                    -9,
                    -10,
                    -6
                ],
                [
                    3,
                    -10,
                    2
                ],
                [
                    -1,
                    -7,
                    5
                ],
                [
                    -1,
                    9,
                    4
                ],
                [
                    -9,
                    -5,
                    -3
                ],
                [
                    -10,
                    2,
                    -1
                ],
                [
                    -2,
                    10,
                    9
                ],
                [
                    10,
                    -4,
                    6
                ],
                [
                    7,
                    4,
                    1
                ],
                [
                    -6,
                    9,
                    -3
                ],
                [
                    -5,
                    7,
                    10
                ],
                [
                    7,
                    -4,
                    -6
                ],
                [
                    -10,
                    3,
                    -6
                ],
                [
                    5,
                    -9,
                    -3
                ],
                [
                    -7,
                    -8,
                    -4
                ],
                [
                    10,
                    -7,
                    -9
                ],
                [
                    8,
                    -5,
                    6
                ],
                [
                    1,
                    -4,
                    -8
                ],
                [
                    3,
                    -8,
                    -2
                ],
                [
                    -2,
                    -4,
                    10
                ],
                [
                    -9,
                    -6,
                    7
                ],
                [
                    -6,
                    -4,
                    5
                ]
            ],
            "{   'fun': 1.0,\n    'jac': None,\n    'nfev': 510,\n    'nit': 2,\n    'njev': 30,\n    'x': array([1.35547066, 0.56570567, 1.36489077, 2.78544985, 2.08535372,\n       2.61884755, 1.29102266, 2.15145623, 2.01627936, 0.45033669,\n       0.66518802, 0.09883818, 1.79835481, 1.74181388, 1.82882935,\n       0.02556421])}",
            {
                "0000110111": 1,
                "0100110001": 1,
                "1110111110": 1,
                "1101100010": 1,
                "0001110101": 1,
                "0000110110": 1,
                "0000001000": 1,
                "0110101111": 1,
                "1000001100": 1,
                "0010110011": 1,
                "1011010100": 1,
                "0101011100": 1,
                "0000011000": 1,
                "0111001010": 1,
                "1110011000": 1,
                "1010100010": 1,
                "0010110101": 1,
                "0100001111": 1,
                "0001100010": 1,
                "0011010110": 1,
                "1000100000": 1,
                "0001000101": 1,
                "0001101101": 1,
                "0100101000": 1,
                "0100001011": 1,
                "1011101100": 1,
                "1100010101": 1,
                "0101110001": 1,
                "1110001011": 1,
                "1010000101": 1,
                "0101110110": 1,
                "1111111111": 1,
                "1010101100": 1,
                "1010000100": 1,
                "1111011101": 1,
                "1110110111": 1,
                "1000000011": 1,
                "1001100100": 1,
                "0110001101": 1,
                "0111001101": 1,
                "1111110011": 1,
                "1101111110": 1,
                "0111010100": 1,
                "0000011011": 1,
                "1100000101": 1,
                "1100001101": 1,
                "1110100011": 1,
                "1011111011": 1,
                "0110111010": 1,
                "0100010100": 1,
                "1111100001": 1,
                "1110101011": 1,
                "0011111100": 1,
                "1001000011": 1,
                "0110100010": 1,
                "1111110100": 1,
                "1010011011": 2,
                "1101100001": 1,
                "0011010111": 1,
                "1001001011": 1,
                "0101101111": 1,
                "1011011111": 2,
                "0011111010": 1,
                "0101011111": 1,
                "1111010001": 1,
                "0001010011": 1,
                "1010100101": 2,
                "1101000111": 1,
                "1000110001": 1,
                "1101101110": 1,
                "0111111101": 1,
                "1000101010": 1,
                "1001110111": 1,
                "0110000001": 1,
                "1000001111": 1,
                "1010100100": 1,
                "0001100011": 1,
                "0110111011": 1,
                "1101111001": 1,
                "1000001001": 1,
                "1011010011": 1,
                "0011011000": 1,
                "0000010111": 1,
                "0110011010": 1,
                "1111110010": 1,
                "0101011011": 1,
                "0100111100": 1,
                "0000110000": 1,
                "1011100101": 1,
                "0011100100": 1,
                "1001100000": 1,
                "1000011110": 1,
                "0011100010": 1,
                "1000100001": 1,
                "1000111101": 2,
                "0101100001": 1
            },
            false,
            0.96
        ],
        [
            [
                [
                    -4,
                    2,
                    -7
                ],
                [
                    -1,
                    -3,
                    5
                ],
                [
                    4,
                    9,
                    8
                ],
                [
                    7,
                    -3,
                    2
                ],
                [
                    -8,
                    3,
                    9
                ],
                [
                    -8,
                    -9,
                    -6
                ],
                [
                    -5,
                    -1,
                    -9
                ],
                [
                    -5,
                    -4,
                    9
                ],
                [
                    -2,
                    -5,
                    9
                ],
                [
                    -3,
                    7,
                    8
                ],
                [
                    7,
                    -3,
                    -1
                ],
                [
                    -6,
                    -3,
                    -7
                ],
                [
                    -10,
                    -5,
                    -9
                ],
                [
                    -2,
                    5,
                    -8
                ],
                [
                    -5,
                    -9,
                    -6
                ],
                [
                    10,
                    2,
                    -6
                ],
                [
                    5,
                    -7,
                    6
                ],
                [
                    9,
                    7,
                    -5
                ],
                [
                    -4,
                    8,
                    -7
                ],
                [
                    4,
                    8,
                    2
                ],
                [
                    2,
                    -3,
                    -9
                ],
                [
                    10,
                    4,
                    -1
                ],
                [
                    -10,
                    6,
                    -3
                ],
                [
                    -8,
                    -3,
                    -7
                ],
                [
                    -9,
                    -8,
                    -5
                ],
                [
                    5,
                    1,
                    -4
                ],
                [
                    1,
                    2,
                    -10
                ],
                [
                    4,
                    -7,
                    -9
                ],
                [
                    -3,
                    -4,
                    -5
                ],
                [
                    -5,
                    -1,
                    -4
                ],
                [
                    -8,
                    -9,
                    -4
                ],
                [
                    7,
                    2,
                    4
                ],
                [
                    10,
                    3,
                    -1
                ],
                [
                    -10,
                    5,
                    2
                ],
                [
                    1,
                    6,
                    8
                ],
                [
                    -8,
                    -7,
                    10
                ],
                [
                    -9,
                    7,
                    -10
                ],
                [
                    2,
                    5,
                    -3
                ],
                [
                    8,
                    7,
                    9
                ],
                [
                    5,
                    1,
                    -2
                ],
                [
                    2,
                    -10,
                    -7
                ],
                [
                    5,
                    1,
                    -10
                ],
                [
                    6,
                    -3,
                    -8
                ],
                [
                    9,
                    6,
                    -1
                ],
                [
                    6,
                    7,
                    -2
                ]
            ],
            "{   'fun': 1.0,\n    'jac': None,\n    'nfev': 17,\n    'nit': 0,\n    'njev': 1,\n    'x': array([2.39560021, 0.22958449, 0.73789209, 0.42139209, 0.23225676,\n       1.17266315, 1.10088886, 2.64014885, 0.5143881 , 2.74616045,\n       2.79808124, 2.79390883, 0.71644936, 1.38960737, 0.39597773,\n       2.91552756])}",
            {
                "0001010010": 1,
                "1100000011": 1,
                "1100010010": 1,
                "1100101000": 1,
                "1001110110": 1,
                "0110000101": 1,
                "1010001011": 1,
                "0110000011": 1,
                "0010111110": 1,
                "1111010111": 1,
                "0100010000": 1,
                "1110010110": 1,
                "0101000010": 1,
                "1000001100": 1,
                "1000100110": 1,
                "1010100010": 1,
                "1110101101": 1,
                "0101011110": 1,
                "0100101110": 1,
                "1000000111": 1,
                "1100111100": 1,
                "1101111000": 1,
                "1000001111": 1,
                "0001011110": 1,
                "1101101110": 1,
                "1000001110": 1,
                "0010101000": 2,
                "0001001011": 1,
                "1111000000": 1,
                "1111110101": 1,
                "0101101110": 1,
                "1011101010": 1,
                "1011000001": 1,
                "1101000001": 1,
                "1100101111": 1,
                "1000111100": 1,
                "0000000100": 1,
                "0011010110": 1,
                "0011110101": 1,
                "0100011111": 1,
                "1100001111": 2,
                "0111110100": 1,
                "1010111100": 1,
                "1001101101": 1,
                "0011011001": 1,
                "1111100000": 1,
                "1011011000": 1,
                "1101001100": 1,
                "0100100011": 1,
                "1100010100": 1,
                "0111100100": 1,
                "0011011100": 2,
                "0111110001": 1,
                "1100011110": 1,
                "0011101101": 1,
                "1111001000": 1,
                "0100010101": 1,
                "1111110100": 1,
                "1001111110": 1,
                "1010011100": 2,
                "0101010101": 1,
                "0111011111": 1,
                "0010010010": 1,
                "0011010001": 1,
                "1000011001": 1,
                "0101101010": 2,
                "0010011000": 1,
                "0010011110": 1,
                "0011010101": 1,
                "1111001111": 1,
                "0011111100": 1,
                "1110100100": 1,
                "1000100111": 1,
                "1111010100": 1,
                "0000110101": 1,
                "1110101001": 1,
                "0110010011": 1,
                "0101000101": 1,
                "1101011111": 1,
                "0001111101": 1,
                "1100100011": 1,
                "0011111010": 1,
                "0110110010": 1,
                "1010000001": 1,
                "0001100101": 1,
                "0001010110": 1,
                "1001111001": 1,
                "1100110101": 1,
                "0100111110": 1,
                "0001110010": 1,
                "1101001011": 1,
                "1010111111": 1,
                "1110011010": 1,
                "1011110000": 1,
                "0100111111": 1
            },
            false,
            1.0
        ],
        [
            [
                [
                    7,
                    10,
                    -5
                ],
                [
                    -2,
                    -1,
                    7
                ],
                [
                    -1,
                    -2,
                    6
                ],
                [
                    -10,
                    6,
                    9
                ],
                [
                    -5,
                    9,
                    8
                ],
                [
                    -10,
                    -3,
                    -7
                ],
                [
                    -1,
                    4,
                    -3
                ],
                [
                    -4,
                    -10,
                    -9
                ],
                [
                    -7,
                    6,
                    -1
                ],
                [
                    -7,
                    -2,
                    -5
                ],
                [
                    10,
                    -7,
                    1
                ],
                [
                    -8,
                    1,
                    -9
                ],
                [
                    8,
                    -6,
                    3
                ],
                [
                    -2,
                    7,
                    4
                ],
                [
                    7,
                    9,
                    1
                ],
                [
                    -4,
                    8,
                    5
                ],
                [
                    5,
                    -2,
                    6
                ],
                [
                    -7,
                    9,
                    -1
                ],
                [
                    5,
                    10,
                    -8
                ],
                [
                    6,
                    7,
                    3
                ],
                [
                    -2,
                    -7,
                    8
                ],
                [
                    -8,
                    4,
                    -10
                ],
                [
                    -8,
                    3,
                    -4
                ],
                [
                    8,
                    -9,
                    -3
                ],
                [
                    8,
                    -7,
                    -1
                ],
                [
                    9,
                    3,
                    -1
                ],
                [
                    -10,
                    -5,
                    7
                ],
                [
                    -3,
                    -9,
                    8
                ],
                [
                    10,
                    5,
                    8
                ],
                [
                    -7,
                    8,
                    6
                ],
                [
                    10,
                    8,
                    -2
                ],
                [
                    -6,
                    -4,
                    -10
                ],
                [
                    6,
                    8,
                    -3
                ],
                [
                    8,
                    9,
                    -2
                ],
                [
                    10,
                    -1,
                    2
                ],
                [
                    -2,
                    -6,
                    -1
                ],
                [
                    -4,
                    -8,
                    -10
                ],
                [
                    -9,
                    10,
                    -1
                ],
                [
                    -6,
                    4,
                    9
                ],
                [
                    -2,
                    1,
                    -10
                ],
                [
                    6,
                    3,
                    4
                ],
                [
                    10,
                    5,
                    -8
                ],
                [
                    -1,
                    2,
                    5
                ],
                [
                    -2,
                    5,
                    -10
                ],
                [
                    -10,
                    -5,
                    2
                ]
            ],
            "{   'fun': 1.0,\n    'jac': None,\n    'nfev': 17,\n    'nit': 0,\n    'njev': 1,\n    'x': array([1.47985498, 1.09830092, 0.94651135, 1.59937102, 0.53468269,\n       0.78818756, 2.18105981, 3.03257277, 1.18807658, 1.12888927,\n       1.18397622, 0.58413473, 2.28064522, 0.47759089, 3.11681691,\n       2.31389959])}",
            {
                "1111100111": 1,
                "0110111001": 1,
                "1100100001": 1,
                "1000010110": 1,
                "1101011111": 1,
                "0111010100": 1,
                "1001011111": 1,
                "0111010101": 1,
                "0010011000": 1,
                "0001000100": 1,
                "1001101000": 1,
                "0111100010": 1,
                "0101100001": 1,
                "1000011111": 1,
                "0101001000": 1,
                "1001000001": 1,
                "1100000000": 2,
                "1100011100": 1,
                "1011100010": 1,
                "1110110111": 1,
                "0101111001": 1,
                "1010101011": 1,
                "1011011011": 1,
                "0100000010": 1,
                "1001111100": 1,
                "0001111100": 1,
                "1010100000": 1,
                "0000011101": 1,
                "1110000011": 1,
                "1100110111": 1,
                "0000110110": 1,
                "1100011011": 1,
                "1100111101": 1,
                "1011111000": 1,
                "0011000000": 1,
                "0111110001": 1,
                "0100010101": 1,
                "0011001101": 1,
                "1011100110": 1,
                "1101101101": 1,
                "0101100000": 1,
                "1000001110": 1,
                "1100011101": 1,
                "1100110010": 1,
                "0000110011": 1,
                "1101100111": 1,
                "1100110100": 2,
                "0001101000": 1,
                "0101101101": 1,
                "1110111001": 1,
                "0011000110": 1,
                "0001100100": 1,
                "1001100010": 1,
                "0001011001": 1,
                "0100101100": 1,
                "1101001010": 1,
                "0011001100": 1,
                "1111111111": 1,
                "0011010000": 1,
                "0011110010": 1,
                "0010001110": 1,
                "1100111100": 1,
                "0110010111": 1,
                "1011001010": 1,
                "0011101100": 1,
                "0001111000": 1,
                "1110011011": 1,
                "1111100101": 1,
                "1111010011": 1,
                "1000010010": 1,
                "1011001101": 1,
                "1100111011": 1,
                "1100010001": 1,
                "1000010011": 1,
                "0001100101": 1,
                "0100010010": 2,
                "1111000101": 1,
                "1001011110": 1,
                "1011110101": 1,
                "0001001010": 1,
                "1000010101": 1,
                "1111010010": 1,
                "1001110010": 1,
                "0110000111": 1,
                "1100100011": 1,
                "0111100110": 1,
                "1000110011": 1,
                "0110001000": 1,
                "0101011001": 2,
                "1101000101": 1,
                "1010101010": 1,
                "1100000110": 1,
                "0010000100": 1,
                "1010011000": 1,
                "0111010001": 1,
                "0010111101": 1
            },
            false,
            1.0
        ],
        [
            [
                [
                    -3,
                    -8,
                    2
                ],
                [
                    -3,
                    -2,
                    -8
                ],
                [
                    3,
                    4,
                    6
                ],
                [
                    8,
                    2,
                    3
                ],
                [
                    -3,
                    -7,
                    9
                ],
                [
                    5,
                    7,
                    1
                ],
                [
                    3,
                    5,
                    1
                ],
                [
                    1,
                    3,
                    10
                ],
                [
                    7,
                    -2,
                    -5
                ],
                [
                    10,
                    9,
                    -7
                ],
                [
                    -7,
                    -5,
                    4
                ],
                [
                    -7,
                    -5,
                    9
                ],
                [
                    -8,
                    3,
                    2
                ],
                [
                    -10,
                    -9,
                    8
                ],
                [
                    -7,
                    5,
                    -3
                ],
                [
                    -10,
                    8,
                    3
                ],
                [
                    7,
                    -8,
                    4
                ],
                [
                    -8,
                    -2,
                    4
                ],
                [
                    -9,
                    1,
                    -10
                ],
                [
                    -8,
                    10,
                    -3
                ],
                [
                    2,
                    7,
                    -5
                ],
                [
                    -6,
                    -2,
                    1
                ],
                [
                    4,
                    8,
                    1
                ],
                [
                    8,
                    -4,
                    10
                ],
                [
                    8,
                    -2,
                    -4
                ],
                [
                    -6,
                    4,
                    -5
                ],
                [
                    6,
                    2,
                    10
                ],
                [
                    3,
                    1,
                    10
                ],
                [
                    -6,
                    -3,
                    -9
                ],
                [
                    3,
                    -5,
                    -8
                ],
                [
                    -2,
                    8,
                    1
                ],
                [
                    -3,
                    -1,
                    -4
                ],
                [
                    -3,
                    5,
                    -7
                ],
                [
                    -4,
                    -10,
                    5
                ],
                [
                    -5,
                    -10,
                    1
                ],
                [
                    -9,
                    -1,
                    -7
                ],
                [
                    3,
                    -9,
                    -5
                ],
                [
                    -9,
                    4,
                    -6
                ],
                [
                    3,
                    -2,
                    -8
                ],
                [
                    4,
                    1,
                    -8
                ],
                [
                    -4,
                    7,
                    -5
                ],
                [
                    7,
                    -1,
                    4
                ],
                [
                    -10,
                    -8,
                    7
                ],
                [
                    3,
                    9,
                    6
                ],
                [
                    -10,
                    -9,
                    1
                ]
            ],
            "{   'fun': 1.0,\n    'jac': None,\n    'nfev': 17,\n    'nit': 0,\n    'njev': 1,\n    'x': array([2.35706652, 1.19946972, 1.93730908, 1.62906317, 0.95175211,\n       1.79407696, 0.94124931, 0.73086027, 1.53288947, 1.55746365,\n       2.02211764, 2.18491067, 1.46777765, 3.12982724, 0.82139032,\n       1.3437621 ])}",
            {
                "1000010110": 1,
                "1111011111": 1,
                "1000100011": 1,
                "0111110011": 1,
                "1010000011": 1,
                "1000101010": 1,
                "0001110010": 1,
                "0100111110": 1,
                "1010111010": 1,
                "0111100111": 1,
                "0111011110": 1,
                "1010011000": 1,
                "1111011010": 1,
                "1001111101": 1,
                "0011000101": 1,
                "0011010011": 1,
                "1110010110": 1,
                "1111100010": 1,
                "1001111110": 1,
                "1000011000": 1,
                "0101000000": 1,
                "1101110011": 1,
                "0101110000": 1,
                "1011111100": 1,
                "1000011111": 1,
                "1101111111": 1,
                "1101000010": 1,
                "0010111110": 1,
                "1100011010": 2,
                "0100110001": 1,
                "1110100011": 1,
                "1001100111": 1,
                "0100101100": 2,
                "1010010110": 1,
                "0001000001": 1,
                "0100000010": 1,
                "1110011110": 1,
                "0101010111": 1,
                "1000110001": 1,
                "1011011100": 1,
                "0110111101": 1,
                "1100001110": 1,
                "1000111010": 1,
                "0110000111": 1,
                "0010010010": 1,
                "1100011001": 1,
                "1110110101": 1,
                "1111101101": 1,
                "0101001010": 1,
                "1010110100": 1,
                "0001101101": 1,
                "0000001110": 1,
                "0011101100": 1,
                "1111010100": 1,
                "1001011101": 1,
                "0000110101": 1,
                "1110101000": 1,
                "0000001111": 1,
                "0111001010": 1,
                "0010011011": 1,
                "0110001100": 2,
                "1101010010": 1,
                "0100101010": 2,
                "1111000010": 1,
                "0011000111": 1,
                "1001100011": 2,
                "1001111100": 1,
                "0110010000": 1,
                "1101110100": 1,
                "0101001000": 1,
                "0001111101": 1,
                "0110111110": 1,
                "0110110000": 1,
                "0100111111": 1,
                "1001001010": 1,
                "1000111101": 1,
                "1000110011": 1,
                "1101101100": 1,
                "1011110111": 1,
                "0111011000": 1,
                "0011100111": 1,
                "0100110100": 1,
                "1101100101": 1,
                "0011000100": 1,
                "1000011100": 1,
                "0000100001": 1,
                "0111010001": 1,
                "1101011110": 1,
                "1001000010": 1,
                "0101011010": 1,
                "1001011011": 1,
                "1000110101": 1,
                "0101000111": 1,
                "0011010101": 1,
                "1101111100": 1
            },
            false,
            1.0
        ],
        [
            [
                [
                    7,
                    9,
                    -1
                ],
                [
                    -5,
                    4,
                    -10
                ],
                [
                    5,
                    3,
                    -1
                ],
                [
                    -10,
                    -8,
                    -1
                ],
                [
                    3,
                    -4,
                    -6
                ],
                [
                    1,
                    -2,
                    -3
                ],
                [
                    -2,
                    -10,
                    1
                ],
                [
                    -9,
                    -1,
                    3
                ],
                [
                    -1,
                    -5,
                    10
                ],
                [
                    2,
                    10,
                    7
                ],
                [
                    -10,
                    5,
                    2
                ],
                [
                    -4,
                    2,
                    7
                ],
                [
                    5,
                    -7,
                    -3
                ],
                [
                    6,
                    -4,
                    -5
                ],
                [
                    10,
                    6,
                    -7
                ],
                [
                    6,
                    4,
                    2
                ],
                [
                    -3,
                    10,
                    4
                ],
                [
                    8,
                    7,
                    3
                ],
                [
                    5,
                    -10,
                    -1
                ],
                [
                    -1,
                    4,
                    -2
                ],
                [
                    1,
                    4,
                    -9
                ],
                [
                    7,
                    -2,
                    -8
                ],
                [
                    10,
                    6,
                    -9
                ],
                [
                    -9,
                    -5,
                    -1
                ],
                [
                    -7,
                    -2,
                    8
                ],
                [
                    9,
                    -8,
                    1
                ],
                [
                    4,
                    9,
                    10
                ],
                [
                    3,
                    5,
                    -4
                ],
                [
                    6,
                    -9,
                    -3
                ],
                [
                    -2,
                    -1,
                    -10
                ],
                [
                    -1,
                    -8,
                    4
                ],
                [
                    -8,
                    5,
                    1
                ],
                [
                    -7,
                    8,
                    10
                ],
                [
                    2,
                    5,
                    -6
                ],
                [
                    6,
                    4,
                    2
                ],
                [
                    2,
                    -3,
                    -1
                ],
                [
                    -2,
                    -8,
                    7
                ],
                [
                    9,
                    4,
                    5
                ],
                [
                    1,
                    5,
                    -10
                ],
                [
                    -3,
                    -6,
                    -9
                ],
                [
                    9,
                    4,
                    6
                ],
                [
                    2,
                    8,
                    -3
                ],
                [
                    -5,
                    7,
                    3
                ],
                [
                    -8,
                    7,
                    -5
                ],
                [
                    -7,
                    2,
                    10
                ]
            ],
            "{   'fun': 1.0,\n    'jac': None,\n    'nfev': 17,\n    'nit': 0,\n    'njev': 1,\n    'x': array([1.89220777, 0.87305053, 2.91833565, 0.63062055, 2.44407063,\n       0.10763266, 2.47670938, 2.82624163, 2.84974983, 0.13312792,\n       2.25693124, 0.10129137, 3.05890979, 0.28589679, 1.69824718,\n       2.96596754])}",
            {
                "0011010100": 1,
                "1110010110": 1,
                "1100010111": 1,
                "1111000011": 1,
                "1001010001": 1,
                "1101000101": 1,
                "0110011011": 1,
                "0110100100": 1,
                "0000100101": 1,
                "1001100001": 1,
                "0110000001": 1,
                "1010110000": 1,
                "1110100111": 1,
                "0010010001": 1,
                "1111101111": 1,
                "1111111001": 1,
                "1101110011": 1,
                "1110001110": 1,
                "1010100001": 1,
                "1011001100": 1,
                "0100111101": 1,
                "0110010011": 1,
                "0111010010": 1,
                "0011100010": 1,
                "1110001010": 1,
                "1001110101": 3,
                "0010101000": 1,
                "0101011000": 1,
                "0111000001": 1,
                "0100101111": 1,
                "1010110001": 1,
                "1100111010": 1,
                "1000001110": 1,
                "0001110000": 1,
                "0011010111": 1,
                "0110100101": 1,
                "0001100010": 1,
                "1111010111": 1,
                "0110101101": 1,
                "1011011010": 1,
                "0000110010": 1,
                "0000000100": 1,
                "0111000111": 1,
                "0011011110": 1,
                "0101001100": 1,
                "0010001110": 1,
                "1111000100": 1,
                "1101010000": 1,
                "1000100001": 1,
                "1101001101": 1,
                "0010110110": 1,
                "1000010101": 1,
                "1000110000": 1,
                "1100101111": 1,
                "0011101110": 1,
                "0010010010": 1,
                "1110110101": 1,
                "0100011100": 1,
                "1011110011": 1,
                "1010001010": 1,
                "0001111011": 1,
                "0111110010": 1,
                "0111111000": 1,
                "0001110011": 1,
                "1110100001": 1,
                "1100111110": 1,
                "0101011101": 1,
                "0000101111": 2,
                "0101100110": 1,
                "0011011001": 1,
                "1001101101": 1,
                "0011111011": 1,
                "1101010111": 1,
                "0000000110": 1,
                "1001001000": 1,
                "1110100101": 1,
                "0110000111": 1,
                "1100101000": 1,
                "0110011101": 1,
                "0100111000": 1,
                "1011100100": 1,
                "1111101110": 1,
                "1011100111": 1,
                "1110000101": 1,
                "0000111010": 1,
                "0101111010": 1,
                "1101100011": 1,
                "0010010111": 1,
                "1010110100": 1,
                "1101011011": 1,
                "0111111111": 1,
                "0100110101": 1,
                "0110010100": 1,
                "1100100100": 1,
                "1011001110": 1,
                "1010101001": 1,
                "0000110100": 1
            },
            false,
            1.0
        ]
    ]
}