{
    "n": 10,
    "m": 45,
    "results": [
        [
            [
                [
                    -5,
                    -8,
                    -9
                ],
                [
                    -4,
                    -8,
                    -10
                ],
                [
                    3,
                    -7,
                    -8
                ],
                [
                    3,
                    -6,
                    -10
                ],
                [
                    3,
                    7,
                    -4
                ],
                [
                    7,
                    -9,
                    -10
                ],
                [
                    5,
                    10,
                    9
                ],
                [
                    -10,
                    9,
                    -2
                ],
                [
                    8,
                    7,
                    9
                ],
                [
                    4,
                    5,
                    -7
                ],
                [
                    -4,
                    2,
                    -1
                ],
                [
                    -3,
                    -8,
                    -4
                ],
                [
                    -10,
                    9,
                    2
                ],
                [
                    -10,
                    9,
                    -7
                ],
                [
                    -2,
                    1,
                    -3
                ],
                [
                    2,
                    6,
                    -5
                ],
                [
                    -8,
                    -3,
                    1
                ],
                [
                    5,
                    -9,
                    -1
                ],
                [
                    6,
                    -10,
                    -5
                ],
                [
                    -4,
                    -9,
                    -6
                ],
                [
                    -3,
                    8,
                    4
                ],
                [
                    2,
                    -7,
                    -4
                ],
                [
                    -2,
                    7,
                    9
                ],
                [
                    -1,
                    -2,
                    -5
                ],
                [
                    9,
                    4,
                    10
                ],
                [
                    -4,
                    -6,
                    5
                ],
                [
                    -6,
                    9,
                    -4
                ],
                [
                    -2,
                    5,
                    7
                ],
                [
                    7,
                    8,
                    -6
                ],
                [
                    -1,
                    4,
                    -9
                ],
                [
                    3,
                    8,
                    1
                ],
                [
                    5,
                    -1,
                    -8
                ],
                [
                    9,
                    -3,
                    2
                ],
                [
                    -1,
                    2,
                    7
                ],
                [
                    6,
                    1,
                    4
                ],
                [
                    4,
                    -2,
                    10
                ],
                [
                    -9,
                    -1,
                    3
                ],
                [
                    2,
                    -6,
                    -7
                ],
                [
                    -7,
                    4,
                    2
                ],
                [
                    -9,
                    -8,
                    5
                ],
                [
                    -6,
                    10,
                    4
                ],
                [
                    -7,
                    1,
                    -10
                ],
                [
                    4,
                    -6,
                    -1
                ],
                [
                    -10,
                    -4,
                    5
                ],
                [
                    7,
                    -1,
                    9
                ]
            ],
            "{   'fun': 1.0,\n    'jac': None,\n    'nfev': 357,\n    'nit': 0,\n    'njev': 21,\n    'x': array([1.35547066, 0.56570572, 1.36489077, 2.7854499 , 2.08535372,\n       2.61884749, 1.29102271, 2.15145623, 2.01627936, 0.45033675,\n       0.66518797, 0.09883824, 1.79835481, 1.74181394, 1.82882941,\n       0.02556421])}",
            {
                "0011010110": 1,
                "1100010111": 1,
                "1111010000": 1,
                "1110110000": 1,
                "0100100000": 1,
                "1100101100": 1,
                "0000100011": 1,
                "1000101110": 1,
                "0000010110": 2,
                "0001000001": 1,
                "0011100111": 1,
                "0001111110": 1,
                "0010100010": 1,
                "0000110001": 1,
                "0100011010": 1,
                "1110001100": 1,
                "1100010110": 1,
                "0011011101": 1,
                "1010110101": 1,
                "1001000001": 1,
                "0010011100": 1,
                "0001000011": 1,
                "0111101101": 1,
                "0001101100": 1,
                "0111010110": 1,
                "1011100011": 1,
                "0000000000": 1,
                "1011101100": 1,
                "0011111110": 1,
                "1101001101": 1,
                "1001010110": 1,
                "0100010111": 1,
                "0011110101": 1,
                "0011110100": 1,
                "1010111100": 1,
                "1011100000": 1,
                "1100000010": 1,
                "0001111000": 1,
                "1110110111": 1,
                "0001001001": 1,
                "0100011000": 1,
                "0000100000": 1,
                "1001001101": 1,
                "0101100000": 1,
                "1001100110": 1,
                "0111001011": 1,
                "0011111000": 1,
                "1101011100": 1,
                "1010010100": 1,
                "0000010011": 1,
                "0010110000": 1,
                "0100001100": 1,
                "0110101010": 1,
                "0000011101": 1,
                "1111000010": 1,
                "1000001101": 1,
                "0110101000": 1,
                "1101101011": 1,
                "1110111110": 1,
                "0011010101": 1,
                "1101111100": 1,
                "1101100000": 1,
                "1010011011": 1,
                "0111010101": 1,
                "0001000110": 1,
                "0111100100": 1,
                "0111111000": 1,
                "0100110110": 1,
                "0100011001": 1,
                "1001011101": 1,
                "0001011101": 1,
                "0000101101": 1,
                "0100110011": 2,
                "0101011001": 1,
                "0001010001": 1,
                "0001001111": 1,
                "0010111110": 1,
                "1100101001": 1,
                "1001111000": 1,
                "0001001010": 1,
                "1000010101": 1,
                "0101101110": 1,
                "1010001011": 1,
                "0101010100": 1,
                "0010010000": 1,
                "0100011101": 1,
                "0110000001": 1,
                "1111100011": 1,
                "0000000101": 1,
                "1011101001": 1,
                "0010001100": 1,
                "0010110011": 1,
                "0001111010": 1,
                "0011100001": 1,
                "1111100001": 1,
                "1101011010": 1,
                "0010101001": 1,
                "1000110011": 1
            },
            false,
            0.96
        ],
        [
            [
                [
                    4,
                    5,
                    6
                ],
                [
                    4,
                    -5,
                    -10
                ],
                [
                    10,
                    -9,
                    -3
                ],
                [
                    1,
                    7,
                    5
                ],
                [
                    -5,
                    2,
                    -1
                ],
                [
                    -3,
                    9,
                    8
                ],
                [
                    -9,
                    -10,
                    2
                ],
                [
                    7,
                    -8,
                    -2
                ],
                [
                    7,
                    -5,
                    -6
                ],
                [
                    -5,
                    9,
                    3
                ],
                [
                    -10,
                    -6,
                    7
                ],
                [
                    -7,
                    2,
                    -6
                ],
                [
                    5,
                    10,
                    1
                ],
                [
                    2,
                    -8,
                    -4
                ],
                [
                    1,
                    6,
                    7
                ],
                [
                    -9,
                    8,
                    10
                ],
                [
                    -8,
                    -9,
                    6
                ],
                [
                    -4,
                    9,
                    6
                ],
                [
                    2,
                    9,
                    3
                ],
                [
                    3,
                    7,
                    9
                ],
                [
                    2,
                    -1,
                    10
                ],
                [
                    -5,
                    -10,
                    4
                ],
                [
                    -4,
                    10,
                    8
                ],
                [
                    7,
                    -6,
                    -9
                ],
                [
                    -3,
                    -2,
                    9
                ],
                [
                    -2,
                    -9,
                    5
                ],
                [
                    -8,
                    -5,
                    -10
                ],
                [
                    -9,
                    -2,
                    10
                ],
                [
                    2,
                    -8,
                    -4
                ],
                [
                    10,
                    -6,
                    9
                ],
                [
                    9,
                    -3,
                    -1
                ],
                [
                    7,
                    4,
                    -5
                ],
                [
                    -8,
                    -2,
                    -6
                ],
                [
                    -5,
                    -10,
                    -6
                ],
                [
                    -10,
                    -1,
                    2
                ],
                [
                    -5,
                    -8,
                    -4
                ],
                [
                    1,
                    9,
                    -7
                ],
                [
                    -10,
                    4,
                    8
                ],
                [
                    6,
                    -10,
                    -4
                ],
                [
                    2,
                    8,
                    -7
                ],
                [
                    -2,
                    -3,
                    -5
                ],
                [
                    -4,
                    3,
                    5
                ],
                [
                    -9,
                    2,
                    -10
                ],
                [
                    1,
                    9,
                    2
                ],
                [
                    10,
                    -8,
                    5
                ]
            ],
            "{   'fun': 1.0,\n    'jac': None,\n    'nfev': 17,\n    'nit': 0,\n    'njev': 1,\n    'x': array([2.39560021, 0.22958449, 0.73789209, 0.42139209, 0.23225676,\n       1.17266315, 1.10088886, 2.64014885, 0.5143881 , 2.74616045,\n       2.79808124, 2.79390883, 0.71644936, 1.38960737, 0.39597773,\n       2.91552756])}",
            {
                "0010001100": 1,
                "1101110101": 1,
                "0100000101": 1,
                "1100110000": 1,
                "0110100111": 1,
                "0001010011": 1,
                "1100001010": 1,
                "0011110010": 1,
                "0100110101": 1,
                "1111110110": 1,
                "1011111100": 1,
                "1110101100": 1,
                "0100001011": 1,
                "1101001001": 1,
                "1111010000": 1,
                "1011010101": 1,
                "1000111100": 1,
                "0000001111": 1,
                "1111110011": 1,
                "1101010001": 1,
                "0001100011": 1,
                "0010110000": 1,
                "1110011100": 1,
                "0100110110": 1,
                "1100100001": 1,
                "1011000010": 1,
                "0010001111": 1,
                "0101101000": 1,
                "0010100111": 1,
                "1001111100": 1,
                "1011111110": 2,
                "1101010111": 1,
                "0100010101": 1,
                "1011100000": 1,
                "1100111101": 1,
                "0101111101": 1,
                "1101011101": 1,
                "0111111010": 2,
                "0000101001": 1,
                "0011001001": 1,
                "1010110010": 1,
                "0001110111": 1,
                "1000100011": 1,
                "1010110100": 1,
                "0010101001": 1,
                "0111010101": 1,
                "0100101100": 1,
                "0001011001": 1,
                "1011011110": 1,
                "1100000111": 1,
                "1111011010": 1,
                "0110100100": 1,
                "1001010011": 1,
                "1110100110": 1,
                "1100000100": 1,
                "1001110001": 1,
                "1100010110": 1,
                "0100001110": 1,
                "1001000111": 1,
                "0110010000": 1,
                "0100010100": 1,
                "0010000000": 1,
                "0100011100": 1,
                "0101110110": 1,
                "1100111011": 1,
                "0000011000": 1,
                "0100110000": 1,
                "0011011000": 1,
                "0100010011": 1,
                "1110100011": 1,
                "0100111000": 1,
                "1100100010": 1,
                "0101010101": 1,
                "0111001011": 1,
                "1101000100": 2,
                "1100111001": 1,
                "0010010100": 1,
                "1110110011": 1,
                "1100001000": 1,
                "0001110101": 1,
                "0101010000": 1,
                "1101101100": 1,
                "0111010011": 1,
                "0100101011": 1,
                "0011010110": 1,
                "0001101101": 1,
                "1110000010": 1,
                "0101100101": 1,
                "0001010101": 1,
                "0100101110": 1,
                "1001100000": 1,
                "0101110010": 1,
                "1101000001": 1,
                "1100100100": 1,
                "1000010100": 1,
                "0100101101": 1,
                "1110111011": 1
            },
            false,
            1.0
        ],
        [
            [
                [
                    4,
                    8,
                    5
                ],
                [
                    -3,
                    6,
                    9
                ],
                [
                    8,
                    -2,
                    10
                ],
                [
                    -6,
                    10,
                    -2
                ],
                [
                    -6,
                    4,
                    1
                ],
                [
                    10,
                    6,
                    9
                ],
                [
                    5,
                    9,
                    2
                ],
                [
                    -10,
                    -1,
                    8
                ],
                [
                    -2,
                    9,
                    -3
                ],
                [
                    5,
                    1,
                    -4
                ],
                [
                    -2,
                    -5,
                    4
                ],
                [
                    4,
                    -1,
                    -6
                ],
                [
                    3,
                    8,
                    -10
                ],
                [
                    -9,
                    7,
                    5
                ],
                [
                    -2,
                    7,
                    -4
                ],
                [
                    -1,
                    3,
                    5
                ],
                [
                    -8,
                    -3,
                    1
                ],
                [
                    9,
                    -4,
                    -3
                ],
                [
                    -2,
                    9,
                    1
                ],
                [
                    7,
                    8,
                    -3
                ],
                [
                    1,
                    -2,
                    9
                ],
                [
                    -2,
                    -5,
                    -10
                ],
                [
                    -10,
                    6,
                    -8
                ],
                [
                    10,
                    -6,
                    -2
                ],
                [
                    3,
                    -7,
                    10
                ],
                [
                    2,
                    4,
                    8
                ],
                [
                    -3,
                    -1,
                    7
                ],
                [
                    8,
                    5,
                    -9
                ],
                [
                    -1,
                    4,
                    6
                ],
                [
                    10,
                    9,
                    8
                ],
                [
                    -4,
                    -3,
                    -6
                ],
                [
                    -8,
                    -4,
                    -3
                ],
                [
                    -5,
                    -8,
                    -2
                ],
                [
                    9,
                    8,
                    3
                ],
                [
                    -4,
                    8,
                    5
                ],
                [
                    -4,
                    -8,
                    -9
                ],
                [
                    -9,
                    7,
                    3
                ],
                [
                    -9,
                    -6,
                    -3
                ],
                [
                    9,
                    1,
                    -5
                ],
                [
                    -7,
                    -5,
                    -9
                ],
                [
                    -10,
                    3,
                    2
                ],
                [
                    -2,
                    -7,
                    -9
                ],
                [
                    9,
                    3,
                    -8
                ],
                [
                    -8,
                    9,
                    -3
                ],
                [
                    -7,
                    4,
                    -9
                ]
            ],
            "{   'fun': 1.0,\n    'jac': None,\n    'nfev': 17,\n    'nit': 0,\n    'njev': 1,\n    'x': array([1.47985498, 1.09830092, 0.94651135, 1.59937102, 0.53468269,\n       0.78818756, 2.18105981, 3.03257277, 1.18807658, 1.12888927,\n       1.18397622, 0.58413473, 2.28064522, 0.47759089, 3.11681691,\n       2.31389959])}",
            {
                "1101010110": 1,
                "1010110110": 1,
                "1101000110": 1,
                "0101010011": 1,
                "0111100001": 1,
                "1011011111": 1,
                "0000111011": 1,
                "0011100100": 1,
                "0000110110": 1,
                "0111110110": 1,
                "0110011110": 1,
                "1011100001": 1,
                "0011001001": 1,
                "0101010110": 1,
                "1011000001": 1,
                "0000000111": 1,
                "1010101111": 1,
                "0101000110": 1,
                "0111111100": 1,
                "1010110111": 1,
                "1110010100": 1,
                "1010011100": 1,
                "1101000101": 1,
                "0100110011": 1,
                "1000111011": 1,
                "1101111111": 2,
                "0001101110": 2,
                "1110101011": 1,
                "1101100000": 1,
                "1111100101": 1,
                "1111001010": 1,
                "0111010011": 1,
                "0101111110": 1,
                "1001011011": 1,
                "0100110001": 1,
                "0101111001": 1,
                "1101011011": 1,
                "1110001011": 1,
                "1100010001": 1,
                "1000010011": 1,
                "1111110001": 1,
                "1001101010": 1,
                "1010110000": 1,
                "0111100110": 2,
                "0000101100": 2,
                "0101110011": 1,
                "0010110011": 1,
                "0111000110": 1,
                "1100001001": 1,
                "0010000100": 1,
                "1111101110": 1,
                "1001110001": 1,
                "1011111000": 1,
                "1001001000": 1,
                "1111000011": 1,
                "0001010110": 2,
                "1110001111": 1,
                "1011110100": 1,
                "0000111010": 1,
                "0111101110": 1,
                "1110001000": 1,
                "0100100000": 1,
                "1011001010": 1,
                "1001100011": 1,
                "0010101011": 1,
                "0010001111": 1,
                "0110110010": 1,
                "0111101011": 1,
                "1110110000": 1,
                "1110000001": 1,
                "0010000011": 1,
                "1000000101": 1,
                "1110000111": 1,
                "1001110100": 1,
                "0111001000": 1,
                "0101101010": 1,
                "0011100011": 1,
                "0001100111": 1,
                "0011001010": 1,
                "1011001110": 1,
                "0001001100": 1,
                "1111000000": 1,
                "0110111000": 2,
                "0111101001": 1,
                "1100011010": 1,
                "0111100010": 1,
                "0110111001": 1,
                "0110001011": 1,
                "0000010101": 1,
                "0111010001": 1,
                "0010111101": 1,
                "1110001100": 2,
                "1010101011": 1
            },
            false,
            1.0
        ],
        [
            [
                [
                    7,
                    -2,
                    9
                ],
                [
                    8,
                    7,
                    3
                ],
                [
                    -7,
                    1,
                    -2
                ],
                [
                    -1,
                    -6,
                    10
                ],
                [
                    -1,
                    -10,
                    -4
                ],
                [
                    -2,
                    6,
                    -4
                ],
                [
                    -8,
                    10,
                    2
                ],
                [
                    4,
                    -8,
                    -3
                ],
                [
                    9,
                    10,
                    7
                ],
                [
                    5,
                    10,
                    -4
                ],
                [
                    -4,
                    -3,
                    -10
                ],
                [
                    1,
                    -3,
                    -4
                ],
                [
                    7,
                    8,
                    -1
                ],
                [
                    8,
                    -1,
                    5
                ],
                [
                    5,
                    4,
                    10
                ],
                [
                    10,
                    -3,
                    -7
                ],
                [
                    3,
                    7,
                    5
                ],
                [
                    -8,
                    -1,
                    4
                ],
                [
                    10,
                    -2,
                    -1
                ],
                [
                    4,
                    2,
                    6
                ],
                [
                    2,
                    8,
                    4
                ],
                [
                    -10,
                    -8,
                    -4
                ],
                [
                    4,
                    -6,
                    3
                ],
                [
                    7,
                    2,
                    5
                ],
                [
                    1,
                    -8,
                    2
                ],
                [
                    -5,
                    6,
                    3
                ],
                [
                    6,
                    1,
                    -9
                ],
                [
                    6,
                    -1,
                    5
                ],
                [
                    8,
                    3,
                    -5
                ],
                [
                    -8,
                    -1,
                    6
                ],
                [
                    8,
                    9,
                    1
                ],
                [
                    2,
                    9,
                    1
                ],
                [
                    -5,
                    7,
                    3
                ],
                [
                    -3,
                    -5,
                    1
                ],
                [
                    -9,
                    8,
                    7
                ],
                [
                    3,
                    -1,
                    -8
                ],
                [
                    2,
                    9,
                    5
                ],
                [
                    3,
                    1,
                    -9
                ],
                [
                    7,
                    -10,
                    -1
                ],
                [
                    2,
                    -7,
                    -9
                ],
                [
                    -1,
                    -8,
                    -4
                ],
                [
                    10,
                    4,
                    7
                ],
                [
                    3,
                    -8,
                    1
                ],
                [
                    -2,
                    6,
                    -7
                ],
                [
                    -6,
                    5,
                    4
                ]
            ],
            "{   'fun': 0.99,\n    'jac': None,\n    'nfev': 459,\n    'nit': 3,\n    'njev': 27,\n    'x': array([2.35706655, 1.19946972, 1.93730909, 1.6290632 , 0.95175213,\n       1.79407697, 0.94124934, 0.73086027, 1.53288948, 1.55746366,\n       2.02211765, 2.18491068, 1.46777766, 3.12982726, 0.82139033,\n       1.3437621 ])}",
            {
                "0011001000": 1,
                "1111110000": 1,
                "1100011011": 1,
                "1011001010": 1,
                "1011011000": 1,
                "1101111010": 1,
                "0000101100": 1,
                "0001101110": 1,
                "1111111011": 1,
                "0100000101": 1,
                "0010001111": 1,
                "1010011110": 1,
                "1001100110": 1,
                "1111111110": 1,
                "0110100101": 1,
                "0000011001": 1,
                "0001001111": 1,
                "1001111011": 1,
                "1111000111": 1,
                "1010101111": 1,
                "1010000000": 1,
                "0001111110": 1,
                "1011100101": 1,
                "1111011001": 1,
                "0101010000": 1,
                "0101010001": 1,
                "1111000001": 1,
                "0110110100": 1,
                "1100101100": 1,
                "0000101011": 1,
                "0010110110": 1,
                "0100010100": 1,
                "0100010110": 1,
                "1000011110": 1,
                "1110011000": 1,
                "0111011010": 1,
                "0000110001": 1,
                "1100111111": 1,
                "0010001010": 1,
                "0110001011": 1,
                "0111111001": 1,
                "0001101010": 1,
                "0000011011": 1,
                "1101111110": 1,
                "0111000100": 1,
                "1000111001": 1,
                "1011101110": 1,
                "0001000101": 1,
                "1010001000": 1,
                "0100101110": 1,
                "1000000010": 1,
                "1100000110": 1,
                "0100101001": 1,
                "0001111100": 1,
                "1100100111": 1,
                "0101001110": 1,
                "0110011010": 1,
                "1001000000": 1,
                "0110011110": 1,
                "0110010110": 1,
                "0100110110": 1,
                "1111011101": 1,
                "0111100001": 1,
                "1000010110": 1,
                "1000111100": 1,
                "1011001001": 1,
                "0110111101": 1,
                "1011101001": 2,
                "0100011011": 1,
                "0101111111": 1,
                "1111111000": 1,
                "1110110111": 1,
                "1011101010": 1,
                "1010001110": 1,
                "1101010010": 1,
                "0010110100": 2,
                "0101011010": 1,
                "0100100100": 2,
                "1010111001": 1,
                "1111011100": 1,
                "0100000001": 1,
                "0011110101": 1,
                "1110100001": 1,
                "1001001011": 1,
                "0101010111": 1,
                "1101011101": 1,
                "1010010011": 1,
                "0100000110": 1,
                "0101111110": 1,
                "1111001101": 1,
                "0110011001": 1,
                "1001111010": 1,
                "1000110001": 1,
                "1110111111": 1,
                "1000010011": 1,
                "1001000011": 2
            },
            true,
            0.95
        ],
        [
            [
                [
                    10,
                    7,
                    -9
                ],
                [
                    6,
                    -1,
                    -9
                ],
                [
                    -7,
                    -6,
                    -9
                ],
                [
                    -6,
                    7,
                    9
                ],
                [
                    1,
                    -2,
                    -5
                ],
                [
                    -2,
                    7,
                    -10
                ],
                [
                    -2,
                    -5,
                    1
                ],
                [
                    -2,
                    -4,
                    8
                ],
                [
                    -7,
                    1,
                    6
                ],
                [
                    10,
                    -6,
                    -4
                ],
                [
                    9,
                    8,
                    -10
                ],
                [
                    -6,
                    -1,
                    -8
                ],
                [
                    -5,
                    -2,
                    7
                ],
                [
                    7,
                    -9,
                    6
                ],
                [
                    7,
                    -10,
                    -8
                ],
                [
                    -5,
                    4,
                    -3
                ],
                [
                    6,
                    -1,
                    -9
                ],
                [
                    -7,
                    1,
                    -3
                ],
                [
                    -1,
                    -2,
                    8
                ],
                [
                    -10,
                    7,
                    1
                ],
                [
                    -6,
                    7,
                    -8
                ],
                [
                    -1,
                    -10,
                    -9
                ],
                [
                    5,
                    7,
                    -9
                ],
                [
                    -1,
                    -10,
                    9
                ],
                [
                    1,
                    7,
                    -5
                ],
                [
                    -4,
                    -2,
                    10
                ],
                [
                    9,
                    -6,
                    -4
                ],
                [
                    9,
                    -8,
                    -7
                ],
                [
                    -6,
                    -3,
                    2
                ],
                [
                    5,
                    9,
                    -6
                ],
                [
                    9,
                    -5,
                    -10
                ],
                [
                    9,
                    5,
                    2
                ],
                [
                    3,
                    -1,
                    -6
                ],
                [
                    1,
                    -7,
                    3
                ],
                [
                    -4,
                    9,
                    5
                ],
                [
                    -6,
                    -7,
                    -1
                ],
                [
                    4,
                    -3,
                    -1
                ],
                [
                    5,
                    -3,
                    8
                ],
                [
                    6,
                    -5,
                    -2
                ],
                [
                    5,
                    7,
                    8
                ],
                [
                    3,
                    -5,
                    -9
                ],
                [
                    2,
                    8,
                    3
                ],
                [
                    5,
                    3,
                    9
                ],
                [
                    -8,
                    5,
                    1
                ],
                [
                    -6,
                    -9,
                    4
                ]
            ],
            "{   'fun': 0.95,\n    'jac': None,\n    'nfev': 408,\n    'nit': 2,\n    'njev': 24,\n    'x': array([2.89774635, 2.23328076, 1.32384727, 0.63669877, 0.0596865 ,\n       0.3502671 , 2.53326879, 0.43644194, 0.72644516, 1.76987098,\n       1.09236182, 1.73840769, 2.03539851, 0.90772296, 2.45898214,\n       1.28167468])}",
            {
                "0110110111": 1,
                "1000001000": 1,
                "1110000010": 1,
                "1001110001": 1,
                "0110101001": 1,
                "0011000001": 1,
                "1101100110": 2,
                "0101001101": 1,
                "0001110010": 1,
                "1011111001": 1,
                "1000110001": 1,
                "1000010011": 1,
                "0111110000": 1,
                "0101001000": 1,
                "1001010101": 1,
                "0010110010": 1,
                "1000110101": 1,
                "0111101001": 1,
                "1101100101": 1,
                "1111000110": 1,
                "1110011100": 1,
                "1000000101": 1,
                "0111011110": 1,
                "1111101000": 1,
                "0111001011": 1,
                "1010011001": 1,
                "0010001110": 1,
                "1110111000": 1,
                "0110011110": 1,
                "1111010001": 1,
                "0001010011": 1,
                "0110011000": 1,
                "1100101010": 1,
                "1010011111": 1,
                "1110011011": 1,
                "1110001101": 1,
                "0101100010": 1,
                "1011001111": 1,
                "0010100010": 1,
                "0100010101": 1,
                "1110010111": 1,
                "0111001000": 1,
                "1001110100": 1,
                "0010000111": 1,
                "0000000111": 1,
                "0111000111": 2,
                "1100101000": 1,
                "0110100010": 1,
                "1000101010": 1,
                "0000011101": 1,
                "1111000010": 1,
                "1101011101": 1,
                "0100100111": 1,
                "1101101100": 1,
                "0010110110": 1,
                "0110101111": 1,
                "1000000100": 1,
                "0001011101": 1,
                "1011011010": 1,
                "0000001001": 1,
                "1001110000": 1,
                "0101011110": 1,
                "0100101100": 1,
                "0000010000": 1,
                "0100011011": 1,
                "0100111101": 1,
                "0111011010": 1,
                "1111100010": 2,
                "0101110110": 2,
                "0001111011": 1,
                "1111101101": 1,
                "0010101001": 1,
                "0010010001": 2,
                "0001010111": 1,
                "1101001101": 1,
                "1010101010": 1,
                "1101000101": 1,
                "1110110011": 1,
                "0110100101": 1,
                "0010011001": 2,
                "0100100000": 1,
                "1110001000": 1,
                "1101100010": 1,
                "0011011010": 1,
                "1111100111": 1,
                "1111101001": 1,
                "1011100010": 1,
                "0011001111": 2,
                "0001001100": 1,
                "1110111110": 1,
                "1011001010": 1,
                "0001011110": 1,
                "0111010011": 1
            },
            true,
            0.9
        ]
    ]
}