{
    "n": 10,
    "m": 45,
    "results": [
        [
            [
                [
                    -6,
                    -7,
                    -4
                ],
                [
                    -8,
                    6,
                    9
                ],
                [
                    -6,
                    -7,
                    -4
                ],
                [
                    2,
                    -8,
                    1
                ],
                [
                    3,
                    1,
                    -9
                ],
                [
                    6,
                    -8,
                    -4
                ],
                [
                    6,
                    5,
                    4
                ],
                [
                    -1,
                    -4,
                    2
                ],
                [
                    8,
                    1,
                    4
                ],
                [
                    2,
                    9,
                    10
                ],
                [
                    -6,
                    4,
                    7
                ],
                [
                    7,
                    -2,
                    -9
                ],
                [
                    2,
                    3,
                    -10
                ],
                [
                    2,
                    1,
                    -4
                ],
                [
                    8,
                    9,
                    -3
                ],
                [
                    5,
                    -3,
                    -1
                ],
                [
                    9,
                    2,
                    4
                ],
                [
                    -2,
                    8,
                    9
                ],
                [
                    -9,
                    3,
                    4
                ],
                [
                    -6,
                    4,
                    2
                ],
                [
                    4,
                    -8,
                    5
                ],
                [
                    6,
                    8,
                    4
                ],
                [
                    -9,
                    7,
                    3
                ],
                [
                    1,
                    -8,
                    -7
                ],
                [
                    -9,
                    10,
                    -5
                ],
                [
                    -6,
                    1,
                    -7
                ],
                [
                    9,
                    2,
                    6
                ],
                [
                    2,
                    10,
                    -4
                ],
                [
                    8,
                    -5,
                    4
                ],
                [
                    -2,
                    10,
                    -3
                ],
                [
                    -7,
                    -5,
                    -9
                ],
                [
                    6,
                    -9,
                    -2
                ],
                [
                    2,
                    -1,
                    5
                ],
                [
                    8,
                    2,
                    5
                ],
                [
                    -8,
                    -4,
                    3
                ],
                [
                    -1,
                    4,
                    -7
                ],
                [
                    1,
                    6,
                    -9
                ],
                [
                    1,
                    -10,
                    8
                ],
                [
                    -3,
                    -8,
                    5
                ],
                [
                    10,
                    -1,
                    3
                ],
                [
                    -4,
                    8,
                    10
                ],
                [
                    1,
                    3,
                    7
                ],
                [
                    -9,
                    -2,
                    -4
                ],
                [
                    8,
                    6,
                    9
                ],
                [
                    -9,
                    1,
                    -10
                ]
            ],
            "{   'fun': 0.98,\n    'jac': None,\n    'nfev': 425,\n    'nit': 2,\n    'njev': 25,\n    'x': array([1.35547066, 0.56570561, 1.36489044, 2.78544979, 2.08535372,\n       2.61884738, 1.29102249, 2.15145612, 2.01627959, 0.45033675,\n       0.66518785, 0.09883824, 1.79835492, 1.74181394, 1.82882941,\n       0.02556409])}",
            {
                "0010100110": 1,
                "1111001101": 1,
                "1110110101": 1,
                "1011000100": 1,
                "1101111000": 1,
                "1000010010": 1,
                "1110110000": 1,
                "0101011111": 1,
                "0011001000": 1,
                "1110001001": 1,
                "1000100000": 1,
                "1000101010": 1,
                "0100010000": 1,
                "1101100000": 1,
                "0110010101": 1,
                "0100010001": 1,
                "1000011101": 1,
                "0100011011": 1,
                "1000100111": 1,
                "1000010110": 1,
                "0110010011": 1,
                "0000010111": 1,
                "0110011010": 1,
                "1100110001": 1,
                "0110001010": 1,
                "0011010000": 2,
                "0010010110": 1,
                "0010011000": 1,
                "0011000110": 2,
                "1010111100": 2,
                "1011100110": 1,
                "0000111010": 1,
                "1001000001": 1,
                "0000100011": 1,
                "0100001001": 1,
                "0110011101": 1,
                "0110000010": 1,
                "0011110011": 1,
                "0001101101": 1,
                "0111101000": 2,
                "0110011111": 1,
                "0010000001": 1,
                "1101001111": 2,
                "0110011110": 1,
                "0110001001": 1,
                "0010101011": 1,
                "1110000110": 1,
                "1011011011": 1,
                "1011011000": 1,
                "1010001101": 2,
                "0111101011": 1,
                "1001010101": 1,
                "0110011000": 1,
                "1100010111": 1,
                "0110000011": 1,
                "0110100001": 1,
                "1010011111": 1,
                "0101011100": 1,
                "1100000011": 1,
                "0011000000": 1,
                "1110111100": 1,
                "0100011000": 1,
                "0110111110": 1,
                "0011100101": 1,
                "0010010000": 1,
                "0000000000": 1,
                "1010000111": 1,
                "0001001100": 1,
                "1111000000": 1,
                "1101100001": 1,
                "1000010001": 1,
                "0001000110": 1,
                "1010100001": 1,
                "0100101001": 1,
                "0111001000": 1,
                "0010010011": 1,
                "1001000111": 1,
                "0100000110": 1,
                "0101101101": 1,
                "0001010101": 1,
                "0101100101": 1,
                "0101100110": 1,
                "0100001011": 2,
                "0100100111": 1,
                "1111011010": 1,
                "1010101100": 1,
                "0101000001": 1,
                "0000100000": 1,
                "1000101000": 1,
                "0111100010": 1,
                "0110101001": 1,
                "1000111101": 2
            },
            true,
            0.94
        ],
        [
            [
                [
                    -7,
                    -6,
                    2
                ],
                [
                    4,
                    -10,
                    7
                ],
                [
                    8,
                    -3,
                    -9
                ],
                [
                    2,
                    3,
                    9
                ],
                [
                    2,
                    -6,
                    -8
                ],
                [
                    -10,
                    -4,
                    -1
                ],
                [
                    1,
                    -2,
                    -3
                ],
                [
                    -9,
                    -3,
                    -4
                ],
                [
                    -8,
                    -7,
                    -2
                ],
                [
                    -3,
                    9,
                    -2
                ],
                [
                    7,
                    -5,
                    -2
                ],
                [
                    -3,
                    9,
                    6
                ],
                [
                    6,
                    -10,
                    -9
                ],
                [
                    3,
                    -2,
                    10
                ],
                [
                    -1,
                    7,
                    10
                ],
                [
                    -9,
                    4,
                    5
                ],
                [
                    8,
                    -7,
                    3
                ],
                [
                    2,
                    -7,
                    -4
                ],
                [
                    10,
                    8,
                    -2
                ],
                [
                    3,
                    8,
                    5
                ],
                [
                    6,
                    5,
                    9
                ],
                [
                    -4,
                    -2,
                    -7
                ],
                [
                    -3,
                    2,
                    -9
                ],
                [
                    1,
                    2,
                    3
                ],
                [
                    -8,
                    -7,
                    1
                ],
                [
                    -8,
                    -4,
                    2
                ],
                [
                    7,
                    9,
                    -4
                ],
                [
                    5,
                    7,
                    2
                ],
                [
                    -4,
                    -9,
                    -7
                ],
                [
                    8,
                    -10,
                    7
                ],
                [
                    -5,
                    6,
                    -4
                ],
                [
                    -5,
                    9,
                    10
                ],
                [
                    -5,
                    -3,
                    6
                ],
                [
                    -8,
                    -4,
                    5
                ],
                [
                    2,
                    10,
                    8
                ],
                [
                    -4,
                    9,
                    -8
                ],
                [
                    -6,
                    8,
                    -2
                ],
                [
                    -2,
                    10,
                    -7
                ],
                [
                    -1,
                    6,
                    7
                ],
                [
                    8,
                    9,
                    -10
                ],
                [
                    -8,
                    -6,
                    4
                ],
                [
                    -5,
                    -4,
                    -9
                ],
                [
                    7,
                    -10,
                    6
                ],
                [
                    -10,
                    3,
                    2
                ],
                [
                    5,
                    -4,
                    7
                ]
            ],
            "{   'fun': 1.0,\n    'jac': None,\n    'nfev': 357,\n    'nit': 0,\n    'njev': 21,\n    'x': array([2.39560021, 0.22958449, 0.73789209, 0.42139209, 0.23225676,\n       1.17266315, 1.10088886, 2.64014885, 0.5143881 , 2.74616045,\n       2.79808124, 2.79390883, 0.71644936, 1.38960737, 0.39597773,\n       2.91552756])}",
            {
                "0101010000": 1,
                "1101011011": 1,
                "0100110101": 1,
                "1001011010": 1,
                "0000001011": 1,
                "1011010000": 1,
                "1100000011": 1,
                "1111110110": 1,
                "0011011010": 1,
                "0000111010": 1,
                "0000010011": 1,
                "1001111011": 1,
                "1110001010": 1,
                "0000011001": 1,
                "1001010010": 1,
                "0000101111": 1,
                "0101111110": 1,
                "1101000011": 1,
                "0011001100": 1,
                "1100110101": 1,
                "1011000000": 1,
                "1011011101": 1,
                "1111011100": 1,
                "1111110000": 1,
                "1000100100": 1,
                "1100100001": 1,
                "0100101101": 1,
                "0001101110": 1,
                "1100011111": 1,
                "1000110100": 1,
                "0011100010": 1,
                "1000000000": 1,
                "0001011000": 1,
                "0101100001": 1,
                "1100110111": 1,
                "1010111010": 1,
                "0100000100": 1,
                "0110010111": 1,
                "0110111000": 1,
                "1111001000": 1,
                "1010010110": 1,
                "1011101001": 1,
                "0010100011": 1,
                "1011100110": 1,
                "0111010010": 1,
                "0110110111": 1,
                "1111010010": 2,
                "1111011010": 1,
                "0110101111": 1,
                "1110001100": 1,
                "1110100001": 1,
                "1100100011": 1,
                "1101110110": 1,
                "1100001111": 1,
                "1100100111": 1,
                "0011011000": 1,
                "1100111110": 1,
                "1010001110": 1,
                "0010001110": 1,
                "1110111000": 1,
                "1001011001": 1,
                "0101000101": 1,
                "0100010111": 1,
                "0000000111": 1,
                "1111000111": 1,
                "0100100100": 1,
                "1011100011": 1,
                "0110111001": 1,
                "0011010110": 1,
                "0110111010": 1,
                "0110110010": 1,
                "1010000001": 1,
                "0111101011": 1,
                "1100101111": 1,
                "0111110101": 1,
                "0100010011": 1,
                "0100001010": 1,
                "1110011110": 1,
                "0100100101": 1,
                "0111010001": 2,
                "1110100010": 1,
                "1000110110": 1,
                "0101110000": 1,
                "0011000100": 1,
                "1000011100": 1,
                "1000000011": 1,
                "1001011101": 1,
                "1001000110": 1,
                "1011111001": 1,
                "1111101001": 1,
                "0001111111": 1,
                "0010011110": 1,
                "1010111100": 1,
                "0100110010": 1,
                "1010100010": 1,
                "1000100110": 1,
                "0010001011": 1,
                "0010100000": 1
            },
            false,
            0.95
        ],
        [
            [
                [
                    8,
                    -10,
                    7
                ],
                [
                    7,
                    -4,
                    9
                ],
                [
                    -9,
                    6,
                    7
                ],
                [
                    4,
                    7,
                    8
                ],
                [
                    -4,
                    -6,
                    9
                ],
                [
                    -8,
                    10,
                    -9
                ],
                [
                    6,
                    -1,
                    3
                ],
                [
                    2,
                    -8,
                    -1
                ],
                [
                    8,
                    4,
                    -6
                ],
                [
                    9,
                    3,
                    8
                ],
                [
                    -5,
                    -1,
                    -10
                ],
                [
                    6,
                    8,
                    3
                ],
                [
                    -5,
                    -10,
                    -8
                ],
                [
                    10,
                    -3,
                    1
                ],
                [
                    2,
                    3,
                    -9
                ],
                [
                    3,
                    8,
                    2
                ],
                [
                    6,
                    2,
                    5
                ],
                [
                    3,
                    6,
                    -4
                ],
                [
                    1,
                    5,
                    -3
                ],
                [
                    5,
                    8,
                    -3
                ],
                [
                    -10,
                    -9,
                    6
                ],
                [
                    -3,
                    -8,
                    4
                ],
                [
                    5,
                    -8,
                    -1
                ],
                [
                    9,
                    1,
                    -2
                ],
                [
                    7,
                    8,
                    3
                ],
                [
                    -2,
                    -1,
                    -7
                ],
                [
                    5,
                    -10,
                    1
                ],
                [
                    1,
                    2,
                    8
                ],
                [
                    5,
                    -6,
                    -8
                ],
                [
                    5,
                    -7,
                    1
                ],
                [
                    -10,
                    -6,
                    -3
                ],
                [
                    7,
                    8,
                    5
                ],
                [
                    4,
                    -2,
                    -6
                ],
                [
                    10,
                    9,
                    -3
                ],
                [
                    7,
                    -8,
                    -4
                ],
                [
                    10,
                    -8,
                    9
                ],
                [
                    3,
                    -5,
                    8
                ],
                [
                    5,
                    -7,
                    -2
                ],
                [
                    -2,
                    -7,
                    8
                ],
                [
                    7,
                    -2,
                    -1
                ],
                [
                    2,
                    1,
                    -4
                ],
                [
                    -6,
                    -4,
                    8
                ],
                [
                    -7,
                    5,
                    -10
                ],
                [
                    8,
                    4,
                    -10
                ],
                [
                    2,
                    3,
                    -10
                ]
            ],
            "{   'fun': 0.99,\n    'jac': None,\n    'nfev': 527,\n    'nit': 4,\n    'njev': 31,\n    'x': array([2.38164133, 0.12974829, 1.89946034, 1.70760605, 0.67407154,\n       2.14035635, 1.74345172, 1.13463262, 1.47693128, 0.49871091,\n       0.80479259, 1.38921332, 1.61494013, 2.8933828 , 2.5670606 ,\n       2.50883191])}",
            {
                "1100011000": 1,
                "0110000111": 1,
                "1100100100": 1,
                "0110110101": 1,
                "0111010100": 1,
                "1110011100": 1,
                "1101111111": 1,
                "1001001111": 1,
                "1110001101": 1,
                "0000110100": 1,
                "0011011001": 1,
                "1111101110": 1,
                "0100010000": 1,
                "1101011010": 1,
                "0100110100": 1,
                "0000000000": 1,
                "1100110010": 2,
                "1001111010": 1,
                "0100011010": 1,
                "1010010001": 1,
                "0101101111": 1,
                "1100000011": 1,
                "1010111001": 1,
                "1111100000": 1,
                "1111011010": 1,
                "0101010101": 2,
                "1001001110": 1,
                "0010100110": 1,
                "1110111111": 1,
                "0010011011": 1,
                "0111001010": 2,
                "0100001101": 1,
                "1101011001": 1,
                "0000101000": 1,
                "1001111101": 1,
                "0101100110": 1,
                "0100010011": 1,
                "1100101100": 1,
                "0111101100": 1,
                "1011010110": 1,
                "0110111001": 1,
                "0110001011": 1,
                "0000110000": 1,
                "0001000100": 1,
                "1100001001": 1,
                "1100011010": 1,
                "1101010010": 1,
                "0011100011": 1,
                "0101011101": 1,
                "0111111100": 1,
                "0001101101": 1,
                "1101010110": 1,
                "0101001000": 1,
                "1101010101": 1,
                "0010100010": 1,
                "1010100101": 1,
                "1111001011": 2,
                "0001100110": 1,
                "1111101100": 1,
                "1000101001": 1,
                "1111100010": 1,
                "1000001110": 1,
                "0011100100": 2,
                "1001101111": 1,
                "0011001000": 2,
                "0010101001": 1,
                "0111001100": 1,
                "1000110101": 1,
                "0100101101": 1,
                "1111000100": 1,
                "1111110010": 1,
                "1001111001": 1,
                "0000111101": 1,
                "1011001011": 1,
                "1110100010": 1,
                "1001110100": 1,
                "0101001110": 1,
                "0110011010": 1,
                "0011111000": 1,
                "1110111100": 1,
                "1010000010": 1,
                "0110010001": 1,
                "1100001011": 1,
                "1001010011": 1,
                "1100110001": 1,
                "0000001001": 1,
                "1111010110": 1,
                "0101001100": 1,
                "0100011100": 1,
                "1010011111": 1,
                "1011110011": 1,
                "0000111111": 1,
                "1111100101": 2
            },
            true,
            0.92
        ],
        [
            [
                [
                    -7,
                    -9,
                    2
                ],
                [
                    -7,
                    6,
                    -3
                ],
                [
                    6,
                    -3,
                    8
                ],
                [
                    -8,
                    7,
                    6
                ],
                [
                    -4,
                    -6,
                    7
                ],
                [
                    10,
                    -6,
                    -7
                ],
                [
                    7,
                    3,
                    -6
                ],
                [
                    2,
                    5,
                    -9
                ],
                [
                    9,
                    -2,
                    7
                ],
                [
                    1,
                    -3,
                    -4
                ],
                [
                    5,
                    8,
                    -3
                ],
                [
                    -9,
                    7,
                    5
                ],
                [
                    8,
                    -5,
                    4
                ],
                [
                    5,
                    -1,
                    4
                ],
                [
                    -1,
                    -8,
                    -2
                ],
                [
                    -8,
                    2,
                    7
                ],
                [
                    5,
                    -6,
                    9
                ],
                [
                    -6,
                    9,
                    4
                ],
                [
                    -4,
                    5,
                    3
                ],
                [
                    -8,
                    9,
                    6
                ],
                [
                    -7,
                    5,
                    -9
                ],
                [
                    5,
                    -9,
                    -7
                ],
                [
                    -5,
                    6,
                    4
                ],
                [
                    -1,
                    -3,
                    4
                ],
                [
                    -2,
                    -6,
                    7
                ],
                [
                    6,
                    -1,
                    7
                ],
                [
                    6,
                    2,
                    1
                ],
                [
                    5,
                    2,
                    10
                ],
                [
                    -9,
                    5,
                    -10
                ],
                [
                    2,
                    4,
                    3
                ],
                [
                    -6,
                    7,
                    4
                ],
                [
                    -9,
                    6,
                    -1
                ],
                [
                    8,
                    3,
                    -5
                ],
                [
                    -1,
                    6,
                    2
                ],
                [
                    9,
                    4,
                    -1
                ],
                [
                    8,
                    -1,
                    5
                ],
                [
                    -7,
                    -1,
                    -4
                ],
                [
                    1,
                    4,
                    5
                ],
                [
                    -3,
                    -1,
                    5
                ],
                [
                    -3,
                    -5,
                    6
                ],
                [
                    -6,
                    7,
                    -5
                ],
                [
                    1,
                    2,
                    10
                ],
                [
                    -10,
                    4,
                    -5
                ],
                [
                    9,
                    10,
                    -7
                ],
                [
                    -7,
                    -6,
                    -8
                ]
            ],
            "{   'fun': 1.0,\n    'jac': None,\n    'nfev': 408,\n    'nit': 2,\n    'njev': 24,\n    'x': array([1.12346312, 0.79223572, 0.04044371, 2.05442128, 0.77035002,\n       2.10637581, 2.17755873, 0.53978667, 1.59427606, 0.09466401,\n       0.59614945, 0.20280772, 2.24132657, 1.2703476 , 1.20219214,\n       0.17214066])}",
            {
                "1111001110": 1,
                "1011001011": 1,
                "0110011011": 1,
                "1000011110": 1,
                "1001101111": 1,
                "1010111001": 1,
                "0010010100": 1,
                "1110001001": 1,
                "0110111010": 1,
                "1001000011": 1,
                "1111110011": 1,
                "0011101001": 1,
                "0001101111": 1,
                "0011111011": 1,
                "1000110001": 1,
                "1101101010": 1,
                "1111100001": 1,
                "1001110111": 1,
                "1000101000": 1,
                "1100011010": 1,
                "0001010010": 1,
                "0000111000": 1,
                "1111010101": 1,
                "0001011011": 1,
                "1011010010": 1,
                "0101001001": 1,
                "1010101111": 1,
                "1100101100": 1,
                "0000000110": 1,
                "0100111010": 1,
                "0010001111": 1,
                "0001000011": 2,
                "0111111110": 1,
                "1101101101": 1,
                "1011011111": 1,
                "0100110000": 1,
                "1110010101": 1,
                "0111101101": 1,
                "0100011111": 1,
                "1111001011": 1,
                "0100100000": 1,
                "1101100101": 1,
                "0100101100": 1,
                "0000010000": 1,
                "1000001111": 1,
                "0110111000": 1,
                "1010001011": 1,
                "1100101110": 1,
                "1011001101": 1,
                "1010000110": 1,
                "0100111111": 1,
                "0011000101": 2,
                "1110101101": 1,
                "0101111110": 1,
                "1101110011": 1,
                "1010001111": 1,
                "1100100011": 1,
                "0011101000": 1,
                "0011000100": 1,
                "0101000111": 1,
                "0101010001": 1,
                "0101010000": 1,
                "0101001100": 1,
                "0001100111": 1,
                "0101101000": 1,
                "0111111011": 1,
                "0100001001": 1,
                "1001100100": 1,
                "1111000011": 1,
                "0001010011": 1,
                "0011010001": 1,
                "0101011001": 1,
                "1101110111": 1,
                "1011010001": 1,
                "1000111101": 1,
                "0001101010": 1,
                "1000111110": 1,
                "0100110111": 1,
                "1111001000": 1,
                "0101110000": 1,
                "0010000111": 1,
                "1010100001": 1,
                "1111101010": 1,
                "0000101100": 1,
                "1011110100": 1,
                "0101111011": 1,
                "1010010111": 1,
                "1111100110": 2,
                "1110011101": 1,
                "0110100111": 1,
                "1011111111": 1,
                "0110010111": 1,
                "1011101000": 1,
                "1000100011": 1,
                "1100110110": 1,
                "0110110001": 1,
                "1100110011": 1
            },
            false,
            0.95
        ],
        [
            [
                [
                    5,
                    -7,
                    4
                ],
                [
                    3,
                    4,
                    -10
                ],
                [
                    10,
                    -8,
                    -6
                ],
                [
                    -1,
                    5,
                    10
                ],
                [
                    9,
                    5,
                    10
                ],
                [
                    6,
                    -9,
                    7
                ],
                [
                    -5,
                    -2,
                    10
                ],
                [
                    -1,
                    -5,
                    9
                ],
                [
                    4,
                    -7,
                    -2
                ],
                [
                    7,
                    -9,
                    -10
                ],
                [
                    2,
                    -6,
                    -9
                ],
                [
                    4,
                    -8,
                    -1
                ],
                [
                    8,
                    -5,
                    7
                ],
                [
                    9,
                    8,
                    -1
                ],
                [
                    8,
                    1,
                    2
                ],
                [
                    -10,
                    5,
                    -1
                ],
                [
                    -8,
                    -3,
                    1
                ],
                [
                    3,
                    8,
                    -2
                ],
                [
                    3,
                    4,
                    -2
                ],
                [
                    -1,
                    -3,
                    6
                ],
                [
                    -1,
                    -6,
                    9
                ],
                [
                    8,
                    -4,
                    -10
                ],
                [
                    -2,
                    -1,
                    6
                ],
                [
                    5,
                    -6,
                    7
                ],
                [
                    -4,
                    10,
                    7
                ],
                [
                    4,
                    -9,
                    3
                ],
                [
                    3,
                    -8,
                    -5
                ],
                [
                    9,
                    -2,
                    7
                ],
                [
                    -9,
                    -4,
                    2
                ],
                [
                    -7,
                    2,
                    9
                ],
                [
                    -5,
                    7,
                    -2
                ],
                [
                    -7,
                    1,
                    9
                ],
                [
                    7,
                    3,
                    -9
                ],
                [
                    1,
                    8,
                    -9
                ],
                [
                    7,
                    -3,
                    -10
                ],
                [
                    10,
                    5,
                    -2
                ],
                [
                    4,
                    -9,
                    5
                ],
                [
                    -1,
                    -8,
                    5
                ],
                [
                    -9,
                    -6,
                    7
                ],
                [
                    -3,
                    7,
                    -4
                ],
                [
                    10,
                    6,
                    -4
                ],
                [
                    -10,
                    -6,
                    5
                ],
                [
                    4,
                    -10,
                    9
                ],
                [
                    8,
                    6,
                    2
                ],
                [
                    8,
                    9,
                    7
                ]
            ],
            "{   'fun': 0.98,\n    'jac': None,\n    'nfev': 442,\n    'nit': 3,\n    'njev': 26,\n    'x': array([2.89774673, 2.23328022, 1.32384713, 0.63669895, 0.05968652,\n       0.35026656, 2.53326918, 0.43644176, 0.7264452 , 1.76987078,\n       1.09236222, 1.73840716, 2.03539834, 0.90772353, 2.45898236,\n       1.28167451])}",
            {
                "0110011000": 1,
                "0110100011": 1,
                "1010011001": 1,
                "1101101001": 1,
                "1100100010": 1,
                "1100110101": 1,
                "1101111100": 1,
                "1111000111": 1,
                "0100000011": 1,
                "1010110001": 1,
                "1110111001": 1,
                "0100000001": 1,
                "1110110101": 2,
                "1101001100": 1,
                "0010001101": 1,
                "1000100100": 1,
                "0100101011": 1,
                "1101100110": 1,
                "1011101111": 1,
                "1110110000": 1,
                "1001001000": 1,
                "0000000000": 1,
                "1100100001": 1,
                "0010010000": 1,
                "0001100101": 1,
                "0100011100": 1,
                "0110010011": 1,
                "1010011101": 1,
                "0100010110": 1,
                "1010001100": 1,
                "1101010100": 1,
                "0010010100": 1,
                "0101001000": 1,
                "1011100111": 1,
                "0011011000": 1,
                "1110010101": 1,
                "1100110111": 2,
                "1011100110": 1,
                "0101000111": 1,
                "0101011101": 1,
                "0000110000": 1,
                "0010001100": 1,
                "1001100011": 1,
                "0010111110": 1,
                "1001000101": 1,
                "1001100010": 1,
                "0100011011": 1,
                "0001111001": 1,
                "1000010111": 1,
                "0111111000": 1,
                "1110101100": 1,
                "0010000101": 2,
                "1111110010": 1,
                "0010001111": 1,
                "1111001011": 1,
                "0100100000": 1,
                "1110000110": 1,
                "0100001011": 1,
                "0111000000": 1,
                "0001110101": 1,
                "0000110011": 1,
                "1000010010": 1,
                "0100101110": 1,
                "0011101100": 1,
                "1111011110": 1,
                "0110001011": 2,
                "1010001000": 1,
                "0111110110": 1,
                "0101011011": 1,
                "0011101000": 1,
                "0101000000": 1,
                "0000110101": 2,
                "1000000011": 1,
                "1110100110": 1,
                "1001010000": 1,
                "1001110011": 1,
                "0001111010": 1,
                "0011110010": 1,
                "0010001110": 1,
                "0011011101": 1,
                "1111111111": 2,
                "1010010001": 1,
                "1001101100": 1,
                "1000110101": 1,
                "1001000001": 1,
                "0001001110": 1,
                "0010100100": 1,
                "0100111011": 1,
                "1000110011": 1,
                "0000001000": 1,
                "1111011001": 1,
                "0100110001": 1,
                "0100100110": 1,
                "0101010100": 1
            },
            true,
            0.91
        ]
    ]
}