{
    "n": 10,
    "m": 45,
    "results": [
        [
            [
                [
                    -8,
                    -9,
                    1
                ],
                [
                    2,
                    8,
                    -6
                ],
                [
                    -10,
                    -9,
                    1
                ],
                [
                    -6,
                    3,
                    -5
                ],
                [
                    -6,
                    9,
                    -2
                ],
                [
                    -8,
                    10,
                    6
                ],
                [
                    -2,
                    -7,
                    8
                ],
                [
                    -7,
                    6,
                    -1
                ],
                [
                    -7,
                    -3,
                    4
                ],
                [
                    -2,
                    -3,
                    7
                ],
                [
                    -1,
                    -6,
                    -9
                ],
                [
                    -1,
                    5,
                    -6
                ],
                [
                    -7,
                    -4,
                    -3
                ],
                [
                    -9,
                    -2,
                    7
                ],
                [
                    -5,
                    4,
                    9
                ],
                [
                    -6,
                    -7,
                    -10
                ],
                [
                    3,
                    5,
                    2
                ],
                [
                    8,
                    7,
                    -3
                ],
                [
                    1,
                    -9,
                    -10
                ],
                [
                    3,
                    6,
                    2
                ],
                [
                    3,
                    8,
                    5
                ],
                [
                    4,
                    3,
                    -2
                ],
                [
                    -4,
                    10,
                    -7
                ],
                [
                    7,
                    -4,
                    6
                ],
                [
                    -2,
                    -5,
                    4
                ],
                [
                    -5,
                    8,
                    -7
                ],
                [
                    -7,
                    -6,
                    1
                ],
                [
                    -3,
                    -1,
                    5
                ],
                [
                    1,
                    8,
                    -6
                ],
                [
                    -2,
                    -6,
                    7
                ],
                [
                    5,
                    2,
                    10
                ],
                [
                    5,
                    8,
                    4
                ],
                [
                    -5,
                    -4,
                    -9
                ],
                [
                    3,
                    -6,
                    5
                ],
                [
                    -4,
                    8,
                    7
                ],
                [
                    5,
                    8,
                    4
                ],
                [
                    8,
                    1,
                    9
                ],
                [
                    -6,
                    -1,
                    -4
                ],
                [
                    5,
                    -4,
                    -6
                ],
                [
                    -8,
                    -3,
                    -9
                ],
                [
                    -2,
                    -3,
                    -6
                ],
                [
                    -9,
                    2,
                    -10
                ],
                [
                    -1,
                    2,
                    -10
                ],
                [
                    -5,
                    -8,
                    7
                ],
                [
                    4,
                    5,
                    9
                ]
            ],
            "{   'fun': 1.0,\n    'jac': None,\n    'nfev': 357,\n    'nit': 0,\n    'njev': 21,\n    'x': array([1.35547066, 0.56570572, 1.36489077, 2.7854499 , 2.08535372,\n       2.61884749, 1.29102271, 2.15145623, 2.01627936, 0.45033675,\n       0.66518797, 0.09883824, 1.79835481, 1.74181394, 1.82882941,\n       0.02556421])}",
            {
                "0011111110": 1,
                "0101010111": 1,
                "1111010110": 1,
                "0110000000": 1,
                "0111000100": 1,
                "1011111100": 1,
                "1010011011": 1,
                "1001111001": 1,
                "0001110110": 1,
                "0101101101": 1,
                "1111111111": 1,
                "1001100110": 1,
                "0111001011": 1,
                "0110010010": 1,
                "0000000011": 1,
                "1000000000": 1,
                "0010010001": 1,
                "1001101111": 1,
                "1010000011": 1,
                "0011110111": 1,
                "1011100100": 1,
                "1000011010": 1,
                "0011101011": 1,
                "1101010001": 1,
                "0101111100": 1,
                "1100101001": 1,
                "0000010000": 1,
                "0011111100": 1,
                "1000100111": 1,
                "1110100100": 2,
                "0011010111": 1,
                "1100111101": 1,
                "1011000001": 1,
                "1110111000": 2,
                "0111011010": 1,
                "0010011010": 1,
                "0001011110": 1,
                "1001100011": 1,
                "1011000011": 1,
                "1010011111": 1,
                "0001110100": 1,
                "1101101011": 1,
                "1101011000": 1,
                "1000000011": 1,
                "1111010111": 1,
                "0110001000": 1,
                "1010101001": 1,
                "1111100101": 1,
                "1001111101": 1,
                "0001101101": 1,
                "1011111001": 1,
                "1011110110": 1,
                "0101001000": 1,
                "1011110001": 1,
                "1011100110": 1,
                "1111101011": 1,
                "1101010010": 1,
                "1111000010": 1,
                "1010101100": 2,
                "1101011111": 1,
                "0000000110": 1,
                "0110101111": 1,
                "0100011000": 1,
                "1111111101": 1,
                "0111110111": 1,
                "0001010000": 1,
                "1111011011": 1,
                "1100011100": 1,
                "0010001100": 1,
                "0111111110": 1,
                "0011100101": 1,
                "1010000110": 1,
                "1100010000": 1,
                "0110100111": 1,
                "1101011001": 1,
                "1100010001": 1,
                "0001101001": 1,
                "1101001110": 1,
                "0110001001": 1,
                "0110111100": 1,
                "0101000100": 1,
                "1100101110": 1,
                "0001111110": 2,
                "1011001101": 1,
                "1101100101": 1,
                "0001001110": 1,
                "1111110001": 1,
                "0100011101": 1,
                "1010111011": 2,
                "0010111101": 1,
                "1100001010": 1,
                "1011111000": 2,
                "1001001000": 1,
                "1110100011": 1
            },
            false,
            0.95
        ],
        [
            [
                [
                    -3,
                    2,
                    7
                ],
                [
                    -2,
                    7,
                    10
                ],
                [
                    4,
                    -5,
                    -10
                ],
                [
                    -8,
                    3,
                    -6
                ],
                [
                    4,
                    2,
                    -7
                ],
                [
                    -4,
                    9,
                    -10
                ],
                [
                    -2,
                    3,
                    6
                ],
                [
                    10,
                    -5,
                    1
                ],
                [
                    -3,
                    6,
                    7
                ],
                [
                    -2,
                    10,
                    3
                ],
                [
                    4,
                    8,
                    7
                ],
                [
                    -4,
                    10,
                    -1
                ],
                [
                    7,
                    -10,
                    8
                ],
                [
                    7,
                    -8,
                    -9
                ],
                [
                    -3,
                    1,
                    -5
                ],
                [
                    3,
                    1,
                    4
                ],
                [
                    -1,
                    10,
                    -4
                ],
                [
                    -1,
                    -3,
                    -9
                ],
                [
                    9,
                    5,
                    -3
                ],
                [
                    -10,
                    -1,
                    4
                ],
                [
                    7,
                    5,
                    -4
                ],
                [
                    5,
                    -1,
                    -8
                ],
                [
                    4,
                    2,
                    3
                ],
                [
                    6,
                    8,
                    9
                ],
                [
                    5,
                    -7,
                    10
                ],
                [
                    -2,
                    -8,
                    -7
                ],
                [
                    -1,
                    10,
                    9
                ],
                [
                    -5,
                    1,
                    3
                ],
                [
                    -4,
                    10,
                    7
                ],
                [
                    -1,
                    -9,
                    -6
                ],
                [
                    -9,
                    5,
                    -4
                ],
                [
                    10,
                    -1,
                    -3
                ],
                [
                    8,
                    10,
                    -1
                ],
                [
                    -2,
                    -4,
                    -9
                ],
                [
                    -8,
                    -1,
                    -6
                ],
                [
                    7,
                    8,
                    -10
                ],
                [
                    -10,
                    3,
                    5
                ],
                [
                    -4,
                    -7,
                    -5
                ],
                [
                    -3,
                    9,
                    -5
                ],
                [
                    -10,
                    2,
                    8
                ],
                [
                    -5,
                    -4,
                    -6
                ],
                [
                    1,
                    -10,
                    -7
                ],
                [
                    6,
                    8,
                    4
                ],
                [
                    2,
                    -5,
                    8
                ],
                [
                    -5,
                    1,
                    4
                ]
            ],
            "{   'fun': 1.0,\n    'jac': None,\n    'nfev': 17,\n    'nit': 0,\n    'njev': 1,\n    'x': array([2.39560021, 0.22958449, 0.73789209, 0.42139209, 0.23225676,\n       1.17266315, 1.10088886, 2.64014885, 0.5143881 , 2.74616045,\n       2.79808124, 2.79390883, 0.71644936, 1.38960737, 0.39597773,\n       2.91552756])}",
            {
                "1101011001": 1,
                "0110000110": 1,
                "0000111110": 1,
                "1001111000": 1,
                "0101100101": 1,
                "1001010011": 1,
                "1101101110": 1,
                "1101001100": 1,
                "1111000011": 1,
                "1000111011": 1,
                "1011010110": 1,
                "1000111001": 1,
                "0100000011": 1,
                "1011010000": 1,
                "1011001001": 1,
                "1101010011": 2,
                "0000010011": 1,
                "0011001010": 1,
                "0101001010": 1,
                "0000000111": 1,
                "0111011011": 1,
                "0011000110": 1,
                "1110011010": 1,
                "0001110001": 1,
                "1011110111": 1,
                "0111011000": 1,
                "0000101110": 1,
                "0110001100": 1,
                "0100010011": 1,
                "1101001001": 1,
                "0001111101": 1,
                "1001001011": 1,
                "1110010111": 1,
                "1010111001": 1,
                "0000000101": 1,
                "0001101111": 1,
                "1011100001": 1,
                "0110100010": 1,
                "0011111111": 1,
                "0001111000": 1,
                "1111011001": 2,
                "0000110100": 1,
                "0010110000": 1,
                "1011000110": 1,
                "1111111011": 1,
                "0010100000": 1,
                "0111110011": 1,
                "0001001101": 1,
                "1100001110": 1,
                "1001110110": 1,
                "1010010010": 1,
                "0011100011": 1,
                "1111111101": 1,
                "0101100001": 1,
                "1101110100": 1,
                "1101101111": 1,
                "1100111010": 1,
                "1010011101": 1,
                "0001000100": 1,
                "0001110010": 1,
                "0011011111": 1,
                "0111101010": 1,
                "0101111010": 1,
                "0111101011": 1,
                "1011000111": 1,
                "1111101001": 1,
                "0111010001": 1,
                "1010111011": 1,
                "1100101011": 1,
                "0000010001": 1,
                "0000000110": 1,
                "0001100010": 1,
                "0010001010": 1,
                "1100111111": 1,
                "1110111101": 1,
                "1000110010": 1,
                "1100011100": 1,
                "1001100000": 1,
                "1000000111": 1,
                "1011011001": 1,
                "1011101010": 1,
                "0001010100": 1,
                "1100100010": 1,
                "0111101101": 1,
                "1000101111": 1,
                "1001011100": 1,
                "0110001101": 1,
                "1000101010": 1,
                "0010000111": 1,
                "1010100001": 1,
                "1001100100": 1,
                "1001011101": 1,
                "1001000110": 1,
                "1000010000": 1,
                "0011111011": 1,
                "1101010000": 1,
                "0101011100": 1,
                "1001010100": 1
            },
            false,
            1.0
        ],
        [
            [
                [
                    10,
                    6,
                    9
                ],
                [
                    2,
                    1,
                    -4
                ],
                [
                    2,
                    -6,
                    9
                ],
                [
                    -2,
                    7,
                    10
                ],
                [
                    8,
                    10,
                    -9
                ],
                [
                    -2,
                    -6,
                    -4
                ],
                [
                    2,
                    9,
                    -1
                ],
                [
                    8,
                    -7,
                    5
                ],
                [
                    -2,
                    -1,
                    -6
                ],
                [
                    -2,
                    5,
                    -4
                ],
                [
                    -3,
                    -5,
                    -2
                ],
                [
                    10,
                    -9,
                    -1
                ],
                [
                    8,
                    2,
                    -5
                ],
                [
                    -8,
                    7,
                    -5
                ],
                [
                    7,
                    -6,
                    -2
                ],
                [
                    -8,
                    -3,
                    9
                ],
                [
                    -5,
                    -10,
                    -3
                ],
                [
                    -10,
                    6,
                    -7
                ],
                [
                    -6,
                    3,
                    8
                ],
                [
                    -7,
                    -10,
                    -3
                ],
                [
                    -7,
                    -10,
                    -4
                ],
                [
                    5,
                    10,
                    -6
                ],
                [
                    2,
                    1,
                    -5
                ],
                [
                    2,
                    7,
                    -6
                ],
                [
                    2,
                    7,
                    5
                ],
                [
                    -1,
                    9,
                    4
                ],
                [
                    -1,
                    8,
                    -7
                ],
                [
                    -5,
                    -8,
                    -4
                ],
                [
                    -8,
                    -6,
                    -3
                ],
                [
                    7,
                    -4,
                    5
                ],
                [
                    -8,
                    2,
                    -5
                ],
                [
                    7,
                    -5,
                    8
                ],
                [
                    3,
                    -9,
                    5
                ],
                [
                    -2,
                    8,
                    -9
                ],
                [
                    -6,
                    -1,
                    7
                ],
                [
                    -5,
                    -10,
                    -4
                ],
                [
                    6,
                    -7,
                    3
                ],
                [
                    4,
                    9,
                    5
                ],
                [
                    -8,
                    -10,
                    6
                ],
                [
                    4,
                    -3,
                    10
                ],
                [
                    7,
                    6,
                    -5
                ],
                [
                    7,
                    -10,
                    3
                ],
                [
                    9,
                    6,
                    1
                ],
                [
                    5,
                    -1,
                    -7
                ],
                [
                    -10,
                    5,
                    -7
                ]
            ],
            "{   'fun': 0.93,\n    'jac': None,\n    'nfev': 357,\n    'nit': 0,\n    'njev': 21,\n    'x': array([2.38164133, 0.12974829, 1.89946034, 1.70760604, 0.67407158,\n       2.14035637, 1.74345173, 1.13463265, 1.47693133, 0.49871093,\n       0.80479254, 1.38921332, 1.61494011, 2.89338279, 2.56706063,\n       2.50883194])}",
            {
                "0001000111": 1,
                "0011101001": 1,
                "0011000100": 1,
                "0100101110": 1,
                "0001110011": 1,
                "1101000110": 1,
                "0011001111": 1,
                "1110010101": 1,
                "1100101101": 1,
                "1101110100": 1,
                "1011101011": 1,
                "1100111111": 1,
                "1111000011": 1,
                "0010100010": 1,
                "0101011111": 1,
                "1110000100": 1,
                "1010110101": 1,
                "0010000100": 1,
                "1100000000": 1,
                "0110010100": 1,
                "1011111011": 1,
                "1111011011": 1,
                "0000001101": 3,
                "1110110101": 1,
                "1111010000": 1,
                "1101011101": 1,
                "1100110111": 1,
                "0000101001": 1,
                "0000101111": 1,
                "0001001001": 1,
                "0001010010": 1,
                "1110110011": 1,
                "0011110110": 1,
                "0100100101": 1,
                "1011110010": 1,
                "0001101010": 1,
                "0100110111": 1,
                "0110001001": 1,
                "1000110110": 1,
                "1000001101": 1,
                "1101100011": 1,
                "1101100110": 1,
                "1000101011": 1,
                "0000110000": 1,
                "0101110011": 1,
                "1000111111": 1,
                "1101011100": 1,
                "1101111101": 1,
                "1000111010": 1,
                "1100111100": 2,
                "1001110010": 2,
                "0111011000": 1,
                "0100001101": 1,
                "0111110010": 5,
                "1010111111": 1,
                "0001011111": 1,
                "0101100110": 1,
                "0010011000": 2,
                "0000101011": 1,
                "0001001110": 1,
                "1100101011": 1,
                "0111010001": 1,
                "0011110010": 2,
                "1001011001": 1,
                "0010001110": 1,
                "1110001101": 1,
                "0110101110": 1,
                "1000100111": 1,
                "0000011010": 2,
                "0010010110": 1,
                "0010110111": 1,
                "0101010101": 1,
                "0110010101": 1,
                "0100000011": 1,
                "1111000111": 1,
                "1001001011": 1,
                "1011010001": 1,
                "1100001101": 3,
                "1000101100": 1,
                "0010110001": 1,
                "1000011110": 1,
                "0010000001": 1,
                "0101010011": 1,
                "1111110110": 1,
                "1001001101": 1,
                "0000100000": 1,
                "0011101011": 1
            },
            true,
            0.87
        ],
        [
            [
                [
                    9,
                    8,
                    3
                ],
                [
                    -6,
                    -1,
                    -10
                ],
                [
                    -3,
                    -8,
                    10
                ],
                [
                    9,
                    -2,
                    3
                ],
                [
                    -1,
                    10,
                    -4
                ],
                [
                    8,
                    1,
                    -4
                ],
                [
                    3,
                    7,
                    4
                ],
                [
                    7,
                    3,
                    4
                ],
                [
                    10,
                    9,
                    2
                ],
                [
                    -10,
                    -3,
                    -1
                ],
                [
                    -4,
                    -10,
                    5
                ],
                [
                    -5,
                    -7,
                    1
                ],
                [
                    5,
                    2,
                    8
                ],
                [
                    9,
                    -1,
                    -10
                ],
                [
                    9,
                    5,
                    -3
                ],
                [
                    -3,
                    6,
                    10
                ],
                [
                    7,
                    3,
                    -9
                ],
                [
                    2,
                    -6,
                    -8
                ],
                [
                    6,
                    -4,
                    9
                ],
                [
                    3,
                    10,
                    -2
                ],
                [
                    -8,
                    1,
                    -5
                ],
                [
                    6,
                    -1,
                    -2
                ],
                [
                    4,
                    6,
                    1
                ],
                [
                    -7,
                    -8,
                    -9
                ],
                [
                    9,
                    1,
                    10
                ],
                [
                    9,
                    3,
                    6
                ],
                [
                    -2,
                    -8,
                    -6
                ],
                [
                    -1,
                    -7,
                    -8
                ],
                [
                    4,
                    6,
                    3
                ],
                [
                    -9,
                    7,
                    -4
                ],
                [
                    -8,
                    3,
                    10
                ],
                [
                    -7,
                    10,
                    1
                ],
                [
                    -3,
                    4,
                    8
                ],
                [
                    9,
                    -1,
                    -6
                ],
                [
                    -2,
                    -7,
                    9
                ],
                [
                    10,
                    -1,
                    -8
                ],
                [
                    8,
                    -6,
                    -5
                ],
                [
                    3,
                    2,
                    8
                ],
                [
                    3,
                    1,
                    -10
                ],
                [
                    5,
                    8,
                    -10
                ],
                [
                    1,
                    -7,
                    -4
                ],
                [
                    5,
                    4,
                    9
                ],
                [
                    -8,
                    -1,
                    -7
                ],
                [
                    8,
                    10,
                    6
                ],
                [
                    6,
                    10,
                    2
                ]
            ],
            "{   'fun': 1.0,\n    'jac': None,\n    'nfev': 17,\n    'nit': 0,\n    'njev': 1,\n    'x': array([2.35706652, 1.19946972, 1.93730908, 1.62906317, 0.95175211,\n       1.79407696, 0.94124931, 0.73086027, 1.53288947, 1.55746365,\n       2.02211764, 2.18491067, 1.46777765, 3.12982724, 0.82139032,\n       1.3437621 ])}",
            {
                "0110111101": 1,
                "1011010100": 1,
                "1111111111": 1,
                "0000110000": 1,
                "0011000110": 1,
                "0100000100": 1,
                "0111011001": 1,
                "1010111010": 1,
                "0110101000": 1,
                "1100111111": 1,
                "0111011000": 1,
                "0010010101": 1,
                "0011000001": 2,
                "0111011110": 1,
                "0011111000": 1,
                "0110000011": 1,
                "0111010101": 1,
                "1110101111": 1,
                "1011110011": 1,
                "1000101011": 1,
                "0100011010": 1,
                "0000001100": 1,
                "0110001110": 1,
                "1111010111": 1,
                "1010010110": 1,
                "1011011110": 1,
                "1011001110": 1,
                "1000100110": 1,
                "1110011011": 1,
                "0000001010": 1,
                "1000001010": 1,
                "1110100100": 1,
                "1100110011": 1,
                "0011110111": 1,
                "1101010101": 1,
                "1111111011": 1,
                "1101100100": 1,
                "0001101001": 1,
                "1101001110": 1,
                "0100101110": 1,
                "0011100100": 1,
                "0101101111": 1,
                "0101000010": 1,
                "0111111110": 1,
                "1001001010": 1,
                "1011110110": 1,
                "0101110010": 1,
                "0100111011": 1,
                "0010110110": 1,
                "0001110111": 1,
                "0000101011": 1,
                "1100001111": 2,
                "0100011110": 1,
                "1100101000": 1,
                "1110000100": 1,
                "1111001011": 1,
                "0101011110": 1,
                "1000011000": 1,
                "1110101101": 1,
                "1001110011": 1,
                "0010000101": 1,
                "1110010010": 1,
                "0111110101": 1,
                "1101000001": 1,
                "1100101100": 1,
                "0001111011": 1,
                "1110011010": 1,
                "1010000100": 1,
                "1011011001": 1,
                "0111101011": 1,
                "1110010001": 1,
                "0001110000": 1,
                "1010101110": 1,
                "0010101011": 1,
                "0101000100": 2,
                "1100111011": 1,
                "0101110110": 1,
                "1001000100": 1,
                "1001100101": 1,
                "1001000001": 1,
                "0111000100": 1,
                "1101000100": 1,
                "1001100110": 1,
                "0100011101": 1,
                "0100100010": 1,
                "1010101000": 1,
                "0010100001": 1,
                "0001001011": 1,
                "1000111010": 1,
                "1100001110": 1,
                "0100011001": 1,
                "1010100011": 1,
                "0001010001": 1,
                "1001000101": 1,
                "0100010000": 1,
                "1111001110": 1,
                "0101010110": 1
            },
            false,
            1.0
        ],
        [
            [
                [
                    -1,
                    3,
                    2
                ],
                [
                    -1,
                    4,
                    -5
                ],
                [
                    -9,
                    -1,
                    -4
                ],
                [
                    9,
                    10,
                    4
                ],
                [
                    -9,
                    -8,
                    -10
                ],
                [
                    4,
                    -7,
                    -5
                ],
                [
                    -7,
                    -5,
                    -9
                ],
                [
                    4,
                    9,
                    6
                ],
                [
                    10,
                    5,
                    -7
                ],
                [
                    3,
                    8,
                    9
                ],
                [
                    3,
                    6,
                    -10
                ],
                [
                    -9,
                    2,
                    1
                ],
                [
                    -2,
                    5,
                    7
                ],
                [
                    -2,
                    7,
                    1
                ],
                [
                    9,
                    -8,
                    -6
                ],
                [
                    10,
                    -7,
                    -6
                ],
                [
                    4,
                    2,
                    7
                ],
                [
                    -10,
                    4,
                    6
                ],
                [
                    8,
                    -3,
                    -1
                ],
                [
                    2,
                    -9,
                    3
                ],
                [
                    -6,
                    8,
                    2
                ],
                [
                    6,
                    1,
                    -7
                ],
                [
                    -6,
                    2,
                    4
                ],
                [
                    7,
                    8,
                    3
                ],
                [
                    3,
                    2,
                    5
                ],
                [
                    -4,
                    -5,
                    1
                ],
                [
                    9,
                    -5,
                    6
                ],
                [
                    9,
                    7,
                    8
                ],
                [
                    4,
                    -7,
                    -6
                ],
                [
                    5,
                    -6,
                    -9
                ],
                [
                    4,
                    -10,
                    7
                ],
                [
                    2,
                    -9,
                    3
                ],
                [
                    -10,
                    -6,
                    3
                ],
                [
                    -1,
                    6,
                    -9
                ],
                [
                    10,
                    -8,
                    3
                ],
                [
                    8,
                    -3,
                    -1
                ],
                [
                    -8,
                    2,
                    4
                ],
                [
                    -10,
                    5,
                    -6
                ],
                [
                    -7,
                    1,
                    10
                ],
                [
                    -1,
                    -8,
                    6
                ],
                [
                    1,
                    -7,
                    8
                ],
                [
                    4,
                    7,
                    -6
                ],
                [
                    8,
                    3,
                    -5
                ],
                [
                    -3,
                    -7,
                    -6
                ],
                [
                    6,
                    4,
                    -2
                ]
            ],
            "{   'fun': 0.97,\n    'jac': None,\n    'nfev': 323,\n    'nit': 1,\n    'njev': 19,\n    'x': array([2.89774672, 2.23328011, 1.32384709, 0.63669867, 0.05968631,\n       0.35026654, 2.53326888, 0.43644157, 0.72644487, 1.7698707 ,\n       1.09236219, 1.73840723, 2.03539851, 0.90772352, 2.45898223,\n       1.2816743 ])}",
            {
                "1011101100": 1,
                "1001100100": 1,
                "1111011100": 1,
                "1011111110": 1,
                "0100110001": 1,
                "0110010100": 1,
                "0101010100": 1,
                "0101010111": 1,
                "1000110100": 1,
                "0101110001": 1,
                "1101011111": 1,
                "0000000001": 1,
                "0111110011": 2,
                "1100101000": 1,
                "1001000011": 1,
                "1101110110": 1,
                "0010111111": 1,
                "1000110011": 1,
                "0101100101": 1,
                "1110100110": 1,
                "1001110010": 1,
                "0001011001": 1,
                "0110100110": 1,
                "1110101111": 1,
                "1100110101": 1,
                "0100001101": 1,
                "1111110011": 1,
                "1100010001": 1,
                "1010011111": 1,
                "1011101011": 1,
                "0010001100": 7,
                "0011100101": 1,
                "1011011111": 1,
                "1010010101": 1,
                "0011111010": 2,
                "1111100011": 1,
                "1110110011": 1,
                "1100111000": 1,
                "1101111000": 1,
                "0010011011": 2,
                "1011010101": 1,
                "0111000110": 1,
                "0100000100": 1,
                "1011111111": 2,
                "0101100001": 1,
                "0001100110": 1,
                "0110100111": 1,
                "1101100010": 1,
                "1001111100": 1,
                "1010100011": 1,
                "1101011011": 1,
                "0000100000": 1,
                "1110010000": 2,
                "1101000011": 1,
                "1110000001": 1,
                "1100011100": 1,
                "1110110000": 1,
                "0111101111": 1,
                "0011000101": 1,
                "1110001101": 1,
                "1110100100": 1,
                "1010100110": 1,
                "1000000010": 1,
                "1010011000": 1,
                "1100010011": 1,
                "1100011010": 1,
                "1111101110": 1,
                "1010001100": 1,
                "1101110011": 1,
                "0101000000": 1,
                "0101111110": 1,
                "1011100100": 1,
                "1011100101": 1,
                "0110111000": 1,
                "1000101110": 1,
                "1111101010": 1,
                "1100110010": 1,
                "1011110010": 1,
                "0011110010": 1,
                "0010000011": 1,
                "1100101111": 1,
                "0111111000": 1,
                "0100111011": 1,
                "0101110010": 1,
                "0010100101": 1,
                "0000000100": 1,
                "0110110101": 1,
                "0111101011": 1,
                "1000000100": 1
            },
            true,
            0.93
        ]
    ]
}