{
    "n": 10,
    "m": 45,
    "results": [
        [
            [
                [
                    -10,
                    -9,
                    4
                ],
                [
                    4,
                    -5,
                    -1
                ],
                [
                    -2,
                    3,
                    5
                ],
                [
                    -1,
                    7,
                    -3
                ],
                [
                    2,
                    4,
                    -5
                ],
                [
                    -3,
                    -7,
                    -10
                ],
                [
                    7,
                    1,
                    4
                ],
                [
                    10,
                    2,
                    5
                ],
                [
                    4,
                    -8,
                    -6
                ],
                [
                    2,
                    -3,
                    9
                ],
                [
                    8,
                    3,
                    1
                ],
                [
                    -8,
                    -2,
                    4
                ],
                [
                    3,
                    -6,
                    -8
                ],
                [
                    9,
                    5,
                    4
                ],
                [
                    5,
                    2,
                    7
                ],
                [
                    7,
                    -8,
                    10
                ],
                [
                    7,
                    6,
                    -10
                ],
                [
                    -5,
                    7,
                    -4
                ],
                [
                    3,
                    4,
                    10
                ],
                [
                    1,
                    3,
                    5
                ],
                [
                    3,
                    -9,
                    2
                ],
                [
                    -7,
                    6,
                    4
                ],
                [
                    8,
                    -5,
                    7
                ],
                [
                    -8,
                    -7,
                    -1
                ],
                [
                    -2,
                    9,
                    10
                ],
                [
                    -4,
                    -9,
                    -1
                ],
                [
                    9,
                    3,
                    -5
                ],
                [
                    -3,
                    5,
                    -6
                ],
                [
                    -4,
                    1,
                    2
                ],
                [
                    2,
                    9,
                    -5
                ],
                [
                    2,
                    -5,
                    -10
                ],
                [
                    2,
                    -6,
                    -5
                ],
                [
                    1,
                    -10,
                    -8
                ],
                [
                    -7,
                    9,
                    -5
                ],
                [
                    -3,
                    -2,
                    1
                ],
                [
                    -5,
                    -6,
                    -4
                ],
                [
                    -8,
                    -7,
                    5
                ],
                [
                    3,
                    6,
                    7
                ],
                [
                    7,
                    -1,
                    5
                ],
                [
                    -6,
                    -5,
                    3
                ],
                [
                    -2,
                    -4,
                    -5
                ],
                [
                    -4,
                    7,
                    9
                ],
                [
                    6,
                    10,
                    -8
                ],
                [
                    2,
                    1,
                    -5
                ],
                [
                    6,
                    -1,
                    -9
                ]
            ],
            "{   'fun': 1.0,\n    'jac': None,\n    'nfev': 189,\n    'nit': 0,\n    'njev': 21,\n    'x': array([2.58572401, 0.04774246, 1.62396976, 3.0400057 , 0.48383555,\n       1.06155082, 2.31572148, 2.38593535])}",
            {
                "1011110000": 1,
                "0110001110": 1,
                "1110001011": 1,
                "1010111110": 1,
                "1111000111": 1,
                "1000000001": 1,
                "0010111011": 1,
                "0111000011": 1,
                "0010011111": 1,
                "1000100001": 1,
                "0111010111": 1,
                "0111110101": 1,
                "0011001011": 1,
                "0110111100": 1,
                "1011010010": 1,
                "0010111000": 1,
                "1110100111": 1,
                "0110010101": 1,
                "1110011011": 1,
                "1110100000": 1,
                "1001011001": 1,
                "0011101011": 1,
                "1101010001": 1,
                "0011101101": 1,
                "0111010100": 1,
                "0110001000": 1,
                "0011011010": 1,
                "1111110110": 1,
                "1010000111": 2,
                "0010111100": 1,
                "1100001111": 1,
                "0111100111": 1,
                "0001000000": 1,
                "1100010010": 1,
                "1100011010": 1,
                "1000111111": 1,
                "1000101011": 1,
                "0001111100": 1,
                "1111101001": 1,
                "1010010100": 1,
                "0010010001": 1,
                "1111110010": 1,
                "1101101110": 2,
                "1001000111": 1,
                "0100010001": 2,
                "1110100001": 1,
                "1010000110": 1,
                "1000101110": 1,
                "0010000010": 1,
                "1001100010": 1,
                "1011000001": 1,
                "1011100001": 2,
                "0110011110": 1,
                "0000011000": 1,
                "1110101010": 2,
                "0101011000": 1,
                "0100011001": 1,
                "1111011010": 1,
                "0010001000": 1,
                "0101111011": 2,
                "0011000010": 1,
                "1000101100": 1,
                "1111110001": 1,
                "1101111000": 1,
                "0110100000": 1,
                "0010011011": 1,
                "1001101111": 1,
                "0110011011": 1,
                "1111110000": 1,
                "1011111111": 1,
                "1111101111": 1,
                "1011001010": 1,
                "1100111101": 1,
                "1010101110": 1,
                "0111110001": 1,
                "0111000010": 1,
                "1110111110": 1,
                "1101101011": 1,
                "1100101110": 1,
                "1000111011": 1,
                "1110100101": 1,
                "1010111001": 1,
                "0110100110": 1,
                "1001011110": 1,
                "1000011110": 1,
                "0010000111": 1,
                "1110100010": 1,
                "0010110111": 1,
                "0010011110": 1,
                "1000010000": 1,
                "0011111011": 1,
                "1010100000": 2,
                "0101011111": 1
            },
            false,
            0.97
        ],
        [
            [
                [
                    3,
                    -4,
                    -9
                ],
                [
                    7,
                    -9,
                    -2
                ],
                [
                    3,
                    -9,
                    -1
                ],
                [
                    3,
                    1,
                    10
                ],
                [
                    -2,
                    7,
                    10
                ],
                [
                    1,
                    -10,
                    -5
                ],
                [
                    -9,
                    -2,
                    -4
                ],
                [
                    -9,
                    5,
                    1
                ],
                [
                    1,
                    -5,
                    3
                ],
                [
                    10,
                    -4,
                    -5
                ],
                [
                    -6,
                    9,
                    2
                ],
                [
                    -10,
                    3,
                    -8
                ],
                [
                    6,
                    -8,
                    2
                ],
                [
                    -8,
                    4,
                    10
                ],
                [
                    1,
                    9,
                    -5
                ],
                [
                    9,
                    1,
                    4
                ],
                [
                    2,
                    6,
                    7
                ],
                [
                    -7,
                    4,
                    2
                ],
                [
                    9,
                    -8,
                    -2
                ],
                [
                    -3,
                    6,
                    7
                ],
                [
                    -5,
                    7,
                    1
                ],
                [
                    10,
                    5,
                    8
                ],
                [
                    2,
                    -7,
                    3
                ],
                [
                    4,
                    1,
                    -6
                ],
                [
                    5,
                    1,
                    -4
                ],
                [
                    -4,
                    -7,
                    2
                ],
                [
                    -7,
                    1,
                    5
                ],
                [
                    -3,
                    -2,
                    8
                ],
                [
                    -10,
                    -3,
                    2
                ],
                [
                    7,
                    -2,
                    -4
                ],
                [
                    10,
                    4,
                    -9
                ],
                [
                    -4,
                    2,
                    8
                ],
                [
                    5,
                    -10,
                    9
                ],
                [
                    -4,
                    6,
                    2
                ],
                [
                    -2,
                    4,
                    8
                ],
                [
                    -8,
                    -9,
                    2
                ],
                [
                    4,
                    10,
                    -6
                ],
                [
                    -6,
                    8,
                    -7
                ],
                [
                    5,
                    -1,
                    -3
                ],
                [
                    6,
                    -10,
                    -8
                ],
                [
                    4,
                    7,
                    -5
                ],
                [
                    9,
                    6,
                    -5
                ],
                [
                    -3,
                    10,
                    -8
                ],
                [
                    -3,
                    -10,
                    5
                ],
                [
                    -6,
                    -1,
                    7
                ]
            ],
            "{   'fun': 1.0,\n    'jac': None,\n    'nfev': 189,\n    'nit': 0,\n    'njev': 21,\n    'x': array([1.35547066, 0.56570572, 1.36489077, 2.7854499 , 2.08535372,\n       2.61884749, 1.29102271, 2.15145623])}",
            {
                "1111111110": 1,
                "1110111111": 1,
                "0011010010": 1,
                "0100110000": 1,
                "0000101110": 1,
                "0101010001": 1,
                "0111100101": 1,
                "0111110111": 1,
                "0010011100": 1,
                "0111000101": 1,
                "1001000001": 1,
                "0010111111": 1,
                "1110000110": 1,
                "1100101101": 1,
                "1111100001": 1,
                "1111100010": 1,
                "0010100011": 1,
                "1011100101": 1,
                "0000000010": 1,
                "1101100101": 1,
                "1100011111": 1,
                "1101000000": 1,
                "0100111101": 1,
                "0010011010": 1,
                "0101111011": 1,
                "0111111000": 1,
                "1011000110": 1,
                "1001000000": 1,
                "0000010011": 1,
                "1001101001": 1,
                "1111010110": 1,
                "0011001011": 1,
                "0110111001": 1,
                "0110110110": 1,
                "1011000010": 2,
                "0100100101": 1,
                "0000100101": 1,
                "0100011110": 1,
                "0101100110": 1,
                "0001011111": 1,
                "1101111100": 1,
                "0111111001": 1,
                "0000000101": 1,
                "0111001101": 1,
                "1100101000": 1,
                "0010010001": 1,
                "1110100011": 1,
                "0000000100": 1,
                "1001110010": 2,
                "1001010000": 1,
                "0101000101": 1,
                "1100000101": 1,
                "0010100100": 1,
                "0010011101": 1,
                "1011100000": 1,
                "1101110011": 1,
                "0000101011": 1,
                "0111010110": 1,
                "0011001100": 1,
                "1001111110": 1,
                "0101010111": 1,
                "1101010110": 1,
                "0001001111": 1,
                "0011100000": 1,
                "1000101010": 1,
                "0111000011": 1,
                "1000001011": 1,
                "0010010100": 1,
                "0000101001": 1,
                "1100001101": 2,
                "1110000010": 1,
                "1110011111": 1,
                "1001011000": 1,
                "0001010011": 1,
                "0110011101": 1,
                "1110011010": 1,
                "1001001011": 1,
                "0101111100": 1,
                "0111010101": 1,
                "1110001110": 1,
                "0010000111": 1,
                "1111110100": 1,
                "1111100110": 1,
                "1111101111": 1,
                "0001011010": 1,
                "0010100010": 1,
                "1101101011": 1,
                "1110111110": 1,
                "1001010011": 1,
                "1101100001": 1,
                "1110010001": 1,
                "0010000101": 1,
                "0010011110": 1,
                "0111000001": 1,
                "1110001101": 1,
                "0100101100": 1,
                "0010000010": 1
            },
            false,
            0.96
        ],
        [
            [
                [
                    2,
                    -8,
                    -3
                ],
                [
                    3,
                    10,
                    -6
                ],
                [
                    -7,
                    5,
                    -9
                ],
                [
                    -5,
                    -9,
                    -1
                ],
                [
                    -1,
                    9,
                    -2
                ],
                [
                    4,
                    1,
                    -8
                ],
                [
                    -1,
                    6,
                    10
                ],
                [
                    -4,
                    6,
                    -7
                ],
                [
                    -9,
                    -6,
                    4
                ],
                [
                    -10,
                    2,
                    -1
                ],
                [
                    -1,
                    6,
                    -5
                ],
                [
                    -1,
                    7,
                    10
                ],
                [
                    -1,
                    10,
                    2
                ],
                [
                    6,
                    9,
                    7
                ],
                [
                    7,
                    -1,
                    3
                ],
                [
                    4,
                    5,
                    10
                ],
                [
                    2,
                    -9,
                    -10
                ],
                [
                    -10,
                    -1,
                    3
                ],
                [
                    9,
                    -7,
                    1
                ],
                [
                    -1,
                    -2,
                    -6
                ],
                [
                    4,
                    7,
                    -3
                ],
                [
                    -3,
                    10,
                    -4
                ],
                [
                    7,
                    8,
                    9
                ],
                [
                    -10,
                    -8,
                    1
                ],
                [
                    -4,
                    2,
                    -5
                ],
                [
                    7,
                    -4,
                    -10
                ],
                [
                    -3,
                    5,
                    1
                ],
                [
                    -4,
                    -10,
                    2
                ],
                [
                    -1,
                    10,
                    7
                ],
                [
                    -4,
                    -7,
                    -3
                ],
                [
                    -8,
                    3,
                    7
                ],
                [
                    -4,
                    -9,
                    -5
                ],
                [
                    -8,
                    -4,
                    -3
                ],
                [
                    10,
                    -7,
                    8
                ],
                [
                    7,
                    -8,
                    -4
                ],
                [
                    -1,
                    8,
                    -2
                ],
                [
                    -10,
                    -1,
                    -2
                ],
                [
                    -9,
                    -8,
                    3
                ],
                [
                    -2,
                    1,
                    -6
                ],
                [
                    -8,
                    -1,
                    4
                ],
                [
                    10,
                    5,
                    -6
                ],
                [
                    9,
                    7,
                    6
                ],
                [
                    -3,
                    10,
                    9
                ],
                [
                    9,
                    7,
                    10
                ],
                [
                    -8,
                    -7,
                    -2
                ]
            ],
            "{   'fun': 0.99,\n    'jac': None,\n    'nfev': 279,\n    'nit': 2,\n    'njev': 31,\n    'x': array([0.51438796, 2.74616059, 2.79808124, 2.79390883, 0.71644936,\n       1.38960737, 0.39597759, 2.91552756])}",
            {
                "1010001000": 1,
                "1110100001": 1,
                "1111101110": 2,
                "0001010111": 1,
                "0010000001": 1,
                "1011100111": 1,
                "1101110001": 1,
                "0000110111": 1,
                "1010001110": 1,
                "1101100100": 1,
                "1011000011": 1,
                "0010010111": 1,
                "1110011111": 1,
                "0110011111": 1,
                "0011101101": 1,
                "0001011011": 1,
                "0100010010": 1,
                "0110010011": 1,
                "1111110001": 1,
                "0100100100": 1,
                "1000000010": 1,
                "0000010000": 1,
                "0001110010": 1,
                "1111110010": 1,
                "0000100111": 1,
                "1100101111": 1,
                "1011001111": 1,
                "0100100110": 1,
                "1001111011": 1,
                "1100101101": 1,
                "1101001001": 1,
                "1011111111": 1,
                "1111011011": 1,
                "1101010110": 1,
                "0100001010": 1,
                "0000110100": 2,
                "0011111100": 1,
                "0011000110": 1,
                "1010111100": 1,
                "1100001010": 1,
                "1110101111": 1,
                "1000100000": 1,
                "0001101001": 1,
                "1011011100": 1,
                "0100001000": 1,
                "1011011001": 1,
                "1000100100": 1,
                "0010001101": 1,
                "1110011101": 1,
                "1000111100": 1,
                "1100010110": 1,
                "0010001010": 1,
                "0110001011": 1,
                "0000110000": 1,
                "0000100101": 1,
                "1000000000": 1,
                "0111001000": 1,
                "1111110100": 1,
                "1011111101": 2,
                "0101000011": 1,
                "1010010001": 2,
                "0111100011": 1,
                "0110001100": 1,
                "0011110010": 1,
                "0010011111": 2,
                "0100111001": 1,
                "0111111100": 1,
                "0001101101": 1,
                "1010110110": 1,
                "0001101111": 2,
                "1011010101": 1,
                "0011100110": 2,
                "0110010100": 1,
                "1011000010": 1,
                "1110011110": 1,
                "0100000010": 1,
                "1010110011": 1,
                "0111001101": 1,
                "1000111011": 1,
                "0011011110": 1,
                "1111100001": 1,
                "1101000110": 1,
                "1100111011": 1,
                "1111010110": 1,
                "0101111011": 1,
                "0011011100": 1,
                "0101011011": 1,
                "0011010010": 1,
                "0011010111": 1,
                "0110100000": 1,
                "0111011010": 1,
                "1111010101": 1,
                "0111001011": 1
            },
            true,
            0.89
        ],
        [
            [
                [
                    -2,
                    10,
                    4
                ],
                [
                    2,
                    9,
                    -5
                ],
                [
                    3,
                    -7,
                    -1
                ],
                [
                    -7,
                    2,
                    1
                ],
                [
                    -5,
                    -7,
                    1
                ],
                [
                    -8,
                    -1,
                    7
                ],
                [
                    -5,
                    2,
                    -8
                ],
                [
                    -2,
                    7,
                    4
                ],
                [
                    1,
                    -4,
                    -5
                ],
                [
                    -4,
                    7,
                    5
                ],
                [
                    1,
                    8,
                    -4
                ],
                [
                    6,
                    -8,
                    2
                ],
                [
                    -4,
                    9,
                    -1
                ],
                [
                    6,
                    3,
                    -5
                ],
                [
                    5,
                    6,
                    9
                ],
                [
                    -4,
                    5,
                    -6
                ],
                [
                    -8,
                    7,
                    -2
                ],
                [
                    -8,
                    -5,
                    -4
                ],
                [
                    2,
                    3,
                    -1
                ],
                [
                    -4,
                    2,
                    -5
                ],
                [
                    -9,
                    -3,
                    -7
                ],
                [
                    -8,
                    -9,
                    -10
                ],
                [
                    1,
                    4,
                    -6
                ],
                [
                    2,
                    1,
                    10
                ],
                [
                    -9,
                    6,
                    -3
                ],
                [
                    2,
                    -5,
                    9
                ],
                [
                    -9,
                    -7,
                    6
                ],
                [
                    -6,
                    -9,
                    3
                ],
                [
                    3,
                    5,
                    -6
                ],
                [
                    -2,
                    -9,
                    -3
                ],
                [
                    -10,
                    1,
                    -7
                ],
                [
                    7,
                    -9,
                    -4
                ],
                [
                    -2,
                    -4,
                    6
                ],
                [
                    -3,
                    5,
                    -6
                ],
                [
                    7,
                    6,
                    9
                ],
                [
                    -2,
                    -7,
                    1
                ],
                [
                    2,
                    1,
                    5
                ],
                [
                    4,
                    -1,
                    -2
                ],
                [
                    -5,
                    8,
                    4
                ],
                [
                    -3,
                    9,
                    2
                ],
                [
                    -9,
                    -2,
                    -1
                ],
                [
                    -8,
                    -5,
                    -3
                ],
                [
                    5,
                    -6,
                    7
                ],
                [
                    -6,
                    -4,
                    3
                ],
                [
                    -2,
                    4,
                    1
                ]
            ],
            "{   'fun': 1.0,\n    'jac': None,\n    'nfev': 9,\n    'nit': 0,\n    'njev': 1,\n    'x': array([0.53135979, 1.92017045, 1.38053655, 1.98550775, 0.29164061,\n       2.03592795, 0.59452096, 1.6556881 ])}",
            {
                "1010010100": 1,
                "1111100111": 1,
                "1110010001": 1,
                "1001101100": 1,
                "1001111011": 1,
                "1100000111": 1,
                "0000110000": 1,
                "1111111011": 1,
                "0001100100": 1,
                "1011011001": 1,
                "0001010100": 1,
                "0001010111": 1,
                "0000001100": 1,
                "1010100000": 1,
                "0111010001": 1,
                "1110000001": 1,
                "0001001110": 1,
                "1100110101": 1,
                "0100011010": 1,
                "0000110001": 1,
                "0100110011": 1,
                "1010001011": 1,
                "0001000010": 1,
                "1010111001": 1,
                "0001101001": 1,
                "1111010100": 1,
                "1010111101": 1,
                "0111110101": 1,
                "1011010111": 1,
                "1001000100": 1,
                "0010001010": 1,
                "0100010111": 1,
                "0111010000": 1,
                "0001000100": 1,
                "0101101010": 1,
                "1101110110": 2,
                "1011011000": 1,
                "1000110011": 1,
                "0011110110": 1,
                "0100100010": 1,
                "1000101011": 1,
                "1000000000": 1,
                "0101111100": 1,
                "1101001011": 1,
                "1110011010": 1,
                "0100111011": 1,
                "0110011011": 1,
                "0111000111": 1,
                "1001011111": 1,
                "0001110111": 1,
                "0010110110": 1,
                "1100110110": 1,
                "0100100100": 1,
                "0100111101": 1,
                "0010011011": 1,
                "1111100010": 1,
                "1111111110": 1,
                "1100111110": 1,
                "0011011100": 1,
                "0010010101": 1,
                "1100111001": 1,
                "0011111111": 1,
                "1001000001": 1,
                "0000111010": 1,
                "0100101111": 1,
                "0001000011": 1,
                "1101011101": 1,
                "0001011111": 1,
                "1101110101": 1,
                "1101111011": 1,
                "1110000000": 1,
                "0011111101": 1,
                "0100100101": 1,
                "1110001000": 1,
                "1011001110": 1,
                "1001001110": 1,
                "0111011011": 1,
                "0001001111": 1,
                "0010110101": 1,
                "0110010010": 1,
                "0100010101": 1,
                "1000010000": 1,
                "0101101101": 1,
                "0101111000": 1,
                "0111110111": 1,
                "0101011100": 1,
                "0111111111": 1,
                "0110010100": 1,
                "0110010001": 2,
                "0001000110": 1,
                "1110100010": 1,
                "0000011111": 1,
                "0110110110": 1,
                "1110001001": 1,
                "1010111100": 1,
                "0101000100": 1,
                "0100011111": 1,
                "1101110001": 1
            },
            false,
            1.0
        ],
        [
            [
                [
                    -1,
                    -3,
                    -5
                ],
                [
                    9,
                    6,
                    -5
                ],
                [
                    1,
                    -4,
                    -7
                ],
                [
                    4,
                    -7,
                    5
                ],
                [
                    3,
                    -7,
                    5
                ],
                [
                    2,
                    1,
                    4
                ],
                [
                    5,
                    -4,
                    -1
                ],
                [
                    -3,
                    7,
                    2
                ],
                [
                    9,
                    1,
                    -6
                ],
                [
                    6,
                    -7,
                    8
                ],
                [
                    -6,
                    -3,
                    9
                ],
                [
                    -10,
                    6,
                    -2
                ],
                [
                    2,
                    -8,
                    7
                ],
                [
                    -7,
                    8,
                    -2
                ],
                [
                    9,
                    4,
                    -7
                ],
                [
                    -7,
                    5,
                    -1
                ],
                [
                    1,
                    -5,
                    -4
                ],
                [
                    -3,
                    -5,
                    9
                ],
                [
                    10,
                    1,
                    -7
                ],
                [
                    5,
                    -10,
                    3
                ],
                [
                    -2,
                    1,
                    9
                ],
                [
                    8,
                    -10,
                    -2
                ],
                [
                    2,
                    5,
                    7
                ],
                [
                    1,
                    3,
                    -5
                ],
                [
                    10,
                    4,
                    2
                ],
                [
                    -2,
                    -10,
                    7
                ],
                [
                    10,
                    -9,
                    -6
                ],
                [
                    -1,
                    5,
                    10
                ],
                [
                    2,
                    -6,
                    -7
                ],
                [
                    -9,
                    -7,
                    8
                ],
                [
                    1,
                    -9,
                    2
                ],
                [
                    -6,
                    8,
                    -3
                ],
                [
                    2,
                    -3,
                    4
                ],
                [
                    1,
                    8,
                    5
                ],
                [
                    -5,
                    2,
                    7
                ],
                [
                    4,
                    8,
                    -5
                ],
                [
                    -10,
                    -8,
                    7
                ],
                [
                    9,
                    3,
                    -7
                ],
                [
                    -1,
                    3,
                    2
                ],
                [
                    2,
                    7,
                    -6
                ],
                [
                    9,
                    -5,
                    6
                ],
                [
                    4,
                    -7,
                    -3
                ],
                [
                    6,
                    -2,
                    1
                ],
                [
                    6,
                    3,
                    -5
                ],
                [
                    7,
                    4,
                    9
                ]
            ],
            "{   'fun': 1.0,\n    'jac': None,\n    'nfev': 171,\n    'nit': 1,\n    'njev': 19,\n    'x': array([2.38164133, 0.12974805, 1.89946034, 1.7076058 , 0.67407158,\n       2.14035637, 1.74345149, 1.13463265])}",
            {
                "0000100100": 1,
                "1001101110": 1,
                "0011010001": 1,
                "0101111000": 1,
                "0110000110": 1,
                "1010111001": 1,
                "1011111101": 1,
                "1101000001": 1,
                "0000000010": 1,
                "1001011111": 1,
                "1110100111": 1,
                "0110111000": 1,
                "0001001011": 1,
                "1001101011": 1,
                "1000110111": 1,
                "0011101111": 1,
                "0000101100": 1,
                "0000110000": 1,
                "1110001010": 1,
                "0100111110": 1,
                "1111111100": 1,
                "1000110101": 1,
                "0110010000": 1,
                "1110101110": 1,
                "0110111010": 1,
                "0010000000": 1,
                "1111010000": 1,
                "0000100011": 1,
                "0000111011": 1,
                "1011100010": 1,
                "1011101001": 1,
                "1011110101": 1,
                "0000001100": 1,
                "0001101100": 1,
                "1100011001": 1,
                "0111110000": 1,
                "0110010011": 1,
                "1110101001": 1,
                "1111111011": 1,
                "0000010000": 1,
                "0010000010": 1,
                "0101011110": 1,
                "0010011101": 1,
                "1011100000": 1,
                "0001100110": 1,
                "1001010110": 1,
                "0100011100": 1,
                "1011111110": 1,
                "0101011001": 1,
                "0001000000": 1,
                "1101001100": 2,
                "0001100011": 1,
                "1010010110": 1,
                "1111001000": 1,
                "1101111110": 1,
                "0001101101": 1,
                "0110000010": 1,
                "1000010010": 1,
                "1111110111": 1,
                "1101110110": 1,
                "1000110110": 1,
                "0111010101": 1,
                "1010100001": 1,
                "0000011111": 1,
                "0011001101": 1,
                "1111110101": 1,
                "1011010111": 1,
                "0101100100": 1,
                "1001000100": 1,
                "0000000100": 1,
                "1110010100": 1,
                "1100010100": 1,
                "1110011011": 1,
                "0000001010": 1,
                "1110001111": 1,
                "1111000011": 1,
                "0100111000": 1,
                "1111110011": 1,
                "1100011110": 1,
                "1001101111": 1,
                "0000010011": 1,
                "1101011100": 1,
                "1110001100": 1,
                "1011101111": 1,
                "0011110100": 1,
                "0110110101": 1,
                "1011010001": 2,
                "0110101001": 1,
                "0001001010": 1,
                "0111001010": 1,
                "0100111101": 1,
                "0110000011": 1,
                "0110100001": 1,
                "0011111000": 2,
                "1100000001": 1,
                "1000010001": 1,
                "0011001011": 1
            },
            false,
            0.95
        ]
    ]
}