{
    "n": 10,
    "m": 45,
    "results": [
        [
            [
                [
                    -9,
                    5,
                    8
                ],
                [
                    -1,
                    -5,
                    -10
                ],
                [
                    -4,
                    -3,
                    -1
                ],
                [
                    1,
                    5,
                    -2
                ],
                [
                    -5,
                    -8,
                    4
                ],
                [
                    2,
                    -9,
                    6
                ],
                [
                    4,
                    5,
                    -2
                ],
                [
                    -1,
                    -5,
                    3
                ],
                [
                    -3,
                    4,
                    2
                ],
                [
                    1,
                    -7,
                    9
                ],
                [
                    1,
                    3,
                    6
                ],
                [
                    -1,
                    -9,
                    7
                ],
                [
                    7,
                    5,
                    -4
                ],
                [
                    -7,
                    -9,
                    -4
                ],
                [
                    8,
                    7,
                    -10
                ],
                [
                    1,
                    -7,
                    3
                ],
                [
                    5,
                    10,
                    3
                ],
                [
                    9,
                    -6,
                    -2
                ],
                [
                    -1,
                    -8,
                    -3
                ],
                [
                    -4,
                    8,
                    -7
                ],
                [
                    3,
                    -7,
                    -2
                ],
                [
                    8,
                    -2,
                    -10
                ],
                [
                    -2,
                    -10,
                    9
                ],
                [
                    -4,
                    2,
                    7
                ],
                [
                    -4,
                    -2,
                    1
                ],
                [
                    -4,
                    -2,
                    -7
                ],
                [
                    1,
                    -3,
                    -5
                ],
                [
                    -9,
                    6,
                    4
                ],
                [
                    -7,
                    -9,
                    -1
                ],
                [
                    9,
                    8,
                    -6
                ],
                [
                    5,
                    -10,
                    2
                ],
                [
                    2,
                    9,
                    -4
                ],
                [
                    6,
                    -4,
                    1
                ],
                [
                    4,
                    6,
                    -7
                ],
                [
                    4,
                    8,
                    2
                ],
                [
                    3,
                    -2,
                    -9
                ],
                [
                    7,
                    -8,
                    -9
                ],
                [
                    -5,
                    9,
                    -2
                ],
                [
                    -4,
                    2,
                    -9
                ],
                [
                    -1,
                    -2,
                    3
                ],
                [
                    7,
                    4,
                    10
                ],
                [
                    -3,
                    -1,
                    -7
                ],
                [
                    -4,
                    -3,
                    -6
                ],
                [
                    -1,
                    -3,
                    2
                ],
                [
                    -9,
                    -5,
                    -4
                ]
            ],
            "{   'fun': 6.73,\n    'jac': None,\n    'nfev': 140,\n    'nit': 3,\n    'njev': 28,\n    'x': array([0.52740338, 0.17713379, 0.19211635, 0.02383612])}",
            {
                "0001101101": 1,
                "0010111011": 1,
                "0111100010": 1,
                "1010001011": 1,
                "1001001001": 1,
                "0111100001": 1,
                "1111101100": 1,
                "0011101000": 1,
                "1111000000": 1,
                "1001100001": 1,
                "0110011111": 1,
                "0000011011": 2,
                "1110001010": 1,
                "0111011010": 1,
                "0000011111": 2,
                "0001111010": 1,
                "1111000001": 1,
                "0111000111": 2,
                "0101000010": 1,
                "1011001101": 1,
                "1110011011": 1,
                "0001110011": 1,
                "1001000001": 1,
                "0110100010": 1,
                "0111100011": 2,
                "1001001101": 2,
                "1110001100": 1,
                "0110111001": 1,
                "0001101111": 1,
                "1001011101": 1,
                "1000001101": 1,
                "0001011111": 2,
                "0111001011": 1,
                "0001111111": 1,
                "0111110010": 1,
                "1110011010": 1,
                "1111001100": 5,
                "1001000101": 3,
                "0001100000": 1,
                "1100001101": 1,
                "0010101000": 1,
                "0110001101": 1,
                "1100011111": 2,
                "0001101000": 1,
                "0111011111": 3,
                "1110001101": 1,
                "1101011011": 1,
                "1100110010": 1,
                "0111100000": 1,
                "1100111011": 1,
                "0001110111": 1,
                "0000101011": 1,
                "0110101111": 1,
                "1001111010": 1,
                "1001011000": 1,
                "1101100000": 1,
                "1001001100": 1,
                "1001011010": 1,
                "1111000101": 1,
                "1100000011": 1,
                "0111000011": 1,
                "1101111010": 1,
                "0001100101": 1,
                "0110110010": 2,
                "1110011100": 1,
                "1101111011": 1,
                "0000101001": 1,
                "0101000100": 1,
                "1111101010": 1,
                "1110101011": 1,
                "1111100001": 1,
                "0011011111": 1,
                "0111110011": 1,
                "0001001101": 2,
                "1000111111": 1,
                "1110001000": 1,
                "1111101000": 1,
                "1100000000": 1,
                "0111101010": 2,
                "1001000000": 1,
                "0110100011": 1,
                "1101100010": 1
            },
            false,
            4.55
        ],
        [
            [
                [
                    -2,
                    -8,
                    -4
                ],
                [
                    -5,
                    -9,
                    -8
                ],
                [
                    -8,
                    3,
                    9
                ],
                [
                    -9,
                    -6,
                    3
                ],
                [
                    10,
                    5,
                    9
                ],
                [
                    5,
                    -3,
                    -4
                ],
                [
                    8,
                    6,
                    7
                ],
                [
                    -4,
                    5,
                    -6
                ],
                [
                    7,
                    -5,
                    2
                ],
                [
                    -9,
                    -2,
                    -8
                ],
                [
                    -1,
                    -10,
                    -7
                ],
                [
                    2,
                    3,
                    8
                ],
                [
                    3,
                    -4,
                    7
                ],
                [
                    -6,
                    7,
                    4
                ],
                [
                    8,
                    -7,
                    -9
                ],
                [
                    -2,
                    7,
                    -9
                ],
                [
                    6,
                    -9,
                    -4
                ],
                [
                    -3,
                    7,
                    -1
                ],
                [
                    7,
                    -1,
                    -2
                ],
                [
                    -9,
                    -6,
                    10
                ],
                [
                    3,
                    6,
                    -10
                ],
                [
                    -4,
                    -10,
                    -5
                ],
                [
                    -5,
                    7,
                    -4
                ],
                [
                    -6,
                    -8,
                    2
                ],
                [
                    -1,
                    3,
                    4
                ],
                [
                    6,
                    4,
                    3
                ],
                [
                    2,
                    -6,
                    -10
                ],
                [
                    6,
                    3,
                    1
                ],
                [
                    3,
                    -9,
                    -10
                ],
                [
                    -8,
                    -10,
                    -9
                ],
                [
                    -9,
                    4,
                    8
                ],
                [
                    3,
                    -5,
                    9
                ],
                [
                    5,
                    -6,
                    -3
                ],
                [
                    1,
                    9,
                    5
                ],
                [
                    -4,
                    -9,
                    1
                ],
                [
                    -4,
                    5,
                    9
                ],
                [
                    3,
                    1,
                    8
                ],
                [
                    -1,
                    -2,
                    -8
                ],
                [
                    2,
                    8,
                    1
                ],
                [
                    -4,
                    9,
                    7
                ],
                [
                    7,
                    -8,
                    -10
                ],
                [
                    -1,
                    3,
                    4
                ],
                [
                    2,
                    10,
                    4
                ],
                [
                    -3,
                    -10,
                    -8
                ],
                [
                    -2,
                    -6,
                    9
                ]
            ],
            "{   'fun': 4.82,\n    'jac': None,\n    'nfev': 115,\n    'nit': 3,\n    'njev': 23,\n    'x': array([1.66665283, 1.05872152, 1.2178049 , 0.12920758])}",
            {
                "1101000101": 1,
                "1100010101": 1,
                "0100011110": 1,
                "0010101111": 1,
                "1110001101": 1,
                "1011000000": 1,
                "1110101111": 1,
                "0001011110": 1,
                "0101100011": 1,
                "1111101110": 1,
                "0011000110": 1,
                "0011111111": 1,
                "0000001001": 2,
                "0000101000": 1,
                "0101110000": 1,
                "0001000110": 1,
                "0101000110": 1,
                "0010101101": 1,
                "0111001011": 1,
                "0000010101": 1,
                "1101010000": 1,
                "1001001010": 1,
                "0110101001": 1,
                "0000110101": 1,
                "1111010000": 1,
                "0001010101": 1,
                "1001011010": 1,
                "0001110110": 1,
                "1000001010": 1,
                "0110001110": 1,
                "0000111011": 1,
                "1111101010": 1,
                "0110101100": 1,
                "0000000110": 2,
                "0011011101": 1,
                "0101101100": 1,
                "1100011000": 1,
                "1101110000": 1,
                "1000101100": 2,
                "0010101000": 1,
                "0100011001": 1,
                "1001001001": 1,
                "1101000001": 1,
                "0111110101": 1,
                "1000000010": 1,
                "1101001010": 1,
                "1010010001": 1,
                "1101001011": 1,
                "0110101010": 1,
                "1100111010": 1,
                "1000001110": 1,
                "0000000000": 1,
                "1101001101": 1,
                "1111101100": 1,
                "1100011110": 2,
                "0110001011": 1,
                "0110111001": 2,
                "1000001111": 1,
                "0110111000": 1,
                "1011000011": 1,
                "0011100111": 3,
                "1101101000": 1,
                "0100111100": 1,
                "0101011101": 1,
                "1101100100": 1,
                "0000011101": 1,
                "1011101110": 1,
                "0101010001": 1,
                "0010110101": 1,
                "0000000011": 1,
                "0111101111": 1,
                "1000101110": 1,
                "1111101000": 1,
                "0110101000": 2,
                "0001001001": 1,
                "0100111101": 1,
                "0111001010": 1,
                "1001010001": 1,
                "0001010110": 1,
                "0110001100": 1,
                "0010001110": 1,
                "1110100000": 1,
                "0001011010": 1,
                "1101000010": 1,
                "1101010111": 1,
                "1011001110": 1,
                "1001100101": 1,
                "1011010111": 1,
                "0101100100": 2,
                "0101111001": 1,
                "1000111111": 1
            },
            false,
            4.24
        ],
        [
            [
                [
                    5,
                    -7,
                    2
                ],
                [
                    -6,
                    -7,
                    1
                ],
                [
                    10,
                    1,
                    -4
                ],
                [
                    1,
                    -10,
                    3
                ],
                [
                    8,
                    3,
                    -2
                ],
                [
                    -3,
                    2,
                    -7
                ],
                [
                    -6,
                    -3,
                    1
                ],
                [
                    -2,
                    -5,
                    -6
                ],
                [
                    5,
                    -1,
                    -9
                ],
                [
                    -6,
                    5,
                    -4
                ],
                [
                    -6,
                    -3,
                    -2
                ],
                [
                    -5,
                    10,
                    9
                ],
                [
                    7,
                    -6,
                    3
                ],
                [
                    3,
                    -4,
                    8
                ],
                [
                    6,
                    2,
                    9
                ],
                [
                    -9,
                    4,
                    10
                ],
                [
                    -1,
                    7,
                    4
                ],
                [
                    8,
                    5,
                    -2
                ],
                [
                    -7,
                    4,
                    -1
                ],
                [
                    -2,
                    3,
                    7
                ],
                [
                    -5,
                    7,
                    9
                ],
                [
                    7,
                    -8,
                    -1
                ],
                [
                    -4,
                    5,
                    -7
                ],
                [
                    1,
                    10,
                    -5
                ],
                [
                    4,
                    1,
                    -2
                ],
                [
                    -7,
                    2,
                    10
                ],
                [
                    1,
                    -6,
                    -5
                ],
                [
                    7,
                    -2,
                    -8
                ],
                [
                    -8,
                    6,
                    -3
                ],
                [
                    -8,
                    5,
                    10
                ],
                [
                    1,
                    4,
                    2
                ],
                [
                    -2,
                    -10,
                    9
                ],
                [
                    -1,
                    2,
                    -5
                ],
                [
                    -2,
                    -1,
                    -3
                ],
                [
                    2,
                    8,
                    7
                ],
                [
                    10,
                    -3,
                    -5
                ],
                [
                    6,
                    -4,
                    2
                ],
                [
                    7,
                    -6,
                    9
                ],
                [
                    7,
                    2,
                    5
                ],
                [
                    -4,
                    -7,
                    9
                ],
                [
                    -1,
                    -2,
                    8
                ],
                [
                    -1,
                    -4,
                    -8
                ],
                [
                    -5,
                    10,
                    2
                ],
                [
                    -4,
                    3,
                    -9
                ],
                [
                    3,
                    6,
                    -1
                ]
            ],
            "{   'fun': 4.81,\n    'jac': None,\n    'nfev': 115,\n    'nit': 3,\n    'njev': 23,\n    'x': array([1.33487728, 1.00901108, 0.22807909, 0.60074887])}",
            {
                "0101011001": 1,
                "0000010100": 1,
                "0011100010": 1,
                "1111011110": 1,
                "0001100111": 1,
                "0100001101": 1,
                "0100110111": 1,
                "1111110011": 1,
                "1000111100": 1,
                "1100001000": 1,
                "0011000000": 1,
                "1111011000": 1,
                "1001111111": 2,
                "0100101111": 1,
                "0100101101": 1,
                "1100000100": 1,
                "0111000110": 1,
                "0110011011": 1,
                "0000111100": 2,
                "0100001100": 5,
                "1011111110": 1,
                "0110001101": 1,
                "1101011011": 1,
                "0101110111": 2,
                "1001111110": 2,
                "0111100011": 1,
                "1010000000": 1,
                "1111100010": 1,
                "0010100011": 2,
                "0111100110": 1,
                "0011000111": 1,
                "0001111100": 1,
                "0111000010": 3,
                "1101111100": 1,
                "0011010101": 1,
                "0000101110": 1,
                "0111110010": 1,
                "1010111111": 1,
                "1011110011": 6,
                "1011000011": 1,
                "1111010001": 1,
                "0100111100": 1,
                "1101101000": 1,
                "0011100111": 1,
                "1011110111": 1,
                "0111000000": 2,
                "0100000100": 2,
                "1101101111": 1,
                "0100010000": 1,
                "1101001000": 1,
                "0101000000": 1,
                "0000000000": 1,
                "0011010011": 2,
                "1000001100": 1,
                "0111100111": 3,
                "0111110011": 1,
                "1000111111": 1,
                "1010110000": 1,
                "0101010110": 1,
                "1011000001": 1,
                "0000000111": 1,
                "1111001011": 1,
                "0010000000": 1,
                "1100011100": 1,
                "1011110001": 1,
                "1000111101": 5,
                "1011010101": 1,
                "1001111101": 1,
                "0000100101": 1,
                "1000010000": 1,
                "0111101110": 1,
                "1010111011": 2,
                "0000010101": 2
            },
            false,
            3.9
        ],
        [
            [
                [
                    -9,
                    -8,
                    -7
                ],
                [
                    6,
                    1,
                    9
                ],
                [
                    8,
                    5,
                    1
                ],
                [
                    1,
                    4,
                    -10
                ],
                [
                    7,
                    9,
                    -4
                ],
                [
                    9,
                    1,
                    5
                ],
                [
                    -5,
                    3,
                    4
                ],
                [
                    -4,
                    -9,
                    5
                ],
                [
                    -2,
                    3,
                    -8
                ],
                [
                    -2,
                    -7,
                    4
                ],
                [
                    8,
                    10,
                    -3
                ],
                [
                    -1,
                    7,
                    -9
                ],
                [
                    -2,
                    -7,
                    10
                ],
                [
                    10,
                    5,
                    -2
                ],
                [
                    1,
                    -4,
                    10
                ],
                [
                    -4,
                    -3,
                    10
                ],
                [
                    -2,
                    1,
                    3
                ],
                [
                    -9,
                    -5,
                    8
                ],
                [
                    -10,
                    4,
                    -3
                ],
                [
                    -3,
                    -9,
                    -5
                ],
                [
                    6,
                    -9,
                    8
                ],
                [
                    -9,
                    8,
                    -4
                ],
                [
                    -2,
                    -8,
                    10
                ],
                [
                    5,
                    -10,
                    -6
                ],
                [
                    8,
                    2,
                    -10
                ],
                [
                    -1,
                    -7,
                    3
                ],
                [
                    -2,
                    -1,
                    8
                ],
                [
                    -3,
                    7,
                    4
                ],
                [
                    -3,
                    4,
                    -10
                ],
                [
                    4,
                    -9,
                    -7
                ],
                [
                    7,
                    -8,
                    2
                ],
                [
                    3,
                    -10,
                    2
                ],
                [
                    5,
                    -8,
                    -10
                ],
                [
                    6,
                    -10,
                    -4
                ],
                [
                    -2,
                    1,
                    8
                ],
                [
                    -1,
                    5,
                    -9
                ],
                [
                    2,
                    9,
                    -7
                ],
                [
                    10,
                    5,
                    -9
                ],
                [
                    -4,
                    -2,
                    -3
                ],
                [
                    -10,
                    -6,
                    -7
                ],
                [
                    -6,
                    8,
                    -4
                ],
                [
                    -2,
                    -10,
                    -8
                ],
                [
                    -5,
                    -2,
                    -8
                ],
                [
                    -1,
                    -8,
                    10
                ],
                [
                    6,
                    4,
                    10
                ]
            ],
            "{   'fun': 5.67,\n    'jac': None,\n    'nfev': 110,\n    'nit': 2,\n    'njev': 22,\n    'x': array([2.08535409, 2.61884775, 1.29102236, 2.15145653])}",
            {
                "0011010011": 1,
                "0100111001": 1,
                "1000110100": 1,
                "0001000011": 1,
                "1100100001": 1,
                "1100110001": 1,
                "0001100111": 1,
                "1110001000": 1,
                "0110110000": 1,
                "1111101001": 2,
                "1001000000": 1,
                "1010010110": 1,
                "1101100001": 2,
                "0011100001": 1,
                "1111100001": 1,
                "0011110101": 1,
                "0010000110": 1,
                "1100110101": 1,
                "1110101101": 1,
                "0001111001": 1,
                "1001000101": 1,
                "1000110000": 3,
                "0100010110": 1,
                "1010011100": 1,
                "1100010001": 2,
                "0010111000": 1,
                "0111111100": 1,
                "1001100000": 1,
                "0001101111": 2,
                "0011101001": 1,
                "0110010110": 1,
                "1100001000": 1,
                "0011110111": 1,
                "1001100001": 2,
                "0000000111": 1,
                "0111000111": 2,
                "1110110101": 1,
                "1010010000": 1,
                "0010001111": 1,
                "1000100100": 1,
                "0000000110": 1,
                "1000111100": 1,
                "1010011010": 1,
                "0011100111": 1,
                "0010111100": 2,
                "1001101001": 3,
                "0001111101": 1,
                "1001000010": 1,
                "1011101101": 2,
                "0000110000": 1,
                "0001100100": 1,
                "1000100001": 1,
                "1101111001": 1,
                "0000111101": 1,
                "0011101111": 1,
                "1001101100": 1,
                "1000010100": 1,
                "0101110111": 1,
                "1001110100": 1,
                "1010111101": 1,
                "1001100100": 1,
                "0000010000": 1,
                "1001100111": 1,
                "0100110001": 1,
                "0001110111": 2,
                "1011101000": 1,
                "0110111000": 1,
                "0000010010": 1,
                "0001110100": 1,
                "1101110001": 4,
                "1011101011": 1,
                "0101011000": 1,
                "0111001111": 1,
                "0111110000": 2,
                "1101110101": 1,
                "0011001100": 1,
                "1001111101": 1,
                "0010110111": 1,
                "0101100100": 1,
                "0000000000": 1,
                "0000100100": 1,
                "0101011100": 1,
                "0110000110": 1
            },
            false,
            3.25
        ],
        [
            [
                [
                    -2,
                    8,
                    -6
                ],
                [
                    -1,
                    3,
                    -6
                ],
                [
                    7,
                    -6,
                    -9
                ],
                [
                    4,
                    8,
                    3
                ],
                [
                    5,
                    9,
                    6
                ],
                [
                    -2,
                    9,
                    6
                ],
                [
                    9,
                    7,
                    -6
                ],
                [
                    -9,
                    2,
                    -8
                ],
                [
                    -5,
                    -4,
                    8
                ],
                [
                    -2,
                    8,
                    -1
                ],
                [
                    2,
                    -3,
                    -10
                ],
                [
                    2,
                    4,
                    9
                ],
                [
                    4,
                    -6,
                    -3
                ],
                [
                    -4,
                    -7,
                    -6
                ],
                [
                    3,
                    -6,
                    -2
                ],
                [
                    -6,
                    3,
                    -8
                ],
                [
                    10,
                    7,
                    5
                ],
                [
                    2,
                    10,
                    -4
                ],
                [
                    5,
                    -4,
                    -2
                ],
                [
                    7,
                    10,
                    5
                ],
                [
                    -8,
                    3,
                    -1
                ],
                [
                    -1,
                    -2,
                    -9
                ],
                [
                    9,
                    4,
                    -3
                ],
                [
                    -6,
                    2,
                    -8
                ],
                [
                    -8,
                    10,
                    3
                ],
                [
                    7,
                    -8,
                    -6
                ],
                [
                    -3,
                    5,
                    4
                ],
                [
                    -10,
                    -6,
                    8
                ],
                [
                    -9,
                    -5,
                    -10
                ],
                [
                    -9,
                    -5,
                    10
                ],
                [
                    -1,
                    7,
                    4
                ],
                [
                    4,
                    5,
                    -8
                ],
                [
                    -3,
                    -9,
                    -10
                ],
                [
                    -9,
                    -2,
                    6
                ],
                [
                    -5,
                    4,
                    2
                ],
                [
                    8,
                    7,
                    -9
                ],
                [
                    -10,
                    -6,
                    8
                ],
                [
                    9,
                    -6,
                    -8
                ],
                [
                    -9,
                    -8,
                    4
                ],
                [
                    7,
                    -9,
                    3
                ],
                [
                    -10,
                    8,
                    1
                ],
                [
                    -9,
                    6,
                    1
                ],
                [
                    2,
                    -6,
                    -5
                ],
                [
                    -6,
                    -1,
                    -4
                ],
                [
                    -4,
                    9,
                    10
                ]
            ],
            "{   'fun': 4.47,\n    'jac': None,\n    'nfev': 115,\n    'nit': 2,\n    'njev': 23,\n    'x': array([0.716448  , 1.38960714, 0.39597785, 2.91552793])}",
            {
                "0010101000": 1,
                "0010101100": 1,
                "0100101001": 1,
                "0111101001": 1,
                "1111001000": 1,
                "1000010110": 1,
                "0011100111": 1,
                "1011101100": 1,
                "0011100011": 1,
                "0000000001": 1,
                "0101101010": 2,
                "0011101111": 1,
                "1000000010": 1,
                "0111101000": 1,
                "0101011100": 1,
                "0011101100": 1,
                "1111001001": 1,
                "0010111110": 1,
                "1010001011": 1,
                "1100001110": 1,
                "0001001110": 1,
                "1010100111": 1,
                "0011001010": 1,
                "1111011111": 1,
                "0011101011": 1,
                "1110100100": 1,
                "0000101010": 1,
                "0011000111": 1,
                "1111101110": 1,
                "1010001100": 1,
                "1101100000": 1,
                "1001001100": 1,
                "1100110010": 1,
                "1001111100": 1,
                "0110001001": 2,
                "1010100101": 1,
                "0110011000": 1,
                "1110101011": 1,
                "1001001001": 1,
                "0110000100": 2,
                "0101100100": 1,
                "1011001000": 2,
                "0111001101": 2,
                "1001001000": 1,
                "1011111000": 2,
                "0100100010": 1,
                "0101101100": 1,
                "0101001011": 1,
                "0110001100": 1,
                "0000101110": 1,
                "1001101010": 1,
                "0110000001": 1,
                "1101101110": 1,
                "1100000100": 1,
                "1101101101": 1,
                "0011001101": 1,
                "0011101001": 4,
                "0111101101": 1,
                "1011111001": 1,
                "0111100000": 1,
                "0001001100": 1,
                "0101001000": 1,
                "1001001101": 1,
                "0001011111": 1,
                "1111010011": 1,
                "0100011000": 1,
                "1011001010": 1,
                "0111101100": 2,
                "0010000000": 2,
                "1101101011": 1,
                "0010001001": 1,
                "0110101000": 1,
                "1111001110": 1,
                "0111101011": 1,
                "0001100101": 1,
                "1100001001": 1,
                "1110101010": 1,
                "0110101100": 1,
                "0101110001": 1,
                "1101101010": 1,
                "1011110101": 1,
                "1111000101": 1,
                "0001100001": 1,
                "0001001011": 1,
                "0010101101": 1,
                "0110101101": 2,
                "1110101110": 1,
                "1011001011": 1
            },
            false,
            3.78
        ]
    ]
}