{
    "n": 10,
    "m": 45,
    "results": [
        [
            [
                [
                    -8,
                    -9,
                    1
                ],
                [
                    2,
                    8,
                    -6
                ],
                [
                    -10,
                    -9,
                    1
                ],
                [
                    -6,
                    3,
                    -5
                ],
                [
                    -6,
                    9,
                    -2
                ],
                [
                    -8,
                    10,
                    6
                ],
                [
                    -2,
                    -7,
                    8
                ],
                [
                    -7,
                    6,
                    -1
                ],
                [
                    -7,
                    -3,
                    4
                ],
                [
                    -2,
                    -3,
                    7
                ],
                [
                    -1,
                    -6,
                    -9
                ],
                [
                    -1,
                    5,
                    -6
                ],
                [
                    -7,
                    -4,
                    -3
                ],
                [
                    -9,
                    -2,
                    7
                ],
                [
                    -5,
                    4,
                    9
                ],
                [
                    -6,
                    -7,
                    -10
                ],
                [
                    3,
                    5,
                    2
                ],
                [
                    8,
                    7,
                    -3
                ],
                [
                    1,
                    -9,
                    -10
                ],
                [
                    3,
                    6,
                    2
                ],
                [
                    3,
                    8,
                    5
                ],
                [
                    4,
                    3,
                    -2
                ],
                [
                    -4,
                    10,
                    -7
                ],
                [
                    7,
                    -4,
                    6
                ],
                [
                    -2,
                    -5,
                    4
                ],
                [
                    -5,
                    8,
                    -7
                ],
                [
                    -7,
                    -6,
                    1
                ],
                [
                    -3,
                    -1,
                    5
                ],
                [
                    1,
                    8,
                    -6
                ],
                [
                    -2,
                    -6,
                    7
                ],
                [
                    5,
                    2,
                    10
                ],
                [
                    5,
                    8,
                    4
                ],
                [
                    -5,
                    -4,
                    -9
                ],
                [
                    3,
                    -6,
                    5
                ],
                [
                    -4,
                    8,
                    7
                ],
                [
                    5,
                    8,
                    4
                ],
                [
                    8,
                    1,
                    9
                ],
                [
                    -6,
                    -1,
                    -4
                ],
                [
                    5,
                    -4,
                    -6
                ],
                [
                    -8,
                    -3,
                    -9
                ],
                [
                    -2,
                    -3,
                    -6
                ],
                [
                    -9,
                    2,
                    -10
                ],
                [
                    -1,
                    2,
                    -10
                ],
                [
                    -5,
                    -8,
                    7
                ],
                [
                    4,
                    5,
                    9
                ]
            ],
            "{   'fun': 5.02,\n    'jac': None,\n    'nfev': 105,\n    'nit': 0,\n    'njev': 21,\n    'x': array([2.58572401, 0.04774246, 1.62396976, 3.0400057 ])}",
            {
                "0101000110": 1,
                "1100000101": 1,
                "1101110101": 1,
                "0110100010": 1,
                "1101110000": 1,
                "0111000100": 1,
                "0010100101": 1,
                "1001101110": 1,
                "1110010111": 1,
                "0100111111": 1,
                "1001111100": 1,
                "0000100100": 1,
                "1110000001": 1,
                "1010100101": 1,
                "1000000011": 1,
                "0010110111": 1,
                "0101111111": 1,
                "0001011001": 1,
                "0001000011": 1,
                "1100111111": 1,
                "1011101100": 1,
                "1100100010": 1,
                "0101010000": 1,
                "0101010001": 1,
                "0011010011": 1,
                "0001011011": 1,
                "0010101001": 1,
                "1010110100": 2,
                "1010001100": 1,
                "1011111011": 1,
                "0010110100": 1,
                "1011010111": 1,
                "1100010000": 2,
                "0000011100": 1,
                "0011100000": 2,
                "1001110111": 1,
                "1010010110": 1,
                "1010100000": 3,
                "0101010101": 2,
                "1111010000": 1,
                "1110111101": 1,
                "1101000101": 1,
                "0100100011": 2,
                "0010110000": 1,
                "0001011010": 1,
                "1010001101": 1,
                "1100101100": 1,
                "0000110000": 1,
                "0000111111": 1,
                "1010111100": 1,
                "0111110100": 1,
                "0000010100": 1,
                "0011110100": 1,
                "0010111110": 1,
                "1100101001": 1,
                "0101110111": 1,
                "1110010011": 1,
                "0110010000": 1,
                "0101101111": 1,
                "0000101101": 1,
                "1000000110": 1,
                "0001010111": 1,
                "0110000110": 1,
                "1110111100": 1,
                "0101001011": 1,
                "0010000101": 1,
                "1110101100": 1,
                "1001110001": 1,
                "0001101011": 1,
                "1000110101": 1,
                "0100101101": 1,
                "1100011001": 1,
                "0001001001": 2,
                "1100011011": 1,
                "1101111111": 1,
                "0010001000": 1,
                "1101110001": 1,
                "1000011011": 1,
                "0100011111": 1,
                "0110011000": 1,
                "1010001011": 1,
                "0101010100": 2,
                "1110111111": 1,
                "1000110111": 1,
                "1011011100": 1,
                "0001101111": 1,
                "0011101001": 1,
                "1000100101": 1,
                "0100011100": 2,
                "1100100011": 1
            },
            false,
            4.93
        ],
        [
            [
                [
                    -3,
                    2,
                    7
                ],
                [
                    -2,
                    7,
                    10
                ],
                [
                    4,
                    -5,
                    -10
                ],
                [
                    -8,
                    3,
                    -6
                ],
                [
                    4,
                    2,
                    -7
                ],
                [
                    -4,
                    9,
                    -10
                ],
                [
                    -2,
                    3,
                    6
                ],
                [
                    10,
                    -5,
                    1
                ],
                [
                    -3,
                    6,
                    7
                ],
                [
                    -2,
                    10,
                    3
                ],
                [
                    4,
                    8,
                    7
                ],
                [
                    -4,
                    10,
                    -1
                ],
                [
                    7,
                    -10,
                    8
                ],
                [
                    7,
                    -8,
                    -9
                ],
                [
                    -3,
                    1,
                    -5
                ],
                [
                    3,
                    1,
                    4
                ],
                [
                    -1,
                    10,
                    -4
                ],
                [
                    -1,
                    -3,
                    -9
                ],
                [
                    9,
                    5,
                    -3
                ],
                [
                    -10,
                    -1,
                    4
                ],
                [
                    7,
                    5,
                    -4
                ],
                [
                    5,
                    -1,
                    -8
                ],
                [
                    4,
                    2,
                    3
                ],
                [
                    6,
                    8,
                    9
                ],
                [
                    5,
                    -7,
                    10
                ],
                [
                    -2,
                    -8,
                    -7
                ],
                [
                    -1,
                    10,
                    9
                ],
                [
                    -5,
                    1,
                    3
                ],
                [
                    -4,
                    10,
                    7
                ],
                [
                    -1,
                    -9,
                    -6
                ],
                [
                    -9,
                    5,
                    -4
                ],
                [
                    10,
                    -1,
                    -3
                ],
                [
                    8,
                    10,
                    -1
                ],
                [
                    -2,
                    -4,
                    -9
                ],
                [
                    -8,
                    -1,
                    -6
                ],
                [
                    7,
                    8,
                    -10
                ],
                [
                    -10,
                    3,
                    5
                ],
                [
                    -4,
                    -7,
                    -5
                ],
                [
                    -3,
                    9,
                    -5
                ],
                [
                    -10,
                    2,
                    8
                ],
                [
                    -5,
                    -4,
                    -6
                ],
                [
                    1,
                    -10,
                    -7
                ],
                [
                    6,
                    8,
                    4
                ],
                [
                    2,
                    -5,
                    8
                ],
                [
                    -5,
                    1,
                    4
                ]
            ],
            "{   'fun': 5.48,\n    'jac': None,\n    'nfev': 105,\n    'nit': 0,\n    'njev': 21,\n    'x': array([1.6666536 , 1.0587211 , 1.21780493, 0.12920819])}",
            {
                "0110010100": 1,
                "1101001100": 1,
                "1000000101": 1,
                "1100001110": 1,
                "0110110011": 1,
                "1000010011": 1,
                "1011001001": 1,
                "1010111011": 1,
                "0000101111": 1,
                "1011101110": 1,
                "0101111101": 1,
                "1100010100": 1,
                "0010001111": 1,
                "0110111010": 1,
                "0010010011": 1,
                "0111100110": 1,
                "1101101100": 1,
                "0001000101": 1,
                "0111001100": 1,
                "0001100010": 1,
                "1000010101": 1,
                "1000010000": 1,
                "0000101011": 1,
                "1011101000": 1,
                "1010100000": 1,
                "0010010111": 1,
                "1101100100": 1,
                "0110010101": 1,
                "1101001101": 1,
                "1000100100": 1,
                "1000101110": 1,
                "0011110111": 1,
                "1011100100": 1,
                "1001110101": 1,
                "0110110100": 1,
                "0011110001": 1,
                "1110011000": 2,
                "0100100101": 1,
                "0111100101": 1,
                "0010111011": 2,
                "0011010101": 1,
                "1101111100": 1,
                "1011000000": 1,
                "0110011011": 1,
                "1100111010": 1,
                "0001011000": 1,
                "0000111111": 1,
                "0110110110": 1,
                "1011010010": 1,
                "0100010010": 1,
                "0111101011": 1,
                "1100100101": 1,
                "0001111000": 1,
                "0011011000": 1,
                "1101110001": 1,
                "0111111101": 1,
                "1110100101": 1,
                "0011111110": 1,
                "1110110100": 1,
                "0100001111": 1,
                "1010111010": 1,
                "0101011001": 1,
                "0111010101": 1,
                "1001110100": 1,
                "0001001100": 3,
                "1001001011": 1,
                "1110001100": 1,
                "1001111110": 1,
                "0010111110": 1,
                "1000001010": 1,
                "1110101101": 2,
                "0101101111": 1,
                "0101110010": 1,
                "1101011001": 1,
                "0100111010": 1,
                "0011001000": 1,
                "0001110011": 1,
                "0111111000": 1,
                "1000101010": 1,
                "1111111110": 1,
                "1001011111": 1,
                "1100110111": 1,
                "0110010111": 1,
                "0001011110": 1,
                "1111101111": 1,
                "0111011011": 1,
                "1110110101": 1,
                "1100000011": 1,
                "0000001101": 1,
                "0000100100": 1,
                "0111000000": 1,
                "0000010011": 1,
                "1011010101": 1,
                "1001001010": 1,
                "1000100001": 1
            },
            false,
            4.57
        ],
        [
            [
                [
                    10,
                    6,
                    9
                ],
                [
                    2,
                    1,
                    -4
                ],
                [
                    2,
                    -6,
                    9
                ],
                [
                    -2,
                    7,
                    10
                ],
                [
                    8,
                    10,
                    -9
                ],
                [
                    -2,
                    -6,
                    -4
                ],
                [
                    2,
                    9,
                    -1
                ],
                [
                    8,
                    -7,
                    5
                ],
                [
                    -2,
                    -1,
                    -6
                ],
                [
                    -2,
                    5,
                    -4
                ],
                [
                    -3,
                    -5,
                    -2
                ],
                [
                    10,
                    -9,
                    -1
                ],
                [
                    8,
                    2,
                    -5
                ],
                [
                    -8,
                    7,
                    -5
                ],
                [
                    7,
                    -6,
                    -2
                ],
                [
                    -8,
                    -3,
                    9
                ],
                [
                    -5,
                    -10,
                    -3
                ],
                [
                    -10,
                    6,
                    -7
                ],
                [
                    -6,
                    3,
                    8
                ],
                [
                    -7,
                    -10,
                    -3
                ],
                [
                    -7,
                    -10,
                    -4
                ],
                [
                    5,
                    10,
                    -6
                ],
                [
                    2,
                    1,
                    -5
                ],
                [
                    2,
                    7,
                    -6
                ],
                [
                    2,
                    7,
                    5
                ],
                [
                    -1,
                    9,
                    4
                ],
                [
                    -1,
                    8,
                    -7
                ],
                [
                    -5,
                    -8,
                    -4
                ],
                [
                    -8,
                    -6,
                    -3
                ],
                [
                    7,
                    -4,
                    5
                ],
                [
                    -8,
                    2,
                    -5
                ],
                [
                    7,
                    -5,
                    8
                ],
                [
                    3,
                    -9,
                    5
                ],
                [
                    -2,
                    8,
                    -9
                ],
                [
                    -6,
                    -1,
                    7
                ],
                [
                    -5,
                    -10,
                    -4
                ],
                [
                    6,
                    -7,
                    3
                ],
                [
                    4,
                    9,
                    5
                ],
                [
                    -8,
                    -10,
                    6
                ],
                [
                    4,
                    -3,
                    10
                ],
                [
                    7,
                    6,
                    -5
                ],
                [
                    7,
                    -10,
                    3
                ],
                [
                    9,
                    6,
                    1
                ],
                [
                    5,
                    -1,
                    -7
                ],
                [
                    -10,
                    5,
                    -7
                ]
            ],
            "{   'fun': 4.86,\n    'jac': None,\n    'nfev': 120,\n    'nit': 2,\n    'njev': 24,\n    'x': array([1.3348767 , 1.00900931, 0.22807737, 0.60074685])}",
            {
                "0100001111": 1,
                "1001111110": 1,
                "0101011011": 2,
                "0111000101": 1,
                "0001000011": 1,
                "1100000110": 1,
                "1011000111": 1,
                "0010010011": 1,
                "0101000101": 1,
                "0110111110": 1,
                "1000010101": 1,
                "0101000100": 1,
                "0000101101": 1,
                "1101000100": 1,
                "1101111110": 1,
                "0111010100": 1,
                "1011111110": 1,
                "1011001101": 1,
                "0110000001": 1,
                "1001000010": 1,
                "1111110001": 1,
                "0100110100": 1,
                "1011000110": 1,
                "1011000010": 4,
                "0010000001": 1,
                "0011100010": 1,
                "0100111000": 1,
                "0100011001": 1,
                "0101111000": 1,
                "1100111110": 1,
                "0001110000": 1,
                "1110010011": 1,
                "1010101001": 1,
                "0101111110": 1,
                "1010010011": 1,
                "0111111001": 1,
                "1101111100": 1,
                "1011000100": 2,
                "0111010001": 1,
                "0011111101": 2,
                "1011000011": 3,
                "1010100010": 1,
                "0010111111": 1,
                "0001000110": 1,
                "1001010001": 1,
                "0000111110": 1,
                "1100111011": 1,
                "0011010001": 1,
                "1101111000": 2,
                "1011101100": 1,
                "1111101100": 1,
                "0010111110": 2,
                "1001111000": 1,
                "0101111100": 3,
                "0110100111": 1,
                "1100010000": 1,
                "1111110101": 1,
                "1111000000": 2,
                "0010110111": 1,
                "1000010111": 1,
                "1011110110": 1,
                "0100111011": 1,
                "0111000000": 1,
                "0100101101": 1,
                "1100110001": 2,
                "1001101110": 1,
                "0111000001": 2,
                "0010000000": 1,
                "1100011000": 1,
                "0101101100": 2,
                "1100100111": 1,
                "0001110100": 1,
                "0101001110": 1,
                "0001111111": 1,
                "0001111100": 1,
                "1101100011": 1,
                "0010010111": 1,
                "1010000010": 1,
                "1101001000": 1,
                "0011111111": 1,
                "1101101000": 1,
                "0011111001": 1,
                "1110111101": 1,
                "1000110100": 1
            },
            false,
            4.29
        ],
        [
            [
                [
                    9,
                    8,
                    3
                ],
                [
                    -6,
                    -1,
                    -10
                ],
                [
                    -3,
                    -8,
                    10
                ],
                [
                    9,
                    -2,
                    3
                ],
                [
                    -1,
                    10,
                    -4
                ],
                [
                    8,
                    1,
                    -4
                ],
                [
                    3,
                    7,
                    4
                ],
                [
                    7,
                    3,
                    4
                ],
                [
                    10,
                    9,
                    2
                ],
                [
                    -10,
                    -3,
                    -1
                ],
                [
                    -4,
                    -10,
                    5
                ],
                [
                    -5,
                    -7,
                    1
                ],
                [
                    5,
                    2,
                    8
                ],
                [
                    9,
                    -1,
                    -10
                ],
                [
                    9,
                    5,
                    -3
                ],
                [
                    -3,
                    6,
                    10
                ],
                [
                    7,
                    3,
                    -9
                ],
                [
                    2,
                    -6,
                    -8
                ],
                [
                    6,
                    -4,
                    9
                ],
                [
                    3,
                    10,
                    -2
                ],
                [
                    -8,
                    1,
                    -5
                ],
                [
                    6,
                    -1,
                    -2
                ],
                [
                    4,
                    6,
                    1
                ],
                [
                    -7,
                    -8,
                    -9
                ],
                [
                    9,
                    1,
                    10
                ],
                [
                    9,
                    3,
                    6
                ],
                [
                    -2,
                    -8,
                    -6
                ],
                [
                    -1,
                    -7,
                    -8
                ],
                [
                    4,
                    6,
                    3
                ],
                [
                    -9,
                    7,
                    -4
                ],
                [
                    -8,
                    3,
                    10
                ],
                [
                    -7,
                    10,
                    1
                ],
                [
                    -3,
                    4,
                    8
                ],
                [
                    9,
                    -1,
                    -6
                ],
                [
                    -2,
                    -7,
                    9
                ],
                [
                    10,
                    -1,
                    -8
                ],
                [
                    8,
                    -6,
                    -5
                ],
                [
                    3,
                    2,
                    8
                ],
                [
                    3,
                    1,
                    -10
                ],
                [
                    5,
                    8,
                    -10
                ],
                [
                    1,
                    -7,
                    -4
                ],
                [
                    5,
                    4,
                    9
                ],
                [
                    -8,
                    -1,
                    -7
                ],
                [
                    8,
                    10,
                    6
                ],
                [
                    6,
                    10,
                    2
                ]
            ],
            "{   'fun': 4.21,\n    'jac': None,\n    'nfev': 105,\n    'nit': 0,\n    'njev': 21,\n    'x': array([2.01627936, 0.45033675, 0.66518797, 0.09883824])}",
            {
                "1010110011": 1,
                "0110100111": 1,
                "0110010011": 1,
                "1110010011": 1,
                "0111111111": 2,
                "1100011010": 1,
                "1110110001": 1,
                "0101010101": 1,
                "0110000111": 1,
                "1101111011": 1,
                "1101110110": 1,
                "1011110111": 1,
                "0010000101": 1,
                "0110010110": 1,
                "0010010111": 1,
                "0100010110": 1,
                "1000001111": 1,
                "0110110101": 1,
                "0110011111": 1,
                "0110110010": 1,
                "0011000111": 1,
                "0011100110": 1,
                "0011100001": 1,
                "1110011011": 2,
                "1110011010": 1,
                "0111100000": 1,
                "0111111110": 2,
                "0100011001": 1,
                "0000100011": 1,
                "1101100001": 1,
                "1100011011": 1,
                "1101111111": 1,
                "0010111111": 1,
                "1100111011": 2,
                "1001010011": 1,
                "1101101011": 1,
                "1011100101": 1,
                "0000010010": 1,
                "1111010111": 1,
                "1001110111": 1,
                "0100000011": 1,
                "1010011010": 1,
                "1111110011": 1,
                "1111111110": 1,
                "0100110010": 1,
                "1110011111": 1,
                "0110111110": 1,
                "0100100111": 2,
                "0001010111": 2,
                "1000100011": 2,
                "1111111111": 1,
                "1110111011": 1,
                "0011110101": 1,
                "1110110011": 3,
                "1111101100": 1,
                "1010000111": 1,
                "1111110010": 2,
                "1111111011": 1,
                "1010110001": 2,
                "0010011111": 1,
                "0101000010": 1,
                "0011111100": 1,
                "0111001111": 1,
                "0011010010": 1,
                "1111010100": 1,
                "1001100011": 1,
                "1011100111": 1,
                "0110011010": 1,
                "0000010111": 1,
                "1010100001": 1,
                "0010100111": 1,
                "0111110011": 1,
                "1001011011": 1,
                "0011010110": 1,
                "1111011110": 1,
                "0011111011": 1,
                "0010100010": 1,
                "1110111111": 1,
                "1110110010": 1,
                "0111011111": 1,
                "1010001110": 1,
                "0000000001": 1,
                "1010100111": 3,
                "0010100100": 1,
                "0000001111": 1,
                "1110111010": 1,
                "1011010010": 1
            },
            false,
            3.79
        ],
        [
            [
                [
                    -1,
                    3,
                    2
                ],
                [
                    -1,
                    4,
                    -5
                ],
                [
                    -9,
                    -1,
                    -4
                ],
                [
                    9,
                    10,
                    4
                ],
                [
                    -9,
                    -8,
                    -10
                ],
                [
                    4,
                    -7,
                    -5
                ],
                [
                    -7,
                    -5,
                    -9
                ],
                [
                    4,
                    9,
                    6
                ],
                [
                    10,
                    5,
                    -7
                ],
                [
                    3,
                    8,
                    9
                ],
                [
                    3,
                    6,
                    -10
                ],
                [
                    -9,
                    2,
                    1
                ],
                [
                    -2,
                    5,
                    7
                ],
                [
                    -2,
                    7,
                    1
                ],
                [
                    9,
                    -8,
                    -6
                ],
                [
                    10,
                    -7,
                    -6
                ],
                [
                    4,
                    2,
                    7
                ],
                [
                    -10,
                    4,
                    6
                ],
                [
                    8,
                    -3,
                    -1
                ],
                [
                    2,
                    -9,
                    3
                ],
                [
                    -6,
                    8,
                    2
                ],
                [
                    6,
                    1,
                    -7
                ],
                [
                    -6,
                    2,
                    4
                ],
                [
                    7,
                    8,
                    3
                ],
                [
                    3,
                    2,
                    5
                ],
                [
                    -4,
                    -5,
                    1
                ],
                [
                    9,
                    -5,
                    6
                ],
                [
                    9,
                    7,
                    8
                ],
                [
                    4,
                    -7,
                    -6
                ],
                [
                    5,
                    -6,
                    -9
                ],
                [
                    4,
                    -10,
                    7
                ],
                [
                    2,
                    -9,
                    3
                ],
                [
                    -10,
                    -6,
                    3
                ],
                [
                    -1,
                    6,
                    -9
                ],
                [
                    10,
                    -8,
                    3
                ],
                [
                    8,
                    -3,
                    -1
                ],
                [
                    -8,
                    2,
                    4
                ],
                [
                    -10,
                    5,
                    -6
                ],
                [
                    -7,
                    1,
                    10
                ],
                [
                    -1,
                    -8,
                    6
                ],
                [
                    1,
                    -7,
                    8
                ],
                [
                    4,
                    7,
                    -6
                ],
                [
                    8,
                    3,
                    -5
                ],
                [
                    -3,
                    -7,
                    -6
                ],
                [
                    6,
                    4,
                    -2
                ]
            ],
            "{   'fun': 4.19,\n    'jac': None,\n    'nfev': 135,\n    'nit': 3,\n    'njev': 27,\n    'x': array([0.71644956, 1.38960775, 0.39597791, 2.91552801])}",
            {
                "0111111010": 1,
                "1111000010": 1,
                "0010000101": 1,
                "0101101010": 1,
                "1111011010": 1,
                "0101010001": 1,
                "0011100000": 1,
                "0001001110": 1,
                "0000001110": 1,
                "0011100100": 1,
                "0011001000": 1,
                "0000001011": 1,
                "1111100100": 1,
                "0101111001": 1,
                "0111000110": 1,
                "0111001110": 1,
                "0111110101": 1,
                "1110010111": 1,
                "0110110001": 1,
                "0010001101": 1,
                "1000100100": 1,
                "1111111001": 1,
                "0110110101": 1,
                "1100101011": 1,
                "1011001100": 1,
                "0110010010": 1,
                "1011110100": 1,
                "0111000100": 2,
                "1111100111": 2,
                "0001100010": 1,
                "0101110110": 2,
                "1101001010": 1,
                "1010110010": 1,
                "0111110110": 5,
                "1111001101": 1,
                "1111000110": 1,
                "0111100011": 1,
                "0111100010": 2,
                "1101001001": 1,
                "1110001000": 1,
                "0110101110": 1,
                "0101110001": 1,
                "0111100111": 1,
                "0010011010": 1,
                "1001110110": 1,
                "1101001111": 1,
                "0111000010": 4,
                "1111010100": 1,
                "0011011010": 1,
                "1111110110": 1,
                "1111101101": 1,
                "0111011101": 1,
                "0101111101": 1,
                "1111000100": 2,
                "0011000010": 1,
                "1101111100": 1,
                "1111011011": 1,
                "1111100001": 1,
                "0111011100": 1,
                "0111010111": 1,
                "1011101101": 1,
                "1101011110": 2,
                "1111110111": 2,
                "1011001101": 1,
                "1001011111": 1,
                "0111000111": 1,
                "1111011000": 1,
                "0011010100": 2,
                "1101110101": 1,
                "0110100110": 1,
                "0011100010": 1,
                "0011000100": 2,
                "0010000010": 1,
                "1111100110": 1,
                "1111110100": 1,
                "0111010101": 1,
                "0111001000": 1,
                "1100000100": 1,
                "0111010010": 1,
                "1100010011": 1,
                "1100000110": 1,
                "1011110001": 1,
                "0010000100": 1,
                "0111101101": 1
            },
            false,
            2.87
        ]
    ]
}