{
    "n": 10,
    "m": 45,
    "results": [
        [
            [
                [
                    1,
                    -3,
                    -2
                ],
                [
                    -2,
                    1,
                    -4
                ],
                [
                    10,
                    3,
                    -4
                ],
                [
                    7,
                    -9,
                    5
                ],
                [
                    4,
                    5,
                    -7
                ],
                [
                    -5,
                    10,
                    6
                ],
                [
                    -2,
                    -9,
                    1
                ],
                [
                    9,
                    -6,
                    -7
                ],
                [
                    -8,
                    4,
                    9
                ],
                [
                    9,
                    6,
                    1
                ],
                [
                    2,
                    -3,
                    -1
                ],
                [
                    1,
                    -10,
                    3
                ],
                [
                    8,
                    -6,
                    7
                ],
                [
                    -4,
                    2,
                    -10
                ],
                [
                    8,
                    6,
                    7
                ],
                [
                    10,
                    7,
                    -2
                ],
                [
                    -3,
                    -5,
                    -1
                ],
                [
                    -7,
                    3,
                    -10
                ],
                [
                    -8,
                    -4,
                    2
                ],
                [
                    6,
                    -10,
                    -2
                ],
                [
                    -8,
                    2,
                    -4
                ],
                [
                    -4,
                    -9,
                    -6
                ],
                [
                    -4,
                    8,
                    1
                ],
                [
                    5,
                    4,
                    -3
                ],
                [
                    7,
                    -4,
                    -9
                ],
                [
                    9,
                    -10,
                    -1
                ],
                [
                    -5,
                    -2,
                    8
                ],
                [
                    10,
                    -4,
                    -3
                ],
                [
                    -6,
                    4,
                    -8
                ],
                [
                    1,
                    5,
                    -10
                ],
                [
                    3,
                    9,
                    8
                ],
                [
                    2,
                    -1,
                    -8
                ],
                [
                    -10,
                    8,
                    -4
                ],
                [
                    1,
                    8,
                    4
                ],
                [
                    3,
                    -4,
                    8
                ],
                [
                    -9,
                    -6,
                    -1
                ],
                [
                    -2,
                    10,
                    -4
                ],
                [
                    -1,
                    7,
                    -4
                ],
                [
                    -2,
                    -7,
                    -8
                ],
                [
                    5,
                    10,
                    -7
                ],
                [
                    -3,
                    -4,
                    -7
                ],
                [
                    5,
                    -1,
                    -2
                ],
                [
                    -1,
                    5,
                    -9
                ],
                [
                    -9,
                    -2,
                    6
                ],
                [
                    3,
                    -9,
                    -8
                ]
            ],
            "{   'fun': 5.62,\n    'jac': None,\n    'nfev': 135,\n    'nit': 3,\n    'njev': 27,\n    'x': array([2.58572189, 0.04774199, 1.62397024, 3.04000644])}",
            {
                "0100011110": 1,
                "1001111011": 1,
                "0110010111": 1,
                "1001100010": 1,
                "0010000111": 1,
                "0011101011": 1,
                "0111101110": 1,
                "0011111011": 2,
                "0001001011": 1,
                "0011110010": 1,
                "0010100101": 2,
                "1100100001": 1,
                "0101100110": 1,
                "1100101011": 1,
                "0000010101": 1,
                "1010000110": 1,
                "1110010111": 1,
                "1001101011": 1,
                "0000110111": 2,
                "1011100001": 2,
                "0011101001": 1,
                "0001110101": 1,
                "0001101111": 1,
                "1011101010": 1,
                "0001010100": 1,
                "0101101111": 1,
                "1011110001": 1,
                "1101101110": 1,
                "0100101110": 1,
                "0010111110": 1,
                "0110110110": 1,
                "0100110111": 1,
                "0001101010": 1,
                "1111111101": 1,
                "1010000111": 2,
                "1100110101": 1,
                "1111010001": 1,
                "0001010010": 1,
                "1001000100": 1,
                "1010110101": 1,
                "0001010000": 1,
                "1000010100": 1,
                "1011001100": 1,
                "0011100110": 1,
                "1000100001": 1,
                "0010101111": 1,
                "1000111010": 1,
                "1111011100": 2,
                "0010011100": 1,
                "0111110111": 1,
                "1101011111": 1,
                "1111100111": 1,
                "1100010101": 1,
                "0000111100": 1,
                "1001101110": 1,
                "1011110011": 1,
                "0001111101": 1,
                "1010001010": 1,
                "1001000001": 1,
                "1001000010": 1,
                "0011101110": 1,
                "0100000110": 1,
                "1010010011": 1,
                "0100111110": 1,
                "1000010010": 1,
                "1100011111": 1,
                "1101101100": 1,
                "0100100010": 1,
                "1001010000": 1,
                "0101101110": 1,
                "0001100001": 1,
                "1111011010": 2,
                "1010010111": 1,
                "0111111000": 1,
                "0110010010": 1,
                "1000100110": 1,
                "1110101100": 1,
                "0010000101": 1,
                "1100110110": 1,
                "1100111000": 1,
                "1111010011": 1,
                "1101011000": 1,
                "0000110101": 1,
                "1111110000": 1,
                "0000000111": 1,
                "0000110000": 1,
                "1000000000": 1,
                "0111000110": 1,
                "1001110101": 1,
                "1000001011": 1,
                "1111011001": 1,
                "0001111000": 2
            },
            false,
            4.71
        ],
        [
            [
                [
                    -7,
                    9,
                    5
                ],
                [
                    2,
                    -5,
                    -9
                ],
                [
                    9,
                    3,
                    8
                ],
                [
                    -4,
                    -7,
                    -9
                ],
                [
                    -6,
                    5,
                    4
                ],
                [
                    3,
                    7,
                    -9
                ],
                [
                    8,
                    -2,
                    4
                ],
                [
                    7,
                    9,
                    10
                ],
                [
                    9,
                    -6,
                    7
                ],
                [
                    5,
                    -8,
                    -2
                ],
                [
                    4,
                    -6,
                    -7
                ],
                [
                    4,
                    2,
                    -6
                ],
                [
                    -10,
                    -6,
                    -7
                ],
                [
                    8,
                    3,
                    6
                ],
                [
                    -4,
                    7,
                    1
                ],
                [
                    2,
                    3,
                    6
                ],
                [
                    6,
                    5,
                    1
                ],
                [
                    6,
                    -1,
                    -3
                ],
                [
                    -5,
                    -1,
                    -2
                ],
                [
                    -3,
                    1,
                    5
                ],
                [
                    3,
                    4,
                    2
                ],
                [
                    -4,
                    9,
                    -2
                ],
                [
                    5,
                    -3,
                    6
                ],
                [
                    8,
                    -2,
                    7
                ],
                [
                    3,
                    4,
                    -1
                ],
                [
                    -6,
                    3,
                    -2
                ],
                [
                    8,
                    -4,
                    10
                ],
                [
                    6,
                    -3,
                    -9
                ],
                [
                    5,
                    -7,
                    10
                ],
                [
                    -8,
                    1,
                    -2
                ],
                [
                    -3,
                    2,
                    6
                ],
                [
                    6,
                    8,
                    -9
                ],
                [
                    -8,
                    4,
                    -5
                ],
                [
                    -2,
                    -9,
                    7
                ],
                [
                    3,
                    5,
                    -6
                ],
                [
                    6,
                    -3,
                    4
                ],
                [
                    -8,
                    -2,
                    6
                ],
                [
                    8,
                    6,
                    -9
                ],
                [
                    5,
                    -2,
                    8
                ],
                [
                    -5,
                    1,
                    9
                ],
                [
                    -9,
                    2,
                    -3
                ],
                [
                    -10,
                    4,
                    -9
                ],
                [
                    -6,
                    7,
                    -3
                ],
                [
                    -4,
                    1,
                    -8
                ],
                [
                    9,
                    10,
                    -7
                ]
            ],
            "{   'fun': 4.41,\n    'jac': None,\n    'nfev': 115,\n    'nit': 2,\n    'njev': 23,\n    'x': array([1.6666536 , 1.0587211 , 1.21780493, 0.12920819])}",
            {
                "0100101110": 1,
                "1010100010": 1,
                "1001111101": 1,
                "0000011101": 1,
                "1000010100": 1,
                "1001000011": 1,
                "1011111111": 1,
                "1011100100": 1,
                "1110111101": 1,
                "1110110111": 1,
                "0000000110": 1,
                "0000011000": 1,
                "0010000110": 1,
                "0101101111": 1,
                "1001100101": 1,
                "1010010010": 1,
                "0001101011": 1,
                "1001001111": 1,
                "1111110011": 1,
                "1001000001": 1,
                "0000011001": 1,
                "0100111011": 1,
                "1011111001": 2,
                "0010001110": 2,
                "1100001110": 1,
                "1101010110": 1,
                "0010110010": 2,
                "0110111010": 3,
                "1110001110": 2,
                "0010110110": 1,
                "1111110010": 1,
                "1101101110": 1,
                "1101101101": 2,
                "1011010001": 1,
                "1011010101": 1,
                "1100010101": 2,
                "1010100000": 1,
                "0000101110": 1,
                "0001100011": 2,
                "0000100100": 1,
                "0000010110": 1,
                "1011000110": 1,
                "1001011101": 1,
                "0100011001": 1,
                "1001101110": 1,
                "1101101011": 1,
                "1001101000": 1,
                "1011011000": 1,
                "1001010110": 1,
                "1111111111": 1,
                "0101101011": 1,
                "1001000101": 2,
                "1110111001": 1,
                "1011111011": 1,
                "1110101110": 2,
                "0000111101": 2,
                "1101111001": 1,
                "1001001100": 1,
                "1010111000": 1,
                "1000101000": 1,
                "1100011010": 1,
                "1110111100": 1,
                "0110110000": 1,
                "0110111110": 1,
                "0101101100": 1,
                "0111111011": 1,
                "1110010110": 1,
                "1001101101": 2,
                "0001111000": 1,
                "0101111111": 1,
                "1000001111": 1,
                "1011100101": 1,
                "0010101010": 1,
                "0000000101": 2,
                "0011101001": 1,
                "1011100001": 1,
                "0001101111": 1,
                "0111001011": 1,
                "1011001101": 1,
                "1100101110": 1,
                "0001110001": 1,
                "0001111010": 1,
                "1001110101": 1,
                "1101001110": 1,
                "1001111100": 1,
                "1010010110": 1
            },
            false,
            4.06
        ],
        [
            [
                [
                    8,
                    -5,
                    10
                ],
                [
                    -4,
                    1,
                    -10
                ],
                [
                    -2,
                    5,
                    6
                ],
                [
                    -10,
                    -2,
                    -9
                ],
                [
                    -3,
                    -1,
                    6
                ],
                [
                    -3,
                    9,
                    -10
                ],
                [
                    6,
                    10,
                    -4
                ],
                [
                    3,
                    6,
                    -4
                ],
                [
                    8,
                    -6,
                    7
                ],
                [
                    7,
                    -5,
                    -1
                ],
                [
                    -10,
                    3,
                    -5
                ],
                [
                    6,
                    7,
                    -10
                ],
                [
                    -4,
                    -3,
                    6
                ],
                [
                    -9,
                    -7,
                    2
                ],
                [
                    -2,
                    -9,
                    7
                ],
                [
                    -9,
                    2,
                    -6
                ],
                [
                    9,
                    3,
                    -4
                ],
                [
                    -1,
                    10,
                    8
                ],
                [
                    -4,
                    8,
                    5
                ],
                [
                    7,
                    9,
                    10
                ],
                [
                    -5,
                    -4,
                    -3
                ],
                [
                    7,
                    -2,
                    -6
                ],
                [
                    -10,
                    -4,
                    9
                ],
                [
                    1,
                    2,
                    -6
                ],
                [
                    8,
                    -9,
                    -4
                ],
                [
                    9,
                    -6,
                    -3
                ],
                [
                    -7,
                    -4,
                    -1
                ],
                [
                    -1,
                    -6,
                    -4
                ],
                [
                    -4,
                    -1,
                    7
                ],
                [
                    -5,
                    -3,
                    -8
                ],
                [
                    -10,
                    -3,
                    -2
                ],
                [
                    6,
                    4,
                    8
                ],
                [
                    1,
                    2,
                    3
                ],
                [
                    6,
                    4,
                    -7
                ],
                [
                    6,
                    3,
                    -8
                ],
                [
                    -6,
                    8,
                    4
                ],
                [
                    8,
                    -5,
                    -1
                ],
                [
                    8,
                    -1,
                    7
                ],
                [
                    10,
                    -4,
                    9
                ],
                [
                    -4,
                    -2,
                    9
                ],
                [
                    1,
                    8,
                    -5
                ],
                [
                    6,
                    -5,
                    -9
                ],
                [
                    2,
                    1,
                    3
                ],
                [
                    -10,
                    -6,
                    -9
                ],
                [
                    -4,
                    -2,
                    3
                ]
            ],
            "{   'fun': 8.84,\n    'jac': None,\n    'nfev': 105,\n    'nit': 0,\n    'njev': 21,\n    'x': array([0.60161809, 0.30824827, 0.32188582, 1.1411655 ])}",
            {
                "0100001011": 1,
                "0001110110": 1,
                "0100011100": 1,
                "1000001101": 1,
                "0001001100": 1,
                "0100111100": 1,
                "0010010111": 1,
                "0111100110": 1,
                "1100010111": 1,
                "1010010010": 1,
                "0100010000": 1,
                "0101010101": 1,
                "1100011110": 1,
                "0010010001": 1,
                "0110101100": 1,
                "0001000110": 1,
                "0010011100": 1,
                "1101010010": 2,
                "1110011010": 1,
                "0010111110": 2,
                "0000010100": 1,
                "0011000110": 1,
                "1000100001": 1,
                "1001001010": 1,
                "1011011101": 1,
                "0110011110": 4,
                "1010011101": 1,
                "0101011100": 1,
                "0000000100": 1,
                "0010001100": 3,
                "0010001001": 1,
                "0110101000": 1,
                "1011001011": 1,
                "0111011100": 1,
                "0000111100": 2,
                "1000111011": 1,
                "0000011100": 3,
                "1100011100": 1,
                "0100011110": 2,
                "0100110111": 1,
                "1010010110": 2,
                "0110011111": 1,
                "1001000000": 1,
                "0001011100": 1,
                "0000001110": 1,
                "0011101100": 1,
                "1001011111": 1,
                "0011011110": 1,
                "1111001110": 2,
                "0000101011": 2,
                "0010110110": 1,
                "1000110001": 1,
                "1000110111": 1,
                "1001011101": 2,
                "1111011000": 1,
                "1100001100": 1,
                "1000011100": 1,
                "0011000100": 1,
                "0110001100": 1,
                "0110000001": 1,
                "1010100000": 1,
                "0100100001": 1,
                "0100010111": 1,
                "0010000110": 2,
                "0000100110": 2,
                "1110010000": 1,
                "0010011101": 1,
                "0100000110": 2,
                "1000011010": 1,
                "1010000101": 2,
                "1101011100": 1,
                "1100001110": 1,
                "1000111010": 1,
                "0001000001": 1,
                "0000110001": 1,
                "0010011110": 1,
                "1000011101": 1,
                "0111110110": 1,
                "0010000100": 1,
                "1000000010": 1,
                "1010011000": 1
            },
            false,
            3.02
        ],
        [
            [
                [
                    5,
                    -8,
                    -4
                ],
                [
                    -1,
                    10,
                    9
                ],
                [
                    -1,
                    -2,
                    -10
                ],
                [
                    -10,
                    -2,
                    8
                ],
                [
                    -8,
                    -10,
                    -3
                ],
                [
                    1,
                    6,
                    5
                ],
                [
                    -6,
                    2,
                    -7
                ],
                [
                    -6,
                    -5,
                    -2
                ],
                [
                    -10,
                    -5,
                    -8
                ],
                [
                    -10,
                    -5,
                    -2
                ],
                [
                    -7,
                    -5,
                    9
                ],
                [
                    -9,
                    -6,
                    2
                ],
                [
                    9,
                    10,
                    -7
                ],
                [
                    10,
                    -9,
                    2
                ],
                [
                    10,
                    -8,
                    4
                ],
                [
                    -2,
                    1,
                    -4
                ],
                [
                    -9,
                    5,
                    4
                ],
                [
                    3,
                    9,
                    -2
                ],
                [
                    -10,
                    1,
                    3
                ],
                [
                    4,
                    -6,
                    -9
                ],
                [
                    9,
                    -1,
                    10
                ],
                [
                    -6,
                    1,
                    3
                ],
                [
                    -1,
                    -9,
                    -5
                ],
                [
                    -3,
                    9,
                    1
                ],
                [
                    -10,
                    -2,
                    -1
                ],
                [
                    -9,
                    3,
                    -1
                ],
                [
                    -7,
                    -1,
                    -2
                ],
                [
                    -4,
                    2,
                    -7
                ],
                [
                    3,
                    5,
                    4
                ],
                [
                    7,
                    -1,
                    10
                ],
                [
                    8,
                    -6,
                    2
                ],
                [
                    -10,
                    1,
                    -8
                ],
                [
                    -10,
                    -6,
                    -8
                ],
                [
                    3,
                    -7,
                    9
                ],
                [
                    3,
                    -9,
                    10
                ],
                [
                    -2,
                    7,
                    -4
                ],
                [
                    6,
                    -4,
                    8
                ],
                [
                    -4,
                    10,
                    8
                ],
                [
                    8,
                    -6,
                    10
                ],
                [
                    -2,
                    1,
                    -10
                ],
                [
                    -6,
                    10,
                    9
                ],
                [
                    -5,
                    2,
                    -6
                ],
                [
                    -8,
                    7,
                    4
                ],
                [
                    -5,
                    -3,
                    6
                ],
                [
                    8,
                    10,
                    1
                ]
            ],
            "{   'fun': 4.04,\n    'jac': None,\n    'nfev': 130,\n    'nit': 3,\n    'njev': 26,\n    'x': array([2.01628369, 0.45034037, 0.66518487, 0.09883066])}",
            {
                "0000100001": 1,
                "0001101111": 1,
                "0010001101": 1,
                "0111101111": 1,
                "1001000001": 1,
                "0010101011": 1,
                "1110000110": 1,
                "1111011011": 1,
                "1000001011": 1,
                "1101011111": 1,
                "1101011011": 1,
                "0010010110": 1,
                "1110001110": 1,
                "1010100001": 1,
                "0000001101": 1,
                "0100100110": 1,
                "1010001011": 1,
                "1010001010": 1,
                "1011000011": 2,
                "1011000101": 2,
                "0011100110": 1,
                "1011010001": 1,
                "1110010001": 1,
                "1001001111": 2,
                "1000011101": 1,
                "1111001101": 1,
                "0100101010": 4,
                "0110001010": 1,
                "1000101001": 1,
                "0000101011": 2,
                "1111000110": 1,
                "0000100011": 1,
                "1111011110": 3,
                "1110011001": 1,
                "1110001011": 1,
                "0100100010": 3,
                "1000001101": 1,
                "1010011000": 1,
                "0010001011": 1,
                "0110010100": 1,
                "0110010001": 1,
                "1100000000": 1,
                "1010001101": 2,
                "1010000011": 1,
                "1111100110": 1,
                "1010000001": 3,
                "1011010111": 1,
                "1010010001": 1,
                "0000100000": 2,
                "0101101011": 1,
                "0000001111": 1,
                "0101101110": 1,
                "1001010000": 1,
                "0111111011": 1,
                "1110010110": 1,
                "1101000101": 1,
                "0001101110": 1,
                "1000100010": 1,
                "0110001110": 2,
                "1000111001": 1,
                "1111001110": 1,
                "1101010110": 1,
                "0001011010": 1,
                "1010010000": 1,
                "1100110011": 1,
                "0110101110": 2,
                "1010001001": 1,
                "1000011000": 1,
                "1011100100": 1,
                "0101100110": 1,
                "1111000100": 1,
                "0110001100": 1,
                "0011000011": 4,
                "1100010101": 1,
                "1111001010": 1,
                "0111011110": 1,
                "0110000000": 1,
                "0010000000": 1,
                "0010011100": 1,
                "1110000010": 1
            },
            false,
            2.81
        ],
        [
            [
                [
                    -4,
                    -8,
                    6
                ],
                [
                    7,
                    10,
                    -4
                ],
                [
                    -9,
                    7,
                    -3
                ],
                [
                    7,
                    -6,
                    -3
                ],
                [
                    7,
                    9,
                    -3
                ],
                [
                    -9,
                    8,
                    1
                ],
                [
                    4,
                    -7,
                    1
                ],
                [
                    9,
                    5,
                    7
                ],
                [
                    5,
                    10,
                    3
                ],
                [
                    9,
                    7,
                    -3
                ],
                [
                    4,
                    -3,
                    -10
                ],
                [
                    6,
                    -9,
                    -4
                ],
                [
                    -2,
                    6,
                    8
                ],
                [
                    -7,
                    6,
                    2
                ],
                [
                    -6,
                    5,
                    -10
                ],
                [
                    -8,
                    -4,
                    1
                ],
                [
                    -9,
                    -10,
                    8
                ],
                [
                    2,
                    -1,
                    4
                ],
                [
                    9,
                    6,
                    2
                ],
                [
                    5,
                    8,
                    -7
                ],
                [
                    10,
                    8,
                    -6
                ],
                [
                    3,
                    -1,
                    -6
                ],
                [
                    -1,
                    -5,
                    4
                ],
                [
                    -3,
                    8,
                    -2
                ],
                [
                    -8,
                    2,
                    -4
                ],
                [
                    -8,
                    9,
                    -5
                ],
                [
                    -1,
                    -9,
                    3
                ],
                [
                    -6,
                    -3,
                    5
                ],
                [
                    7,
                    8,
                    -5
                ],
                [
                    -8,
                    -2,
                    6
                ],
                [
                    -9,
                    2,
                    7
                ],
                [
                    10,
                    8,
                    -2
                ],
                [
                    -9,
                    4,
                    -7
                ],
                [
                    1,
                    5,
                    9
                ],
                [
                    7,
                    -10,
                    -8
                ],
                [
                    -4,
                    3,
                    -2
                ],
                [
                    2,
                    4,
                    -8
                ],
                [
                    8,
                    4,
                    -5
                ],
                [
                    3,
                    2,
                    8
                ],
                [
                    -3,
                    8,
                    -9
                ],
                [
                    -6,
                    -10,
                    3
                ],
                [
                    -10,
                    -8,
                    6
                ],
                [
                    -6,
                    -9,
                    1
                ],
                [
                    -3,
                    -5,
                    -10
                ],
                [
                    -5,
                    7,
                    10
                ]
            ],
            "{   'fun': 5.26,\n    'jac': None,\n    'nfev': 120,\n    'nit': 2,\n    'njev': 24,\n    'x': array([2.39559983, 0.22958465, 0.73789171, 0.42139377])}",
            {
                "0000001010": 1,
                "1001011000": 1,
                "0100001110": 1,
                "0011110100": 1,
                "0101101101": 1,
                "1000100001": 1,
                "1101010000": 1,
                "1011101101": 1,
                "0010010111": 1,
                "0100100101": 1,
                "1011001000": 1,
                "1100010000": 1,
                "1011111001": 1,
                "1100011001": 1,
                "0110011010": 1,
                "0110000111": 1,
                "1011000001": 1,
                "0000000100": 1,
                "0110001110": 1,
                "1000110111": 1,
                "1011101001": 1,
                "0010111010": 1,
                "1010110111": 1,
                "0011110000": 1,
                "1110011100": 1,
                "0101110101": 1,
                "1001111001": 1,
                "0100000100": 1,
                "1110101001": 1,
                "1000110100": 1,
                "1010110001": 1,
                "0101100110": 1,
                "1100000110": 1,
                "0100010101": 1,
                "1100011101": 1,
                "0000001000": 1,
                "1111111110": 2,
                "0001101100": 1,
                "1000101001": 1,
                "1101011111": 1,
                "0101000110": 1,
                "0001101101": 1,
                "0011111000": 1,
                "1000101100": 1,
                "0000100110": 1,
                "1111111111": 1,
                "1010110010": 1,
                "1000100011": 1,
                "0011101011": 1,
                "0001000100": 1,
                "0001111110": 1,
                "1110111110": 1,
                "0100010110": 1,
                "1011010110": 1,
                "1101101101": 1,
                "1001110111": 1,
                "0001111100": 1,
                "1100011100": 1,
                "1111111001": 1,
                "0000100001": 1,
                "0101101001": 1,
                "1010001110": 1,
                "1110011010": 2,
                "0001111011": 1,
                "1010001000": 1,
                "1010000100": 1,
                "0010010100": 1,
                "1001010111": 1,
                "0001001001": 1,
                "0001111000": 1,
                "1101001111": 1,
                "1011011001": 1,
                "1000101110": 1,
                "1110011101": 1,
                "0000000000": 1,
                "1100111100": 1,
                "1111010100": 1,
                "1101111110": 1,
                "0000011011": 1,
                "0011101101": 1,
                "1100000101": 2,
                "0111111010": 1,
                "1111000100": 1,
                "1001110100": 2,
                "1111110100": 1,
                "1001111011": 1,
                "1101001110": 1,
                "1001011011": 1,
                "0001000101": 1,
                "1000110101": 1,
                "0101011001": 1,
                "1010101010": 2,
                "0111100000": 1,
                "0110011110": 1,
                "1100001000": 1
            },
            false,
            4.61
        ]
    ]
}