{
    "n": 10,
    "m": 45,
    "results": [
        [
            [
                [
                    9,
                    -4,
                    -8
                ],
                [
                    -8,
                    -3,
                    1
                ],
                [
                    3,
                    6,
                    -10
                ],
                [
                    5,
                    8,
                    -4
                ],
                [
                    -6,
                    -1,
                    7
                ],
                [
                    10,
                    -1,
                    -7
                ],
                [
                    5,
                    8,
                    -3
                ],
                [
                    3,
                    -10,
                    6
                ],
                [
                    -8,
                    2,
                    -10
                ],
                [
                    8,
                    9,
                    -1
                ],
                [
                    1,
                    8,
                    -3
                ],
                [
                    6,
                    10,
                    -8
                ],
                [
                    7,
                    -2,
                    6
                ],
                [
                    -4,
                    -7,
                    -3
                ],
                [
                    -3,
                    -5,
                    7
                ],
                [
                    -5,
                    -8,
                    -4
                ],
                [
                    -8,
                    10,
                    -4
                ],
                [
                    -10,
                    1,
                    -5
                ],
                [
                    3,
                    -7,
                    6
                ],
                [
                    1,
                    2,
                    9
                ],
                [
                    -2,
                    -1,
                    -7
                ],
                [
                    4,
                    -6,
                    9
                ],
                [
                    4,
                    -5,
                    7
                ],
                [
                    -8,
                    7,
                    -9
                ],
                [
                    8,
                    5,
                    -3
                ],
                [
                    4,
                    -10,
                    8
                ],
                [
                    10,
                    -4,
                    7
                ],
                [
                    -3,
                    -8,
                    -1
                ],
                [
                    8,
                    -4,
                    1
                ],
                [
                    -8,
                    -10,
                    4
                ],
                [
                    -8,
                    -7,
                    -3
                ],
                [
                    -9,
                    -5,
                    -3
                ],
                [
                    10,
                    8,
                    5
                ],
                [
                    -8,
                    -4,
                    1
                ],
                [
                    -9,
                    -6,
                    -7
                ],
                [
                    8,
                    -4,
                    -6
                ],
                [
                    -4,
                    -10,
                    -1
                ],
                [
                    -9,
                    6,
                    2
                ],
                [
                    -6,
                    -2,
                    -1
                ],
                [
                    9,
                    -4,
                    -5
                ],
                [
                    -3,
                    -5,
                    -8
                ],
                [
                    9,
                    1,
                    -4
                ],
                [
                    2,
                    7,
                    6
                ],
                [
                    1,
                    -9,
                    -7
                ],
                [
                    -5,
                    -10,
                    8
                ]
            ],
            "{   'fun': 6.48,\n    'jac': None,\n    'nfev': 135,\n    'nit': 3,\n    'njev': 27,\n    'x': array([0.52740253, 0.17713412, 0.19211593, 0.02383558])}",
            {
                "0110000111": 1,
                "0100111010": 1,
                "1010011100": 1,
                "1010111110": 1,
                "1010000010": 1,
                "0010011100": 1,
                "0101010111": 1,
                "1100000111": 1,
                "1000101010": 1,
                "1100111000": 1,
                "1001011010": 1,
                "1101100101": 1,
                "0000010010": 1,
                "1100111111": 1,
                "1110001000": 1,
                "0100100000": 1,
                "0111101110": 1,
                "0000110011": 1,
                "0010001101": 1,
                "1000011111": 3,
                "1010101001": 1,
                "1110001001": 1,
                "1111111000": 1,
                "0110101000": 2,
                "1001000001": 1,
                "0000111010": 1,
                "1110000101": 1,
                "0100011100": 1,
                "0100111100": 1,
                "1110100011": 1,
                "1100111010": 2,
                "0100101000": 1,
                "1000110101": 1,
                "1110101010": 1,
                "1001011111": 1,
                "1000010110": 1,
                "0100111001": 2,
                "0100110010": 1,
                "0000010100": 1,
                "0110111110": 1,
                "0100101010": 4,
                "1101001100": 1,
                "0100010101": 2,
                "0101001111": 1,
                "0111110011": 1,
                "1111000100": 1,
                "0110001100": 1,
                "1100011010": 1,
                "1000101000": 3,
                "0100011010": 1,
                "0100010011": 1,
                "1100010101": 1,
                "1000010111": 1,
                "1101001101": 1,
                "0101100001": 1,
                "1000011000": 2,
                "1000011010": 2,
                "1001010101": 1,
                "1101011100": 2,
                "1110101100": 1,
                "0100011011": 1,
                "0100101100": 1,
                "0001110000": 1,
                "1110000011": 1,
                "0111111000": 1,
                "0101110011": 1,
                "1010001001": 1,
                "1000100110": 1,
                "0111111100": 1,
                "1000000100": 1,
                "1010000001": 1,
                "0100010010": 2,
                "1110100101": 1,
                "0000000110": 1,
                "1000111010": 2,
                "1000111001": 1,
                "0000011100": 1,
                "0110100111": 1,
                "1001000100": 1,
                "1100011100": 1,
                "1001111010": 1,
                "1000011110": 1,
                "1011110101": 1,
                "1000011100": 1
            },
            false,
            4.11
        ],
        [
            [
                [
                    -4,
                    2,
                    -6
                ],
                [
                    -5,
                    1,
                    -10
                ],
                [
                    -7,
                    4,
                    10
                ],
                [
                    -4,
                    -10,
                    7
                ],
                [
                    1,
                    -6,
                    -2
                ],
                [
                    1,
                    10,
                    -3
                ],
                [
                    4,
                    -1,
                    10
                ],
                [
                    -5,
                    7,
                    4
                ],
                [
                    1,
                    7,
                    -4
                ],
                [
                    -5,
                    -2,
                    10
                ],
                [
                    -8,
                    -10,
                    -4
                ],
                [
                    6,
                    -7,
                    -4
                ],
                [
                    5,
                    6,
                    9
                ],
                [
                    1,
                    -10,
                    7
                ],
                [
                    -9,
                    3,
                    -10
                ],
                [
                    3,
                    -5,
                    8
                ],
                [
                    3,
                    10,
                    -5
                ],
                [
                    7,
                    4,
                    -1
                ],
                [
                    7,
                    3,
                    -6
                ],
                [
                    1,
                    -9,
                    7
                ],
                [
                    -3,
                    6,
                    -1
                ],
                [
                    5,
                    -1,
                    -7
                ],
                [
                    8,
                    2,
                    1
                ],
                [
                    10,
                    7,
                    -9
                ],
                [
                    9,
                    -3,
                    2
                ],
                [
                    -10,
                    -8,
                    -4
                ],
                [
                    3,
                    -7,
                    -2
                ],
                [
                    -3,
                    -10,
                    1
                ],
                [
                    6,
                    -1,
                    -4
                ],
                [
                    7,
                    6,
                    2
                ],
                [
                    6,
                    1,
                    -5
                ],
                [
                    3,
                    -10,
                    -7
                ],
                [
                    -3,
                    5,
                    2
                ],
                [
                    -8,
                    4,
                    9
                ],
                [
                    3,
                    -2,
                    4
                ],
                [
                    3,
                    -1,
                    8
                ],
                [
                    3,
                    -10,
                    7
                ],
                [
                    5,
                    -2,
                    9
                ],
                [
                    -1,
                    -7,
                    5
                ],
                [
                    -4,
                    1,
                    -3
                ],
                [
                    -10,
                    -6,
                    8
                ],
                [
                    -7,
                    -5,
                    6
                ],
                [
                    -3,
                    4,
                    5
                ],
                [
                    -6,
                    -9,
                    -8
                ],
                [
                    3,
                    5,
                    10
                ]
            ],
            "{   'fun': 5.04,\n    'jac': None,\n    'nfev': 155,\n    'nit': 4,\n    'njev': 31,\n    'x': array([1.66665371, 1.0587213 , 1.21780478, 0.12920817])}",
            {
                "0110011111": 1,
                "0110111010": 1,
                "1001100100": 2,
                "0001011101": 1,
                "0010110100": 1,
                "1110010110": 1,
                "0010000101": 1,
                "1111110010": 1,
                "0010101100": 1,
                "0011110111": 1,
                "0010111010": 1,
                "0010111110": 1,
                "0110001010": 2,
                "1101000111": 1,
                "1000110111": 1,
                "1000001101": 2,
                "0001011000": 1,
                "1100111101": 1,
                "1111001100": 1,
                "1111010010": 2,
                "0111101011": 1,
                "0100010010": 1,
                "0111101101": 1,
                "0110011010": 1,
                "0011011000": 1,
                "0100011111": 1,
                "1101010101": 1,
                "1011010010": 1,
                "0000110111": 1,
                "1001001000": 1,
                "1010111001": 1,
                "1001110100": 1,
                "1110100111": 1,
                "1010111010": 1,
                "0100110110": 1,
                "0010110000": 1,
                "1111110011": 1,
                "1000010010": 1,
                "0111011000": 1,
                "0110111000": 2,
                "1101100100": 1,
                "1100111110": 1,
                "1111000010": 1,
                "0001010000": 2,
                "0011111011": 1,
                "1001110110": 1,
                "0101110110": 1,
                "1000000110": 1,
                "1001111001": 1,
                "1110111001": 1,
                "0000100111": 1,
                "0110001110": 1,
                "1000111101": 2,
                "0110101001": 2,
                "0100000111": 1,
                "0001111100": 1,
                "0101000001": 3,
                "1111000111": 1,
                "1011101011": 1,
                "0111111100": 1,
                "1010110111": 1,
                "1001111101": 1,
                "0110001001": 1,
                "1101001110": 1,
                "1001111100": 3,
                "1001111011": 1,
                "0100011000": 1,
                "1111010011": 2,
                "1100010101": 1,
                "0111001111": 2,
                "0110001011": 1,
                "0010010010": 2,
                "0110010000": 1,
                "1111110001": 1,
                "1001101110": 1,
                "1001010011": 2,
                "0001010100": 1,
                "1111100001": 1,
                "1000100101": 1,
                "0101110011": 1,
                "1000111100": 1,
                "0110110000": 1,
                "0010011101": 1,
                "1000011010": 1
            },
            false,
            4.57
        ],
        [
            [
                [
                    -6,
                    -10,
                    7
                ],
                [
                    -8,
                    -7,
                    -9
                ],
                [
                    6,
                    4,
                    2
                ],
                [
                    -7,
                    -3,
                    9
                ],
                [
                    4,
                    -9,
                    -6
                ],
                [
                    -8,
                    9,
                    -6
                ],
                [
                    7,
                    1,
                    -4
                ],
                [
                    -3,
                    7,
                    9
                ],
                [
                    3,
                    -8,
                    7
                ],
                [
                    -3,
                    -2,
                    -8
                ],
                [
                    -4,
                    -6,
                    -9
                ],
                [
                    10,
                    -5,
                    -4
                ],
                [
                    -1,
                    -10,
                    8
                ],
                [
                    -7,
                    5,
                    9
                ],
                [
                    -4,
                    2,
                    -8
                ],
                [
                    -9,
                    8,
                    4
                ],
                [
                    6,
                    3,
                    -4
                ],
                [
                    1,
                    8,
                    6
                ],
                [
                    2,
                    6,
                    -10
                ],
                [
                    -1,
                    -7,
                    8
                ],
                [
                    -5,
                    -3,
                    -9
                ],
                [
                    -4,
                    2,
                    -7
                ],
                [
                    -10,
                    2,
                    -8
                ],
                [
                    -9,
                    1,
                    -2
                ],
                [
                    -7,
                    -10,
                    9
                ],
                [
                    1,
                    4,
                    -10
                ],
                [
                    5,
                    -6,
                    1
                ],
                [
                    -3,
                    -10,
                    -8
                ],
                [
                    -4,
                    -2,
                    -8
                ],
                [
                    -8,
                    -5,
                    9
                ],
                [
                    -6,
                    -4,
                    -5
                ],
                [
                    6,
                    -5,
                    -9
                ],
                [
                    10,
                    7,
                    -3
                ],
                [
                    -1,
                    9,
                    -8
                ],
                [
                    -6,
                    -5,
                    1
                ],
                [
                    -4,
                    7,
                    5
                ],
                [
                    3,
                    -9,
                    -5
                ],
                [
                    -10,
                    7,
                    -6
                ],
                [
                    -1,
                    -5,
                    -4
                ],
                [
                    5,
                    -8,
                    -9
                ],
                [
                    9,
                    -4,
                    6
                ],
                [
                    7,
                    -2,
                    -6
                ],
                [
                    -2,
                    5,
                    -3
                ],
                [
                    -7,
                    -8,
                    4
                ],
                [
                    3,
                    7,
                    -8
                ]
            ],
            "{   'fun': 5.69,\n    'jac': None,\n    'nfev': 105,\n    'nit': 0,\n    'njev': 21,\n    'x': array([0.88076112, 0.31796452, 2.1276346 , 2.22580558])}",
            {
                "1011101001": 1,
                "1111010110": 1,
                "0101111011": 1,
                "1011110000": 1,
                "0001100011": 1,
                "0100011100": 1,
                "1010010110": 1,
                "0011101101": 1,
                "0000101100": 2,
                "1110000111": 1,
                "0110000001": 1,
                "1000101010": 1,
                "1110000010": 1,
                "1011011011": 1,
                "0000010000": 1,
                "1001100010": 1,
                "0000000010": 1,
                "1100111011": 1,
                "1101100111": 1,
                "1101101110": 1,
                "0111001000": 1,
                "0001001011": 1,
                "0100101101": 1,
                "1000110101": 1,
                "1100011100": 1,
                "0010110010": 1,
                "0110110101": 1,
                "0000010101": 1,
                "1010111011": 1,
                "1110111001": 1,
                "1000010101": 1,
                "1011111101": 1,
                "0100111000": 1,
                "0011110111": 1,
                "1101010100": 1,
                "1100010000": 1,
                "0000101010": 1,
                "0000100101": 1,
                "1000000000": 1,
                "1000111111": 1,
                "0000011010": 1,
                "1101100100": 1,
                "0011100011": 1,
                "0001001000": 1,
                "1110000011": 1,
                "1011101110": 1,
                "0001101001": 1,
                "1100010001": 1,
                "1111011111": 1,
                "0010010110": 1,
                "1100100100": 1,
                "1010101011": 2,
                "0001100100": 1,
                "0001100000": 2,
                "0001000010": 1,
                "1110101111": 1,
                "0110000100": 1,
                "0011010000": 1,
                "0111100011": 1,
                "1110000100": 1,
                "1111000011": 1,
                "1100110101": 1,
                "1111010001": 1,
                "0000101011": 1,
                "1010110001": 1,
                "0000011001": 1,
                "0111111010": 1,
                "1011001011": 1,
                "0100010110": 1,
                "1001001000": 1,
                "0110010100": 1,
                "1010010101": 1,
                "0101011111": 2,
                "0011100111": 1,
                "1011110111": 1,
                "1001011001": 2,
                "0110001100": 1,
                "0110111010": 1,
                "0100011010": 1,
                "1011011001": 1,
                "1000100100": 1,
                "1101100000": 1,
                "0111001010": 1,
                "0110010111": 1,
                "1000011111": 1,
                "0101001001": 1,
                "0000111000": 1,
                "0111001011": 1,
                "1101000100": 1,
                "0111010110": 1,
                "0011100010": 1,
                "0010000001": 1,
                "0001110100": 2,
                "0101010001": 1
            },
            false,
            4.99
        ],
        [
            [
                [
                    -3,
                    2,
                    -1
                ],
                [
                    5,
                    7,
                    1
                ],
                [
                    -7,
                    9,
                    -4
                ],
                [
                    -5,
                    9,
                    4
                ],
                [
                    10,
                    5,
                    -4
                ],
                [
                    1,
                    -10,
                    -8
                ],
                [
                    -6,
                    7,
                    -5
                ],
                [
                    -6,
                    10,
                    5
                ],
                [
                    5,
                    -3,
                    -1
                ],
                [
                    6,
                    8,
                    9
                ],
                [
                    10,
                    3,
                    6
                ],
                [
                    2,
                    4,
                    6
                ],
                [
                    -10,
                    -1,
                    7
                ],
                [
                    8,
                    6,
                    -2
                ],
                [
                    5,
                    10,
                    6
                ],
                [
                    -4,
                    -1,
                    2
                ],
                [
                    5,
                    -1,
                    8
                ],
                [
                    -10,
                    4,
                    7
                ],
                [
                    -10,
                    9,
                    -6
                ],
                [
                    4,
                    2,
                    1
                ],
                [
                    -5,
                    -10,
                    -9
                ],
                [
                    -4,
                    -6,
                    3
                ],
                [
                    -9,
                    8,
                    4
                ],
                [
                    -9,
                    10,
                    6
                ],
                [
                    9,
                    3,
                    7
                ],
                [
                    5,
                    -8,
                    7
                ],
                [
                    -4,
                    -6,
                    -3
                ],
                [
                    7,
                    -1,
                    4
                ],
                [
                    -1,
                    9,
                    5
                ],
                [
                    -1,
                    5,
                    -4
                ],
                [
                    -9,
                    -1,
                    -7
                ],
                [
                    -8,
                    9,
                    -10
                ],
                [
                    -7,
                    -5,
                    -6
                ],
                [
                    -5,
                    6,
                    -4
                ],
                [
                    6,
                    -8,
                    -5
                ],
                [
                    -4,
                    6,
                    7
                ],
                [
                    -5,
                    3,
                    -7
                ],
                [
                    -9,
                    8,
                    4
                ],
                [
                    4,
                    -7,
                    -5
                ],
                [
                    6,
                    2,
                    3
                ],
                [
                    7,
                    1,
                    -9
                ],
                [
                    -9,
                    4,
                    -10
                ],
                [
                    -6,
                    3,
                    10
                ],
                [
                    -9,
                    -6,
                    4
                ],
                [
                    5,
                    9,
                    -4
                ]
            ],
            "{   'fun': 4.23,\n    'jac': None,\n    'nfev': 200,\n    'nit': 1,\n    'njev': 40,\n    'x': array([1.53900416, 1.17033285, 0.20420515, 0.34428298])}",
            {
                "0110111100": 1,
                "0111101011": 1,
                "0111011100": 1,
                "0000001111": 1,
                "0100011001": 1,
                "0100100001": 1,
                "0110110110": 1,
                "1001001001": 1,
                "1101000111": 1,
                "0110001100": 1,
                "1110111000": 1,
                "0111100000": 1,
                "0101111100": 1,
                "1000101000": 1,
                "0101101011": 1,
                "0111010001": 1,
                "0110111000": 1,
                "1111110010": 1,
                "0010011011": 1,
                "0110110111": 1,
                "0010011001": 1,
                "0110011110": 2,
                "0110101100": 1,
                "0011101011": 1,
                "0101001100": 1,
                "0011111010": 1,
                "0011110000": 2,
                "1111010100": 1,
                "0111001111": 1,
                "0001011001": 1,
                "0101000111": 1,
                "1110100100": 1,
                "0110101110": 1,
                "1100010100": 1,
                "0111110010": 1,
                "0010001001": 1,
                "0110101000": 1,
                "0001011010": 1,
                "0101001111": 2,
                "0011001101": 1,
                "0110110000": 1,
                "0100001100": 1,
                "0011001111": 1,
                "1101110110": 1,
                "0111011000": 1,
                "1101100110": 1,
                "0010010101": 1,
                "0011011100": 1,
                "1101011101": 1,
                "0011000011": 1,
                "0110001001": 1,
                "1111100100": 1,
                "0110010100": 1,
                "0111011111": 3,
                "0100011100": 2,
                "1111101100": 1,
                "1101001101": 1,
                "0010011110": 1,
                "0010011000": 2,
                "1001111101": 1,
                "1101100111": 1,
                "1100110100": 1,
                "0111111010": 2,
                "0110011100": 1,
                "0011111001": 1,
                "1111111011": 1,
                "0110100100": 1,
                "0111111100": 3,
                "1011001001": 1,
                "0111101001": 1,
                "0100000100": 1,
                "0111110000": 1,
                "0100010100": 1,
                "0111110111": 1,
                "1111101110": 1,
                "0111001011": 1,
                "0001110000": 1,
                "1100011011": 1,
                "0011010111": 1,
                "0011110100": 1,
                "0111110100": 3,
                "1101111100": 1,
                "0011111111": 1,
                "0110001110": 1,
                "0110011001": 1,
                "0110001111": 1,
                "0111010100": 1,
                "0101011110": 1
            },
            false,
            3.13
        ],
        [
            [
                [
                    -1,
                    3,
                    10
                ],
                [
                    -10,
                    -4,
                    -2
                ],
                [
                    -5,
                    -1,
                    -8
                ],
                [
                    -9,
                    -10,
                    -2
                ],
                [
                    7,
                    8,
                    -5
                ],
                [
                    -8,
                    -6,
                    -10
                ],
                [
                    8,
                    7,
                    -6
                ],
                [
                    10,
                    -7,
                    -8
                ],
                [
                    -1,
                    8,
                    6
                ],
                [
                    4,
                    5,
                    7
                ],
                [
                    5,
                    -3,
                    7
                ],
                [
                    -3,
                    8,
                    -10
                ],
                [
                    -5,
                    2,
                    -7
                ],
                [
                    -9,
                    -2,
                    6
                ],
                [
                    8,
                    10,
                    1
                ],
                [
                    3,
                    -1,
                    -7
                ],
                [
                    7,
                    -6,
                    -5
                ],
                [
                    -4,
                    -8,
                    10
                ],
                [
                    7,
                    5,
                    3
                ],
                [
                    -3,
                    -1,
                    -5
                ],
                [
                    -10,
                    -2,
                    -8
                ],
                [
                    -10,
                    -1,
                    6
                ],
                [
                    -8,
                    3,
                    -2
                ],
                [
                    3,
                    9,
                    6
                ],
                [
                    4,
                    7,
                    1
                ],
                [
                    -2,
                    -8,
                    -10
                ],
                [
                    -4,
                    -1,
                    -9
                ],
                [
                    6,
                    9,
                    -8
                ],
                [
                    10,
                    -4,
                    -8
                ],
                [
                    5,
                    4,
                    -7
                ],
                [
                    -2,
                    3,
                    -4
                ],
                [
                    -8,
                    7,
                    9
                ],
                [
                    -7,
                    -8,
                    -9
                ],
                [
                    10,
                    -5,
                    -1
                ],
                [
                    -4,
                    2,
                    -5
                ],
                [
                    5,
                    -9,
                    3
                ],
                [
                    4,
                    6,
                    -7
                ],
                [
                    3,
                    2,
                    4
                ],
                [
                    -5,
                    6,
                    -7
                ],
                [
                    4,
                    -1,
                    -6
                ],
                [
                    -9,
                    -10,
                    -8
                ],
                [
                    6,
                    3,
                    2
                ],
                [
                    -6,
                    -1,
                    -9
                ],
                [
                    -2,
                    3,
                    -7
                ],
                [
                    -9,
                    -4,
                    -1
                ]
            ],
            "{   'fun': 4.15,\n    'jac': None,\n    'nfev': 105,\n    'nit': 1,\n    'njev': 21,\n    'x': array([2.39560012, 0.22958447, 0.73789205, 0.42139203])}",
            {
                "1010000000": 1,
                "0100010100": 1,
                "0010011111": 1,
                "0010011000": 1,
                "1011110010": 1,
                "1011001001": 1,
                "1000010111": 1,
                "1110000000": 1,
                "0101011111": 1,
                "0010111000": 1,
                "0110110010": 1,
                "0010010100": 1,
                "0111010111": 1,
                "0011101011": 1,
                "0001010001": 2,
                "0011100100": 1,
                "1000000111": 1,
                "0110010000": 1,
                "0011111000": 2,
                "0010110010": 1,
                "0110110000": 1,
                "0101101101": 1,
                "1110010100": 1,
                "0011110001": 1,
                "1110011000": 1,
                "1010110111": 1,
                "1011101010": 1,
                "0010010001": 1,
                "0010001000": 1,
                "1111011010": 1,
                "0010010000": 1,
                "1111001000": 1,
                "1101111110": 1,
                "0011010010": 1,
                "0011100000": 1,
                "0101011101": 1,
                "0000000001": 1,
                "0010100011": 1,
                "0111011000": 1,
                "0100000011": 1,
                "1110001001": 1,
                "0100100110": 1,
                "1010010010": 1,
                "0111010101": 1,
                "0011001000": 2,
                "0100011001": 1,
                "0110000111": 1,
                "0110000000": 1,
                "0011110100": 1,
                "1101001011": 1,
                "0101000001": 1,
                "0001111011": 1,
                "0001000011": 1,
                "0011101110": 1,
                "0110111111": 1,
                "1010010000": 1,
                "0000011001": 1,
                "0010100101": 1,
                "0001011111": 1,
                "1111001011": 1,
                "1100101101": 1,
                "1011011011": 1,
                "1100001100": 1,
                "1100010000": 1,
                "0000110010": 1,
                "0010110001": 1,
                "0011101001": 2,
                "0001010000": 1,
                "1100001111": 1,
                "0011011000": 1,
                "0100110000": 1,
                "0000010111": 1,
                "0101010101": 2,
                "0110111000": 1,
                "1011011101": 1,
                "0010100100": 2,
                "0110101010": 1,
                "0001011001": 2,
                "0010000010": 1,
                "0001111001": 1,
                "1100110101": 1,
                "1110100111": 1,
                "0101100101": 1,
                "0110000110": 1,
                "0011110010": 1,
                "1111000100": 1,
                "1110010000": 1,
                "0111011101": 1,
                "1000000001": 1,
                "1001011110": 1,
                "1001101100": 1,
                "1000100000": 1,
                "1001011011": 1
            },
            false,
            3.57
        ]
    ]
}