{
    "n": 10,
    "m": 45,
    "results": [
        [
            [
                [
                    4,
                    -3,
                    5
                ],
                [
                    -8,
                    -3,
                    -6
                ],
                [
                    6,
                    4,
                    -5
                ],
                [
                    10,
                    -9,
                    3
                ],
                [
                    -4,
                    2,
                    -6
                ],
                [
                    -6,
                    7,
                    10
                ],
                [
                    -7,
                    3,
                    -5
                ],
                [
                    7,
                    -10,
                    8
                ],
                [
                    -2,
                    4,
                    5
                ],
                [
                    -8,
                    -9,
                    5
                ],
                [
                    -1,
                    -3,
                    10
                ],
                [
                    6,
                    10,
                    -7
                ],
                [
                    -2,
                    10,
                    7
                ],
                [
                    3,
                    -9,
                    -6
                ],
                [
                    -7,
                    -3,
                    8
                ],
                [
                    10,
                    9,
                    -6
                ],
                [
                    6,
                    10,
                    1
                ],
                [
                    -3,
                    -10,
                    -7
                ],
                [
                    -4,
                    8,
                    -5
                ],
                [
                    1,
                    7,
                    4
                ],
                [
                    9,
                    3,
                    10
                ],
                [
                    -6,
                    -1,
                    4
                ],
                [
                    8,
                    -2,
                    7
                ],
                [
                    3,
                    4,
                    5
                ],
                [
                    -5,
                    -2,
                    10
                ],
                [
                    4,
                    5,
                    10
                ],
                [
                    -10,
                    2,
                    -7
                ],
                [
                    5,
                    2,
                    -1
                ],
                [
                    8,
                    2,
                    3
                ],
                [
                    1,
                    -2,
                    4
                ],
                [
                    -4,
                    2,
                    -1
                ],
                [
                    -5,
                    4,
                    7
                ],
                [
                    -10,
                    9,
                    4
                ],
                [
                    -4,
                    8,
                    -7
                ],
                [
                    -2,
                    1,
                    5
                ],
                [
                    7,
                    8,
                    -5
                ],
                [
                    6,
                    10,
                    3
                ],
                [
                    -3,
                    -5,
                    8
                ],
                [
                    3,
                    -4,
                    -6
                ],
                [
                    -7,
                    2,
                    -9
                ],
                [
                    10,
                    8,
                    -9
                ],
                [
                    7,
                    3,
                    -10
                ],
                [
                    7,
                    -8,
                    1
                ],
                [
                    -7,
                    -2,
                    -3
                ],
                [
                    9,
                    -10,
                    -3
                ]
            ],
            "{   'fun': 1.0,\n    'jac': None,\n    'nfev': 63,\n    'nit': 0,\n    'njev': 21,\n    'x': array([0.07271878, 0.08518428])}",
            {
                "0001010110": 1,
                "0101111001": 1,
                "1100010100": 1,
                "0110000010": 1,
                "1011001001": 1,
                "0011100001": 1,
                "0110001011": 1,
                "0001001100": 1,
                "0111000000": 1,
                "1011001010": 1,
                "1001001110": 2,
                "0100101000": 1,
                "0000100011": 1,
                "0110010000": 1,
                "1110010011": 1,
                "0000011001": 1,
                "0000101000": 1,
                "1111010110": 1,
                "0001111000": 1,
                "1000101111": 1,
                "1001011010": 1,
                "1111011111": 1,
                "1100100100": 1,
                "0111010001": 1,
                "1010111011": 2,
                "1100011110": 1,
                "0011010010": 1,
                "1011000100": 1,
                "1100011001": 1,
                "1101011101": 1,
                "0001110010": 1,
                "1001100110": 1,
                "1001000011": 1,
                "0101111101": 1,
                "0001111011": 1,
                "0100001101": 1,
                "0001100001": 1,
                "1011110101": 1,
                "0011100010": 1,
                "0111110000": 1,
                "1010111000": 2,
                "0011111100": 1,
                "0111001010": 1,
                "1110011000": 1,
                "1111110110": 1,
                "0111101110": 1,
                "1011100000": 1,
                "0101011110": 1,
                "1101111111": 2,
                "1000001000": 1,
                "1001010000": 1,
                "1001001010": 1,
                "0100010010": 1,
                "0110011011": 1,
                "1110001110": 1,
                "1111001011": 1,
                "0011011000": 1,
                "1000001001": 1,
                "0010110100": 1,
                "1010001010": 1,
                "0001000101": 1,
                "1110110011": 1,
                "1001001001": 1,
                "0101001101": 1,
                "1001111100": 1,
                "1111111000": 1,
                "1000111011": 2,
                "0011010011": 1,
                "0101000101": 1,
                "0000010001": 1,
                "1010010010": 1,
                "0100100110": 1,
                "1000000010": 1,
                "0101101111": 2,
                "1011110001": 1,
                "1100001101": 1,
                "1100100000": 1,
                "1001011000": 1,
                "0110000110": 2,
                "1000100110": 1,
                "0010001111": 1,
                "1001010010": 1,
                "1011111110": 1,
                "0101000100": 1,
                "1001010011": 1,
                "0110101010": 1,
                "0001101000": 1,
                "0111000001": 1,
                "0101101010": 1,
                "0001001110": 1,
                "1000000101": 1,
                "0010010000": 1,
                "0110011001": 1
            },
            false,
            0.98
        ],
        [
            [
                [
                    9,
                    -6,
                    -2
                ],
                [
                    -4,
                    5,
                    8
                ],
                [
                    -8,
                    4,
                    7
                ],
                [
                    -10,
                    -5,
                    -1
                ],
                [
                    9,
                    4,
                    -1
                ],
                [
                    4,
                    10,
                    -5
                ],
                [
                    -2,
                    -10,
                    -4
                ],
                [
                    -1,
                    -10,
                    4
                ],
                [
                    4,
                    -1,
                    2
                ],
                [
                    -7,
                    -3,
                    8
                ],
                [
                    -8,
                    7,
                    -10
                ],
                [
                    4,
                    -6,
                    -5
                ],
                [
                    6,
                    2,
                    -4
                ],
                [
                    6,
                    3,
                    -8
                ],
                [
                    -6,
                    -10,
                    -8
                ],
                [
                    9,
                    7,
                    1
                ],
                [
                    -4,
                    -5,
                    6
                ],
                [
                    10,
                    1,
                    -8
                ],
                [
                    -4,
                    10,
                    9
                ],
                [
                    2,
                    1,
                    7
                ],
                [
                    -7,
                    -4,
                    8
                ],
                [
                    -8,
                    -4,
                    6
                ],
                [
                    8,
                    9,
                    10
                ],
                [
                    5,
                    -7,
                    -4
                ],
                [
                    1,
                    10,
                    6
                ],
                [
                    -4,
                    -9,
                    10
                ],
                [
                    -8,
                    -6,
                    -7
                ],
                [
                    8,
                    -2,
                    -10
                ],
                [
                    5,
                    1,
                    9
                ],
                [
                    2,
                    5,
                    -6
                ],
                [
                    2,
                    7,
                    9
                ],
                [
                    6,
                    -4,
                    10
                ],
                [
                    -2,
                    1,
                    -6
                ],
                [
                    10,
                    -7,
                    9
                ],
                [
                    5,
                    -7,
                    -8
                ],
                [
                    -1,
                    -3,
                    4
                ],
                [
                    10,
                    7,
                    -9
                ],
                [
                    4,
                    -6,
                    -7
                ],
                [
                    -9,
                    -6,
                    2
                ],
                [
                    3,
                    -10,
                    7
                ],
                [
                    -2,
                    6,
                    3
                ],
                [
                    4,
                    10,
                    5
                ],
                [
                    9,
                    2,
                    -10
                ],
                [
                    5,
                    4,
                    9
                ],
                [
                    5,
                    -2,
                    4
                ]
            ],
            "{   'fun': 0.99,\n    'jac': None,\n    'nfev': 45,\n    'nit': 1,\n    'njev': 15,\n    'x': array([2.49748869, 0.83939071])}",
            {
                "0011111000": 1,
                "1110011111": 1,
                "0001000011": 1,
                "1011000001": 1,
                "1100000111": 1,
                "1100110101": 1,
                "0001101000": 1,
                "0011011011": 1,
                "0000110011": 1,
                "0001100110": 1,
                "1010111111": 1,
                "1010111101": 1,
                "1110111011": 1,
                "1110010101": 1,
                "0111101101": 1,
                "0110011010": 1,
                "0011011000": 1,
                "0000011000": 1,
                "1011001100": 1,
                "0010011100": 1,
                "0100100110": 1,
                "0100100011": 1,
                "0001011010": 1,
                "1001111110": 1,
                "1111111111": 1,
                "0111010000": 1,
                "0101110010": 1,
                "0010100101": 1,
                "1000001101": 2,
                "1110110011": 1,
                "1111001010": 1,
                "1011101100": 1,
                "0000000000": 1,
                "0101101100": 1,
                "1110001100": 1,
                "0110000010": 1,
                "0101000110": 1,
                "0100111000": 1,
                "0110011101": 1,
                "1100101100": 1,
                "1101011111": 1,
                "0010101011": 1,
                "1011111100": 1,
                "0011101111": 1,
                "0011100001": 1,
                "0001101001": 1,
                "1010011110": 1,
                "0010110000": 1,
                "0110101010": 1,
                "0011111101": 1,
                "1111011101": 1,
                "0110010101": 1,
                "0110110010": 1,
                "0101100011": 1,
                "0001000111": 1,
                "0010001101": 1,
                "1100010110": 1,
                "1101010000": 1,
                "1001001010": 1,
                "1000000010": 1,
                "1111000100": 1,
                "0110001100": 2,
                "0010000011": 1,
                "1000000101": 1,
                "0011001011": 1,
                "0110100000": 1,
                "1101000000": 2,
                "1011111111": 1,
                "1110100010": 1,
                "0010000111": 1,
                "1001000001": 1,
                "0111101111": 1,
                "0111000100": 1,
                "1100111001": 1,
                "0000010011": 1,
                "0011011100": 1,
                "0010111100": 1,
                "0101100111": 1,
                "1001111111": 1,
                "1101111010": 1,
                "1101001111": 1,
                "1111101110": 1,
                "0010110111": 1,
                "0010010110": 1,
                "1000011000": 1,
                "0101011110": 1,
                "1101110011": 1,
                "1111000010": 1,
                "0000000001": 2,
                "0011010101": 1,
                "0100101000": 1,
                "1000100101": 1,
                "0000101100": 1,
                "1100011101": 1,
                "0101110011": 1,
                "1110110101": 1
            },
            true,
            0.91
        ],
        [
            [
                [
                    7,
                    2,
                    8
                ],
                [
                    3,
                    2,
                    -7
                ],
                [
                    8,
                    -1,
                    9
                ],
                [
                    2,
                    1,
                    5
                ],
                [
                    -9,
                    -3,
                    -8
                ],
                [
                    -3,
                    8,
                    9
                ],
                [
                    4,
                    9,
                    -10
                ],
                [
                    3,
                    8,
                    7
                ],
                [
                    4,
                    -10,
                    9
                ],
                [
                    2,
                    6,
                    9
                ],
                [
                    9,
                    7,
                    -2
                ],
                [
                    2,
                    -1,
                    -8
                ],
                [
                    -5,
                    -3,
                    8
                ],
                [
                    6,
                    -7,
                    -3
                ],
                [
                    -6,
                    2,
                    3
                ],
                [
                    8,
                    -1,
                    -2
                ],
                [
                    2,
                    -6,
                    -4
                ],
                [
                    -4,
                    1,
                    -7
                ],
                [
                    5,
                    2,
                    -4
                ],
                [
                    -7,
                    4,
                    -2
                ],
                [
                    3,
                    1,
                    6
                ],
                [
                    -6,
                    9,
                    -10
                ],
                [
                    -3,
                    -6,
                    -5
                ],
                [
                    -7,
                    9,
                    5
                ],
                [
                    4,
                    8,
                    9
                ],
                [
                    1,
                    -5,
                    10
                ],
                [
                    3,
                    -8,
                    7
                ],
                [
                    9,
                    3,
                    2
                ],
                [
                    -1,
                    5,
                    -3
                ],
                [
                    3,
                    1,
                    6
                ],
                [
                    8,
                    -9,
                    4
                ],
                [
                    -6,
                    -4,
                    -8
                ],
                [
                    3,
                    9,
                    4
                ],
                [
                    9,
                    -5,
                    -1
                ],
                [
                    -5,
                    -2,
                    -8
                ],
                [
                    -3,
                    1,
                    -9
                ],
                [
                    -2,
                    -7,
                    3
                ],
                [
                    -4,
                    3,
                    -1
                ],
                [
                    -2,
                    8,
                    -9
                ],
                [
                    -10,
                    -8,
                    -3
                ],
                [
                    -10,
                    -3,
                    2
                ],
                [
                    -7,
                    8,
                    -9
                ],
                [
                    7,
                    4,
                    -1
                ],
                [
                    6,
                    -4,
                    -8
                ],
                [
                    5,
                    -1,
                    -9
                ]
            ],
            "{   'fun': 1.0,\n    'jac': None,\n    'nfev': 3,\n    'nit': 0,\n    'njev': 1,\n    'x': array([1.76215289, 1.68291279])}",
            {
                "0001111001": 1,
                "1101000001": 1,
                "0000100000": 1,
                "0001000101": 1,
                "1100111100": 1,
                "1000001010": 1,
                "0000001001": 1,
                "1010100000": 1,
                "1100010101": 1,
                "0110111101": 1,
                "0001110010": 1,
                "0100101110": 1,
                "1011100111": 1,
                "1101001001": 1,
                "0011111101": 2,
                "0000000101": 1,
                "0011111111": 1,
                "1011101011": 1,
                "0101110010": 1,
                "1110001111": 1,
                "1100101000": 1,
                "1110000001": 1,
                "0001001111": 1,
                "1010100011": 1,
                "1011000101": 1,
                "1100010111": 1,
                "0110010010": 1,
                "1011011000": 1,
                "0100001000": 1,
                "0111101000": 1,
                "1111011111": 1,
                "1011111101": 1,
                "0111110011": 1,
                "1011001001": 1,
                "0000000000": 1,
                "1011100011": 1,
                "0111110110": 1,
                "0101100101": 1,
                "1111100010": 1,
                "1101000111": 1,
                "1110111111": 1,
                "0110101011": 1,
                "1111111110": 1,
                "1101010100": 1,
                "0110011111": 1,
                "1101110010": 1,
                "1101100111": 1,
                "0001011111": 1,
                "1000010001": 2,
                "1000001000": 1,
                "0011010111": 1,
                "1000001100": 1,
                "1111010011": 1,
                "0110110000": 1,
                "0100111111": 1,
                "1101110100": 1,
                "0000110000": 1,
                "0101110011": 1,
                "0001000100": 1,
                "1100001001": 1,
                "0101111001": 1,
                "0100110101": 1,
                "1110100101": 1,
                "1001001000": 1,
                "0111001100": 2,
                "0010010111": 2,
                "0001100100": 1,
                "1101010000": 1,
                "0001000011": 1,
                "0101101111": 1,
                "1011110001": 1,
                "0010100001": 1,
                "0010011010": 1,
                "0110100001": 1,
                "0011111011": 1,
                "0100010101": 1,
                "0101010101": 1,
                "1001111100": 1,
                "0101001101": 1,
                "1101011010": 1,
                "0010011000": 1,
                "0110001100": 1,
                "1110111000": 1,
                "0000111101": 1,
                "1011011010": 1,
                "1011000010": 1,
                "1101111001": 1,
                "1011000100": 1,
                "0011010010": 1,
                "0000011101": 1,
                "0111011111": 1,
                "1101010010": 1,
                "1111011011": 1,
                "1101111100": 1,
                "1111001111": 1,
                "0100101000": 1
            },
            false,
            1.0
        ],
        [
            [
                [
                    1,
                    6,
                    10
                ],
                [
                    9,
                    -1,
                    -7
                ],
                [
                    6,
                    4,
                    3
                ],
                [
                    -2,
                    7,
                    1
                ],
                [
                    9,
                    1,
                    2
                ],
                [
                    -5,
                    -10,
                    -4
                ],
                [
                    -4,
                    2,
                    -6
                ],
                [
                    10,
                    -8,
                    9
                ],
                [
                    -2,
                    -10,
                    -6
                ],
                [
                    -6,
                    -10,
                    -4
                ],
                [
                    10,
                    -8,
                    -1
                ],
                [
                    1,
                    3,
                    4
                ],
                [
                    8,
                    -2,
                    -7
                ],
                [
                    -8,
                    -7,
                    -5
                ],
                [
                    2,
                    -6,
                    -5
                ],
                [
                    7,
                    -6,
                    5
                ],
                [
                    2,
                    8,
                    -6
                ],
                [
                    4,
                    -3,
                    8
                ],
                [
                    1,
                    -6,
                    2
                ],
                [
                    -1,
                    -10,
                    6
                ],
                [
                    -4,
                    1,
                    -5
                ],
                [
                    -7,
                    -1,
                    6
                ],
                [
                    -3,
                    -1,
                    -7
                ],
                [
                    3,
                    2,
                    -9
                ],
                [
                    2,
                    8,
                    4
                ],
                [
                    10,
                    -8,
                    -9
                ],
                [
                    -1,
                    8,
                    -3
                ],
                [
                    7,
                    5,
                    9
                ],
                [
                    1,
                    -3,
                    6
                ],
                [
                    9,
                    -3,
                    7
                ],
                [
                    7,
                    1,
                    -5
                ],
                [
                    6,
                    5,
                    -9
                ],
                [
                    -3,
                    -9,
                    -2
                ],
                [
                    -7,
                    -2,
                    -5
                ],
                [
                    -7,
                    4,
                    8
                ],
                [
                    5,
                    3,
                    2
                ],
                [
                    -6,
                    -1,
                    -4
                ],
                [
                    -1,
                    -9,
                    -4
                ],
                [
                    -9,
                    -3,
                    7
                ],
                [
                    -1,
                    2,
                    10
                ],
                [
                    -3,
                    4,
                    6
                ],
                [
                    9,
                    -10,
                    3
                ],
                [
                    -9,
                    -6,
                    -2
                ],
                [
                    -9,
                    7,
                    -1
                ],
                [
                    10,
                    6,
                    8
                ]
            ],
            "{   'fun': 0.99,\n    'jac': None,\n    'nfev': 63,\n    'nit': 1,\n    'njev': 21,\n    'x': array([2.48651561, 2.64260122])}",
            {
                "1000100111": 1,
                "1010000001": 1,
                "0001000000": 1,
                "1111111101": 1,
                "1111000000": 1,
                "0011010011": 1,
                "1111001001": 1,
                "1001011111": 1,
                "0110110110": 1,
                "1111001100": 1,
                "0010010011": 1,
                "1101001111": 1,
                "1111100100": 1,
                "1110111100": 1,
                "0000001000": 1,
                "0100100010": 1,
                "1101011001": 1,
                "0000111111": 1,
                "1000111011": 1,
                "1100000010": 1,
                "0111101111": 1,
                "0111000101": 1,
                "0010101001": 1,
                "0000101101": 1,
                "1011110000": 1,
                "0101111101": 1,
                "1110011010": 1,
                "0000011000": 1,
                "1111010010": 1,
                "1001110011": 1,
                "0001100000": 1,
                "0110101001": 1,
                "1000100001": 1,
                "1011110110": 1,
                "0001100100": 1,
                "0111011110": 1,
                "1110100101": 1,
                "1111101000": 1,
                "1011101010": 1,
                "1000101110": 1,
                "0111101001": 1,
                "0000111000": 1,
                "0111001011": 1,
                "0101010101": 1,
                "0101101001": 1,
                "0101111111": 1,
                "0100011011": 1,
                "1110011011": 2,
                "0000101010": 1,
                "0011110111": 1,
                "1101110101": 1,
                "1111011000": 1,
                "0111110000": 1,
                "0111000000": 1,
                "1001100001": 1,
                "0101010011": 1,
                "1000000110": 1,
                "1010100101": 1,
                "0110111100": 1,
                "1110110100": 1,
                "0101100101": 1,
                "1001001101": 1,
                "0000110011": 3,
                "1101010110": 1,
                "1101000111": 1,
                "1000110001": 1,
                "0110110100": 1,
                "0101110110": 1,
                "1101000110": 1,
                "1001011010": 1,
                "1010001010": 1,
                "1010011111": 1,
                "0111100101": 1,
                "0010111110": 1,
                "0111100010": 1,
                "0101111100": 1,
                "0110000100": 1,
                "0011110101": 1,
                "0010100001": 1,
                "1000000000": 1,
                "0000100101": 1,
                "0010100100": 1,
                "1000111100": 1,
                "1110000111": 1,
                "1011101111": 1,
                "1111011010": 1,
                "0010001000": 1,
                "1000110000": 1,
                "0110001010": 1,
                "1110010111": 1,
                "0110111110": 1,
                "1000110100": 1,
                "0111100001": 1,
                "1100001111": 1,
                "0100110000": 2,
                "1000001001": 1
            },
            true,
            0.95
        ],
        [
            [
                [
                    2,
                    -10,
                    -6
                ],
                [
                    -8,
                    10,
                    6
                ],
                [
                    7,
                    -9,
                    4
                ],
                [
                    -10,
                    4,
                    -1
                ],
                [
                    -2,
                    1,
                    -3
                ],
                [
                    3,
                    1,
                    -6
                ],
                [
                    10,
                    9,
                    6
                ],
                [
                    -2,
                    10,
                    -3
                ],
                [
                    10,
                    -4,
                    3
                ],
                [
                    -9,
                    -10,
                    3
                ],
                [
                    -6,
                    -3,
                    -2
                ],
                [
                    4,
                    9,
                    -10
                ],
                [
                    1,
                    2,
                    -8
                ],
                [
                    -6,
                    -10,
                    -7
                ],
                [
                    -7,
                    6,
                    9
                ],
                [
                    7,
                    -4,
                    -6
                ],
                [
                    1,
                    -6,
                    -3
                ],
                [
                    -6,
                    2,
                    -1
                ],
                [
                    -4,
                    -2,
                    -6
                ],
                [
                    3,
                    -5,
                    -4
                ],
                [
                    -8,
                    -7,
                    -4
                ],
                [
                    -7,
                    9,
                    6
                ],
                [
                    9,
                    6,
                    8
                ],
                [
                    2,
                    1,
                    -3
                ],
                [
                    1,
                    -3,
                    7
                ],
                [
                    6,
                    -5,
                    1
                ],
                [
                    -2,
                    -7,
                    3
                ],
                [
                    -4,
                    -8,
                    6
                ],
                [
                    -8,
                    -10,
                    2
                ],
                [
                    -4,
                    -1,
                    -10
                ],
                [
                    6,
                    1,
                    -7
                ],
                [
                    4,
                    2,
                    1
                ],
                [
                    -3,
                    -4,
                    -5
                ],
                [
                    -9,
                    5,
                    -6
                ],
                [
                    8,
                    -4,
                    2
                ],
                [
                    7,
                    -5,
                    -6
                ],
                [
                    3,
                    -1,
                    5
                ],
                [
                    1,
                    -9,
                    -7
                ],
                [
                    10,
                    4,
                    -5
                ],
                [
                    -4,
                    3,
                    9
                ],
                [
                    9,
                    1,
                    2
                ],
                [
                    -2,
                    -1,
                    10
                ],
                [
                    -4,
                    6,
                    5
                ],
                [
                    6,
                    -7,
                    -4
                ],
                [
                    3,
                    -2,
                    5
                ]
            ],
            "{   'fun': 0.99,\n    'jac': None,\n    'nfev': 63,\n    'nit': 0,\n    'njev': 21,\n    'x': array([2.58572401, 0.04774246])}",
            {
                "0000011111": 1,
                "1110111100": 1,
                "1110101101": 1,
                "0111111010": 1,
                "1000101010": 1,
                "1000111010": 1,
                "0110100010": 1,
                "0000011001": 1,
                "0100111011": 1,
                "1010110100": 1,
                "1111100101": 1,
                "1111001110": 1,
                "1010001011": 1,
                "0100110010": 1,
                "0100110101": 1,
                "1101110100": 1,
                "1100100000": 1,
                "1110001001": 1,
                "0000000100": 1,
                "0011001000": 1,
                "0010101000": 1,
                "0001010111": 2,
                "1100010011": 1,
                "0011101101": 1,
                "0000010011": 1,
                "1010110101": 1,
                "1000000100": 1,
                "1101011000": 1,
                "1000000011": 1,
                "1000101110": 1,
                "1111101000": 1,
                "1000100101": 1,
                "1101100110": 1,
                "1000101011": 1,
                "0000100101": 1,
                "0110011110": 1,
                "0110010110": 1,
                "1010010000": 1,
                "1111010011": 1,
                "1000001100": 1,
                "1100001111": 1,
                "1110100100": 1,
                "1101100111": 1,
                "1100110100": 1,
                "1111110010": 1,
                "1101110000": 1,
                "0111000000": 1,
                "1011010010": 1,
                "0101000101": 1,
                "0011101100": 1,
                "0100010011": 1,
                "1100010101": 1,
                "1011101100": 1,
                "0000011110": 1,
                "1101111011": 1,
                "1001110110": 1,
                "1110101010": 2,
                "0110110101": 1,
                "0010110010": 1,
                "0100010100": 1,
                "1100001001": 2,
                "0001111010": 1,
                "0010001011": 1,
                "1000110001": 1,
                "1011011000": 1,
                "0011111110": 1,
                "0001101000": 1,
                "1100010010": 2,
                "0110011000": 1,
                "1011100010": 1,
                "0010100110": 1,
                "0100111111": 1,
                "1110100001": 1,
                "0000111111": 1,
                "1011000101": 1,
                "1001000001": 1,
                "1110000101": 1,
                "1010110010": 1,
                "1010010001": 1,
                "1001111110": 1,
                "0111010000": 1,
                "1101110101": 1,
                "1111011000": 1,
                "1111011101": 1,
                "1010100110": 1,
                "1101101001": 1,
                "0001111000": 1,
                "0011010101": 1,
                "0111010011": 1,
                "0110001010": 1,
                "0110101101": 1,
                "0100100101": 1,
                "1100111010": 1,
                "1110101111": 1,
                "0001111111": 1,
                "0111001100": 1
            },
            true,
            0.96
        ]
    ]
}