{
    "n": 10,
    "m": 45,
    "results": [
        [
            [
                [
                    1,
                    -3,
                    -2
                ],
                [
                    -2,
                    1,
                    -4
                ],
                [
                    10,
                    3,
                    -4
                ],
                [
                    7,
                    -9,
                    5
                ],
                [
                    4,
                    5,
                    -7
                ],
                [
                    -5,
                    10,
                    6
                ],
                [
                    -2,
                    -9,
                    1
                ],
                [
                    9,
                    -6,
                    -7
                ],
                [
                    -8,
                    4,
                    9
                ],
                [
                    9,
                    6,
                    1
                ],
                [
                    2,
                    -3,
                    -1
                ],
                [
                    1,
                    -10,
                    3
                ],
                [
                    8,
                    -6,
                    7
                ],
                [
                    -4,
                    2,
                    -10
                ],
                [
                    8,
                    6,
                    7
                ],
                [
                    10,
                    7,
                    -2
                ],
                [
                    -3,
                    -5,
                    -1
                ],
                [
                    -7,
                    3,
                    -10
                ],
                [
                    -8,
                    -4,
                    2
                ],
                [
                    6,
                    -10,
                    -2
                ],
                [
                    -8,
                    2,
                    -4
                ],
                [
                    -4,
                    -9,
                    -6
                ],
                [
                    -4,
                    8,
                    1
                ],
                [
                    5,
                    4,
                    -3
                ],
                [
                    7,
                    -4,
                    -9
                ],
                [
                    9,
                    -10,
                    -1
                ],
                [
                    -5,
                    -2,
                    8
                ],
                [
                    10,
                    -4,
                    -3
                ],
                [
                    -6,
                    4,
                    -8
                ],
                [
                    1,
                    5,
                    -10
                ],
                [
                    3,
                    9,
                    8
                ],
                [
                    2,
                    -1,
                    -8
                ],
                [
                    -10,
                    8,
                    -4
                ],
                [
                    1,
                    8,
                    4
                ],
                [
                    3,
                    -4,
                    8
                ],
                [
                    -9,
                    -6,
                    -1
                ],
                [
                    -2,
                    10,
                    -4
                ],
                [
                    -1,
                    7,
                    -4
                ],
                [
                    -2,
                    -7,
                    -8
                ],
                [
                    5,
                    10,
                    -7
                ],
                [
                    -3,
                    -4,
                    -7
                ],
                [
                    5,
                    -1,
                    -2
                ],
                [
                    -1,
                    5,
                    -9
                ],
                [
                    -9,
                    -2,
                    6
                ],
                [
                    3,
                    -9,
                    -8
                ]
            ],
            "{   'fun': 1.0,\n    'jac': None,\n    'nfev': 3,\n    'nit': 0,\n    'njev': 1,\n    'x': array([0.07271878, 0.08518428])}",
            {
                "1001011010": 1,
                "1000111011": 1,
                "1100011000": 1,
                "1010111111": 1,
                "0100101111": 1,
                "0101101011": 1,
                "1110110010": 1,
                "0100011111": 1,
                "0111000100": 1,
                "0010100110": 1,
                "0000111100": 1,
                "0011111101": 1,
                "0100011100": 1,
                "1100000111": 1,
                "1001001001": 1,
                "1011000001": 1,
                "0011111111": 1,
                "0001111000": 2,
                "1001100100": 1,
                "1101011000": 1,
                "0100010011": 1,
                "0111001111": 1,
                "1100111011": 1,
                "1000101010": 1,
                "1000111111": 1,
                "1111100001": 1,
                "1110101001": 1,
                "0110010011": 1,
                "0010001011": 1,
                "1000000100": 1,
                "1111100110": 1,
                "1010001101": 1,
                "1010101010": 1,
                "1111010011": 1,
                "1111110100": 1,
                "0000011111": 1,
                "0111001001": 1,
                "0011110110": 1,
                "0111100110": 1,
                "1001110110": 1,
                "1000011110": 1,
                "1011110101": 1,
                "1010010100": 1,
                "0000000001": 1,
                "0011110010": 1,
                "1110010011": 1,
                "0110000000": 2,
                "1100010110": 1,
                "0101011000": 1,
                "0000101101": 1,
                "1101110101": 1,
                "0000010110": 1,
                "0001000001": 1,
                "1111010001": 1,
                "1010000111": 1,
                "0101011011": 1,
                "1011000101": 1,
                "1011000111": 1,
                "1111101111": 1,
                "1011001010": 1,
                "0111001011": 1,
                "0001000010": 1,
                "0111001100": 1,
                "0001111111": 1,
                "1011111001": 1,
                "0010001000": 1,
                "1001001011": 1,
                "1110001100": 1,
                "0110111110": 1,
                "1000001011": 1,
                "0000000110": 1,
                "0110101100": 1,
                "1011110010": 1,
                "0000001101": 1,
                "1100001101": 1,
                "1001100001": 1,
                "1001101000": 1,
                "0010001101": 1,
                "1001001010": 1,
                "0001100100": 1,
                "0101001010": 1,
                "0001111110": 1,
                "0101000011": 1,
                "1101111001": 1,
                "1011011010": 1,
                "0010101101": 1,
                "0101111111": 1,
                "0100011011": 1,
                "0101100110": 1,
                "1001010000": 1,
                "1101010100": 2,
                "1000110001": 1,
                "1000110010": 1,
                "0100010110": 1,
                "0010000000": 1,
                "0111010010": 1,
                "0110011001": 1
            },
            false,
            1.0
        ],
        [
            [
                [
                    -7,
                    9,
                    5
                ],
                [
                    2,
                    -5,
                    -9
                ],
                [
                    9,
                    3,
                    8
                ],
                [
                    -4,
                    -7,
                    -9
                ],
                [
                    -6,
                    5,
                    4
                ],
                [
                    3,
                    7,
                    -9
                ],
                [
                    8,
                    -2,
                    4
                ],
                [
                    7,
                    9,
                    10
                ],
                [
                    9,
                    -6,
                    7
                ],
                [
                    5,
                    -8,
                    -2
                ],
                [
                    4,
                    -6,
                    -7
                ],
                [
                    4,
                    2,
                    -6
                ],
                [
                    -10,
                    -6,
                    -7
                ],
                [
                    8,
                    3,
                    6
                ],
                [
                    -4,
                    7,
                    1
                ],
                [
                    2,
                    3,
                    6
                ],
                [
                    6,
                    5,
                    1
                ],
                [
                    6,
                    -1,
                    -3
                ],
                [
                    -5,
                    -1,
                    -2
                ],
                [
                    -3,
                    1,
                    5
                ],
                [
                    3,
                    4,
                    2
                ],
                [
                    -4,
                    9,
                    -2
                ],
                [
                    5,
                    -3,
                    6
                ],
                [
                    8,
                    -2,
                    7
                ],
                [
                    3,
                    4,
                    -1
                ],
                [
                    -6,
                    3,
                    -2
                ],
                [
                    8,
                    -4,
                    10
                ],
                [
                    6,
                    -3,
                    -9
                ],
                [
                    5,
                    -7,
                    10
                ],
                [
                    -8,
                    1,
                    -2
                ],
                [
                    -3,
                    2,
                    6
                ],
                [
                    6,
                    8,
                    -9
                ],
                [
                    -8,
                    4,
                    -5
                ],
                [
                    -2,
                    -9,
                    7
                ],
                [
                    3,
                    5,
                    -6
                ],
                [
                    6,
                    -3,
                    4
                ],
                [
                    -8,
                    -2,
                    6
                ],
                [
                    8,
                    6,
                    -9
                ],
                [
                    5,
                    -2,
                    8
                ],
                [
                    -5,
                    1,
                    9
                ],
                [
                    -9,
                    2,
                    -3
                ],
                [
                    -10,
                    4,
                    -9
                ],
                [
                    -6,
                    7,
                    -3
                ],
                [
                    -4,
                    1,
                    -8
                ],
                [
                    9,
                    10,
                    -7
                ]
            ],
            "{   'fun': 1.0,\n    'jac': None,\n    'nfev': 3,\n    'nit': 0,\n    'njev': 1,\n    'x': array([2.49748869, 0.8393808 ])}",
            {
                "0010111110": 1,
                "0101111010": 1,
                "0000100011": 1,
                "0000101101": 1,
                "1110000011": 1,
                "0000110000": 1,
                "0111001000": 1,
                "1111110100": 1,
                "0100011011": 1,
                "1110110010": 1,
                "1110001111": 1,
                "1000010001": 1,
                "1000111111": 1,
                "0110111100": 1,
                "1100001100": 1,
                "0110110111": 1,
                "1011111011": 1,
                "1010101101": 1,
                "0000001010": 1,
                "1010010100": 1,
                "0110011110": 1,
                "0001110101": 1,
                "0110110011": 1,
                "1011011000": 1,
                "0100001000": 1,
                "0111100001": 1,
                "0010111011": 1,
                "0100010100": 1,
                "0110001100": 1,
                "0011110100": 1,
                "0101101010": 1,
                "1000100100": 1,
                "1011101010": 1,
                "0011000111": 1,
                "0110011111": 1,
                "1111101111": 1,
                "0101011110": 1,
                "0010011101": 1,
                "1100110100": 1,
                "0100001011": 1,
                "1101100111": 1,
                "1010111001": 1,
                "0110001010": 1,
                "0110111010": 1,
                "0100101011": 1,
                "0000110001": 1,
                "0111010011": 1,
                "1111001001": 1,
                "1000000111": 1,
                "0000001110": 2,
                "1001101111": 1,
                "0101111001": 1,
                "0101010101": 1,
                "0111001011": 1,
                "1111010011": 1,
                "0100011000": 1,
                "0101000010": 1,
                "1110010110": 1,
                "1100100001": 1,
                "0000100101": 1,
                "0100001111": 1,
                "0101100101": 1,
                "0010111010": 1,
                "0110111001": 1,
                "0001000010": 1,
                "0111001100": 1,
                "1110000001": 1,
                "0010100110": 1,
                "0000001011": 1,
                "1100101110": 1,
                "0110000110": 1,
                "1010100010": 1,
                "1010011010": 1,
                "0010000100": 1,
                "1000101001": 1,
                "0110101101": 1,
                "0001000000": 2,
                "0111001001": 1,
                "0011110110": 1,
                "1010111110": 1,
                "1111110101": 1,
                "1101101100": 1,
                "1111001110": 1,
                "0100000101": 1,
                "0001110110": 1,
                "1001000110": 1,
                "0010011001": 1,
                "0110100101": 1,
                "0000010110": 1,
                "1101101010": 1,
                "0111111000": 1,
                "0000010101": 1,
                "0000100001": 1,
                "0111101011": 1,
                "1011001100": 1,
                "1001011011": 1,
                "1000111010": 1,
                "1010110011": 1
            },
            false,
            1.0
        ],
        [
            [
                [
                    8,
                    -5,
                    10
                ],
                [
                    -4,
                    1,
                    -10
                ],
                [
                    -2,
                    5,
                    6
                ],
                [
                    -10,
                    -2,
                    -9
                ],
                [
                    -3,
                    -1,
                    6
                ],
                [
                    -3,
                    9,
                    -10
                ],
                [
                    6,
                    10,
                    -4
                ],
                [
                    3,
                    6,
                    -4
                ],
                [
                    8,
                    -6,
                    7
                ],
                [
                    7,
                    -5,
                    -1
                ],
                [
                    -10,
                    3,
                    -5
                ],
                [
                    6,
                    7,
                    -10
                ],
                [
                    -4,
                    -3,
                    6
                ],
                [
                    -9,
                    -7,
                    2
                ],
                [
                    -2,
                    -9,
                    7
                ],
                [
                    -9,
                    2,
                    -6
                ],
                [
                    9,
                    3,
                    -4
                ],
                [
                    -1,
                    10,
                    8
                ],
                [
                    -4,
                    8,
                    5
                ],
                [
                    7,
                    9,
                    10
                ],
                [
                    -5,
                    -4,
                    -3
                ],
                [
                    7,
                    -2,
                    -6
                ],
                [
                    -10,
                    -4,
                    9
                ],
                [
                    1,
                    2,
                    -6
                ],
                [
                    8,
                    -9,
                    -4
                ],
                [
                    9,
                    -6,
                    -3
                ],
                [
                    -7,
                    -4,
                    -1
                ],
                [
                    -1,
                    -6,
                    -4
                ],
                [
                    -4,
                    -1,
                    7
                ],
                [
                    -5,
                    -3,
                    -8
                ],
                [
                    -10,
                    -3,
                    -2
                ],
                [
                    6,
                    4,
                    8
                ],
                [
                    1,
                    2,
                    3
                ],
                [
                    6,
                    4,
                    -7
                ],
                [
                    6,
                    3,
                    -8
                ],
                [
                    -6,
                    8,
                    4
                ],
                [
                    8,
                    -5,
                    -1
                ],
                [
                    8,
                    -1,
                    7
                ],
                [
                    10,
                    -4,
                    9
                ],
                [
                    -4,
                    -2,
                    9
                ],
                [
                    1,
                    8,
                    -5
                ],
                [
                    6,
                    -5,
                    -9
                ],
                [
                    2,
                    1,
                    3
                ],
                [
                    -10,
                    -6,
                    -9
                ],
                [
                    -4,
                    -2,
                    3
                ]
            ],
            "{   'fun': 0.87,\n    'jac': None,\n    'nfev': 63,\n    'nit': 0,\n    'njev': 21,\n    'x': array([1.76215289, 1.68291279])}",
            {
                "1000011010": 1,
                "1111000011": 1,
                "1111001101": 1,
                "0110110101": 1,
                "0000010011": 1,
                "1001001011": 1,
                "0010110101": 1,
                "1001111101": 1,
                "0010000111": 1,
                "0011010010": 1,
                "0011101001": 1,
                "0110000001": 1,
                "1111111000": 1,
                "1111001100": 1,
                "0101000001": 1,
                "0101001101": 1,
                "1101001110": 1,
                "1100001011": 1,
                "1001010100": 1,
                "1010000000": 1,
                "0110001010": 1,
                "0010100000": 1,
                "0000011001": 1,
                "1101001000": 1,
                "0001100001": 1,
                "0011100010": 1,
                "0110111101": 1,
                "1010000010": 1,
                "1111100111": 1,
                "0011111010": 1,
                "0011110010": 1,
                "1001100001": 1,
                "1101111100": 1,
                "0111101110": 1,
                "0110011100": 1,
                "0111100011": 1,
                "0011011101": 1,
                "1001001101": 1,
                "1001001010": 1,
                "0011100110": 1,
                "0010100010": 1,
                "1101000010": 1,
                "0101101110": 1,
                "1011101100": 1,
                "0110110011": 1,
                "1001011101": 1,
                "0111000111": 1,
                "1110000010": 2,
                "1100001101": 2,
                "0011001010": 1,
                "0011111110": 1,
                "1110100111": 1,
                "0111100110": 1,
                "0100000101": 1,
                "1010111001": 1,
                "0010111001": 1,
                "0011010111": 1,
                "1100000001": 1,
                "1011001010": 1,
                "1100011010": 1,
                "0111100010": 2,
                "0111101100": 1,
                "0111001010": 1,
                "0011110001": 1,
                "0111011010": 1,
                "0010011010": 1,
                "1100100110": 1,
                "0100001101": 1,
                "1000111110": 1,
                "0100110111": 1,
                "0110000100": 1,
                "1100111110": 1,
                "0011100011": 1,
                "1111101011": 1,
                "0111011111": 2,
                "0011100001": 1,
                "0001101110": 1,
                "0011010100": 1,
                "1111011101": 1,
                "1000001100": 1,
                "1111010011": 1,
                "0100011000": 2,
                "1000110101": 1,
                "0001000101": 1,
                "1001011011": 1,
                "1110101010": 2,
                "1111110011": 1,
                "1010101110": 1,
                "0110011101": 1,
                "1001001110": 1,
                "0111110011": 1,
                "1000100111": 1,
                "0011111100": 1,
                "0110101110": 1
            },
            true,
            0.83
        ],
        [
            [
                [
                    5,
                    -8,
                    -4
                ],
                [
                    -1,
                    10,
                    9
                ],
                [
                    -1,
                    -2,
                    -10
                ],
                [
                    -10,
                    -2,
                    8
                ],
                [
                    -8,
                    -10,
                    -3
                ],
                [
                    1,
                    6,
                    5
                ],
                [
                    -6,
                    2,
                    -7
                ],
                [
                    -6,
                    -5,
                    -2
                ],
                [
                    -10,
                    -5,
                    -8
                ],
                [
                    -10,
                    -5,
                    -2
                ],
                [
                    -7,
                    -5,
                    9
                ],
                [
                    -9,
                    -6,
                    2
                ],
                [
                    9,
                    10,
                    -7
                ],
                [
                    10,
                    -9,
                    2
                ],
                [
                    10,
                    -8,
                    4
                ],
                [
                    -2,
                    1,
                    -4
                ],
                [
                    -9,
                    5,
                    4
                ],
                [
                    3,
                    9,
                    -2
                ],
                [
                    -10,
                    1,
                    3
                ],
                [
                    4,
                    -6,
                    -9
                ],
                [
                    9,
                    -1,
                    10
                ],
                [
                    -6,
                    1,
                    3
                ],
                [
                    -1,
                    -9,
                    -5
                ],
                [
                    -3,
                    9,
                    1
                ],
                [
                    -10,
                    -2,
                    -1
                ],
                [
                    -9,
                    3,
                    -1
                ],
                [
                    -7,
                    -1,
                    -2
                ],
                [
                    -4,
                    2,
                    -7
                ],
                [
                    3,
                    5,
                    4
                ],
                [
                    7,
                    -1,
                    10
                ],
                [
                    8,
                    -6,
                    2
                ],
                [
                    -10,
                    1,
                    -8
                ],
                [
                    -10,
                    -6,
                    -8
                ],
                [
                    3,
                    -7,
                    9
                ],
                [
                    3,
                    -9,
                    10
                ],
                [
                    -2,
                    7,
                    -4
                ],
                [
                    6,
                    -4,
                    8
                ],
                [
                    -4,
                    10,
                    8
                ],
                [
                    8,
                    -6,
                    10
                ],
                [
                    -2,
                    1,
                    -10
                ],
                [
                    -6,
                    10,
                    9
                ],
                [
                    -5,
                    2,
                    -6
                ],
                [
                    -8,
                    7,
                    4
                ],
                [
                    -5,
                    -3,
                    6
                ],
                [
                    8,
                    10,
                    1
                ]
            ],
            "{   'fun': 0.93,\n    'jac': None,\n    'nfev': 102,\n    'nit': 3,\n    'njev': 34,\n    'x': array([2.48651572, 2.64260193])}",
            {
                "0000001011": 1,
                "0110001101": 1,
                "0110001001": 1,
                "1110001011": 1,
                "1100100100": 1,
                "1010001011": 1,
                "1000001011": 1,
                "1000111010": 1,
                "1110100010": 1,
                "1000110110": 1,
                "0111000101": 1,
                "1010100101": 1,
                "0001100000": 1,
                "0011010001": 1,
                "0010100011": 1,
                "1111010100": 1,
                "1111000111": 1,
                "0101000110": 1,
                "0110000010": 1,
                "1010001110": 1,
                "0001001000": 1,
                "1000010100": 1,
                "0011000001": 1,
                "1010001001": 1,
                "0110011111": 1,
                "1010001100": 1,
                "1001110110": 1,
                "0010000001": 1,
                "1111000101": 1,
                "1110101101": 1,
                "1111110111": 1,
                "0110011101": 1,
                "1100110000": 1,
                "0011000100": 1,
                "1011011010": 1,
                "1010110110": 1,
                "0011011000": 1,
                "1110010101": 1,
                "0100010101": 1,
                "1101110111": 1,
                "1000011101": 1,
                "1001000101": 5,
                "1000101010": 1,
                "0010010001": 2,
                "0000100000": 1,
                "1001001101": 1,
                "0010111100": 1,
                "0111100011": 1,
                "1001101110": 1,
                "0101000111": 1,
                "1111111100": 1,
                "1010110011": 1,
                "0000110010": 1,
                "1100010000": 1,
                "0010101010": 1,
                "0000010010": 1,
                "0110001110": 1,
                "0011000010": 1,
                "0100001101": 1,
                "0101101110": 1,
                "1001110010": 1,
                "0101010000": 1,
                "1111110101": 1,
                "0100100010": 1,
                "1101000000": 1,
                "0000001001": 1,
                "1011111010": 1,
                "1111111011": 1,
                "1011110000": 1,
                "0111010011": 1,
                "1000110001": 1,
                "1110111111": 1,
                "1111111010": 2,
                "1011010000": 1,
                "0001100010": 1,
                "1100111111": 1,
                "0110001011": 1,
                "1100111101": 1,
                "1000010001": 2,
                "0001011000": 1,
                "1110011101": 1,
                "1110001001": 1,
                "0100000100": 1,
                "0010000011": 1,
                "1000000101": 1,
                "1000111100": 1,
                "1110010110": 1,
                "0111111011": 1,
                "1011000011": 1,
                "0000111111": 1,
                "0101110111": 1,
                "1110110001": 1,
                "1100101001": 1
            },
            true,
            0.85
        ],
        [
            [
                [
                    -4,
                    -8,
                    6
                ],
                [
                    7,
                    10,
                    -4
                ],
                [
                    -9,
                    7,
                    -3
                ],
                [
                    7,
                    -6,
                    -3
                ],
                [
                    7,
                    9,
                    -3
                ],
                [
                    -9,
                    8,
                    1
                ],
                [
                    4,
                    -7,
                    1
                ],
                [
                    9,
                    5,
                    7
                ],
                [
                    5,
                    10,
                    3
                ],
                [
                    9,
                    7,
                    -3
                ],
                [
                    4,
                    -3,
                    -10
                ],
                [
                    6,
                    -9,
                    -4
                ],
                [
                    -2,
                    6,
                    8
                ],
                [
                    -7,
                    6,
                    2
                ],
                [
                    -6,
                    5,
                    -10
                ],
                [
                    -8,
                    -4,
                    1
                ],
                [
                    -9,
                    -10,
                    8
                ],
                [
                    2,
                    -1,
                    4
                ],
                [
                    9,
                    6,
                    2
                ],
                [
                    5,
                    8,
                    -7
                ],
                [
                    10,
                    8,
                    -6
                ],
                [
                    3,
                    -1,
                    -6
                ],
                [
                    -1,
                    -5,
                    4
                ],
                [
                    -3,
                    8,
                    -2
                ],
                [
                    -8,
                    2,
                    -4
                ],
                [
                    -8,
                    9,
                    -5
                ],
                [
                    -1,
                    -9,
                    3
                ],
                [
                    -6,
                    -3,
                    5
                ],
                [
                    7,
                    8,
                    -5
                ],
                [
                    -8,
                    -2,
                    6
                ],
                [
                    -9,
                    2,
                    7
                ],
                [
                    10,
                    8,
                    -2
                ],
                [
                    -9,
                    4,
                    -7
                ],
                [
                    1,
                    5,
                    9
                ],
                [
                    7,
                    -10,
                    -8
                ],
                [
                    -4,
                    3,
                    -2
                ],
                [
                    2,
                    4,
                    -8
                ],
                [
                    8,
                    4,
                    -5
                ],
                [
                    3,
                    2,
                    8
                ],
                [
                    -3,
                    8,
                    -9
                ],
                [
                    -6,
                    -10,
                    3
                ],
                [
                    -10,
                    -8,
                    6
                ],
                [
                    -6,
                    -9,
                    1
                ],
                [
                    -3,
                    -5,
                    -10
                ],
                [
                    -5,
                    7,
                    10
                ]
            ],
            "{   'fun': 1.0,\n    'jac': None,\n    'nfev': 54,\n    'nit': 1,\n    'njev': 18,\n    'x': array([2.58572373, 0.04774218])}",
            {
                "0011111100": 1,
                "1010010000": 1,
                "0011101110": 1,
                "0010101010": 1,
                "1110000100": 1,
                "1000001011": 1,
                "1001111100": 1,
                "1101110010": 1,
                "1001000100": 1,
                "0011101101": 1,
                "0000100101": 1,
                "0110001110": 1,
                "0000000100": 1,
                "0111000110": 1,
                "0001111010": 1,
                "0000010001": 1,
                "0111110110": 1,
                "1000011000": 1,
                "1101110110": 1,
                "1010001101": 1,
                "1011111111": 1,
                "1001001001": 1,
                "0101011010": 1,
                "0010100000": 2,
                "1100010001": 1,
                "1011100010": 1,
                "0001010010": 1,
                "0000100011": 1,
                "0010111001": 1,
                "1001001000": 1,
                "0110101000": 1,
                "0100101111": 1,
                "1001100001": 1,
                "1101111100": 1,
                "0001010000": 1,
                "1110001000": 1,
                "1110000101": 1,
                "1100001010": 1,
                "0111111111": 1,
                "0101100110": 1,
                "1000001000": 1,
                "0100101110": 1,
                "1001101111": 1,
                "0001110010": 1,
                "0010110101": 1,
                "0110000010": 1,
                "0001101101": 1,
                "0100111011": 1,
                "1111101101": 1,
                "0010101001": 1,
                "0011010011": 1,
                "1100110010": 1,
                "1000111100": 1,
                "1010100111": 1,
                "0001001110": 1,
                "0111101110": 1,
                "1110001001": 1,
                "1111111000": 1,
                "0000101001": 1,
                "0000101111": 1,
                "1100101011": 1,
                "0000000001": 1,
                "1100111001": 1,
                "0011100000": 1,
                "1011011010": 1,
                "1111010111": 1,
                "1011000010": 1,
                "1101011110": 1,
                "1011101101": 1,
                "1101010001": 1,
                "0011101011": 1,
                "0100110001": 1,
                "1001011011": 1,
                "0000100110": 1,
                "1101101111": 1,
                "1100100110": 1,
                "1101001101": 1,
                "0101100001": 1,
                "0111110001": 1,
                "1101111101": 1,
                "1100100010": 1,
                "0010000001": 1,
                "0001101100": 1,
                "1101100101": 1,
                "0000000000": 2,
                "1110010111": 1,
                "1001001011": 1,
                "0111011110": 2,
                "0011011100": 1,
                "1011111110": 1,
                "1111100101": 1,
                "0011111101": 1,
                "1101111011": 1,
                "1100001111": 1,
                "0000111000": 2,
                "0101010101": 1
            },
            false,
            0.97
        ]
    ]
}