{
    "n": 10,
    "m": 45,
    "results": [
        [
            [
                [
                    4,
                    3,
                    -2
                ],
                [
                    3,
                    2,
                    -7
                ],
                [
                    -3,
                    -7,
                    -1
                ],
                [
                    9,
                    -10,
                    -2
                ],
                [
                    9,
                    -6,
                    10
                ],
                [
                    -5,
                    -4,
                    1
                ],
                [
                    9,
                    7,
                    -1
                ],
                [
                    -1,
                    -2,
                    6
                ],
                [
                    -7,
                    -5,
                    2
                ],
                [
                    -7,
                    9,
                    6
                ],
                [
                    5,
                    -1,
                    -10
                ],
                [
                    5,
                    -8,
                    -10
                ],
                [
                    -8,
                    7,
                    -10
                ],
                [
                    -4,
                    -6,
                    -3
                ],
                [
                    -3,
                    -1,
                    -2
                ],
                [
                    9,
                    -8,
                    -3
                ],
                [
                    -8,
                    10,
                    -7
                ],
                [
                    -4,
                    -10,
                    5
                ],
                [
                    -1,
                    -7,
                    10
                ],
                [
                    4,
                    8,
                    2
                ],
                [
                    -7,
                    -2,
                    3
                ],
                [
                    1,
                    -9,
                    -3
                ],
                [
                    6,
                    -8,
                    1
                ],
                [
                    -9,
                    -10,
                    -6
                ],
                [
                    3,
                    -10,
                    2
                ],
                [
                    -1,
                    -7,
                    5
                ],
                [
                    -1,
                    9,
                    4
                ],
                [
                    -9,
                    -5,
                    -3
                ],
                [
                    -10,
                    2,
                    -1
                ],
                [
                    -2,
                    10,
                    9
                ],
                [
                    10,
                    -4,
                    6
                ],
                [
                    7,
                    4,
                    1
                ],
                [
                    -6,
                    9,
                    -3
                ],
                [
                    -5,
                    7,
                    10
                ],
                [
                    7,
                    -4,
                    -6
                ],
                [
                    -10,
                    3,
                    -6
                ],
                [
                    5,
                    -9,
                    -3
                ],
                [
                    -7,
                    -8,
                    -4
                ],
                [
                    10,
                    -7,
                    -9
                ],
                [
                    8,
                    -5,
                    6
                ],
                [
                    1,
                    -4,
                    -8
                ],
                [
                    3,
                    -8,
                    -2
                ],
                [
                    -2,
                    -4,
                    10
                ],
                [
                    -9,
                    -6,
                    7
                ],
                [
                    -6,
                    -4,
                    5
                ]
            ],
            "{   'fun': 1.0,\n    'jac': None,\n    'nfev': 78,\n    'nit': None,\n    'njev': None,\n    'x': array([1.81348052, 2.01006074, 0.27035119, 1.31043593, 0.9263922 ,\n       0.8909985 , 0.51299128, 1.52353572])}",
            {
                "1101100010": 1,
                "0001000011": 1,
                "1000100010": 1,
                "0011010100": 1,
                "0101010111": 1,
                "1001111010": 1,
                "1001111000": 1,
                "1000100011": 1,
                "1001001101": 1,
                "0110101101": 1,
                "1110011110": 1,
                "1010101011": 1,
                "1100011111": 1,
                "0000101110": 1,
                "1000010011": 1,
                "1110010001": 2,
                "1010111100": 1,
                "1000011100": 1,
                "0111001100": 1,
                "1111100011": 1,
                "0000011100": 1,
                "1110111010": 1,
                "1001110110": 1,
                "0100011101": 1,
                "0011000001": 1,
                "0010101010": 1,
                "0111000100": 1,
                "0111000101": 1,
                "1110010100": 1,
                "0010011100": 1,
                "1011010110": 1,
                "1011111100": 1,
                "0000111001": 1,
                "0000001010": 1,
                "1110101011": 1,
                "1001011000": 1,
                "1111011110": 1,
                "1000001001": 1,
                "1001000110": 1,
                "1000000011": 1,
                "1101101011": 1,
                "1100001110": 1,
                "1101111000": 1,
                "0101000000": 1,
                "0110010111": 1,
                "0000011010": 1,
                "1010001110": 1,
                "1000001101": 1,
                "1101000010": 1,
                "0010100010": 2,
                "1110100010": 1,
                "1010011011": 1,
                "0101111010": 1,
                "0001001001": 1,
                "1011111101": 1,
                "0110100100": 1,
                "0111111111": 1,
                "0000111100": 1,
                "1000010111": 1,
                "0100100111": 1,
                "0001011111": 1,
                "0111011010": 1,
                "0101000101": 1,
                "1110011100": 1,
                "1111000110": 1,
                "1111001010": 2,
                "1110110101": 1,
                "1110000010": 1,
                "1100001101": 1,
                "1011011001": 1,
                "0011101100": 1,
                "1100101010": 1,
                "0011101011": 1,
                "1111011111": 1,
                "1110000110": 1,
                "0110111100": 1,
                "1110001000": 1,
                "0111100110": 1,
                "0111111001": 1,
                "1110000000": 1,
                "1010111001": 1,
                "1111111101": 1,
                "1010000111": 1,
                "0011100010": 1,
                "0010010001": 1,
                "1110000011": 1,
                "1010100111": 1,
                "0000001111": 1,
                "0110001000": 1,
                "0100010000": 1,
                "0001000100": 1,
                "1001000011": 1,
                "1100101000": 1,
                "1010111111": 1,
                "1010000011": 2,
                "0111101011": 1
            },
            false,
            0.97
        ],
        [
            [
                [
                    -4,
                    2,
                    -7
                ],
                [
                    -1,
                    -3,
                    5
                ],
                [
                    4,
                    9,
                    8
                ],
                [
                    7,
                    -3,
                    2
                ],
                [
                    -8,
                    3,
                    9
                ],
                [
                    -8,
                    -9,
                    -6
                ],
                [
                    -5,
                    -1,
                    -9
                ],
                [
                    -5,
                    -4,
                    9
                ],
                [
                    -2,
                    -5,
                    9
                ],
                [
                    -3,
                    7,
                    8
                ],
                [
                    7,
                    -3,
                    -1
                ],
                [
                    -6,
                    -3,
                    -7
                ],
                [
                    -10,
                    -5,
                    -9
                ],
                [
                    -2,
                    5,
                    -8
                ],
                [
                    -5,
                    -9,
                    -6
                ],
                [
                    10,
                    2,
                    -6
                ],
                [
                    5,
                    -7,
                    6
                ],
                [
                    9,
                    7,
                    -5
                ],
                [
                    -4,
                    8,
                    -7
                ],
                [
                    4,
                    8,
                    2
                ],
                [
                    2,
                    -3,
                    -9
                ],
                [
                    10,
                    4,
                    -1
                ],
                [
                    -10,
                    6,
                    -3
                ],
                [
                    -8,
                    -3,
                    -7
                ],
                [
                    -9,
                    -8,
                    -5
                ],
                [
                    5,
                    1,
                    -4
                ],
                [
                    1,
                    2,
                    -10
                ],
                [
                    4,
                    -7,
                    -9
                ],
                [
                    -3,
                    -4,
                    -5
                ],
                [
                    -5,
                    -1,
                    -4
                ],
                [
                    -8,
                    -9,
                    -4
                ],
                [
                    7,
                    2,
                    4
                ],
                [
                    10,
                    3,
                    -1
                ],
                [
                    -10,
                    5,
                    2
                ],
                [
                    1,
                    6,
                    8
                ],
                [
                    -8,
                    -7,
                    10
                ],
                [
                    -9,
                    7,
                    -10
                ],
                [
                    2,
                    5,
                    -3
                ],
                [
                    8,
                    7,
                    9
                ],
                [
                    5,
                    1,
                    -2
                ],
                [
                    2,
                    -10,
                    -7
                ],
                [
                    5,
                    1,
                    -10
                ],
                [
                    6,
                    -3,
                    -8
                ],
                [
                    9,
                    6,
                    -1
                ],
                [
                    6,
                    7,
                    -2
                ]
            ],
            "{   'fun': 1.0,\n    'jac': None,\n    'nfev': 49,\n    'nit': None,\n    'njev': None,\n    'x': array([2.61160083, 3.00057307, 0.78574732, 1.25610961, 1.20445935,\n       3.01608644, 0.29281071, 2.17693488])}",
            {
                "1100101111": 1,
                "0011111011": 1,
                "1001011111": 1,
                "1101111010": 1,
                "0111001010": 1,
                "0110001100": 1,
                "1010111010": 1,
                "0011111101": 1,
                "1001001001": 1,
                "1110010111": 1,
                "0100001001": 1,
                "1100010101": 1,
                "0111011110": 1,
                "0111011101": 1,
                "0011011101": 1,
                "1100110101": 1,
                "1000111011": 1,
                "1100011000": 1,
                "0111110100": 1,
                "1001100011": 1,
                "0000000000": 1,
                "0111101001": 1,
                "1110000010": 1,
                "0100111100": 1,
                "0101001000": 1,
                "0001000001": 1,
                "0001011000": 1,
                "0100100011": 1,
                "1101111001": 1,
                "1011010100": 1,
                "1001110110": 1,
                "1000100111": 1,
                "0011010110": 1,
                "0001100010": 1,
                "0100001110": 1,
                "0110101010": 1,
                "0100101010": 1,
                "1100111110": 1,
                "0001101001": 1,
                "1011111000": 1,
                "0001101011": 1,
                "0001011001": 1,
                "1011011001": 1,
                "0101101101": 1,
                "1111011011": 1,
                "1111010000": 1,
                "0111101111": 1,
                "0110110111": 1,
                "1111010010": 1,
                "1111110001": 1,
                "1101110111": 1,
                "0111110010": 1,
                "1110011011": 1,
                "0110110001": 1,
                "0001110111": 1,
                "1100101110": 1,
                "0010001011": 2,
                "0000001111": 1,
                "0010000011": 1,
                "0110001111": 1,
                "1010101111": 1,
                "1110111110": 1,
                "1101011111": 1,
                "0000010001": 1,
                "0000000110": 1,
                "1100101001": 1,
                "1010101011": 1,
                "0011001000": 1,
                "1001011100": 1,
                "1100011111": 1,
                "1010101000": 1,
                "0111110111": 1,
                "0100010100": 1,
                "1010100001": 1,
                "0000000011": 1,
                "1100010111": 1,
                "1011010000": 1,
                "1011110001": 1,
                "1010011000": 1,
                "1100100100": 1,
                "1101010101": 1,
                "1001001100": 1,
                "0100111000": 1,
                "0010101100": 1,
                "1100000000": 1,
                "1011011000": 1,
                "0111011001": 1,
                "0100110011": 1,
                "1101000101": 1,
                "1011100000": 1,
                "1001110000": 1,
                "0101111110": 1,
                "1110101000": 1,
                "0001110101": 1,
                "1111001101": 1,
                "0110000111": 1,
                "1010101110": 1,
                "1111110011": 1,
                "0010111101": 1
            },
            false,
            1.0
        ],
        [
            [
                [
                    7,
                    10,
                    -5
                ],
                [
                    -2,
                    -1,
                    7
                ],
                [
                    -1,
                    -2,
                    6
                ],
                [
                    -10,
                    6,
                    9
                ],
                [
                    -5,
                    9,
                    8
                ],
                [
                    -10,
                    -3,
                    -7
                ],
                [
                    -1,
                    4,
                    -3
                ],
                [
                    -4,
                    -10,
                    -9
                ],
                [
                    -7,
                    6,
                    -1
                ],
                [
                    -7,
                    -2,
                    -5
                ],
                [
                    10,
                    -7,
                    1
                ],
                [
                    -8,
                    1,
                    -9
                ],
                [
                    8,
                    -6,
                    3
                ],
                [
                    -2,
                    7,
                    4
                ],
                [
                    7,
                    9,
                    1
                ],
                [
                    -4,
                    8,
                    5
                ],
                [
                    5,
                    -2,
                    6
                ],
                [
                    -7,
                    9,
                    -1
                ],
                [
                    5,
                    10,
                    -8
                ],
                [
                    6,
                    7,
                    3
                ],
                [
                    -2,
                    -7,
                    8
                ],
                [
                    -8,
                    4,
                    -10
                ],
                [
                    -8,
                    3,
                    -4
                ],
                [
                    8,
                    -9,
                    -3
                ],
                [
                    8,
                    -7,
                    -1
                ],
                [
                    9,
                    3,
                    -1
                ],
                [
                    -10,
                    -5,
                    7
                ],
                [
                    -3,
                    -9,
                    8
                ],
                [
                    10,
                    5,
                    8
                ],
                [
                    -7,
                    8,
                    6
                ],
                [
                    10,
                    8,
                    -2
                ],
                [
                    -6,
                    -4,
                    -10
                ],
                [
                    6,
                    8,
                    -3
                ],
                [
                    8,
                    9,
                    -2
                ],
                [
                    10,
                    -1,
                    2
                ],
                [
                    -2,
                    -6,
                    -1
                ],
                [
                    -4,
                    -8,
                    -10
                ],
                [
                    -9,
                    10,
                    -1
                ],
                [
                    -6,
                    4,
                    9
                ],
                [
                    -2,
                    1,
                    -10
                ],
                [
                    6,
                    3,
                    4
                ],
                [
                    10,
                    5,
                    -8
                ],
                [
                    -1,
                    2,
                    5
                ],
                [
                    -2,
                    5,
                    -10
                ],
                [
                    -10,
                    -5,
                    2
                ]
            ],
            "{   'fun': 1.0,\n    'jac': None,\n    'nfev': 49,\n    'nit': None,\n    'njev': None,\n    'x': array([0.66979455, 1.08102167, 2.69854412, 2.19587441, 1.88994359,\n       2.9696092 , 2.98886861, 0.06254247])}",
            {
                "1101011010": 1,
                "1110110110": 1,
                "0011111011": 1,
                "1111101010": 1,
                "0001011001": 1,
                "1001000111": 1,
                "1000100111": 1,
                "1001101001": 1,
                "1010100011": 1,
                "0100111000": 1,
                "0011110111": 1,
                "0110101000": 1,
                "0110110100": 1,
                "1011001110": 1,
                "1011011000": 1,
                "0000110011": 1,
                "1010111011": 1,
                "0000110110": 1,
                "0000100101": 1,
                "0011110100": 1,
                "1101001110": 1,
                "0000111001": 1,
                "0111100101": 1,
                "1100011101": 1,
                "1000110001": 1,
                "1011000111": 1,
                "1100000011": 1,
                "0010101010": 1,
                "1001000011": 1,
                "0011100010": 1,
                "1000101000": 1,
                "1001111000": 1,
                "1000001010": 1,
                "1001010010": 1,
                "0111010000": 1,
                "0011001001": 1,
                "0101111001": 1,
                "1011110011": 1,
                "0111101111": 1,
                "1110000101": 1,
                "0001110001": 2,
                "0001111110": 1,
                "1010101111": 1,
                "0000011110": 1,
                "1000001000": 1,
                "1100000110": 1,
                "1110001001": 1,
                "0001001101": 1,
                "1110010100": 1,
                "0111100111": 1,
                "1010110111": 1,
                "1111100011": 1,
                "1110100001": 2,
                "1111001000": 1,
                "0001101010": 1,
                "1000000001": 1,
                "0001101000": 1,
                "0011111110": 1,
                "0100001001": 1,
                "1111010100": 1,
                "1100110010": 1,
                "1010000101": 1,
                "1101011100": 1,
                "0110111011": 1,
                "0000101000": 1,
                "1010100100": 1,
                "0100100001": 1,
                "0010100110": 1,
                "0111100110": 1,
                "1101101100": 1,
                "0011110000": 1,
                "0011000000": 1,
                "1111011100": 1,
                "1100010000": 1,
                "1010000011": 1,
                "1100111011": 1,
                "0000101011": 1,
                "0001110111": 1,
                "0010111111": 1,
                "1010000010": 2,
                "0100101010": 1,
                "1111101011": 1,
                "0111010101": 1,
                "1111110100": 1,
                "0110111100": 1,
                "1111001011": 1,
                "1001011111": 1,
                "0010011001": 1,
                "1111011011": 1,
                "0100101000": 1,
                "1111001111": 1,
                "1101110001": 1,
                "1110010101": 1,
                "0001100110": 1,
                "1111101100": 1,
                "1100100110": 1,
                "1110111101": 1
            },
            false,
            1.0
        ],
        [
            [
                [
                    -3,
                    -8,
                    2
                ],
                [
                    -3,
                    -2,
                    -8
                ],
                [
                    3,
                    4,
                    6
                ],
                [
                    8,
                    2,
                    3
                ],
                [
                    -3,
                    -7,
                    9
                ],
                [
                    5,
                    7,
                    1
                ],
                [
                    3,
                    5,
                    1
                ],
                [
                    1,
                    3,
                    10
                ],
                [
                    7,
                    -2,
                    -5
                ],
                [
                    10,
                    9,
                    -7
                ],
                [
                    -7,
                    -5,
                    4
                ],
                [
                    -7,
                    -5,
                    9
                ],
                [
                    -8,
                    3,
                    2
                ],
                [
                    -10,
                    -9,
                    8
                ],
                [
                    -7,
                    5,
                    -3
                ],
                [
                    -10,
                    8,
                    3
                ],
                [
                    7,
                    -8,
                    4
                ],
                [
                    -8,
                    -2,
                    4
                ],
                [
                    -9,
                    1,
                    -10
                ],
                [
                    -8,
                    10,
                    -3
                ],
                [
                    2,
                    7,
                    -5
                ],
                [
                    -6,
                    -2,
                    1
                ],
                [
                    4,
                    8,
                    1
                ],
                [
                    8,
                    -4,
                    10
                ],
                [
                    8,
                    -2,
                    -4
                ],
                [
                    -6,
                    4,
                    -5
                ],
                [
                    6,
                    2,
                    10
                ],
                [
                    3,
                    1,
                    10
                ],
                [
                    -6,
                    -3,
                    -9
                ],
                [
                    3,
                    -5,
                    -8
                ],
                [
                    -2,
                    8,
                    1
                ],
                [
                    -3,
                    -1,
                    -4
                ],
                [
                    -3,
                    5,
                    -7
                ],
                [
                    -4,
                    -10,
                    5
                ],
                [
                    -5,
                    -10,
                    1
                ],
                [
                    -9,
                    -1,
                    -7
                ],
                [
                    3,
                    -9,
                    -5
                ],
                [
                    -9,
                    4,
                    -6
                ],
                [
                    3,
                    -2,
                    -8
                ],
                [
                    4,
                    1,
                    -8
                ],
                [
                    -4,
                    7,
                    -5
                ],
                [
                    7,
                    -1,
                    4
                ],
                [
                    -10,
                    -8,
                    7
                ],
                [
                    3,
                    9,
                    6
                ],
                [
                    -10,
                    -9,
                    1
                ]
            ],
            "{   'fun': 1.0,\n    'jac': None,\n    'nfev': 49,\n    'nit': None,\n    'njev': None,\n    'x': array([1.51131593e-01, 2.81294244e+00, 6.53406361e-01, 2.47121864e-03,\n       1.63176489e+00, 2.96851257e+00, 6.01052164e-01, 2.76725831e+00])}",
            {
                "1001010111": 1,
                "1100001000": 1,
                "0011101110": 1,
                "1110010000": 1,
                "1111000000": 1,
                "0001111000": 1,
                "1000000110": 1,
                "1111000101": 1,
                "0001110111": 1,
                "1000100011": 1,
                "1101010011": 1,
                "1101100110": 1,
                "0101110010": 1,
                "0000110101": 1,
                "1010110101": 1,
                "1101101011": 1,
                "0111110011": 1,
                "1110010100": 1,
                "1110001000": 2,
                "1111101000": 1,
                "1000100100": 1,
                "0110010111": 1,
                "0111011101": 1,
                "1010100000": 1,
                "0101101110": 1,
                "0011010100": 1,
                "1011010001": 1,
                "1110000000": 1,
                "1101111011": 1,
                "0000100001": 1,
                "0001000011": 1,
                "1101101010": 1,
                "1001011100": 1,
                "0110111011": 1,
                "0010110000": 1,
                "0001110011": 1,
                "1110000010": 1,
                "1111100100": 1,
                "0100110101": 1,
                "1111110100": 1,
                "1100000001": 1,
                "1010111001": 1,
                "0010111001": 1,
                "1000011100": 1,
                "1110001111": 1,
                "0000111011": 1,
                "0010100110": 1,
                "0110100100": 1,
                "1001010101": 2,
                "0110001011": 1,
                "1111011110": 1,
                "1100011100": 1,
                "0110000110": 1,
                "0010110101": 1,
                "1011101101": 1,
                "1001101010": 1,
                "0100001101": 1,
                "0000011101": 1,
                "0001100111": 1,
                "0000011010": 3,
                "0000010110": 3,
                "0100111000": 1,
                "0000110000": 1,
                "0011000101": 1,
                "0010111000": 1,
                "1110100000": 1,
                "1000101111": 1,
                "0010111111": 1,
                "1111000001": 1,
                "0011110110": 1,
                "0000111111": 1,
                "1110101111": 1,
                "0001111100": 1,
                "1001111101": 1,
                "0010010011": 1,
                "1110001011": 1,
                "1001000101": 1,
                "1101110100": 2,
                "0111000000": 1,
                "0111001011": 1,
                "0000011100": 1,
                "0000011011": 1,
                "1101011101": 1,
                "0111101010": 1,
                "0111110100": 1,
                "1100101000": 1,
                "1111010110": 1,
                "1011111010": 1,
                "0010000110": 1,
                "0100000111": 1,
                "1000010110": 1,
                "0111011010": 1,
                "1110011000": 1
            },
            false,
            1.0
        ],
        [
            [
                [
                    7,
                    9,
                    -1
                ],
                [
                    -5,
                    4,
                    -10
                ],
                [
                    5,
                    3,
                    -1
                ],
                [
                    -10,
                    -8,
                    -1
                ],
                [
                    3,
                    -4,
                    -6
                ],
                [
                    1,
                    -2,
                    -3
                ],
                [
                    -2,
                    -10,
                    1
                ],
                [
                    -9,
                    -1,
                    3
                ],
                [
                    -1,
                    -5,
                    10
                ],
                [
                    2,
                    10,
                    7
                ],
                [
                    -10,
                    5,
                    2
                ],
                [
                    -4,
                    2,
                    7
                ],
                [
                    5,
                    -7,
                    -3
                ],
                [
                    6,
                    -4,
                    -5
                ],
                [
                    10,
                    6,
                    -7
                ],
                [
                    6,
                    4,
                    2
                ],
                [
                    -3,
                    10,
                    4
                ],
                [
                    8,
                    7,
                    3
                ],
                [
                    5,
                    -10,
                    -1
                ],
                [
                    -1,
                    4,
                    -2
                ],
                [
                    1,
                    4,
                    -9
                ],
                [
                    7,
                    -2,
                    -8
                ],
                [
                    10,
                    6,
                    -9
                ],
                [
                    -9,
                    -5,
                    -1
                ],
                [
                    -7,
                    -2,
                    8
                ],
                [
                    9,
                    -8,
                    1
                ],
                [
                    4,
                    9,
                    10
                ],
                [
                    3,
                    5,
                    -4
                ],
                [
                    6,
                    -9,
                    -3
                ],
                [
                    -2,
                    -1,
                    -10
                ],
                [
                    -1,
                    -8,
                    4
                ],
                [
                    -8,
                    5,
                    1
                ],
                [
                    -7,
                    8,
                    10
                ],
                [
                    2,
                    5,
                    -6
                ],
                [
                    6,
                    4,
                    2
                ],
                [
                    2,
                    -3,
                    -1
                ],
                [
                    -2,
                    -8,
                    7
                ],
                [
                    9,
                    4,
                    5
                ],
                [
                    1,
                    5,
                    -10
                ],
                [
                    -3,
                    -6,
                    -9
                ],
                [
                    9,
                    4,
                    6
                ],
                [
                    2,
                    8,
                    -3
                ],
                [
                    -5,
                    7,
                    3
                ],
                [
                    -8,
                    7,
                    -5
                ],
                [
                    -7,
                    2,
                    10
                ]
            ],
            "{   'fun': 1.0,\n    'jac': None,\n    'nfev': 49,\n    'nit': None,\n    'njev': None,\n    'x': array([1.0121733 , 1.27422305, 3.12940452, 0.53963808, 2.69878555,\n       1.44200892, 1.27319838, 1.80744797])}",
            {
                "0001100001": 1,
                "1111011100": 1,
                "1011011000": 1,
                "0101111011": 1,
                "1110010100": 1,
                "1011111101": 1,
                "0111101111": 1,
                "1111100100": 1,
                "1011110011": 1,
                "0000100100": 1,
                "0001010010": 1,
                "0111010111": 1,
                "1010110000": 1,
                "0111111010": 1,
                "1011000111": 1,
                "1011111111": 1,
                "1110110111": 1,
                "1010001011": 1,
                "1110000110": 1,
                "0011100100": 1,
                "1101110000": 1,
                "0011000011": 2,
                "1000101010": 1,
                "0010000100": 1,
                "0111010001": 1,
                "1000010010": 1,
                "0001001110": 1,
                "1000100010": 1,
                "0010010011": 1,
                "0001111100": 1,
                "1100111101": 1,
                "1110010001": 1,
                "0101000001": 1,
                "1101100010": 1,
                "1111110110": 1,
                "1110101001": 1,
                "1000011111": 1,
                "1100110111": 1,
                "0011010010": 1,
                "0010101010": 1,
                "0000010010": 1,
                "1000010101": 1,
                "0001001010": 1,
                "0101110000": 1,
                "1010011011": 1,
                "0001000110": 2,
                "1100011101": 1,
                "0001001000": 1,
                "1100111110": 1,
                "1101010010": 1,
                "0101011101": 1,
                "0100001010": 1,
                "1000100100": 1,
                "0100010000": 1,
                "1110010011": 1,
                "0101111111": 1,
                "1000001111": 1,
                "0100101100": 1,
                "0101110110": 1,
                "0011010001": 1,
                "0000111110": 1,
                "1001100100": 1,
                "0110000011": 1,
                "1110110110": 1,
                "1000110000": 1,
                "0010100101": 1,
                "0110010010": 1,
                "0110000110": 2,
                "1010011001": 1,
                "0111001111": 1,
                "0110110011": 1,
                "0011111001": 1,
                "0110111111": 1,
                "0001110111": 1,
                "1101000100": 1,
                "1001100110": 1,
                "0000100010": 1,
                "1011100011": 1,
                "0000011110": 1,
                "1000101100": 1,
                "1001001001": 1,
                "0100010111": 1,
                "0011110100": 2,
                "1111101101": 1,
                "0011001100": 1,
                "1101001010": 1,
                "1010111010": 1,
                "0101100101": 1,
                "1100110001": 1,
                "0010001001": 1,
                "0101100000": 1,
                "0000001001": 2,
                "1010010101": 1,
                "0011111010": 1,
                "1011011111": 1
            },
            false,
            1.0
        ]
    ]
}