{
    "n": 10,
    "m": 45,
    "results": [
        [
            [
                [
                    4,
                    -2,
                    1
                ],
                [
                    5,
                    -6,
                    2
                ],
                [
                    -8,
                    10,
                    2
                ],
                [
                    -8,
                    10,
                    9
                ],
                [
                    -4,
                    7,
                    -8
                ],
                [
                    5,
                    -3,
                    7
                ],
                [
                    -2,
                    3,
                    -4
                ],
                [
                    -2,
                    8,
                    5
                ],
                [
                    -4,
                    3,
                    -9
                ],
                [
                    -10,
                    2,
                    7
                ],
                [
                    2,
                    -9,
                    -7
                ],
                [
                    5,
                    2,
                    3
                ],
                [
                    -5,
                    -4,
                    -9
                ],
                [
                    3,
                    -4,
                    -2
                ],
                [
                    -2,
                    -3,
                    1
                ],
                [
                    -1,
                    -8,
                    2
                ],
                [
                    1,
                    6,
                    -9
                ],
                [
                    1,
                    -3,
                    -10
                ],
                [
                    -6,
                    -4,
                    -5
                ],
                [
                    8,
                    9,
                    3
                ],
                [
                    1,
                    -6,
                    2
                ],
                [
                    -7,
                    -6,
                    3
                ],
                [
                    6,
                    9,
                    2
                ],
                [
                    10,
                    -3,
                    6
                ],
                [
                    2,
                    -8,
                    -10
                ],
                [
                    1,
                    8,
                    3
                ],
                [
                    8,
                    4,
                    1
                ],
                [
                    -2,
                    5,
                    3
                ],
                [
                    4,
                    2,
                    6
                ],
                [
                    -4,
                    -1,
                    -10
                ],
                [
                    -4,
                    -10,
                    9
                ],
                [
                    9,
                    -8,
                    -7
                ],
                [
                    9,
                    -10,
                    -3
                ],
                [
                    8,
                    1,
                    -4
                ],
                [
                    -8,
                    -7,
                    -6
                ],
                [
                    -2,
                    -1,
                    3
                ],
                [
                    5,
                    8,
                    -1
                ],
                [
                    -4,
                    5,
                    -2
                ],
                [
                    9,
                    8,
                    1
                ],
                [
                    7,
                    -1,
                    -10
                ],
                [
                    1,
                    9,
                    -2
                ],
                [
                    -6,
                    1,
                    -10
                ],
                [
                    6,
                    1,
                    7
                ],
                [
                    5,
                    -1,
                    -2
                ],
                [
                    -10,
                    5,
                    3
                ]
            ],
            "{   'fun': 2.93,\n    'jac': None,\n    'nfev': 155,\n    'nit': None,\n    'njev': None,\n    'x': array([ 0.66559568,  1.93088724,  1.46740691,  1.75410173,  0.9919515 ,\n        3.13484276,  2.02684086, -0.11530392,  0.42630212,  0.47154441,\n        0.62737591,  2.56675426,  1.83702602,  3.09076468,  3.14632756,\n        1.22219631])}",
            {
                "1110101000": 1,
                "0010001000": 1,
                "1010111110": 1,
                "1010111111": 1,
                "1010100111": 1,
                "1100111010": 1,
                "1110111000": 1,
                "1110111010": 1,
                "1001100010": 1,
                "1000101110": 2,
                "1000100100": 2,
                "1110100000": 1,
                "1001101110": 2,
                "1100101110": 2,
                "0110100100": 2,
                "1010101011": 2,
                "0010101110": 1,
                "1110101010": 6,
                "1011111010": 1,
                "1101111000": 1,
                "0110101100": 1,
                "0110100010": 1,
                "1110011000": 1,
                "1110100001": 1,
                "0100111111": 1,
                "1000110100": 1,
                "1111111100": 1,
                "0010110110": 3,
                "1101111001": 1,
                "1110011110": 1,
                "1110101110": 2,
                "1010100110": 9,
                "0010010110": 2,
                "1010101110": 2,
                "1000001010": 1,
                "1100100010": 4,
                "1110100110": 6,
                "1010101010": 2,
                "1110110111": 1,
                "0000000011": 1,
                "1000100110": 2,
                "1110111111": 1,
                "1101101010": 1,
                "1111100010": 2,
                "1110100111": 1,
                "0110101010": 1,
                "0100101110": 2,
                "0011101100": 1,
                "0000101110": 1,
                "1010100000": 1,
                "1000100010": 1,
                "1110100010": 1,
                "1001111100": 1,
                "1010101000": 1,
                "0110110010": 1,
                "1110101001": 1,
                "1111011000": 1,
                "1100110000": 1,
                "1101010010": 1,
                "0010011110": 1,
                "1110101100": 1,
                "1010111100": 1,
                "1001111010": 1,
                "1110110000": 1
            },
            false,
            2.5
        ],
        [
            [
                [
                    8,
                    -1,
                    -10
                ],
                [
                    9,
                    -5,
                    8
                ],
                [
                    6,
                    4,
                    -2
                ],
                [
                    5,
                    -9,
                    -2
                ],
                [
                    -10,
                    3,
                    2
                ],
                [
                    8,
                    1,
                    2
                ],
                [
                    -8,
                    -1,
                    5
                ],
                [
                    -10,
                    5,
                    3
                ],
                [
                    8,
                    10,
                    5
                ],
                [
                    9,
                    8,
                    2
                ],
                [
                    7,
                    -4,
                    -2
                ],
                [
                    1,
                    -9,
                    -5
                ],
                [
                    -3,
                    5,
                    -6
                ],
                [
                    6,
                    1,
                    8
                ],
                [
                    -6,
                    5,
                    10
                ],
                [
                    -4,
                    2,
                    -10
                ],
                [
                    8,
                    -5,
                    -4
                ],
                [
                    -1,
                    3,
                    8
                ],
                [
                    8,
                    -9,
                    -10
                ],
                [
                    5,
                    -6,
                    -2
                ],
                [
                    -3,
                    -10,
                    -1
                ],
                [
                    -3,
                    2,
                    -10
                ],
                [
                    -6,
                    9,
                    8
                ],
                [
                    -5,
                    -2,
                    -10
                ],
                [
                    -4,
                    -1,
                    -8
                ],
                [
                    3,
                    -1,
                    -5
                ],
                [
                    2,
                    -5,
                    8
                ],
                [
                    -3,
                    -7,
                    -9
                ],
                [
                    5,
                    -10,
                    -1
                ],
                [
                    1,
                    -2,
                    -5
                ],
                [
                    1,
                    10,
                    3
                ],
                [
                    7,
                    -9,
                    5
                ],
                [
                    -4,
                    6,
                    3
                ],
                [
                    2,
                    6,
                    -10
                ],
                [
                    -1,
                    7,
                    9
                ],
                [
                    8,
                    5,
                    2
                ],
                [
                    3,
                    -6,
                    -4
                ],
                [
                    -10,
                    2,
                    -5
                ],
                [
                    -3,
                    9,
                    -4
                ],
                [
                    4,
                    5,
                    3
                ],
                [
                    7,
                    -6,
                    5
                ],
                [
                    -1,
                    -6,
                    8
                ],
                [
                    4,
                    3,
                    -7
                ],
                [
                    -9,
                    -7,
                    3
                ],
                [
                    -8,
                    -1,
                    -2
                ]
            ],
            "{   'fun': 4.48,\n    'jac': None,\n    'nfev': 138,\n    'nit': None,\n    'njev': None,\n    'x': array([2.0092582 , 1.37120621, 1.86875953, 1.25246281, 3.00825324,\n       1.91382118, 0.16275667, 2.63520033, 0.32400498, 3.81465756,\n       0.6446878 , 0.49346972, 1.63344637, 3.9813145 , 0.58223133,\n       2.73842688])}",
            {
                "1101110000": 1,
                "1111011001": 1,
                "0110110000": 1,
                "1000001011": 1,
                "0000011001": 1,
                "1101010110": 1,
                "0110001100": 1,
                "0100111100": 1,
                "1101101000": 1,
                "1100101110": 1,
                "1010010100": 1,
                "0110100100": 1,
                "0000100010": 1,
                "1100011100": 1,
                "1110110000": 1,
                "1110010100": 1,
                "1011011000": 1,
                "0111011010": 1,
                "0010110100": 1,
                "1001000101": 1,
                "1011111111": 1,
                "1011000111": 1,
                "1011001010": 1,
                "0010001000": 1,
                "0111111000": 1,
                "1101010100": 1,
                "1100101010": 1,
                "1001101111": 1,
                "1000011001": 1,
                "1110101100": 1,
                "0010011000": 1,
                "1110010010": 3,
                "1100110110": 1,
                "0111010011": 1,
                "0110101010": 1,
                "1001011110": 1,
                "0000001100": 1,
                "0000101110": 1,
                "0001001100": 1,
                "1111000000": 1,
                "1010110111": 1,
                "0110011011": 1,
                "0111011101": 1,
                "1010110100": 1,
                "0001111011": 1,
                "0111110010": 1,
                "1010101100": 1,
                "0111100110": 1,
                "1001111011": 1,
                "1100011000": 1,
                "0001011001": 1,
                "1100000111": 1,
                "1110011110": 1,
                "1110101101": 1,
                "1000111011": 1,
                "1111100111": 1,
                "0010111010": 1,
                "1110011101": 1,
                "0001000111": 1,
                "0010111100": 1,
                "0111111111": 1,
                "0111110100": 1,
                "1010011011": 1,
                "1010111011": 1,
                "0010111101": 2,
                "1000110101": 1,
                "1101111101": 1,
                "0010101100": 1,
                "0010010100": 2,
                "0101001110": 1,
                "0100110000": 2,
                "0001100100": 1,
                "0011100110": 2,
                "0111100010": 1,
                "0010111110": 1,
                "1110110001": 1,
                "1010111000": 1,
                "0111101000": 1,
                "0111000111": 1,
                "0101111010": 1,
                "1110110111": 1,
                "0110110110": 1,
                "0110111111": 2,
                "0100110001": 1,
                "0110011000": 1,
                "1100010010": 1,
                "1110111010": 1,
                "1011110100": 1,
                "0000111010": 1,
                "1100010101": 1,
                "0111001111": 1,
                "1110100110": 1,
                "1000010101": 1
            },
            false,
            4.2
        ],
        [
            [
                [
                    -6,
                    10,
                    -2
                ],
                [
                    1,
                    3,
                    2
                ],
                [
                    -10,
                    -2,
                    1
                ],
                [
                    8,
                    -6,
                    10
                ],
                [
                    1,
                    -8,
                    10
                ],
                [
                    -1,
                    10,
                    6
                ],
                [
                    -9,
                    -8,
                    -10
                ],
                [
                    6,
                    8,
                    -10
                ],
                [
                    -2,
                    1,
                    -8
                ],
                [
                    1,
                    10,
                    3
                ],
                [
                    -1,
                    -2,
                    -6
                ],
                [
                    -6,
                    -1,
                    9
                ],
                [
                    7,
                    -8,
                    5
                ],
                [
                    1,
                    -10,
                    2
                ],
                [
                    10,
                    -1,
                    5
                ],
                [
                    -5,
                    4,
                    9
                ],
                [
                    -9,
                    -8,
                    -10
                ],
                [
                    10,
                    -8,
                    -7
                ],
                [
                    -9,
                    -4,
                    7
                ],
                [
                    -7,
                    -3,
                    2
                ],
                [
                    -2,
                    5,
                    -6
                ],
                [
                    10,
                    -8,
                    3
                ],
                [
                    7,
                    4,
                    5
                ],
                [
                    -6,
                    -9,
                    -7
                ],
                [
                    -3,
                    -4,
                    7
                ],
                [
                    4,
                    -8,
                    9
                ],
                [
                    -1,
                    -8,
                    -3
                ],
                [
                    -2,
                    -1,
                    -10
                ],
                [
                    -3,
                    -5,
                    8
                ],
                [
                    9,
                    -10,
                    -1
                ],
                [
                    -1,
                    6,
                    -2
                ],
                [
                    -8,
                    -7,
                    3
                ],
                [
                    -5,
                    -7,
                    2
                ],
                [
                    5,
                    -1,
                    -4
                ],
                [
                    -8,
                    2,
                    -9
                ],
                [
                    -4,
                    -3,
                    10
                ],
                [
                    -2,
                    7,
                    -8
                ],
                [
                    7,
                    5,
                    -3
                ],
                [
                    8,
                    -7,
                    9
                ],
                [
                    1,
                    -5,
                    -7
                ],
                [
                    -10,
                    -6,
                    -9
                ],
                [
                    -2,
                    5,
                    -1
                ],
                [
                    -8,
                    1,
                    9
                ],
                [
                    2,
                    10,
                    9
                ],
                [
                    3,
                    -1,
                    2
                ]
            ],
            "{   'fun': 5.53,\n    'jac': None,\n    'nfev': 123,\n    'nit': None,\n    'njev': None,\n    'x': array([1.1666148 , 0.35687745, 1.74405411, 1.49468303, 2.70982389,\n       2.53380007, 2.10759373, 0.87106874, 2.01062951, 2.04991592,\n       2.10763391, 2.89846946, 2.00140792, 0.38585955, 0.70082925,\n       0.71630851])}",
            {
                "0011110000": 1,
                "1101001001": 1,
                "1001101100": 1,
                "0001000101": 1,
                "1111010001": 1,
                "1101100111": 1,
                "1111110000": 1,
                "1101100101": 1,
                "1000000010": 1,
                "1110011111": 1,
                "1001101110": 1,
                "1101101011": 1,
                "1110111110": 1,
                "1011010111": 1,
                "0110101001": 1,
                "1010101001": 1,
                "1100001001": 1,
                "1000000000": 1,
                "0101011101": 1,
                "1010110100": 1,
                "0000000110": 2,
                "0001011100": 1,
                "0111000010": 2,
                "1001000110": 1,
                "1000000011": 1,
                "1110110000": 2,
                "1100000000": 1,
                "1111100111": 2,
                "0101100000": 1,
                "0101000110": 1,
                "1001100111": 1,
                "1001111110": 1,
                "1101001010": 1,
                "0000010100": 3,
                "1010100001": 1,
                "1110010101": 1,
                "1000011011": 1,
                "1100001111": 1,
                "1001101101": 1,
                "0001111000": 1,
                "0011010101": 1,
                "1010100011": 2,
                "1011001011": 1,
                "1010111111": 1,
                "1101001011": 1,
                "1010111010": 1,
                "0010000110": 1,
                "1100110111": 2,
                "1001001100": 1,
                "0001100011": 1,
                "0111000101": 1,
                "0001101100": 1,
                "0010000001": 1,
                "1000000110": 2,
                "0111111110": 1,
                "0010001011": 1,
                "1010001101": 1,
                "1111100110": 1,
                "1101110000": 1,
                "1001100010": 1,
                "0111100110": 1,
                "1101101100": 1,
                "1101011001": 2,
                "0010111111": 1,
                "0000110001": 1,
                "1101000111": 1,
                "1000001110": 1,
                "0010110100": 1,
                "0101000010": 1,
                "1001111000": 1,
                "1011100001": 1,
                "0000110011": 1,
                "0110010110": 1,
                "1111110011": 1,
                "1100011110": 1,
                "0010011100": 1,
                "0111110111": 1,
                "0111100101": 1,
                "0111111101": 1,
                "1010111001": 1,
                "0001101011": 1,
                "1011101110": 1,
                "1101111110": 1,
                "1000111110": 1,
                "1010010110": 1,
                "0001110000": 1,
                "1000001000": 2,
                "0011100001": 1,
                "0001001010": 1
            },
            false,
            4.97
        ],
        [
            [
                [
                    5,
                    7,
                    -2
                ],
                [
                    10,
                    -5,
                    1
                ],
                [
                    5,
                    6,
                    -8
                ],
                [
                    10,
                    -3,
                    2
                ],
                [
                    10,
                    7,
                    9
                ],
                [
                    -2,
                    -1,
                    3
                ],
                [
                    1,
                    -7,
                    -10
                ],
                [
                    4,
                    -1,
                    9
                ],
                [
                    -10,
                    -2,
                    5
                ],
                [
                    6,
                    -8,
                    3
                ],
                [
                    5,
                    4,
                    -6
                ],
                [
                    1,
                    9,
                    -4
                ],
                [
                    4,
                    -3,
                    1
                ],
                [
                    7,
                    -8,
                    3
                ],
                [
                    3,
                    -10,
                    -1
                ],
                [
                    -3,
                    -6,
                    -1
                ],
                [
                    -10,
                    2,
                    6
                ],
                [
                    4,
                    10,
                    9
                ],
                [
                    8,
                    7,
                    -6
                ],
                [
                    -6,
                    -8,
                    -10
                ],
                [
                    7,
                    5,
                    -3
                ],
                [
                    5,
                    10,
                    -6
                ],
                [
                    -9,
                    -5,
                    -7
                ],
                [
                    -4,
                    -7,
                    -2
                ],
                [
                    10,
                    5,
                    6
                ],
                [
                    10,
                    9,
                    5
                ],
                [
                    7,
                    -1,
                    -10
                ],
                [
                    8,
                    -9,
                    5
                ],
                [
                    10,
                    -9,
                    2
                ],
                [
                    1,
                    -5,
                    10
                ],
                [
                    -10,
                    6,
                    4
                ],
                [
                    -3,
                    -10,
                    9
                ],
                [
                    10,
                    9,
                    -6
                ],
                [
                    -3,
                    -4,
                    8
                ],
                [
                    7,
                    10,
                    5
                ],
                [
                    6,
                    -8,
                    -7
                ],
                [
                    10,
                    -8,
                    -5
                ],
                [
                    5,
                    -8,
                    1
                ],
                [
                    -3,
                    10,
                    -1
                ],
                [
                    8,
                    3,
                    -9
                ],
                [
                    -4,
                    2,
                    -7
                ],
                [
                    1,
                    2,
                    9
                ],
                [
                    -10,
                    7,
                    2
                ],
                [
                    1,
                    10,
                    -6
                ],
                [
                    5,
                    1,
                    4
                ]
            ],
            "{   'fun': 5.26,\n    'jac': None,\n    'nfev': 142,\n    'nit': None,\n    'njev': None,\n    'x': array([3.80568105, 0.40185712, 0.57429471, 2.01736312, 1.12857783,\n       0.55472839, 2.85356648, 1.78938455, 0.093601  , 0.15714733,\n       1.06159959, 0.80252934, 2.12024913, 2.09743166, 0.27731397,\n       1.3679981 ])}",
            {
                "0100000011": 1,
                "1100010111": 1,
                "1011001111": 1,
                "0011101110": 1,
                "1110000111": 1,
                "0011010000": 1,
                "1101100110": 1,
                "1101001011": 1,
                "0011110110": 1,
                "0100111011": 1,
                "1110101011": 1,
                "1001101100": 1,
                "1010100101": 1,
                "0011010101": 1,
                "1110111001": 1,
                "0000100111": 1,
                "0001110000": 1,
                "1101111111": 1,
                "1011101011": 1,
                "0011100011": 1,
                "1111000010": 1,
                "0100110011": 1,
                "1000100100": 1,
                "1101101001": 1,
                "0001111000": 2,
                "1101101110": 1,
                "1101101101": 1,
                "1011111010": 1,
                "1111010100": 1,
                "1011000111": 1,
                "1111101111": 2,
                "1011010100": 1,
                "0000010011": 1,
                "0111100100": 1,
                "0101111011": 1,
                "1110101111": 1,
                "1001110111": 1,
                "1111101001": 1,
                "1110010011": 1,
                "1101101111": 1,
                "0000111100": 1,
                "1111101100": 1,
                "0001000011": 1,
                "1110101110": 1,
                "1011000010": 1,
                "0110011110": 1,
                "0000110010": 1,
                "0011000000": 1,
                "1110100101": 1,
                "0001101011": 1,
                "0110001001": 2,
                "1100011000": 1,
                "1000000001": 1,
                "0000101011": 1,
                "1010010001": 1,
                "1100101100": 1,
                "0110101100": 2,
                "1001111001": 1,
                "0001111110": 1,
                "1000010010": 1,
                "0111010101": 1,
                "1101110000": 1,
                "1110100000": 1,
                "0100101011": 2,
                "1011110101": 1,
                "1000011110": 1,
                "1010001010": 1,
                "1101111011": 1,
                "1111100101": 1,
                "1110110010": 1,
                "0111110101": 1,
                "0001110010": 1,
                "0011011111": 1,
                "0101001111": 1,
                "0100110001": 1,
                "0101101110": 2,
                "1001110010": 2,
                "1100110100": 1,
                "1101100111": 1,
                "0110000111": 2,
                "1010101000": 1,
                "1111101110": 1,
                "1101010011": 1,
                "1101100101": 1,
                "1111101101": 2,
                "0110010100": 1,
                "0100110101": 1,
                "0011010100": 1,
                "1111011000": 1,
                "1111011101": 1,
                "0100101111": 1
            },
            false,
            4.49
        ],
        [
            [
                [
                    6,
                    2,
                    -1
                ],
                [
                    -8,
                    9,
                    -7
                ],
                [
                    9,
                    -7,
                    3
                ],
                [
                    -3,
                    -6,
                    5
                ],
                [
                    -5,
                    3,
                    -6
                ],
                [
                    -1,
                    -3,
                    -5
                ],
                [
                    -5,
                    -10,
                    4
                ],
                [
                    -1,
                    9,
                    -7
                ],
                [
                    1,
                    -4,
                    -2
                ],
                [
                    -5,
                    9,
                    -2
                ],
                [
                    9,
                    -3,
                    -1
                ],
                [
                    4,
                    6,
                    5
                ],
                [
                    -8,
                    5,
                    -6
                ],
                [
                    -5,
                    2,
                    -1
                ],
                [
                    -1,
                    4,
                    -9
                ],
                [
                    5,
                    -6,
                    10
                ],
                [
                    -6,
                    -9,
                    -1
                ],
                [
                    1,
                    2,
                    -10
                ],
                [
                    10,
                    1,
                    7
                ],
                [
                    10,
                    -2,
                    1
                ],
                [
                    -8,
                    -6,
                    7
                ],
                [
                    7,
                    -3,
                    -10
                ],
                [
                    3,
                    -9,
                    -2
                ],
                [
                    -3,
                    6,
                    8
                ],
                [
                    10,
                    -5,
                    -3
                ],
                [
                    8,
                    6,
                    9
                ],
                [
                    -9,
                    10,
                    -2
                ],
                [
                    -7,
                    9,
                    8
                ],
                [
                    9,
                    1,
                    6
                ],
                [
                    -2,
                    -7,
                    -9
                ],
                [
                    -10,
                    -4,
                    5
                ],
                [
                    9,
                    7,
                    6
                ],
                [
                    -3,
                    -7,
                    -8
                ],
                [
                    -7,
                    4,
                    -5
                ],
                [
                    -10,
                    1,
                    4
                ],
                [
                    6,
                    -1,
                    -4
                ],
                [
                    1,
                    7,
                    3
                ],
                [
                    -3,
                    -5,
                    9
                ],
                [
                    -8,
                    -2,
                    -3
                ],
                [
                    -4,
                    -5,
                    9
                ],
                [
                    4,
                    7,
                    8
                ],
                [
                    2,
                    4,
                    9
                ],
                [
                    10,
                    2,
                    -5
                ],
                [
                    7,
                    6,
                    9
                ],
                [
                    -1,
                    -5,
                    -10
                ]
            ],
            "{   'fun': 5.97,\n    'jac': None,\n    'nfev': 136,\n    'nit': None,\n    'njev': None,\n    'x': array([0.57487984, 4.04826218, 2.70173737, 2.23069834, 1.06868182,\n       3.38511966, 1.86695221, 2.60567775, 1.16971563, 1.18953435,\n       1.36519358, 1.93805044, 0.94896025, 2.03358295, 1.26201744,\n       2.04558596])}",
            {
                "1001110010": 1,
                "1101011110": 1,
                "0011100000": 1,
                "0011110001": 1,
                "1100111000": 1,
                "0111011101": 1,
                "0010101001": 1,
                "0111100000": 1,
                "1111010111": 1,
                "0111111100": 1,
                "1111111000": 1,
                "1101100000": 1,
                "1011100011": 1,
                "1101010011": 1,
                "0111001100": 1,
                "1010100001": 3,
                "1001010001": 1,
                "0000111011": 1,
                "0010100110": 1,
                "0110000110": 1,
                "1000101000": 1,
                "1000000010": 1,
                "1001100000": 1,
                "0011101100": 1,
                "0110001011": 1,
                "1100110111": 1,
                "0110111111": 1,
                "1011111001": 1,
                "0101101001": 1,
                "0000010101": 2,
                "0110010111": 1,
                "1010000000": 1,
                "1111110010": 1,
                "0010010001": 1,
                "0101100111": 1,
                "1100101000": 1,
                "0011101111": 1,
                "1110101100": 1,
                "0110011110": 1,
                "0001101110": 1,
                "1110101011": 1,
                "0100111000": 3,
                "0110011001": 1,
                "1001111010": 1,
                "1110110000": 1,
                "1111100101": 1,
                "0011010011": 1,
                "1011110111": 1,
                "0000101101": 1,
                "0110001110": 1,
                "0011000100": 1,
                "1100100011": 1,
                "1101001010": 1,
                "1001111110": 2,
                "1111011001": 2,
                "1110000110": 1,
                "1110001000": 1,
                "1110000111": 1,
                "1000000101": 1,
                "0000001111": 2,
                "1010101011": 1,
                "1011101110": 1,
                "1011100111": 1,
                "0101001110": 1,
                "1000011011": 1,
                "1111000001": 1,
                "0110110100": 1,
                "0001010101": 1,
                "0111110110": 1,
                "0101001101": 1,
                "0001101011": 1,
                "1001110001": 1,
                "0000011011": 1,
                "1011011110": 1,
                "1010010110": 1,
                "1100100101": 1,
                "0010000010": 1,
                "0000011101": 1,
                "0000000001": 1,
                "1100111110": 1,
                "1011001111": 1,
                "1100010000": 1,
                "0110100111": 1,
                "0101100100": 1,
                "0111001101": 1,
                "1011101001": 1,
                "1100111101": 2,
                "0110011000": 1,
                "1100010010": 1,
                "0111111010": 1,
                "0011001101": 1
            },
            false,
            4.88
        ]
    ]
}