{
    "n": 10,
    "m": 45,
    "results": [
        [
            [
                [
                    -5,
                    9,
                    6
                ],
                [
                    -3,
                    5,
                    -1
                ],
                [
                    10,
                    8,
                    3
                ],
                [
                    -9,
                    -8,
                    7
                ],
                [
                    7,
                    1,
                    8
                ],
                [
                    -2,
                    6,
                    -1
                ],
                [
                    2,
                    10,
                    8
                ],
                [
                    -9,
                    4,
                    -2
                ],
                [
                    7,
                    -1,
                    2
                ],
                [
                    9,
                    6,
                    -3
                ],
                [
                    -2,
                    9,
                    6
                ],
                [
                    -1,
                    -6,
                    4
                ],
                [
                    -9,
                    -5,
                    -4
                ],
                [
                    10,
                    6,
                    4
                ],
                [
                    9,
                    6,
                    3
                ],
                [
                    4,
                    -6,
                    3
                ],
                [
                    4,
                    -5,
                    -3
                ],
                [
                    -6,
                    -3,
                    2
                ],
                [
                    -3,
                    -1,
                    6
                ],
                [
                    -7,
                    6,
                    5
                ],
                [
                    -6,
                    1,
                    -4
                ],
                [
                    -7,
                    -2,
                    -4
                ],
                [
                    -6,
                    4,
                    -2
                ],
                [
                    -5,
                    6,
                    -3
                ],
                [
                    5,
                    6,
                    9
                ],
                [
                    -3,
                    -8,
                    5
                ],
                [
                    10,
                    -9,
                    -5
                ],
                [
                    -4,
                    1,
                    10
                ],
                [
                    -8,
                    4,
                    2
                ],
                [
                    -2,
                    -1,
                    -7
                ],
                [
                    -10,
                    2,
                    7
                ],
                [
                    -3,
                    -7,
                    8
                ],
                [
                    -2,
                    -9,
                    7
                ],
                [
                    -10,
                    1,
                    -4
                ],
                [
                    -1,
                    -5,
                    4
                ],
                [
                    -5,
                    -6,
                    1
                ],
                [
                    4,
                    10,
                    -5
                ],
                [
                    -3,
                    2,
                    -10
                ],
                [
                    6,
                    10,
                    -2
                ],
                [
                    -9,
                    -6,
                    -7
                ],
                [
                    9,
                    -4,
                    -8
                ],
                [
                    6,
                    -2,
                    -8
                ],
                [
                    8,
                    5,
                    2
                ],
                [
                    -2,
                    9,
                    3
                ],
                [
                    -4,
                    -10,
                    8
                ]
            ],
            "{   'fun': 3.85,\n    'jac': None,\n    'nfev': 156,\n    'nit': None,\n    'njev': None,\n    'x': array([ 1.10141229,  1.66613019,  3.11806603, -0.07626409,  0.63251967,\n        3.15017689,  2.4641107 ,  0.0522335 ,  0.60025648,  0.62071685,\n        0.90259205,  1.81597834,  2.07867986,  2.99337942,  3.34473199,\n        1.2748155 ])}",
            {
                "0100100011": 1,
                "1111111101": 1,
                "0110011100": 1,
                "0100100010": 1,
                "0011010000": 1,
                "0001111101": 1,
                "0000001011": 1,
                "0110010000": 1,
                "0000011100": 1,
                "0101011100": 1,
                "0111000100": 1,
                "0001101000": 1,
                "0001011110": 1,
                "0000111100": 1,
                "0100011111": 1,
                "1110010101": 1,
                "0101000111": 1,
                "0100010111": 2,
                "0000000111": 4,
                "0100111101": 1,
                "1011111100": 1,
                "0010011000": 1,
                "1111010010": 1,
                "0011000000": 1,
                "0101000010": 1,
                "1001011011": 1,
                "0000111001": 2,
                "0001101110": 1,
                "1000110100": 1,
                "1101010110": 1,
                "1001111011": 1,
                "0100111111": 2,
                "0001101111": 1,
                "1000011110": 1,
                "1000101001": 1,
                "0001010111": 1,
                "1001011110": 1,
                "1101100000": 2,
                "1001101111": 1,
                "0000001110": 1,
                "0011100100": 2,
                "1001100110": 1,
                "0101010101": 1,
                "1001001111": 1,
                "1101010010": 2,
                "0000011101": 1,
                "1011010010": 1,
                "1001101110": 1,
                "0100000110": 1,
                "0000101111": 1,
                "1111110000": 1,
                "1001011001": 1,
                "1101000101": 1,
                "0100110011": 1,
                "0001011001": 1,
                "0010010010": 1,
                "0011101110": 1,
                "1001011101": 1,
                "0000000010": 1,
                "1101011000": 1,
                "1001111111": 1,
                "0000101010": 1,
                "0110010010": 1,
                "1010100011": 1,
                "0001001111": 1,
                "1101010001": 1,
                "1100100010": 1,
                "1001010101": 1,
                "0011010011": 1,
                "0001010110": 1,
                "1100110101": 1,
                "0000100001": 1,
                "0110110101": 1,
                "1001101011": 1,
                "0000010110": 2,
                "0100011110": 1,
                "1001000111": 1,
                "0100010001": 2,
                "1101010000": 1,
                "1101010011": 2,
                "0000011110": 1,
                "0001011010": 1,
                "1101000010": 1,
                "0001000111": 1,
                "1001011100": 1,
                "0110001101": 1,
                "1000101011": 1,
                "0010000011": 1
            },
            false,
            2.94
        ],
        [
            [
                [
                    -1,
                    4,
                    10
                ],
                [
                    1,
                    -7,
                    -2
                ],
                [
                    3,
                    -5,
                    -1
                ],
                [
                    4,
                    -3,
                    8
                ],
                [
                    9,
                    2,
                    -5
                ],
                [
                    -9,
                    7,
                    1
                ],
                [
                    -6,
                    9,
                    7
                ],
                [
                    -10,
                    -9,
                    1
                ],
                [
                    -1,
                    -4,
                    8
                ],
                [
                    9,
                    -6,
                    -8
                ],
                [
                    10,
                    2,
                    3
                ],
                [
                    -2,
                    7,
                    -6
                ],
                [
                    -6,
                    -7,
                    -4
                ],
                [
                    2,
                    -9,
                    10
                ],
                [
                    3,
                    -5,
                    -1
                ],
                [
                    3,
                    8,
                    7
                ],
                [
                    -3,
                    -4,
                    -10
                ],
                [
                    5,
                    -9,
                    4
                ],
                [
                    1,
                    -8,
                    -6
                ],
                [
                    -5,
                    -2,
                    7
                ],
                [
                    -1,
                    -5,
                    2
                ],
                [
                    -5,
                    7,
                    3
                ],
                [
                    -4,
                    5,
                    -10
                ],
                [
                    -10,
                    -6,
                    2
                ],
                [
                    -9,
                    5,
                    -4
                ],
                [
                    10,
                    -4,
                    -6
                ],
                [
                    -10,
                    -7,
                    -3
                ],
                [
                    6,
                    -4,
                    -1
                ],
                [
                    8,
                    -2,
                    -9
                ],
                [
                    8,
                    7,
                    -2
                ],
                [
                    10,
                    -8,
                    -2
                ],
                [
                    -3,
                    4,
                    -6
                ],
                [
                    -7,
                    4,
                    -3
                ],
                [
                    4,
                    9,
                    10
                ],
                [
                    4,
                    -10,
                    -1
                ],
                [
                    1,
                    -9,
                    -5
                ],
                [
                    3,
                    4,
                    -10
                ],
                [
                    -9,
                    10,
                    8
                ],
                [
                    -4,
                    1,
                    5
                ],
                [
                    3,
                    -6,
                    2
                ],
                [
                    -5,
                    7,
                    -4
                ],
                [
                    -2,
                    -3,
                    -1
                ],
                [
                    -5,
                    9,
                    7
                ],
                [
                    -2,
                    1,
                    -10
                ],
                [
                    -5,
                    -4,
                    1
                ]
            ],
            "{   'fun': 5.47,\n    'jac': None,\n    'nfev': 141,\n    'nit': None,\n    'njev': None,\n    'x': array([1.40423364, 0.3722947 , 0.88891566, 0.86361093, 1.23682902,\n       0.77268623, 0.21246501, 2.14248053, 1.51816316, 1.75710442,\n       2.0638788 , 2.00018196, 2.50945027, 1.52916207, 0.82937579,\n       0.55607675])}",
            {
                "1010111100": 1,
                "1101000100": 1,
                "0001001100": 1,
                "0100011010": 1,
                "1001011011": 1,
                "1010111010": 1,
                "0000000100": 1,
                "1011111010": 1,
                "1100110001": 1,
                "0010010111": 1,
                "1011010110": 1,
                "1110001001": 1,
                "0101111111": 1,
                "0001011001": 1,
                "1111010000": 1,
                "1011100100": 1,
                "0001000110": 1,
                "1101001110": 1,
                "1010001000": 1,
                "0110010001": 1,
                "0110010100": 1,
                "1111100100": 2,
                "1101010101": 1,
                "1111000001": 1,
                "1010101110": 1,
                "1100011110": 1,
                "1100001110": 2,
                "1110111011": 1,
                "1011000010": 1,
                "1010010000": 1,
                "1010111101": 1,
                "0011000011": 1,
                "0110011000": 1,
                "1011110110": 2,
                "0110001100": 1,
                "0000011101": 1,
                "0111001111": 1,
                "0100111100": 1,
                "0011010111": 1,
                "1101100001": 1,
                "0001110001": 1,
                "1111110111": 1,
                "0011100111": 1,
                "0010000100": 1,
                "1001001101": 1,
                "0000100000": 1,
                "0000100100": 2,
                "0100011110": 1,
                "1001111010": 1,
                "1111001101": 1,
                "1111100101": 1,
                "1000011001": 1,
                "1111100001": 1,
                "1100010001": 1,
                "0010110100": 1,
                "1000001110": 1,
                "1010000010": 1,
                "0101001011": 2,
                "0101101100": 1,
                "1001111001": 1,
                "0001010110": 1,
                "0011000001": 1,
                "1010011101": 1,
                "0100001100": 1,
                "0101100010": 1,
                "1110100100": 1,
                "1100101000": 1,
                "0110000111": 1,
                "1111001001": 1,
                "1011100010": 1,
                "0000111011": 1,
                "0110110010": 1,
                "0111101011": 1,
                "0101010111": 1,
                "0111000100": 1,
                "1110000101": 2,
                "0111101111": 1,
                "0000100101": 1,
                "0000011100": 1,
                "1010011110": 1,
                "1110100110": 1,
                "1000010101": 1,
                "1110011101": 2,
                "1101011001": 1,
                "0000101000": 1,
                "1000001101": 1,
                "1001101101": 3,
                "0011111111": 1,
                "1010100101": 1,
                "1100001100": 1,
                "0100100000": 1
            },
            false,
            4.92
        ],
        [
            [
                [
                    -6,
                    9,
                    8
                ],
                [
                    -10,
                    -4,
                    8
                ],
                [
                    5,
                    -10,
                    9
                ],
                [
                    -3,
                    -8,
                    -4
                ],
                [
                    3,
                    9,
                    6
                ],
                [
                    -7,
                    -2,
                    4
                ],
                [
                    -1,
                    -10,
                    -3
                ],
                [
                    -6,
                    -2,
                    8
                ],
                [
                    -7,
                    -10,
                    -6
                ],
                [
                    9,
                    -1,
                    10
                ],
                [
                    4,
                    2,
                    -3
                ],
                [
                    7,
                    -10,
                    -8
                ],
                [
                    -7,
                    6,
                    -10
                ],
                [
                    -7,
                    10,
                    8
                ],
                [
                    -2,
                    -9,
                    -4
                ],
                [
                    -7,
                    4,
                    -6
                ],
                [
                    -10,
                    -1,
                    -7
                ],
                [
                    5,
                    4,
                    -9
                ],
                [
                    -3,
                    -8,
                    2
                ],
                [
                    1,
                    -9,
                    2
                ],
                [
                    -6,
                    5,
                    -7
                ],
                [
                    6,
                    4,
                    2
                ],
                [
                    1,
                    7,
                    4
                ],
                [
                    -9,
                    -6,
                    10
                ],
                [
                    7,
                    5,
                    -4
                ],
                [
                    -4,
                    -5,
                    9
                ],
                [
                    -8,
                    -1,
                    -5
                ],
                [
                    9,
                    -2,
                    8
                ],
                [
                    -4,
                    -6,
                    -7
                ],
                [
                    4,
                    -3,
                    -6
                ],
                [
                    2,
                    10,
                    3
                ],
                [
                    -5,
                    1,
                    9
                ],
                [
                    9,
                    -4,
                    -3
                ],
                [
                    -2,
                    -9,
                    -6
                ],
                [
                    -7,
                    -9,
                    -4
                ],
                [
                    -4,
                    10,
                    2
                ],
                [
                    2,
                    8,
                    -4
                ],
                [
                    -2,
                    -9,
                    -7
                ],
                [
                    -7,
                    5,
                    2
                ],
                [
                    2,
                    -6,
                    -7
                ],
                [
                    4,
                    8,
                    -6
                ],
                [
                    10,
                    -8,
                    -3
                ],
                [
                    -9,
                    3,
                    -2
                ],
                [
                    3,
                    1,
                    -7
                ],
                [
                    -9,
                    -6,
                    5
                ]
            ],
            "{   'fun': 5.73,\n    'jac': None,\n    'nfev': 140,\n    'nit': None,\n    'njev': None,\n    'x': array([1.95851176, 0.71776212, 0.02576724, 0.89795579, 0.68532994,\n       1.72971081, 1.06347918, 1.65125197, 3.12655056, 1.9514938 ,\n       3.13062695, 1.05730524, 1.88678311, 1.17375668, 2.31500109,\n       0.8666475 ])}",
            {
                "0001011111": 1,
                "1011111001": 1,
                "1100011001": 1,
                "1010011001": 1,
                "1100001100": 1,
                "1101110001": 1,
                "0110010101": 1,
                "0100111111": 1,
                "0111110010": 1,
                "0001111000": 1,
                "1011101101": 1,
                "0110010011": 1,
                "0101010110": 1,
                "0111001111": 1,
                "1110010011": 1,
                "0000110011": 1,
                "0000000101": 1,
                "1110101111": 1,
                "1001111110": 1,
                "0011001001": 1,
                "0101011100": 1,
                "0011000111": 1,
                "1000111001": 2,
                "0111111001": 1,
                "1100101111": 1,
                "0110010001": 1,
                "1100001011": 1,
                "0110010100": 1,
                "0010101001": 1,
                "1000100011": 1,
                "1100110111": 1,
                "0111010010": 1,
                "1011100110": 1,
                "1001110100": 1,
                "0101100011": 1,
                "0110011100": 1,
                "1001111001": 1,
                "1100000000": 1,
                "0100001000": 1,
                "0011111001": 1,
                "0111001011": 1,
                "1001100110": 1,
                "1111111011": 1,
                "1000001010": 1,
                "0000111001": 1,
                "0111110110": 1,
                "0110101010": 1,
                "0011001111": 1,
                "1001110010": 1,
                "0100101011": 2,
                "0111100111": 1,
                "0001001011": 1,
                "0010100111": 1,
                "0111110011": 1,
                "0101101101": 1,
                "0010110100": 1,
                "0010100001": 1,
                "0100010111": 1,
                "0001111110": 1,
                "1011100011": 1,
                "0000011110": 1,
                "0111101001": 1,
                "0110001101": 1,
                "0011111000": 1,
                "0101000000": 1,
                "1010011000": 1,
                "0011101010": 1,
                "1001101001": 2,
                "1111010110": 1,
                "1011111010": 1,
                "1011001010": 1,
                "0001011100": 1,
                "0111000110": 1,
                "0111001001": 1,
                "0011100101": 2,
                "1100001101": 1,
                "1000101100": 1,
                "1000111000": 1,
                "1110000011": 1,
                "1000000100": 1,
                "0001100101": 1,
                "0110110010": 1,
                "1010001101": 1,
                "0111110100": 1,
                "0000010100": 1,
                "1010111100": 1,
                "0101011111": 1,
                "1101011011": 1,
                "0001001001": 1,
                "1000110001": 1,
                "1110111111": 1,
                "1000111101": 1,
                "0011100110": 1,
                "1000101001": 1,
                "0011100010": 2
            },
            false,
            4.91
        ],
        [
            [
                [
                    -7,
                    -6,
                    10
                ],
                [
                    6,
                    9,
                    5
                ],
                [
                    -4,
                    -6,
                    3
                ],
                [
                    -10,
                    -6,
                    -5
                ],
                [
                    -8,
                    -3,
                    5
                ],
                [
                    6,
                    -9,
                    8
                ],
                [
                    -3,
                    -9,
                    -5
                ],
                [
                    7,
                    -3,
                    -2
                ],
                [
                    4,
                    -1,
                    3
                ],
                [
                    6,
                    -1,
                    9
                ],
                [
                    2,
                    6,
                    -7
                ],
                [
                    -6,
                    7,
                    -10
                ],
                [
                    9,
                    3,
                    -8
                ],
                [
                    -7,
                    5,
                    8
                ],
                [
                    -2,
                    -10,
                    1
                ],
                [
                    -5,
                    -10,
                    4
                ],
                [
                    7,
                    6,
                    3
                ],
                [
                    2,
                    -6,
                    -1
                ],
                [
                    5,
                    7,
                    -6
                ],
                [
                    1,
                    8,
                    -3
                ],
                [
                    -2,
                    7,
                    10
                ],
                [
                    2,
                    -1,
                    -10
                ],
                [
                    -2,
                    6,
                    -1
                ],
                [
                    2,
                    9,
                    -1
                ],
                [
                    -1,
                    10,
                    -9
                ],
                [
                    8,
                    5,
                    9
                ],
                [
                    -10,
                    -2,
                    -6
                ],
                [
                    8,
                    9,
                    6
                ],
                [
                    -2,
                    -7,
                    4
                ],
                [
                    8,
                    7,
                    -3
                ],
                [
                    -5,
                    -4,
                    -9
                ],
                [
                    -4,
                    -5,
                    1
                ],
                [
                    -8,
                    -2,
                    9
                ],
                [
                    -5,
                    -9,
                    7
                ],
                [
                    -3,
                    -7,
                    -9
                ],
                [
                    -3,
                    -4,
                    -9
                ],
                [
                    6,
                    -8,
                    -5
                ],
                [
                    -9,
                    -4,
                    10
                ],
                [
                    -5,
                    -7,
                    3
                ],
                [
                    7,
                    4,
                    10
                ],
                [
                    -3,
                    2,
                    -8
                ],
                [
                    6,
                    4,
                    -9
                ],
                [
                    -8,
                    -3,
                    4
                ],
                [
                    -6,
                    10,
                    1
                ],
                [
                    -9,
                    4,
                    -7
                ]
            ],
            "{   'fun': 3.56,\n    'jac': None,\n    'nfev': 164,\n    'nit': None,\n    'njev': None,\n    'x': array([ 2.33405073,  0.91818654,  1.63346651,  1.3842816 , -0.01934455,\n       -0.2441414 ,  1.70003333,  3.19707118,  0.35715908,  0.572543  ,\n        0.62709303,  0.8857251 ,  2.757357  ,  2.93697757,  3.27902071,\n        3.07656754])}",
            {
                "0001000111": 1,
                "0100001110": 1,
                "1111011101": 1,
                "1001010010": 1,
                "0010011101": 1,
                "0100011001": 1,
                "1011111000": 1,
                "0001111011": 1,
                "0010010010": 1,
                "0001000011": 1,
                "0100110110": 1,
                "0000000010": 1,
                "0001011101": 1,
                "1111010100": 1,
                "1111001100": 1,
                "0111101110": 1,
                "0001001100": 1,
                "0111100100": 1,
                "1011000111": 1,
                "1010011111": 1,
                "1111111100": 1,
                "0000110001": 1,
                "0001011111": 1,
                "0011000100": 1,
                "1101001111": 1,
                "0001100100": 1,
                "1101001010": 1,
                "0110001000": 1,
                "0101100100": 1,
                "1001100101": 1,
                "1000110101": 1,
                "1001011011": 1,
                "1000010010": 1,
                "0001110001": 1,
                "0000010110": 3,
                "0000011111": 4,
                "0111010101": 1,
                "1111110100": 1,
                "0000110000": 2,
                "0000011101": 4,
                "0001010001": 1,
                "0001001111": 4,
                "1011110010": 2,
                "0010011011": 1,
                "0101100000": 1,
                "0101101100": 2,
                "0011011101": 2,
                "0000010011": 1,
                "0000010101": 1,
                "0000100001": 1,
                "0101001111": 2,
                "0010100010": 1,
                "0011001011": 1,
                "1000000101": 1,
                "0001001110": 1,
                "0000001111": 2,
                "0001001101": 1,
                "0000111001": 2,
                "0011011001": 1,
                "0011111111": 1,
                "1101100000": 1,
                "0001111001": 1,
                "0000111000": 1,
                "0001101101": 1,
                "0111101000": 1,
                "0000010100": 1,
                "0101001110": 1,
                "1000011011": 1,
                "0000010111": 2,
                "1000010001": 1,
                "0000001101": 2,
                "0011100101": 1,
                "0001000100": 1,
                "0001100001": 1,
                "1110011100": 1,
                "0011100100": 1,
                "0011011011": 1,
                "0000000111": 2,
                "1111001110": 1
            },
            false,
            2.85
        ],
        [
            [
                [
                    3,
                    8,
                    -7
                ],
                [
                    -10,
                    -7,
                    -3
                ],
                [
                    6,
                    -8,
                    10
                ],
                [
                    -2,
                    -4,
                    -1
                ],
                [
                    -6,
                    -4,
                    5
                ],
                [
                    7,
                    6,
                    -3
                ],
                [
                    -4,
                    -3,
                    2
                ],
                [
                    -5,
                    2,
                    6
                ],
                [
                    6,
                    -9,
                    2
                ],
                [
                    -10,
                    1,
                    7
                ],
                [
                    4,
                    9,
                    1
                ],
                [
                    4,
                    -2,
                    1
                ],
                [
                    1,
                    5,
                    7
                ],
                [
                    -3,
                    -4,
                    -7
                ],
                [
                    -2,
                    -3,
                    9
                ],
                [
                    5,
                    10,
                    -9
                ],
                [
                    -6,
                    -4,
                    -9
                ],
                [
                    1,
                    4,
                    -5
                ],
                [
                    10,
                    -7,
                    -5
                ],
                [
                    -10,
                    -7,
                    9
                ],
                [
                    -6,
                    -7,
                    2
                ],
                [
                    6,
                    -2,
                    -7
                ],
                [
                    -2,
                    -5,
                    10
                ],
                [
                    3,
                    -9,
                    -8
                ],
                [
                    -6,
                    4,
                    -10
                ],
                [
                    4,
                    3,
                    1
                ],
                [
                    1,
                    -3,
                    -6
                ],
                [
                    2,
                    3,
                    -9
                ],
                [
                    -7,
                    10,
                    2
                ],
                [
                    5,
                    -2,
                    3
                ],
                [
                    -8,
                    -3,
                    10
                ],
                [
                    9,
                    -5,
                    4
                ],
                [
                    -1,
                    -5,
                    -9
                ],
                [
                    -5,
                    10,
                    8
                ],
                [
                    -1,
                    -5,
                    -9
                ],
                [
                    -7,
                    9,
                    1
                ],
                [
                    7,
                    -10,
                    1
                ],
                [
                    -5,
                    10,
                    -6
                ],
                [
                    9,
                    -7,
                    5
                ],
                [
                    -3,
                    -8,
                    9
                ],
                [
                    -1,
                    -3,
                    7
                ],
                [
                    -5,
                    -3,
                    -6
                ],
                [
                    -5,
                    -6,
                    2
                ],
                [
                    3,
                    10,
                    4
                ],
                [
                    -3,
                    -1,
                    2
                ]
            ],
            "{   'fun': 5.56,\n    'jac': None,\n    'nfev': 146,\n    'nit': None,\n    'njev': None,\n    'x': array([2.26418123, 1.93881246, 0.89075599, 2.59908443, 1.37984851,\n       2.94759199, 2.87012107, 1.44375355, 1.65879713, 0.2421667 ,\n       0.70553899, 3.70207576, 2.16401035, 0.11569903, 3.11793785,\n       2.67642991])}",
            {
                "0100010111": 1,
                "0001111111": 1,
                "1101001011": 1,
                "1000110101": 1,
                "1001001000": 1,
                "0101100110": 1,
                "1001101010": 1,
                "0001001001": 1,
                "0111100100": 1,
                "0010011101": 1,
                "1010100010": 1,
                "0110000110": 1,
                "0010001101": 1,
                "1101011011": 1,
                "0010101011": 1,
                "1100011001": 1,
                "1011111001": 1,
                "0111000111": 1,
                "0001000110": 1,
                "1011100101": 1,
                "1010000010": 1,
                "0110001100": 1,
                "0110000011": 1,
                "0101100101": 1,
                "0010110100": 1,
                "0111000101": 1,
                "0111000100": 1,
                "1011010010": 1,
                "1101111110": 2,
                "0000100111": 1,
                "0011000111": 1,
                "0001011000": 1,
                "1100000001": 1,
                "0110101110": 1,
                "1101110110": 1,
                "0101000011": 2,
                "0011000011": 1,
                "1011100010": 1,
                "1001011100": 1,
                "1100011111": 1,
                "1100010011": 1,
                "1011011111": 1,
                "0101011111": 1,
                "0000111001": 1,
                "0001101110": 1,
                "1000011111": 1,
                "1110101001": 2,
                "1110001000": 1,
                "1110100000": 2,
                "0111100111": 2,
                "0011110100": 1,
                "1111000001": 1,
                "0010000101": 2,
                "0111000001": 1,
                "1010010100": 1,
                "1001110010": 1,
                "0110110111": 1,
                "0011010110": 1,
                "0000010001": 1,
                "1000111011": 2,
                "1011010111": 1,
                "0010110001": 1,
                "1000110001": 1,
                "1011101000": 1,
                "0001101111": 1,
                "0000000101": 1,
                "0001100001": 1,
                "0011100010": 1,
                "1001111100": 1,
                "0011111011": 1,
                "0010100010": 1,
                "1101000101": 1,
                "1110010000": 1,
                "0111100010": 1,
                "1100011010": 2,
                "1001001011": 2,
                "0100111111": 1,
                "0110111110": 1,
                "0110011001": 1,
                "1100011101": 2,
                "0001001110": 1,
                "0000100001": 2,
                "1010111011": 1,
                "0101001011": 1,
                "0001011001": 1,
                "1001101011": 1,
                "0010110111": 1,
                "0011001010": 1,
                "0111101100": 1
            },
            false,
            4.82
        ]
    ]
}