{
    "n": 10,
    "m": 45,
    "results": [
        [
            [
                [
                    -1,
                    -6,
                    -3
                ],
                [
                    4,
                    6,
                    -2
                ],
                [
                    -3,
                    5,
                    -1
                ],
                [
                    -6,
                    -3,
                    -5
                ],
                [
                    -6,
                    -3,
                    7
                ],
                [
                    2,
                    -5,
                    7
                ],
                [
                    7,
                    3,
                    -9
                ],
                [
                    2,
                    3,
                    -4
                ],
                [
                    -2,
                    8,
                    9
                ],
                [
                    2,
                    -10,
                    3
                ],
                [
                    3,
                    4,
                    -9
                ],
                [
                    -6,
                    4,
                    -9
                ],
                [
                    -8,
                    -3,
                    9
                ],
                [
                    -2,
                    9,
                    -10
                ],
                [
                    -1,
                    -6,
                    7
                ],
                [
                    9,
                    6,
                    10
                ],
                [
                    -7,
                    -10,
                    -4
                ],
                [
                    9,
                    6,
                    10
                ],
                [
                    -3,
                    -4,
                    -7
                ],
                [
                    3,
                    -1,
                    -9
                ],
                [
                    -5,
                    -2,
                    8
                ],
                [
                    7,
                    -4,
                    1
                ],
                [
                    -1,
                    9,
                    7
                ],
                [
                    -4,
                    1,
                    -3
                ],
                [
                    -3,
                    1,
                    9
                ],
                [
                    -1,
                    -5,
                    10
                ],
                [
                    -3,
                    -6,
                    2
                ],
                [
                    -10,
                    4,
                    5
                ],
                [
                    -9,
                    -10,
                    6
                ],
                [
                    -6,
                    -2,
                    -8
                ],
                [
                    -5,
                    7,
                    6
                ],
                [
                    9,
                    6,
                    -5
                ],
                [
                    10,
                    -2,
                    -6
                ],
                [
                    10,
                    8,
                    5
                ],
                [
                    4,
                    -8,
                    -6
                ],
                [
                    -3,
                    1,
                    -2
                ],
                [
                    -4,
                    -6,
                    -7
                ],
                [
                    -5,
                    -4,
                    10
                ],
                [
                    4,
                    -1,
                    -3
                ],
                [
                    -9,
                    -3,
                    -10
                ],
                [
                    10,
                    4,
                    -3
                ],
                [
                    -2,
                    -1,
                    8
                ],
                [
                    -2,
                    -5,
                    -7
                ],
                [
                    -2,
                    -4,
                    -5
                ],
                [
                    -8,
                    9,
                    -3
                ]
            ],
            "{   'fun': 5.27,\n    'jac': None,\n    'nfev': 120,\n    'nit': None,\n    'njev': None,\n    'x': array([0.90048393, 2.90442841, 1.04136734, 1.10074741, 2.62564034,\n       2.34272528, 1.69449177, 2.11318072, 0.56796287, 0.79742419,\n       2.79887371, 0.1864118 , 2.77129062, 3.04772617, 2.13283122,\n       2.19934771])}",
            {
                "1101110111": 1,
                "1101111111": 1,
                "1100000001": 1,
                "0010100110": 1,
                "0100010011": 1,
                "0010001110": 1,
                "1010001101": 1,
                "0011100000": 1,
                "0010011001": 1,
                "0101010110": 1,
                "1011010111": 1,
                "0111001101": 1,
                "0111001100": 1,
                "1100110111": 1,
                "1110001011": 1,
                "0000001010": 1,
                "1000100110": 1,
                "1100010111": 1,
                "0110000111": 1,
                "0101000010": 1,
                "1111100011": 1,
                "0000100011": 1,
                "0001010010": 1,
                "0000101110": 1,
                "0010101010": 1,
                "0011010110": 1,
                "1111011110": 1,
                "1101010101": 2,
                "1110011001": 1,
                "0010001100": 1,
                "0011001111": 1,
                "0000111100": 1,
                "0101101110": 1,
                "1001010000": 1,
                "1110110111": 1,
                "1001100100": 1,
                "1000111110": 1,
                "1011011110": 2,
                "0000110001": 1,
                "1000101111": 1,
                "1010100110": 1,
                "1100011111": 1,
                "1000111101": 1,
                "0101011001": 1,
                "1111110100": 3,
                "0100101001": 1,
                "1101001100": 1,
                "1001010110": 1,
                "1101001101": 1,
                "1100100110": 1,
                "1010001011": 2,
                "1111010001": 1,
                "1110001111": 1,
                "1011000101": 1,
                "0101011011": 1,
                "0100011111": 1,
                "1100110100": 2,
                "1101010111": 1,
                "1000010011": 1,
                "0110010011": 1,
                "0111000101": 1,
                "0100110100": 1,
                "0101110010": 1,
                "0010001001": 1,
                "0100000100": 1,
                "0000111110": 1,
                "0101000000": 1,
                "1001110000": 1,
                "1000001100": 1,
                "1000110011": 1,
                "1111110101": 1,
                "0101001001": 1,
                "1010000000": 2,
                "0000001101": 1,
                "0101011100": 1,
                "1010011111": 1,
                "1101011010": 1,
                "0010000101": 1,
                "1000000110": 1,
                "0110100110": 1,
                "0001101100": 1,
                "0011000000": 1,
                "0010101101": 1,
                "0100101100": 1,
                "1000001111": 1,
                "0011011001": 1,
                "0001010101": 1,
                "1100001011": 1,
                "0110001110": 1,
                "0000100111": 1,
                "0010011010": 1,
                "0011110001": 1,
                "1101000000": 1
            },
            false,
            4.82
        ],
        [
            [
                [
                    -1,
                    -7,
                    2
                ],
                [
                    4,
                    5,
                    7
                ],
                [
                    -4,
                    -2,
                    -1
                ],
                [
                    -10,
                    5,
                    6
                ],
                [
                    -3,
                    5,
                    -7
                ],
                [
                    -1,
                    2,
                    -7
                ],
                [
                    -5,
                    -9,
                    8
                ],
                [
                    8,
                    7,
                    6
                ],
                [
                    -1,
                    9,
                    -5
                ],
                [
                    -8,
                    -5,
                    -3
                ],
                [
                    10,
                    6,
                    9
                ],
                [
                    -3,
                    7,
                    10
                ],
                [
                    -4,
                    6,
                    -9
                ],
                [
                    -10,
                    -9,
                    -4
                ],
                [
                    -6,
                    2,
                    9
                ],
                [
                    -6,
                    -7,
                    4
                ],
                [
                    8,
                    10,
                    2
                ],
                [
                    4,
                    -2,
                    5
                ],
                [
                    7,
                    -2,
                    9
                ],
                [
                    2,
                    8,
                    7
                ],
                [
                    -2,
                    -7,
                    5
                ],
                [
                    -7,
                    -1,
                    4
                ],
                [
                    -5,
                    7,
                    -9
                ],
                [
                    -3,
                    -10,
                    -2
                ],
                [
                    -4,
                    -6,
                    -7
                ],
                [
                    3,
                    -10,
                    6
                ],
                [
                    -8,
                    -3,
                    -1
                ],
                [
                    -10,
                    -3,
                    8
                ],
                [
                    8,
                    2,
                    -10
                ],
                [
                    2,
                    7,
                    3
                ],
                [
                    -7,
                    3,
                    10
                ],
                [
                    3,
                    8,
                    5
                ],
                [
                    -3,
                    2,
                    7
                ],
                [
                    9,
                    -10,
                    8
                ],
                [
                    -6,
                    10,
                    2
                ],
                [
                    5,
                    2,
                    3
                ],
                [
                    9,
                    7,
                    10
                ],
                [
                    -7,
                    -5,
                    3
                ],
                [
                    -5,
                    -8,
                    -7
                ],
                [
                    8,
                    -9,
                    -10
                ],
                [
                    -5,
                    -4,
                    8
                ],
                [
                    -5,
                    7,
                    3
                ],
                [
                    10,
                    -3,
                    9
                ],
                [
                    -7,
                    -6,
                    -9
                ],
                [
                    6,
                    5,
                    9
                ]
            ],
            "{   'fun': 5.92,\n    'jac': None,\n    'nfev': 131,\n    'nit': None,\n    'njev': None,\n    'x': array([0.66982874, 1.0810521 , 2.69856491, 2.300644  , 1.66298666,\n       2.98100976, 4.23858829, 1.06253601, 0.4372644 , 1.21006201,\n       2.64299689, 2.16898026, 2.37952529, 1.26062233, 2.22152026,\n       3.03962784])}",
            {
                "0010001001": 1,
                "1110110111": 1,
                "0110001000": 1,
                "0110010111": 1,
                "0011110110": 1,
                "1101111100": 1,
                "0111101100": 1,
                "0001111001": 1,
                "1110110011": 1,
                "0000001111": 1,
                "1010010101": 1,
                "0111101101": 1,
                "0011011000": 2,
                "1001111010": 1,
                "1100011100": 1,
                "0011011001": 1,
                "0011001010": 1,
                "0111010010": 1,
                "0100011101": 1,
                "1000001000": 1,
                "1001001111": 1,
                "1110100000": 2,
                "1001011011": 1,
                "1000010100": 1,
                "0011101001": 1,
                "1000010101": 2,
                "0100111011": 1,
                "1000000001": 1,
                "1100111110": 1,
                "0111011111": 1,
                "1101100100": 1,
                "0100100011": 2,
                "0110101110": 2,
                "0010001010": 1,
                "0110001011": 1,
                "0010101110": 1,
                "0011111011": 1,
                "1000010000": 1,
                "1101000101": 1,
                "0111000110": 2,
                "1001100111": 1,
                "1000100010": 1,
                "0010101111": 1,
                "1001010111": 1,
                "1110101101": 1,
                "1100100010": 2,
                "1001001110": 1,
                "0000001100": 1,
                "0110111100": 1,
                "0100100000": 1,
                "1010100101": 1,
                "1101100111": 1,
                "1001000001": 1,
                "0011100100": 1,
                "0111111110": 1,
                "0000001011": 1,
                "1111000000": 2,
                "1010110110": 1,
                "1100100110": 1,
                "1110010000": 1,
                "0101101011": 1,
                "1100010101": 1,
                "0101111011": 1,
                "1100100101": 1,
                "0100001010": 1,
                "1101111001": 1,
                "0100100101": 1,
                "1100100011": 1,
                "1100001010": 1,
                "0001000010": 1,
                "0001111100": 1,
                "0101001011": 1,
                "1101100011": 1,
                "0111100000": 1,
                "0001111011": 1,
                "1000001100": 1,
                "1100101011": 1,
                "1101111010": 1,
                "1101110000": 1,
                "0111100010": 1,
                "0011111110": 1,
                "1110110100": 1,
                "1110100111": 1,
                "0010011011": 1,
                "0110100001": 1,
                "0100111101": 1,
                "0001100100": 1,
                "0000000000": 1,
                "1011100011": 1,
                "1100001011": 1,
                "0110000111": 1,
                "0110000000": 1
            },
            false,
            4.97
        ],
        [
            [
                [
                    6,
                    4,
                    -5
                ],
                [
                    -8,
                    -4,
                    1
                ],
                [
                    1,
                    -4,
                    -9
                ],
                [
                    1,
                    -2,
                    5
                ],
                [
                    -10,
                    -7,
                    9
                ],
                [
                    9,
                    10,
                    3
                ],
                [
                    -2,
                    -3,
                    5
                ],
                [
                    3,
                    -6,
                    1
                ],
                [
                    10,
                    -4,
                    7
                ],
                [
                    9,
                    5,
                    3
                ],
                [
                    3,
                    -8,
                    -4
                ],
                [
                    6,
                    -1,
                    4
                ],
                [
                    -1,
                    10,
                    5
                ],
                [
                    4,
                    1,
                    2
                ],
                [
                    8,
                    4,
                    9
                ],
                [
                    5,
                    -3,
                    -4
                ],
                [
                    1,
                    -7,
                    2
                ],
                [
                    2,
                    4,
                    7
                ],
                [
                    -5,
                    2,
                    8
                ],
                [
                    7,
                    -4,
                    3
                ],
                [
                    2,
                    1,
                    -6
                ],
                [
                    -6,
                    -10,
                    8
                ],
                [
                    -2,
                    -3,
                    -6
                ],
                [
                    6,
                    -7,
                    1
                ],
                [
                    -9,
                    -2,
                    -3
                ],
                [
                    3,
                    -7,
                    2
                ],
                [
                    -2,
                    1,
                    -9
                ],
                [
                    -4,
                    7,
                    5
                ],
                [
                    1,
                    -9,
                    3
                ],
                [
                    6,
                    -7,
                    9
                ],
                [
                    8,
                    -10,
                    3
                ],
                [
                    -3,
                    -5,
                    -8
                ],
                [
                    -1,
                    -7,
                    -8
                ],
                [
                    -9,
                    -2,
                    4
                ],
                [
                    -10,
                    -3,
                    -5
                ],
                [
                    2,
                    -3,
                    9
                ],
                [
                    10,
                    7,
                    8
                ],
                [
                    -5,
                    1,
                    -6
                ],
                [
                    9,
                    7,
                    5
                ],
                [
                    10,
                    -5,
                    -1
                ],
                [
                    10,
                    8,
                    4
                ],
                [
                    5,
                    -1,
                    -10
                ],
                [
                    8,
                    -4,
                    2
                ],
                [
                    5,
                    -6,
                    -3
                ],
                [
                    -7,
                    8,
                    10
                ]
            ],
            "{   'fun': 5.1,\n    'jac': None,\n    'nfev': 137,\n    'nit': None,\n    'njev': None,\n    'x': array([1.11405629, 1.6785229 , 2.65765744, 1.43361277, 2.32404602,\n       2.35780987, 3.08113482, 0.25879552, 0.31463416, 1.52134795,\n       1.6203995 , 0.56234857, 2.21407272, 0.30132844, 1.93627174,\n       1.53305727])}",
            {
                "1001101100": 1,
                "1011101011": 1,
                "1100001010": 1,
                "1110110111": 1,
                "0111100001": 1,
                "0100000011": 1,
                "1111001111": 1,
                "1010100101": 1,
                "1010010101": 1,
                "1000101101": 1,
                "1100101100": 1,
                "0101111111": 1,
                "1001101010": 1,
                "0100110101": 1,
                "1100001011": 1,
                "0110010100": 1,
                "0001110011": 1,
                "0100010111": 1,
                "0010010100": 1,
                "0100000100": 1,
                "0100100101": 1,
                "1101111001": 2,
                "1111110111": 1,
                "0111111100": 1,
                "1001111111": 1,
                "1000001101": 1,
                "0111110001": 1,
                "1010101110": 1,
                "1001010101": 1,
                "1011111110": 1,
                "1101001100": 1,
                "1001101001": 1,
                "1001100110": 1,
                "1111010101": 1,
                "0110110101": 1,
                "1101010010": 1,
                "0000000001": 1,
                "1001100101": 1,
                "0101100001": 1,
                "1010000111": 1,
                "1011110100": 1,
                "0001010101": 1,
                "1110110100": 1,
                "1100000100": 1,
                "1001101011": 1,
                "1100111011": 1,
                "0101110111": 1,
                "1110001101": 1,
                "1001111100": 2,
                "1101100101": 2,
                "1110101000": 2,
                "0100101111": 1,
                "0111000001": 1,
                "0010100111": 1,
                "1100011001": 1,
                "1000010101": 1,
                "0100010000": 1,
                "0110010010": 1,
                "1111110100": 1,
                "1110001110": 1,
                "1110100000": 1,
                "0110111010": 1,
                "1000101111": 1,
                "1001110101": 1,
                "0001110110": 1,
                "0100000101": 1,
                "0011100110": 1,
                "1011010001": 1,
                "0001100000": 1,
                "1110111011": 1,
                "0010010001": 1,
                "1110011010": 1,
                "0111110010": 1,
                "1100001111": 1,
                "1100100111": 1,
                "0000111111": 1,
                "0100010001": 2,
                "1000110111": 2,
                "1000110010": 1,
                "1110010111": 1,
                "1010000110": 2,
                "1111110110": 1,
                "1010010111": 1,
                "0111111110": 1,
                "1100100000": 1,
                "1100011011": 1,
                "0011010111": 1,
                "0000110000": 1,
                "1111110101": 2,
                "0011100001": 1,
                "1010101101": 1,
                "1111100001": 1
            },
            false,
            4.7
        ],
        [
            [
                [
                    9,
                    7,
                    -5
                ],
                [
                    -10,
                    -6,
                    7
                ],
                [
                    -9,
                    -1,
                    4
                ],
                [
                    4,
                    -9,
                    7
                ],
                [
                    6,
                    -5,
                    4
                ],
                [
                    -7,
                    -9,
                    -4
                ],
                [
                    -8,
                    -6,
                    -3
                ],
                [
                    7,
                    -5,
                    9
                ],
                [
                    1,
                    8,
                    -4
                ],
                [
                    1,
                    -9,
                    -6
                ],
                [
                    5,
                    -10,
                    9
                ],
                [
                    -6,
                    5,
                    1
                ],
                [
                    2,
                    3,
                    7
                ],
                [
                    6,
                    -8,
                    5
                ],
                [
                    6,
                    3,
                    10
                ],
                [
                    10,
                    4,
                    -3
                ],
                [
                    5,
                    -10,
                    6
                ],
                [
                    9,
                    -4,
                    7
                ],
                [
                    -1,
                    5,
                    -8
                ],
                [
                    4,
                    7,
                    2
                ],
                [
                    9,
                    4,
                    -2
                ],
                [
                    1,
                    4,
                    3
                ],
                [
                    3,
                    7,
                    8
                ],
                [
                    -3,
                    10,
                    -5
                ],
                [
                    -1,
                    -3,
                    2
                ],
                [
                    5,
                    3,
                    -4
                ],
                [
                    8,
                    6,
                    -3
                ],
                [
                    -4,
                    6,
                    7
                ],
                [
                    9,
                    -7,
                    2
                ],
                [
                    4,
                    -2,
                    -8
                ],
                [
                    2,
                    7,
                    -5
                ],
                [
                    -3,
                    10,
                    9
                ],
                [
                    8,
                    5,
                    -9
                ],
                [
                    10,
                    1,
                    -9
                ],
                [
                    9,
                    7,
                    1
                ],
                [
                    -3,
                    -10,
                    -4
                ],
                [
                    -5,
                    -4,
                    10
                ],
                [
                    6,
                    5,
                    -8
                ],
                [
                    3,
                    -1,
                    -4
                ],
                [
                    -2,
                    -6,
                    -9
                ],
                [
                    -9,
                    -8,
                    5
                ],
                [
                    3,
                    10,
                    -6
                ],
                [
                    8,
                    9,
                    -3
                ],
                [
                    -1,
                    4,
                    9
                ],
                [
                    3,
                    -10,
                    -6
                ]
            ],
            "{   'fun': 4.12,\n    'jac': None,\n    'nfev': 136,\n    'nit': None,\n    'njev': None,\n    'x': array([ 2.6055934 ,  0.61532852,  2.06261676,  1.11950596, -0.05454834,\n       -0.05733986,  1.65643571,  3.17471649,  0.02302259,  0.3933872 ,\n        0.1992777 ,  1.18784686,  1.57744745,  2.14588689,  1.64498676,\n        2.73567372])}",
            {
                "0000111110": 1,
                "1101101000": 1,
                "0110001010": 1,
                "0001101101": 1,
                "0101100101": 1,
                "0000001000": 1,
                "1011111010": 1,
                "0101110001": 1,
                "0001001100": 1,
                "1000111000": 1,
                "1111111011": 1,
                "1110111011": 1,
                "1111001010": 1,
                "1111101101": 2,
                "1101111111": 2,
                "1000110100": 1,
                "0010011111": 1,
                "1010001111": 1,
                "1111100110": 1,
                "1101011101": 1,
                "1000111001": 1,
                "0100011110": 1,
                "1111101111": 1,
                "1110100101": 1,
                "0101001000": 1,
                "1100001010": 1,
                "0000101111": 1,
                "1001111000": 1,
                "1010010010": 1,
                "1000100010": 1,
                "1111110001": 4,
                "1111110011": 2,
                "1101010100": 1,
                "1000111011": 4,
                "0111001101": 1,
                "1100010000": 1,
                "0111011100": 1,
                "1110101011": 1,
                "1100111000": 1,
                "1000100011": 1,
                "0101100111": 1,
                "0110100110": 1,
                "1101001000": 1,
                "1110011011": 1,
                "1101111001": 1,
                "1011000010": 1,
                "1101111000": 1,
                "1100111100": 1,
                "1000111101": 2,
                "0110101001": 1,
                "1001001011": 1,
                "0110111110": 1,
                "0010000011": 1,
                "1101011000": 2,
                "0010111011": 1,
                "0101010111": 1,
                "0101001101": 2,
                "0110011100": 1,
                "1001101111": 2,
                "1100101010": 1,
                "1110000011": 1,
                "0010010001": 1,
                "1000011011": 1,
                "1100001000": 1,
                "1011100001": 1,
                "0001101111": 1,
                "1010001011": 1,
                "1110001111": 1,
                "0000011010": 2,
                "1100101011": 1,
                "1010111011": 2,
                "0010000111": 1,
                "1110001110": 1,
                "1101011001": 1,
                "1101101101": 2,
                "1101111010": 1,
                "1111111001": 1,
                "1001111111": 1,
                "0001001111": 1,
                "1010100011": 1,
                "1100011001": 1,
                "0110111111": 1,
                "1000111111": 1,
                "0101101101": 1
            },
            false,
            3.54
        ],
        [
            [
                [
                    -10,
                    -6,
                    3
                ],
                [
                    1,
                    6,
                    -7
                ],
                [
                    -8,
                    -5,
                    -3
                ],
                [
                    -10,
                    -4,
                    9
                ],
                [
                    -5,
                    3,
                    2
                ],
                [
                    -3,
                    6,
                    7
                ],
                [
                    -7,
                    -2,
                    8
                ],
                [
                    -5,
                    -7,
                    -1
                ],
                [
                    -3,
                    2,
                    -10
                ],
                [
                    -8,
                    -5,
                    6
                ],
                [
                    2,
                    -7,
                    -1
                ],
                [
                    -9,
                    1,
                    -6
                ],
                [
                    -1,
                    -10,
                    8
                ],
                [
                    -8,
                    5,
                    -1
                ],
                [
                    4,
                    -9,
                    8
                ],
                [
                    -7,
                    -6,
                    4
                ],
                [
                    -1,
                    4,
                    2
                ],
                [
                    -2,
                    -3,
                    6
                ],
                [
                    1,
                    -9,
                    -3
                ],
                [
                    -10,
                    -3,
                    -7
                ],
                [
                    6,
                    5,
                    1
                ],
                [
                    -9,
                    5,
                    -1
                ],
                [
                    9,
                    -3,
                    -8
                ],
                [
                    -5,
                    -3,
                    -4
                ],
                [
                    -10,
                    -5,
                    -2
                ],
                [
                    -6,
                    2,
                    -1
                ],
                [
                    7,
                    -10,
                    -1
                ],
                [
                    3,
                    6,
                    -10
                ],
                [
                    1,
                    -9,
                    -10
                ],
                [
                    5,
                    -10,
                    7
                ],
                [
                    9,
                    10,
                    -8
                ],
                [
                    -8,
                    10,
                    -1
                ],
                [
                    10,
                    -7,
                    1
                ],
                [
                    -1,
                    -10,
                    5
                ],
                [
                    4,
                    -5,
                    7
                ],
                [
                    -4,
                    -1,
                    -3
                ],
                [
                    -8,
                    3,
                    -1
                ],
                [
                    -2,
                    -4,
                    10
                ],
                [
                    -1,
                    -7,
                    4
                ],
                [
                    3,
                    7,
                    -8
                ],
                [
                    6,
                    3,
                    -5
                ],
                [
                    3,
                    -10,
                    7
                ],
                [
                    -1,
                    3,
                    -7
                ],
                [
                    -2,
                    6,
                    -7
                ],
                [
                    -6,
                    -9,
                    5
                ]
            ],
            "{   'fun': 4.03,\n    'jac': None,\n    'nfev': 144,\n    'nit': None,\n    'njev': None,\n    'x': array([3.47983975, 1.11232576, 3.06157164, 2.77433157, 1.85043901,\n       1.21443927, 2.91123959, 2.14556532, 0.10061313, 0.4570946 ,\n       1.97788962, 2.76025441, 2.96622631, 0.32619294, 2.57812109,\n       0.62361752])}",
            {
                "1100111000": 1,
                "0100001111": 1,
                "1001001001": 1,
                "0001010110": 1,
                "0010000010": 1,
                "0110101100": 1,
                "1011000010": 1,
                "0101100011": 2,
                "1000110111": 1,
                "1011010010": 1,
                "1110010110": 1,
                "1100101001": 1,
                "1011101110": 1,
                "1001111010": 1,
                "0001101100": 1,
                "0011010010": 1,
                "0011001101": 2,
                "1010000000": 1,
                "0101000110": 1,
                "0010010001": 1,
                "0111110101": 1,
                "1111111000": 1,
                "0110110010": 1,
                "1111100110": 1,
                "1001011011": 1,
                "1110101010": 1,
                "1101100101": 1,
                "1011100011": 1,
                "0011011110": 1,
                "0010001110": 1,
                "0110010001": 1,
                "0000111110": 1,
                "1111100010": 2,
                "1111110011": 1,
                "1111111110": 1,
                "1010011000": 1,
                "0001010000": 1,
                "0110011111": 1,
                "1011010000": 2,
                "0010100110": 1,
                "0101010000": 1,
                "0000001000": 1,
                "0100110110": 1,
                "0011010110": 2,
                "1111011110": 1,
                "0001000000": 2,
                "1111010000": 2,
                "1010110001": 1,
                "1111110001": 1,
                "1001000010": 1,
                "0001111000": 1,
                "0110110000": 1,
                "0110111110": 1,
                "0101110010": 1,
                "1110111001": 1,
                "1011001110": 1,
                "1110001101": 1,
                "0111010111": 1,
                "0011100001": 1,
                "0110010101": 1,
                "0100000000": 1,
                "1100001010": 1,
                "0001010010": 2,
                "1010010100": 1,
                "1100110010": 1,
                "0011101110": 1,
                "0111010101": 2,
                "0001000110": 2,
                "1110001110": 1,
                "0001110100": 1,
                "0000100000": 1,
                "1100010000": 1,
                "0000011100": 1,
                "1000111011": 1,
                "0011110000": 1,
                "0001010100": 1,
                "0011110111": 1,
                "0110010000": 1,
                "0100010000": 1,
                "0100001001": 1,
                "0001011101": 1,
                "1101111111": 1,
                "1100000001": 1,
                "0001110000": 1,
                "0000010110": 1,
                "0010101000": 1,
                "0010110000": 2,
                "0001100011": 1,
                "0101000001": 1
            },
            false,
            3.52
        ]
    ]
}