{
    "n": 10,
    "m": 45,
    "results": [
        [
            [
                [
                    -5,
                    9,
                    6
                ],
                [
                    -3,
                    5,
                    -1
                ],
                [
                    10,
                    8,
                    3
                ],
                [
                    -9,
                    -8,
                    7
                ],
                [
                    7,
                    1,
                    8
                ],
                [
                    -2,
                    6,
                    -1
                ],
                [
                    2,
                    10,
                    8
                ],
                [
                    -9,
                    4,
                    -2
                ],
                [
                    7,
                    -1,
                    2
                ],
                [
                    9,
                    6,
                    -3
                ],
                [
                    -2,
                    9,
                    6
                ],
                [
                    -1,
                    -6,
                    4
                ],
                [
                    -9,
                    -5,
                    -4
                ],
                [
                    10,
                    6,
                    4
                ],
                [
                    9,
                    6,
                    3
                ],
                [
                    4,
                    -6,
                    3
                ],
                [
                    4,
                    -5,
                    -3
                ],
                [
                    -6,
                    -3,
                    2
                ],
                [
                    -3,
                    -1,
                    6
                ],
                [
                    -7,
                    6,
                    5
                ],
                [
                    -6,
                    1,
                    -4
                ],
                [
                    -7,
                    -2,
                    -4
                ],
                [
                    -6,
                    4,
                    -2
                ],
                [
                    -5,
                    6,
                    -3
                ],
                [
                    5,
                    6,
                    9
                ],
                [
                    -3,
                    -8,
                    5
                ],
                [
                    10,
                    -9,
                    -5
                ],
                [
                    -4,
                    1,
                    10
                ],
                [
                    -8,
                    4,
                    2
                ],
                [
                    -2,
                    -1,
                    -7
                ],
                [
                    -10,
                    2,
                    7
                ],
                [
                    -3,
                    -7,
                    8
                ],
                [
                    -2,
                    -9,
                    7
                ],
                [
                    -10,
                    1,
                    -4
                ],
                [
                    -1,
                    -5,
                    4
                ],
                [
                    -5,
                    -6,
                    1
                ],
                [
                    4,
                    10,
                    -5
                ],
                [
                    -3,
                    2,
                    -10
                ],
                [
                    6,
                    10,
                    -2
                ],
                [
                    -9,
                    -6,
                    -7
                ],
                [
                    9,
                    -4,
                    -8
                ],
                [
                    6,
                    -2,
                    -8
                ],
                [
                    8,
                    5,
                    2
                ],
                [
                    -2,
                    9,
                    3
                ],
                [
                    -4,
                    -10,
                    8
                ]
            ],
            "{   'fun': 0.96,\n    'jac': None,\n    'nfev': 131,\n    'nit': None,\n    'njev': None,\n    'x': array([3.44783642, 2.84118935, 1.92745168, 0.37009879, 2.23759288,\n       1.04311247, 0.74453434, 2.89383152, 2.59665478, 3.00053913,\n       0.77082962, 1.24116314, 1.18954537, 3.00111929, 0.28535564,\n       2.21788677])}",
            {
                "1011100001": 1,
                "1100001000": 1,
                "0101101100": 1,
                "0101101001": 1,
                "1000000101": 1,
                "0010110100": 1,
                "1111101100": 1,
                "0111100010": 1,
                "1000011001": 1,
                "0100111111": 1,
                "0000111111": 1,
                "1100010100": 1,
                "0000000111": 1,
                "1001011000": 1,
                "1011100011": 1,
                "0101001111": 1,
                "0001011010": 1,
                "0100010101": 1,
                "1100010101": 1,
                "0111001111": 1,
                "1011101100": 1,
                "0110110011": 1,
                "0011000111": 1,
                "0110001001": 1,
                "0111001100": 1,
                "0000000100": 1,
                "0000100111": 1,
                "1111110000": 1,
                "1011001010": 1,
                "0001000101": 1,
                "1000111110": 1,
                "0100000010": 1,
                "1101111001": 1,
                "1111011000": 1,
                "1100000001": 1,
                "0001011000": 1,
                "1100011011": 1,
                "0010001101": 1,
                "1010101000": 1,
                "1100111100": 1,
                "1000111010": 1,
                "1011101111": 1,
                "0011000110": 1,
                "1110110100": 1,
                "0001010101": 1,
                "0011011011": 1,
                "0110101111": 1,
                "1010000011": 1,
                "0111000110": 1,
                "1011001000": 1,
                "0000110010": 1,
                "1010011110": 1,
                "1101110010": 1,
                "1011111010": 1,
                "1001101001": 1,
                "0001100001": 1,
                "0001010111": 1,
                "1001011110": 1,
                "0011100010": 1,
                "1010110010": 1,
                "1001001101": 1,
                "1111000111": 1,
                "0101000110": 1,
                "0100001001": 1,
                "0110111100": 1,
                "0011100000": 1,
                "1000011011": 2,
                "0100100001": 1,
                "1001001000": 1,
                "1010010100": 1,
                "0011010011": 1,
                "1100010001": 1,
                "1010001110": 1,
                "1100111110": 1,
                "0001001000": 1,
                "0100111100": 1,
                "1110001110": 1,
                "0101110000": 1,
                "0011101000": 1,
                "0101000011": 1,
                "1111110111": 1,
                "0001110001": 1,
                "1000110100": 1,
                "0010011111": 1,
                "0001111001": 1,
                "1110011001": 1,
                "0101110110": 1,
                "0111010010": 1,
                "0110101001": 1,
                "0001100100": 1,
                "1101010000": 3,
                "0011000011": 1,
                "1011110011": 1,
                "1010111110": 1,
                "0111001001": 1,
                "1111110101": 1,
                "0010100001": 1
            },
            true,
            0.92
        ],
        [
            [
                [
                    -1,
                    4,
                    10
                ],
                [
                    1,
                    -7,
                    -2
                ],
                [
                    3,
                    -5,
                    -1
                ],
                [
                    4,
                    -3,
                    8
                ],
                [
                    9,
                    2,
                    -5
                ],
                [
                    -9,
                    7,
                    1
                ],
                [
                    -6,
                    9,
                    7
                ],
                [
                    -10,
                    -9,
                    1
                ],
                [
                    -1,
                    -4,
                    8
                ],
                [
                    9,
                    -6,
                    -8
                ],
                [
                    10,
                    2,
                    3
                ],
                [
                    -2,
                    7,
                    -6
                ],
                [
                    -6,
                    -7,
                    -4
                ],
                [
                    2,
                    -9,
                    10
                ],
                [
                    3,
                    -5,
                    -1
                ],
                [
                    3,
                    8,
                    7
                ],
                [
                    -3,
                    -4,
                    -10
                ],
                [
                    5,
                    -9,
                    4
                ],
                [
                    1,
                    -8,
                    -6
                ],
                [
                    -5,
                    -2,
                    7
                ],
                [
                    -1,
                    -5,
                    2
                ],
                [
                    -5,
                    7,
                    3
                ],
                [
                    -4,
                    5,
                    -10
                ],
                [
                    -10,
                    -6,
                    2
                ],
                [
                    -9,
                    5,
                    -4
                ],
                [
                    10,
                    -4,
                    -6
                ],
                [
                    -10,
                    -7,
                    -3
                ],
                [
                    6,
                    -4,
                    -1
                ],
                [
                    8,
                    -2,
                    -9
                ],
                [
                    8,
                    7,
                    -2
                ],
                [
                    10,
                    -8,
                    -2
                ],
                [
                    -3,
                    4,
                    -6
                ],
                [
                    -7,
                    4,
                    -3
                ],
                [
                    4,
                    9,
                    10
                ],
                [
                    4,
                    -10,
                    -1
                ],
                [
                    1,
                    -9,
                    -5
                ],
                [
                    3,
                    4,
                    -10
                ],
                [
                    -9,
                    10,
                    8
                ],
                [
                    -4,
                    1,
                    5
                ],
                [
                    3,
                    -6,
                    2
                ],
                [
                    -5,
                    7,
                    -4
                ],
                [
                    -2,
                    -3,
                    -1
                ],
                [
                    -5,
                    9,
                    7
                ],
                [
                    -2,
                    1,
                    -10
                ],
                [
                    -5,
                    -4,
                    1
                ]
            ],
            "{   'fun': 0.99,\n    'jac': None,\n    'nfev': 120,\n    'nit': None,\n    'njev': None,\n    'x': array([0.7947961 , 1.08106216, 2.69852477, 2.19592046, 1.88993633,\n       2.96969953, 2.98886347, 0.06255311, 0.43730505, 1.21004451,\n       1.64300188, 2.16898397, 2.37957046, 1.26072155, 2.22150537,\n       3.0396152 ])}",
            {
                "1101100110": 1,
                "1100101111": 1,
                "0110101110": 1,
                "1110100100": 1,
                "0101011100": 1,
                "0111111111": 1,
                "0000100001": 1,
                "0010000000": 1,
                "1111101101": 1,
                "0010101001": 1,
                "1011101000": 1,
                "0111010011": 1,
                "1111011100": 1,
                "1011011101": 1,
                "1001001110": 1,
                "0111001001": 1,
                "0000011110": 1,
                "1011001001": 1,
                "0101100110": 1,
                "0011111111": 1,
                "0100110001": 1,
                "1110011110": 1,
                "0000101111": 1,
                "0000111010": 1,
                "1010101111": 1,
                "0011010011": 2,
                "0101001101": 1,
                "1110010011": 1,
                "1100010011": 1,
                "1010111010": 1,
                "1111011011": 1,
                "0001010000": 2,
                "0111100100": 1,
                "0001000010": 1,
                "0001111100": 1,
                "1110101111": 2,
                "1011011110": 1,
                "0011100111": 1,
                "1011110111": 1,
                "0111000011": 1,
                "1110111010": 1,
                "1110011100": 1,
                "1000001110": 1,
                "1100111010": 1,
                "0010100100": 1,
                "0010000011": 1,
                "0001111010": 1,
                "1000110001": 1,
                "0011001111": 1,
                "0110000001": 1,
                "1001101010": 1,
                "0011001110": 1,
                "0010011111": 1,
                "0011010110": 1,
                "1101011101": 1,
                "0011111000": 1,
                "1000101100": 1,
                "1111100101": 1,
                "0000100010": 1,
                "1101001010": 1,
                "1110000011": 1,
                "1000110101": 1,
                "1110101010": 1,
                "1000100000": 1,
                "1011100111": 1,
                "0100011111": 1,
                "1100111011": 1,
                "1001000011": 1,
                "0001101110": 1,
                "1110101011": 1,
                "0100101010": 1,
                "0011100010": 1,
                "0000001100": 1,
                "0101010011": 1,
                "1000000110": 1,
                "1100101001": 1,
                "1001111000": 1,
                "0110100111": 1,
                "1010011101": 1,
                "1010001001": 1,
                "0010100111": 1,
                "1010010011": 1,
                "0110011001": 1,
                "1001001011": 1,
                "0100111111": 1,
                "1110100001": 1,
                "0111001000": 2,
                "1010011011": 1,
                "0100100110": 1,
                "1010001101": 1,
                "0011000010": 1,
                "1000001101": 1,
                "1110011010": 1,
                "1011101011": 1,
                "1010101011": 1,
                "0100011100": 1
            },
            true,
            0.96
        ],
        [
            [
                [
                    -6,
                    9,
                    8
                ],
                [
                    -10,
                    -4,
                    8
                ],
                [
                    5,
                    -10,
                    9
                ],
                [
                    -3,
                    -8,
                    -4
                ],
                [
                    3,
                    9,
                    6
                ],
                [
                    -7,
                    -2,
                    4
                ],
                [
                    -1,
                    -10,
                    -3
                ],
                [
                    -6,
                    -2,
                    8
                ],
                [
                    -7,
                    -10,
                    -6
                ],
                [
                    9,
                    -1,
                    10
                ],
                [
                    4,
                    2,
                    -3
                ],
                [
                    7,
                    -10,
                    -8
                ],
                [
                    -7,
                    6,
                    -10
                ],
                [
                    -7,
                    10,
                    8
                ],
                [
                    -2,
                    -9,
                    -4
                ],
                [
                    -7,
                    4,
                    -6
                ],
                [
                    -10,
                    -1,
                    -7
                ],
                [
                    5,
                    4,
                    -9
                ],
                [
                    -3,
                    -8,
                    2
                ],
                [
                    1,
                    -9,
                    2
                ],
                [
                    -6,
                    5,
                    -7
                ],
                [
                    6,
                    4,
                    2
                ],
                [
                    1,
                    7,
                    4
                ],
                [
                    -9,
                    -6,
                    10
                ],
                [
                    7,
                    5,
                    -4
                ],
                [
                    -4,
                    -5,
                    9
                ],
                [
                    -8,
                    -1,
                    -5
                ],
                [
                    9,
                    -2,
                    8
                ],
                [
                    -4,
                    -6,
                    -7
                ],
                [
                    4,
                    -3,
                    -6
                ],
                [
                    2,
                    10,
                    3
                ],
                [
                    -5,
                    1,
                    9
                ],
                [
                    9,
                    -4,
                    -3
                ],
                [
                    -2,
                    -9,
                    -6
                ],
                [
                    -7,
                    -9,
                    -4
                ],
                [
                    -4,
                    10,
                    2
                ],
                [
                    2,
                    8,
                    -4
                ],
                [
                    -2,
                    -9,
                    -7
                ],
                [
                    -7,
                    5,
                    2
                ],
                [
                    2,
                    -6,
                    -7
                ],
                [
                    4,
                    8,
                    -6
                ],
                [
                    10,
                    -8,
                    -3
                ],
                [
                    -9,
                    3,
                    -2
                ],
                [
                    3,
                    1,
                    -7
                ],
                [
                    -9,
                    -6,
                    5
                ]
            ],
            "{   'fun': 0.97,\n    'jac': None,\n    'nfev': 126,\n    'nit': None,\n    'njev': None,\n    'x': array([1.26494375, 0.42832321, 1.39934575, 0.8592458 , 1.08765359,\n       3.06324996, 3.61495925, 2.94531453, 2.72293776, 2.61415052,\n       2.95553201, 0.81460927, 3.07284116, 2.80952085, 1.55836209,\n       0.91020846])}",
            {
                "0011111000": 1,
                "1111000110": 1,
                "0101111010": 1,
                "0011000000": 2,
                "1101011011": 1,
                "0010001111": 1,
                "1110111011": 1,
                "0010111011": 1,
                "1101111000": 1,
                "0100011000": 1,
                "1001000110": 1,
                "1111111010": 1,
                "0000100100": 1,
                "0110011001": 1,
                "0011011000": 1,
                "0110011010": 1,
                "1001010001": 1,
                "1010010110": 1,
                "1100101101": 1,
                "1011011011": 1,
                "0000101000": 1,
                "0011001100": 1,
                "1101001010": 1,
                "1101010000": 1,
                "1011010001": 1,
                "1010100111": 1,
                "1111110001": 1,
                "1101000001": 1,
                "0110111010": 1,
                "0101001000": 1,
                "1101110101": 2,
                "0100101001": 1,
                "1110011001": 1,
                "1101111010": 1,
                "0010001100": 1,
                "0010001001": 1,
                "1101001101": 1,
                "1010000111": 1,
                "1111101100": 1,
                "1110100111": 1,
                "1000010101": 1,
                "1110100110": 1,
                "0010000110": 1,
                "1101011111": 1,
                "0001101101": 1,
                "1001101000": 1,
                "1101010110": 1,
                "0000111101": 1,
                "0011010001": 1,
                "1110111111": 1,
                "0110010010": 1,
                "1100010111": 1,
                "1001100010": 1,
                "0100101010": 1,
                "1101100100": 2,
                "1100100011": 1,
                "0101100100": 1,
                "0000110010": 1,
                "1100010000": 1,
                "1111011001": 1,
                "1001101101": 1,
                "0011011111": 1,
                "1110111010": 2,
                "0100111110": 1,
                "1000001110": 2,
                "0110000011": 1,
                "0111001010": 1,
                "0100111101": 1,
                "1000111000": 1,
                "1100010100": 1,
                "0111110011": 1,
                "0001001101": 1,
                "1000111111": 1,
                "1100001001": 1,
                "1000000010": 1,
                "1010000011": 1,
                "1011011111": 1,
                "0101011111": 1,
                "1010010101": 1,
                "1011100011": 1,
                "0111101001": 1,
                "0000001011": 1,
                "0100100001": 1,
                "1000010010": 1,
                "0110110000": 1,
                "1110100001": 1,
                "1101011010": 1,
                "0000000100": 1,
                "1000010000": 1,
                "1010010011": 1,
                "0101011110": 2,
                "1000011010": 1,
                "1101011100": 1,
                "0001011011": 1
            },
            true,
            0.93
        ],
        [
            [
                [
                    -7,
                    -6,
                    10
                ],
                [
                    6,
                    9,
                    5
                ],
                [
                    -4,
                    -6,
                    3
                ],
                [
                    -10,
                    -6,
                    -5
                ],
                [
                    -8,
                    -3,
                    5
                ],
                [
                    6,
                    -9,
                    8
                ],
                [
                    -3,
                    -9,
                    -5
                ],
                [
                    7,
                    -3,
                    -2
                ],
                [
                    4,
                    -1,
                    3
                ],
                [
                    6,
                    -1,
                    9
                ],
                [
                    2,
                    6,
                    -7
                ],
                [
                    -6,
                    7,
                    -10
                ],
                [
                    9,
                    3,
                    -8
                ],
                [
                    -7,
                    5,
                    8
                ],
                [
                    -2,
                    -10,
                    1
                ],
                [
                    -5,
                    -10,
                    4
                ],
                [
                    7,
                    6,
                    3
                ],
                [
                    2,
                    -6,
                    -1
                ],
                [
                    5,
                    7,
                    -6
                ],
                [
                    1,
                    8,
                    -3
                ],
                [
                    -2,
                    7,
                    10
                ],
                [
                    2,
                    -1,
                    -10
                ],
                [
                    -2,
                    6,
                    -1
                ],
                [
                    2,
                    9,
                    -1
                ],
                [
                    -1,
                    10,
                    -9
                ],
                [
                    8,
                    5,
                    9
                ],
                [
                    -10,
                    -2,
                    -6
                ],
                [
                    8,
                    9,
                    6
                ],
                [
                    -2,
                    -7,
                    4
                ],
                [
                    8,
                    7,
                    -3
                ],
                [
                    -5,
                    -4,
                    -9
                ],
                [
                    -4,
                    -5,
                    1
                ],
                [
                    -8,
                    -2,
                    9
                ],
                [
                    -5,
                    -9,
                    7
                ],
                [
                    -3,
                    -7,
                    -9
                ],
                [
                    -3,
                    -4,
                    -9
                ],
                [
                    6,
                    -8,
                    -5
                ],
                [
                    -9,
                    -4,
                    10
                ],
                [
                    -5,
                    -7,
                    3
                ],
                [
                    7,
                    4,
                    10
                ],
                [
                    -3,
                    2,
                    -8
                ],
                [
                    6,
                    4,
                    -9
                ],
                [
                    -8,
                    -3,
                    4
                ],
                [
                    -6,
                    10,
                    1
                ],
                [
                    -9,
                    4,
                    -7
                ]
            ],
            "{   'fun': 1.0,\n    'jac': None,\n    'nfev': 97,\n    'nit': None,\n    'njev': None,\n    'x': array([1.03535749, 0.98930307, 2.09418058, 1.21427172, 0.52918976,\n       0.01623975, 1.88822837, 2.88309263, 0.42918108, 0.55286139,\n       0.66146458, 1.28608294, 1.72105933, 2.63899612, 1.82045453,\n       2.96129906])}",
            {
                "1010101111": 1,
                "0001100110": 1,
                "0010011111": 1,
                "0010100101": 1,
                "0100111100": 1,
                "0100011110": 1,
                "0001000011": 1,
                "0111000010": 1,
                "1000001100": 1,
                "1101101011": 1,
                "0100101111": 1,
                "0110010011": 1,
                "0010101000": 1,
                "0101100000": 1,
                "1001101100": 1,
                "0001110101": 1,
                "1110111011": 1,
                "1111111000": 1,
                "0110110011": 1,
                "0111001111": 1,
                "0110000100": 1,
                "0100000111": 1,
                "1000010000": 1,
                "0000110110": 2,
                "1101100011": 2,
                "0111100000": 2,
                "0000010101": 1,
                "1011110011": 1,
                "1000001111": 1,
                "0101111111": 1,
                "1111011101": 1,
                "1011000111": 1,
                "0100001111": 1,
                "0101100101": 1,
                "0011001100": 1,
                "0011001001": 1,
                "0101110111": 1,
                "1011100101": 1,
                "0000000100": 1,
                "1101011010": 1,
                "1001110011": 1,
                "0100100100": 1,
                "1100011101": 1,
                "1010010000": 1,
                "0010010010": 1,
                "0010111100": 1,
                "1010010111": 1,
                "0100100001": 1,
                "1100011000": 1,
                "1011011111": 1,
                "0111110011": 1,
                "0111110100": 2,
                "1011101111": 1,
                "0011000000": 1,
                "1010111001": 1,
                "0010011100": 1,
                "0111101100": 1,
                "1111110100": 1,
                "0011000100": 1,
                "0110000011": 2,
                "0011110001": 1,
                "0011110111": 2,
                "0010111111": 3,
                "0100000110": 1,
                "1110101101": 1,
                "0011100111": 1,
                "0110101110": 2,
                "0010110000": 1,
                "1011000000": 1,
                "0100110100": 1,
                "0010111010": 1,
                "0111110001": 1,
                "1110011101": 1,
                "1011100111": 1,
                "1100001111": 1,
                "1011011011": 1,
                "1101001001": 1,
                "1000111100": 1,
                "1000000101": 1,
                "0011100000": 1,
                "0111001101": 1,
                "0000011100": 1,
                "0111000111": 1,
                "1000101101": 1,
                "1011000001": 1,
                "1011011000": 1,
                "0111111110": 1,
                "1110001011": 2,
                "1101001000": 1,
                "0011011001": 1
            },
            false,
            1.0
        ],
        [
            [
                [
                    3,
                    8,
                    -7
                ],
                [
                    -10,
                    -7,
                    -3
                ],
                [
                    6,
                    -8,
                    10
                ],
                [
                    -2,
                    -4,
                    -1
                ],
                [
                    -6,
                    -4,
                    5
                ],
                [
                    7,
                    6,
                    -3
                ],
                [
                    -4,
                    -3,
                    2
                ],
                [
                    -5,
                    2,
                    6
                ],
                [
                    6,
                    -9,
                    2
                ],
                [
                    -10,
                    1,
                    7
                ],
                [
                    4,
                    9,
                    1
                ],
                [
                    4,
                    -2,
                    1
                ],
                [
                    1,
                    5,
                    7
                ],
                [
                    -3,
                    -4,
                    -7
                ],
                [
                    -2,
                    -3,
                    9
                ],
                [
                    5,
                    10,
                    -9
                ],
                [
                    -6,
                    -4,
                    -9
                ],
                [
                    1,
                    4,
                    -5
                ],
                [
                    10,
                    -7,
                    -5
                ],
                [
                    -10,
                    -7,
                    9
                ],
                [
                    -6,
                    -7,
                    2
                ],
                [
                    6,
                    -2,
                    -7
                ],
                [
                    -2,
                    -5,
                    10
                ],
                [
                    3,
                    -9,
                    -8
                ],
                [
                    -6,
                    4,
                    -10
                ],
                [
                    4,
                    3,
                    1
                ],
                [
                    1,
                    -3,
                    -6
                ],
                [
                    2,
                    3,
                    -9
                ],
                [
                    -7,
                    10,
                    2
                ],
                [
                    5,
                    -2,
                    3
                ],
                [
                    -8,
                    -3,
                    10
                ],
                [
                    9,
                    -5,
                    4
                ],
                [
                    -1,
                    -5,
                    -9
                ],
                [
                    -5,
                    10,
                    8
                ],
                [
                    -1,
                    -5,
                    -9
                ],
                [
                    -7,
                    9,
                    1
                ],
                [
                    7,
                    -10,
                    1
                ],
                [
                    -5,
                    10,
                    -6
                ],
                [
                    9,
                    -7,
                    5
                ],
                [
                    -3,
                    -8,
                    9
                ],
                [
                    -1,
                    -3,
                    7
                ],
                [
                    -5,
                    -3,
                    -6
                ],
                [
                    -5,
                    -6,
                    2
                ],
                [
                    3,
                    10,
                    4
                ],
                [
                    -3,
                    -1,
                    2
                ]
            ],
            "{   'fun': 0.93,\n    'jac': None,\n    'nfev': 144,\n    'nit': None,\n    'njev': None,\n    'x': array([2.94507259, 0.9204422 , 0.35442342, 2.79986775, 1.65867789,\n       0.64077382, 1.10423176, 2.55501437, 1.87403492, 0.30828043,\n       2.89920641, 4.19002505, 2.32383601, 1.62651051, 1.62068842,\n       2.7922655 ])}",
            {
                "1010100011": 1,
                "1010010001": 1,
                "0110011110": 1,
                "1010101101": 1,
                "0101111000": 1,
                "1000011101": 1,
                "0101111110": 1,
                "1000011000": 1,
                "0101011010": 1,
                "0111011001": 1,
                "0101111101": 1,
                "0101000101": 1,
                "0000111111": 1,
                "0110111100": 1,
                "0001111000": 1,
                "0111110111": 1,
                "1100001101": 1,
                "0011011110": 1,
                "1010111110": 1,
                "1010111101": 1,
                "0010100111": 1,
                "0101101000": 1,
                "0101000010": 1,
                "1100011110": 1,
                "0001010010": 1,
                "1101101101": 1,
                "0111001100": 1,
                "0001111010": 1,
                "0001011110": 1,
                "1000000111": 1,
                "0101100111": 1,
                "0110001111": 1,
                "0111000000": 1,
                "0100101011": 1,
                "1010000011": 1,
                "1010000001": 1,
                "0110110010": 1,
                "0100010111": 1,
                "1000101001": 1,
                "1111000101": 1,
                "0100100111": 1,
                "0010100100": 1,
                "0100101111": 1,
                "1000000001": 2,
                "0100111011": 1,
                "0111111010": 1,
                "1111001111": 1,
                "0111111001": 1,
                "1001101000": 1,
                "0101110101": 1,
                "0010001010": 1,
                "0000010100": 1,
                "1011101111": 1,
                "1111100111": 1,
                "1100010110": 1,
                "0011000000": 1,
                "1111011100": 1,
                "1111011111": 1,
                "0110001110": 1,
                "1001100111": 1,
                "1111101010": 1,
                "0101000100": 1,
                "1000111010": 1,
                "1101111000": 1,
                "1100010101": 1,
                "1011101100": 1,
                "1100101110": 1,
                "1001010001": 1,
                "0001010110": 1,
                "1100000011": 1,
                "1010000000": 1,
                "0101000111": 2,
                "1000001001": 1,
                "0101001110": 1,
                "1111100000": 1,
                "0111000010": 1,
                "1011111100": 1,
                "0010011111": 1,
                "0110101011": 1,
                "0000001011": 1,
                "1011100010": 1,
                "0000111110": 1,
                "1111100010": 1,
                "1010001011": 1,
                "1111110000": 1,
                "1111111000": 1,
                "0001000011": 1,
                "0101001000": 1,
                "0001010100": 1,
                "0011000100": 1,
                "0010111101": 1,
                "0101101001": 1,
                "1010110000": 1,
                "1011101101": 1,
                "0111011011": 1,
                "0011010111": 1,
                "1111010100": 1,
                "1000100000": 1
            },
            true,
            0.87
        ]
    ]
}