{
    "n": 10,
    "m": 45,
    "results": [
        [
            [
                [
                    -2,
                    -8,
                    -1
                ],
                [
                    10,
                    6,
                    7
                ],
                [
                    4,
                    10,
                    -3
                ],
                [
                    -7,
                    -8,
                    1
                ],
                [
                    -4,
                    -3,
                    -10
                ],
                [
                    -6,
                    9,
                    5
                ],
                [
                    -2,
                    -8,
                    10
                ],
                [
                    -8,
                    3,
                    -9
                ],
                [
                    -8,
                    -9,
                    2
                ],
                [
                    -3,
                    4,
                    8
                ],
                [
                    -7,
                    5,
                    10
                ],
                [
                    8,
                    -2,
                    -6
                ],
                [
                    7,
                    3,
                    -10
                ],
                [
                    8,
                    -3,
                    6
                ],
                [
                    -7,
                    2,
                    -5
                ],
                [
                    7,
                    8,
                    -10
                ],
                [
                    10,
                    7,
                    5
                ],
                [
                    -9,
                    -5,
                    -3
                ],
                [
                    8,
                    -3,
                    5
                ],
                [
                    -3,
                    9,
                    8
                ],
                [
                    -7,
                    -8,
                    -3
                ],
                [
                    -5,
                    -4,
                    3
                ],
                [
                    -4,
                    8,
                    -3
                ],
                [
                    -7,
                    4,
                    -8
                ],
                [
                    7,
                    6,
                    -2
                ],
                [
                    -8,
                    -10,
                    3
                ],
                [
                    2,
                    -5,
                    6
                ],
                [
                    1,
                    7,
                    8
                ],
                [
                    10,
                    3,
                    9
                ],
                [
                    10,
                    6,
                    4
                ],
                [
                    8,
                    2,
                    -3
                ],
                [
                    3,
                    -4,
                    6
                ],
                [
                    -8,
                    3,
                    -2
                ],
                [
                    -2,
                    -10,
                    -7
                ],
                [
                    3,
                    -7,
                    2
                ],
                [
                    -1,
                    2,
                    -7
                ],
                [
                    -9,
                    -4,
                    -2
                ],
                [
                    -6,
                    10,
                    -1
                ],
                [
                    4,
                    3,
                    -7
                ],
                [
                    -6,
                    8,
                    -7
                ],
                [
                    8,
                    -7,
                    6
                ],
                [
                    -6,
                    9,
                    3
                ],
                [
                    5,
                    2,
                    10
                ],
                [
                    5,
                    -1,
                    8
                ],
                [
                    9,
                    4,
                    -8
                ]
            ],
            "{   'fun': 0.97,\n    'jac': None,\n    'nfev': 137,\n    'nit': None,\n    'njev': None,\n    'x': array([3.56524194, 2.60182144, 1.98265349, 1.49570716, 2.2119943 ,\n       0.98227682, 0.70366218, 2.70471203, 2.59118937, 3.20069438,\n       0.88905062, 1.25148224, 1.29579989, 2.92473926, 0.29012401,\n       2.17262561])}",
            {
                "0100000000": 1,
                "1111001110": 1,
                "1000001011": 1,
                "0100010001": 1,
                "1001101000": 1,
                "1011010000": 1,
                "1011100011": 1,
                "1100000110": 1,
                "1001011100": 1,
                "0111111100": 1,
                "1110111011": 1,
                "0000011010": 1,
                "1001001111": 1,
                "1000000000": 1,
                "0111011010": 1,
                "0100100001": 1,
                "1110001100": 1,
                "1010000010": 1,
                "0100111000": 1,
                "0010101100": 1,
                "1101111101": 1,
                "1001001101": 1,
                "1010010001": 1,
                "0101101011": 2,
                "0101001111": 1,
                "0011000011": 1,
                "0111111011": 1,
                "0101101100": 1,
                "1000111001": 1,
                "1001100111": 1,
                "0000100111": 1,
                "0010100101": 1,
                "0011000010": 1,
                "0110001000": 1,
                "1000001100": 1,
                "1111111011": 1,
                "1110001001": 1,
                "0110110110": 1,
                "1010100011": 1,
                "0110100111": 1,
                "0000011100": 1,
                "1111010111": 1,
                "0011011010": 1,
                "0000010010": 1,
                "1001000001": 1,
                "0111000101": 4,
                "1010000100": 1,
                "0100011101": 1,
                "0010000011": 1,
                "1111100001": 1,
                "0000100001": 1,
                "0101110101": 1,
                "1011101010": 1,
                "1001110010": 1,
                "1110100110": 4,
                "1111010010": 1,
                "0101110000": 1,
                "0001000110": 1,
                "0001011011": 1,
                "1001010101": 1,
                "0111101100": 1,
                "1011001111": 1,
                "0011100101": 1,
                "1100011100": 1,
                "1110011111": 1,
                "0001101100": 1,
                "0001001011": 1,
                "1000110101": 1,
                "1111001010": 1,
                "1100010101": 1,
                "1110110101": 1,
                "0001100000": 1,
                "0000110000": 1,
                "1101110110": 1,
                "1011110111": 1,
                "1100010001": 1,
                "1011011100": 1,
                "0111000001": 1,
                "0101101010": 2,
                "0011101111": 1,
                "1111001000": 1,
                "0000011011": 2,
                "1101111110": 1,
                "1001000011": 1,
                "0110000000": 1,
                "0010111100": 2,
                "1000001110": 1,
                "0101011010": 1,
                "1011100000": 1,
                "1001110000": 1
            },
            true,
            0.91
        ],
        [
            [
                [
                    -9,
                    10,
                    -1
                ],
                [
                    -8,
                    3,
                    -6
                ],
                [
                    -8,
                    -2,
                    -3
                ],
                [
                    -10,
                    8,
                    -1
                ],
                [
                    2,
                    -5,
                    -8
                ],
                [
                    -6,
                    7,
                    -10
                ],
                [
                    9,
                    -2,
                    -1
                ],
                [
                    -5,
                    -2,
                    9
                ],
                [
                    4,
                    -8,
                    6
                ],
                [
                    7,
                    -9,
                    -4
                ],
                [
                    -2,
                    4,
                    10
                ],
                [
                    -2,
                    7,
                    8
                ],
                [
                    1,
                    6,
                    -9
                ],
                [
                    5,
                    7,
                    10
                ],
                [
                    -2,
                    9,
                    1
                ],
                [
                    -3,
                    -2,
                    7
                ],
                [
                    -10,
                    -8,
                    -6
                ],
                [
                    -6,
                    1,
                    -3
                ],
                [
                    1,
                    10,
                    -9
                ],
                [
                    -3,
                    4,
                    7
                ],
                [
                    -5,
                    8,
                    -3
                ],
                [
                    2,
                    -8,
                    -5
                ],
                [
                    -7,
                    3,
                    9
                ],
                [
                    -8,
                    5,
                    -1
                ],
                [
                    -8,
                    10,
                    -6
                ],
                [
                    -4,
                    -9,
                    -7
                ],
                [
                    9,
                    1,
                    8
                ],
                [
                    -2,
                    5,
                    8
                ],
                [
                    -5,
                    -4,
                    -7
                ],
                [
                    -7,
                    10,
                    -1
                ],
                [
                    -1,
                    6,
                    -4
                ],
                [
                    -10,
                    -2,
                    -5
                ],
                [
                    2,
                    7,
                    3
                ],
                [
                    1,
                    6,
                    5
                ],
                [
                    4,
                    5,
                    7
                ],
                [
                    -4,
                    1,
                    10
                ],
                [
                    2,
                    1,
                    -3
                ],
                [
                    8,
                    -10,
                    -1
                ],
                [
                    4,
                    -7,
                    10
                ],
                [
                    -8,
                    -9,
                    3
                ],
                [
                    -8,
                    -2,
                    7
                ],
                [
                    -2,
                    -1,
                    -8
                ],
                [
                    6,
                    9,
                    1
                ],
                [
                    6,
                    8,
                    1
                ],
                [
                    -10,
                    8,
                    5
                ]
            ],
            "{   'fun': 0.98,\n    'jac': None,\n    'nfev': 123,\n    'nit': None,\n    'njev': None,\n    'x': array([1.66978515, 1.08104504, 2.69855891, 3.19592396, 1.88995111,\n       2.96963179, 2.98888228, 0.06256703, 0.4372916 , 1.21006669,\n       1.64302496, 2.16894796, 2.37955928, 1.26071121, 2.22151996,\n       3.0396168 ])}",
            {
                "0111001100": 1,
                "0000101010": 1,
                "1101010001": 1,
                "1001010010": 1,
                "0101010001": 1,
                "1101010101": 1,
                "0111000001": 1,
                "0101011001": 1,
                "1110001011": 1,
                "1011000100": 1,
                "1100101001": 1,
                "0000001110": 1,
                "0000101101": 1,
                "1100010100": 1,
                "0010100001": 1,
                "0000100101": 1,
                "0100111101": 1,
                "0110100101": 1,
                "1110111010": 1,
                "1000101110": 1,
                "0000110000": 1,
                "0101011101": 2,
                "0100001000": 1,
                "1101101111": 1,
                "1101110000": 2,
                "0100101011": 1,
                "1111011000": 1,
                "1101110101": 1,
                "0001101100": 1,
                "1101100101": 1,
                "1111111000": 1,
                "1010101100": 1,
                "1101001011": 2,
                "1010000001": 1,
                "1000000100": 1,
                "1000010011": 1,
                "1110100011": 1,
                "0100011101": 1,
                "1001101010": 1,
                "1011100010": 1,
                "0111001101": 2,
                "1101101011": 1,
                "0100101111": 1,
                "1110111110": 1,
                "0110100010": 1,
                "0111001111": 1,
                "0101110110": 1,
                "0000111110": 1,
                "0101100101": 1,
                "0111010111": 1,
                "0000100100": 2,
                "0110011001": 1,
                "1110111000": 1,
                "0010001110": 1,
                "1111101101": 1,
                "0101001010": 2,
                "0000111111": 1,
                "1011111001": 1,
                "0110111111": 1,
                "0011010011": 2,
                "1010010100": 1,
                "0101011011": 1,
                "1011101000": 1,
                "1111111100": 1,
                "1000100011": 1,
                "1111011010": 1,
                "0110111001": 1,
                "0100001001": 1,
                "0001011101": 1,
                "1110101101": 1,
                "0101111110": 1,
                "1110010101": 1,
                "1011010011": 1,
                "0100011111": 1,
                "1101100111": 1,
                "1100110100": 1,
                "0111010001": 2,
                "0101000110": 1,
                "1010110110": 1,
                "1100110011": 1,
                "1110100100": 1,
                "0100100011": 1,
                "1110011011": 1,
                "1011011110": 1,
                "0100110111": 1,
                "1011011010": 1,
                "0111111001": 1,
                "1001100001": 1,
                "0001010000": 1,
                "1010001010": 1,
                "0100011100": 1,
                "0011001001": 1
            },
            true,
            0.95
        ],
        [
            [
                [
                    1,
                    -3,
                    6
                ],
                [
                    8,
                    10,
                    1
                ],
                [
                    8,
                    -2,
                    6
                ],
                [
                    -1,
                    7,
                    -3
                ],
                [
                    -7,
                    -6,
                    -10
                ],
                [
                    -5,
                    -8,
                    10
                ],
                [
                    10,
                    3,
                    1
                ],
                [
                    1,
                    3,
                    5
                ],
                [
                    -1,
                    7,
                    -10
                ],
                [
                    -6,
                    10,
                    4
                ],
                [
                    -9,
                    -8,
                    6
                ],
                [
                    -2,
                    -8,
                    -1
                ],
                [
                    10,
                    6,
                    8
                ],
                [
                    6,
                    7,
                    -2
                ],
                [
                    3,
                    9,
                    1
                ],
                [
                    4,
                    9,
                    6
                ],
                [
                    7,
                    -5,
                    -2
                ],
                [
                    3,
                    9,
                    -5
                ],
                [
                    -6,
                    -7,
                    -2
                ],
                [
                    7,
                    -1,
                    -10
                ],
                [
                    -9,
                    2,
                    4
                ],
                [
                    -3,
                    -2,
                    -1
                ],
                [
                    -7,
                    10,
                    4
                ],
                [
                    10,
                    -5,
                    -8
                ],
                [
                    -5,
                    6,
                    -10
                ],
                [
                    6,
                    -5,
                    -3
                ],
                [
                    -10,
                    -1,
                    -8
                ],
                [
                    -3,
                    10,
                    -4
                ],
                [
                    -1,
                    -6,
                    3
                ],
                [
                    -2,
                    1,
                    -10
                ],
                [
                    -5,
                    3,
                    -10
                ],
                [
                    -3,
                    10,
                    -7
                ],
                [
                    3,
                    1,
                    -6
                ],
                [
                    -4,
                    2,
                    -3
                ],
                [
                    9,
                    -5,
                    4
                ],
                [
                    7,
                    -6,
                    1
                ],
                [
                    10,
                    6,
                    -9
                ],
                [
                    10,
                    -8,
                    -6
                ],
                [
                    5,
                    -9,
                    4
                ],
                [
                    5,
                    -2,
                    -10
                ],
                [
                    -7,
                    -10,
                    -9
                ],
                [
                    4,
                    3,
                    -1
                ],
                [
                    4,
                    -10,
                    -7
                ],
                [
                    -8,
                    -3,
                    -6
                ],
                [
                    10,
                    9,
                    -8
                ]
            ],
            "{   'fun': 1.0,\n    'jac': None,\n    'nfev': 127,\n    'nit': None,\n    'njev': None,\n    'x': array([0.94667256, 1.70334364, 1.00935782, 0.90469014, 0.66653098,\n       1.73739662, 1.05181672, 1.65000059, 3.11357042, 1.9503698 ,\n       2.19941868, 1.07342979, 1.64942852, 1.29796121, 2.32105177,\n       0.87541646])}",
            {
                "1110110001": 1,
                "1110100101": 1,
                "0010110110": 1,
                "0001110111": 1,
                "1100110110": 1,
                "0100110001": 1,
                "0101001001": 1,
                "1101101001": 1,
                "0100000101": 1,
                "0000101100": 2,
                "0000111001": 1,
                "0001101110": 1,
                "1100011111": 1,
                "1101000011": 1,
                "1110001001": 1,
                "0110110110": 1,
                "1001111001": 1,
                "1011110100": 1,
                "1011110000": 1,
                "1101001011": 1,
                "1001001001": 1,
                "0011110101": 1,
                "1001100000": 1,
                "0011111100": 1,
                "1111011001": 1,
                "1101001000": 1,
                "1101101011": 1,
                "0100100010": 1,
                "1001110111": 1,
                "1101100011": 2,
                "0111001010": 1,
                "1100101000": 1,
                "0110000000": 1,
                "0000110001": 1,
                "1011111101": 1,
                "1100011001": 1,
                "0101110010": 1,
                "0000100110": 1,
                "0001010001": 1,
                "0011101011": 1,
                "0000111000": 2,
                "0100101010": 1,
                "1101101110": 1,
                "0111100001": 1,
                "1000110100": 1,
                "1110111101": 2,
                "0001101100": 1,
                "1100100010": 1,
                "1010100000": 1,
                "1010000110": 1,
                "1110100001": 1,
                "0100111111": 1,
                "1011100001": 1,
                "0000000101": 1,
                "0001110101": 1,
                "0000010001": 1,
                "0000010000": 1,
                "0010000010": 1,
                "1000001111": 1,
                "0100101100": 1,
                "1100011011": 1,
                "1100111101": 1,
                "1111110000": 1,
                "0010101110": 1,
                "0110001011": 1,
                "1111011101": 1,
                "0101001000": 1,
                "1100000010": 1,
                "0100000110": 1,
                "0101000000": 1,
                "1001010111": 1,
                "0010010101": 1,
                "1000110010": 1,
                "0001110100": 1,
                "1000001001": 1,
                "1010110111": 2,
                "1111110111": 1,
                "1101110110": 1,
                "0000010010": 1,
                "0001001100": 1,
                "1110111000": 2,
                "0011011011": 1,
                "1110110100": 1,
                "0111110110": 1,
                "1001010101": 1,
                "0001110010": 1,
                "1100110100": 1,
                "1010000010": 1,
                "1101110000": 1,
                "0010010001": 1,
                "0101100000": 1,
                "0001000000": 1,
                "1100101011": 1,
                "0010110010": 1
            },
            false,
            0.95
        ],
        [
            [
                [
                    9,
                    -8,
                    -2
                ],
                [
                    -4,
                    6,
                    7
                ],
                [
                    2,
                    8,
                    -5
                ],
                [
                    -2,
                    -9,
                    7
                ],
                [
                    -4,
                    -7,
                    5
                ],
                [
                    -1,
                    -7,
                    -2
                ],
                [
                    -7,
                    3,
                    -9
                ],
                [
                    -2,
                    -6,
                    -10
                ],
                [
                    -9,
                    4,
                    3
                ],
                [
                    2,
                    9,
                    -6
                ],
                [
                    6,
                    4,
                    -8
                ],
                [
                    5,
                    -8,
                    -10
                ],
                [
                    1,
                    9,
                    -5
                ],
                [
                    -10,
                    -6,
                    4
                ],
                [
                    1,
                    7,
                    6
                ],
                [
                    8,
                    -3,
                    -2
                ],
                [
                    -5,
                    -10,
                    4
                ],
                [
                    6,
                    -7,
                    1
                ],
                [
                    5,
                    -9,
                    8
                ],
                [
                    -1,
                    -3,
                    10
                ],
                [
                    3,
                    7,
                    9
                ],
                [
                    -2,
                    -7,
                    -3
                ],
                [
                    -5,
                    6,
                    -2
                ],
                [
                    6,
                    -9,
                    -7
                ],
                [
                    -4,
                    1,
                    -10
                ],
                [
                    8,
                    -1,
                    7
                ],
                [
                    2,
                    -9,
                    8
                ],
                [
                    -6,
                    8,
                    -9
                ],
                [
                    5,
                    9,
                    3
                ],
                [
                    -6,
                    -1,
                    9
                ],
                [
                    -9,
                    7,
                    2
                ],
                [
                    10,
                    -4,
                    2
                ],
                [
                    -8,
                    5,
                    -10
                ],
                [
                    9,
                    5,
                    -4
                ],
                [
                    -6,
                    -8,
                    2
                ],
                [
                    -9,
                    -7,
                    -2
                ],
                [
                    -2,
                    -9,
                    1
                ],
                [
                    -1,
                    4,
                    5
                ],
                [
                    -10,
                    -7,
                    -1
                ],
                [
                    3,
                    -4,
                    9
                ],
                [
                    10,
                    -1,
                    -5
                ],
                [
                    -6,
                    -2,
                    -10
                ],
                [
                    -5,
                    -6,
                    9
                ],
                [
                    6,
                    4,
                    3
                ],
                [
                    6,
                    10,
                    -7
                ]
            ],
            "{   'fun': 1.0,\n    'jac': None,\n    'nfev': 97,\n    'nit': None,\n    'njev': None,\n    'x': array([1.03535749, 0.98930307, 2.09418058, 1.21427172, 0.52918976,\n       0.01623975, 1.88822837, 2.88309263, 0.42918108, 0.55286139,\n       0.66146458, 1.28608294, 1.72105933, 2.63899612, 1.82045453,\n       2.96129906])}",
            {
                "0100011000": 1,
                "1100000110": 1,
                "1001010111": 1,
                "0100100100": 1,
                "1110011111": 1,
                "0111100110": 1,
                "1111000110": 1,
                "0011001101": 1,
                "1010001000": 1,
                "1100111001": 1,
                "1001101101": 1,
                "1111011001": 1,
                "1010101101": 1,
                "0100110010": 1,
                "1000111010": 1,
                "0111011111": 1,
                "1111000010": 1,
                "1010011001": 1,
                "1101011011": 1,
                "0001011001": 1,
                "1110100011": 1,
                "1010010111": 1,
                "1000010001": 1,
                "0011000101": 1,
                "0111000110": 1,
                "0001111010": 1,
                "0101011100": 1,
                "0000001100": 1,
                "1011111001": 1,
                "1100011001": 1,
                "0010010010": 1,
                "0000001111": 1,
                "1000111100": 1,
                "0010100100": 1,
                "1010000010": 1,
                "0110111010": 1,
                "0010101010": 1,
                "0001111001": 1,
                "1001001100": 1,
                "0110101100": 1,
                "0010111011": 1,
                "0111110111": 1,
                "0111100010": 1,
                "1101111110": 1,
                "0000011011": 1,
                "0110011111": 1,
                "0110001111": 1,
                "0111000000": 1,
                "0100011110": 1,
                "1110001100": 1,
                "0100111111": 1,
                "1011011001": 1,
                "1000010110": 1,
                "1010110001": 2,
                "1000110100": 2,
                "0101011111": 1,
                "1100001011": 1,
                "0111111111": 1,
                "1010110101": 1,
                "1000100000": 1,
                "0110000010": 1,
                "1101100111": 1,
                "0101100111": 1,
                "1110000100": 1,
                "0111001110": 1,
                "1011010010": 1,
                "0010000101": 1,
                "0010011110": 1,
                "0001111101": 1,
                "0010110111": 1,
                "0011001010": 1,
                "0011101001": 1,
                "0110011110": 1,
                "1011000001": 1,
                "0010001010": 1,
                "0011001011": 2,
                "0101110101": 1,
                "0001010101": 1,
                "0000010011": 1,
                "0111111010": 1,
                "1101111010": 1,
                "1000100001": 1,
                "0011100110": 1,
                "1011101011": 1,
                "0010101000": 1,
                "1101011101": 1,
                "0001101011": 1,
                "1010111001": 1,
                "0011000000": 1,
                "1100010000": 1,
                "0101100100": 1,
                "0011100100": 1,
                "1001100000": 1,
                "1001101111": 1,
                "1100000100": 1,
                "1101100101": 1,
                "0011011010": 1
            },
            false,
            1.0
        ],
        [
            [
                [
                    9,
                    6,
                    -5
                ],
                [
                    5,
                    -3,
                    -2
                ],
                [
                    -9,
                    -2,
                    -3
                ],
                [
                    8,
                    -3,
                    -9
                ],
                [
                    9,
                    4,
                    -5
                ],
                [
                    7,
                    -3,
                    10
                ],
                [
                    10,
                    4,
                    -2
                ],
                [
                    -3,
                    2,
                    5
                ],
                [
                    -3,
                    -5,
                    2
                ],
                [
                    8,
                    1,
                    -6
                ],
                [
                    -5,
                    -8,
                    -1
                ],
                [
                    -9,
                    -5,
                    -8
                ],
                [
                    9,
                    -1,
                    3
                ],
                [
                    -7,
                    -6,
                    -5
                ],
                [
                    -5,
                    -9,
                    8
                ],
                [
                    10,
                    2,
                    -1
                ],
                [
                    -8,
                    -1,
                    -9
                ],
                [
                    -9,
                    -2,
                    -6
                ],
                [
                    10,
                    5,
                    -4
                ],
                [
                    9,
                    -8,
                    7
                ],
                [
                    -8,
                    -7,
                    -6
                ],
                [
                    2,
                    -1,
                    -3
                ],
                [
                    -10,
                    5,
                    7
                ],
                [
                    -3,
                    5,
                    -4
                ],
                [
                    -6,
                    -1,
                    10
                ],
                [
                    5,
                    1,
                    -3
                ],
                [
                    -5,
                    -1,
                    -7
                ],
                [
                    9,
                    -4,
                    -1
                ],
                [
                    -3,
                    2,
                    1
                ],
                [
                    -8,
                    -4,
                    -10
                ],
                [
                    -4,
                    9,
                    10
                ],
                [
                    -7,
                    5,
                    9
                ],
                [
                    -6,
                    -8,
                    -7
                ],
                [
                    -6,
                    -5,
                    -3
                ],
                [
                    3,
                    7,
                    4
                ],
                [
                    -3,
                    10,
                    -6
                ],
                [
                    -10,
                    -8,
                    1
                ],
                [
                    5,
                    1,
                    3
                ],
                [
                    -2,
                    -3,
                    5
                ],
                [
                    4,
                    1,
                    7
                ],
                [
                    6,
                    10,
                    4
                ],
                [
                    1,
                    5,
                    4
                ],
                [
                    7,
                    -8,
                    6
                ],
                [
                    1,
                    4,
                    3
                ],
                [
                    9,
                    2,
                    7
                ]
            ],
            "{   'fun': 0.93,\n    'jac': None,\n    'nfev': 125,\n    'nit': None,\n    'njev': None,\n    'x': array([1.19812067, 2.07085055, 1.07483928, 1.59060526, 1.37449906,\n       2.93903265, 2.93627236, 0.40570681, 1.63113196, 0.22559617,\n       0.70576773, 2.69878401, 1.13726018, 0.00732188, 3.10539263,\n       2.65069521])}",
            {
                "0101100001": 1,
                "0001011001": 1,
                "0000011000": 1,
                "1101101011": 1,
                "1000011001": 1,
                "0000101100": 1,
                "1110001011": 1,
                "0111000000": 1,
                "1101000001": 1,
                "1000001101": 1,
                "1101011001": 1,
                "1110111100": 1,
                "0111111010": 1,
                "0000110111": 1,
                "1000001110": 1,
                "0010110100": 1,
                "1011000101": 1,
                "0111100000": 1,
                "1101101001": 1,
                "0100010110": 1,
                "0110100011": 2,
                "1110111011": 1,
                "0101001001": 2,
                "0110000100": 1,
                "0010111100": 1,
                "0110100010": 1,
                "1101000000": 2,
                "1011101110": 1,
                "1110000011": 1,
                "0011001001": 1,
                "0010110011": 1,
                "0111000010": 1,
                "1000000011": 1,
                "1111001101": 1,
                "0101110101": 1,
                "1101000011": 1,
                "1101001001": 1,
                "0100100000": 1,
                "0100011111": 1,
                "0100000000": 1,
                "0111001100": 1,
                "1000111000": 1,
                "0011100101": 1,
                "1000110111": 1,
                "1101000111": 1,
                "1000110010": 1,
                "0011111101": 1,
                "1101111011": 1,
                "1010011111": 1,
                "1100011011": 1,
                "1101100001": 1,
                "1110011100": 1,
                "0001010010": 1,
                "0101010000": 1,
                "0011110110": 1,
                "0010100111": 1,
                "1100010010": 1,
                "1011000110": 1,
                "0000010110": 1,
                "1101001111": 1,
                "1010100010": 1,
                "0101001000": 1,
                "0011010100": 1,
                "0011111111": 1,
                "0110111110": 1,
                "1101100011": 2,
                "0111010111": 2,
                "0001000111": 1,
                "0100101010": 1,
                "0000000001": 1,
                "0011100111": 1,
                "0001111110": 1,
                "1000001100": 1,
                "1100000111": 1,
                "0100110111": 1,
                "1011011110": 1,
                "0101101100": 1,
                "1111111011": 1,
                "0010111110": 1,
                "1000101000": 1,
                "0110101101": 1,
                "1111010101": 1,
                "0000111000": 1,
                "0010000011": 1,
                "0011111100": 1,
                "1110100100": 1,
                "0001011111": 1,
                "1010011100": 1,
                "1000100010": 1,
                "0011101110": 3,
                "0100000001": 1,
                "1010001000": 1,
                "1101001011": 1
            },
            true,
            0.87
        ]
    ]
}