{
    "n": 10,
    "m": 45,
    "results": [
        [
            [
                [
                    10,
                    7,
                    4
                ],
                [
                    4,
                    6,
                    -3
                ],
                [
                    9,
                    -7,
                    3
                ],
                [
                    -8,
                    -3,
                    5
                ],
                [
                    9,
                    3,
                    4
                ],
                [
                    5,
                    2,
                    1
                ],
                [
                    9,
                    4,
                    1
                ],
                [
                    9,
                    8,
                    6
                ],
                [
                    9,
                    -6,
                    -10
                ],
                [
                    10,
                    -3,
                    4
                ],
                [
                    7,
                    8,
                    -4
                ],
                [
                    10,
                    5,
                    -9
                ],
                [
                    5,
                    -6,
                    1
                ],
                [
                    5,
                    8,
                    4
                ],
                [
                    3,
                    -4,
                    -10
                ],
                [
                    2,
                    10,
                    4
                ],
                [
                    8,
                    3,
                    9
                ],
                [
                    -9,
                    -6,
                    4
                ],
                [
                    1,
                    -2,
                    -10
                ],
                [
                    -7,
                    4,
                    -5
                ],
                [
                    -1,
                    9,
                    -10
                ],
                [
                    9,
                    -7,
                    8
                ],
                [
                    -6,
                    -9,
                    -7
                ],
                [
                    -8,
                    -7,
                    6
                ],
                [
                    -8,
                    -10,
                    -9
                ],
                [
                    -3,
                    -1,
                    -7
                ],
                [
                    2,
                    -6,
                    -5
                ],
                [
                    -7,
                    2,
                    9
                ],
                [
                    -9,
                    -8,
                    -1
                ],
                [
                    -7,
                    -4,
                    3
                ],
                [
                    -2,
                    3,
                    -1
                ],
                [
                    6,
                    -5,
                    -9
                ],
                [
                    -9,
                    -8,
                    -6
                ],
                [
                    -3,
                    -2,
                    -4
                ],
                [
                    -1,
                    2,
                    3
                ],
                [
                    -7,
                    8,
                    5
                ],
                [
                    6,
                    10,
                    -3
                ],
                [
                    1,
                    -10,
                    -7
                ],
                [
                    4,
                    -6,
                    10
                ],
                [
                    9,
                    -4,
                    5
                ],
                [
                    1,
                    7,
                    -3
                ],
                [
                    6,
                    -4,
                    9
                ],
                [
                    -3,
                    7,
                    10
                ],
                [
                    -7,
                    4,
                    5
                ],
                [
                    -2,
                    7,
                    9
                ]
            ],
            "{   'fun': 1.0,\n    'jac': None,\n    'nfev': 25,\n    'nit': None,\n    'njev': None,\n    'x': array([0.25622077, 1.0895811 , 0.83891711, 3.08399949])}",
            {
                "0010001111": 1,
                "0111111100": 1,
                "0111010110": 1,
                "0110010011": 1,
                "0101000100": 1,
                "0110001111": 1,
                "0010110110": 1,
                "1000010110": 1,
                "0110110000": 1,
                "1010111110": 1,
                "1101101100": 1,
                "0100100010": 1,
                "0101011111": 1,
                "1001101100": 1,
                "1100000100": 1,
                "1111100000": 1,
                "1101100110": 1,
                "0110010111": 1,
                "0010000011": 1,
                "0010100100": 1,
                "1101100101": 1,
                "0111000011": 1,
                "0110010101": 1,
                "0101001000": 1,
                "0010010100": 1,
                "1010110011": 1,
                "1011010110": 1,
                "0010100110": 1,
                "0010010010": 1,
                "0000101111": 1,
                "1100101010": 1,
                "0011101100": 1,
                "1110111010": 1,
                "0101110101": 1,
                "0101111111": 2,
                "0101101011": 1,
                "0001101110": 1,
                "1111100001": 1,
                "0110010001": 1,
                "0111111011": 2,
                "1011111101": 1,
                "1001101001": 1,
                "0000001001": 1,
                "0000001101": 1,
                "0010100111": 1,
                "0101101101": 1,
                "1001111000": 1,
                "0111100010": 1,
                "1101110001": 1,
                "1011100111": 1,
                "0010010000": 2,
                "0010001101": 1,
                "1011001011": 1,
                "0001011010": 1,
                "0001111000": 1,
                "1110011011": 2,
                "0000100111": 1,
                "0011011110": 1,
                "0001100000": 1,
                "0110101001": 1,
                "0001100100": 1,
                "1100001000": 1,
                "0001110101": 1,
                "1110011010": 1,
                "1101110010": 1,
                "1101001101": 1,
                "0001100110": 1,
                "1101010100": 1,
                "1010001100": 1,
                "1011110100": 1,
                "0111101000": 1,
                "0110000010": 1,
                "0001011101": 1,
                "1101011000": 1,
                "0111011110": 1,
                "0100010011": 1,
                "1110111100": 1,
                "0010001100": 1,
                "1100101100": 1,
                "0011000011": 1,
                "0011110111": 1,
                "1101111101": 1,
                "1110000110": 1,
                "1101000011": 1,
                "1010011101": 1,
                "0011000001": 1,
                "0101111010": 1,
                "1110110111": 1,
                "0110110110": 1,
                "0011101000": 1,
                "1011000101": 1,
                "1110101101": 1,
                "0010011101": 1,
                "1100111010": 1,
                "1100010001": 1,
                "0100001011": 1
            },
            false,
            1.0
        ],
        [
            [
                [
                    -6,
                    -1,
                    -7
                ],
                [
                    2,
                    -4,
                    7
                ],
                [
                    1,
                    -7,
                    -8
                ],
                [
                    -6,
                    5,
                    1
                ],
                [
                    -7,
                    -3,
                    -4
                ],
                [
                    -5,
                    8,
                    -10
                ],
                [
                    -7,
                    -9,
                    -8
                ],
                [
                    10,
                    1,
                    -5
                ],
                [
                    -10,
                    -1,
                    5
                ],
                [
                    -5,
                    8,
                    4
                ],
                [
                    4,
                    1,
                    -5
                ],
                [
                    8,
                    9,
                    5
                ],
                [
                    -1,
                    10,
                    8
                ],
                [
                    5,
                    -8,
                    3
                ],
                [
                    1,
                    -10,
                    -2
                ],
                [
                    -6,
                    -4,
                    -7
                ],
                [
                    1,
                    10,
                    -6
                ],
                [
                    2,
                    -10,
                    8
                ],
                [
                    2,
                    9,
                    6
                ],
                [
                    -5,
                    2,
                    7
                ],
                [
                    1,
                    6,
                    -7
                ],
                [
                    4,
                    2,
                    7
                ],
                [
                    10,
                    7,
                    -8
                ],
                [
                    -5,
                    9,
                    -7
                ],
                [
                    -8,
                    -1,
                    5
                ],
                [
                    -10,
                    3,
                    8
                ],
                [
                    4,
                    8,
                    5
                ],
                [
                    -7,
                    3,
                    -9
                ],
                [
                    -9,
                    -4,
                    8
                ],
                [
                    -6,
                    9,
                    -4
                ],
                [
                    4,
                    -9,
                    7
                ],
                [
                    -9,
                    7,
                    8
                ],
                [
                    -9,
                    -6,
                    -8
                ],
                [
                    9,
                    -4,
                    -10
                ],
                [
                    8,
                    -3,
                    9
                ],
                [
                    6,
                    -3,
                    7
                ],
                [
                    7,
                    6,
                    1
                ],
                [
                    -9,
                    8,
                    -7
                ],
                [
                    2,
                    -4,
                    -10
                ],
                [
                    7,
                    4,
                    9
                ],
                [
                    10,
                    -4,
                    1
                ],
                [
                    -5,
                    3,
                    10
                ],
                [
                    -1,
                    -6,
                    9
                ],
                [
                    -5,
                    -7,
                    10
                ],
                [
                    -9,
                    8,
                    2
                ]
            ],
            "{   'fun': 0.99,\n    'jac': None,\n    'nfev': 45,\n    'nit': None,\n    'njev': None,\n    'x': array([1.96862208, 0.77084977, 0.47260792, 2.62791362])}",
            {
                "1110011011": 1,
                "0010011001": 1,
                "0001001110": 1,
                "1010101000": 1,
                "1100000110": 1,
                "0011000100": 1,
                "1010010111": 1,
                "1110010110": 1,
                "0101101100": 1,
                "1101000101": 1,
                "1111011100": 1,
                "1111001110": 1,
                "0111000111": 1,
                "1100000000": 1,
                "1011100111": 1,
                "0001011100": 1,
                "0010101010": 1,
                "0110010100": 1,
                "1000011001": 1,
                "0011111011": 1,
                "0001000000": 1,
                "1110110011": 1,
                "0001101001": 1,
                "0101111100": 1,
                "0000110111": 1,
                "0100000000": 1,
                "1001110100": 1,
                "1001101100": 1,
                "1010101001": 1,
                "1001000101": 1,
                "0101101001": 1,
                "1100110000": 2,
                "0010110010": 1,
                "1001011001": 1,
                "0011111000": 1,
                "0001111001": 1,
                "0010111111": 1,
                "0010010111": 1,
                "0000000000": 1,
                "1101100101": 1,
                "0000011001": 1,
                "1010100100": 1,
                "0010100101": 1,
                "0011000110": 1,
                "0000000001": 1,
                "0001100011": 1,
                "0000100110": 1,
                "0111010000": 1,
                "1010011100": 1,
                "1000111010": 1,
                "1100111100": 1,
                "0010010011": 1,
                "0000000100": 1,
                "1001100111": 1,
                "1010101101": 1,
                "0001101110": 1,
                "0001110010": 1,
                "1000001000": 1,
                "1101111111": 1,
                "0001011000": 1,
                "0010001011": 1,
                "1110110000": 1,
                "0110011001": 1,
                "1011010000": 1,
                "0010110101": 1,
                "1100010111": 2,
                "0001111110": 1,
                "1100101110": 1,
                "1111110111": 1,
                "1010001000": 1,
                "1110011010": 1,
                "1010111000": 1,
                "0010110111": 1,
                "0011110011": 1,
                "1100100010": 1,
                "1011100100": 1,
                "1101110111": 1,
                "1011101101": 2,
                "0001101000": 1,
                "1011110101": 1,
                "1000000110": 1,
                "1000101001": 1,
                "0111010110": 1,
                "0101100111": 1,
                "1011000100": 1,
                "1110001011": 1,
                "1100111111": 1,
                "0110001011": 1,
                "0001100010": 1,
                "0111011011": 1,
                "1110001000": 1,
                "0100000100": 1,
                "0111010100": 1,
                "0110001010": 1,
                "1100000010": 1,
                "1000011010": 1,
                "0101011110": 1
            },
            true,
            0.95
        ],
        [
            [
                [
                    5,
                    -1,
                    -2
                ],
                [
                    7,
                    -9,
                    -4
                ],
                [
                    -8,
                    9,
                    6
                ],
                [
                    9,
                    3,
                    7
                ],
                [
                    -8,
                    6,
                    -2
                ],
                [
                    3,
                    9,
                    -8
                ],
                [
                    2,
                    8,
                    10
                ],
                [
                    2,
                    5,
                    1
                ],
                [
                    3,
                    -9,
                    2
                ],
                [
                    1,
                    -3,
                    -4
                ],
                [
                    -9,
                    -10,
                    7
                ],
                [
                    3,
                    9,
                    -4
                ],
                [
                    5,
                    -1,
                    7
                ],
                [
                    3,
                    4,
                    -10
                ],
                [
                    8,
                    3,
                    -9
                ],
                [
                    4,
                    3,
                    8
                ],
                [
                    -7,
                    3,
                    8
                ],
                [
                    -1,
                    10,
                    -6
                ],
                [
                    -10,
                    -5,
                    6
                ],
                [
                    -2,
                    10,
                    5
                ],
                [
                    3,
                    -4,
                    9
                ],
                [
                    -1,
                    2,
                    9
                ],
                [
                    9,
                    -8,
                    3
                ],
                [
                    -5,
                    7,
                    -8
                ],
                [
                    6,
                    -3,
                    -8
                ],
                [
                    3,
                    -4,
                    1
                ],
                [
                    9,
                    -4,
                    6
                ],
                [
                    -5,
                    3,
                    -6
                ],
                [
                    4,
                    -10,
                    -7
                ],
                [
                    -7,
                    -6,
                    10
                ],
                [
                    2,
                    3,
                    -10
                ],
                [
                    5,
                    2,
                    -1
                ],
                [
                    -7,
                    -10,
                    -4
                ],
                [
                    1,
                    -9,
                    -6
                ],
                [
                    -2,
                    8,
                    10
                ],
                [
                    9,
                    -7,
                    3
                ],
                [
                    2,
                    -7,
                    9
                ],
                [
                    -6,
                    -7,
                    5
                ],
                [
                    -10,
                    1,
                    -5
                ],
                [
                    10,
                    -4,
                    1
                ],
                [
                    6,
                    5,
                    1
                ],
                [
                    -3,
                    -4,
                    -9
                ],
                [
                    4,
                    9,
                    8
                ],
                [
                    -8,
                    6,
                    -4
                ],
                [
                    2,
                    -10,
                    8
                ]
            ],
            "{   'fun': 0.97,\n    'jac': None,\n    'nfev': 41,\n    'nit': None,\n    'njev': None,\n    'x': array([1.6100902 , 0.30393693, 1.07670814, 2.03274549])}",
            {
                "0000110111": 1,
                "0010111111": 1,
                "1000101100": 1,
                "0000111000": 1,
                "0010010000": 1,
                "1101011110": 1,
                "0001100011": 1,
                "0101010010": 1,
                "1010111101": 1,
                "0000110011": 1,
                "0001000001": 1,
                "0100111110": 2,
                "0001101001": 1,
                "1010001001": 1,
                "0010011111": 1,
                "0010000011": 1,
                "0100001010": 2,
                "1111011001": 1,
                "0101110001": 1,
                "0110101100": 1,
                "0110101101": 1,
                "0100100101": 1,
                "0001100110": 1,
                "1010000111": 1,
                "0100010011": 1,
                "1010010101": 1,
                "0000101110": 1,
                "1010110111": 1,
                "0110011011": 1,
                "1010000011": 1,
                "1010000001": 1,
                "1000000011": 1,
                "1001100100": 1,
                "1101100011": 1,
                "0110100000": 1,
                "1101111111": 1,
                "1011100010": 1,
                "1010110010": 1,
                "0110111100": 1,
                "1010011000": 1,
                "1110100001": 1,
                "1001001011": 1,
                "0110010010": 1,
                "0000000011": 1,
                "1110011010": 1,
                "0111110010": 2,
                "1011111001": 1,
                "1010010000": 1,
                "1100000111": 1,
                "1111001000": 1,
                "0011110100": 1,
                "0111110100": 1,
                "1011101111": 1,
                "1111001111": 1,
                "0111111001": 1,
                "0111111111": 1,
                "1001101110": 1,
                "1000011000": 1,
                "1010010011": 1,
                "0100000110": 1,
                "1010101011": 2,
                "1101100111": 1,
                "0001011111": 1,
                "0100100111": 1,
                "0001101101": 1,
                "0110000010": 1,
                "1111011100": 1,
                "0111110111": 1,
                "0110110111": 1,
                "1000010101": 1,
                "0111000010": 1,
                "0010100010": 1,
                "1101010111": 1,
                "1101110110": 1,
                "0001111110": 1,
                "0000010101": 1,
                "1100101011": 1,
                "1010100110": 1,
                "0110010000": 1,
                "1101011001": 1,
                "0100111010": 1,
                "0110101001": 1,
                "1001100011": 1,
                "1100111010": 1,
                "0001111101": 1,
                "0100111000": 1,
                "0011110111": 1,
                "0001000100": 1,
                "0101110101": 1,
                "0010000001": 1,
                "0110100110": 1,
                "0011010011": 1,
                "0110100100": 1,
                "1010000101": 1,
                "1000111111": 2
            },
            true,
            0.93
        ],
        [
            [
                [
                    3,
                    8,
                    -6
                ],
                [
                    8,
                    9,
                    10
                ],
                [
                    9,
                    -2,
                    -8
                ],
                [
                    8,
                    -3,
                    -1
                ],
                [
                    -5,
                    6,
                    -1
                ],
                [
                    -3,
                    5,
                    6
                ],
                [
                    -3,
                    -5,
                    -9
                ],
                [
                    2,
                    3,
                    -7
                ],
                [
                    -2,
                    -8,
                    10
                ],
                [
                    4,
                    9,
                    6
                ],
                [
                    4,
                    -1,
                    3
                ],
                [
                    1,
                    -2,
                    5
                ],
                [
                    -5,
                    -6,
                    -4
                ],
                [
                    3,
                    5,
                    7
                ],
                [
                    -9,
                    2,
                    -5
                ],
                [
                    4,
                    -7,
                    9
                ],
                [
                    3,
                    6,
                    -5
                ],
                [
                    5,
                    4,
                    9
                ],
                [
                    -6,
                    -8,
                    -7
                ],
                [
                    5,
                    -3,
                    1
                ],
                [
                    -7,
                    -3,
                    -9
                ],
                [
                    3,
                    -7,
                    -4
                ],
                [
                    7,
                    1,
                    -8
                ],
                [
                    2,
                    -5,
                    7
                ],
                [
                    -7,
                    -10,
                    -9
                ],
                [
                    -9,
                    -1,
                    6
                ],
                [
                    -3,
                    4,
                    9
                ],
                [
                    5,
                    -4,
                    -9
                ],
                [
                    -8,
                    -3,
                    2
                ],
                [
                    8,
                    4,
                    -3
                ],
                [
                    5,
                    9,
                    -1
                ],
                [
                    9,
                    3,
                    6
                ],
                [
                    9,
                    8,
                    5
                ],
                [
                    -10,
                    4,
                    -3
                ],
                [
                    -6,
                    2,
                    -4
                ],
                [
                    3,
                    -7,
                    -6
                ],
                [
                    10,
                    -4,
                    -7
                ],
                [
                    -8,
                    4,
                    -10
                ],
                [
                    6,
                    -4,
                    -9
                ],
                [
                    2,
                    10,
                    5
                ],
                [
                    -7,
                    -2,
                    6
                ],
                [
                    2,
                    5,
                    -6
                ],
                [
                    7,
                    3,
                    -4
                ],
                [
                    -9,
                    -4,
                    -1
                ],
                [
                    4,
                    5,
                    8
                ]
            ],
            "{   'fun': 0.83,\n    'jac': None,\n    'nfev': 46,\n    'nit': None,\n    'njev': None,\n    'x': array([3.73409116, 2.72562477, 3.23297409, 2.33115844])}",
            {
                "0111111001": 1,
                "0101011010": 1,
                "0110110011": 1,
                "1000010101": 1,
                "0101101100": 1,
                "0101110110": 1,
                "1111001101": 1,
                "1011001001": 1,
                "1011010011": 1,
                "1110000110": 1,
                "1100011000": 1,
                "1011001100": 1,
                "1000110101": 1,
                "1101010101": 1,
                "0101111101": 1,
                "0010100101": 1,
                "0010001111": 1,
                "0100010110": 1,
                "0111011011": 1,
                "0011101110": 1,
                "1100111111": 1,
                "0101110101": 1,
                "1001101001": 1,
                "0000001001": 1,
                "0111100000": 1,
                "0001010001": 1,
                "1110111000": 1,
                "0110001100": 1,
                "0000001010": 1,
                "1011101101": 1,
                "0100110101": 1,
                "0010101000": 1,
                "1001011100": 12,
                "0011001000": 1,
                "1100011111": 1,
                "1001000110": 1,
                "0011011111": 1,
                "0001011100": 1,
                "1110110001": 1,
                "1001111000": 1,
                "1111011010": 1,
                "0111100100": 1,
                "1110101111": 1,
                "0000110100": 1,
                "0100011110": 1,
                "0100110010": 1,
                "1101100110": 1,
                "1000011110": 9,
                "0001101100": 1,
                "0101100100": 1,
                "1000111011": 1,
                "1110111101": 2,
                "1101111000": 1,
                "1000111010": 1,
                "1001011000": 1,
                "0110101010": 3,
                "0010000010": 1,
                "1101111010": 1,
                "1111111100": 1,
                "1111010011": 1,
                "1011000100": 1,
                "1110001011": 1,
                "0110110010": 1,
                "0101010101": 1,
                "0111110001": 1,
                "1111111110": 1,
                "0110011101": 1,
                "1011100100": 1,
                "0101000000": 1,
                "0101011110": 1,
                "0101111110": 1,
                "1100010110": 1,
                "1001001000": 1,
                "0001001001": 1,
                "0110110110": 1,
                "1011011111": 1,
                "1011110110": 1,
                "0001100000": 1
            },
            true,
            0.81
        ],
        [
            [
                [
                    7,
                    6,
                    5
                ],
                [
                    2,
                    1,
                    3
                ],
                [
                    -4,
                    -7,
                    9
                ],
                [
                    7,
                    -5,
                    -1
                ],
                [
                    3,
                    -5,
                    -9
                ],
                [
                    5,
                    10,
                    4
                ],
                [
                    -1,
                    5,
                    9
                ],
                [
                    -5,
                    -1,
                    8
                ],
                [
                    7,
                    9,
                    2
                ],
                [
                    6,
                    -7,
                    -9
                ],
                [
                    -8,
                    7,
                    -10
                ],
                [
                    -3,
                    6,
                    -5
                ],
                [
                    -7,
                    1,
                    -9
                ],
                [
                    -1,
                    -7,
                    6
                ],
                [
                    -10,
                    5,
                    -2
                ],
                [
                    3,
                    -8,
                    -6
                ],
                [
                    9,
                    1,
                    8
                ],
                [
                    -3,
                    10,
                    2
                ],
                [
                    6,
                    4,
                    9
                ],
                [
                    9,
                    10,
                    1
                ],
                [
                    6,
                    -1,
                    2
                ],
                [
                    -2,
                    4,
                    7
                ],
                [
                    7,
                    9,
                    -1
                ],
                [
                    -7,
                    2,
                    -5
                ],
                [
                    -10,
                    -7,
                    4
                ],
                [
                    -1,
                    6,
                    -5
                ],
                [
                    -1,
                    4,
                    -9
                ],
                [
                    -1,
                    5,
                    -8
                ],
                [
                    -10,
                    3,
                    1
                ],
                [
                    -4,
                    3,
                    -5
                ],
                [
                    10,
                    6,
                    -3
                ],
                [
                    -4,
                    7,
                    -1
                ],
                [
                    9,
                    6,
                    -3
                ],
                [
                    1,
                    5,
                    -8
                ],
                [
                    -4,
                    -5,
                    -3
                ],
                [
                    -9,
                    1,
                    3
                ],
                [
                    -6,
                    -2,
                    -3
                ],
                [
                    7,
                    -4,
                    1
                ],
                [
                    4,
                    -1,
                    -9
                ],
                [
                    4,
                    10,
                    -5
                ],
                [
                    4,
                    -5,
                    -7
                ],
                [
                    2,
                    -7,
                    -9
                ],
                [
                    -6,
                    7,
                    -8
                ],
                [
                    1,
                    -3,
                    -2
                ],
                [
                    -3,
                    -5,
                    -6
                ]
            ],
            "{   'fun': 0.96,\n    'jac': None,\n    'nfev': 42,\n    'nit': None,\n    'njev': None,\n    'x': array([2.75212833, 3.13474102, 1.05065093, 0.5100085 ])}",
            {
                "0001101011": 1,
                "0111111101": 1,
                "0111010000": 1,
                "0101011010": 1,
                "0001101111": 1,
                "0000010101": 1,
                "1100011000": 1,
                "1011000011": 1,
                "1100100000": 2,
                "0110100000": 1,
                "0001100011": 1,
                "1011111101": 1,
                "0011101110": 1,
                "1000111110": 1,
                "0010011000": 1,
                "0001111111": 1,
                "0000110010": 1,
                "1010111010": 1,
                "0101110101": 1,
                "0110001000": 1,
                "0011100000": 1,
                "0110000000": 1,
                "1100000110": 1,
                "1010001001": 1,
                "1001001001": 1,
                "0100000111": 1,
                "0000101000": 1,
                "0001000001": 1,
                "1110100010": 1,
                "0101110000": 1,
                "1110001110": 2,
                "1100100100": 3,
                "1100010001": 1,
                "1111011101": 1,
                "1111111101": 1,
                "0101100001": 1,
                "1110011101": 2,
                "0010001001": 1,
                "0000001001": 1,
                "0101000101": 1,
                "0000000110": 1,
                "0000001010": 1,
                "0011100001": 1,
                "1101011011": 1,
                "1111100000": 1,
                "0111100111": 1,
                "0110001101": 1,
                "0000101101": 1,
                "0011111111": 1,
                "0000100111": 1,
                "0011001101": 1,
                "0011111011": 1,
                "0011000111": 1,
                "1101001111": 1,
                "0010000001": 1,
                "0110111010": 1,
                "0000110001": 1,
                "1000101111": 1,
                "1111100101": 1,
                "0011010000": 1,
                "0100001010": 1,
                "1100100101": 1,
                "1101010110": 1,
                "0110110100": 1,
                "1011001111": 2,
                "0000010111": 1,
                "1110010101": 1,
                "1001000010": 1,
                "0010100011": 1,
                "0101111100": 1,
                "1110110001": 1,
                "1000010001": 1,
                "0001111001": 1,
                "0010001111": 1,
                "0010010001": 1,
                "0001100100": 1,
                "1101010000": 1,
                "1011110110": 1,
                "1110000110": 1,
                "1101001001": 1,
                "1110001000": 1,
                "0101111011": 1,
                "0111100100": 1,
                "1111010000": 1,
                "1110111101": 1,
                "1000010010": 1,
                "1110001101": 1,
                "1110100100": 1,
                "0011111100": 1,
                "1101011101": 1,
                "0111101010": 1,
                "1100101010": 1,
                "1001010100": 1,
                "0000001101": 1
            },
            true,
            0.89
        ]
    ]
}