{
    "n": 10,
    "m": 45,
    "results": [
        [
            [
                [
                    -9,
                    5,
                    8
                ],
                [
                    -1,
                    -5,
                    -10
                ],
                [
                    -4,
                    -3,
                    -1
                ],
                [
                    1,
                    5,
                    -2
                ],
                [
                    -5,
                    -8,
                    4
                ],
                [
                    2,
                    -9,
                    6
                ],
                [
                    4,
                    5,
                    -2
                ],
                [
                    -1,
                    -5,
                    3
                ],
                [
                    -3,
                    4,
                    2
                ],
                [
                    1,
                    -7,
                    9
                ],
                [
                    1,
                    3,
                    6
                ],
                [
                    -1,
                    -9,
                    7
                ],
                [
                    7,
                    5,
                    -4
                ],
                [
                    -7,
                    -9,
                    -4
                ],
                [
                    8,
                    7,
                    -10
                ],
                [
                    1,
                    -7,
                    3
                ],
                [
                    5,
                    10,
                    3
                ],
                [
                    9,
                    -6,
                    -2
                ],
                [
                    -1,
                    -8,
                    -3
                ],
                [
                    -4,
                    8,
                    -7
                ],
                [
                    3,
                    -7,
                    -2
                ],
                [
                    8,
                    -2,
                    -10
                ],
                [
                    -2,
                    -10,
                    9
                ],
                [
                    -4,
                    2,
                    7
                ],
                [
                    -4,
                    -2,
                    1
                ],
                [
                    -4,
                    -2,
                    -7
                ],
                [
                    1,
                    -3,
                    -5
                ],
                [
                    -9,
                    6,
                    4
                ],
                [
                    -7,
                    -9,
                    -1
                ],
                [
                    9,
                    8,
                    -6
                ],
                [
                    5,
                    -10,
                    2
                ],
                [
                    2,
                    9,
                    -4
                ],
                [
                    6,
                    -4,
                    1
                ],
                [
                    4,
                    6,
                    -7
                ],
                [
                    4,
                    8,
                    2
                ],
                [
                    3,
                    -2,
                    -9
                ],
                [
                    7,
                    -8,
                    -9
                ],
                [
                    -5,
                    9,
                    -2
                ],
                [
                    -4,
                    2,
                    -9
                ],
                [
                    -1,
                    -2,
                    3
                ],
                [
                    7,
                    4,
                    10
                ],
                [
                    -3,
                    -1,
                    -7
                ],
                [
                    -4,
                    -3,
                    -6
                ],
                [
                    -1,
                    -3,
                    2
                ],
                [
                    -9,
                    -5,
                    -4
                ]
            ],
            "{   'fun': 1.0,\n    'jac': None,\n    'nfev': 25,\n    'nit': None,\n    'njev': None,\n    'x': array([0.25622077, 1.0895811 , 0.83891711, 3.08399949])}",
            {
                "0001110010": 1,
                "1001000111": 1,
                "1110011111": 1,
                "0011001100": 1,
                "1100100010": 1,
                "0010000011": 1,
                "0101000010": 1,
                "0100011000": 1,
                "1010100001": 1,
                "1110100010": 1,
                "0011100101": 1,
                "0010111100": 1,
                "0110101101": 1,
                "1010110001": 1,
                "0101100101": 1,
                "1101101111": 1,
                "0111011011": 1,
                "1000111001": 1,
                "1011101010": 2,
                "1000101110": 1,
                "0100010001": 1,
                "0110001101": 1,
                "0111011110": 1,
                "1010010100": 1,
                "0110100100": 1,
                "1001110010": 1,
                "1001010000": 1,
                "0101101110": 1,
                "0010100001": 1,
                "1101000011": 1,
                "1010100101": 1,
                "1111001011": 2,
                "0100100000": 1,
                "0111010001": 1,
                "0111101110": 1,
                "0100010010": 1,
                "1101011111": 1,
                "0111111100": 1,
                "1101010000": 1,
                "1011110110": 1,
                "1011011000": 1,
                "1001111010": 1,
                "1001111101": 1,
                "1101010100": 1,
                "1001101101": 1,
                "1011010111": 1,
                "1000000010": 1,
                "0110101010": 1,
                "0011011010": 1,
                "1111000100": 1,
                "1110111000": 1,
                "1001011001": 1,
                "1001101110": 1,
                "1000011100": 1,
                "0010111110": 1,
                "1000011110": 1,
                "1000100111": 1,
                "0000110100": 2,
                "1111100010": 1,
                "1111111101": 1,
                "1111101100": 1,
                "0010010110": 1,
                "0011001010": 1,
                "1011001001": 1,
                "0011110001": 1,
                "0111001010": 1,
                "0111100000": 1,
                "0001000101": 1,
                "1011001100": 1,
                "1000010100": 1,
                "1000110101": 1,
                "1100000001": 1,
                "1110010001": 1,
                "0000001110": 1,
                "0110110110": 1,
                "0100101010": 1,
                "0101011101": 1,
                "0011100011": 1,
                "0000011101": 1,
                "1011111111": 1,
                "1011010000": 1,
                "1110110010": 1,
                "0111101100": 1,
                "0111110111": 1,
                "0010000000": 1,
                "0010011100": 1,
                "1000010010": 1,
                "1111110111": 1,
                "0101000011": 1,
                "1001010010": 1,
                "1111100101": 1,
                "1000001011": 1,
                "1011000110": 1,
                "0010001111": 1,
                "0000000101": 1,
                "0001101111": 1,
                "1110101101": 1
            },
            false,
            1.0
        ],
        [
            [
                [
                    -2,
                    -8,
                    -4
                ],
                [
                    -5,
                    -9,
                    -8
                ],
                [
                    -8,
                    3,
                    9
                ],
                [
                    -9,
                    -6,
                    3
                ],
                [
                    10,
                    5,
                    9
                ],
                [
                    5,
                    -3,
                    -4
                ],
                [
                    8,
                    6,
                    7
                ],
                [
                    -4,
                    5,
                    -6
                ],
                [
                    7,
                    -5,
                    2
                ],
                [
                    -9,
                    -2,
                    -8
                ],
                [
                    -1,
                    -10,
                    -7
                ],
                [
                    2,
                    3,
                    8
                ],
                [
                    3,
                    -4,
                    7
                ],
                [
                    -6,
                    7,
                    4
                ],
                [
                    8,
                    -7,
                    -9
                ],
                [
                    -2,
                    7,
                    -9
                ],
                [
                    6,
                    -9,
                    -4
                ],
                [
                    -3,
                    7,
                    -1
                ],
                [
                    7,
                    -1,
                    -2
                ],
                [
                    -9,
                    -6,
                    10
                ],
                [
                    3,
                    6,
                    -10
                ],
                [
                    -4,
                    -10,
                    -5
                ],
                [
                    -5,
                    7,
                    -4
                ],
                [
                    -6,
                    -8,
                    2
                ],
                [
                    -1,
                    3,
                    4
                ],
                [
                    6,
                    4,
                    3
                ],
                [
                    2,
                    -6,
                    -10
                ],
                [
                    6,
                    3,
                    1
                ],
                [
                    3,
                    -9,
                    -10
                ],
                [
                    -8,
                    -10,
                    -9
                ],
                [
                    -9,
                    4,
                    8
                ],
                [
                    3,
                    -5,
                    9
                ],
                [
                    5,
                    -6,
                    -3
                ],
                [
                    1,
                    9,
                    5
                ],
                [
                    -4,
                    -9,
                    1
                ],
                [
                    -4,
                    5,
                    9
                ],
                [
                    3,
                    1,
                    8
                ],
                [
                    -1,
                    -2,
                    -8
                ],
                [
                    2,
                    8,
                    1
                ],
                [
                    -4,
                    9,
                    7
                ],
                [
                    7,
                    -8,
                    -10
                ],
                [
                    -1,
                    3,
                    4
                ],
                [
                    2,
                    10,
                    4
                ],
                [
                    -3,
                    -10,
                    -8
                ],
                [
                    -2,
                    -6,
                    9
                ]
            ],
            "{   'fun': 0.81,\n    'jac': None,\n    'nfev': 41,\n    'nit': None,\n    'njev': None,\n    'x': array([2.24501665, 1.05055203, 0.75200822, 2.76890832])}",
            {
                "0011001000": 1,
                "1111110101": 1,
                "1111000111": 1,
                "1001100101": 1,
                "1001100001": 1,
                "1010101000": 1,
                "1001011011": 1,
                "1100010101": 1,
                "0100111110": 1,
                "0010001001": 1,
                "0010100101": 1,
                "1100111101": 1,
                "0001011111": 1,
                "1110000101": 1,
                "1010000100": 1,
                "1010000000": 1,
                "0101001010": 1,
                "0111011101": 1,
                "1010010001": 1,
                "0001010111": 1,
                "1101111000": 1,
                "1001000101": 1,
                "1001110101": 1,
                "0111000110": 1,
                "0111110001": 1,
                "1110011101": 1,
                "0011000000": 1,
                "1100010001": 1,
                "1000110111": 1,
                "0110011100": 1,
                "0001001110": 1,
                "1000100011": 1,
                "0110101111": 1,
                "1101110001": 1,
                "0100011111": 1,
                "0011011000": 1,
                "0111001010": 1,
                "0111011010": 1,
                "0010011010": 1,
                "0110101010": 1,
                "0011010110": 1,
                "0001010001": 1,
                "0110010111": 1,
                "1110001011": 1,
                "0011010010": 1,
                "1001010101": 1,
                "1010010100": 1,
                "0110000111": 2,
                "0000101110": 1,
                "0011110000": 1,
                "0011111010": 1,
                "1000000011": 1,
                "1111010100": 1,
                "0001011101": 1,
                "0000001001": 1,
                "0000110100": 1,
                "0011101001": 1,
                "0100001101": 1,
                "1000111001": 2,
                "0011011010": 1,
                "0110100011": 1,
                "0010010110": 1,
                "0001000001": 1,
                "1001010001": 1,
                "0001010110": 2,
                "1111110000": 2,
                "1101001110": 1,
                "1100011000": 1,
                "0001111100": 1,
                "0011011101": 1,
                "0100000111": 1,
                "0100010111": 1,
                "0010101011": 1,
                "1111110010": 1,
                "1010111101": 1,
                "1110111100": 1,
                "0101001000": 1,
                "1010001010": 1,
                "0001111101": 2,
                "1100100110": 1,
                "1010000111": 1,
                "1001010110": 1,
                "1000101010": 1,
                "0101010110": 1,
                "1010010010": 1,
                "0101011101": 1,
                "1011011010": 1,
                "0100000010": 1,
                "1010010000": 1,
                "1100011101": 1,
                "1010011101": 1,
                "1011010101": 1,
                "1101010000": 1,
                "0000000000": 1,
                "1011110010": 1
            },
            true,
            0.81
        ],
        [
            [
                [
                    5,
                    -7,
                    2
                ],
                [
                    -6,
                    -7,
                    1
                ],
                [
                    10,
                    1,
                    -4
                ],
                [
                    1,
                    -10,
                    3
                ],
                [
                    8,
                    3,
                    -2
                ],
                [
                    -3,
                    2,
                    -7
                ],
                [
                    -6,
                    -3,
                    1
                ],
                [
                    -2,
                    -5,
                    -6
                ],
                [
                    5,
                    -1,
                    -9
                ],
                [
                    -6,
                    5,
                    -4
                ],
                [
                    -6,
                    -3,
                    -2
                ],
                [
                    -5,
                    10,
                    9
                ],
                [
                    7,
                    -6,
                    3
                ],
                [
                    3,
                    -4,
                    8
                ],
                [
                    6,
                    2,
                    9
                ],
                [
                    -9,
                    4,
                    10
                ],
                [
                    -1,
                    7,
                    4
                ],
                [
                    8,
                    5,
                    -2
                ],
                [
                    -7,
                    4,
                    -1
                ],
                [
                    -2,
                    3,
                    7
                ],
                [
                    -5,
                    7,
                    9
                ],
                [
                    7,
                    -8,
                    -1
                ],
                [
                    -4,
                    5,
                    -7
                ],
                [
                    1,
                    10,
                    -5
                ],
                [
                    4,
                    1,
                    -2
                ],
                [
                    -7,
                    2,
                    10
                ],
                [
                    1,
                    -6,
                    -5
                ],
                [
                    7,
                    -2,
                    -8
                ],
                [
                    -8,
                    6,
                    -3
                ],
                [
                    -8,
                    5,
                    10
                ],
                [
                    1,
                    4,
                    2
                ],
                [
                    -2,
                    -10,
                    9
                ],
                [
                    -1,
                    2,
                    -5
                ],
                [
                    -2,
                    -1,
                    -3
                ],
                [
                    2,
                    8,
                    7
                ],
                [
                    10,
                    -3,
                    -5
                ],
                [
                    6,
                    -4,
                    2
                ],
                [
                    7,
                    -6,
                    9
                ],
                [
                    7,
                    2,
                    5
                ],
                [
                    -4,
                    -7,
                    9
                ],
                [
                    -1,
                    -2,
                    8
                ],
                [
                    -1,
                    -4,
                    -8
                ],
                [
                    -5,
                    10,
                    2
                ],
                [
                    -4,
                    3,
                    -9
                ],
                [
                    3,
                    6,
                    -1
                ]
            ],
            "{   'fun': 0.93,\n    'jac': None,\n    'nfev': 42,\n    'nit': None,\n    'njev': None,\n    'x': array([1.6100237 , 0.3040439 , 1.07671627, 3.03278723])}",
            {
                "0011110100": 1,
                "1100001111": 1,
                "0000010110": 1,
                "1010111110": 1,
                "0001100010": 1,
                "1000010010": 1,
                "0101010101": 1,
                "0011100110": 1,
                "0001100000": 1,
                "1101100111": 1,
                "0001001100": 1,
                "0101101110": 1,
                "1001010000": 1,
                "0110000101": 1,
                "0100000000": 1,
                "1100001011": 1,
                "1111110010": 1,
                "0111011010": 1,
                "0110010101": 1,
                "0100001100": 2,
                "0110011110": 1,
                "0011001110": 1,
                "1000101011": 1,
                "1101011110": 2,
                "1000111001": 1,
                "1011011011": 1,
                "0111101001": 1,
                "1010100100": 1,
                "0001101101": 1,
                "0100000011": 1,
                "1111110011": 1,
                "1100011110": 5,
                "1001000110": 1,
                "0001011101": 1,
                "0100101111": 2,
                "1000011001": 1,
                "1110010010": 1,
                "0010000101": 1,
                "1101100010": 1,
                "1001000000": 1,
                "0111001111": 1,
                "0111000100": 1,
                "1010110110": 1,
                "0111010010": 1,
                "1101111100": 1,
                "0000011101": 1,
                "0000011010": 1,
                "0100101001": 2,
                "0111010100": 1,
                "1010010110": 1,
                "1111001000": 1,
                "0110001111": 2,
                "1110001001": 1,
                "1110010000": 1,
                "1001100011": 1,
                "1011110011": 1,
                "0001111101": 1,
                "1010011111": 1,
                "1000111000": 1,
                "1100001101": 1,
                "0011100101": 1,
                "1000110010": 1,
                "0110000111": 1,
                "1110000100": 1,
                "0011011101": 2,
                "0010000110": 1,
                "0000111011": 1,
                "0011111010": 1,
                "0000111111": 1,
                "0000110100": 1,
                "0011111100": 1,
                "1000100010": 1,
                "1101111111": 1,
                "0000001001": 1,
                "1011111010": 1,
                "1000100100": 1,
                "0010001000": 1,
                "0010010101": 1,
                "0010010010": 1,
                "1110110010": 1,
                "0100101110": 1,
                "0000001110": 1,
                "1100101010": 1,
                "1001111001": 1,
                "0001010011": 2,
                "1111100010": 1,
                "0010000001": 1,
                "0101010011": 1,
                "0011110111": 1
            },
            true,
            0.92
        ],
        [
            [
                [
                    -9,
                    -8,
                    -7
                ],
                [
                    6,
                    1,
                    9
                ],
                [
                    8,
                    5,
                    1
                ],
                [
                    1,
                    4,
                    -10
                ],
                [
                    7,
                    9,
                    -4
                ],
                [
                    9,
                    1,
                    5
                ],
                [
                    -5,
                    3,
                    4
                ],
                [
                    -4,
                    -9,
                    5
                ],
                [
                    -2,
                    3,
                    -8
                ],
                [
                    -2,
                    -7,
                    4
                ],
                [
                    8,
                    10,
                    -3
                ],
                [
                    -1,
                    7,
                    -9
                ],
                [
                    -2,
                    -7,
                    10
                ],
                [
                    10,
                    5,
                    -2
                ],
                [
                    1,
                    -4,
                    10
                ],
                [
                    -4,
                    -3,
                    10
                ],
                [
                    -2,
                    1,
                    3
                ],
                [
                    -9,
                    -5,
                    8
                ],
                [
                    -10,
                    4,
                    -3
                ],
                [
                    -3,
                    -9,
                    -5
                ],
                [
                    6,
                    -9,
                    8
                ],
                [
                    -9,
                    8,
                    -4
                ],
                [
                    -2,
                    -8,
                    10
                ],
                [
                    5,
                    -10,
                    -6
                ],
                [
                    8,
                    2,
                    -10
                ],
                [
                    -1,
                    -7,
                    3
                ],
                [
                    -2,
                    -1,
                    8
                ],
                [
                    -3,
                    7,
                    4
                ],
                [
                    -3,
                    4,
                    -10
                ],
                [
                    4,
                    -9,
                    -7
                ],
                [
                    7,
                    -8,
                    2
                ],
                [
                    3,
                    -10,
                    2
                ],
                [
                    5,
                    -8,
                    -10
                ],
                [
                    6,
                    -10,
                    -4
                ],
                [
                    -2,
                    1,
                    8
                ],
                [
                    -1,
                    5,
                    -9
                ],
                [
                    2,
                    9,
                    -7
                ],
                [
                    10,
                    5,
                    -9
                ],
                [
                    -4,
                    -2,
                    -3
                ],
                [
                    -10,
                    -6,
                    -7
                ],
                [
                    -6,
                    8,
                    -4
                ],
                [
                    -2,
                    -10,
                    -8
                ],
                [
                    -5,
                    -2,
                    -8
                ],
                [
                    -1,
                    -8,
                    10
                ],
                [
                    6,
                    4,
                    10
                ]
            ],
            "{   'fun': 0.98,\n    'jac': None,\n    'nfev': 40,\n    'nit': None,\n    'njev': None,\n    'x': array([2.7713008 , 3.04780716, 2.13280563, 3.19930554])}",
            {
                "1101000110": 1,
                "1011111010": 1,
                "0111101110": 1,
                "0100111111": 1,
                "0000010110": 1,
                "0000011110": 1,
                "0010000100": 1,
                "0110010101": 1,
                "1010010001": 1,
                "1100001000": 1,
                "1011001011": 1,
                "1010111001": 1,
                "1110110111": 2,
                "1001010100": 1,
                "0101011100": 1,
                "1100010101": 1,
                "0111001111": 1,
                "1010101100": 1,
                "0000100100": 1,
                "0000010000": 1,
                "0100101100": 1,
                "0001000000": 1,
                "1100001011": 1,
                "0001100010": 1,
                "1011000100": 1,
                "1011100010": 1,
                "0001001110": 1,
                "1000111100": 1,
                "0010000011": 1,
                "1100101111": 1,
                "0110001010": 1,
                "1101101100": 1,
                "0010101011": 1,
                "1101011010": 1,
                "0001100110": 1,
                "1111101100": 1,
                "1111111110": 1,
                "1101110110": 1,
                "1011110111": 1,
                "0001010111": 1,
                "1011111110": 1,
                "1101110111": 1,
                "1110001010": 1,
                "0100111100": 1,
                "0000110000": 1,
                "0001000110": 1,
                "1111110100": 1,
                "1011110100": 1,
                "1001000001": 1,
                "0111101111": 1,
                "1110111111": 1,
                "1000110010": 1,
                "0101010101": 1,
                "0100000000": 1,
                "0001111111": 1,
                "1111101001": 1,
                "0011110001": 1,
                "0000101011": 1,
                "0001110111": 1,
                "0010101111": 1,
                "0110000000": 1,
                "0101011000": 1,
                "1011101011": 1,
                "1010000011": 1,
                "0011001111": 2,
                "0010110000": 1,
                "1001111111": 1,
                "0011100001": 1,
                "0111011100": 1,
                "1110101011": 1,
                "0000001010": 1,
                "1011011111": 2,
                "0000101110": 1,
                "0011011011": 1,
                "0100001111": 1,
                "0010100001": 1,
                "1000010110": 1,
                "0010011111": 1,
                "1101111101": 1,
                "0101101100": 1,
                "0101101110": 1,
                "0010111101": 2,
                "0000100001": 3,
                "0010110010": 1,
                "1000001110": 1,
                "1001000111": 2,
                "1000010000": 1,
                "1101010111": 1,
                "0011001101": 1,
                "0111111110": 1,
                "1100100000": 2,
                "0110010011": 1
            },
            true,
            0.88
        ],
        [
            [
                [
                    -2,
                    8,
                    -6
                ],
                [
                    -1,
                    3,
                    -6
                ],
                [
                    7,
                    -6,
                    -9
                ],
                [
                    4,
                    8,
                    3
                ],
                [
                    5,
                    9,
                    6
                ],
                [
                    -2,
                    9,
                    6
                ],
                [
                    9,
                    7,
                    -6
                ],
                [
                    -9,
                    2,
                    -8
                ],
                [
                    -5,
                    -4,
                    8
                ],
                [
                    -2,
                    8,
                    -1
                ],
                [
                    2,
                    -3,
                    -10
                ],
                [
                    2,
                    4,
                    9
                ],
                [
                    4,
                    -6,
                    -3
                ],
                [
                    -4,
                    -7,
                    -6
                ],
                [
                    3,
                    -6,
                    -2
                ],
                [
                    -6,
                    3,
                    -8
                ],
                [
                    10,
                    7,
                    5
                ],
                [
                    2,
                    10,
                    -4
                ],
                [
                    5,
                    -4,
                    -2
                ],
                [
                    7,
                    10,
                    5
                ],
                [
                    -8,
                    3,
                    -1
                ],
                [
                    -1,
                    -2,
                    -9
                ],
                [
                    9,
                    4,
                    -3
                ],
                [
                    -6,
                    2,
                    -8
                ],
                [
                    -8,
                    10,
                    3
                ],
                [
                    7,
                    -8,
                    -6
                ],
                [
                    -3,
                    5,
                    4
                ],
                [
                    -10,
                    -6,
                    8
                ],
                [
                    -9,
                    -5,
                    -10
                ],
                [
                    -9,
                    -5,
                    10
                ],
                [
                    -1,
                    7,
                    4
                ],
                [
                    4,
                    5,
                    -8
                ],
                [
                    -3,
                    -9,
                    -10
                ],
                [
                    -9,
                    -2,
                    6
                ],
                [
                    -5,
                    4,
                    2
                ],
                [
                    8,
                    7,
                    -9
                ],
                [
                    -10,
                    -6,
                    8
                ],
                [
                    9,
                    -6,
                    -8
                ],
                [
                    -9,
                    -8,
                    4
                ],
                [
                    7,
                    -9,
                    3
                ],
                [
                    -10,
                    8,
                    1
                ],
                [
                    -9,
                    6,
                    1
                ],
                [
                    2,
                    -6,
                    -5
                ],
                [
                    -6,
                    -1,
                    -4
                ],
                [
                    -4,
                    9,
                    10
                ]
            ],
            "{   'fun': 0.93,\n    'jac': None,\n    'nfev': 42,\n    'nit': None,\n    'njev': None,\n    'x': array([ 1.79454999,  3.87652075, -0.17947878,  0.17007461])}",
            {
                "0110010010": 1,
                "1010011110": 1,
                "1100010000": 1,
                "0010111001": 1,
                "0011010101": 1,
                "1000000101": 1,
                "0110000001": 1,
                "1010110101": 1,
                "0001101010": 1,
                "0101010111": 1,
                "0011101001": 1,
                "0101000010": 1,
                "0010101111": 1,
                "1000101100": 1,
                "1100110101": 1,
                "1010100110": 1,
                "0011000101": 1,
                "0011111001": 1,
                "1101100111": 1,
                "1101110110": 1,
                "1011001101": 1,
                "0100001100": 1,
                "0101010010": 1,
                "0001001111": 1,
                "0000111110": 1,
                "1110100001": 1,
                "0110100100": 1,
                "0011010011": 1,
                "1011010110": 1,
                "0110101000": 1,
                "1110111110": 1,
                "1101000000": 1,
                "0100111101": 1,
                "0011101110": 1,
                "0011111110": 1,
                "0101001000": 1,
                "0000000001": 1,
                "0000011101": 1,
                "0110001110": 1,
                "0100110100": 1,
                "0111101001": 1,
                "0001001010": 1,
                "0010000111": 1,
                "0100101001": 1,
                "0100101101": 1,
                "1011100110": 1,
                "0001011010": 1,
                "0100010101": 1,
                "1000011111": 1,
                "1111101101": 2,
                "1011110100": 1,
                "1110110011": 1,
                "1001001001": 1,
                "0010001000": 1,
                "1100100011": 1,
                "0001001011": 1,
                "0011000100": 1,
                "0111001011": 1,
                "1111101001": 1,
                "0001111100": 1,
                "0000010000": 2,
                "0010010001": 1,
                "0101100000": 1,
                "1010011000": 4,
                "0011101100": 1,
                "0101000101": 1,
                "0010001100": 1,
                "0100000100": 1,
                "1101001001": 1,
                "0100100000": 3,
                "0101001110": 1,
                "0110011010": 1,
                "0100011111": 1,
                "0111100001": 1,
                "0010110010": 2,
                "0000101011": 1,
                "1011011000": 2,
                "0100001101": 1,
                "0100111000": 1,
                "1100010001": 2,
                "0001101001": 1,
                "0100000011": 1,
                "1000100111": 1,
                "0110101110": 1,
                "0000110101": 1,
                "1101011000": 1,
                "0100010000": 1,
                "1000101001": 1,
                "1001111110": 1,
                "1110010010": 1
            },
            true,
            0.87
        ]
    ]
}