{
    "n": 10,
    "m": 45,
    "results": [
        [
            [
                [
                    -4,
                    1,
                    7
                ],
                [
                    -8,
                    3,
                    -2
                ],
                [
                    -6,
                    8,
                    -7
                ],
                [
                    5,
                    9,
                    7
                ],
                [
                    2,
                    -7,
                    -6
                ],
                [
                    3,
                    -5,
                    -10
                ],
                [
                    1,
                    3,
                    8
                ],
                [
                    -5,
                    -8,
                    2
                ],
                [
                    10,
                    9,
                    -4
                ],
                [
                    4,
                    -6,
                    3
                ],
                [
                    3,
                    -2,
                    -7
                ],
                [
                    3,
                    6,
                    -10
                ],
                [
                    5,
                    -4,
                    -1
                ],
                [
                    -3,
                    -10,
                    -6
                ],
                [
                    2,
                    6,
                    -7
                ],
                [
                    6,
                    1,
                    -7
                ],
                [
                    9,
                    6,
                    1
                ],
                [
                    -5,
                    -6,
                    10
                ],
                [
                    4,
                    6,
                    8
                ],
                [
                    7,
                    -1,
                    -5
                ],
                [
                    -2,
                    7,
                    -9
                ],
                [
                    5,
                    9,
                    -10
                ],
                [
                    10,
                    -6,
                    5
                ],
                [
                    10,
                    -7,
                    -3
                ],
                [
                    -7,
                    -10,
                    -9
                ],
                [
                    8,
                    7,
                    2
                ],
                [
                    4,
                    -9,
                    5
                ],
                [
                    8,
                    -9,
                    4
                ],
                [
                    -6,
                    -3,
                    -1
                ],
                [
                    6,
                    4,
                    5
                ],
                [
                    4,
                    -7,
                    10
                ],
                [
                    6,
                    4,
                    1
                ],
                [
                    -2,
                    10,
                    -9
                ],
                [
                    -3,
                    10,
                    1
                ],
                [
                    -9,
                    -7,
                    4
                ],
                [
                    -9,
                    5,
                    -1
                ],
                [
                    9,
                    -7,
                    -4
                ],
                [
                    -7,
                    2,
                    8
                ],
                [
                    1,
                    2,
                    10
                ],
                [
                    6,
                    9,
                    2
                ],
                [
                    8,
                    -10,
                    9
                ],
                [
                    2,
                    -6,
                    9
                ],
                [
                    5,
                    -8,
                    -9
                ],
                [
                    -4,
                    6,
                    2
                ],
                [
                    -8,
                    4,
                    -1
                ]
            ],
            "{   'fun': 1.0,\n    'jac': None,\n    'nfev': 25,\n    'nit': None,\n    'njev': None,\n    'x': array([0.25622077, 1.0895811 , 0.83891711, 3.08399949])}",
            {
                "0110111011": 1,
                "1101100100": 1,
                "0000010110": 1,
                "1000101111": 2,
                "0001100101": 1,
                "1110011111": 1,
                "1011010110": 1,
                "0010000000": 1,
                "1100101101": 1,
                "0001011101": 1,
                "1011101000": 1,
                "0000101010": 1,
                "0111000001": 1,
                "0111001101": 1,
                "1100010000": 1,
                "0000110111": 1,
                "0000000101": 1,
                "0010010101": 1,
                "0110100100": 2,
                "0111011100": 1,
                "1111100001": 1,
                "1110111100": 1,
                "0011111011": 1,
                "0010010001": 1,
                "0011011101": 1,
                "0101000110": 1,
                "0010000110": 1,
                "1110001100": 1,
                "1001001110": 1,
                "1000110100": 1,
                "1110111101": 1,
                "1000010110": 1,
                "1010110001": 1,
                "1100110001": 1,
                "1011100011": 1,
                "0100010011": 1,
                "1000101000": 1,
                "1111110110": 1,
                "1100110000": 2,
                "0010111100": 2,
                "1000110000": 1,
                "1110110111": 1,
                "1110001001": 1,
                "1110000010": 1,
                "0100100010": 1,
                "0111100110": 1,
                "0111001001": 1,
                "0000110100": 1,
                "0110101110": 1,
                "1100010100": 1,
                "0101011010": 1,
                "0110100110": 1,
                "0010000001": 1,
                "0000001100": 1,
                "1000000110": 2,
                "0100111101": 1,
                "1111001110": 1,
                "0101010110": 1,
                "0000000111": 1,
                "1001111100": 1,
                "0011101100": 1,
                "0110001100": 1,
                "1001011001": 1,
                "0001100110": 1,
                "1111101000": 1,
                "1111011111": 1,
                "0010110111": 1,
                "0100000001": 1,
                "0011101110": 1,
                "0110111111": 1,
                "0001000100": 1,
                "1100001001": 1,
                "0111000110": 1,
                "1111000001": 1,
                "0010100011": 1,
                "0000011000": 1,
                "1011100010": 1,
                "0010010000": 1,
                "0000101000": 1,
                "0000101110": 1,
                "1011011111": 1,
                "0101100101": 1,
                "0010100100": 1,
                "1001001111": 1,
                "1100000001": 1,
                "1011000010": 1,
                "1011011010": 1,
                "1110011110": 1,
                "1101111001": 1,
                "0011010010": 1,
                "1110001011": 1,
                "0010111000": 1,
                "1110101001": 1,
                "0011000000": 1,
                "1001110001": 1
            },
            false,
            1.0
        ],
        [
            [
                [
                    4,
                    -10,
                    -5
                ],
                [
                    10,
                    6,
                    -2
                ],
                [
                    -7,
                    2,
                    4
                ],
                [
                    -2,
                    7,
                    1
                ],
                [
                    -3,
                    -7,
                    8
                ],
                [
                    8,
                    -7,
                    10
                ],
                [
                    7,
                    -5,
                    -1
                ],
                [
                    10,
                    3,
                    -2
                ],
                [
                    1,
                    5,
                    4
                ],
                [
                    -7,
                    -1,
                    -10
                ],
                [
                    8,
                    1,
                    7
                ],
                [
                    -1,
                    5,
                    -8
                ],
                [
                    -8,
                    10,
                    -1
                ],
                [
                    -9,
                    7,
                    -8
                ],
                [
                    3,
                    6,
                    9
                ],
                [
                    2,
                    -7,
                    -5
                ],
                [
                    -1,
                    8,
                    7
                ],
                [
                    -6,
                    1,
                    5
                ],
                [
                    -8,
                    -4,
                    6
                ],
                [
                    -9,
                    8,
                    -4
                ],
                [
                    -3,
                    -1,
                    -5
                ],
                [
                    7,
                    -1,
                    -9
                ],
                [
                    -4,
                    1,
                    8
                ],
                [
                    -5,
                    -1,
                    -3
                ],
                [
                    3,
                    6,
                    10
                ],
                [
                    4,
                    6,
                    -7
                ],
                [
                    3,
                    8,
                    -1
                ],
                [
                    -5,
                    -2,
                    10
                ],
                [
                    -9,
                    -4,
                    -5
                ],
                [
                    9,
                    8,
                    4
                ],
                [
                    5,
                    3,
                    10
                ],
                [
                    2,
                    -4,
                    -9
                ],
                [
                    9,
                    7,
                    -1
                ],
                [
                    1,
                    -10,
                    -3
                ],
                [
                    -7,
                    -3,
                    -1
                ],
                [
                    -8,
                    1,
                    6
                ],
                [
                    -8,
                    6,
                    -1
                ],
                [
                    7,
                    6,
                    -10
                ],
                [
                    -5,
                    4,
                    9
                ],
                [
                    -6,
                    -1,
                    -3
                ],
                [
                    -7,
                    9,
                    -2
                ],
                [
                    7,
                    -3,
                    -5
                ],
                [
                    -5,
                    4,
                    -2
                ],
                [
                    -5,
                    10,
                    -8
                ],
                [
                    6,
                    5,
                    -8
                ]
            ],
            "{   'fun': 0.99,\n    'jac': None,\n    'nfev': 44,\n    'nit': None,\n    'njev': None,\n    'x': array([1.82485613, 0.46162796, 0.27009759, 2.30691304])}",
            {
                "1010011111": 1,
                "1100011110": 1,
                "0010000011": 1,
                "0110011001": 1,
                "0001111010": 1,
                "0001111100": 1,
                "0111100111": 1,
                "1011000111": 1,
                "0101100010": 1,
                "1100111000": 1,
                "1110101110": 1,
                "1011001011": 1,
                "1100111001": 1,
                "0100111100": 1,
                "0011000101": 1,
                "0011101110": 1,
                "1100010101": 1,
                "0110111001": 1,
                "0010001001": 1,
                "0100101111": 1,
                "1011100001": 1,
                "1111101110": 1,
                "0101100101": 1,
                "0111110110": 1,
                "1010010101": 1,
                "0010101001": 1,
                "0101101111": 1,
                "0001101110": 1,
                "1000110100": 1,
                "1001001101": 1,
                "0000100110": 1,
                "1000010111": 1,
                "0101111101": 2,
                "1100100000": 1,
                "0101010011": 1,
                "1000100101": 1,
                "0101010001": 1,
                "1010100010": 1,
                "1101010011": 1,
                "1111110111": 1,
                "0001110001": 1,
                "0111011000": 1,
                "1111000111": 1,
                "0110000010": 1,
                "0010010101": 1,
                "0100001110": 1,
                "1100111010": 1,
                "0100000101": 1,
                "1101100000": 1,
                "1001001110": 1,
                "0001010011": 1,
                "1100101001": 1,
                "0101110111": 1,
                "0000111100": 1,
                "0110101010": 1,
                "0111010011": 1,
                "1010111000": 1,
                "1011100000": 1,
                "1111100111": 1,
                "1001010000": 1,
                "0100001011": 1,
                "0000110010": 1,
                "0101100100": 1,
                "1100000101": 1,
                "0111110111": 1,
                "0111001110": 1,
                "1101101001": 1,
                "1101000000": 1,
                "0011110100": 1,
                "0100110010": 1,
                "1010111100": 1,
                "0101111001": 1,
                "1111100100": 1,
                "1100001011": 1,
                "0111111101": 1,
                "1010000111": 1,
                "1011101011": 1,
                "0101011000": 1,
                "1001100001": 1,
                "0000010001": 1,
                "1101011111": 1,
                "1100101100": 1,
                "1111001110": 2,
                "0101101010": 1,
                "0011110101": 1,
                "0010010100": 1,
                "1101011100": 1,
                "1100110010": 1,
                "0000010011": 1,
                "1000000011": 1,
                "0110011010": 1,
                "0100110000": 1,
                "0001110100": 1,
                "0010101010": 1,
                "1111000000": 1,
                "1010010110": 1,
                "0011101101": 1,
                "0001001111": 1
            },
            true,
            0.96
        ],
        [
            [
                [
                    4,
                    -6,
                    -1
                ],
                [
                    1,
                    7,
                    8
                ],
                [
                    7,
                    -2,
                    1
                ],
                [
                    1,
                    -5,
                    2
                ],
                [
                    4,
                    9,
                    7
                ],
                [
                    -7,
                    3,
                    -1
                ],
                [
                    2,
                    -5,
                    -1
                ],
                [
                    -9,
                    -7,
                    -8
                ],
                [
                    -7,
                    -3,
                    5
                ],
                [
                    -5,
                    -3,
                    -7
                ],
                [
                    -4,
                    6,
                    -10
                ],
                [
                    8,
                    -2,
                    10
                ],
                [
                    -5,
                    3,
                    -8
                ],
                [
                    -10,
                    -5,
                    -4
                ],
                [
                    10,
                    4,
                    -7
                ],
                [
                    9,
                    7,
                    -10
                ],
                [
                    -7,
                    -3,
                    6
                ],
                [
                    9,
                    4,
                    -5
                ],
                [
                    -10,
                    8,
                    -2
                ],
                [
                    3,
                    -10,
                    5
                ],
                [
                    -8,
                    -7,
                    5
                ],
                [
                    -10,
                    -6,
                    3
                ],
                [
                    -9,
                    2,
                    -5
                ],
                [
                    -4,
                    3,
                    10
                ],
                [
                    8,
                    -9,
                    2
                ],
                [
                    -6,
                    -8,
                    -9
                ],
                [
                    1,
                    5,
                    2
                ],
                [
                    -6,
                    5,
                    -3
                ],
                [
                    -4,
                    -3,
                    -8
                ],
                [
                    2,
                    7,
                    8
                ],
                [
                    -6,
                    8,
                    -2
                ],
                [
                    -10,
                    -1,
                    -2
                ],
                [
                    1,
                    3,
                    -4
                ],
                [
                    -5,
                    4,
                    7
                ],
                [
                    -6,
                    7,
                    2
                ],
                [
                    -5,
                    -10,
                    9
                ],
                [
                    6,
                    -9,
                    8
                ],
                [
                    -8,
                    -4,
                    -2
                ],
                [
                    -9,
                    -6,
                    -4
                ],
                [
                    -5,
                    -6,
                    -3
                ],
                [
                    6,
                    4,
                    -10
                ],
                [
                    7,
                    2,
                    10
                ],
                [
                    -5,
                    -3,
                    -10
                ],
                [
                    8,
                    -10,
                    6
                ],
                [
                    -10,
                    -3,
                    9
                ]
            ],
            "{   'fun': 0.98,\n    'jac': None,\n    'nfev': 43,\n    'nit': None,\n    'njev': None,\n    'x': array([1.14042373, 0.30406616, 2.24831082, 2.0327635 ])}",
            {
                "1001000111": 1,
                "1010001000": 1,
                "1101000001": 1,
                "1010111101": 1,
                "0111111001": 1,
                "1111001111": 1,
                "1001101001": 1,
                "1011110010": 1,
                "1011101100": 1,
                "1000101101": 1,
                "0011000100": 1,
                "1001111000": 1,
                "0110000011": 1,
                "1010010101": 1,
                "0101011111": 1,
                "1001111010": 1,
                "0111010011": 1,
                "1001110010": 1,
                "0010010110": 1,
                "1010100110": 1,
                "0010110111": 1,
                "1001110111": 1,
                "1000010001": 1,
                "1110101000": 1,
                "1011110110": 1,
                "1010111000": 1,
                "0100101001": 1,
                "1110111011": 1,
                "1100011110": 1,
                "0111100101": 1,
                "1000010011": 1,
                "1000110001": 1,
                "0001001101": 1,
                "1111110110": 1,
                "0000111111": 1,
                "0101110100": 1,
                "0100000011": 1,
                "0111100000": 1,
                "0001101100": 1,
                "1111000101": 1,
                "1011000011": 1,
                "1010011111": 1,
                "1100110000": 1,
                "0010110010": 1,
                "1000001011": 1,
                "0101110010": 1,
                "0010001001": 1,
                "0111110110": 2,
                "0000010011": 1,
                "0001011011": 1,
                "0100000101": 1,
                "0000111001": 1,
                "0011101100": 1,
                "0001110011": 1,
                "1100111001": 1,
                "1110011011": 1,
                "1010000010": 1,
                "1111100111": 1,
                "0110111101": 1,
                "0010010011": 1,
                "0101001101": 1,
                "1011101101": 1,
                "1101110111": 1,
                "1110100001": 1,
                "0110110000": 1,
                "1110010111": 1,
                "1111001101": 1,
                "1000100101": 1,
                "0000101100": 1,
                "0100010010": 1,
                "1000010110": 1,
                "0000011010": 1,
                "1101010010": 2,
                "0000000001": 1,
                "1010100101": 1,
                "1000101011": 1,
                "1010011100": 1,
                "1001111001": 1,
                "0110000111": 2,
                "0101100111": 1,
                "1101100111": 1,
                "0100101100": 1,
                "0100011011": 1,
                "0100000111": 1,
                "0010010100": 1,
                "1011001111": 1,
                "0100100110": 1,
                "1010001011": 1,
                "0001110001": 1,
                "0010101100": 1,
                "1000100111": 1,
                "0110101110": 1,
                "0000110100": 1,
                "1101001101": 1,
                "0001100110": 1,
                "1101000100": 1,
                "0000100010": 1
            },
            true,
            0.94
        ],
        [
            [
                [
                    -1,
                    10,
                    3
                ],
                [
                    -10,
                    3,
                    6
                ],
                [
                    6,
                    -3,
                    -10
                ],
                [
                    10,
                    3,
                    -7
                ],
                [
                    -3,
                    10,
                    -6
                ],
                [
                    -5,
                    -2,
                    1
                ],
                [
                    -3,
                    10,
                    9
                ],
                [
                    -10,
                    -4,
                    3
                ],
                [
                    -7,
                    2,
                    -8
                ],
                [
                    9,
                    8,
                    -7
                ],
                [
                    1,
                    -3,
                    -4
                ],
                [
                    -10,
                    -5,
                    -8
                ],
                [
                    -8,
                    5,
                    -1
                ],
                [
                    3,
                    -4,
                    -9
                ],
                [
                    8,
                    2,
                    -3
                ],
                [
                    6,
                    5,
                    -8
                ],
                [
                    -1,
                    -5,
                    -7
                ],
                [
                    10,
                    9,
                    -2
                ],
                [
                    -4,
                    -10,
                    5
                ],
                [
                    10,
                    -3,
                    -7
                ],
                [
                    1,
                    8,
                    -2
                ],
                [
                    -3,
                    -1,
                    8
                ],
                [
                    -6,
                    -4,
                    -2
                ],
                [
                    6,
                    -5,
                    -8
                ],
                [
                    4,
                    -9,
                    2
                ],
                [
                    -2,
                    8,
                    -9
                ],
                [
                    10,
                    6,
                    -9
                ],
                [
                    3,
                    -6,
                    8
                ],
                [
                    -7,
                    -2,
                    5
                ],
                [
                    -8,
                    3,
                    -5
                ],
                [
                    2,
                    6,
                    1
                ],
                [
                    2,
                    -4,
                    1
                ],
                [
                    -7,
                    -8,
                    -6
                ],
                [
                    10,
                    -5,
                    7
                ],
                [
                    -2,
                    5,
                    1
                ],
                [
                    3,
                    8,
                    -9
                ],
                [
                    10,
                    -8,
                    1
                ],
                [
                    7,
                    -9,
                    1
                ],
                [
                    -6,
                    -3,
                    -9
                ],
                [
                    2,
                    -1,
                    -10
                ],
                [
                    5,
                    6,
                    -9
                ],
                [
                    3,
                    7,
                    -8
                ],
                [
                    6,
                    1,
                    9
                ],
                [
                    9,
                    -6,
                    5
                ],
                [
                    -8,
                    7,
                    2
                ]
            ],
            "{   'fun': 1.0,\n    'jac': None,\n    'nfev': 25,\n    'nit': None,\n    'njev': None,\n    'x': array([2.77132115, 3.04776203, 2.13287502, 2.19935783])}",
            {
                "1000100100": 1,
                "1110000001": 1,
                "0110100110": 1,
                "0111110011": 1,
                "0110000001": 1,
                "0010011111": 1,
                "0111100001": 1,
                "0001101001": 1,
                "0000101100": 1,
                "1100000000": 1,
                "0001101111": 1,
                "1110110100": 1,
                "0000011100": 1,
                "0011111011": 1,
                "0011001101": 1,
                "0100101110": 1,
                "1111001001": 1,
                "1011100111": 2,
                "0001110100": 1,
                "1000111010": 1,
                "0100100011": 1,
                "0010110011": 1,
                "1011110000": 1,
                "1011100011": 1,
                "1010000110": 1,
                "1001001011": 1,
                "1010011011": 1,
                "0101110000": 1,
                "1001110111": 1,
                "1111100010": 1,
                "0011010101": 1,
                "0111111001": 1,
                "1100101111": 1,
                "0110110010": 1,
                "0101111010": 1,
                "0111010010": 1,
                "0000100101": 1,
                "0111000011": 1,
                "1101111010": 1,
                "1111001011": 1,
                "0011100101": 1,
                "1011110001": 1,
                "0010000100": 1,
                "1000000010": 2,
                "0010000110": 1,
                "1110000100": 1,
                "1010101111": 1,
                "0100000011": 1,
                "0101000110": 1,
                "1111110101": 1,
                "0110111000": 1,
                "1111000000": 1,
                "1110111011": 1,
                "0101011100": 1,
                "1001010100": 1,
                "1100010110": 1,
                "1000001010": 1,
                "0000101101": 1,
                "0101000011": 1,
                "1101110110": 1,
                "1110111110": 1,
                "0110001000": 2,
                "1011001110": 1,
                "0011010010": 1,
                "0111011111": 1,
                "1101010010": 1,
                "0010100100": 1,
                "0000001111": 1,
                "1010010010": 1,
                "1111101110": 1,
                "1001100010": 1,
                "1010001010": 1,
                "1110000000": 1,
                "1101000101": 1,
                "1010101010": 1,
                "0101011001": 1,
                "1111110000": 1,
                "1011001111": 1,
                "0010110010": 1,
                "0000010101": 1,
                "0111010001": 1,
                "0000100001": 1,
                "0010101100": 1,
                "1101111101": 1,
                "0011101101": 1,
                "1011011110": 2,
                "0110101100": 1,
                "0001011000": 1,
                "0110111111": 1,
                "1101001110": 1,
                "1001111100": 1,
                "0010011100": 1,
                "0001001010": 1,
                "1001110010": 1,
                "0110110111": 1,
                "0110111010": 1
            },
            false,
            1.0
        ],
        [
            [
                [
                    8,
                    -1,
                    3
                ],
                [
                    -10,
                    -8,
                    4
                ],
                [
                    -8,
                    5,
                    -9
                ],
                [
                    9,
                    10,
                    -6
                ],
                [
                    2,
                    5,
                    -6
                ],
                [
                    9,
                    5,
                    3
                ],
                [
                    -3,
                    -7,
                    1
                ],
                [
                    -7,
                    4,
                    -5
                ],
                [
                    7,
                    6,
                    -4
                ],
                [
                    -2,
                    1,
                    -4
                ],
                [
                    8,
                    7,
                    -4
                ],
                [
                    -3,
                    2,
                    5
                ],
                [
                    10,
                    7,
                    -2
                ],
                [
                    7,
                    5,
                    2
                ],
                [
                    -7,
                    3,
                    1
                ],
                [
                    -7,
                    4,
                    -9
                ],
                [
                    1,
                    -4,
                    9
                ],
                [
                    1,
                    -10,
                    -8
                ],
                [
                    -10,
                    -4,
                    5
                ],
                [
                    -7,
                    2,
                    3
                ],
                [
                    -7,
                    8,
                    -2
                ],
                [
                    -3,
                    -1,
                    -6
                ],
                [
                    2,
                    1,
                    9
                ],
                [
                    -10,
                    7,
                    3
                ],
                [
                    -6,
                    -3,
                    8
                ],
                [
                    -4,
                    -7,
                    -5
                ],
                [
                    1,
                    7,
                    -6
                ],
                [
                    4,
                    -5,
                    -2
                ],
                [
                    1,
                    7,
                    -5
                ],
                [
                    3,
                    1,
                    -7
                ],
                [
                    -7,
                    9,
                    -4
                ],
                [
                    10,
                    -9,
                    -7
                ],
                [
                    -7,
                    8,
                    -4
                ],
                [
                    7,
                    -1,
                    -3
                ],
                [
                    7,
                    -6,
                    3
                ],
                [
                    -8,
                    9,
                    -1
                ],
                [
                    -6,
                    5,
                    3
                ],
                [
                    -1,
                    -7,
                    -8
                ],
                [
                    -10,
                    -3,
                    -4
                ],
                [
                    2,
                    -5,
                    -7
                ],
                [
                    -4,
                    -2,
                    5
                ],
                [
                    8,
                    4,
                    -5
                ],
                [
                    -6,
                    -2,
                    -4
                ],
                [
                    5,
                    1,
                    -3
                ],
                [
                    8,
                    -10,
                    -6
                ]
            ],
            "{   'fun': 0.98,\n    'jac': None,\n    'nfev': 52,\n    'nit': None,\n    'njev': None,\n    'x': array([ 2.9796516 ,  2.40358008,  1.38016004, -0.1404704 ])}",
            {
                "0111111001": 1,
                "1100100000": 1,
                "0101011000": 1,
                "0001101001": 1,
                "0110011001": 1,
                "0010000001": 1,
                "1011011011": 1,
                "0110101000": 1,
                "1100110001": 1,
                "0011101010": 1,
                "1110010010": 1,
                "0110111011": 1,
                "0010110110": 1,
                "0000101011": 1,
                "1110111100": 1,
                "1110010011": 1,
                "0100110000": 1,
                "1011100111": 1,
                "0101001110": 1,
                "0010100001": 1,
                "0100010111": 1,
                "1010101100": 1,
                "0100100110": 1,
                "0011011111": 1,
                "0100100011": 1,
                "1101001100": 1,
                "1101101110": 2,
                "1101000101": 1,
                "0010101011": 1,
                "1010010111": 1,
                "1010111000": 1,
                "1101101000": 1,
                "0011101001": 1,
                "0010100110": 1,
                "0101001010": 1,
                "1011110111": 1,
                "0110100000": 1,
                "1100110011": 1,
                "1010011101": 1,
                "1001100010": 1,
                "1110100111": 1,
                "0001010101": 2,
                "1101100110": 1,
                "1111100010": 2,
                "0011010001": 1,
                "0010100011": 1,
                "1010100011": 1,
                "0110000111": 1,
                "0000101110": 1,
                "0011110010": 1,
                "0110001100": 1,
                "0111110011": 1,
                "1011001000": 1,
                "0001000010": 1,
                "0001011110": 1,
                "0111010101": 1,
                "0100101001": 1,
                "0000011111": 1,
                "1110001110": 1,
                "1010110001": 1,
                "0011000110": 1,
                "0100010110": 1,
                "0111100101": 2,
                "0100001000": 1,
                "1111110011": 1,
                "0110100101": 1,
                "0111110001": 1,
                "1110101011": 1,
                "0101011101": 1,
                "0001001000": 1,
                "0000011101": 1,
                "1000111110": 1,
                "0110110010": 1,
                "0100010010": 1,
                "1000001110": 1,
                "1100111010": 1,
                "1001011010": 1,
                "1010001111": 1,
                "1010011111": 1,
                "0010010110": 1,
                "1010100110": 1,
                "1111101110": 1,
                "1110111001": 1,
                "1010000111": 1,
                "1100100110": 1,
                "1000001011": 1,
                "0011001001": 1,
                "0011001100": 1,
                "0101101011": 1,
                "0110010001": 1,
                "1101111101": 1,
                "1011100100": 1,
                "0101010000": 1,
                "0101010001": 1,
                "0110001011": 1,
                "1101001110": 1
            },
            true,
            0.93
        ]
    ]
}