{
    "n": 10,
    "m": 45,
    "results": [
        [
            [
                [
                    -8,
                    -3,
                    -4
                ],
                [
                    9,
                    3,
                    -10
                ],
                [
                    4,
                    -6,
                    3
                ],
                [
                    3,
                    -10,
                    5
                ],
                [
                    -10,
                    5,
                    -3
                ],
                [
                    -8,
                    6,
                    9
                ],
                [
                    -4,
                    -1,
                    9
                ],
                [
                    -9,
                    3,
                    -2
                ],
                [
                    1,
                    4,
                    7
                ],
                [
                    2,
                    3,
                    -7
                ],
                [
                    -5,
                    3,
                    4
                ],
                [
                    -5,
                    -9,
                    3
                ],
                [
                    -10,
                    -9,
                    3
                ],
                [
                    -1,
                    6,
                    -7
                ],
                [
                    -8,
                    -3,
                    -10
                ],
                [
                    10,
                    -5,
                    -4
                ],
                [
                    -2,
                    -10,
                    -8
                ],
                [
                    -9,
                    1,
                    7
                ],
                [
                    5,
                    -3,
                    -10
                ],
                [
                    7,
                    -6,
                    -10
                ],
                [
                    3,
                    7,
                    5
                ],
                [
                    -3,
                    4,
                    8
                ],
                [
                    -4,
                    -9,
                    3
                ],
                [
                    6,
                    8,
                    -9
                ],
                [
                    -6,
                    -5,
                    -9
                ],
                [
                    4,
                    -9,
                    1
                ],
                [
                    8,
                    -6,
                    7
                ],
                [
                    7,
                    6,
                    -10
                ],
                [
                    5,
                    4,
                    -3
                ],
                [
                    3,
                    4,
                    10
                ],
                [
                    7,
                    -5,
                    3
                ],
                [
                    10,
                    6,
                    -4
                ],
                [
                    8,
                    -1,
                    10
                ],
                [
                    4,
                    10,
                    5
                ],
                [
                    -6,
                    -8,
                    3
                ],
                [
                    6,
                    -4,
                    8
                ],
                [
                    -8,
                    -6,
                    10
                ],
                [
                    2,
                    10,
                    6
                ],
                [
                    -5,
                    -10,
                    7
                ],
                [
                    -1,
                    -5,
                    4
                ],
                [
                    -5,
                    8,
                    -3
                ],
                [
                    -9,
                    8,
                    3
                ],
                [
                    -5,
                    8,
                    4
                ],
                [
                    -1,
                    -5,
                    4
                ],
                [
                    3,
                    -6,
                    -9
                ]
            ],
            "{   'fun': 0.82,\n    'jac': None,\n    'nfev': 49,\n    'nit': None,\n    'njev': None,\n    'x': array([ 1.22346907, -1.20332873,  1.96881156,  2.60633303])}",
            {
                "0011010110": 1,
                "1000000001": 1,
                "0101001101": 1,
                "0111110010": 1,
                "1101011100": 1,
                "1001101011": 1,
                "0111010010": 1,
                "0110011100": 1,
                "1011010010": 1,
                "0111010011": 1,
                "1101001000": 1,
                "0110100111": 1,
                "1110100101": 1,
                "1100001111": 1,
                "0000010111": 1,
                "0100110001": 1,
                "0101001111": 1,
                "0100001010": 1,
                "0110100010": 1,
                "1110110111": 1,
                "1100100001": 1,
                "0010101100": 1,
                "0111001000": 1,
                "0111010101": 1,
                "1101010011": 2,
                "0100001101": 1,
                "1100011110": 1,
                "1111100011": 1,
                "1011000101": 1,
                "0001101010": 4,
                "1100011100": 1,
                "1110011001": 1,
                "0010011110": 1,
                "0010100000": 1,
                "0100111011": 1,
                "1101011111": 1,
                "1001000000": 1,
                "1001011100": 1,
                "1110001011": 1,
                "0100100010": 1,
                "0000111000": 1,
                "1001011101": 1,
                "0000001100": 1,
                "0001101100": 8,
                "0001110111": 1,
                "0100101101": 1,
                "1000010101": 1,
                "0101101110": 5,
                "1000101110": 1,
                "0001101110": 4,
                "1010101101": 1,
                "0100000100": 1,
                "1101110000": 1,
                "0100100000": 1,
                "1110001000": 1,
                "0111110000": 2,
                "0011000111": 2,
                "0110101001": 1,
                "1101010000": 1,
                "0100011011": 1,
                "0011010101": 1,
                "1111001111": 1,
                "0000111110": 1,
                "1111111111": 1,
                "1011110111": 1,
                "1000101100": 1,
                "0111101010": 1,
                "0011111000": 1,
                "0110100000": 1,
                "0111001010": 1,
                "0011000001": 1,
                "1010101000": 1,
                "0101011101": 1,
                "0101000010": 1,
                "1011111101": 1,
                "0101101100": 1,
                "1001111111": 1,
                "1111111001": 1,
                "0100111111": 1,
                "0001111010": 1
            },
            true,
            0.78
        ],
        [
            [
                [
                    -7,
                    4,
                    8
                ],
                [
                    -2,
                    1,
                    9
                ],
                [
                    -4,
                    -8,
                    6
                ],
                [
                    -8,
                    -4,
                    3
                ],
                [
                    10,
                    3,
                    -9
                ],
                [
                    10,
                    4,
                    8
                ],
                [
                    -5,
                    3,
                    6
                ],
                [
                    2,
                    -4,
                    -5
                ],
                [
                    4,
                    -3,
                    -7
                ],
                [
                    3,
                    6,
                    8
                ],
                [
                    -3,
                    -4,
                    -2
                ],
                [
                    -3,
                    5,
                    9
                ],
                [
                    10,
                    6,
                    -4
                ],
                [
                    1,
                    -10,
                    -5
                ],
                [
                    -5,
                    -8,
                    -9
                ],
                [
                    -8,
                    6,
                    3
                ],
                [
                    -9,
                    -3,
                    -7
                ],
                [
                    -3,
                    8,
                    9
                ],
                [
                    -4,
                    -6,
                    8
                ],
                [
                    9,
                    -3,
                    6
                ],
                [
                    -2,
                    -3,
                    -8
                ],
                [
                    2,
                    -7,
                    -3
                ],
                [
                    -9,
                    -2,
                    -7
                ],
                [
                    6,
                    5,
                    -3
                ],
                [
                    6,
                    -3,
                    9
                ],
                [
                    -2,
                    6,
                    10
                ],
                [
                    -5,
                    6,
                    -4
                ],
                [
                    -8,
                    2,
                    -4
                ],
                [
                    -4,
                    -7,
                    3
                ],
                [
                    4,
                    -2,
                    -1
                ],
                [
                    -5,
                    8,
                    -1
                ],
                [
                    -8,
                    3,
                    -9
                ],
                [
                    -5,
                    6,
                    -1
                ],
                [
                    7,
                    -2,
                    -6
                ],
                [
                    -10,
                    -9,
                    2
                ],
                [
                    5,
                    -10,
                    7
                ],
                [
                    -7,
                    2,
                    -5
                ],
                [
                    -5,
                    9,
                    7
                ],
                [
                    -1,
                    -9,
                    -5
                ],
                [
                    5,
                    -7,
                    -6
                ],
                [
                    -5,
                    -8,
                    1
                ],
                [
                    1,
                    -3,
                    6
                ],
                [
                    -3,
                    -1,
                    -2
                ],
                [
                    10,
                    -9,
                    -6
                ],
                [
                    3,
                    -5,
                    -6
                ]
            ],
            "{   'fun': 0.98,\n    'jac': None,\n    'nfev': 43,\n    'nit': None,\n    'njev': None,\n    'x': array([1.57840363, 1.05055183, 0.08522409, 2.43549616])}",
            {
                "0100111001": 1,
                "0111001001": 1,
                "0011101101": 1,
                "0101111101": 1,
                "0011011010": 1,
                "1111100101": 1,
                "0111011010": 1,
                "0010010010": 1,
                "0000011001": 1,
                "1011111100": 1,
                "1011000100": 1,
                "1010110101": 1,
                "1011110110": 1,
                "0000100010": 1,
                "0001101111": 1,
                "0000110011": 1,
                "1110110000": 1,
                "1011011000": 1,
                "0000111010": 1,
                "1100111011": 1,
                "1011101110": 1,
                "1110111001": 1,
                "1111101110": 1,
                "0101001010": 1,
                "0001011001": 1,
                "0101001011": 1,
                "1001101100": 1,
                "0000000111": 1,
                "0101010110": 1,
                "1011000001": 1,
                "0001010001": 1,
                "1010100011": 1,
                "1010011110": 1,
                "0000110010": 1,
                "0001110111": 1,
                "1101110000": 2,
                "0101100001": 1,
                "1110001001": 1,
                "0000111101": 1,
                "1110101110": 1,
                "0100100101": 1,
                "0000010110": 1,
                "1100111001": 1,
                "1000010001": 1,
                "1110111000": 1,
                "1001011001": 1,
                "1001100000": 1,
                "1001101111": 1,
                "0011101100": 1,
                "1111110100": 1,
                "0100110101": 1,
                "1100011010": 1,
                "1101010101": 1,
                "1001001100": 1,
                "1100000100": 1,
                "1101101101": 1,
                "0001100011": 1,
                "0000111100": 1,
                "0110100110": 1,
                "0001100001": 1,
                "1000101001": 1,
                "0101111011": 1,
                "0111111000": 1,
                "1000100110": 1,
                "0110000110": 1,
                "0111100011": 1,
                "0110000000": 1,
                "0010100001": 1,
                "0111010011": 1,
                "0110111010": 1,
                "0100010110": 1,
                "1101010100": 1,
                "0111110001": 1,
                "1010101110": 1,
                "1001010111": 1,
                "1100000010": 1,
                "0101111110": 1,
                "0010100000": 3,
                "0010001011": 1,
                "0101000100": 1,
                "0100111111": 1,
                "0001000100": 1,
                "0110110100": 1,
                "0010111010": 1,
                "0000010111": 1,
                "0011011000": 1,
                "1101110001": 1,
                "1100100111": 1,
                "0001111101": 1,
                "1010111100": 1,
                "1000101100": 1,
                "0011100101": 1,
                "0100001001": 1,
                "1001100100": 1,
                "1101101011": 1,
                "0100101111": 1,
                "1110100100": 1
            },
            true,
            0.94
        ],
        [
            [
                [
                    -1,
                    -5,
                    -8
                ],
                [
                    10,
                    3,
                    -9
                ],
                [
                    3,
                    -2,
                    7
                ],
                [
                    8,
                    -7,
                    -1
                ],
                [
                    -1,
                    -6,
                    -10
                ],
                [
                    -4,
                    2,
                    -1
                ],
                [
                    -7,
                    10,
                    -8
                ],
                [
                    2,
                    -8,
                    3
                ],
                [
                    -9,
                    8,
                    -10
                ],
                [
                    -1,
                    10,
                    8
                ],
                [
                    6,
                    -8,
                    -4
                ],
                [
                    4,
                    -2,
                    -7
                ],
                [
                    -3,
                    -9,
                    -8
                ],
                [
                    5,
                    1,
                    -4
                ],
                [
                    -5,
                    10,
                    -3
                ],
                [
                    -7,
                    -2,
                    5
                ],
                [
                    -1,
                    10,
                    -8
                ],
                [
                    -3,
                    -10,
                    -2
                ],
                [
                    -2,
                    -9,
                    -10
                ],
                [
                    -4,
                    -7,
                    9
                ],
                [
                    -3,
                    -2,
                    -8
                ],
                [
                    2,
                    6,
                    -7
                ],
                [
                    -3,
                    -1,
                    7
                ],
                [
                    -4,
                    6,
                    1
                ],
                [
                    -7,
                    3,
                    -4
                ],
                [
                    2,
                    1,
                    -3
                ],
                [
                    -2,
                    5,
                    9
                ],
                [
                    7,
                    10,
                    -6
                ],
                [
                    -3,
                    -10,
                    1
                ],
                [
                    -2,
                    -10,
                    5
                ],
                [
                    2,
                    4,
                    10
                ],
                [
                    -4,
                    -10,
                    2
                ],
                [
                    7,
                    2,
                    -4
                ],
                [
                    -1,
                    -4,
                    5
                ],
                [
                    -9,
                    -4,
                    -8
                ],
                [
                    8,
                    -2,
                    -5
                ],
                [
                    -1,
                    2,
                    6
                ],
                [
                    4,
                    5,
                    -7
                ],
                [
                    4,
                    -10,
                    -9
                ],
                [
                    4,
                    -3,
                    -6
                ],
                [
                    -3,
                    -8,
                    7
                ],
                [
                    -1,
                    6,
                    5
                ],
                [
                    -6,
                    5,
                    -2
                ],
                [
                    -2,
                    -9,
                    1
                ],
                [
                    -9,
                    -5,
                    4
                ]
            ],
            "{   'fun': 0.98,\n    'jac': None,\n    'nfev': 38,\n    'nit': None,\n    'njev': None,\n    'x': array([0.61009018, 0.330734  , 1.06090579, 2.0292324 ])}",
            {
                "0001101110": 1,
                "1101100100": 1,
                "1110111011": 1,
                "0010111100": 1,
                "0001000010": 1,
                "1000101001": 1,
                "1000110000": 1,
                "1011111010": 1,
                "1101111111": 1,
                "1001001111": 1,
                "1010110100": 1,
                "1101011101": 1,
                "0011111000": 1,
                "0000111110": 1,
                "0011101000": 1,
                "1011000101": 1,
                "1100001110": 1,
                "0010010000": 1,
                "0011100101": 1,
                "1110100001": 1,
                "0010110010": 1,
                "0100010100": 1,
                "0110000101": 1,
                "0110011011": 1,
                "1010011111": 1,
                "1100100011": 1,
                "1111101010": 1,
                "0000010111": 1,
                "0001111011": 1,
                "0111101111": 1,
                "1001111101": 1,
                "1110000011": 1,
                "0010000111": 1,
                "1011101001": 1,
                "1011100010": 1,
                "1000000000": 1,
                "1011011011": 1,
                "1110111111": 1,
                "1101100000": 1,
                "1001100111": 1,
                "1000100000": 1,
                "1001011011": 1,
                "1111011011": 1,
                "0000010010": 1,
                "1111111000": 1,
                "0111011010": 1,
                "1101010011": 1,
                "1101100101": 1,
                "0110100111": 1,
                "1010110011": 1,
                "0000011100": 1,
                "0010000100": 1,
                "0100001001": 1,
                "0000000010": 1,
                "0100001010": 1,
                "1101010110": 1,
                "0111000010": 1,
                "0100110001": 1,
                "0001011100": 1,
                "1001100011": 1,
                "1011111111": 1,
                "0100000100": 1,
                "1011001010": 1,
                "1000101000": 1,
                "1001111000": 1,
                "0111100110": 1,
                "1001001001": 1,
                "0101111011": 1,
                "1100011110": 1,
                "0100010000": 1,
                "1010000001": 1,
                "1101000100": 1,
                "0111100000": 1,
                "0111100111": 1,
                "1000101101": 1,
                "1001011111": 1,
                "1000011000": 1,
                "0010011111": 1,
                "1011111001": 1,
                "0001101101": 1,
                "0111010011": 1,
                "0001110011": 1,
                "1001100000": 1,
                "1001010001": 1,
                "1111000011": 1,
                "0011111111": 1,
                "0010100100": 1,
                "1101010000": 1,
                "1110010100": 1,
                "0001101000": 1,
                "1010111010": 1,
                "0011111110": 1,
                "0100001111": 1,
                "1001111010": 1,
                "0100011110": 1,
                "0000100100": 1,
                "1111011100": 1,
                "0111111101": 1,
                "0010111001": 1,
                "1011011101": 1
            },
            true,
            0.92
        ],
        [
            [
                [
                    -9,
                    -7,
                    6
                ],
                [
                    -4,
                    3,
                    -5
                ],
                [
                    9,
                    -1,
                    -6
                ],
                [
                    -3,
                    9,
                    -10
                ],
                [
                    -5,
                    8,
                    -9
                ],
                [
                    -6,
                    -3,
                    -8
                ],
                [
                    8,
                    3,
                    -7
                ],
                [
                    8,
                    9,
                    10
                ],
                [
                    6,
                    -4,
                    2
                ],
                [
                    4,
                    -10,
                    9
                ],
                [
                    -6,
                    -5,
                    10
                ],
                [
                    3,
                    -6,
                    10
                ],
                [
                    8,
                    7,
                    4
                ],
                [
                    -10,
                    1,
                    -7
                ],
                [
                    -8,
                    -7,
                    2
                ],
                [
                    -7,
                    -8,
                    6
                ],
                [
                    -6,
                    -3,
                    10
                ],
                [
                    6,
                    -4,
                    -7
                ],
                [
                    9,
                    10,
                    6
                ],
                [
                    4,
                    -2,
                    10
                ],
                [
                    5,
                    -2,
                    6
                ],
                [
                    -3,
                    -4,
                    10
                ],
                [
                    -7,
                    -10,
                    6
                ],
                [
                    -6,
                    -9,
                    -7
                ],
                [
                    9,
                    6,
                    -10
                ],
                [
                    -2,
                    -6,
                    -7
                ],
                [
                    9,
                    4,
                    -5
                ],
                [
                    10,
                    7,
                    -8
                ],
                [
                    3,
                    -5,
                    -6
                ],
                [
                    4,
                    7,
                    8
                ],
                [
                    1,
                    3,
                    7
                ],
                [
                    8,
                    6,
                    -5
                ],
                [
                    5,
                    -6,
                    -4
                ],
                [
                    2,
                    -10,
                    -8
                ],
                [
                    6,
                    10,
                    -7
                ],
                [
                    -1,
                    -8,
                    -2
                ],
                [
                    -3,
                    2,
                    5
                ],
                [
                    -6,
                    2,
                    10
                ],
                [
                    -1,
                    -3,
                    8
                ],
                [
                    -7,
                    -4,
                    -2
                ],
                [
                    -1,
                    2,
                    7
                ],
                [
                    6,
                    5,
                    -3
                ],
                [
                    6,
                    -2,
                    -7
                ],
                [
                    1,
                    -3,
                    4
                ],
                [
                    -3,
                    -9,
                    8
                ]
            ],
            "{   'fun': 0.96,\n    'jac': None,\n    'nfev': 41,\n    'nit': None,\n    'njev': None,\n    'x': array([3.7947549 , 3.16167363, 3.1056122 , 2.16279851])}",
            {
                "1010010111": 1,
                "1111100011": 1,
                "0111011001": 1,
                "1110110010": 1,
                "0000001001": 1,
                "1111001101": 1,
                "1111100110": 1,
                "1010000000": 1,
                "1100011010": 1,
                "1111111110": 1,
                "0101101100": 1,
                "1000001101": 1,
                "0111100101": 1,
                "0010011100": 1,
                "0000101101": 1,
                "0011110001": 1,
                "1101000110": 1,
                "1100010110": 1,
                "0101010000": 1,
                "1010101011": 1,
                "1010001011": 1,
                "1000011100": 1,
                "1000100101": 1,
                "1010001111": 2,
                "1100100011": 1,
                "0101011110": 1,
                "0101000011": 1,
                "0010001110": 1,
                "0110001100": 1,
                "1110111000": 1,
                "1100101101": 1,
                "0011101001": 1,
                "1100001000": 1,
                "0011110111": 1,
                "0111110110": 1,
                "0100000101": 2,
                "1100000001": 1,
                "0100000011": 1,
                "0100000000": 1,
                "0000111000": 1,
                "0100101001": 1,
                "1000111001": 1,
                "0100110011": 1,
                "1111010000": 1,
                "0000000010": 1,
                "0011010100": 1,
                "0000101011": 1,
                "1011101000": 1,
                "1111111100": 1,
                "0011110100": 1,
                "0110000000": 1,
                "0111010011": 1,
                "1001011111": 1,
                "1110101100": 1,
                "0111000001": 1,
                "0010011110": 1,
                "0001001010": 1,
                "1110100110": 1,
                "0011100010": 1,
                "1000000110": 1,
                "1001011110": 1,
                "1001001101": 1,
                "0111010000": 1,
                "1100010001": 1,
                "0100011011": 1,
                "1000011101": 1,
                "1001111001": 1,
                "0001010110": 1,
                "1001100111": 1,
                "1000100111": 1,
                "1110100100": 1,
                "0001010000": 1,
                "0011010101": 1,
                "1101111110": 1,
                "0111010100": 1,
                "0101000101": 1,
                "0101110001": 1,
                "0001110011": 1,
                "0111101101": 1,
                "0110101101": 1,
                "1110011110": 4,
                "0110111101": 1,
                "1010000010": 1,
                "0010001100": 1,
                "1011101001": 1,
                "1100111110": 1,
                "0001001000": 1,
                "0010101011": 1,
                "0010101001": 1,
                "1001000001": 1,
                "0111101111": 1,
                "0011110000": 1,
                "1010100000": 1,
                "1011011111": 2
            },
            true,
            0.86
        ],
        [
            [
                [
                    1,
                    -7,
                    10
                ],
                [
                    -7,
                    5,
                    10
                ],
                [
                    -5,
                    -7,
                    2
                ],
                [
                    -1,
                    10,
                    -8
                ],
                [
                    8,
                    -5,
                    -2
                ],
                [
                    -6,
                    -4,
                    -3
                ],
                [
                    1,
                    -7,
                    -10
                ],
                [
                    2,
                    10,
                    -8
                ],
                [
                    2,
                    1,
                    7
                ],
                [
                    -4,
                    -6,
                    8
                ],
                [
                    5,
                    -1,
                    -3
                ],
                [
                    9,
                    7,
                    8
                ],
                [
                    5,
                    9,
                    -4
                ],
                [
                    10,
                    -3,
                    -9
                ],
                [
                    -5,
                    4,
                    7
                ],
                [
                    -7,
                    3,
                    4
                ],
                [
                    -2,
                    -10,
                    1
                ],
                [
                    -8,
                    -3,
                    4
                ],
                [
                    7,
                    10,
                    1
                ],
                [
                    5,
                    3,
                    4
                ],
                [
                    3,
                    -9,
                    -7
                ],
                [
                    -2,
                    8,
                    5
                ],
                [
                    -3,
                    -10,
                    -5
                ],
                [
                    -7,
                    -6,
                    2
                ],
                [
                    4,
                    10,
                    2
                ],
                [
                    -4,
                    2,
                    -1
                ],
                [
                    9,
                    -5,
                    -1
                ],
                [
                    3,
                    7,
                    -1
                ],
                [
                    -4,
                    9,
                    1
                ],
                [
                    8,
                    -2,
                    9
                ],
                [
                    -1,
                    -3,
                    -9
                ],
                [
                    9,
                    4,
                    3
                ],
                [
                    -6,
                    -7,
                    3
                ],
                [
                    1,
                    -5,
                    -10
                ],
                [
                    6,
                    -7,
                    5
                ],
                [
                    -5,
                    -2,
                    -10
                ],
                [
                    2,
                    -9,
                    -4
                ],
                [
                    -8,
                    -2,
                    3
                ],
                [
                    7,
                    -4,
                    -2
                ],
                [
                    2,
                    -9,
                    -3
                ],
                [
                    -7,
                    10,
                    -4
                ],
                [
                    -6,
                    5,
                    8
                ],
                [
                    6,
                    2,
                    10
                ],
                [
                    6,
                    8,
                    -3
                ],
                [
                    4,
                    -1,
                    -5
                ]
            ],
            "{   'fun': 1.0,\n    'jac': None,\n    'nfev': 25,\n    'nit': None,\n    'njev': None,\n    'x': array([1.66208452, 2.65534387, 0.03260415, 0.61844446])}",
            {
                "0000101000": 1,
                "0001111100": 1,
                "0011000101": 1,
                "1111110011": 1,
                "0101011100": 1,
                "0110101110": 1,
                "1111010001": 1,
                "1000110111": 1,
                "1011111110": 1,
                "0101000010": 1,
                "1011101010": 1,
                "0011010001": 1,
                "0010111111": 1,
                "0110111010": 1,
                "1000101111": 1,
                "0001101000": 1,
                "0100000001": 1,
                "1101101111": 1,
                "1001000101": 1,
                "0010101000": 1,
                "1001011011": 1,
                "1000111111": 1,
                "0111110011": 1,
                "0110001100": 2,
                "0111011100": 1,
                "0000001010": 1,
                "1000000011": 1,
                "0100101010": 1,
                "0000100010": 1,
                "0000111000": 1,
                "0111111001": 1,
                "1111100110": 1,
                "0110110010": 1,
                "0110001111": 1,
                "0000011011": 1,
                "0110011111": 1,
                "1101000010": 1,
                "1100101001": 1,
                "0010111110": 1,
                "1000001011": 1,
                "1100111001": 1,
                "0001111000": 1,
                "1101010011": 1,
                "0010011101": 1,
                "1011101001": 1,
                "1110111101": 1,
                "1001001000": 1,
                "1000001110": 1,
                "0010110100": 1,
                "1100001101": 1,
                "0100100010": 1,
                "1101101100": 1,
                "0010001111": 1,
                "0001100010": 1,
                "1111011110": 1,
                "1001000000": 2,
                "1101100010": 1,
                "1010011010": 1,
                "0001001010": 1,
                "0000010010": 1,
                "0010010000": 1,
                "1011010000": 1,
                "1000000110": 1,
                "0111010110": 1,
                "0000001100": 1,
                "0101000111": 1,
                "1110001001": 1,
                "1111001100": 1,
                "0000010110": 1,
                "1100010010": 1,
                "0011111000": 1,
                "1010011101": 1,
                "0011000001": 1,
                "1010001001": 2,
                "1000100101": 1,
                "1001001101": 1,
                "1010010001": 1,
                "1111111111": 1,
                "0010110111": 1,
                "1110111001": 1,
                "0110001110": 1,
                "0000100111": 2,
                "1000100010": 1,
                "0011011110": 1,
                "0111010001": 1,
                "1010111011": 1,
                "0101000100": 2,
                "0110011101": 1,
                "0110100111": 1,
                "1111001011": 1,
                "1100101101": 1,
                "1111110111": 1,
                "1011110111": 1,
                "0010000111": 1,
                "1111001010": 1
            },
            false,
            1.0
        ]
    ]
}