{
    "n": 10,
    "m": 45,
    "results": [
        [
            [
                [
                    6,
                    5,
                    1
                ],
                [
                    3,
                    6,
                    -5
                ],
                [
                    -10,
                    -8,
                    5
                ],
                [
                    -5,
                    -10,
                    2
                ],
                [
                    -8,
                    4,
                    -10
                ],
                [
                    10,
                    -3,
                    9
                ],
                [
                    -5,
                    2,
                    7
                ],
                [
                    -8,
                    -7,
                    2
                ],
                [
                    1,
                    6,
                    8
                ],
                [
                    1,
                    -2,
                    4
                ],
                [
                    -2,
                    -10,
                    5
                ],
                [
                    3,
                    -5,
                    6
                ],
                [
                    -7,
                    3,
                    -4
                ],
                [
                    -8,
                    4,
                    -1
                ],
                [
                    10,
                    -3,
                    2
                ],
                [
                    -6,
                    1,
                    7
                ],
                [
                    -8,
                    -1,
                    -3
                ],
                [
                    -7,
                    -2,
                    -4
                ],
                [
                    2,
                    -8,
                    7
                ],
                [
                    -4,
                    5,
                    6
                ],
                [
                    -2,
                    3,
                    8
                ],
                [
                    2,
                    -3,
                    -1
                ],
                [
                    3,
                    1,
                    -2
                ],
                [
                    -1,
                    -3,
                    9
                ],
                [
                    10,
                    -2,
                    4
                ],
                [
                    7,
                    -9,
                    -8
                ],
                [
                    -6,
                    8,
                    4
                ],
                [
                    -4,
                    3,
                    -8
                ],
                [
                    5,
                    6,
                    8
                ],
                [
                    5,
                    3,
                    -6
                ],
                [
                    -8,
                    -7,
                    -2
                ],
                [
                    9,
                    -6,
                    -8
                ],
                [
                    -1,
                    7,
                    6
                ],
                [
                    10,
                    -9,
                    -6
                ],
                [
                    -2,
                    3,
                    8
                ],
                [
                    5,
                    2,
                    7
                ],
                [
                    1,
                    -2,
                    3
                ],
                [
                    8,
                    10,
                    -9
                ],
                [
                    -6,
                    5,
                    -8
                ],
                [
                    2,
                    7,
                    -5
                ],
                [
                    -6,
                    1,
                    -7
                ],
                [
                    -7,
                    1,
                    10
                ],
                [
                    8,
                    -6,
                    3
                ],
                [
                    4,
                    5,
                    10
                ],
                [
                    -10,
                    -3,
                    7
                ]
            ],
            "{   'fun': 5.31,\n    'jac': None,\n    'nfev': 216,\n    'nit': 2,\n    'njev': 24,\n    'x': array([2.430564  , 2.58611652, 1.5892006 , 1.27969064, 0.28672595,\n       1.39678023, 2.72992635, 1.35219821])}",
            {
                "1010001011": 1,
                "0110111111": 1,
                "0111100000": 1,
                "0001000011": 1,
                "0111100001": 1,
                "0001110011": 1,
                "0110000110": 1,
                "0000001011": 1,
                "0000000100": 1,
                "0110100010": 1,
                "0100010001": 1,
                "0110110101": 1,
                "1010111011": 1,
                "1111101110": 1,
                "0011001110": 1,
                "1000111000": 2,
                "0011010011": 1,
                "0000100000": 1,
                "1101000100": 3,
                "1110111011": 6,
                "1001110000": 1,
                "1011111000": 1,
                "0001100110": 1,
                "1100111110": 1,
                "1110101001": 1,
                "0000111100": 1,
                "0011110011": 1,
                "1010011010": 1,
                "1100001100": 1,
                "1011011011": 2,
                "1110110000": 1,
                "0111101111": 2,
                "0000101110": 1,
                "1010100000": 1,
                "0111101001": 2,
                "1101100101": 1,
                "0111111001": 1,
                "1000001100": 1,
                "0001111110": 1,
                "0111000001": 1,
                "0011101111": 2,
                "1101011011": 1,
                "0011101101": 1,
                "1000111110": 1,
                "1111110001": 2,
                "1000001011": 4,
                "0100000000": 1,
                "0111100110": 2,
                "0000001000": 1,
                "1010101110": 1,
                "1100001110": 1,
                "0010101111": 1,
                "1101111000": 1,
                "0011101000": 1,
                "0111100010": 2,
                "1001111000": 2,
                "1001011001": 1,
                "0101000101": 1,
                "1101110101": 1,
                "1001110011": 1,
                "1111010010": 1,
                "1101001000": 1,
                "0011111111": 1,
                "1011010011": 1,
                "0110100011": 1,
                "1001010011": 1,
                "0010100101": 1,
                "1010001001": 1,
                "0010101011": 1,
                "1111110010": 2,
                "1000101110": 1,
                "0001010100": 1,
                "1111111011": 5,
                "1101010101": 1,
                "0001100100": 1,
                "0011010111": 1
            },
            false,
            3.09
        ],
        [
            [
                [
                    -3,
                    7,
                    2
                ],
                [
                    3,
                    -5,
                    4
                ],
                [
                    -2,
                    1,
                    -4
                ],
                [
                    -3,
                    4,
                    10
                ],
                [
                    4,
                    -2,
                    6
                ],
                [
                    1,
                    -5,
                    -4
                ],
                [
                    1,
                    -9,
                    8
                ],
                [
                    -4,
                    7,
                    -9
                ],
                [
                    -6,
                    -2,
                    1
                ],
                [
                    -10,
                    7,
                    -5
                ],
                [
                    6,
                    -5,
                    1
                ],
                [
                    6,
                    -8,
                    5
                ],
                [
                    7,
                    -8,
                    -3
                ],
                [
                    7,
                    5,
                    -1
                ],
                [
                    -5,
                    -4,
                    9
                ],
                [
                    5,
                    -6,
                    -9
                ],
                [
                    -3,
                    8,
                    -4
                ],
                [
                    -3,
                    -1,
                    -10
                ],
                [
                    7,
                    10,
                    -1
                ],
                [
                    -8,
                    -6,
                    4
                ],
                [
                    -3,
                    1,
                    -2
                ],
                [
                    5,
                    4,
                    9
                ],
                [
                    6,
                    5,
                    4
                ],
                [
                    -6,
                    1,
                    -4
                ],
                [
                    2,
                    -5,
                    -4
                ],
                [
                    7,
                    5,
                    1
                ],
                [
                    10,
                    -9,
                    1
                ],
                [
                    1,
                    3,
                    7
                ],
                [
                    6,
                    8,
                    1
                ],
                [
                    -2,
                    1,
                    -7
                ],
                [
                    10,
                    2,
                    9
                ],
                [
                    5,
                    -6,
                    10
                ],
                [
                    -3,
                    1,
                    -6
                ],
                [
                    7,
                    3,
                    -4
                ],
                [
                    -3,
                    -2,
                    -6
                ],
                [
                    -7,
                    -10,
                    -1
                ],
                [
                    9,
                    -10,
                    -2
                ],
                [
                    -1,
                    4,
                    3
                ],
                [
                    8,
                    -9,
                    5
                ],
                [
                    -6,
                    -3,
                    -9
                ],
                [
                    -2,
                    5,
                    -8
                ],
                [
                    8,
                    1,
                    -5
                ],
                [
                    4,
                    -1,
                    -8
                ],
                [
                    -2,
                    10,
                    8
                ],
                [
                    -4,
                    -9,
                    -3
                ]
            ],
            "{   'fun': 5.4,\n    'jac': None,\n    'nfev': 252,\n    'nit': 3,\n    'njev': 28,\n    'x': array([0.51645952, 1.65605866, 1.27658381, 2.00880472, 2.16987047,\n       2.34333977, 2.09314134, 1.52329639])}",
            {
                "0110101110": 1,
                "1011000110": 1,
                "1010100110": 1,
                "1011110001": 1,
                "0100011111": 1,
                "1011010011": 1,
                "1001001110": 1,
                "1101000000": 1,
                "1011001111": 1,
                "0101101101": 1,
                "0011100011": 1,
                "1001001001": 1,
                "1010001010": 1,
                "0011010001": 1,
                "1100000100": 1,
                "0111010000": 1,
                "1111001001": 1,
                "1100101010": 1,
                "0000001101": 1,
                "0001111010": 1,
                "0111000001": 1,
                "1000000001": 1,
                "0000100100": 1,
                "1110110000": 1,
                "0110011001": 1,
                "1010100011": 1,
                "0101000111": 1,
                "0010100010": 1,
                "0011111110": 1,
                "0111101111": 1,
                "1011110000": 1,
                "0101000001": 1,
                "0001111011": 1,
                "0110000000": 1,
                "0011010010": 1,
                "1111101111": 1,
                "1001010111": 1,
                "0101111110": 1,
                "0010011101": 1,
                "1110011101": 1,
                "1111101000": 1,
                "1010010010": 1,
                "0111000011": 1,
                "0101101110": 2,
                "1001011001": 1,
                "0100100011": 1,
                "0100110110": 2,
                "1010011100": 1,
                "1101100110": 1,
                "1011011110": 1,
                "1111001000": 1,
                "0110100111": 1,
                "1010011110": 1,
                "1100100110": 1,
                "0001110010": 2,
                "1011110111": 1,
                "0000011000": 1,
                "0110000001": 1,
                "1110101000": 1,
                "1011100001": 2,
                "1101111111": 1,
                "1001001111": 1,
                "1100110110": 1,
                "0001110111": 1,
                "0110110001": 1,
                "1001101100": 1,
                "1001011101": 1,
                "0000110101": 1,
                "1000111000": 1,
                "1100100000": 2,
                "0101010001": 1,
                "0111100110": 1,
                "0000011001": 1,
                "0101111000": 1,
                "0010101000": 1,
                "0100011001": 1,
                "0010111011": 1,
                "0100010100": 1,
                "0110000101": 1,
                "1010001101": 1,
                "1010110101": 1,
                "0011010000": 2,
                "0110011011": 1,
                "1000110111": 1,
                "1000010011": 1,
                "1010010111": 1,
                "1110100101": 1,
                "1001000101": 1,
                "1111111110": 1,
                "0000011111": 1,
                "0111001000": 1,
                "0101110101": 1,
                "0011001011": 1,
                "1100100101": 1
            },
            false,
            4.75
        ],
        [
            [
                [
                    6,
                    5,
                    -9
                ],
                [
                    -10,
                    7,
                    2
                ],
                [
                    -7,
                    -1,
                    5
                ],
                [
                    -10,
                    8,
                    -5
                ],
                [
                    -6,
                    9,
                    -10
                ],
                [
                    5,
                    4,
                    2
                ],
                [
                    -2,
                    -9,
                    -1
                ],
                [
                    -4,
                    -8,
                    -3
                ],
                [
                    9,
                    7,
                    10
                ],
                [
                    -8,
                    3,
                    -6
                ],
                [
                    -3,
                    1,
                    -8
                ],
                [
                    -10,
                    -8,
                    5
                ],
                [
                    10,
                    -4,
                    7
                ],
                [
                    10,
                    -8,
                    3
                ],
                [
                    -5,
                    -9,
                    -3
                ],
                [
                    -1,
                    8,
                    -2
                ],
                [
                    10,
                    -5,
                    7
                ],
                [
                    4,
                    -10,
                    -9
                ],
                [
                    -6,
                    2,
                    -7
                ],
                [
                    -8,
                    -3,
                    9
                ],
                [
                    2,
                    -9,
                    -5
                ],
                [
                    -2,
                    5,
                    -9
                ],
                [
                    9,
                    2,
                    -6
                ],
                [
                    5,
                    7,
                    8
                ],
                [
                    1,
                    6,
                    7
                ],
                [
                    -2,
                    9,
                    -6
                ],
                [
                    -5,
                    -1,
                    3
                ],
                [
                    -2,
                    3,
                    1
                ],
                [
                    3,
                    6,
                    -10
                ],
                [
                    -5,
                    -10,
                    -1
                ],
                [
                    10,
                    6,
                    3
                ],
                [
                    6,
                    -2,
                    -7
                ],
                [
                    -1,
                    7,
                    -6
                ],
                [
                    -2,
                    7,
                    -3
                ],
                [
                    1,
                    -10,
                    2
                ],
                [
                    6,
                    3,
                    -7
                ],
                [
                    -2,
                    -9,
                    5
                ],
                [
                    4,
                    -3,
                    -1
                ],
                [
                    -10,
                    -4,
                    -3
                ],
                [
                    3,
                    -9,
                    6
                ],
                [
                    7,
                    6,
                    3
                ],
                [
                    8,
                    1,
                    2
                ],
                [
                    2,
                    -7,
                    8
                ],
                [
                    -8,
                    -5,
                    2
                ],
                [
                    -10,
                    4,
                    -3
                ]
            ],
            "{   'fun': 5.48,\n    'jac': None,\n    'nfev': 225,\n    'nit': 2,\n    'njev': 25,\n    'x': array([1.39819467, 0.7395662 , 2.7379663 , 0.46117497, 0.65115486,\n       0.01888669, 0.2075283 , 2.72924367])}",
            {
                "0100011100": 1,
                "1111111101": 1,
                "1011010000": 1,
                "1110001010": 1,
                "0011000001": 1,
                "0000001000": 1,
                "0001010010": 1,
                "0111111100": 1,
                "0010100011": 1,
                "1100101000": 1,
                "1100001001": 1,
                "0110111011": 1,
                "0010100010": 1,
                "0001000010": 1,
                "0010010111": 1,
                "0110101100": 1,
                "1111011001": 1,
                "0100001010": 1,
                "0011001100": 1,
                "0110001110": 1,
                "0001010001": 1,
                "1100111100": 1,
                "1010111011": 1,
                "0010110010": 1,
                "0001011111": 2,
                "0111000010": 1,
                "1000000011": 1,
                "1110011101": 1,
                "0010001101": 1,
                "1110010111": 2,
                "1101101110": 2,
                "0100101110": 1,
                "1101111101": 1,
                "1101011100": 1,
                "1100000100": 1,
                "1111011011": 1,
                "0111010111": 1,
                "0011110010": 1,
                "0001010101": 1,
                "1010111010": 1,
                "0001101000": 2,
                "1101110110": 1,
                "0111011000": 1,
                "1001001111": 1,
                "1100111101": 1,
                "1101100001": 1,
                "0001101001": 2,
                "1000110000": 1,
                "0110001010": 1,
                "0101011110": 1,
                "0101111110": 1,
                "0010101000": 1,
                "0011110100": 3,
                "1100011001": 1,
                "1010010000": 1,
                "0001110101": 1,
                "0110010110": 1,
                "0101111011": 2,
                "1111100110": 1,
                "0010001100": 1,
                "1011011111": 1,
                "0110100101": 1,
                "0010010000": 1,
                "0000000000": 1,
                "0010110110": 1,
                "1100111000": 1,
                "0110010011": 1,
                "1111101010": 1,
                "0010111000": 1,
                "0110001001": 1,
                "0110000010": 1,
                "1010011010": 1,
                "0101010110": 1,
                "1111011100": 1,
                "1011011101": 1,
                "1110001101": 1,
                "0101001000": 1,
                "0111110000": 1,
                "1011111010": 1,
                "0110000101": 1,
                "0010111011": 1,
                "0111001010": 1,
                "1101000000": 1,
                "1110011000": 1,
                "1001100010": 2,
                "1100010101": 1,
                "0110011010": 2,
                "0111101101": 1,
                "0010111110": 1,
                "1100101001": 1
            },
            false,
            4.88
        ],
        [
            [
                [
                    -9,
                    -1,
                    -6
                ],
                [
                    6,
                    -10,
                    -8
                ],
                [
                    5,
                    10,
                    8
                ],
                [
                    -5,
                    -6,
                    2
                ],
                [
                    -2,
                    -1,
                    -6
                ],
                [
                    1,
                    7,
                    9
                ],
                [
                    -1,
                    10,
                    8
                ],
                [
                    -4,
                    7,
                    -2
                ],
                [
                    8,
                    -5,
                    -2
                ],
                [
                    -3,
                    -2,
                    4
                ],
                [
                    5,
                    -6,
                    -9
                ],
                [
                    6,
                    -10,
                    2
                ],
                [
                    6,
                    -5,
                    9
                ],
                [
                    10,
                    4,
                    3
                ],
                [
                    -2,
                    8,
                    5
                ],
                [
                    -4,
                    -3,
                    -10
                ],
                [
                    -1,
                    5,
                    4
                ],
                [
                    3,
                    9,
                    8
                ],
                [
                    6,
                    5,
                    -4
                ],
                [
                    9,
                    10,
                    -8
                ],
                [
                    9,
                    -8,
                    -3
                ],
                [
                    -8,
                    -6,
                    9
                ],
                [
                    1,
                    -6,
                    -3
                ],
                [
                    1,
                    10,
                    -9
                ],
                [
                    -2,
                    -9,
                    10
                ],
                [
                    -3,
                    -2,
                    -1
                ],
                [
                    4,
                    -3,
                    9
                ],
                [
                    9,
                    -10,
                    -3
                ],
                [
                    -10,
                    -2,
                    -3
                ],
                [
                    10,
                    3,
                    8
                ],
                [
                    -5,
                    -1,
                    4
                ],
                [
                    3,
                    -5,
                    -10
                ],
                [
                    -8,
                    -6,
                    1
                ],
                [
                    -10,
                    -4,
                    9
                ],
                [
                    8,
                    10,
                    -4
                ],
                [
                    -4,
                    6,
                    9
                ],
                [
                    4,
                    -8,
                    1
                ],
                [
                    -10,
                    3,
                    -5
                ],
                [
                    9,
                    2,
                    10
                ],
                [
                    7,
                    1,
                    6
                ],
                [
                    8,
                    -3,
                    -7
                ],
                [
                    9,
                    -6,
                    1
                ],
                [
                    -1,
                    -5,
                    4
                ],
                [
                    -8,
                    -4,
                    5
                ],
                [
                    1,
                    -2,
                    8
                ]
            ],
            "{   'fun': 5.29,\n    'jac': None,\n    'nfev': 369,\n    'nit': 4,\n    'njev': 41,\n    'x': array([2.92905078, 1.83223267, 3.12973141, 0.37838483, 2.59958599,\n       2.28173986, 2.97558651, 0.14525088])}",
            {
                "1001111101": 1,
                "1011010000": 1,
                "0001110100": 1,
                "0100000001": 1,
                "1110000001": 1,
                "1011001110": 1,
                "1010110001": 1,
                "1001000100": 1,
                "0001100111": 1,
                "0101011111": 1,
                "1011011111": 1,
                "0000000101": 1,
                "1111110001": 2,
                "1101000110": 1,
                "1010011000": 1,
                "0110101110": 1,
                "1010001011": 1,
                "1000101001": 1,
                "1111101110": 1,
                "1010101000": 1,
                "0000101011": 1,
                "1100001011": 1,
                "0101010010": 1,
                "1110011111": 1,
                "1000100110": 2,
                "1000010001": 1,
                "0100000010": 1,
                "1011001011": 1,
                "0110101101": 1,
                "1111010111": 1,
                "1001011001": 1,
                "1100111010": 1,
                "1101010101": 1,
                "0111111110": 1,
                "1010111111": 2,
                "0000010000": 1,
                "0100011011": 1,
                "0101011110": 1,
                "0000011000": 1,
                "0010000011": 3,
                "1110000111": 2,
                "0101000100": 2,
                "1000011111": 1,
                "1110001100": 1,
                "0101001011": 1,
                "0101101100": 2,
                "1101000010": 1,
                "1000010000": 1,
                "1101101111": 1,
                "0110001000": 1,
                "1001000101": 2,
                "1010000001": 1,
                "0111010111": 1,
                "0000111001": 1,
                "1001100011": 1,
                "1011000111": 1,
                "1001001001": 2,
                "1100011000": 1,
                "1001111100": 1,
                "1111001011": 1,
                "1101111010": 1,
                "0011010100": 2,
                "1010011011": 1,
                "0100101001": 1,
                "1001110100": 1,
                "0000110111": 1,
                "1001001010": 1,
                "1000111101": 1,
                "1101111101": 1,
                "1001001110": 1,
                "0110011101": 1,
                "0101010111": 1,
                "0100110100": 1,
                "1100001110": 1,
                "0111010011": 1,
                "1001100001": 1,
                "1000011100": 1,
                "1001001101": 1,
                "1001111110": 1,
                "1011101011": 1,
                "1100011111": 1,
                "0100001111": 1,
                "0001010101": 1,
                "1000110001": 1,
                "1110111111": 1,
                "1100101111": 1,
                "0000101001": 1,
                "1100000000": 1,
                "1110100110": 1
            },
            false,
            5.01
        ],
        [
            [
                [
                    10,
                    6,
                    -1
                ],
                [
                    8,
                    -9,
                    -1
                ],
                [
                    3,
                    -4,
                    -8
                ],
                [
                    -2,
                    10,
                    8
                ],
                [
                    7,
                    2,
                    -1
                ],
                [
                    -7,
                    -1,
                    2
                ],
                [
                    8,
                    -9,
                    -10
                ],
                [
                    -3,
                    -6,
                    -9
                ],
                [
                    -2,
                    5,
                    -1
                ],
                [
                    -9,
                    3,
                    1
                ],
                [
                    7,
                    9,
                    6
                ],
                [
                    3,
                    10,
                    9
                ],
                [
                    1,
                    -10,
                    2
                ],
                [
                    -2,
                    10,
                    6
                ],
                [
                    1,
                    4,
                    7
                ],
                [
                    -2,
                    -3,
                    10
                ],
                [
                    4,
                    -9,
                    -3
                ],
                [
                    10,
                    -3,
                    -5
                ],
                [
                    -8,
                    1,
                    -2
                ],
                [
                    5,
                    -1,
                    7
                ],
                [
                    5,
                    -10,
                    -8
                ],
                [
                    -2,
                    -5,
                    -1
                ],
                [
                    8,
                    2,
                    -4
                ],
                [
                    9,
                    1,
                    3
                ],
                [
                    1,
                    -2,
                    10
                ],
                [
                    7,
                    4,
                    -3
                ],
                [
                    -9,
                    -6,
                    -3
                ],
                [
                    -6,
                    2,
                    9
                ],
                [
                    -7,
                    8,
                    -1
                ],
                [
                    -6,
                    8,
                    -10
                ],
                [
                    -8,
                    4,
                    9
                ],
                [
                    5,
                    -1,
                    3
                ],
                [
                    -8,
                    -1,
                    9
                ],
                [
                    -5,
                    -2,
                    10
                ],
                [
                    -6,
                    -10,
                    -3
                ],
                [
                    -9,
                    4,
                    8
                ],
                [
                    2,
                    4,
                    7
                ],
                [
                    -3,
                    2,
                    -10
                ],
                [
                    10,
                    1,
                    -9
                ],
                [
                    4,
                    -10,
                    -5
                ],
                [
                    6,
                    -2,
                    8
                ],
                [
                    -8,
                    1,
                    -6
                ],
                [
                    6,
                    2,
                    9
                ],
                [
                    8,
                    1,
                    -2
                ],
                [
                    -3,
                    9,
                    1
                ]
            ],
            "{   'fun': 5.68,\n    'jac': None,\n    'nfev': 234,\n    'nit': 3,\n    'njev': 26,\n    'x': array([0.67977338, 0.02771259, 2.35170774, 2.31491165, 2.24635362,\n       2.92105326, 0.18062644, 2.67496443])}",
            {
                "0101000100": 1,
                "0010001001": 1,
                "0101111010": 1,
                "1111101100": 1,
                "0111011001": 1,
                "1111001111": 1,
                "1000000101": 1,
                "0100001101": 1,
                "1101011111": 1,
                "1111100101": 1,
                "1011101011": 1,
                "0011011111": 1,
                "1000001100": 1,
                "1011101101": 1,
                "1111111110": 1,
                "1010011100": 1,
                "0000111101": 1,
                "1011110100": 1,
                "1101101010": 1,
                "0010110011": 1,
                "1001011000": 1,
                "0110011001": 1,
                "1100110011": 1,
                "0111010111": 1,
                "1110101011": 1,
                "1010110010": 1,
                "0010111001": 1,
                "0111110110": 1,
                "1110011000": 1,
                "0010011010": 1,
                "1011011011": 2,
                "0110100100": 1,
                "0001111110": 1,
                "0011111001": 1,
                "0101110011": 1,
                "1000100101": 1,
                "0001001111": 1,
                "0000000111": 1,
                "1111100000": 1,
                "0111110000": 1,
                "1111011101": 1,
                "1101110101": 1,
                "1110000000": 1,
                "0011111101": 1,
                "1111111011": 1,
                "1101101110": 1,
                "0010010011": 1,
                "1001000111": 1,
                "1000111111": 1,
                "1010110011": 2,
                "0101110010": 1,
                "1000001011": 1,
                "1010010000": 1,
                "0111011011": 1,
                "1001001001": 1,
                "1110101101": 1,
                "1000011010": 1,
                "1011101010": 1,
                "0101111111": 2,
                "1000001111": 1,
                "0100100001": 1,
                "0111100011": 1,
                "1100111100": 1,
                "0101110101": 1,
                "0001100010": 1,
                "1110010011": 1,
                "0110010000": 1,
                "1010101001": 1,
                "1101000100": 1,
                "1101101100": 1,
                "0111100110": 1,
                "0110001111": 1,
                "1100000111": 1,
                "0000011011": 2,
                "0000011111": 1,
                "0011011001": 1,
                "1011010011": 1,
                "0111011110": 2,
                "1111001010": 1,
                "0000101110": 2,
                "1111000011": 2,
                "1001111001": 2,
                "0000010100": 1,
                "0010111010": 1,
                "1011101001": 1,
                "0000110011": 1,
                "0001110101": 1,
                "0000000001": 1,
                "1100111110": 3,
                "0000011101": 1
            },
            false,
            4.93
        ]
    ]
}