{
    "n": 10,
    "m": 45,
    "results": [
        [
            [
                [
                    9,
                    3,
                    -5
                ],
                [
                    3,
                    -5,
                    9
                ],
                [
                    -3,
                    -7,
                    4
                ],
                [
                    -2,
                    -7,
                    -8
                ],
                [
                    4,
                    9,
                    1
                ],
                [
                    3,
                    9,
                    4
                ],
                [
                    4,
                    2,
                    -6
                ],
                [
                    -3,
                    6,
                    -1
                ],
                [
                    4,
                    5,
                    6
                ],
                [
                    6,
                    -1,
                    2
                ],
                [
                    6,
                    2,
                    5
                ],
                [
                    -6,
                    2,
                    -8
                ],
                [
                    -4,
                    8,
                    -5
                ],
                [
                    9,
                    5,
                    1
                ],
                [
                    -8,
                    -2,
                    -1
                ],
                [
                    -8,
                    -10,
                    -5
                ],
                [
                    -2,
                    8,
                    -5
                ],
                [
                    10,
                    9,
                    3
                ],
                [
                    8,
                    -3,
                    5
                ],
                [
                    7,
                    -9,
                    -1
                ],
                [
                    7,
                    8,
                    -6
                ],
                [
                    6,
                    -4,
                    -2
                ],
                [
                    -1,
                    -2,
                    3
                ],
                [
                    5,
                    10,
                    -3
                ],
                [
                    4,
                    -9,
                    6
                ],
                [
                    7,
                    -9,
                    6
                ],
                [
                    -7,
                    -5,
                    4
                ],
                [
                    4,
                    3,
                    -5
                ],
                [
                    1,
                    -7,
                    -8
                ],
                [
                    3,
                    -7,
                    8
                ],
                [
                    -10,
                    -1,
                    6
                ],
                [
                    -10,
                    -3,
                    -9
                ],
                [
                    3,
                    -7,
                    10
                ],
                [
                    -2,
                    -8,
                    -4
                ],
                [
                    -8,
                    -7,
                    -6
                ],
                [
                    -9,
                    5,
                    1
                ],
                [
                    -8,
                    -4,
                    3
                ],
                [
                    4,
                    8,
                    -9
                ],
                [
                    8,
                    -5,
                    -7
                ],
                [
                    2,
                    -6,
                    10
                ],
                [
                    8,
                    4,
                    -2
                ],
                [
                    -6,
                    2,
                    10
                ],
                [
                    7,
                    -8,
                    -4
                ],
                [
                    3,
                    -5,
                    -2
                ],
                [
                    -2,
                    -6,
                    5
                ]
            ],
            "{   'fun': 0.97,\n    'jac': None,\n    'nfev': 105,\n    'nit': 0,\n    'njev': 21,\n    'x': array([1.56829047, 2.70425762, 1.11249116, 2.23230737])}",
            {
                "1101110101": 1,
                "1101101110": 1,
                "1001101111": 1,
                "0000001000": 1,
                "0010001110": 1,
                "1111100011": 1,
                "1000011100": 1,
                "1110110010": 1,
                "0001011101": 1,
                "0010100011": 1,
                "1111000110": 1,
                "0011011000": 1,
                "1100001000": 1,
                "1100111010": 1,
                "1001010001": 1,
                "0010111011": 1,
                "0000011111": 1,
                "1101000010": 1,
                "0111011010": 1,
                "0111001010": 1,
                "1001001011": 1,
                "0110110000": 1,
                "0010110101": 1,
                "1001011010": 1,
                "1101010101": 1,
                "1001001100": 1,
                "0111101110": 1,
                "1001010100": 1,
                "1110111011": 1,
                "0011101110": 1,
                "0101000010": 1,
                "1110010110": 1,
                "0001001001": 1,
                "0111010111": 1,
                "0000001010": 1,
                "0000101110": 1,
                "1010111111": 1,
                "1110111111": 1,
                "1101101010": 1,
                "1101000111": 1,
                "0100001000": 1,
                "0001011011": 1,
                "1010001110": 1,
                "0001100111": 1,
                "1000100111": 1,
                "0001001110": 1,
                "1000111100": 1,
                "1110000111": 1,
                "0010100100": 1,
                "0001111100": 1,
                "0100011101": 1,
                "0100110111": 1,
                "1101111110": 1,
                "0000101001": 2,
                "1011000111": 1,
                "1101100111": 1,
                "1011101000": 1,
                "1010100100": 1,
                "0111011110": 1,
                "1001101000": 1,
                "0101111110": 1,
                "1000011010": 1,
                "0001111110": 1,
                "0101000011": 1,
                "0001010111": 1,
                "0001101100": 2,
                "1110010000": 1,
                "1010010001": 1,
                "0000100000": 1,
                "0010101001": 1,
                "1010110100": 1,
                "1000001011": 1,
                "1101111010": 1,
                "0011000000": 1,
                "0010111001": 1,
                "1111011100": 1,
                "1001111000": 1,
                "0111100010": 1,
                "1100100110": 1,
                "0001100110": 1,
                "1001101110": 1,
                "1100110001": 1,
                "1000010110": 1,
                "1001000000": 1,
                "0110111100": 1,
                "1010100101": 1,
                "1011001000": 1,
                "0000110010": 1,
                "1100010000": 1,
                "1001110010": 1,
                "0110110111": 1,
                "1001010000": 1,
                "1000000010": 1,
                "0101101111": 1,
                "0111000110": 1,
                "1001110101": 1,
                "0001111010": 1,
                "1100001001": 1
            },
            true,
            0.97
        ],
        [
            [
                [
                    3,
                    5,
                    2
                ],
                [
                    -8,
                    3,
                    7
                ],
                [
                    1,
                    -9,
                    -5
                ],
                [
                    -3,
                    -1,
                    9
                ],
                [
                    9,
                    2,
                    -5
                ],
                [
                    6,
                    -7,
                    -2
                ],
                [
                    1,
                    2,
                    7
                ],
                [
                    6,
                    -1,
                    5
                ],
                [
                    -4,
                    10,
                    5
                ],
                [
                    1,
                    7,
                    2
                ],
                [
                    -6,
                    -8,
                    2
                ],
                [
                    9,
                    -6,
                    -2
                ],
                [
                    8,
                    -3,
                    -10
                ],
                [
                    -7,
                    -6,
                    2
                ],
                [
                    -2,
                    6,
                    5
                ],
                [
                    6,
                    -3,
                    7
                ],
                [
                    7,
                    -3,
                    4
                ],
                [
                    5,
                    -10,
                    1
                ],
                [
                    8,
                    10,
                    6
                ],
                [
                    10,
                    6,
                    5
                ],
                [
                    5,
                    9,
                    -4
                ],
                [
                    5,
                    -9,
                    -10
                ],
                [
                    -3,
                    -8,
                    -7
                ],
                [
                    -8,
                    -7,
                    3
                ],
                [
                    5,
                    -1,
                    -7
                ],
                [
                    6,
                    1,
                    -9
                ],
                [
                    2,
                    -3,
                    4
                ],
                [
                    -1,
                    7,
                    -4
                ],
                [
                    -7,
                    10,
                    3
                ],
                [
                    -4,
                    3,
                    -5
                ],
                [
                    4,
                    -7,
                    10
                ],
                [
                    -9,
                    4,
                    7
                ],
                [
                    -8,
                    -3,
                    -7
                ],
                [
                    -9,
                    1,
                    -7
                ],
                [
                    -7,
                    4,
                    5
                ],
                [
                    5,
                    -9,
                    7
                ],
                [
                    -6,
                    -4,
                    3
                ],
                [
                    7,
                    -8,
                    -3
                ],
                [
                    7,
                    1,
                    -10
                ],
                [
                    3,
                    4,
                    2
                ],
                [
                    10,
                    -4,
                    1
                ],
                [
                    8,
                    2,
                    -10
                ],
                [
                    -5,
                    4,
                    2
                ],
                [
                    3,
                    9,
                    -2
                ],
                [
                    -3,
                    5,
                    1
                ]
            ],
            "{   'fun': 1.0,\n    'jac': None,\n    'nfev': 105,\n    'nit': 0,\n    'njev': 21,\n    'x': array([0.28672592, 1.39678086, 2.72992658, 1.35219818])}",
            {
                "0110011101": 1,
                "1101110100": 1,
                "0111111110": 1,
                "1111101100": 1,
                "0100110100": 1,
                "0000010011": 1,
                "0000111100": 2,
                "1001110001": 1,
                "0111111101": 1,
                "0011000010": 1,
                "0000000011": 1,
                "0111110011": 1,
                "1110100001": 1,
                "1100011001": 1,
                "0111110110": 1,
                "1011000100": 1,
                "0111110001": 1,
                "0110100111": 1,
                "1101000001": 1,
                "0110001010": 1,
                "1101100100": 1,
                "1111000010": 1,
                "1100111110": 1,
                "0110111100": 1,
                "1111101000": 1,
                "1000101110": 1,
                "0010001101": 1,
                "1111101110": 1,
                "1010000001": 1,
                "0001100101": 1,
                "1101000111": 1,
                "1011011100": 1,
                "1000110111": 1,
                "1011001010": 1,
                "0100011101": 1,
                "0101110000": 2,
                "0111001010": 1,
                "0010011011": 2,
                "0010001100": 3,
                "1011100001": 1,
                "1000001011": 1,
                "0100100011": 1,
                "0101110001": 1,
                "0100110001": 1,
                "0101101111": 1,
                "1000001111": 1,
                "0000010000": 1,
                "1111001000": 1,
                "1000111110": 1,
                "1001011011": 1,
                "1001101100": 1,
                "0101001010": 1,
                "1101100011": 1,
                "0101110111": 1,
                "0011100001": 1,
                "1000100001": 1,
                "0110000000": 1,
                "1111100100": 1,
                "1110001010": 1,
                "0110100110": 1,
                "0101010011": 1,
                "0011111011": 1,
                "1000010000": 2,
                "0101010111": 1,
                "1010111011": 1,
                "0010111101": 1,
                "1000100010": 1,
                "0110001110": 1,
                "0101001100": 1,
                "1100111111": 1,
                "0011010110": 1,
                "0101110100": 1,
                "0001101101": 1,
                "0010010001": 1,
                "1101111100": 1,
                "1010010011": 1,
                "1100000100": 1,
                "0010101010": 1,
                "0111000101": 1,
                "1001000001": 1,
                "0111101111": 1,
                "0000100110": 1,
                "0101101011": 1,
                "1101110001": 1,
                "0110011010": 1,
                "1000011011": 1,
                "0111101101": 1,
                "0000000111": 1,
                "1011000001": 1,
                "0100000111": 1,
                "0110000100": 2,
                "0010100001": 1,
                "0010010100": 1
            },
            false,
            0.97
        ],
        [
            [
                [
                    7,
                    5,
                    9
                ],
                [
                    3,
                    5,
                    2
                ],
                [
                    9,
                    8,
                    2
                ],
                [
                    2,
                    4,
                    10
                ],
                [
                    -2,
                    10,
                    -1
                ],
                [
                    10,
                    -2,
                    9
                ],
                [
                    -3,
                    -1,
                    7
                ],
                [
                    8,
                    -7,
                    -3
                ],
                [
                    -2,
                    -1,
                    3
                ],
                [
                    5,
                    -10,
                    -3
                ],
                [
                    5,
                    -8,
                    -6
                ],
                [
                    7,
                    8,
                    -9
                ],
                [
                    -2,
                    -5,
                    -3
                ],
                [
                    -8,
                    -1,
                    7
                ],
                [
                    3,
                    -7,
                    2
                ],
                [
                    9,
                    -10,
                    8
                ],
                [
                    -5,
                    -2,
                    -8
                ],
                [
                    -10,
                    -8,
                    -7
                ],
                [
                    -4,
                    -5,
                    -10
                ],
                [
                    -5,
                    2,
                    3
                ],
                [
                    -1,
                    -6,
                    -4
                ],
                [
                    6,
                    -2,
                    5
                ],
                [
                    -5,
                    9,
                    -6
                ],
                [
                    3,
                    -4,
                    -2
                ],
                [
                    -3,
                    8,
                    -7
                ],
                [
                    8,
                    1,
                    -9
                ],
                [
                    -9,
                    4,
                    6
                ],
                [
                    7,
                    3,
                    6
                ],
                [
                    6,
                    10,
                    9
                ],
                [
                    -2,
                    -5,
                    -4
                ],
                [
                    -7,
                    -4,
                    -1
                ],
                [
                    7,
                    -8,
                    2
                ],
                [
                    7,
                    5,
                    -4
                ],
                [
                    -4,
                    2,
                    -6
                ],
                [
                    -8,
                    -1,
                    6
                ],
                [
                    -5,
                    -9,
                    3
                ],
                [
                    9,
                    7,
                    -3
                ],
                [
                    2,
                    -4,
                    1
                ],
                [
                    8,
                    2,
                    6
                ],
                [
                    -8,
                    -5,
                    9
                ],
                [
                    6,
                    -9,
                    -1
                ],
                [
                    -2,
                    8,
                    7
                ],
                [
                    3,
                    2,
                    -10
                ],
                [
                    7,
                    2,
                    5
                ],
                [
                    9,
                    8,
                    5
                ]
            ],
            "{   'fun': 1.0,\n    'jac': None,\n    'nfev': 5,\n    'nit': 0,\n    'njev': 1,\n    'x': array([1.60569614, 0.18435125, 1.09143209, 0.65049859])}",
            {
                "1000101011": 1,
                "1111100011": 1,
                "0001000000": 1,
                "0101100101": 1,
                "0011011010": 1,
                "0001111011": 1,
                "0010000011": 1,
                "0001001110": 1,
                "1000101010": 2,
                "0100001000": 1,
                "0101111001": 1,
                "1001010101": 1,
                "1101010110": 1,
                "0111010001": 1,
                "0111001100": 1,
                "0000100100": 1,
                "1001111010": 1,
                "0101000100": 1,
                "0010111001": 1,
                "1010111001": 1,
                "0010001010": 1,
                "0110101110": 1,
                "0110110001": 1,
                "0110111010": 1,
                "0100011010": 1,
                "1110100000": 1,
                "0001011000": 1,
                "1001001111": 1,
                "1101100001": 1,
                "0011000010": 1,
                "1001101010": 1,
                "1111010010": 2,
                "1001010111": 1,
                "1101110011": 1,
                "1011011001": 1,
                "1110011101": 1,
                "1111011000": 1,
                "1001111001": 1,
                "1010001110": 1,
                "0100100101": 1,
                "1111010111": 1,
                "0100000010": 2,
                "0010000100": 2,
                "1001101000": 1,
                "1001100001": 1,
                "0111111001": 2,
                "0011100111": 1,
                "0101000011": 2,
                "0011100100": 1,
                "1000000111": 1,
                "1110110110": 1,
                "0101100110": 1,
                "1111000100": 1,
                "0010011111": 1,
                "1111010000": 1,
                "1010111101": 1,
                "0000101101": 1,
                "0001010111": 1,
                "0100000011": 1,
                "1101000010": 1,
                "0011110001": 1,
                "0110100001": 1,
                "1101000000": 1,
                "0100110100": 1,
                "0000000000": 1,
                "1011111101": 1,
                "1000001011": 1,
                "1100001111": 1,
                "1000011011": 1,
                "1011010011": 1,
                "0100011111": 1,
                "0110011010": 1,
                "1101101011": 1,
                "0010001001": 1,
                "0111010000": 1,
                "1111010100": 1,
                "0111110011": 1,
                "0010100111": 1,
                "0001001101": 1,
                "0110011101": 1,
                "1001001110": 1,
                "0010101001": 1,
                "0010010111": 1,
                "0100011001": 1,
                "0010110100": 1,
                "0111001000": 1,
                "0101010001": 1,
                "0111001001": 1,
                "0010110001": 1,
                "0011001010": 1,
                "1111011111": 1,
                "1010010000": 1,
                "0100000001": 1,
                "0111000001": 1
            },
            false,
            1.0
        ],
        [
            [
                [
                    -6,
                    -8,
                    -7
                ],
                [
                    -5,
                    10,
                    7
                ],
                [
                    -2,
                    8,
                    4
                ],
                [
                    7,
                    -4,
                    -1
                ],
                [
                    9,
                    -6,
                    -1
                ],
                [
                    7,
                    -6,
                    5
                ],
                [
                    -1,
                    9,
                    -7
                ],
                [
                    10,
                    7,
                    -5
                ],
                [
                    -3,
                    6,
                    2
                ],
                [
                    -2,
                    7,
                    -6
                ],
                [
                    -9,
                    1,
                    -8
                ],
                [
                    -6,
                    8,
                    -4
                ],
                [
                    -4,
                    -3,
                    6
                ],
                [
                    -7,
                    -3,
                    -5
                ],
                [
                    -9,
                    -6,
                    3
                ],
                [
                    -2,
                    -1,
                    9
                ],
                [
                    -3,
                    10,
                    7
                ],
                [
                    8,
                    3,
                    2
                ],
                [
                    1,
                    -6,
                    10
                ],
                [
                    -1,
                    10,
                    5
                ],
                [
                    -9,
                    2,
                    -3
                ],
                [
                    4,
                    -7,
                    -5
                ],
                [
                    -7,
                    -9,
                    -10
                ],
                [
                    2,
                    -3,
                    -4
                ],
                [
                    3,
                    -4,
                    -10
                ],
                [
                    7,
                    -3,
                    8
                ],
                [
                    -10,
                    7,
                    9
                ],
                [
                    10,
                    7,
                    -8
                ],
                [
                    5,
                    8,
                    -4
                ],
                [
                    6,
                    -9,
                    2
                ],
                [
                    -9,
                    3,
                    2
                ],
                [
                    -10,
                    -8,
                    -1
                ],
                [
                    -4,
                    8,
                    10
                ],
                [
                    -2,
                    -10,
                    9
                ],
                [
                    -6,
                    -2,
                    9
                ],
                [
                    7,
                    4,
                    -1
                ],
                [
                    7,
                    2,
                    6
                ],
                [
                    -4,
                    8,
                    7
                ],
                [
                    2,
                    -10,
                    4
                ],
                [
                    -5,
                    -1,
                    6
                ],
                [
                    -9,
                    1,
                    -3
                ],
                [
                    -3,
                    4,
                    10
                ],
                [
                    -2,
                    -10,
                    -8
                ],
                [
                    6,
                    7,
                    10
                ],
                [
                    -1,
                    4,
                    10
                ]
            ],
            "{   'fun': 0.98,\n    'jac': None,\n    'nfev': 95,\n    'nit': 2,\n    'njev': 19,\n    'x': array([1.40043079, 0.42343484, 1.58876915, 2.81906105])}",
            {
                "1000001110": 1,
                "0100001110": 1,
                "1010010100": 1,
                "1001010101": 1,
                "0101000110": 1,
                "0011011010": 2,
                "1010100000": 1,
                "0110110011": 1,
                "1011001111": 1,
                "1000111100": 1,
                "0011010001": 1,
                "1111111000": 1,
                "1111001100": 1,
                "1110100011": 1,
                "1001010011": 1,
                "1010111000": 1,
                "0011010100": 1,
                "1010011110": 1,
                "0101110111": 1,
                "0111100010": 1,
                "0010111110": 1,
                "0001010100": 1,
                "1000100100": 1,
                "0010001111": 1,
                "1111101001": 1,
                "0111001100": 1,
                "1011110010": 1,
                "0111101001": 1,
                "0000011000": 1,
                "1011011000": 2,
                "1111101110": 2,
                "0001100110": 1,
                "1111111101": 1,
                "0111001110": 1,
                "0100100101": 1,
                "0000000001": 2,
                "1111101011": 1,
                "1001100100": 1,
                "0101101011": 1,
                "1001111101": 1,
                "0010110010": 1,
                "1111100011": 1,
                "1111001001": 1,
                "0011001000": 1,
                "1101111011": 1,
                "1100100011": 1,
                "0011011100": 1,
                "0111100100": 1,
                "0010001000": 1,
                "1111000101": 1,
                "0101010011": 1,
                "0001101100": 1,
                "1000100110": 1,
                "0000000011": 1,
                "1100001000": 1,
                "0011101001": 1,
                "1001010001": 1,
                "1110001111": 1,
                "1101111010": 1,
                "0000101010": 1,
                "1101010100": 1,
                "1011110100": 2,
                "0011100101": 1,
                "1011111100": 1,
                "1101011010": 1,
                "1110101010": 1,
                "1001110011": 1,
                "1011110000": 2,
                "0101111101": 1,
                "0110111110": 1,
                "0110110000": 1,
                "1110011000": 1,
                "0111011010": 1,
                "0110000011": 1,
                "0110100000": 1,
                "0100101001": 1,
                "0101110000": 1,
                "1110100010": 1,
                "0110111011": 1,
                "0101010010": 1,
                "1100101110": 1,
                "1111010011": 1,
                "0100110010": 1,
                "0001011001": 1,
                "0111101100": 1,
                "0100010000": 1,
                "0001100000": 1,
                "1001001010": 1,
                "0110101001": 1,
                "0011011000": 1,
                "0100011111": 1,
                "1000011011": 1,
                "0001110100": 1,
                "1100001111": 1
            },
            true,
            0.94
        ],
        [
            [
                [
                    3,
                    -4,
                    5
                ],
                [
                    -9,
                    -4,
                    -1
                ],
                [
                    10,
                    6,
                    -2
                ],
                [
                    10,
                    9,
                    -6
                ],
                [
                    8,
                    3,
                    4
                ],
                [
                    -5,
                    3,
                    7
                ],
                [
                    9,
                    -2,
                    6
                ],
                [
                    1,
                    -8,
                    2
                ],
                [
                    -3,
                    6,
                    2
                ],
                [
                    -1,
                    4,
                    8
                ],
                [
                    -8,
                    7,
                    -9
                ],
                [
                    1,
                    -9,
                    8
                ],
                [
                    5,
                    1,
                    -2
                ],
                [
                    8,
                    -2,
                    -10
                ],
                [
                    7,
                    10,
                    8
                ],
                [
                    1,
                    4,
                    -3
                ],
                [
                    -10,
                    -4,
                    -3
                ],
                [
                    -3,
                    9,
                    1
                ],
                [
                    -1,
                    -10,
                    2
                ],
                [
                    3,
                    -2,
                    -6
                ],
                [
                    -10,
                    -6,
                    8
                ],
                [
                    -10,
                    7,
                    -2
                ],
                [
                    10,
                    7,
                    9
                ],
                [
                    6,
                    -9,
                    2
                ],
                [
                    -9,
                    -5,
                    6
                ],
                [
                    8,
                    6,
                    -2
                ],
                [
                    10,
                    7,
                    -8
                ],
                [
                    -9,
                    4,
                    -5
                ],
                [
                    -4,
                    -8,
                    2
                ],
                [
                    6,
                    -9,
                    3
                ],
                [
                    -4,
                    1,
                    -6
                ],
                [
                    -7,
                    8,
                    -2
                ],
                [
                    2,
                    6,
                    3
                ],
                [
                    -1,
                    7,
                    5
                ],
                [
                    -8,
                    3,
                    -9
                ],
                [
                    9,
                    3,
                    -2
                ],
                [
                    -3,
                    -6,
                    5
                ],
                [
                    2,
                    -3,
                    -9
                ],
                [
                    6,
                    -7,
                    4
                ],
                [
                    -1,
                    -5,
                    4
                ],
                [
                    -5,
                    -9,
                    10
                ],
                [
                    9,
                    -2,
                    -8
                ],
                [
                    -9,
                    -8,
                    -2
                ],
                [
                    -6,
                    2,
                    -7
                ],
                [
                    -1,
                    -8,
                    4
                ]
            ],
            "{   'fun': 1.0,\n    'jac': None,\n    'nfev': 5,\n    'nit': 0,\n    'njev': 1,\n    'x': array([2.08764479, 0.08659088, 2.56774958, 1.71863763])}",
            {
                "1100000100": 1,
                "0100000101": 1,
                "1100010010": 1,
                "0110001110": 1,
                "1110100011": 1,
                "0001101101": 1,
                "0001010111": 1,
                "0000101100": 1,
                "0110111001": 1,
                "1011010111": 1,
                "0100001101": 1,
                "1100101100": 1,
                "0101110001": 1,
                "1010111110": 1,
                "1101111100": 1,
                "1111110000": 1,
                "0110011001": 1,
                "1000000000": 1,
                "0111010101": 1,
                "1101111001": 1,
                "1000101111": 1,
                "0100010111": 1,
                "0010100001": 1,
                "1110110011": 1,
                "1010000110": 1,
                "0010010000": 1,
                "1011101101": 1,
                "0100100100": 1,
                "1101110011": 1,
                "1100100010": 1,
                "0000000011": 1,
                "1011011100": 1,
                "0110101010": 1,
                "0101010010": 1,
                "1100111100": 1,
                "1011011001": 1,
                "1101000001": 1,
                "0101001011": 1,
                "0101000111": 2,
                "1000010111": 1,
                "0111011010": 1,
                "1000001101": 1,
                "1010100100": 1,
                "1010101101": 1,
                "0111001100": 1,
                "1010110101": 1,
                "0100010010": 1,
                "1100110110": 1,
                "1000001100": 1,
                "0000001101": 1,
                "1010000000": 1,
                "0000110000": 1,
                "0100111100": 1,
                "1101001001": 1,
                "0010101011": 1,
                "1110000011": 1,
                "0101001000": 1,
                "0100011111": 1,
                "1101101011": 1,
                "0011111011": 1,
                "0001000101": 1,
                "1011001100": 2,
                "1000101100": 1,
                "0000000001": 2,
                "0000011101": 1,
                "1101010010": 1,
                "0010111000": 1,
                "1000011111": 1,
                "0111011101": 1,
                "0101011000": 1,
                "1001011100": 1,
                "0011111100": 1,
                "0101100010": 1,
                "0111101001": 1,
                "0000000000": 1,
                "0001001011": 1,
                "1111100100": 1,
                "0011101111": 1,
                "1111010000": 1,
                "1101101111": 1,
                "1101110100": 1,
                "0100010000": 1,
                "0101010111": 1,
                "1010010101": 1,
                "0110110100": 1,
                "1101001010": 1,
                "0111010000": 1,
                "1001111110": 1,
                "0111100111": 1,
                "0111100000": 1,
                "0110010111": 1,
                "1011100101": 1,
                "1010000111": 1,
                "1110110100": 1,
                "0111110110": 1,
                "0011101101": 1,
                "1111001000": 1
            },
            false,
            1.0
        ]
    ]
}