{
    "n": 10,
    "m": 45,
    "results": [
        [
            [
                [
                    -9,
                    -10,
                    7
                ],
                [
                    -9,
                    -10,
                    6
                ],
                [
                    -7,
                    -10,
                    -6
                ],
                [
                    10,
                    -1,
                    -6
                ],
                [
                    7,
                    5,
                    -3
                ],
                [
                    -4,
                    -7,
                    10
                ],
                [
                    9,
                    3,
                    6
                ],
                [
                    4,
                    -2,
                    -8
                ],
                [
                    -4,
                    5,
                    1
                ],
                [
                    4,
                    -6,
                    -3
                ],
                [
                    6,
                    -7,
                    -4
                ],
                [
                    5,
                    4,
                    -2
                ],
                [
                    4,
                    3,
                    7
                ],
                [
                    -5,
                    2,
                    -1
                ],
                [
                    10,
                    5,
                    -6
                ],
                [
                    -3,
                    7,
                    6
                ],
                [
                    8,
                    -4,
                    3
                ],
                [
                    -1,
                    -6,
                    -2
                ],
                [
                    6,
                    5,
                    10
                ],
                [
                    -7,
                    -5,
                    -9
                ],
                [
                    10,
                    5,
                    -4
                ],
                [
                    -2,
                    -5,
                    -3
                ],
                [
                    -5,
                    10,
                    2
                ],
                [
                    10,
                    -6,
                    -8
                ],
                [
                    6,
                    4,
                    9
                ],
                [
                    -8,
                    -1,
                    7
                ],
                [
                    -7,
                    4,
                    10
                ],
                [
                    3,
                    2,
                    -5
                ],
                [
                    -10,
                    -7,
                    9
                ],
                [
                    -7,
                    -9,
                    4
                ],
                [
                    -8,
                    9,
                    -1
                ],
                [
                    10,
                    9,
                    -7
                ],
                [
                    2,
                    8,
                    -10
                ],
                [
                    -7,
                    -10,
                    -3
                ],
                [
                    2,
                    -9,
                    3
                ],
                [
                    -9,
                    -5,
                    -7
                ],
                [
                    -9,
                    7,
                    -6
                ],
                [
                    6,
                    -9,
                    -2
                ],
                [
                    5,
                    -6,
                    10
                ],
                [
                    9,
                    -10,
                    6
                ],
                [
                    2,
                    6,
                    3
                ],
                [
                    -5,
                    -4,
                    3
                ],
                [
                    2,
                    -6,
                    5
                ],
                [
                    -2,
                    -9,
                    -1
                ],
                [
                    -8,
                    -2,
                    -3
                ]
            ],
            "{   'fun': 5.59,\n    'jac': None,\n    'nfev': 234,\n    'nit': 4,\n    'njev': 26,\n    'x': array([1.5682905 , 2.70425769, 1.11249108, 2.23230753, 1.59969027,\n       3.10670548, 2.43367632, 0.15758602])}",
            {
                "1111111000": 1,
                "0001110001": 1,
                "1111101100": 1,
                "0011110101": 1,
                "1110000101": 1,
                "1010001101": 1,
                "0000001110": 1,
                "0010110010": 1,
                "1100111110": 1,
                "0000011110": 1,
                "1011110010": 1,
                "1101011100": 1,
                "1010000100": 1,
                "1001001111": 1,
                "1000100001": 1,
                "1000010111": 1,
                "1111101110": 1,
                "0011000111": 2,
                "1111110001": 1,
                "0100001101": 1,
                "0011001111": 1,
                "1100011111": 1,
                "0011001000": 1,
                "0000100100": 1,
                "1101010100": 2,
                "0010001100": 1,
                "1101001110": 1,
                "1101011001": 2,
                "0100000011": 1,
                "1000111110": 1,
                "1110100000": 2,
                "1000100100": 1,
                "0101000010": 1,
                "1000011000": 1,
                "0010011111": 1,
                "1101100010": 1,
                "1001100111": 1,
                "0110001110": 1,
                "1001010100": 1,
                "0101011100": 1,
                "0101001001": 1,
                "1111010100": 1,
                "0001010010": 1,
                "1110011100": 1,
                "1110111010": 1,
                "0010010101": 1,
                "0111111000": 2,
                "0101100010": 1,
                "1011000010": 1,
                "0001100010": 1,
                "0110001011": 1,
                "0011001011": 1,
                "1010111000": 2,
                "1111010001": 1,
                "1011000111": 1,
                "0010110101": 1,
                "0010110111": 1,
                "0011000000": 1,
                "0100010011": 1,
                "0010010010": 1,
                "0010011100": 2,
                "0001001110": 1,
                "1110000111": 1,
                "1101000101": 1,
                "1110010101": 1,
                "1000001001": 1,
                "1000011011": 1,
                "0100011000": 1,
                "1111111100": 1,
                "0110001010": 1,
                "1000110000": 1,
                "1010101001": 2,
                "1001000101": 1,
                "0111011100": 1,
                "0111010111": 1,
                "1110111110": 1,
                "0110000111": 1,
                "1100101000": 1,
                "1001000011": 1,
                "1100000000": 1,
                "1001100001": 1,
                "0001010000": 1,
                "0011110110": 1,
                "0111100110": 1,
                "0100110010": 1,
                "1001000100": 1,
                "0101100100": 1,
                "0110010100": 1,
                "0111111111": 2,
                "1000111111": 1,
                "1110010010": 1
            },
            false,
            5.04
        ],
        [
            [
                [
                    -2,
                    3,
                    -1
                ],
                [
                    1,
                    -6,
                    7
                ],
                [
                    2,
                    6,
                    -3
                ],
                [
                    -6,
                    8,
                    7
                ],
                [
                    6,
                    4,
                    -8
                ],
                [
                    -6,
                    2,
                    10
                ],
                [
                    -7,
                    4,
                    -10
                ],
                [
                    -5,
                    7,
                    9
                ],
                [
                    4,
                    -3,
                    5
                ],
                [
                    6,
                    1,
                    -3
                ],
                [
                    2,
                    4,
                    -8
                ],
                [
                    -8,
                    -4,
                    7
                ],
                [
                    7,
                    -8,
                    -10
                ],
                [
                    6,
                    1,
                    5
                ],
                [
                    5,
                    -6,
                    -10
                ],
                [
                    -7,
                    -8,
                    6
                ],
                [
                    -1,
                    6,
                    2
                ],
                [
                    9,
                    -5,
                    -3
                ],
                [
                    -2,
                    -4,
                    -1
                ],
                [
                    5,
                    -2,
                    10
                ],
                [
                    10,
                    -6,
                    4
                ],
                [
                    10,
                    -5,
                    9
                ],
                [
                    2,
                    -6,
                    4
                ],
                [
                    -7,
                    -9,
                    3
                ],
                [
                    -1,
                    9,
                    5
                ],
                [
                    7,
                    -6,
                    -10
                ],
                [
                    -10,
                    -6,
                    8
                ],
                [
                    8,
                    10,
                    5
                ],
                [
                    9,
                    -4,
                    3
                ],
                [
                    9,
                    8,
                    -4
                ],
                [
                    -10,
                    -8,
                    -9
                ],
                [
                    10,
                    1,
                    4
                ],
                [
                    -3,
                    1,
                    5
                ],
                [
                    5,
                    3,
                    -6
                ],
                [
                    -5,
                    -1,
                    3
                ],
                [
                    -5,
                    9,
                    -3
                ],
                [
                    -4,
                    1,
                    7
                ],
                [
                    -3,
                    -10,
                    4
                ],
                [
                    4,
                    -2,
                    -5
                ],
                [
                    2,
                    -3,
                    9
                ],
                [
                    -1,
                    8,
                    7
                ],
                [
                    -4,
                    -7,
                    -9
                ],
                [
                    8,
                    10,
                    1
                ],
                [
                    2,
                    1,
                    10
                ],
                [
                    -10,
                    5,
                    9
                ]
            ],
            "{   'fun': 5.98,\n    'jac': None,\n    'nfev': 180,\n    'nit': 1,\n    'njev': 20,\n    'x': array([0.8454315 , 1.22578642, 2.83200732, 0.82193519, 1.15175699,\n       2.80327599, 0.40026463, 2.63298004])}",
            {
                "0110011100": 1,
                "0011100001": 1,
                "1000111111": 1,
                "0100101111": 1,
                "1111100010": 1,
                "0111001010": 1,
                "1111101100": 1,
                "1101101110": 1,
                "1100111010": 1,
                "1110010111": 1,
                "0111111100": 1,
                "0100100110": 1,
                "1100011010": 1,
                "1100101000": 1,
                "1010000000": 1,
                "0101110101": 1,
                "1001011010": 2,
                "0100000001": 1,
                "0111011011": 2,
                "0011011100": 1,
                "0010001000": 1,
                "1001001001": 1,
                "1011010010": 1,
                "0101001000": 1,
                "1010110011": 1,
                "1111000110": 1,
                "1000000000": 2,
                "1101001100": 1,
                "0000111000": 2,
                "1101101000": 1,
                "0100111100": 1,
                "1110111001": 1,
                "0011110011": 2,
                "0101000000": 1,
                "1000011000": 1,
                "1001110000": 1,
                "1111101011": 3,
                "1100111110": 1,
                "1001100000": 1,
                "0010010000": 1,
                "1001000010": 1,
                "1011011010": 1,
                "0110101101": 1,
                "1001101011": 1,
                "0100100010": 1,
                "0001101011": 3,
                "0101001110": 1,
                "0101000001": 1,
                "0001000010": 1,
                "0000100000": 1,
                "0110101111": 1,
                "0001110111": 1,
                "1001000101": 1,
                "0110001000": 1,
                "1111001011": 1,
                "1100001100": 2,
                "1101000011": 1,
                "1110000110": 1,
                "0110100100": 1,
                "1010010100": 2,
                "0010001101": 1,
                "1000100100": 1,
                "1010100110": 2,
                "0101011111": 2,
                "0100011100": 1,
                "0000110101": 1,
                "1001100100": 1,
                "0010110101": 1,
                "1110100111": 1,
                "1111001000": 1,
                "0010001100": 2,
                "0011101111": 1,
                "1110010010": 1,
                "0001111110": 1,
                "1111110111": 1,
                "0010011001": 1,
                "1100101011": 1,
                "0010110010": 2,
                "1001001110": 1,
                "1011100100": 1,
                "0011110111": 1,
                "1000110110": 1,
                "1000100101": 1,
                "1010001001": 1,
                "0100101011": 1
            },
            false,
            5.12
        ],
        [
            [
                [
                    6,
                    -8,
                    -10
                ],
                [
                    -3,
                    -8,
                    -2
                ],
                [
                    8,
                    10,
                    1
                ],
                [
                    9,
                    -8,
                    6
                ],
                [
                    -8,
                    -3,
                    -6
                ],
                [
                    -1,
                    -10,
                    -3
                ],
                [
                    -1,
                    -6,
                    -3
                ],
                [
                    -5,
                    -3,
                    9
                ],
                [
                    -10,
                    6,
                    -7
                ],
                [
                    -1,
                    -6,
                    2
                ],
                [
                    4,
                    9,
                    -7
                ],
                [
                    2,
                    6,
                    -7
                ],
                [
                    7,
                    10,
                    -6
                ],
                [
                    -2,
                    3,
                    1
                ],
                [
                    -6,
                    4,
                    -7
                ],
                [
                    2,
                    6,
                    -4
                ],
                [
                    8,
                    -5,
                    3
                ],
                [
                    -5,
                    -6,
                    -3
                ],
                [
                    4,
                    5,
                    -1
                ],
                [
                    -6,
                    4,
                    5
                ],
                [
                    1,
                    8,
                    -4
                ],
                [
                    1,
                    -7,
                    -5
                ],
                [
                    -2,
                    -6,
                    7
                ],
                [
                    -7,
                    5,
                    -2
                ],
                [
                    4,
                    10,
                    1
                ],
                [
                    -4,
                    7,
                    5
                ],
                [
                    9,
                    2,
                    -5
                ],
                [
                    2,
                    6,
                    -3
                ],
                [
                    10,
                    4,
                    -6
                ],
                [
                    -9,
                    6,
                    2
                ],
                [
                    8,
                    10,
                    6
                ],
                [
                    -6,
                    -3,
                    -2
                ],
                [
                    10,
                    7,
                    -1
                ],
                [
                    1,
                    9,
                    -5
                ],
                [
                    4,
                    6,
                    1
                ],
                [
                    -7,
                    1,
                    10
                ],
                [
                    6,
                    -3,
                    7
                ],
                [
                    9,
                    10,
                    -1
                ],
                [
                    9,
                    6,
                    1
                ],
                [
                    -8,
                    4,
                    10
                ],
                [
                    -10,
                    3,
                    2
                ],
                [
                    1,
                    6,
                    3
                ],
                [
                    8,
                    -9,
                    -6
                ],
                [
                    -10,
                    -2,
                    -4
                ],
                [
                    -5,
                    -9,
                    4
                ]
            ],
            "{   'fun': 5.63,\n    'jac': None,\n    'nfev': 216,\n    'nit': 2,\n    'njev': 24,\n    'x': array([0.99423138, 0.54689214, 0.10931669, 0.8711891 , 1.93291319,\n       1.39376331, 1.24103796, 2.82472801])}",
            {
                "1010011001": 1,
                "1101110101": 1,
                "1101011001": 1,
                "0011011111": 1,
                "0110010010": 1,
                "0111011110": 1,
                "1101010011": 1,
                "1000111100": 1,
                "0111100001": 1,
                "0010001101": 1,
                "1000100100": 1,
                "1110010111": 1,
                "1110100001": 1,
                "0110110110": 1,
                "1100011100": 1,
                "0010000100": 1,
                "1100010011": 1,
                "0011111110": 1,
                "1110001010": 1,
                "1011111100": 1,
                "1110101100": 1,
                "1101011100": 1,
                "0011001100": 1,
                "1100111100": 1,
                "0001000001": 2,
                "1011110100": 1,
                "0111000101": 1,
                "0001110011": 1,
                "0111111000": 1,
                "0101011110": 1,
                "1000011000": 1,
                "0111001010": 1,
                "1100110000": 1,
                "0000100001": 1,
                "0000010101": 1,
                "0110101011": 1,
                "0000101001": 1,
                "0000101111": 1,
                "0001001100": 1,
                "0000110100": 1,
                "0111000000": 1,
                "0000001000": 1,
                "0101010000": 1,
                "0011101001": 1,
                "1100001000": 3,
                "0001001010": 1,
                "1111100010": 1,
                "0010010000": 1,
                "0011010000": 1,
                "1111100011": 1,
                "0011111010": 1,
                "1101000001": 1,
                "0111010101": 1,
                "1000110110": 1,
                "1010011011": 1,
                "1000111000": 1,
                "1100001101": 1,
                "0001101100": 1,
                "1000000110": 1,
                "0001100001": 1,
                "0111011111": 1,
                "1110111011": 1,
                "0011010101": 1,
                "1111101110": 1,
                "0110000010": 1,
                "0101000110": 1,
                "0011101110": 2,
                "1010011110": 1,
                "1011010111": 1,
                "0000110010": 1,
                "1111001011": 1,
                "0110111100": 1,
                "1011011011": 1,
                "0111010010": 2,
                "0101111000": 1,
                "1101000111": 1,
                "1100010001": 1,
                "1101000100": 1,
                "1111010101": 1,
                "1011001101": 1,
                "1101110110": 1,
                "0011100111": 1,
                "0101000011": 1,
                "1111110111": 1,
                "1010111111": 1,
                "1010001000": 1,
                "0001111011": 1,
                "1001101001": 1,
                "0110011010": 1,
                "0100011111": 1,
                "0000010111": 1,
                "0111101101": 1,
                "1100001111": 1,
                "1110001111": 1,
                "1100110111": 1
            },
            false,
            4.91
        ],
        [
            [
                [
                    7,
                    5,
                    -3
                ],
                [
                    7,
                    -9,
                    8
                ],
                [
                    4,
                    8,
                    -2
                ],
                [
                    -9,
                    10,
                    8
                ],
                [
                    1,
                    -4,
                    -9
                ],
                [
                    5,
                    -7,
                    -4
                ],
                [
                    6,
                    -2,
                    9
                ],
                [
                    -9,
                    2,
                    -5
                ],
                [
                    10,
                    -7,
                    -4
                ],
                [
                    -10,
                    -3,
                    1
                ],
                [
                    10,
                    9,
                    -7
                ],
                [
                    8,
                    7,
                    6
                ],
                [
                    -5,
                    6,
                    -10
                ],
                [
                    6,
                    -4,
                    3
                ],
                [
                    9,
                    1,
                    5
                ],
                [
                    5,
                    4,
                    10
                ],
                [
                    -6,
                    -1,
                    -7
                ],
                [
                    4,
                    6,
                    5
                ],
                [
                    -10,
                    6,
                    -5
                ],
                [
                    6,
                    2,
                    5
                ],
                [
                    -10,
                    7,
                    9
                ],
                [
                    -10,
                    -5,
                    -8
                ],
                [
                    -8,
                    -1,
                    5
                ],
                [
                    -4,
                    9,
                    10
                ],
                [
                    10,
                    9,
                    -4
                ],
                [
                    -4,
                    -5,
                    9
                ],
                [
                    5,
                    -9,
                    10
                ],
                [
                    -1,
                    5,
                    -3
                ],
                [
                    7,
                    4,
                    -2
                ],
                [
                    10,
                    -7,
                    8
                ],
                [
                    -5,
                    -9,
                    -8
                ],
                [
                    10,
                    -5,
                    1
                ],
                [
                    4,
                    -7,
                    8
                ],
                [
                    9,
                    -6,
                    3
                ],
                [
                    -6,
                    2,
                    -1
                ],
                [
                    6,
                    10,
                    -9
                ],
                [
                    -4,
                    7,
                    -9
                ],
                [
                    -7,
                    8,
                    9
                ],
                [
                    10,
                    4,
                    1
                ],
                [
                    1,
                    8,
                    -4
                ],
                [
                    -9,
                    3,
                    10
                ],
                [
                    6,
                    -5,
                    -7
                ],
                [
                    -3,
                    -8,
                    -10
                ],
                [
                    3,
                    8,
                    -1
                ],
                [
                    7,
                    -2,
                    8
                ]
            ],
            "{   'fun': 5.74,\n    'jac': None,\n    'nfev': 252,\n    'nit': 2,\n    'njev': 28,\n    'x': array([2.49340701, 2.50613225, 1.43797081, 1.99463952, 2.42585856,\n       0.0300457 , 0.10068183, 1.16096966])}",
            {
                "1001110101": 1,
                "1110011111": 1,
                "1111000000": 1,
                "0001001100": 1,
                "1101110011": 1,
                "0011100110": 1,
                "0100010011": 1,
                "1110011011": 1,
                "0100101101": 1,
                "1101010010": 1,
                "1100011100": 1,
                "1011000100": 1,
                "1011100111": 1,
                "0010000000": 1,
                "1000101101": 1,
                "1110101011": 1,
                "1101001010": 2,
                "0101101011": 1,
                "0011000010": 1,
                "0000101000": 1,
                "1100111010": 1,
                "1101110110": 1,
                "0001110001": 1,
                "0101011011": 1,
                "0011000100": 1,
                "1110011010": 1,
                "0001101101": 1,
                "1011111001": 1,
                "1101010111": 1,
                "1110110100": 1,
                "1001111011": 1,
                "1110111011": 1,
                "0001011011": 1,
                "1000101110": 1,
                "1111001100": 1,
                "0101111010": 1,
                "1111111000": 2,
                "1001110010": 1,
                "0001001010": 2,
                "1110001110": 2,
                "0100101001": 1,
                "1000010110": 1,
                "1011111101": 1,
                "0011011101": 1,
                "0011110100": 1,
                "1010010101": 1,
                "1010101010": 2,
                "1111111100": 1,
                "0000101011": 1,
                "0100100101": 2,
                "0110101101": 1,
                "0001000000": 1,
                "0110010111": 1,
                "0001011110": 1,
                "1010111001": 1,
                "1001110001": 1,
                "0001000011": 1,
                "0100110110": 1,
                "0100100011": 1,
                "0111111000": 1,
                "1110011001": 1,
                "1111101110": 1,
                "0011000111": 1,
                "0111011001": 1,
                "1000000010": 1,
                "1001100010": 1,
                "0000010000": 1,
                "0100011011": 1,
                "0010100100": 1,
                "0100110111": 2,
                "1110001010": 1,
                "0000110000": 1,
                "0100111100": 1,
                "0010110001": 2,
                "1011010111": 1,
                "1010011110": 1,
                "0111001101": 1,
                "1111110011": 1,
                "0101100110": 1,
                "1101100111": 1,
                "1110100011": 1,
                "1001001110": 1,
                "0100111000": 1,
                "0000010110": 1,
                "1100001101": 1,
                "0111010011": 1,
                "1110100000": 1,
                "1111100111": 1,
                "1010000110": 1,
                "1001001011": 1,
                "1110111000": 1,
                "0010001110": 1
            },
            false,
            5.08
        ],
        [
            [
                [
                    2,
                    7,
                    10
                ],
                [
                    -10,
                    2,
                    -5
                ],
                [
                    2,
                    1,
                    -5
                ],
                [
                    8,
                    -4,
                    -10
                ],
                [
                    10,
                    4,
                    1
                ],
                [
                    -8,
                    -3,
                    5
                ],
                [
                    10,
                    -4,
                    1
                ],
                [
                    -10,
                    4,
                    -2
                ],
                [
                    -9,
                    -1,
                    -2
                ],
                [
                    -5,
                    -8,
                    9
                ],
                [
                    -5,
                    -2,
                    -10
                ],
                [
                    -1,
                    -2,
                    -8
                ],
                [
                    1,
                    6,
                    9
                ],
                [
                    2,
                    1,
                    -6
                ],
                [
                    6,
                    3,
                    -10
                ],
                [
                    5,
                    8,
                    -10
                ],
                [
                    2,
                    4,
                    10
                ],
                [
                    -4,
                    -8,
                    -9
                ],
                [
                    -6,
                    -7,
                    -9
                ],
                [
                    -8,
                    -5,
                    -2
                ],
                [
                    8,
                    -4,
                    9
                ],
                [
                    -7,
                    -5,
                    8
                ],
                [
                    7,
                    5,
                    -1
                ],
                [
                    -3,
                    7,
                    -5
                ],
                [
                    -10,
                    5,
                    -9
                ],
                [
                    9,
                    2,
                    -7
                ],
                [
                    10,
                    -1,
                    -7
                ],
                [
                    -9,
                    6,
                    5
                ],
                [
                    -3,
                    -8,
                    -4
                ],
                [
                    3,
                    10,
                    -1
                ],
                [
                    -5,
                    3,
                    8
                ],
                [
                    -9,
                    8,
                    7
                ],
                [
                    -10,
                    1,
                    -9
                ],
                [
                    1,
                    -3,
                    -6
                ],
                [
                    -6,
                    -4,
                    10
                ],
                [
                    7,
                    -6,
                    4
                ],
                [
                    -6,
                    -10,
                    -4
                ],
                [
                    4,
                    -1,
                    7
                ],
                [
                    -6,
                    -1,
                    10
                ],
                [
                    -1,
                    8,
                    5
                ],
                [
                    5,
                    6,
                    1
                ],
                [
                    7,
                    6,
                    9
                ],
                [
                    -10,
                    2,
                    3
                ],
                [
                    4,
                    7,
                    -6
                ],
                [
                    7,
                    5,
                    1
                ]
            ],
            "{   'fun': 4.72,\n    'jac': None,\n    'nfev': 234,\n    'nit': 3,\n    'njev': 26,\n    'x': array([2.43056353, 2.58611627, 1.58920063, 1.27969015, 0.28672593,\n       1.39678086, 2.72992656, 1.35219815])}",
            {
                "0110111010": 1,
                "0101011001": 1,
                "1111101100": 1,
                "0100010001": 1,
                "1011001000": 1,
                "0100101000": 1,
                "0111001100": 1,
                "1100001010": 1,
                "0010001110": 1,
                "1000001101": 1,
                "1001101101": 2,
                "0101111110": 1,
                "0110111000": 1,
                "1000000101": 1,
                "0110010000": 1,
                "1001000101": 1,
                "0010010000": 1,
                "0101011101": 1,
                "0100101010": 1,
                "1101101000": 1,
                "1100000100": 1,
                "0011101110": 1,
                "1110000101": 2,
                "0010001100": 1,
                "1010000010": 1,
                "0110001101": 1,
                "1100011111": 1,
                "1100011000": 1,
                "0000101011": 2,
                "1000001100": 1,
                "0111001011": 1,
                "1101000100": 1,
                "1000011111": 1,
                "0111101110": 1,
                "1100000000": 1,
                "1110100011": 1,
                "1101111111": 1,
                "0001001011": 1,
                "0110101100": 1,
                "1101011011": 1,
                "1101110110": 1,
                "0001110001": 1,
                "1100101110": 2,
                "0100010101": 1,
                "1110000000": 1,
                "0100110111": 1,
                "1111001000": 1,
                "1010101000": 1,
                "0111101100": 2,
                "1100011110": 1,
                "1010101110": 2,
                "1010110100": 1,
                "0101001010": 1,
                "0000000101": 1,
                "1110101000": 1,
                "0101000110": 1,
                "1100111100": 1,
                "1100100000": 1,
                "1100001101": 1,
                "1010101100": 1,
                "0010001101": 1,
                "1111101000": 2,
                "0100011011": 1,
                "1100010100": 1,
                "0101101001": 1,
                "1110111110": 1,
                "0110101000": 1,
                "1111001001": 1,
                "0100101110": 4,
                "1000000111": 1,
                "1010011101": 1,
                "1111010000": 1,
                "1111010001": 1,
                "1011010010": 1,
                "0000101010": 1,
                "1111111001": 2,
                "1001111111": 1,
                "1001011101": 1,
                "1010100001": 1,
                "1110101110": 2,
                "0110101010": 1,
                "1000101011": 1,
                "0011111110": 1,
                "1110100111": 2,
                "1100000011": 1,
                "1100100010": 1,
                "1001110110": 1
            },
            false,
            4.22
        ]
    ]
}