{
    "n": 10,
    "m": 45,
    "results": [
        [
            [
                [
                    9,
                    -2,
                    4
                ],
                [
                    -6,
                    9,
                    3
                ],
                [
                    5,
                    -8,
                    -3
                ],
                [
                    6,
                    7,
                    8
                ],
                [
                    2,
                    -10,
                    5
                ],
                [
                    -6,
                    10,
                    -1
                ],
                [
                    1,
                    4,
                    -2
                ],
                [
                    10,
                    -8,
                    -4
                ],
                [
                    -1,
                    5,
                    9
                ],
                [
                    1,
                    -5,
                    -7
                ],
                [
                    -3,
                    7,
                    -9
                ],
                [
                    -10,
                    -6,
                    7
                ],
                [
                    -2,
                    -1,
                    9
                ],
                [
                    -8,
                    4,
                    -10
                ],
                [
                    -8,
                    -10,
                    3
                ],
                [
                    -8,
                    -3,
                    -4
                ],
                [
                    7,
                    -10,
                    -8
                ],
                [
                    -3,
                    5,
                    1
                ],
                [
                    -7,
                    5,
                    -4
                ],
                [
                    -3,
                    -7,
                    2
                ],
                [
                    -3,
                    -8,
                    -2
                ],
                [
                    -5,
                    -10,
                    6
                ],
                [
                    9,
                    -5,
                    4
                ],
                [
                    -10,
                    -4,
                    -8
                ],
                [
                    -4,
                    3,
                    8
                ],
                [
                    10,
                    2,
                    -8
                ],
                [
                    -4,
                    -1,
                    8
                ],
                [
                    3,
                    -2,
                    9
                ],
                [
                    9,
                    4,
                    -1
                ],
                [
                    -2,
                    9,
                    5
                ],
                [
                    -3,
                    9,
                    -1
                ],
                [
                    9,
                    6,
                    -1
                ],
                [
                    9,
                    5,
                    -6
                ],
                [
                    -1,
                    9,
                    6
                ],
                [
                    -4,
                    -10,
                    6
                ],
                [
                    9,
                    -2,
                    -5
                ],
                [
                    6,
                    1,
                    7
                ],
                [
                    -5,
                    -8,
                    -3
                ],
                [
                    1,
                    9,
                    -6
                ],
                [
                    7,
                    2,
                    -9
                ],
                [
                    -5,
                    -2,
                    4
                ],
                [
                    -6,
                    -1,
                    -2
                ],
                [
                    -5,
                    -1,
                    7
                ],
                [
                    -8,
                    5,
                    2
                ],
                [
                    -8,
                    -10,
                    -1
                ]
            ],
            "{   'fun': 5.35,\n    'jac': None,\n    'nfev': 261,\n    'nit': 4,\n    'njev': 29,\n    'x': array([1.56829053, 2.70425824, 1.11249136, 2.23230702, 1.5996904 ,\n       3.10670587, 2.43367674, 0.15758631])}",
            {
                "0100000101": 1,
                "1010110000": 1,
                "0111001110": 1,
                "0101111100": 1,
                "1111100101": 1,
                "0111111010": 1,
                "1111000011": 1,
                "0011111111": 1,
                "0111010001": 1,
                "0010110101": 1,
                "0000001100": 1,
                "1111101110": 1,
                "0010110100": 1,
                "0101111101": 1,
                "0111000000": 1,
                "0100110110": 1,
                "0101111000": 1,
                "0110001101": 1,
                "0001100010": 1,
                "1010010011": 1,
                "1010101010": 1,
                "1010000110": 1,
                "1011100101": 1,
                "0111010011": 1,
                "1011110001": 1,
                "1000000010": 2,
                "1010101110": 2,
                "0010011001": 1,
                "0110001000": 1,
                "0010011000": 2,
                "0000010110": 1,
                "1100010010": 1,
                "1101111000": 1,
                "0000111011": 1,
                "0000000101": 2,
                "1111100011": 1,
                "1011010111": 1,
                "1001000100": 1,
                "0111110011": 1,
                "1100010100": 2,
                "1011000010": 1,
                "0001101000": 1,
                "0111101011": 1,
                "0011000011": 1,
                "0001011100": 1,
                "0010001110": 1,
                "1101011111": 1,
                "0010011111": 1,
                "1110111101": 1,
                "1001100000": 2,
                "0100101110": 1,
                "0010100011": 1,
                "0101100110": 1,
                "1101100111": 2,
                "0110101001": 1,
                "1011010101": 4,
                "0111000101": 1,
                "1010011011": 2,
                "0000100010": 1,
                "0111001011": 1,
                "0011111000": 1,
                "1111011100": 1,
                "1100010110": 1,
                "1001100111": 1,
                "1110110111": 1,
                "0011101010": 1,
                "0101000110": 1,
                "0000101010": 1,
                "0010111011": 1,
                "0010011100": 1,
                "1111011111": 1,
                "1100100100": 3,
                "0011001010": 1,
                "0011111001": 1,
                "0000100110": 1,
                "0011001001": 1,
                "1001000011": 1,
                "0000111001": 1,
                "0111010111": 1,
                "1001101000": 1,
                "0001011001": 1,
                "0100101100": 1,
                "0111001001": 1,
                "0101001100": 1,
                "1101101100": 1,
                "0000001001": 1,
                "1101000010": 1
            },
            false,
            4.79
        ],
        [
            [
                [
                    2,
                    -4,
                    5
                ],
                [
                    8,
                    -3,
                    5
                ],
                [
                    -1,
                    7,
                    3
                ],
                [
                    3,
                    4,
                    7
                ],
                [
                    4,
                    1,
                    9
                ],
                [
                    -4,
                    9,
                    2
                ],
                [
                    2,
                    -3,
                    7
                ],
                [
                    -7,
                    -10,
                    -1
                ],
                [
                    -3,
                    -10,
                    8
                ],
                [
                    9,
                    4,
                    -2
                ],
                [
                    -8,
                    -5,
                    -10
                ],
                [
                    -6,
                    -7,
                    4
                ],
                [
                    -9,
                    4,
                    -7
                ],
                [
                    -3,
                    7,
                    5
                ],
                [
                    9,
                    -10,
                    -3
                ],
                [
                    -4,
                    -9,
                    -2
                ],
                [
                    -7,
                    5,
                    -1
                ],
                [
                    4,
                    7,
                    -3
                ],
                [
                    5,
                    4,
                    -10
                ],
                [
                    -1,
                    2,
                    9
                ],
                [
                    -5,
                    4,
                    -9
                ],
                [
                    5,
                    -7,
                    9
                ],
                [
                    9,
                    -8,
                    7
                ],
                [
                    3,
                    5,
                    4
                ],
                [
                    5,
                    -9,
                    -10
                ],
                [
                    5,
                    -9,
                    -6
                ],
                [
                    -8,
                    -4,
                    -10
                ],
                [
                    7,
                    -8,
                    1
                ],
                [
                    2,
                    4,
                    -5
                ],
                [
                    -8,
                    10,
                    4
                ],
                [
                    -4,
                    9,
                    5
                ],
                [
                    2,
                    -9,
                    10
                ],
                [
                    8,
                    6,
                    10
                ],
                [
                    -4,
                    5,
                    -10
                ],
                [
                    6,
                    9,
                    2
                ],
                [
                    -2,
                    4,
                    -5
                ],
                [
                    -5,
                    2,
                    -7
                ],
                [
                    -6,
                    9,
                    -7
                ],
                [
                    3,
                    -9,
                    -4
                ],
                [
                    3,
                    5,
                    6
                ],
                [
                    5,
                    -10,
                    2
                ],
                [
                    1,
                    2,
                    -10
                ],
                [
                    -2,
                    9,
                    -7
                ],
                [
                    3,
                    6,
                    2
                ],
                [
                    5,
                    -7,
                    4
                ]
            ],
            "{   'fun': 5.76,\n    'jac': None,\n    'nfev': 189,\n    'nit': 1,\n    'njev': 21,\n    'x': array([0.8454316 , 1.22578615, 2.83200723, 0.82193494, 1.15175673,\n       2.80327568, 0.40026453, 2.63297965])}",
            {
                "0100101111": 1,
                "0100001101": 1,
                "0000000110": 1,
                "1100101010": 1,
                "0110010111": 1,
                "1110111001": 1,
                "1011101111": 1,
                "0111100110": 1,
                "1101101100": 1,
                "1111011100": 1,
                "1011001110": 1,
                "0011111000": 1,
                "0111101010": 2,
                "0010101111": 1,
                "1111111000": 1,
                "0111101111": 1,
                "0011010000": 1,
                "0100111010": 1,
                "0100110101": 1,
                "0110010100": 1,
                "0100011010": 1,
                "0001000100": 2,
                "1010000000": 1,
                "1001010100": 1,
                "0101110110": 1,
                "0101011011": 1,
                "1111110000": 1,
                "1010001011": 1,
                "1010000101": 1,
                "1001010101": 1,
                "0100011110": 1,
                "1100011100": 1,
                "0110011001": 1,
                "1110110001": 1,
                "1001100100": 1,
                "1000000011": 2,
                "1001101011": 1,
                "1101101101": 1,
                "0011100110": 1,
                "0010100100": 1,
                "1110000111": 2,
                "0011001101": 1,
                "1001010000": 1,
                "0110100111": 1,
                "0100111110": 1,
                "1101100011": 1,
                "1100000000": 2,
                "0010011111": 1,
                "1111001111": 1,
                "1001100001": 1,
                "1101111100": 2,
                "0110001000": 2,
                "1001000101": 1,
                "0101011110": 1,
                "0100000110": 1,
                "0111011010": 1,
                "0110100001": 1,
                "1000100110": 1,
                "1011100001": 1,
                "1110101000": 1,
                "0001000111": 1,
                "0000111100": 1,
                "1100101101": 1,
                "0100100000": 1,
                "0101100101": 1,
                "0011011011": 1,
                "1111000100": 1,
                "1010011111": 1,
                "1100100011": 2,
                "1000101100": 1,
                "0101100000": 1,
                "0111001100": 1,
                "1101100101": 1,
                "1001001111": 1,
                "1111001000": 1,
                "0110001111": 1,
                "1100101110": 1,
                "0001110001": 1,
                "0111001111": 1,
                "1111010001": 1,
                "1110010111": 1,
                "0101011010": 1,
                "1010000001": 1,
                "1010000011": 1,
                "1111100110": 1,
                "0100101100": 1,
                "1000110110": 1,
                "1110100010": 1,
                "0001110111": 1,
                "1011010110": 1,
                "1110000011": 1,
                "0000001011": 1
            },
            false,
            4.49
        ],
        [
            [
                [
                    -8,
                    3,
                    5
                ],
                [
                    6,
                    -3,
                    2
                ],
                [
                    -7,
                    1,
                    -10
                ],
                [
                    -8,
                    -9,
                    3
                ],
                [
                    -5,
                    -7,
                    -4
                ],
                [
                    8,
                    -3,
                    -7
                ],
                [
                    -3,
                    -10,
                    -8
                ],
                [
                    -10,
                    3,
                    7
                ],
                [
                    4,
                    9,
                    -7
                ],
                [
                    -1,
                    -6,
                    -7
                ],
                [
                    -10,
                    -2,
                    -8
                ],
                [
                    10,
                    2,
                    8
                ],
                [
                    -6,
                    -1,
                    9
                ],
                [
                    -3,
                    -1,
                    -6
                ],
                [
                    -8,
                    4,
                    -9
                ],
                [
                    6,
                    5,
                    -10
                ],
                [
                    4,
                    3,
                    -9
                ],
                [
                    -10,
                    -1,
                    7
                ],
                [
                    -2,
                    3,
                    -6
                ],
                [
                    -4,
                    5,
                    8
                ],
                [
                    1,
                    -10,
                    8
                ],
                [
                    2,
                    3,
                    9
                ],
                [
                    -6,
                    9,
                    4
                ],
                [
                    6,
                    5,
                    -7
                ],
                [
                    -3,
                    -2,
                    4
                ],
                [
                    -1,
                    10,
                    -3
                ],
                [
                    7,
                    -3,
                    9
                ],
                [
                    9,
                    7,
                    10
                ],
                [
                    -2,
                    -3,
                    -10
                ],
                [
                    -7,
                    8,
                    -9
                ],
                [
                    8,
                    3,
                    10
                ],
                [
                    -8,
                    -5,
                    -7
                ],
                [
                    4,
                    -5,
                    1
                ],
                [
                    1,
                    5,
                    -4
                ],
                [
                    8,
                    -7,
                    1
                ],
                [
                    2,
                    -7,
                    -4
                ],
                [
                    4,
                    10,
                    -1
                ],
                [
                    1,
                    -7,
                    8
                ],
                [
                    10,
                    8,
                    -5
                ],
                [
                    -1,
                    -3,
                    4
                ],
                [
                    -8,
                    -1,
                    -2
                ],
                [
                    3,
                    -9,
                    -2
                ],
                [
                    5,
                    -2,
                    4
                ],
                [
                    10,
                    -3,
                    -1
                ],
                [
                    3,
                    10,
                    -7
                ]
            ],
            "{   'fun': 5.27,\n    'jac': None,\n    'nfev': 207,\n    'nit': 2,\n    'njev': 23,\n    'x': array([0.9942314 , 0.54689219, 0.10931673, 0.87118909, 1.9329132 ,\n       1.39376335, 1.24103799, 2.824728  ])}",
            {
                "0110110111": 1,
                "1011101010": 1,
                "1001100000": 1,
                "1100101010": 1,
                "0100000010": 1,
                "1011101100": 1,
                "1111100100": 2,
                "1101100001": 1,
                "1010000011": 1,
                "0110001000": 1,
                "1101101111": 1,
                "0001110010": 1,
                "1100000011": 1,
                "0110111000": 1,
                "1100111010": 1,
                "0000111000": 1,
                "0100011011": 1,
                "0101011111": 1,
                "1000110110": 1,
                "0101110101": 1,
                "0011001011": 2,
                "0001100010": 1,
                "1100000100": 2,
                "0111000110": 1,
                "1111100001": 2,
                "0101010001": 1,
                "1111110101": 1,
                "1100000000": 1,
                "0010101000": 1,
                "0101111000": 1,
                "1000011000": 1,
                "1001010111": 1,
                "0100110111": 1,
                "1101111110": 1,
                "0000100011": 1,
                "0100111001": 1,
                "1111010000": 1,
                "1101011101": 1,
                "0010101100": 1,
                "1011111010": 1,
                "1010000010": 1,
                "0001100011": 1,
                "1010110010": 1,
                "0111010000": 1,
                "0001100100": 2,
                "1110110110": 1,
                "1100101100": 1,
                "1010110100": 2,
                "1111101101": 1,
                "1101000000": 1,
                "0111001010": 2,
                "0101111010": 1,
                "1110110111": 1,
                "0110010101": 1,
                "1011110011": 1,
                "0000110000": 1,
                "1000111111": 1,
                "1001111100": 1,
                "1011001101": 1,
                "1111110001": 1,
                "1000011100": 1,
                "1010001100": 1,
                "1001110110": 2,
                "1001100111": 1,
                "1111011100": 1,
                "0000101010": 1,
                "0111000011": 1,
                "1011010110": 1,
                "0101100001": 1,
                "1001110111": 1,
                "0000110010": 1,
                "0000011100": 1,
                "0111000111": 2,
                "0001110111": 1,
                "0100011000": 1,
                "0000101011": 1,
                "0001011100": 1,
                "0101101000": 1,
                "0000010100": 1,
                "0111110100": 1,
                "1100111110": 1,
                "0011110011": 1,
                "0101110100": 2,
                "0010010010": 1,
                "0110111111": 1,
                "0101111101": 2,
                "0111110010": 1,
                "0110101000": 1,
                "1101101011": 1
            },
            false,
            4.78
        ],
        [
            [
                [
                    2,
                    3,
                    -10
                ],
                [
                    5,
                    7,
                    -4
                ],
                [
                    8,
                    2,
                    -5
                ],
                [
                    2,
                    5,
                    7
                ],
                [
                    4,
                    -8,
                    1
                ],
                [
                    -8,
                    -5,
                    -7
                ],
                [
                    -7,
                    -1,
                    10
                ],
                [
                    -8,
                    7,
                    1
                ],
                [
                    -10,
                    2,
                    7
                ],
                [
                    4,
                    5,
                    6
                ],
                [
                    -4,
                    -9,
                    6
                ],
                [
                    -2,
                    -9,
                    -10
                ],
                [
                    9,
                    3,
                    -2
                ],
                [
                    -6,
                    5,
                    2
                ],
                [
                    2,
                    5,
                    4
                ],
                [
                    9,
                    -8,
                    7
                ],
                [
                    -4,
                    10,
                    -1
                ],
                [
                    -5,
                    -7,
                    -6
                ],
                [
                    -7,
                    -8,
                    10
                ],
                [
                    -8,
                    -2,
                    1
                ],
                [
                    3,
                    -5,
                    8
                ],
                [
                    1,
                    -2,
                    6
                ],
                [
                    6,
                    9,
                    -8
                ],
                [
                    -7,
                    4,
                    -3
                ],
                [
                    -2,
                    -4,
                    -8
                ],
                [
                    -2,
                    7,
                    -4
                ],
                [
                    10,
                    -3,
                    8
                ],
                [
                    -6,
                    -5,
                    7
                ],
                [
                    -8,
                    9,
                    10
                ],
                [
                    8,
                    9,
                    4
                ],
                [
                    6,
                    5,
                    -10
                ],
                [
                    4,
                    1,
                    -9
                ],
                [
                    2,
                    6,
                    4
                ],
                [
                    5,
                    7,
                    3
                ],
                [
                    -9,
                    -2,
                    -10
                ],
                [
                    10,
                    -1,
                    3
                ],
                [
                    -5,
                    -7,
                    -2
                ],
                [
                    7,
                    10,
                    -9
                ],
                [
                    8,
                    -1,
                    6
                ],
                [
                    9,
                    -6,
                    8
                ],
                [
                    -1,
                    3,
                    -8
                ],
                [
                    -8,
                    3,
                    6
                ],
                [
                    -4,
                    7,
                    5
                ],
                [
                    5,
                    10,
                    4
                ],
                [
                    6,
                    -7,
                    -5
                ]
            ],
            "{   'fun': 5.25,\n    'jac': None,\n    'nfev': 252,\n    'nit': 3,\n    'njev': 28,\n    'x': array([2.49340687, 2.50613165, 1.43797142, 1.99464072, 2.42585868,\n       0.03004678, 0.10068164, 1.16097013])}",
            {
                "0010001111": 1,
                "1000011101": 1,
                "1001001101": 1,
                "0110110100": 1,
                "0110110010": 1,
                "0010011110": 1,
                "0011100000": 1,
                "0110000100": 1,
                "1000011100": 1,
                "0110010100": 1,
                "0101001110": 1,
                "1011001110": 1,
                "0010100100": 1,
                "1111000000": 1,
                "1111111101": 1,
                "0111101010": 1,
                "0111001010": 1,
                "1110011000": 1,
                "0110001010": 1,
                "1000100111": 1,
                "0110000000": 1,
                "0111100011": 1,
                "0111110110": 1,
                "1110010001": 1,
                "0101101100": 1,
                "1001111011": 1,
                "1100011000": 1,
                "0001000010": 1,
                "0110111100": 1,
                "1000101101": 1,
                "0101010110": 1,
                "0110011001": 1,
                "0000001000": 1,
                "0011111011": 1,
                "1000111001": 1,
                "0000011111": 1,
                "1010100001": 1,
                "0110010010": 3,
                "0101101110": 1,
                "0110100110": 1,
                "0001100001": 1,
                "1001011001": 1,
                "1110111000": 1,
                "0100011101": 1,
                "0110011101": 1,
                "0100101010": 1,
                "1100111110": 1,
                "0110100111": 2,
                "0111101110": 1,
                "0011000101": 1,
                "1110001010": 2,
                "0100101000": 1,
                "0000110001": 1,
                "1111100101": 1,
                "1000111101": 1,
                "1011100110": 1,
                "0000110111": 1,
                "1100110110": 1,
                "1000100011": 1,
                "0010010111": 1,
                "0010101001": 1,
                "1111001000": 1,
                "1010010110": 1,
                "1111100001": 1,
                "0111011100": 1,
                "0101100000": 1,
                "0100010011": 1,
                "0111110011": 1,
                "1000011000": 1,
                "0011111111": 1,
                "1110011011": 2,
                "1001000000": 1,
                "1011000010": 1,
                "0110000101": 1,
                "0111110111": 1,
                "0000101010": 2,
                "1110111100": 1,
                "0000111111": 1,
                "0111011011": 1,
                "0110101011": 1,
                "1110101001": 1,
                "0101000100": 1,
                "0000000010": 1,
                "1001000110": 1,
                "0000110101": 1,
                "0111011000": 1,
                "0001111110": 1,
                "1100101100": 1,
                "0000000110": 1,
                "0111100010": 1,
                "0010111110": 1,
                "0100101110": 1,
                "0011100100": 1,
                "0011101100": 1
            },
            false,
            4.91
        ],
        [
            [
                [
                    8,
                    -2,
                    -7
                ],
                [
                    2,
                    9,
                    -5
                ],
                [
                    7,
                    6,
                    -3
                ],
                [
                    4,
                    7,
                    -2
                ],
                [
                    9,
                    -4,
                    1
                ],
                [
                    -1,
                    9,
                    -2
                ],
                [
                    6,
                    4,
                    -7
                ],
                [
                    -8,
                    1,
                    -6
                ],
                [
                    6,
                    2,
                    3
                ],
                [
                    2,
                    6,
                    7
                ],
                [
                    -7,
                    -5,
                    10
                ],
                [
                    8,
                    6,
                    -9
                ],
                [
                    9,
                    -4,
                    3
                ],
                [
                    -7,
                    -4,
                    -2
                ],
                [
                    -6,
                    -8,
                    9
                ],
                [
                    -8,
                    -4,
                    2
                ],
                [
                    -6,
                    3,
                    10
                ],
                [
                    -10,
                    -7,
                    6
                ],
                [
                    -7,
                    2,
                    -10
                ],
                [
                    9,
                    6,
                    -2
                ],
                [
                    6,
                    -9,
                    -3
                ],
                [
                    5,
                    -7,
                    8
                ],
                [
                    -9,
                    -10,
                    7
                ],
                [
                    -5,
                    -9,
                    -6
                ],
                [
                    -7,
                    -9,
                    10
                ],
                [
                    9,
                    1,
                    5
                ],
                [
                    -8,
                    -9,
                    -2
                ],
                [
                    -1,
                    9,
                    -2
                ],
                [
                    -5,
                    2,
                    -6
                ],
                [
                    -8,
                    -6,
                    10
                ],
                [
                    4,
                    -7,
                    -8
                ],
                [
                    9,
                    2,
                    -7
                ],
                [
                    1,
                    2,
                    5
                ],
                [
                    10,
                    9,
                    7
                ],
                [
                    8,
                    -4,
                    7
                ],
                [
                    5,
                    -7,
                    -8
                ],
                [
                    3,
                    1,
                    10
                ],
                [
                    9,
                    6,
                    10
                ],
                [
                    5,
                    3,
                    8
                ],
                [
                    1,
                    7,
                    4
                ],
                [
                    -5,
                    3,
                    -1
                ],
                [
                    -2,
                    7,
                    -5
                ],
                [
                    -10,
                    -6,
                    -8
                ],
                [
                    -8,
                    -5,
                    -1
                ],
                [
                    9,
                    -6,
                    7
                ]
            ],
            "{   'fun': 4.64,\n    'jac': None,\n    'nfev': 243,\n    'nit': 3,\n    'njev': 27,\n    'x': array([2.43056353, 2.58611628, 1.5892006 , 1.27968989, 0.28672616,\n       1.3967811 , 2.72992652, 1.35219799])}",
            {
                "1101001100": 1,
                "1110101111": 1,
                "1110110111": 1,
                "1001011111": 1,
                "1111010011": 1,
                "1100000001": 1,
                "0110100100": 1,
                "1000011011": 1,
                "1010011000": 1,
                "1101110010": 1,
                "1101000101": 1,
                "1101000000": 1,
                "1000100000": 1,
                "1101010011": 1,
                "1011110010": 1,
                "0101101110": 1,
                "0011000010": 1,
                "0010111100": 1,
                "1010100001": 1,
                "0111010101": 1,
                "1101100110": 2,
                "1100000100": 1,
                "0000110111": 1,
                "0011111011": 1,
                "0100010101": 1,
                "0010001101": 1,
                "0011110000": 1,
                "1010010101": 1,
                "1110000001": 2,
                "0010110011": 1,
                "0001011110": 1,
                "0110100011": 2,
                "1000011101": 2,
                "1011010010": 1,
                "0010011110": 1,
                "1110000111": 1,
                "1010110010": 2,
                "1110101011": 1,
                "0100111000": 1,
                "1110011110": 1,
                "1110010011": 2,
                "0001110110": 1,
                "1001101000": 1,
                "1011000000": 1,
                "1010110110": 1,
                "0001100110": 1,
                "1010010010": 1,
                "0011010000": 1,
                "1101101011": 1,
                "0011101010": 2,
                "1010100010": 1,
                "1110011111": 1,
                "1110010110": 1,
                "1000000110": 1,
                "1101000100": 1,
                "0111001011": 1,
                "1100010110": 1,
                "0011000011": 2,
                "1111000010": 1,
                "1010000110": 3,
                "0001000011": 1,
                "0101110001": 2,
                "0001111000": 1,
                "1110011011": 1,
                "0110010101": 1,
                "1010011110": 1,
                "1010110011": 1,
                "1011010111": 1,
                "0111011011": 1,
                "1110110101": 1,
                "1010001010": 1,
                "1111011010": 1,
                "0110111011": 1,
                "0011001111": 1,
                "1111011111": 1,
                "1100100100": 1,
                "0010110010": 1,
                "1010111011": 1,
                "0110110101": 1,
                "0011001011": 1,
                "0110001011": 2,
                "0100100110": 1,
                "1010001011": 1,
                "1110000110": 1,
                "1010111010": 1,
                "1110100111": 1,
                "0100001111": 1,
                "1010010011": 1
            },
            false,
            4.23
        ]
    ]
}