{
    "n": 10,
    "m": 45,
    "results": [
        [
            [
                [
                    5,
                    -7,
                    -6
                ],
                [
                    2,
                    1,
                    -6
                ],
                [
                    -6,
                    -2,
                    4
                ],
                [
                    10,
                    -1,
                    6
                ],
                [
                    -2,
                    -8,
                    -1
                ],
                [
                    3,
                    -2,
                    1
                ],
                [
                    -5,
                    -7,
                    -10
                ],
                [
                    -4,
                    -7,
                    5
                ],
                [
                    -6,
                    2,
                    -1
                ],
                [
                    -7,
                    -4,
                    10
                ],
                [
                    -2,
                    9,
                    -6
                ],
                [
                    4,
                    -7,
                    -5
                ],
                [
                    6,
                    3,
                    -4
                ],
                [
                    9,
                    7,
                    3
                ],
                [
                    7,
                    3,
                    4
                ],
                [
                    1,
                    -7,
                    4
                ],
                [
                    -3,
                    -5,
                    -6
                ],
                [
                    1,
                    8,
                    6
                ],
                [
                    8,
                    -10,
                    -6
                ],
                [
                    9,
                    -5,
                    8
                ],
                [
                    6,
                    -7,
                    4
                ],
                [
                    -7,
                    -6,
                    -10
                ],
                [
                    -6,
                    -10,
                    8
                ],
                [
                    -7,
                    1,
                    8
                ],
                [
                    -9,
                    -10,
                    2
                ],
                [
                    10,
                    -6,
                    -8
                ],
                [
                    -8,
                    -5,
                    7
                ],
                [
                    -3,
                    9,
                    2
                ],
                [
                    -7,
                    2,
                    -5
                ],
                [
                    -4,
                    3,
                    -10
                ],
                [
                    -2,
                    -6,
                    -9
                ],
                [
                    7,
                    -6,
                    4
                ],
                [
                    -9,
                    -4,
                    3
                ],
                [
                    8,
                    -6,
                    -2
                ],
                [
                    8,
                    7,
                    -9
                ],
                [
                    -7,
                    5,
                    -10
                ],
                [
                    -1,
                    -6,
                    -5
                ],
                [
                    -7,
                    -5,
                    -10
                ],
                [
                    4,
                    6,
                    7
                ],
                [
                    10,
                    1,
                    -8
                ],
                [
                    -1,
                    3,
                    10
                ],
                [
                    -4,
                    -2,
                    6
                ],
                [
                    9,
                    -1,
                    7
                ],
                [
                    3,
                    -10,
                    6
                ],
                [
                    5,
                    9,
                    2
                ]
            ],
            "{   'fun': 6.07,\n    'jac': None,\n    'nfev': 252,\n    'nit': 3,\n    'njev': 28,\n    'x': array([1.56829063, 2.70425773, 1.11249106, 2.23230746, 1.59969052,\n       3.10670575, 2.43367609, 0.15758597])}",
            {
                "1011110111": 1,
                "0011100001": 1,
                "1100000011": 1,
                "1100001110": 1,
                "1101010011": 1,
                "1011100011": 1,
                "0110011011": 1,
                "0101001011": 1,
                "1100100110": 1,
                "0000011001": 1,
                "1110000111": 1,
                "0100100001": 1,
                "0011100101": 1,
                "0101011111": 1,
                "0100100011": 1,
                "0000110100": 1,
                "0000010011": 1,
                "1000011011": 1,
                "0011111011": 1,
                "1001001111": 1,
                "0001011000": 1,
                "1011111000": 1,
                "0011000000": 1,
                "1010011001": 1,
                "0110100011": 1,
                "0110000110": 1,
                "0110010010": 1,
                "1011000001": 1,
                "0011011110": 2,
                "0011110010": 1,
                "0010001110": 1,
                "0010111000": 1,
                "0111100001": 1,
                "1111010000": 1,
                "0011000101": 1,
                "1110011101": 2,
                "0001000111": 1,
                "1110110100": 1,
                "1110100111": 1,
                "0111000110": 1,
                "1011101101": 2,
                "1001010011": 1,
                "1100110001": 1,
                "1011101001": 1,
                "1001110010": 1,
                "1110100011": 1,
                "0010101101": 1,
                "1001100101": 1,
                "1110101010": 1,
                "1001101100": 1,
                "1100000111": 1,
                "1000111110": 1,
                "1111001011": 1,
                "0001010111": 1,
                "0010111101": 1,
                "0101111101": 1,
                "0111110010": 1,
                "1010000100": 1,
                "0110110010": 1,
                "1010110101": 2,
                "1000000100": 1,
                "0011010001": 1,
                "1100111011": 1,
                "1110110101": 1,
                "0100000001": 1,
                "1011000011": 1,
                "1010001111": 1,
                "1011110011": 1,
                "0011001000": 1,
                "1100011111": 2,
                "0110010000": 1,
                "0001001101": 1,
                "0011010010": 1,
                "0111001000": 1,
                "1000110110": 2,
                "1001110100": 2,
                "0011010101": 2,
                "0010011110": 1,
                "0011101111": 1,
                "0011001001": 1,
                "0001001111": 1,
                "1010100011": 1,
                "0001001100": 1,
                "0010101010": 1,
                "0110111000": 1,
                "0111000101": 1,
                "0101111011": 1,
                "1010010111": 1,
                "0100101010": 1,
                "0110100010": 1,
                "1111111110": 1,
                "1010101110": 1
            },
            false,
            4.86
        ],
        [
            [
                [
                    -3,
                    2,
                    4
                ],
                [
                    -2,
                    -4,
                    9
                ],
                [
                    -3,
                    5,
                    4
                ],
                [
                    -8,
                    6,
                    -7
                ],
                [
                    8,
                    5,
                    -6
                ],
                [
                    10,
                    -8,
                    5
                ],
                [
                    6,
                    9,
                    -3
                ],
                [
                    3,
                    8,
                    -7
                ],
                [
                    -4,
                    -2,
                    6
                ],
                [
                    7,
                    -5,
                    9
                ],
                [
                    9,
                    8,
                    4
                ],
                [
                    -5,
                    7,
                    -10
                ],
                [
                    9,
                    -3,
                    -2
                ],
                [
                    2,
                    -10,
                    5
                ],
                [
                    9,
                    8,
                    -4
                ],
                [
                    1,
                    -7,
                    -8
                ],
                [
                    -1,
                    9,
                    -2
                ],
                [
                    3,
                    -5,
                    -8
                ],
                [
                    -3,
                    -9,
                    4
                ],
                [
                    5,
                    4,
                    -8
                ],
                [
                    10,
                    -9,
                    2
                ],
                [
                    2,
                    3,
                    -4
                ],
                [
                    3,
                    7,
                    -2
                ],
                [
                    1,
                    4,
                    -2
                ],
                [
                    2,
                    1,
                    7
                ],
                [
                    -7,
                    1,
                    -10
                ],
                [
                    5,
                    -3,
                    4
                ],
                [
                    -5,
                    -2,
                    6
                ],
                [
                    1,
                    -7,
                    6
                ],
                [
                    -4,
                    1,
                    -2
                ],
                [
                    7,
                    3,
                    9
                ],
                [
                    4,
                    -10,
                    -6
                ],
                [
                    -9,
                    7,
                    -1
                ],
                [
                    7,
                    -2,
                    8
                ],
                [
                    2,
                    -7,
                    -3
                ],
                [
                    1,
                    3,
                    6
                ],
                [
                    4,
                    6,
                    7
                ],
                [
                    -8,
                    5,
                    1
                ],
                [
                    7,
                    -6,
                    -2
                ],
                [
                    1,
                    -3,
                    9
                ],
                [
                    -10,
                    -4,
                    -2
                ],
                [
                    -7,
                    8,
                    -2
                ],
                [
                    7,
                    6,
                    10
                ],
                [
                    -3,
                    2,
                    -9
                ],
                [
                    -8,
                    4,
                    -9
                ]
            ],
            "{   'fun': 5.99,\n    'jac': None,\n    'nfev': 252,\n    'nit': 3,\n    'njev': 28,\n    'x': array([0.84543265, 1.22578647, 2.83200871, 0.82193656, 1.15175746,\n       2.80327713, 0.40026539, 2.63298018])}",
            {
                "0011001010": 1,
                "0011001100": 1,
                "0001000101": 1,
                "1010111101": 1,
                "0101001010": 1,
                "0001010110": 1,
                "0101111100": 1,
                "1111000111": 1,
                "1001110110": 1,
                "1111000000": 1,
                "0011110010": 1,
                "1001111101": 1,
                "1001011101": 1,
                "0001011001": 1,
                "1010001001": 1,
                "1101100001": 1,
                "1000010001": 1,
                "1000111110": 1,
                "0000000100": 1,
                "1001010011": 1,
                "1011100000": 1,
                "0101111101": 2,
                "0101001000": 1,
                "0110011100": 1,
                "0001101011": 1,
                "1110100101": 1,
                "1011010110": 1,
                "0101111011": 1,
                "1101010001": 1,
                "1010110000": 1,
                "1001101010": 1,
                "1000010010": 1,
                "0011100111": 1,
                "1110000001": 2,
                "0000111101": 2,
                "0110000110": 1,
                "0110010010": 1,
                "1100010111": 1,
                "1110110100": 1,
                "0100110101": 1,
                "1010100111": 2,
                "1000111101": 1,
                "1101010000": 1,
                "1001101000": 1,
                "1011000000": 1,
                "0101110001": 1,
                "1011000110": 1,
                "1011001111": 1,
                "0111100110": 1,
                "1110101000": 1,
                "0011101001": 1,
                "1001110010": 1,
                "0101101110": 1,
                "0100000000": 1,
                "1111101001": 1,
                "0001101100": 1,
                "0101010011": 1,
                "0011100010": 1,
                "0010000101": 1,
                "0111000001": 1,
                "0000010011": 1,
                "1010010100": 1,
                "0110100111": 1,
                "0101100100": 1,
                "0110111101": 1,
                "1101001110": 1,
                "1100111110": 1,
                "1101000111": 1,
                "1000010011": 1,
                "0001101001": 2,
                "1110110011": 1,
                "0111011100": 2,
                "1100111000": 1,
                "0000101011": 1,
                "1011010011": 1,
                "1110011011": 1,
                "0011011001": 1,
                "1011011001": 1,
                "1100011111": 1,
                "0000110001": 1,
                "0111100111": 1,
                "1010100100": 1,
                "0000110111": 1,
                "1011100110": 1,
                "0111001110": 1,
                "0001110010": 2,
                "1011000100": 1,
                "0011100100": 1,
                "1001101111": 1,
                "1010001010": 1,
                "0100011100": 1,
                "1110010100": 1,
                "1110011001": 1
            },
            false,
            4.95
        ],
        [
            [
                [
                    -1,
                    5,
                    -4
                ],
                [
                    -7,
                    -5,
                    6
                ],
                [
                    -5,
                    -4,
                    -1
                ],
                [
                    -8,
                    -10,
                    4
                ],
                [
                    8,
                    -4,
                    10
                ],
                [
                    -2,
                    -4,
                    1
                ],
                [
                    -3,
                    8,
                    -5
                ],
                [
                    6,
                    -8,
                    3
                ],
                [
                    -6,
                    9,
                    -5
                ],
                [
                    -6,
                    -5,
                    -8
                ],
                [
                    10,
                    -8,
                    -3
                ],
                [
                    2,
                    -4,
                    -7
                ],
                [
                    -6,
                    5,
                    -1
                ],
                [
                    4,
                    -1,
                    3
                ],
                [
                    -1,
                    -3,
                    -6
                ],
                [
                    1,
                    -8,
                    10
                ],
                [
                    2,
                    8,
                    6
                ],
                [
                    8,
                    -3,
                    1
                ],
                [
                    5,
                    7,
                    10
                ],
                [
                    1,
                    -3,
                    2
                ],
                [
                    -4,
                    8,
                    -1
                ],
                [
                    4,
                    9,
                    -8
                ],
                [
                    -3,
                    -4,
                    6
                ],
                [
                    7,
                    -10,
                    -1
                ],
                [
                    -7,
                    -4,
                    -5
                ],
                [
                    -10,
                    6,
                    8
                ],
                [
                    -8,
                    -5,
                    1
                ],
                [
                    5,
                    -2,
                    -3
                ],
                [
                    -5,
                    3,
                    7
                ],
                [
                    -3,
                    6,
                    2
                ],
                [
                    10,
                    3,
                    2
                ],
                [
                    4,
                    -7,
                    -3
                ],
                [
                    7,
                    6,
                    -10
                ],
                [
                    8,
                    10,
                    7
                ],
                [
                    1,
                    7,
                    -4
                ],
                [
                    -5,
                    9,
                    7
                ],
                [
                    10,
                    7,
                    8
                ],
                [
                    10,
                    7,
                    -8
                ],
                [
                    -8,
                    -5,
                    2
                ],
                [
                    -3,
                    -7,
                    8
                ],
                [
                    7,
                    8,
                    -2
                ],
                [
                    2,
                    -6,
                    5
                ],
                [
                    9,
                    -7,
                    -8
                ],
                [
                    -6,
                    -2,
                    4
                ],
                [
                    6,
                    -1,
                    8
                ]
            ],
            "{   'fun': 5.68,\n    'jac': None,\n    'nfev': 189,\n    'nit': 3,\n    'njev': 21,\n    'x': array([0.99423173, 0.54689277, 0.10931697, 0.87118945, 1.93291345,\n       1.39376414, 1.241038  , 2.82472829])}",
            {
                "0111011000": 1,
                "1100110111": 1,
                "0000010100": 1,
                "0111111001": 1,
                "0010100110": 1,
                "0000111010": 1,
                "1000111000": 1,
                "1100001101": 1,
                "1010000011": 1,
                "1010001101": 1,
                "1011111111": 1,
                "1001000011": 1,
                "1010110011": 1,
                "1101110101": 1,
                "1010111000": 1,
                "0001100001": 1,
                "1000111010": 1,
                "1111001000": 1,
                "0010111000": 1,
                "0111111000": 1,
                "1111000011": 1,
                "0000101000": 1,
                "1010001000": 1,
                "0011100001": 1,
                "1001111100": 2,
                "1111011001": 1,
                "0001011101": 1,
                "0100101010": 1,
                "0111011111": 1,
                "1101100100": 2,
                "0101011101": 1,
                "0011100011": 1,
                "1001111010": 1,
                "0000010011": 1,
                "0111000010": 1,
                "0000001111": 2,
                "0011001110": 1,
                "1100001000": 1,
                "1001001110": 1,
                "0011110111": 1,
                "1100011011": 1,
                "0111011101": 1,
                "0101000110": 1,
                "0011110011": 1,
                "1010110111": 1,
                "0011010000": 1,
                "1101011110": 1,
                "0100100111": 1,
                "1001001100": 1,
                "1001011100": 3,
                "1000100110": 1,
                "1101010111": 2,
                "0010100010": 1,
                "1101011101": 1,
                "1011101001": 1,
                "0110111101": 1,
                "1101100110": 1,
                "0101110011": 1,
                "1100011101": 1,
                "0110111000": 1,
                "1001010100": 1,
                "1001110101": 1,
                "0000010000": 1,
                "1010100110": 1,
                "1101101001": 1,
                "1101000110": 1,
                "0101010100": 1,
                "0101010010": 1,
                "0110111011": 1,
                "1101011010": 1,
                "0010000101": 1,
                "0101101010": 1,
                "0011011101": 1,
                "0101001011": 1,
                "0100000110": 1,
                "1001110000": 2,
                "1001010111": 1,
                "1010010011": 1,
                "1011111001": 1,
                "0010010010": 1,
                "0011101110": 1,
                "0100010011": 1,
                "0001001010": 1,
                "1001110010": 1,
                "0010110110": 1,
                "1000100011": 2,
                "1011101000": 1,
                "1111111100": 1,
                "0100011111": 1,
                "0111101101": 1,
                "0101100001": 1,
                "1111101100": 1
            },
            false,
            5.0
        ],
        [
            [
                [
                    9,
                    5,
                    1
                ],
                [
                    -9,
                    -6,
                    -3
                ],
                [
                    2,
                    8,
                    10
                ],
                [
                    7,
                    8,
                    -4
                ],
                [
                    -5,
                    -10,
                    4
                ],
                [
                    -3,
                    2,
                    -6
                ],
                [
                    6,
                    -7,
                    -10
                ],
                [
                    -6,
                    -9,
                    -5
                ],
                [
                    4,
                    -5,
                    3
                ],
                [
                    8,
                    -6,
                    3
                ],
                [
                    -2,
                    -7,
                    -9
                ],
                [
                    10,
                    1,
                    -5
                ],
                [
                    -7,
                    6,
                    -10
                ],
                [
                    -8,
                    -2,
                    5
                ],
                [
                    3,
                    -5,
                    -7
                ],
                [
                    10,
                    -6,
                    9
                ],
                [
                    9,
                    -10,
                    -8
                ],
                [
                    -5,
                    -2,
                    9
                ],
                [
                    -10,
                    1,
                    -9
                ],
                [
                    5,
                    6,
                    1
                ],
                [
                    1,
                    8,
                    -6
                ],
                [
                    7,
                    -9,
                    -6
                ],
                [
                    -9,
                    4,
                    6
                ],
                [
                    -2,
                    -9,
                    1
                ],
                [
                    -5,
                    1,
                    -10
                ],
                [
                    4,
                    -7,
                    5
                ],
                [
                    10,
                    9,
                    7
                ],
                [
                    3,
                    -5,
                    7
                ],
                [
                    -9,
                    -5,
                    -8
                ],
                [
                    6,
                    -8,
                    2
                ],
                [
                    6,
                    -10,
                    4
                ],
                [
                    -9,
                    -7,
                    -5
                ],
                [
                    -9,
                    -7,
                    -3
                ],
                [
                    -1,
                    7,
                    -8
                ],
                [
                    5,
                    -9,
                    8
                ],
                [
                    2,
                    -8,
                    -4
                ],
                [
                    2,
                    8,
                    6
                ],
                [
                    8,
                    5,
                    10
                ],
                [
                    4,
                    -6,
                    -1
                ],
                [
                    -3,
                    5,
                    -9
                ],
                [
                    9,
                    -8,
                    6
                ],
                [
                    2,
                    -6,
                    -10
                ],
                [
                    3,
                    10,
                    1
                ],
                [
                    -2,
                    -5,
                    9
                ],
                [
                    -6,
                    -10,
                    1
                ]
            ],
            "{   'fun': 5.68,\n    'jac': None,\n    'nfev': 324,\n    'nit': 4,\n    'njev': 36,\n    'x': array([2.4934075 , 2.50613271, 1.43797088, 1.99464111, 2.42585831,\n       0.03004573, 0.10068169, 1.16096991])}",
            {
                "0001011101": 1,
                "0101001101": 1,
                "0100001110": 1,
                "0011111010": 1,
                "1100110110": 1,
                "1111101101": 1,
                "0010100010": 1,
                "1101010100": 1,
                "1101011001": 1,
                "1011111001": 1,
                "0001001010": 1,
                "1001110010": 1,
                "0000001000": 1,
                "1110011001": 1,
                "1110001101": 1,
                "0010100001": 1,
                "1111010101": 1,
                "0111001111": 1,
                "0111011110": 1,
                "1111101110": 1,
                "1100001010": 1,
                "1110001001": 1,
                "1111011000": 1,
                "1100001110": 1,
                "1110100010": 2,
                "1100110100": 1,
                "0110000110": 2,
                "0010110101": 1,
                "1111101111": 1,
                "1100111001": 1,
                "1101010011": 1,
                "0100100110": 1,
                "1011001111": 1,
                "1010101010": 1,
                "0101011001": 1,
                "1110001111": 1,
                "0001010110": 1,
                "0010100100": 2,
                "0110101000": 1,
                "1011110101": 1,
                "1000000110": 1,
                "0101010011": 1,
                "0111010110": 1,
                "1000000111": 1,
                "1001111111": 1,
                "1101111010": 1,
                "0010101000": 1,
                "1101001010": 1,
                "0111110100": 1,
                "0111101010": 1,
                "0111000100": 1,
                "0011111110": 1,
                "0101010111": 1,
                "0110100111": 2,
                "1011010111": 2,
                "1010110110": 1,
                "1001010110": 1,
                "1101001101": 1,
                "1010110101": 1,
                "1010000001": 1,
                "1110111001": 1,
                "0111011111": 1,
                "1111000010": 2,
                "1101100100": 2,
                "0000011010": 1,
                "0100111000": 1,
                "1101101110": 1,
                "0011011010": 1,
                "1110110001": 1,
                "1001111000": 1,
                "1000011111": 1,
                "0101000100": 1,
                "0101111110": 1,
                "1010010100": 1,
                "0110100100": 1,
                "0111101110": 1,
                "1100000101": 1,
                "1011110001": 2,
                "0010000100": 1,
                "1000000010": 1,
                "1000010100": 1,
                "1001101100": 1,
                "1110000000": 1,
                "0001111101": 1,
                "1010011111": 1,
                "0100111001": 1,
                "1011000000": 1,
                "1110100101": 1,
                "1010100101": 1,
                "1100101101": 1,
                "0101101100": 1,
                "1011010100": 1
            },
            false,
            5.1
        ],
        [
            [
                [
                    -1,
                    -6,
                    -10
                ],
                [
                    1,
                    8,
                    -4
                ],
                [
                    -9,
                    3,
                    10
                ],
                [
                    4,
                    -5,
                    -3
                ],
                [
                    5,
                    -6,
                    -2
                ],
                [
                    3,
                    -4,
                    2
                ],
                [
                    -3,
                    -2,
                    8
                ],
                [
                    3,
                    10,
                    6
                ],
                [
                    -3,
                    8,
                    5
                ],
                [
                    5,
                    -1,
                    -7
                ],
                [
                    -9,
                    -5,
                    8
                ],
                [
                    10,
                    -9,
                    1
                ],
                [
                    -2,
                    -6,
                    -1
                ],
                [
                    -2,
                    -7,
                    -6
                ],
                [
                    -7,
                    -6,
                    -9
                ],
                [
                    -10,
                    4,
                    7
                ],
                [
                    3,
                    -5,
                    -1
                ],
                [
                    -8,
                    -6,
                    -4
                ],
                [
                    3,
                    4,
                    -5
                ],
                [
                    9,
                    -10,
                    6
                ],
                [
                    -9,
                    -3,
                    -1
                ],
                [
                    9,
                    10,
                    4
                ],
                [
                    -8,
                    -6,
                    -10
                ],
                [
                    -4,
                    3,
                    -10
                ],
                [
                    4,
                    -10,
                    -8
                ],
                [
                    -2,
                    8,
                    10
                ],
                [
                    -9,
                    -2,
                    -4
                ],
                [
                    -9,
                    6,
                    -2
                ],
                [
                    4,
                    5,
                    -3
                ],
                [
                    -8,
                    1,
                    -2
                ],
                [
                    1,
                    -2,
                    6
                ],
                [
                    -5,
                    2,
                    8
                ],
                [
                    -3,
                    8,
                    2
                ],
                [
                    3,
                    -8,
                    -9
                ],
                [
                    -5,
                    9,
                    -6
                ],
                [
                    7,
                    -5,
                    8
                ],
                [
                    5,
                    -9,
                    2
                ],
                [
                    6,
                    8,
                    -5
                ],
                [
                    1,
                    -6,
                    -5
                ],
                [
                    8,
                    -5,
                    2
                ],
                [
                    9,
                    6,
                    1
                ],
                [
                    5,
                    -7,
                    10
                ],
                [
                    4,
                    2,
                    -10
                ],
                [
                    -4,
                    6,
                    -2
                ],
                [
                    -5,
                    -7,
                    -3
                ]
            ],
            "{   'fun': 4.6,\n    'jac': None,\n    'nfev': 189,\n    'nit': 0,\n    'njev': 21,\n    'x': array([2.43056353, 2.58611626, 1.58920063, 1.27969017, 0.28672592,\n       1.39678086, 2.72992658, 1.35219818])}",
            {
                "0110010001": 1,
                "0001001001": 1,
                "1100011001": 2,
                "0011001111": 1,
                "1010010010": 1,
                "0011000100": 1,
                "1100000000": 1,
                "1011011000": 1,
                "1010100110": 1,
                "1011100100": 1,
                "1100111000": 1,
                "0101011111": 1,
                "0000110001": 1,
                "0001000011": 1,
                "0011010111": 1,
                "1010001010": 1,
                "0001001111": 1,
                "0000010001": 3,
                "0100010010": 1,
                "1010110101": 1,
                "1000011001": 1,
                "1110010010": 1,
                "1011110111": 1,
                "1001010100": 1,
                "0111011010": 1,
                "1011100011": 1,
                "1101100101": 1,
                "0000010010": 2,
                "0101110010": 1,
                "0100111010": 1,
                "0000010000": 1,
                "1001100111": 1,
                "0001101110": 1,
                "0010100111": 2,
                "0000001111": 1,
                "1011100000": 1,
                "1011101100": 1,
                "1010011000": 1,
                "0011111110": 1,
                "0111110110": 1,
                "1001001101": 2,
                "0100010001": 2,
                "0111010110": 1,
                "1111000111": 1,
                "1111011101": 1,
                "1111000100": 2,
                "1000010111": 1,
                "1011010101": 1,
                "1010111001": 1,
                "1011000000": 1,
                "0111001000": 1,
                "1101000101": 1,
                "0101011101": 1,
                "0011100011": 1,
                "0000011101": 1,
                "0000011010": 1,
                "1001100101": 2,
                "0100010101": 1,
                "0010100010": 1,
                "1000000001": 1,
                "0011111001": 1,
                "0000001011": 1,
                "1110010110": 1,
                "0011011101": 1,
                "0101000010": 1,
                "0011100000": 1,
                "1000101010": 1,
                "1011000100": 3,
                "0011110101": 1,
                "0000010100": 1,
                "1010111100": 1,
                "1011000110": 1,
                "0000010110": 1,
                "1010000010": 1,
                "0010001100": 1,
                "1011101001": 1,
                "1010000101": 1,
                "0010111100": 1,
                "1111100000": 1,
                "1011010100": 1,
                "1011100110": 1,
                "1100000100": 1,
                "1110011001": 1,
                "1111111011": 1,
                "0011101101": 1,
                "0100110111": 1,
                "0001101010": 1,
                "0000100101": 1,
                "1000101011": 1
            },
            false,
            3.77
        ]
    ]
}