{
    "n": 10,
    "m": 45,
    "results": [
        [
            [
                [
                    -2,
                    10,
                    7
                ],
                [
                    -6,
                    9,
                    1
                ],
                [
                    5,
                    6,
                    3
                ],
                [
                    7,
                    -6,
                    10
                ],
                [
                    2,
                    5,
                    8
                ],
                [
                    2,
                    -3,
                    -7
                ],
                [
                    -2,
                    4,
                    8
                ],
                [
                    -9,
                    5,
                    6
                ],
                [
                    -1,
                    -10,
                    -8
                ],
                [
                    6,
                    -4,
                    9
                ],
                [
                    7,
                    -10,
                    -6
                ],
                [
                    -4,
                    -8,
                    7
                ],
                [
                    1,
                    -7,
                    -4
                ],
                [
                    6,
                    -5,
                    9
                ],
                [
                    2,
                    1,
                    5
                ],
                [
                    8,
                    -10,
                    4
                ],
                [
                    -10,
                    1,
                    -5
                ],
                [
                    9,
                    -8,
                    2
                ],
                [
                    7,
                    -4,
                    -8
                ],
                [
                    2,
                    -8,
                    -9
                ],
                [
                    -3,
                    5,
                    8
                ],
                [
                    -5,
                    -9,
                    -1
                ],
                [
                    -9,
                    10,
                    -6
                ],
                [
                    2,
                    -6,
                    10
                ],
                [
                    1,
                    8,
                    -4
                ],
                [
                    -5,
                    -6,
                    -2
                ],
                [
                    8,
                    5,
                    -10
                ],
                [
                    -4,
                    9,
                    -8
                ],
                [
                    -10,
                    -5,
                    1
                ],
                [
                    5,
                    -3,
                    -2
                ],
                [
                    -1,
                    -8,
                    -4
                ],
                [
                    -10,
                    -4,
                    -6
                ],
                [
                    9,
                    -2,
                    3
                ],
                [
                    1,
                    2,
                    -5
                ],
                [
                    7,
                    6,
                    -1
                ],
                [
                    -10,
                    -3,
                    -5
                ],
                [
                    -2,
                    4,
                    7
                ],
                [
                    2,
                    9,
                    -3
                ],
                [
                    9,
                    2,
                    10
                ],
                [
                    -5,
                    7,
                    -9
                ],
                [
                    -9,
                    5,
                    -4
                ],
                [
                    -9,
                    -10,
                    -8
                ],
                [
                    3,
                    -6,
                    -5
                ],
                [
                    -10,
                    -5,
                    -2
                ],
                [
                    9,
                    3,
                    -2
                ]
            ],
            "{   'fun': 5.94,\n    'jac': None,\n    'nfev': 207,\n    'nit': 2,\n    'njev': 23,\n    'x': array([1.56829047, 2.70425762, 1.11249116, 2.23230736, 1.59969015,\n       3.10670538, 2.43367616, 0.15758596])}",
            {
                "1110001111": 1,
                "0010010110": 1,
                "0000010011": 1,
                "1110110010": 1,
                "1101101100": 1,
                "0010010101": 1,
                "1111001101": 1,
                "1111001110": 1,
                "0110111100": 1,
                "0100100000": 1,
                "1111101111": 1,
                "1010011111": 1,
                "1110100010": 1,
                "0100101001": 1,
                "1000100111": 2,
                "1101101000": 1,
                "0000100011": 1,
                "0001010010": 1,
                "1100100110": 1,
                "1101100101": 1,
                "0111001100": 1,
                "0010101010": 1,
                "0110111000": 1,
                "0011001110": 2,
                "1100111100": 1,
                "0010101110": 1,
                "0001100010": 1,
                "1100000100": 1,
                "1101111100": 1,
                "1100011000": 1,
                "0110001001": 1,
                "0000111100": 1,
                "1000000110": 1,
                "1100111011": 1,
                "1111100010": 1,
                "0100110111": 1,
                "0000111010": 1,
                "1001010111": 1,
                "0101000000": 1,
                "0010011101": 1,
                "0110001110": 1,
                "1010101000": 2,
                "0010000000": 2,
                "1011010110": 2,
                "0001000001": 1,
                "1011000110": 1,
                "0001110011": 1,
                "1100000101": 1,
                "0111101110": 1,
                "1000000100": 1,
                "1111100110": 1,
                "1000011101": 3,
                "1001100010": 1,
                "1011101011": 2,
                "0101111000": 1,
                "0010111010": 1,
                "1110111100": 1,
                "1110111010": 1,
                "0001110010": 3,
                "1111010011": 1,
                "0010101001": 1,
                "1001001010": 2,
                "1100111101": 2,
                "1001111111": 1,
                "0011011011": 1,
                "1010000110": 1,
                "0110111110": 1,
                "0111011100": 1,
                "1000010100": 2,
                "1001101100": 1,
                "0010110011": 1,
                "0110110100": 2,
                "1100101110": 1,
                "0111011000": 1,
                "1011001101": 1,
                "1101011010": 1,
                "0010000101": 1,
                "0011101111": 1,
                "1001001100": 1,
                "1101100000": 2,
                "0011110100": 1,
                "1110101110": 1,
                "1010000100": 1,
                "0111100010": 1,
                "1000101000": 1
            },
            false,
            5.03
        ],
        [
            [
                [
                    8,
                    1,
                    2
                ],
                [
                    1,
                    7,
                    -3
                ],
                [
                    -2,
                    6,
                    1
                ],
                [
                    1,
                    8,
                    10
                ],
                [
                    -4,
                    8,
                    3
                ],
                [
                    5,
                    -8,
                    -10
                ],
                [
                    1,
                    -9,
                    -2
                ],
                [
                    -8,
                    6,
                    -5
                ],
                [
                    -2,
                    9,
                    -10
                ],
                [
                    7,
                    -1,
                    -4
                ],
                [
                    -3,
                    7,
                    -4
                ],
                [
                    -4,
                    -9,
                    -10
                ],
                [
                    -2,
                    1,
                    -10
                ],
                [
                    3,
                    4,
                    -8
                ],
                [
                    -4,
                    -6,
                    7
                ],
                [
                    -5,
                    1,
                    -4
                ],
                [
                    9,
                    -8,
                    3
                ],
                [
                    8,
                    1,
                    -7
                ],
                [
                    4,
                    -8,
                    5
                ],
                [
                    -10,
                    -6,
                    3
                ],
                [
                    -5,
                    -8,
                    3
                ],
                [
                    -10,
                    -8,
                    6
                ],
                [
                    -10,
                    -5,
                    -6
                ],
                [
                    -2,
                    9,
                    6
                ],
                [
                    -2,
                    1,
                    9
                ],
                [
                    2,
                    -9,
                    4
                ],
                [
                    10,
                    7,
                    -4
                ],
                [
                    1,
                    -8,
                    10
                ],
                [
                    -5,
                    4,
                    2
                ],
                [
                    -5,
                    -4,
                    -7
                ],
                [
                    -5,
                    10,
                    2
                ],
                [
                    6,
                    -9,
                    5
                ],
                [
                    -7,
                    8,
                    6
                ],
                [
                    2,
                    8,
                    -3
                ],
                [
                    -3,
                    -7,
                    5
                ],
                [
                    4,
                    8,
                    -7
                ],
                [
                    -8,
                    10,
                    3
                ],
                [
                    3,
                    -7,
                    5
                ],
                [
                    -2,
                    1,
                    -9
                ],
                [
                    -7,
                    2,
                    -1
                ],
                [
                    10,
                    8,
                    -4
                ],
                [
                    10,
                    7,
                    5
                ],
                [
                    8,
                    -6,
                    -7
                ],
                [
                    -1,
                    -9,
                    8
                ],
                [
                    -8,
                    1,
                    -2
                ]
            ],
            "{   'fun': 5.97,\n    'jac': None,\n    'nfev': 189,\n    'nit': 2,\n    'njev': 21,\n    'x': array([0.84543126, 1.2257861 , 2.83200549, 0.82193333, 1.15175696,\n       2.80327457, 0.40026444, 2.63298019])}",
            {
                "0011011010": 1,
                "0010010100": 1,
                "0111001101": 1,
                "1010001110": 1,
                "0010000010": 1,
                "0010100101": 1,
                "1000000011": 1,
                "1010010110": 1,
                "0110101111": 1,
                "1000001100": 1,
                "0010101100": 1,
                "1000001110": 1,
                "0111000000": 1,
                "1011101011": 1,
                "1001011010": 1,
                "0100000101": 1,
                "0111001001": 1,
                "1111001100": 1,
                "1011101111": 1,
                "0001011100": 1,
                "0111110110": 1,
                "1111011101": 1,
                "1011000111": 3,
                "1111000100": 1,
                "0000100011": 1,
                "0000110110": 1,
                "0011100101": 1,
                "1111001011": 1,
                "1110010100": 1,
                "0110100110": 1,
                "0001100001": 1,
                "0100011111": 1,
                "1101110001": 1,
                "1100100101": 1,
                "1001111101": 1,
                "1001101011": 1,
                "0100111001": 1,
                "1000110000": 1,
                "1110101110": 2,
                "0111101100": 1,
                "0010111011": 1,
                "0100010110": 1,
                "0001000000": 1,
                "0111101001": 1,
                "0111001100": 1,
                "0110111000": 1,
                "1111100011": 1,
                "1111101100": 2,
                "1010000111": 1,
                "0000100010": 2,
                "1100100011": 1,
                "0001111101": 1,
                "1010010010": 2,
                "1111111111": 1,
                "0001100100": 1,
                "1000111101": 1,
                "1110010111": 1,
                "1101110011": 1,
                "1010010011": 1,
                "1010101001": 1,
                "0001111011": 1,
                "0000111010": 1,
                "0111000101": 1,
                "0111101111": 1,
                "1001101001": 1,
                "0110000000": 1,
                "0110000111": 1,
                "1110000100": 1,
                "0010100000": 1,
                "1110011011": 1,
                "1001101101": 2,
                "1101011110": 1,
                "0110010001": 1,
                "0101111011": 1,
                "1010010111": 1,
                "0111100100": 2,
                "0000110001": 1,
                "0100101011": 1,
                "1001010101": 1,
                "0010111101": 1,
                "0010000101": 1,
                "0011110001": 1,
                "0010011010": 1,
                "0101000101": 1,
                "0000000110": 1,
                "1000101011": 1,
                "1001111111": 1,
                "1001001000": 1,
                "0000110011": 1,
                "0001110101": 1,
                "1000010010": 1,
                "1011001101": 1
            },
            false,
            5.0
        ],
        [
            [
                [
                    4,
                    9,
                    -8
                ],
                [
                    -5,
                    -3,
                    4
                ],
                [
                    2,
                    -1,
                    7
                ],
                [
                    1,
                    -10,
                    -7
                ],
                [
                    -4,
                    -8,
                    1
                ],
                [
                    10,
                    -4,
                    9
                ],
                [
                    7,
                    10,
                    2
                ],
                [
                    2,
                    -3,
                    5
                ],
                [
                    10,
                    9,
                    -5
                ],
                [
                    3,
                    -4,
                    5
                ],
                [
                    9,
                    -2,
                    5
                ],
                [
                    2,
                    -5,
                    6
                ],
                [
                    -9,
                    -5,
                    7
                ],
                [
                    10,
                    8,
                    3
                ],
                [
                    10,
                    3,
                    -9
                ],
                [
                    5,
                    -3,
                    9
                ],
                [
                    -7,
                    4,
                    3
                ],
                [
                    6,
                    3,
                    8
                ],
                [
                    -8,
                    10,
                    -3
                ],
                [
                    3,
                    8,
                    1
                ],
                [
                    10,
                    5,
                    -4
                ],
                [
                    -4,
                    -8,
                    2
                ],
                [
                    -8,
                    -10,
                    -2
                ],
                [
                    -5,
                    7,
                    -6
                ],
                [
                    2,
                    4,
                    -6
                ],
                [
                    10,
                    4,
                    5
                ],
                [
                    2,
                    -10,
                    9
                ],
                [
                    7,
                    10,
                    6
                ],
                [
                    6,
                    -7,
                    -8
                ],
                [
                    2,
                    4,
                    -9
                ],
                [
                    -6,
                    8,
                    -7
                ],
                [
                    7,
                    -8,
                    5
                ],
                [
                    -4,
                    -10,
                    3
                ],
                [
                    -10,
                    4,
                    -5
                ],
                [
                    1,
                    -4,
                    -6
                ],
                [
                    -2,
                    8,
                    -3
                ],
                [
                    9,
                    1,
                    -4
                ],
                [
                    2,
                    10,
                    9
                ],
                [
                    -3,
                    -8,
                    -1
                ],
                [
                    1,
                    -4,
                    10
                ],
                [
                    8,
                    -9,
                    7
                ],
                [
                    -3,
                    -9,
                    10
                ],
                [
                    3,
                    2,
                    10
                ],
                [
                    -2,
                    9,
                    -6
                ],
                [
                    3,
                    -8,
                    -2
                ]
            ],
            "{   'fun': 5.78,\n    'jac': None,\n    'nfev': 234,\n    'nit': 2,\n    'njev': 26,\n    'x': array([0.99423145, 0.54689204, 0.10931641, 0.87118892, 1.93291313,\n       1.39376315, 1.24103799, 2.82472786])}",
            {
                "0011011101": 1,
                "0010110010": 1,
                "0111100101": 2,
                "1001101001": 1,
                "0101011001": 1,
                "0111110011": 1,
                "1000000111": 1,
                "0011001000": 1,
                "0011010111": 1,
                "0111001110": 1,
                "1110011100": 1,
                "0011100001": 1,
                "0011001011": 1,
                "1100010101": 1,
                "0000110011": 1,
                "1110111110": 1,
                "1001101110": 1,
                "1000001111": 1,
                "1001100010": 1,
                "0011100010": 1,
                "0000001100": 1,
                "1101001111": 1,
                "1011101101": 1,
                "1101110111": 1,
                "1000100001": 1,
                "1000111101": 2,
                "1101101111": 1,
                "0111101010": 1,
                "1000010100": 1,
                "1011100111": 1,
                "1101010110": 1,
                "1010101100": 1,
                "0111110100": 1,
                "0011000110": 1,
                "1011110011": 1,
                "1100100011": 1,
                "1010000010": 1,
                "1010010001": 1,
                "0010000111": 1,
                "1000101110": 1,
                "0011000100": 2,
                "1000011100": 1,
                "1010010100": 1,
                "1010001011": 1,
                "0101100100": 1,
                "1101101101": 1,
                "1001101011": 2,
                "1101010111": 1,
                "1000000100": 1,
                "0101011010": 1,
                "1100111010": 1,
                "1011011010": 1,
                "0001110111": 1,
                "1011101000": 1,
                "1111101010": 1,
                "1101100011": 1,
                "1000000011": 1,
                "0000000010": 1,
                "1001001001": 1,
                "0110000100": 2,
                "0011010100": 1,
                "1111011000": 1,
                "1010111000": 2,
                "0010110101": 1,
                "0000000011": 1,
                "0011100101": 1,
                "0110100011": 1,
                "1001000000": 1,
                "1000110111": 1,
                "1110111111": 1,
                "1011100000": 1,
                "0101011110": 1,
                "0000011110": 1,
                "0010011010": 1,
                "0000100100": 1,
                "0100011110": 1,
                "1100000101": 1,
                "1111111010": 1,
                "0011111110": 1,
                "0001101000": 2,
                "1111101100": 1,
                "1010110110": 1,
                "0011000010": 1,
                "1101011001": 1,
                "1110100100": 1,
                "0001111110": 1,
                "0011100111": 1,
                "0000010001": 1,
                "0101000101": 1,
                "0001011100": 1,
                "1010010110": 1,
                "1101111110": 1,
                "1011011110": 1
            },
            false,
            5.27
        ],
        [
            [
                [
                    9,
                    -6,
                    2
                ],
                [
                    -9,
                    -4,
                    -8
                ],
                [
                    1,
                    -10,
                    -2
                ],
                [
                    1,
                    3,
                    8
                ],
                [
                    -10,
                    -4,
                    6
                ],
                [
                    7,
                    -6,
                    -1
                ],
                [
                    9,
                    8,
                    7
                ],
                [
                    6,
                    -5,
                    3
                ],
                [
                    -6,
                    8,
                    -10
                ],
                [
                    -5,
                    -8,
                    1
                ],
                [
                    3,
                    10,
                    -1
                ],
                [
                    3,
                    -4,
                    -7
                ],
                [
                    1,
                    10,
                    -6
                ],
                [
                    3,
                    9,
                    4
                ],
                [
                    1,
                    6,
                    -8
                ],
                [
                    -4,
                    1,
                    -10
                ],
                [
                    6,
                    -5,
                    10
                ],
                [
                    -5,
                    9,
                    -4
                ],
                [
                    10,
                    -1,
                    -8
                ],
                [
                    4,
                    9,
                    -10
                ],
                [
                    -2,
                    6,
                    9
                ],
                [
                    -10,
                    -4,
                    -7
                ],
                [
                    -4,
                    -9,
                    3
                ],
                [
                    4,
                    6,
                    3
                ],
                [
                    6,
                    -7,
                    1
                ],
                [
                    -10,
                    5,
                    4
                ],
                [
                    6,
                    -7,
                    -3
                ],
                [
                    6,
                    4,
                    10
                ],
                [
                    -8,
                    4,
                    -5
                ],
                [
                    8,
                    6,
                    10
                ],
                [
                    -2,
                    1,
                    -7
                ],
                [
                    9,
                    8,
                    -6
                ],
                [
                    10,
                    -3,
                    1
                ],
                [
                    7,
                    -4,
                    10
                ],
                [
                    -7,
                    -4,
                    3
                ],
                [
                    7,
                    -1,
                    -9
                ],
                [
                    -6,
                    1,
                    9
                ],
                [
                    1,
                    9,
                    5
                ],
                [
                    -10,
                    -9,
                    5
                ],
                [
                    2,
                    -7,
                    -1
                ],
                [
                    -9,
                    4,
                    8
                ],
                [
                    10,
                    3,
                    -9
                ],
                [
                    -10,
                    8,
                    4
                ],
                [
                    3,
                    -6,
                    -1
                ],
                [
                    10,
                    -4,
                    7
                ]
            ],
            "{   'fun': 5.82,\n    'jac': None,\n    'nfev': 225,\n    'nit': 2,\n    'njev': 25,\n    'x': array([2.49340704, 2.50613216, 1.43797075, 1.99464016, 2.42585846,\n       0.03004599, 0.10068169, 1.16096993])}",
            {
                "0000001110": 1,
                "1100100010": 1,
                "1101001101": 1,
                "0110000110": 1,
                "1110111001": 1,
                "1001101011": 1,
                "0001010010": 1,
                "0011100000": 1,
                "1000111000": 2,
                "1100111001": 1,
                "0011110101": 1,
                "1100110011": 1,
                "1101001111": 1,
                "0101111010": 1,
                "1110110111": 1,
                "0111100100": 1,
                "1010010111": 2,
                "1101010111": 1,
                "1110101100": 1,
                "1000010100": 2,
                "1100110010": 1,
                "1101000111": 1,
                "0001101001": 1,
                "1101011001": 1,
                "0111000011": 1,
                "1110111000": 1,
                "1011101010": 1,
                "0011110100": 1,
                "0100110010": 1,
                "0100101011": 1,
                "0010111111": 1,
                "1000111011": 1,
                "0011101110": 1,
                "0110111111": 1,
                "0110001000": 1,
                "1110100101": 2,
                "1101010000": 1,
                "1001001010": 1,
                "1000100001": 1,
                "1101100100": 2,
                "0011100011": 1,
                "0100010011": 1,
                "1011011111": 1,
                "0000101110": 1,
                "0110100110": 1,
                "1001101000": 1,
                "0111111001": 1,
                "1001001100": 1,
                "0100000101": 1,
                "1010001001": 1,
                "1001000000": 1,
                "0101000100": 2,
                "1001010010": 1,
                "0000111110": 1,
                "0001111101": 1,
                "0111100000": 1,
                "1011010100": 1,
                "0111000010": 1,
                "0001110100": 1,
                "1010110111": 1,
                "1011101001": 1,
                "1110001010": 1,
                "0100111100": 2,
                "1011110111": 1,
                "0111011000": 1,
                "0010010110": 1,
                "1101101001": 1,
                "0011001010": 1,
                "1110001000": 1,
                "1010100101": 1,
                "0110111100": 1,
                "0010000100": 1,
                "1011001011": 1,
                "0011101011": 1,
                "1010110000": 1,
                "0100110101": 1,
                "0101111001": 1,
                "1100001011": 1,
                "1101110000": 1,
                "0010010001": 1,
                "0100001011": 1,
                "0100100111": 1,
                "0011010100": 1,
                "0110010101": 1,
                "1111011000": 1,
                "0100011000": 1,
                "1000001111": 1,
                "1100101001": 1,
                "0010111110": 2,
                "0100001111": 1,
                "0001101000": 1,
                "0001111011": 1
            },
            false,
            5.02
        ],
        [
            [
                [
                    10,
                    5,
                    -4
                ],
                [
                    -9,
                    1,
                    -5
                ],
                [
                    9,
                    -1,
                    -8
                ],
                [
                    2,
                    -7,
                    8
                ],
                [
                    -10,
                    -1,
                    5
                ],
                [
                    -10,
                    -3,
                    -7
                ],
                [
                    6,
                    1,
                    -10
                ],
                [
                    7,
                    -3,
                    -6
                ],
                [
                    -10,
                    4,
                    3
                ],
                [
                    -3,
                    6,
                    10
                ],
                [
                    8,
                    5,
                    -2
                ],
                [
                    1,
                    4,
                    -7
                ],
                [
                    2,
                    -1,
                    9
                ],
                [
                    -10,
                    6,
                    -8
                ],
                [
                    -2,
                    1,
                    -6
                ],
                [
                    7,
                    -1,
                    9
                ],
                [
                    -8,
                    -1,
                    -3
                ],
                [
                    7,
                    5,
                    8
                ],
                [
                    -7,
                    -2,
                    10
                ],
                [
                    -2,
                    -6,
                    -10
                ],
                [
                    -5,
                    -1,
                    9
                ],
                [
                    6,
                    -2,
                    -5
                ],
                [
                    -4,
                    10,
                    -9
                ],
                [
                    2,
                    9,
                    -1
                ],
                [
                    -9,
                    4,
                    1
                ],
                [
                    7,
                    2,
                    -9
                ],
                [
                    7,
                    -4,
                    -2
                ],
                [
                    4,
                    -1,
                    5
                ],
                [
                    -10,
                    -6,
                    -1
                ],
                [
                    -4,
                    5,
                    -1
                ],
                [
                    5,
                    3,
                    -2
                ],
                [
                    -3,
                    -9,
                    2
                ],
                [
                    -2,
                    -8,
                    10
                ],
                [
                    -1,
                    7,
                    -2
                ],
                [
                    3,
                    10,
                    -4
                ],
                [
                    -5,
                    8,
                    3
                ],
                [
                    9,
                    -4,
                    7
                ],
                [
                    -8,
                    -5,
                    7
                ],
                [
                    -3,
                    -4,
                    -1
                ],
                [
                    -1,
                    -7,
                    2
                ],
                [
                    4,
                    7,
                    5
                ],
                [
                    -4,
                    -8,
                    -3
                ],
                [
                    -4,
                    -5,
                    10
                ],
                [
                    10,
                    -5,
                    -2
                ],
                [
                    -4,
                    10,
                    -7
                ]
            ],
            "{   'fun': 4.8,\n    'jac': None,\n    'nfev': 342,\n    'nit': 5,\n    'njev': 38,\n    'x': array([2.43056291, 2.58611606, 1.58920025, 1.27969078, 0.28672642,\n       1.3967813 , 2.72992664, 1.35219778])}",
            {
                "0010111100": 1,
                "0000000101": 1,
                "0000011000": 1,
                "0111001001": 1,
                "0100100000": 1,
                "1000011111": 1,
                "1110001101": 1,
                "1111001101": 1,
                "0110011000": 1,
                "1010000001": 1,
                "0001010011": 1,
                "0100101011": 1,
                "1101110000": 1,
                "0111100010": 1,
                "0101100001": 1,
                "1001001011": 1,
                "1011110100": 1,
                "0001110000": 1,
                "0001111100": 2,
                "1100000000": 1,
                "1010010000": 1,
                "0011100101": 1,
                "0110111011": 1,
                "1110011100": 1,
                "0010001010": 1,
                "0111101100": 1,
                "0010100001": 1,
                "0000011111": 1,
                "1000110110": 1,
                "1010100001": 1,
                "1111111010": 1,
                "0000110010": 1,
                "1010110011": 1,
                "1010111000": 1,
                "0000111000": 1,
                "0000100111": 1,
                "1100000100": 1,
                "1111011011": 1,
                "0100100110": 1,
                "1100101100": 1,
                "1101011111": 1,
                "1000111010": 1,
                "1111011100": 2,
                "1001100010": 1,
                "0001011001": 1,
                "0010110101": 2,
                "1101111011": 1,
                "1110000000": 1,
                "0100011100": 1,
                "0101011101": 1,
                "0001001000": 1,
                "0100001101": 4,
                "1100111011": 1,
                "0010100011": 1,
                "0110101011": 1,
                "1011101111": 1,
                "0000010100": 2,
                "0011000110": 1,
                "1010110001": 1,
                "0010011000": 1,
                "1000011001": 2,
                "0110101111": 1,
                "1100111000": 1,
                "0101111000": 1,
                "1001011100": 1,
                "1000001101": 1,
                "0010100101": 1,
                "1001111011": 1,
                "0101001101": 1,
                "0101111011": 1,
                "0011101100": 1,
                "0001011100": 3,
                "1110101011": 1,
                "1100011100": 1,
                "1110110000": 1,
                "1011110101": 1,
                "0000001100": 1,
                "0110110100": 1,
                "1001100100": 1,
                "1001011101": 1,
                "0101100000": 1,
                "1011111010": 1,
                "0100100100": 1,
                "0000001111": 1,
                "1000000101": 1,
                "0010000100": 1,
                "1011100101": 1,
                "1001100011": 1,
                "1001110010": 1,
                "0001001010": 1
            },
            false,
            4.31
        ]
    ]
}