{
    "n": 10,
    "m": 45,
    "results": [
        [
            [
                [
                    -3,
                    -10,
                    -4
                ],
                [
                    6,
                    -8,
                    -3
                ],
                [
                    5,
                    -2,
                    9
                ],
                [
                    -1,
                    -10,
                    -2
                ],
                [
                    6,
                    -1,
                    2
                ],
                [
                    -9,
                    -2,
                    1
                ],
                [
                    9,
                    -2,
                    -4
                ],
                [
                    -10,
                    4,
                    -5
                ],
                [
                    -3,
                    -6,
                    10
                ],
                [
                    -9,
                    5,
                    -4
                ],
                [
                    -9,
                    -2,
                    -10
                ],
                [
                    -7,
                    -5,
                    -4
                ],
                [
                    -10,
                    -9,
                    -4
                ],
                [
                    8,
                    5,
                    -4
                ],
                [
                    5,
                    -9,
                    -4
                ],
                [
                    5,
                    8,
                    4
                ],
                [
                    -7,
                    -8,
                    10
                ],
                [
                    6,
                    -8,
                    2
                ],
                [
                    -1,
                    5,
                    8
                ],
                [
                    -10,
                    1,
                    -7
                ],
                [
                    2,
                    -9,
                    1
                ],
                [
                    10,
                    -3,
                    -9
                ],
                [
                    -9,
                    -3,
                    6
                ],
                [
                    -4,
                    8,
                    10
                ],
                [
                    -4,
                    3,
                    -6
                ],
                [
                    2,
                    -5,
                    -10
                ],
                [
                    4,
                    -9,
                    3
                ],
                [
                    -4,
                    -10,
                    8
                ],
                [
                    4,
                    9,
                    10
                ],
                [
                    9,
                    -3,
                    5
                ],
                [
                    8,
                    4,
                    2
                ],
                [
                    8,
                    3,
                    10
                ],
                [
                    7,
                    -6,
                    -2
                ],
                [
                    1,
                    -10,
                    -4
                ],
                [
                    -9,
                    2,
                    -7
                ],
                [
                    -6,
                    -5,
                    3
                ],
                [
                    2,
                    -4,
                    -7
                ],
                [
                    -4,
                    -8,
                    -7
                ],
                [
                    -3,
                    4,
                    -9
                ],
                [
                    -3,
                    -8,
                    -4
                ],
                [
                    7,
                    -8,
                    2
                ],
                [
                    6,
                    -10,
                    5
                ],
                [
                    -2,
                    3,
                    6
                ],
                [
                    -3,
                    -7,
                    1
                ],
                [
                    5,
                    -7,
                    -9
                ]
            ],
            "{   'fun': 5.55,\n    'jac': None,\n    'nfev': 153,\n    'nit': 1,\n    'njev': 17,\n    'x': array([1.5682904 , 2.70425779, 1.11248919, 2.23230688, 1.59968901,\n       3.10670497, 2.4336747 , 0.15758577])}",
            {
                "0110010100": 1,
                "0001111100": 1,
                "0001001110": 1,
                "0010001010": 1,
                "0100001110": 1,
                "0011110110": 1,
                "0001000011": 1,
                "0111001111": 1,
                "0010101011": 1,
                "0010110011": 1,
                "0001101110": 1,
                "0001010011": 1,
                "1001100001": 1,
                "1010111011": 1,
                "1111110011": 1,
                "1101010100": 1,
                "0001011010": 1,
                "0011100101": 1,
                "0010010011": 1,
                "1000100010": 1,
                "1110100011": 1,
                "1000000001": 2,
                "0110000110": 1,
                "0110010010": 1,
                "1100010111": 1,
                "0000101100": 1,
                "1000110110": 1,
                "1010111001": 1,
                "1001101010": 1,
                "1110010001": 1,
                "1100011000": 1,
                "0101000001": 1,
                "0110001010": 1,
                "1011011110": 1,
                "1101111110": 1,
                "1110010011": 1,
                "1101101111": 1,
                "0011011110": 1,
                "1000111101": 1,
                "0001100100": 2,
                "1100010000": 1,
                "1001100101": 1,
                "1010110011": 1,
                "0100011100": 1,
                "1110000101": 1,
                "1010010001": 1,
                "1110000100": 1,
                "1100100110": 1,
                "1100110011": 1,
                "1111100101": 1,
                "1101000000": 1,
                "1110011000": 1,
                "0001101000": 1,
                "1100010010": 1,
                "0000001011": 1,
                "0000111011": 1,
                "0111111100": 1,
                "1100111011": 1,
                "0111011011": 1,
                "0001110110": 1,
                "1101100000": 1,
                "1101010101": 1,
                "0001001011": 1,
                "1110111101": 1,
                "0001001001": 1,
                "0010010100": 1,
                "0010100001": 1,
                "0011100010": 1,
                "0001101100": 1,
                "1110110000": 1,
                "1110000001": 1,
                "0100101100": 1,
                "1001100010": 1,
                "1111100110": 1,
                "1010000011": 2,
                "0110110010": 2,
                "0010101010": 1,
                "1011100101": 1,
                "0110110000": 1,
                "1010000110": 1,
                "0000001110": 1,
                "0001001000": 1,
                "0000000001": 1,
                "0101011101": 1,
                "1101010010": 2,
                "1111101000": 1,
                "0100100011": 1,
                "0000111100": 1,
                "0011000011": 1,
                "1000011001": 1,
                "0010101100": 1,
                "1000010100": 1,
                "0101101111": 1,
                "1010011000": 1,
                "1100010011": 1
            },
            false,
            4.79
        ],
        [
            [
                [
                    3,
                    6,
                    1
                ],
                [
                    -2,
                    -10,
                    5
                ],
                [
                    -5,
                    2,
                    3
                ],
                [
                    -8,
                    -4,
                    6
                ],
                [
                    -5,
                    -7,
                    8
                ],
                [
                    -3,
                    -8,
                    -10
                ],
                [
                    3,
                    5,
                    8
                ],
                [
                    5,
                    -7,
                    -9
                ],
                [
                    -3,
                    -8,
                    6
                ],
                [
                    -10,
                    -1,
                    7
                ],
                [
                    4,
                    -10,
                    9
                ],
                [
                    -10,
                    2,
                    -4
                ],
                [
                    2,
                    6,
                    10
                ],
                [
                    -1,
                    -7,
                    6
                ],
                [
                    -3,
                    6,
                    -4
                ],
                [
                    7,
                    1,
                    3
                ],
                [
                    -8,
                    -7,
                    10
                ],
                [
                    -1,
                    -5,
                    6
                ],
                [
                    -8,
                    6,
                    1
                ],
                [
                    -5,
                    9,
                    1
                ],
                [
                    4,
                    2,
                    6
                ],
                [
                    -8,
                    -4,
                    -1
                ],
                [
                    -8,
                    -1,
                    -6
                ],
                [
                    9,
                    6,
                    7
                ],
                [
                    -7,
                    10,
                    5
                ],
                [
                    -7,
                    8,
                    -5
                ],
                [
                    9,
                    -2,
                    -4
                ],
                [
                    1,
                    7,
                    -4
                ],
                [
                    -2,
                    3,
                    -5
                ],
                [
                    -2,
                    -5,
                    -8
                ],
                [
                    2,
                    -3,
                    -10
                ],
                [
                    9,
                    4,
                    8
                ],
                [
                    -6,
                    7,
                    -9
                ],
                [
                    -3,
                    10,
                    9
                ],
                [
                    -1,
                    3,
                    9
                ],
                [
                    -7,
                    -9,
                    -1
                ],
                [
                    -7,
                    -9,
                    5
                ],
                [
                    -3,
                    2,
                    -9
                ],
                [
                    -2,
                    -7,
                    -6
                ],
                [
                    -4,
                    -8,
                    2
                ],
                [
                    -5,
                    -8,
                    -4
                ],
                [
                    7,
                    -4,
                    3
                ],
                [
                    5,
                    -9,
                    -2
                ],
                [
                    6,
                    7,
                    -5
                ],
                [
                    8,
                    -9,
                    -1
                ]
            ],
            "{   'fun': 5.69,\n    'jac': None,\n    'nfev': 270,\n    'nit': 3,\n    'njev': 30,\n    'x': array([0.84543176, 1.22578599, 2.8320074 , 0.82193496, 1.15175712,\n       2.80327618, 0.40026473, 2.63297972])}",
            {
                "0101001101": 1,
                "0000011111": 1,
                "1101110110": 1,
                "1000111001": 1,
                "0101111111": 1,
                "1011100001": 1,
                "0111000110": 1,
                "1001000011": 1,
                "0100100111": 1,
                "1111001010": 1,
                "0111111110": 1,
                "0000011100": 1,
                "1011010111": 2,
                "0100110101": 1,
                "0000100110": 1,
                "0110101101": 1,
                "0011101000": 1,
                "1101111110": 1,
                "1100000111": 1,
                "0011010000": 1,
                "0000110111": 1,
                "0001011100": 1,
                "1000001010": 1,
                "1000010000": 1,
                "1000111111": 1,
                "0101101101": 1,
                "0010100011": 1,
                "1101000110": 1,
                "1001010001": 1,
                "0100101111": 1,
                "1100101111": 1,
                "0011000111": 1,
                "1111101110": 1,
                "0101001000": 1,
                "0011010100": 1,
                "1001010100": 1,
                "0101011100": 1,
                "0010000011": 1,
                "1010000111": 1,
                "1010110110": 2,
                "1111001110": 1,
                "0111110111": 1,
                "0010111011": 1,
                "0011011100": 1,
                "0001100101": 1,
                "1010000001": 1,
                "1000000100": 2,
                "1111010110": 1,
                "0100111100": 1,
                "1101100001": 1,
                "0101000001": 1,
                "1010111111": 3,
                "0110000110": 1,
                "1101100010": 1,
                "0010000100": 1,
                "0101010000": 1,
                "1111110101": 1,
                "1101101100": 1,
                "0101010001": 1,
                "0010110010": 2,
                "0100111001": 1,
                "0000100010": 1,
                "0000111000": 1,
                "0100110000": 1,
                "0001110100": 1,
                "0111101101": 1,
                "1000001001": 1,
                "1001111111": 1,
                "1101111010": 1,
                "0100000101": 1,
                "1110011001": 1,
                "0101101100": 1,
                "0011011101": 1,
                "0010110000": 1,
                "0100110100": 1,
                "1011100011": 1,
                "1000010101": 1,
                "1001101100": 1,
                "1110001000": 2,
                "1001001000": 1,
                "1001110001": 1,
                "0011101110": 1,
                "0111011011": 2,
                "1010110100": 1,
                "1111001111": 1,
                "1110101111": 2,
                "0100000000": 1,
                "0100011101": 1,
                "1101000101": 1,
                "1010101010": 2
            },
            false,
            4.96
        ],
        [
            [
                [
                    2,
                    4,
                    -1
                ],
                [
                    6,
                    -9,
                    -3
                ],
                [
                    -9,
                    -10,
                    5
                ],
                [
                    -1,
                    7,
                    -6
                ],
                [
                    -6,
                    5,
                    10
                ],
                [
                    3,
                    7,
                    5
                ],
                [
                    -2,
                    9,
                    5
                ],
                [
                    6,
                    2,
                    -5
                ],
                [
                    10,
                    -8,
                    -2
                ],
                [
                    -9,
                    -10,
                    7
                ],
                [
                    6,
                    -9,
                    -3
                ],
                [
                    8,
                    3,
                    -9
                ],
                [
                    7,
                    3,
                    4
                ],
                [
                    -7,
                    -10,
                    -2
                ],
                [
                    4,
                    1,
                    3
                ],
                [
                    6,
                    2,
                    -10
                ],
                [
                    9,
                    -6,
                    7
                ],
                [
                    -3,
                    -2,
                    -7
                ],
                [
                    10,
                    2,
                    -1
                ],
                [
                    -3,
                    -6,
                    4
                ],
                [
                    -3,
                    10,
                    -5
                ],
                [
                    -9,
                    -1,
                    -8
                ],
                [
                    1,
                    -9,
                    8
                ],
                [
                    5,
                    2,
                    -7
                ],
                [
                    -3,
                    -10,
                    -2
                ],
                [
                    -2,
                    1,
                    -9
                ],
                [
                    -3,
                    -7,
                    -8
                ],
                [
                    -6,
                    -2,
                    8
                ],
                [
                    1,
                    7,
                    4
                ],
                [
                    -10,
                    -5,
                    3
                ],
                [
                    3,
                    -1,
                    8
                ],
                [
                    -8,
                    -9,
                    -7
                ],
                [
                    1,
                    -2,
                    -9
                ],
                [
                    -4,
                    -10,
                    3
                ],
                [
                    -3,
                    7,
                    5
                ],
                [
                    -6,
                    -8,
                    2
                ],
                [
                    9,
                    -10,
                    -3
                ],
                [
                    -6,
                    9,
                    4
                ],
                [
                    -5,
                    -10,
                    8
                ],
                [
                    -4,
                    -7,
                    -6
                ],
                [
                    5,
                    9,
                    8
                ],
                [
                    -8,
                    -1,
                    -7
                ],
                [
                    -2,
                    8,
                    -1
                ],
                [
                    4,
                    1,
                    10
                ],
                [
                    10,
                    -3,
                    7
                ]
            ],
            "{   'fun': 5.86,\n    'jac': None,\n    'nfev': 189,\n    'nit': 0,\n    'njev': 21,\n    'x': array([0.9942314 , 0.54689217, 0.10931673, 0.8711891 , 1.9329132 ,\n       1.39376332, 1.24103798, 2.82472802])}",
            {
                "0111001101": 1,
                "0001011100": 1,
                "1100010100": 1,
                "1110000001": 1,
                "1000010110": 1,
                "0001111101": 1,
                "0010000010": 1,
                "1011010110": 1,
                "1110001010": 1,
                "1100111010": 1,
                "0010110100": 1,
                "1010110110": 1,
                "0101100010": 2,
                "0000110001": 1,
                "1011101110": 2,
                "1110110101": 1,
                "0110111111": 2,
                "0100000001": 1,
                "1101111101": 1,
                "0010101100": 1,
                "1001001110": 2,
                "1010100101": 1,
                "1111110110": 1,
                "0011011010": 1,
                "1110010010": 2,
                "0010011110": 1,
                "0000101001": 1,
                "1011010010": 1,
                "0101110111": 1,
                "0011000001": 1,
                "0111011111": 1,
                "1010000101": 1,
                "1111010010": 2,
                "0101001111": 1,
                "0010100010": 1,
                "0001001100": 1,
                "0010110110": 1,
                "1000100011": 2,
                "0000010110": 1,
                "1000100010": 1,
                "1001010111": 1,
                "1001110000": 1,
                "1100111111": 1,
                "0110001000": 1,
                "1001000101": 1,
                "1100001101": 1,
                "0000001011": 1,
                "0100100001": 1,
                "1111111011": 1,
                "0010100000": 1,
                "1110000100": 1,
                "0101110100": 1,
                "0011110011": 1,
                "0101000110": 1,
                "0110010010": 1,
                "0010110101": 1,
                "1011010001": 2,
                "0111101101": 2,
                "1111101101": 1,
                "1011110100": 1,
                "0001110011": 1,
                "0011100100": 1,
                "1101100111": 1,
                "0110011100": 1,
                "1001001111": 1,
                "0111101011": 1,
                "0011001110": 1,
                "0000001101": 1,
                "1001010100": 2,
                "1010001100": 1,
                "1001110110": 1,
                "0100011101": 1,
                "0010010000": 1,
                "0100100100": 1,
                "0110100001": 2,
                "0110001100": 1,
                "1101011000": 1,
                "0010010110": 1,
                "0011001010": 1,
                "0011010100": 1,
                "1010111000": 1,
                "0111111101": 1,
                "1001010011": 1,
                "1110010110": 1,
                "1100111100": 1,
                "0101000011": 1,
                "0001111110": 1,
                "0110001111": 1,
                "0110001101": 1
            },
            false,
            5.14
        ],
        [
            [
                [
                    10,
                    8,
                    9
                ],
                [
                    6,
                    -5,
                    -10
                ],
                [
                    -2,
                    3,
                    -7
                ],
                [
                    5,
                    7,
                    -2
                ],
                [
                    4,
                    5,
                    3
                ],
                [
                    7,
                    5,
                    2
                ],
                [
                    4,
                    1,
                    -3
                ],
                [
                    -7,
                    3,
                    -1
                ],
                [
                    1,
                    2,
                    5
                ],
                [
                    8,
                    2,
                    4
                ],
                [
                    -2,
                    9,
                    7
                ],
                [
                    -9,
                    -5,
                    -3
                ],
                [
                    7,
                    5,
                    8
                ],
                [
                    -9,
                    -1,
                    -3
                ],
                [
                    7,
                    -10,
                    3
                ],
                [
                    7,
                    6,
                    -3
                ],
                [
                    7,
                    2,
                    1
                ],
                [
                    -10,
                    -4,
                    3
                ],
                [
                    -5,
                    -2,
                    -9
                ],
                [
                    1,
                    8,
                    -2
                ],
                [
                    9,
                    5,
                    -1
                ],
                [
                    -6,
                    7,
                    -1
                ],
                [
                    -1,
                    -6,
                    -9
                ],
                [
                    2,
                    -7,
                    9
                ],
                [
                    2,
                    -7,
                    -4
                ],
                [
                    -5,
                    -6,
                    -3
                ],
                [
                    1,
                    2,
                    4
                ],
                [
                    3,
                    -4,
                    -7
                ],
                [
                    5,
                    -2,
                    9
                ],
                [
                    9,
                    -8,
                    -1
                ],
                [
                    2,
                    1,
                    -9
                ],
                [
                    8,
                    7,
                    -6
                ],
                [
                    10,
                    -2,
                    8
                ],
                [
                    -9,
                    -4,
                    10
                ],
                [
                    10,
                    4,
                    -1
                ],
                [
                    -1,
                    3,
                    -10
                ],
                [
                    4,
                    6,
                    5
                ],
                [
                    -5,
                    7,
                    2
                ],
                [
                    -3,
                    4,
                    5
                ],
                [
                    1,
                    6,
                    5
                ],
                [
                    6,
                    -1,
                    -7
                ],
                [
                    9,
                    3,
                    4
                ],
                [
                    7,
                    -8,
                    -3
                ],
                [
                    -10,
                    6,
                    1
                ],
                [
                    10,
                    1,
                    7
                ]
            ],
            "{   'fun': 5.61,\n    'jac': None,\n    'nfev': 207,\n    'nit': 2,\n    'njev': 23,\n    'x': array([2.49340826, 2.50613354, 1.43797242, 1.99464207, 2.42585881,\n       0.03004719, 0.10068229, 1.16096907])}",
            {
                "0010011100": 1,
                "1100001010": 1,
                "0100110011": 1,
                "1111110101": 1,
                "1111001100": 1,
                "1100111001": 1,
                "0011101000": 1,
                "1100101101": 1,
                "0010100110": 1,
                "0100101010": 1,
                "0110011100": 1,
                "1100011000": 1,
                "0001001101": 1,
                "1110101010": 1,
                "1011101110": 1,
                "1001011101": 2,
                "0010000100": 1,
                "1011110001": 1,
                "1111001010": 1,
                "1111100000": 1,
                "0111100111": 1,
                "0110100110": 1,
                "0101001011": 1,
                "0001000001": 1,
                "1000001101": 1,
                "0000011001": 1,
                "0000100001": 1,
                "0001011010": 1,
                "1100110011": 1,
                "1101100111": 2,
                "1111100110": 1,
                "1010000001": 1,
                "0111110101": 1,
                "1110111000": 1,
                "1001101011": 2,
                "0011000000": 1,
                "1011011101": 1,
                "1011111000": 1,
                "0111000010": 1,
                "1110111110": 1,
                "1101101011": 1,
                "0000110011": 1,
                "0001101111": 1,
                "1011000000": 1,
                "0110010011": 1,
                "0111111100": 1,
                "1001111111": 1,
                "0000101010": 1,
                "0101110000": 1,
                "1000110110": 1,
                "1100001101": 1,
                "0001111101": 1,
                "1010001010": 1,
                "0010110100": 1,
                "1101110011": 1,
                "0101111110": 1,
                "0011001111": 1,
                "0001100011": 1,
                "0100111101": 1,
                "0111101001": 1,
                "1011110010": 1,
                "0011110101": 1,
                "0010100001": 1,
                "0000101110": 1,
                "0011110000": 2,
                "1110111100": 1,
                "0001010101": 1,
                "0011111110": 1,
                "1101110001": 1,
                "0110011010": 1,
                "0100001000": 1,
                "1001100110": 1,
                "0100111110": 1,
                "0011000001": 1,
                "0010111110": 1,
                "1010110011": 1,
                "0101100100": 1,
                "0001111011": 1,
                "1010110010": 1,
                "1000110010": 1,
                "1010101001": 1,
                "1110100011": 1,
                "0000000100": 1,
                "0001101010": 1,
                "1111111011": 1,
                "1001001100": 3,
                "0011100110": 1,
                "0110100101": 1,
                "1111111110": 1,
                "1110011111": 1,
                "1001011000": 1,
                "1101100011": 1,
                "0111011101": 1,
                "1001010101": 1
            },
            false,
            5.0
        ],
        [
            [
                [
                    -10,
                    2,
                    3
                ],
                [
                    -8,
                    3,
                    9
                ],
                [
                    1,
                    -2,
                    -7
                ],
                [
                    -8,
                    10,
                    -9
                ],
                [
                    -2,
                    4,
                    6
                ],
                [
                    6,
                    7,
                    -10
                ],
                [
                    10,
                    2,
                    6
                ],
                [
                    7,
                    -4,
                    2
                ],
                [
                    -8,
                    9,
                    1
                ],
                [
                    4,
                    10,
                    -6
                ],
                [
                    -2,
                    -8,
                    -9
                ],
                [
                    2,
                    7,
                    -3
                ],
                [
                    5,
                    -7,
                    1
                ],
                [
                    4,
                    -1,
                    6
                ],
                [
                    6,
                    2,
                    10
                ],
                [
                    4,
                    3,
                    -7
                ],
                [
                    -4,
                    9,
                    10
                ],
                [
                    -7,
                    1,
                    -2
                ],
                [
                    6,
                    -3,
                    -10
                ],
                [
                    -9,
                    8,
                    1
                ],
                [
                    6,
                    2,
                    -3
                ],
                [
                    -3,
                    -9,
                    10
                ],
                [
                    1,
                    10,
                    -3
                ],
                [
                    6,
                    9,
                    1
                ],
                [
                    -2,
                    -4,
                    -10
                ],
                [
                    5,
                    -2,
                    -1
                ],
                [
                    2,
                    -10,
                    6
                ],
                [
                    3,
                    1,
                    8
                ],
                [
                    -3,
                    -8,
                    -4
                ],
                [
                    1,
                    -6,
                    -2
                ],
                [
                    -8,
                    2,
                    -5
                ],
                [
                    1,
                    3,
                    7
                ],
                [
                    -1,
                    -10,
                    -7
                ],
                [
                    -3,
                    9,
                    -5
                ],
                [
                    2,
                    -8,
                    -10
                ],
                [
                    -5,
                    -7,
                    2
                ],
                [
                    2,
                    7,
                    9
                ],
                [
                    4,
                    8,
                    10
                ],
                [
                    1,
                    5,
                    -7
                ],
                [
                    -9,
                    -2,
                    -5
                ],
                [
                    4,
                    -8,
                    9
                ],
                [
                    -1,
                    -9,
                    -4
                ],
                [
                    5,
                    10,
                    -9
                ],
                [
                    1,
                    -8,
                    9
                ],
                [
                    -9,
                    -7,
                    -5
                ]
            ],
            "{   'fun': 4.29,\n    'jac': None,\n    'nfev': 243,\n    'nit': 4,\n    'njev': 27,\n    'x': array([2.43056363, 2.58611631, 1.58920064, 1.27969031, 0.28672599,\n       1.39678088, 2.72992662, 1.35219832])}",
            {
                "0000000111": 1,
                "0110000010": 1,
                "0010010011": 1,
                "1100001011": 1,
                "1010010011": 1,
                "0001110010": 1,
                "0001010100": 1,
                "0010011001": 1,
                "1000010000": 1,
                "0110111110": 1,
                "0011001011": 1,
                "1101110000": 1,
                "1110111011": 1,
                "1010000000": 1,
                "1101111000": 1,
                "1101011110": 1,
                "0010010000": 1,
                "1110100010": 1,
                "0101110000": 2,
                "1010010001": 1,
                "1100010111": 2,
                "0110011000": 1,
                "1101100000": 2,
                "0001101100": 1,
                "1010110011": 1,
                "1000111011": 1,
                "1111001101": 1,
                "1001010010": 1,
                "0100110001": 1,
                "1100010011": 1,
                "1100100001": 1,
                "1101011100": 1,
                "1100110010": 1,
                "1000000011": 1,
                "1101011000": 1,
                "0111010010": 1,
                "0001110111": 1,
                "0110110001": 2,
                "1110110001": 1,
                "1000010101": 1,
                "1001110010": 1,
                "1000110000": 1,
                "0000111011": 1,
                "1010000011": 1,
                "1010001101": 1,
                "1111011001": 1,
                "1110011011": 1,
                "1011111010": 1,
                "0100100011": 1,
                "0001010101": 1,
                "1101110010": 1,
                "0010111111": 1,
                "0111010011": 1,
                "1101011001": 2,
                "1110101011": 1,
                "0101111000": 1,
                "1101000011": 1,
                "1000010011": 1,
                "1100010001": 2,
                "1111010001": 1,
                "1100101000": 1,
                "1110000100": 1,
                "0110000111": 1,
                "0110011011": 1,
                "1110001010": 1,
                "0101101101": 1,
                "1110001001": 1,
                "1111001100": 1,
                "1011010000": 1,
                "1010011001": 3,
                "1100011011": 2,
                "0001011000": 1,
                "1100110001": 1,
                "1001010011": 1,
                "0111100000": 1,
                "1111100000": 1,
                "0001011001": 1,
                "1111011100": 1,
                "0011110111": 1,
                "1001001010": 1,
                "1101110100": 1,
                "1110010011": 2,
                "0110001000": 1,
                "0100010001": 1,
                "1101110110": 2,
                "1110000001": 1,
                "1010001011": 2,
                "1110000010": 1
            },
            false,
            3.36
        ]
    ]
}