{
    "n": 10,
    "m": 45,
    "results": [
        [
            [
                [
                    6,
                    -10,
                    -7
                ],
                [
                    -3,
                    -5,
                    10
                ],
                [
                    2,
                    -6,
                    -7
                ],
                [
                    -1,
                    -4,
                    -3
                ],
                [
                    -1,
                    8,
                    -3
                ],
                [
                    -7,
                    4,
                    -10
                ],
                [
                    -8,
                    -10,
                    4
                ],
                [
                    -8,
                    5,
                    -9
                ],
                [
                    5,
                    7,
                    -4
                ],
                [
                    -7,
                    -5,
                    1
                ],
                [
                    -9,
                    1,
                    3
                ],
                [
                    -10,
                    -3,
                    -4
                ],
                [
                    -3,
                    -4,
                    5
                ],
                [
                    2,
                    -8,
                    6
                ],
                [
                    -3,
                    10,
                    1
                ],
                [
                    -2,
                    6,
                    4
                ],
                [
                    6,
                    -1,
                    4
                ],
                [
                    -5,
                    2,
                    6
                ],
                [
                    1,
                    8,
                    7
                ],
                [
                    -3,
                    -5,
                    -6
                ],
                [
                    10,
                    -5,
                    6
                ],
                [
                    -4,
                    -10,
                    -2
                ],
                [
                    -5,
                    1,
                    3
                ],
                [
                    4,
                    2,
                    3
                ],
                [
                    -1,
                    2,
                    -9
                ],
                [
                    -2,
                    -8,
                    10
                ],
                [
                    -8,
                    5,
                    7
                ],
                [
                    -5,
                    9,
                    4
                ],
                [
                    1,
                    3,
                    -9
                ],
                [
                    -8,
                    -5,
                    -7
                ],
                [
                    1,
                    -9,
                    -2
                ],
                [
                    -8,
                    -4,
                    7
                ],
                [
                    -10,
                    -9,
                    -6
                ],
                [
                    -7,
                    8,
                    10
                ],
                [
                    7,
                    -5,
                    1
                ],
                [
                    -6,
                    4,
                    -1
                ],
                [
                    4,
                    -7,
                    -6
                ],
                [
                    -6,
                    -2,
                    -1
                ],
                [
                    -6,
                    -9,
                    -2
                ],
                [
                    -2,
                    -1,
                    4
                ],
                [
                    -2,
                    -3,
                    1
                ],
                [
                    9,
                    -6,
                    4
                ],
                [
                    6,
                    4,
                    5
                ],
                [
                    9,
                    -4,
                    -10
                ],
                [
                    4,
                    7,
                    5
                ]
            ],
            "{   'fun': 1.0,\n    'jac': None,\n    'nfev': 67,\n    'nit': None,\n    'njev': None,\n    'x': array([1.00736461, 2.77639135, 1.77402808, 0.68784055, 0.66969687,\n       2.95767865, 0.76926314, 0.69710912])}",
            {
                "1110101000": 1,
                "0010101000": 1,
                "0000000110": 1,
                "0011000001": 1,
                "0100011000": 1,
                "1111101101": 1,
                "1001001101": 1,
                "0000111101": 1,
                "0101011010": 1,
                "0111100011": 1,
                "1111010110": 1,
                "0011000101": 1,
                "1100110011": 1,
                "0011111100": 1,
                "1111010100": 1,
                "1001100100": 1,
                "0101110010": 1,
                "0000011001": 1,
                "1110101011": 1,
                "1010101101": 1,
                "1010111110": 1,
                "0101001100": 1,
                "0010010101": 1,
                "0111111000": 1,
                "1011000110": 1,
                "0110000100": 1,
                "0010010100": 1,
                "0001110110": 1,
                "0110011011": 2,
                "0001001101": 1,
                "1110001001": 1,
                "1110110111": 1,
                "0111111011": 1,
                "0100011100": 1,
                "1010011001": 1,
                "1000110111": 1,
                "1110001000": 1,
                "1100101101": 1,
                "0010000111": 1,
                "1000110110": 1,
                "1010000100": 1,
                "0100000001": 1,
                "1001001110": 1,
                "1101111101": 1,
                "0110111010": 1,
                "1101000001": 1,
                "0100101010": 1,
                "1111011000": 1,
                "1010111000": 1,
                "0001010111": 1,
                "1000011110": 1,
                "0101011001": 1,
                "0111101101": 1,
                "1101110001": 1,
                "0011011000": 1,
                "1011100111": 1,
                "1100001111": 2,
                "0111110100": 1,
                "0011000110": 2,
                "0010011110": 1,
                "0011101111": 1,
                "1001111000": 1,
                "0101110111": 1,
                "0001100100": 1,
                "1001110011": 1,
                "1100000011": 1,
                "1000001111": 2,
                "0000000100": 1,
                "0000100111": 1,
                "1100000010": 1,
                "0101111110": 1,
                "1011001101": 1,
                "0001111111": 1,
                "1001110111": 2,
                "1101100010": 1,
                "1110100111": 1,
                "0011010011": 1,
                "1100110010": 1,
                "0011110001": 1,
                "0010011010": 2,
                "0010011011": 1,
                "1111100110": 1,
                "1010000011": 1,
                "0001001011": 1,
                "1000011100": 1,
                "1110011101": 1,
                "1011011001": 1,
                "1001101111": 1,
                "1011111111": 1,
                "1011000111": 1,
                "0110010111": 1,
                "1110111000": 1,
                "1111000100": 1,
                "0010001110": 1
            },
            false,
            0.98
        ],
        [
            [
                [
                    10,
                    1,
                    6
                ],
                [
                    -2,
                    9,
                    -5
                ],
                [
                    10,
                    5,
                    -7
                ],
                [
                    4,
                    9,
                    7
                ],
                [
                    8,
                    -1,
                    10
                ],
                [
                    5,
                    2,
                    -8
                ],
                [
                    -7,
                    3,
                    -4
                ],
                [
                    6,
                    -2,
                    -5
                ],
                [
                    -10,
                    -9,
                    -1
                ],
                [
                    -4,
                    7,
                    2
                ],
                [
                    -6,
                    -2,
                    5
                ],
                [
                    3,
                    9,
                    -6
                ],
                [
                    -7,
                    4,
                    -8
                ],
                [
                    -4,
                    -8,
                    5
                ],
                [
                    -9,
                    -6,
                    -2
                ],
                [
                    -6,
                    -1,
                    8
                ],
                [
                    1,
                    9,
                    5
                ],
                [
                    -5,
                    -7,
                    -9
                ],
                [
                    -5,
                    1,
                    -10
                ],
                [
                    -4,
                    8,
                    6
                ],
                [
                    -3,
                    -9,
                    -6
                ],
                [
                    -9,
                    -10,
                    7
                ],
                [
                    8,
                    7,
                    4
                ],
                [
                    5,
                    7,
                    -4
                ],
                [
                    -1,
                    -3,
                    -7
                ],
                [
                    8,
                    1,
                    9
                ],
                [
                    -8,
                    -4,
                    5
                ],
                [
                    -1,
                    6,
                    9
                ],
                [
                    5,
                    -6,
                    -8
                ],
                [
                    -9,
                    -7,
                    -8
                ],
                [
                    6,
                    -1,
                    -2
                ],
                [
                    -8,
                    -7,
                    4
                ],
                [
                    7,
                    2,
                    8
                ],
                [
                    -7,
                    6,
                    -2
                ],
                [
                    -3,
                    -5,
                    7
                ],
                [
                    -7,
                    3,
                    -1
                ],
                [
                    -3,
                    -8,
                    -5
                ],
                [
                    7,
                    3,
                    1
                ],
                [
                    -1,
                    4,
                    -8
                ],
                [
                    -1,
                    8,
                    6
                ],
                [
                    9,
                    2,
                    -3
                ],
                [
                    -9,
                    -10,
                    1
                ],
                [
                    10,
                    -6,
                    7
                ],
                [
                    10,
                    9,
                    2
                ],
                [
                    3,
                    7,
                    -4
                ]
            ],
            "{   'fun': 1.0,\n    'jac': None,\n    'nfev': 49,\n    'nit': None,\n    'njev': None,\n    'x': array([0.63076364, 2.729895  , 2.34893889, 2.77626279, 2.99882194,\n       1.38132054, 3.05859484, 1.98660859])}",
            {
                "0110111000": 1,
                "0110001010": 1,
                "0011001110": 1,
                "0001001001": 1,
                "0101111111": 1,
                "1100100100": 1,
                "0110100110": 1,
                "0001100001": 1,
                "1111000110": 1,
                "1101001101": 1,
                "0000110101": 2,
                "1001001100": 1,
                "0101100000": 1,
                "0111010011": 1,
                "0001001101": 1,
                "0101000100": 1,
                "1010111001": 1,
                "1111001001": 1,
                "0111000010": 1,
                "0011000110": 1,
                "0011011000": 1,
                "1110000110": 1,
                "0100111001": 1,
                "1000110100": 1,
                "0010010111": 1,
                "0000010001": 1,
                "0101110110": 1,
                "0101001001": 1,
                "1010000000": 1,
                "0000111011": 1,
                "0110100011": 1,
                "1011010100": 1,
                "1110011011": 1,
                "1010001001": 1,
                "1011101100": 1,
                "0010001010": 1,
                "1101101000": 1,
                "0011110011": 1,
                "0111101000": 1,
                "1011101000": 1,
                "0001001010": 1,
                "1001000100": 1,
                "0110100111": 1,
                "0110111110": 1,
                "0001000101": 1,
                "1100011011": 1,
                "1100010010": 1,
                "1101011110": 1,
                "0010010000": 1,
                "1010110000": 1,
                "1101011101": 1,
                "1101010010": 1,
                "1010001110": 2,
                "1100101001": 1,
                "0101011010": 1,
                "0011100101": 1,
                "1100100000": 1,
                "1110110000": 1,
                "1110000001": 1,
                "1100011100": 1,
                "1000010010": 1,
                "0010100101": 1,
                "0100111011": 1,
                "1011100100": 1,
                "0110011101": 1,
                "0000100111": 1,
                "1000111010": 1,
                "0111110111": 1,
                "0110100010": 1,
                "0001001011": 1,
                "0111111011": 1,
                "1101011011": 2,
                "1101001011": 1,
                "1010001000": 1,
                "0011001001": 1,
                "0010010001": 1,
                "1010010110": 1,
                "0110011111": 1,
                "0000011011": 1,
                "1101111110": 1,
                "0001100000": 1,
                "0001100100": 1,
                "0010000100": 1,
                "1110101100": 1,
                "1111011010": 1,
                "1101010111": 1,
                "0010100010": 1,
                "1010100000": 1,
                "0011111010": 2,
                "0011110000": 1,
                "0010111010": 1,
                "1111011011": 1,
                "1101111100": 1,
                "1111001111": 1,
                "0111000110": 1,
                "0001111010": 1
            },
            false,
            1.0
        ],
        [
            [
                [
                    -5,
                    7,
                    -10
                ],
                [
                    -4,
                    -5,
                    -6
                ],
                [
                    -10,
                    3,
                    6
                ],
                [
                    -8,
                    -2,
                    -7
                ],
                [
                    -7,
                    9,
                    -8
                ],
                [
                    7,
                    -8,
                    -3
                ],
                [
                    -7,
                    4,
                    10
                ],
                [
                    8,
                    6,
                    2
                ],
                [
                    -3,
                    -2,
                    -6
                ],
                [
                    5,
                    8,
                    -1
                ],
                [
                    -4,
                    -1,
                    6
                ],
                [
                    6,
                    -10,
                    -7
                ],
                [
                    8,
                    1,
                    -7
                ],
                [
                    4,
                    3,
                    -5
                ],
                [
                    -10,
                    7,
                    -4
                ],
                [
                    10,
                    4,
                    3
                ],
                [
                    -2,
                    8,
                    9
                ],
                [
                    -9,
                    6,
                    2
                ],
                [
                    -3,
                    -6,
                    5
                ],
                [
                    -1,
                    3,
                    -4
                ],
                [
                    -3,
                    9,
                    2
                ],
                [
                    6,
                    7,
                    4
                ],
                [
                    -4,
                    -6,
                    7
                ],
                [
                    9,
                    -7,
                    10
                ],
                [
                    7,
                    -8,
                    1
                ],
                [
                    6,
                    -10,
                    8
                ],
                [
                    -10,
                    -8,
                    -2
                ],
                [
                    -2,
                    9,
                    5
                ],
                [
                    -3,
                    7,
                    -6
                ],
                [
                    -3,
                    10,
                    -9
                ],
                [
                    10,
                    2,
                    -7
                ],
                [
                    -3,
                    -4,
                    -9
                ],
                [
                    6,
                    5,
                    -10
                ],
                [
                    9,
                    -5,
                    -6
                ],
                [
                    -2,
                    9,
                    8
                ],
                [
                    6,
                    -7,
                    2
                ],
                [
                    1,
                    -3,
                    -2
                ],
                [
                    2,
                    -9,
                    8
                ],
                [
                    6,
                    9,
                    -3
                ],
                [
                    -4,
                    -3,
                    -5
                ],
                [
                    5,
                    2,
                    -7
                ],
                [
                    -1,
                    -10,
                    -4
                ],
                [
                    -3,
                    -5,
                    -10
                ],
                [
                    2,
                    3,
                    6
                ],
                [
                    -1,
                    -8,
                    5
                ]
            ],
            "{   'fun': 0.99,\n    'jac': None,\n    'nfev': 71,\n    'nit': None,\n    'njev': None,\n    'x': array([0.39827267, 1.1490503 , 1.41219499, 2.20252028, 2.19235832,\n       1.49834052, 0.33546737, 2.27411921])}",
            {
                "1101101111": 1,
                "1010110101": 1,
                "0100100001": 1,
                "0110011110": 1,
                "1010110011": 1,
                "0010010011": 1,
                "0000001000": 1,
                "0001000000": 1,
                "1101010011": 1,
                "0011011101": 1,
                "1111101101": 1,
                "1111011110": 1,
                "0100010001": 1,
                "1101010110": 1,
                "0000100010": 1,
                "0010001000": 1,
                "1001101111": 1,
                "0011101100": 1,
                "0100100111": 1,
                "1001001010": 1,
                "0011000001": 1,
                "1000010110": 1,
                "1001110010": 1,
                "1100010001": 1,
                "0110000000": 1,
                "1111000001": 1,
                "1110001001": 1,
                "0001001001": 1,
                "0110110110": 1,
                "1011111111": 1,
                "0100010101": 1,
                "0101001111": 1,
                "0110111010": 1,
                "1000101111": 1,
                "1010011010": 1,
                "1101100010": 1,
                "1110100111": 1,
                "0011000010": 1,
                "1101110010": 1,
                "0101111101": 1,
                "1011110000": 1,
                "1101110001": 1,
                "1000011011": 1,
                "1011100111": 1,
                "1011010010": 1,
                "0111001110": 1,
                "0110010001": 1,
                "0010111000": 1,
                "1110101001": 1,
                "1000011101": 1,
                "1110001111": 1,
                "1001101101": 1,
                "1100111001": 1,
                "1010001111": 2,
                "0000011101": 1,
                "1111000010": 1,
                "0111010001": 2,
                "1000001010": 1,
                "0110100000": 1,
                "1011010000": 1,
                "1100011000": 1,
                "0101001101": 1,
                "0110110001": 1,
                "1001001110": 1,
                "0110011101": 2,
                "0110011011": 1,
                "0111111100": 1,
                "0111011000": 1,
                "1111110111": 1,
                "0001000111": 1,
                "0001010100": 1,
                "1111111111": 2,
                "0000100000": 1,
                "0110101100": 1,
                "1110010111": 1,
                "1001001011": 1,
                "0100111111": 1,
                "1000001011": 1,
                "1001111111": 1,
                "1011110100": 1,
                "1001000111": 1,
                "1001101100": 1,
                "1001011011": 1,
                "0001000101": 1,
                "0100011101": 1,
                "1101011110": 1,
                "1001011001": 1,
                "1010011000": 1,
                "1011110001": 2,
                "1001111010": 1,
                "1101111100": 1,
                "0011101111": 1,
                "1011111100": 1,
                "0111111101": 1,
                "1010111100": 1
            },
            true,
            0.98
        ],
        [
            [
                [
                    -7,
                    9,
                    6
                ],
                [
                    -5,
                    10,
                    4
                ],
                [
                    2,
                    -9,
                    -1
                ],
                [
                    -5,
                    1,
                    -2
                ],
                [
                    10,
                    -8,
                    -4
                ],
                [
                    5,
                    9,
                    4
                ],
                [
                    6,
                    -4,
                    3
                ],
                [
                    8,
                    6,
                    -1
                ],
                [
                    1,
                    9,
                    2
                ],
                [
                    2,
                    -7,
                    9
                ],
                [
                    -1,
                    2,
                    -7
                ],
                [
                    8,
                    -3,
                    2
                ],
                [
                    4,
                    -5,
                    8
                ],
                [
                    8,
                    -4,
                    -5
                ],
                [
                    -8,
                    1,
                    6
                ],
                [
                    -8,
                    1,
                    2
                ],
                [
                    -4,
                    9,
                    10
                ],
                [
                    5,
                    -9,
                    10
                ],
                [
                    6,
                    -9,
                    8
                ],
                [
                    -10,
                    8,
                    2
                ],
                [
                    -3,
                    -8,
                    -2
                ],
                [
                    -7,
                    -8,
                    2
                ],
                [
                    -7,
                    1,
                    5
                ],
                [
                    -2,
                    -9,
                    7
                ],
                [
                    6,
                    -4,
                    -10
                ],
                [
                    3,
                    8,
                    10
                ],
                [
                    -3,
                    -1,
                    -9
                ],
                [
                    5,
                    2,
                    3
                ],
                [
                    9,
                    8,
                    3
                ],
                [
                    4,
                    6,
                    9
                ],
                [
                    4,
                    8,
                    1
                ],
                [
                    -6,
                    10,
                    1
                ],
                [
                    -10,
                    2,
                    1
                ],
                [
                    -5,
                    -1,
                    -2
                ],
                [
                    -5,
                    -9,
                    10
                ],
                [
                    8,
                    10,
                    5
                ],
                [
                    -10,
                    -6,
                    -4
                ],
                [
                    7,
                    -3,
                    -6
                ],
                [
                    2,
                    -3,
                    6
                ],
                [
                    -5,
                    9,
                    -2
                ],
                [
                    8,
                    10,
                    -1
                ],
                [
                    -8,
                    -5,
                    6
                ],
                [
                    -9,
                    10,
                    -8
                ],
                [
                    -5,
                    -9,
                    -6
                ],
                [
                    1,
                    -2,
                    3
                ]
            ],
            "{   'fun': 1.0,\n    'jac': None,\n    'nfev': 68,\n    'nit': None,\n    'njev': None,\n    'x': array([2.73312736, 0.19348528, 2.32573491, 1.02992823, 0.35557909,\n       1.52516439, 3.16736839, 1.9421637 ])}",
            {
                "1110110010": 1,
                "0101110100": 1,
                "1100010101": 1,
                "0100110010": 1,
                "1011001001": 1,
                "0001101001": 1,
                "0000110100": 1,
                "1100110000": 1,
                "1100101101": 1,
                "0001100111": 1,
                "0011110110": 1,
                "0111011100": 1,
                "1110111110": 1,
                "1000000101": 1,
                "1011100100": 1,
                "0011110111": 2,
                "1010100000": 1,
                "0011100101": 1,
                "1000111000": 1,
                "1010001011": 1,
                "0011011011": 1,
                "1100111100": 1,
                "1000111010": 1,
                "0101101110": 1,
                "0001001010": 1,
                "1110110011": 1,
                "1110100001": 1,
                "1111111011": 1,
                "0001111001": 1,
                "1000111011": 1,
                "1101100011": 1,
                "1010000010": 1,
                "0000110111": 1,
                "0001000010": 1,
                "0100000000": 1,
                "1011111110": 1,
                "1111011001": 1,
                "0100001010": 1,
                "1110001001": 1,
                "0011000101": 1,
                "0011111001": 1,
                "0111000001": 1,
                "1000001111": 1,
                "1000011101": 1,
                "1000000000": 1,
                "1101000101": 2,
                "1001111010": 2,
                "1100110101": 1,
                "1111000011": 1,
                "1100011101": 1,
                "0011010001": 1,
                "0101110111": 1,
                "0101111100": 1,
                "1000101000": 1,
                "1001111000": 1,
                "1011001010": 1,
                "0011000000": 1,
                "0010111001": 1,
                "1110000101": 1,
                "0010110100": 1,
                "0100100111": 1,
                "1001100001": 1,
                "1101111100": 1,
                "0011101110": 1,
                "0000000101": 1,
                "0110001110": 1,
                "0011010111": 1,
                "1000001000": 1,
                "1100000001": 2,
                "1101111111": 1,
                "0000010010": 1,
                "1111000000": 1,
                "0110000101": 1,
                "0011011110": 1,
                "1010000101": 1,
                "0010111100": 1,
                "0110000000": 1,
                "1111000001": 1,
                "0011100010": 1,
                "1000000110": 1,
                "1111000101": 1,
                "0111001000": 1,
                "0001000110": 1,
                "0100101001": 1,
                "0111010101": 1,
                "1111010011": 1,
                "0110110001": 1,
                "1011011110": 1,
                "1011100010": 1,
                "0000111011": 1,
                "0101101011": 1,
                "1001001101": 1,
                "1001011101": 1,
                "0100001001": 1,
                "1101110110": 1,
                "0101001001": 1
            },
            false,
            0.97
        ],
        [
            [
                [
                    6,
                    5,
                    -10
                ],
                [
                    -5,
                    3,
                    10
                ],
                [
                    1,
                    -6,
                    -7
                ],
                [
                    9,
                    6,
                    7
                ],
                [
                    10,
                    -7,
                    9
                ],
                [
                    4,
                    8,
                    -1
                ],
                [
                    10,
                    -2,
                    -8
                ],
                [
                    -8,
                    -2,
                    4
                ],
                [
                    5,
                    7,
                    -2
                ],
                [
                    -3,
                    1,
                    10
                ],
                [
                    -8,
                    9,
                    3
                ],
                [
                    6,
                    2,
                    10
                ],
                [
                    7,
                    5,
                    2
                ],
                [
                    8,
                    1,
                    10
                ],
                [
                    6,
                    1,
                    -4
                ],
                [
                    -10,
                    8,
                    5
                ],
                [
                    10,
                    4,
                    -2
                ],
                [
                    -6,
                    1,
                    -8
                ],
                [
                    -3,
                    -9,
                    6
                ],
                [
                    10,
                    -7,
                    4
                ],
                [
                    -9,
                    -7,
                    -5
                ],
                [
                    -5,
                    4,
                    2
                ],
                [
                    -6,
                    -4,
                    8
                ],
                [
                    6,
                    -4,
                    -10
                ],
                [
                    7,
                    -2,
                    4
                ],
                [
                    8,
                    7,
                    2
                ],
                [
                    3,
                    -2,
                    7
                ],
                [
                    -4,
                    -5,
                    10
                ],
                [
                    5,
                    -2,
                    3
                ],
                [
                    5,
                    7,
                    10
                ],
                [
                    8,
                    -4,
                    -2
                ],
                [
                    6,
                    -2,
                    7
                ],
                [
                    4,
                    -6,
                    2
                ],
                [
                    4,
                    2,
                    7
                ],
                [
                    9,
                    -3,
                    -6
                ],
                [
                    -8,
                    -3,
                    6
                ],
                [
                    6,
                    -10,
                    -1
                ],
                [
                    -3,
                    1,
                    -4
                ],
                [
                    -3,
                    8,
                    -6
                ],
                [
                    2,
                    1,
                    7
                ],
                [
                    -2,
                    -6,
                    1
                ],
                [
                    5,
                    7,
                    10
                ],
                [
                    -9,
                    -7,
                    -4
                ],
                [
                    1,
                    -7,
                    5
                ],
                [
                    -5,
                    3,
                    -7
                ]
            ],
            "{   'fun': 0.99,\n    'jac': None,\n    'nfev': 76,\n    'nit': None,\n    'njev': None,\n    'x': array([0.33191684, 2.10879181, 1.12852802, 2.81605036, 0.20191873,\n       2.24527059, 0.25977797, 1.00944704])}",
            {
                "1001011000": 1,
                "0100101110": 1,
                "0100010011": 1,
                "1000110111": 1,
                "0011101001": 1,
                "0011101110": 1,
                "1010011010": 1,
                "0111100011": 1,
                "0000101011": 1,
                "0010111010": 1,
                "0111001101": 1,
                "0001001010": 1,
                "1101111110": 1,
                "1011011110": 1,
                "0111110111": 1,
                "0100011010": 1,
                "1111010110": 2,
                "1011111010": 1,
                "1100000000": 1,
                "1101011001": 1,
                "1100111001": 1,
                "1101101111": 1,
                "1111111001": 1,
                "1001111111": 1,
                "1111011000": 1,
                "0011100011": 1,
                "0000000001": 1,
                "1001111110": 1,
                "0101101011": 1,
                "0101100001": 1,
                "1001010110": 1,
                "1010000110": 1,
                "1001001011": 1,
                "0001010111": 1,
                "0010100100": 1,
                "0110111000": 1,
                "0000111110": 1,
                "1111100010": 2,
                "1101010100": 1,
                "0011110111": 1,
                "0010000110": 1,
                "1111001101": 1,
                "0110110100": 1,
                "0001110001": 1,
                "1011001101": 1,
                "1111110101": 1,
                "0101011100": 1,
                "1001001010": 1,
                "1000111101": 1,
                "0110101001": 1,
                "1111001100": 1,
                "0110110110": 1,
                "0111010111": 1,
                "0011011011": 1,
                "1001101000": 1,
                "0011010101": 1,
                "1110101110": 1,
                "1011001011": 1,
                "0010101101": 1,
                "1101011100": 1,
                "1010010100": 1,
                "0101100110": 1,
                "1100110100": 1,
                "0001011111": 1,
                "1110000001": 1,
                "0100011110": 1,
                "0100000100": 1,
                "0111011010": 1,
                "1110011000": 1,
                "0110000011": 1,
                "0101001110": 1,
                "1011010011": 1,
                "1000011011": 1,
                "0111001000": 1,
                "0001000110": 1,
                "0010100110": 1,
                "1011001100": 1,
                "0001011000": 1,
                "1000010001": 1,
                "0011011010": 1,
                "0101001111": 1,
                "1101000010": 1,
                "0101010101": 1,
                "0010010101": 1,
                "0101001101": 1,
                "0101111001": 1,
                "1100001011": 1,
                "1100010100": 1,
                "1010001001": 1,
                "1110010010": 1,
                "0010011110": 1,
                "0010111001": 1,
                "1110100101": 1,
                "1011111000": 1,
                "1101001111": 1,
                "1111101000": 1,
                "0100001100": 1,
                "0001100011": 1
            },
            true,
            0.95
        ]
    ]
}