{
    "n": 10,
    "m": 45,
    "results": [
        [
            [
                [
                    7,
                    -1,
                    2
                ],
                [
                    4,
                    1,
                    7
                ],
                [
                    7,
                    3,
                    4
                ],
                [
                    -3,
                    6,
                    -2
                ],
                [
                    3,
                    -6,
                    -8
                ],
                [
                    -3,
                    1,
                    -2
                ],
                [
                    -3,
                    2,
                    -8
                ],
                [
                    5,
                    -6,
                    -8
                ],
                [
                    -7,
                    8,
                    -1
                ],
                [
                    -6,
                    2,
                    -4
                ],
                [
                    1,
                    7,
                    -10
                ],
                [
                    1,
                    -5,
                    -9
                ],
                [
                    8,
                    -3,
                    -5
                ],
                [
                    -3,
                    9,
                    -8
                ],
                [
                    -2,
                    6,
                    5
                ],
                [
                    8,
                    9,
                    3
                ],
                [
                    1,
                    4,
                    -7
                ],
                [
                    10,
                    -9,
                    4
                ],
                [
                    8,
                    7,
                    1
                ],
                [
                    -7,
                    10,
                    -1
                ],
                [
                    -9,
                    -7,
                    2
                ],
                [
                    -3,
                    2,
                    -5
                ],
                [
                    6,
                    -4,
                    1
                ],
                [
                    4,
                    1,
                    -6
                ],
                [
                    5,
                    8,
                    6
                ],
                [
                    4,
                    -7,
                    3
                ],
                [
                    7,
                    -6,
                    -1
                ],
                [
                    -7,
                    6,
                    5
                ],
                [
                    -6,
                    7,
                    1
                ],
                [
                    -4,
                    -5,
                    -10
                ],
                [
                    -9,
                    -1,
                    6
                ],
                [
                    5,
                    9,
                    1
                ],
                [
                    5,
                    7,
                    2
                ],
                [
                    -3,
                    -4,
                    -1
                ],
                [
                    10,
                    -4,
                    -9
                ],
                [
                    7,
                    -5,
                    -9
                ],
                [
                    -2,
                    1,
                    -8
                ],
                [
                    -2,
                    5,
                    4
                ],
                [
                    -10,
                    2,
                    6
                ],
                [
                    7,
                    -3,
                    5
                ],
                [
                    -4,
                    6,
                    -9
                ],
                [
                    5,
                    1,
                    -8
                ],
                [
                    7,
                    9,
                    5
                ],
                [
                    8,
                    -1,
                    6
                ],
                [
                    -8,
                    -1,
                    7
                ]
            ],
            "{   'fun': 1.0,\n    'jac': None,\n    'nfev': 67,\n    'nit': None,\n    'njev': None,\n    'x': array([0.13237623, 2.77639526, 1.7740349 , 0.68781005, 0.66971022,\n       2.95773383, 0.76921932, 0.6971602 ])}",
            {
                "0110001100": 1,
                "1100100010": 1,
                "1010000111": 1,
                "1110111100": 1,
                "1010101001": 1,
                "0000100101": 1,
                "1101100110": 1,
                "1000000000": 1,
                "0010011110": 2,
                "1001100110": 1,
                "0111001011": 1,
                "1111011010": 1,
                "1111010001": 1,
                "0001010110": 1,
                "1010011000": 1,
                "0011000101": 1,
                "0111010011": 1,
                "1011111010": 1,
                "1001110100": 1,
                "1100011001": 1,
                "0100000001": 1,
                "1101100011": 2,
                "0110101011": 1,
                "1101010011": 1,
                "0010011101": 1,
                "1001110010": 1,
                "0010100100": 1,
                "1111101000": 1,
                "0001010100": 1,
                "0010110110": 1,
                "1111111100": 1,
                "1011001011": 1,
                "1110101110": 1,
                "0101001000": 1,
                "1011111111": 1,
                "0110000110": 1,
                "0010011010": 1,
                "1110011000": 1,
                "0010011011": 1,
                "1011110101": 1,
                "0001100001": 1,
                "1101000110": 1,
                "0001100101": 1,
                "0100010010": 1,
                "1010000011": 1,
                "1011001100": 1,
                "1100110010": 1,
                "1001101110": 1,
                "1001111110": 1,
                "0000100000": 1,
                "0111010000": 1,
                "1001001101": 1,
                "1101001010": 1,
                "0001100000": 1,
                "1011010001": 1,
                "0011100110": 1,
                "1110000011": 1,
                "1101110000": 1,
                "0000100100": 1,
                "0100011110": 1,
                "1010000000": 1,
                "0111001100": 1,
                "0111101111": 1,
                "0010010100": 1,
                "0011110101": 1,
                "0101111001": 1,
                "0100110101": 1,
                "0000001000": 1,
                "1000110011": 2,
                "1110011011": 1,
                "0110010110": 1,
                "0101100010": 1,
                "1011110000": 1,
                "1010111111": 1,
                "0001111011": 1,
                "1010000100": 2,
                "1001111111": 1,
                "1100000001": 1,
                "1100011011": 1,
                "1100111101": 1,
                "1010111010": 1,
                "1110100111": 2,
                "0101100111": 1,
                "1011011110": 1,
                "1100000111": 1,
                "1101010110": 1,
                "0101010111": 1,
                "0000001110": 1,
                "1001101111": 1,
                "1100001101": 1,
                "1111010100": 1,
                "1001100100": 1,
                "1101101001": 1,
                "1010100110": 1,
                "0011000100": 1
            },
            false,
            0.98
        ],
        [
            [
                [
                    4,
                    -1,
                    -3
                ],
                [
                    7,
                    10,
                    -9
                ],
                [
                    8,
                    3,
                    -2
                ],
                [
                    1,
                    9,
                    10
                ],
                [
                    -10,
                    9,
                    -8
                ],
                [
                    -8,
                    -3,
                    -5
                ],
                [
                    -6,
                    -5,
                    10
                ],
                [
                    5,
                    10,
                    7
                ],
                [
                    -6,
                    -1,
                    8
                ],
                [
                    7,
                    -1,
                    -2
                ],
                [
                    -10,
                    -3,
                    -5
                ],
                [
                    6,
                    7,
                    9
                ],
                [
                    4,
                    -6,
                    -5
                ],
                [
                    9,
                    -7,
                    3
                ],
                [
                    1,
                    -6,
                    2
                ],
                [
                    -1,
                    -9,
                    8
                ],
                [
                    7,
                    6,
                    4
                ],
                [
                    -5,
                    9,
                    -7
                ],
                [
                    3,
                    -5,
                    -9
                ],
                [
                    -7,
                    -4,
                    -6
                ],
                [
                    -4,
                    5,
                    -7
                ],
                [
                    -4,
                    -5,
                    7
                ],
                [
                    1,
                    -10,
                    -8
                ],
                [
                    -6,
                    -1,
                    -2
                ],
                [
                    2,
                    7,
                    -10
                ],
                [
                    4,
                    7,
                    -6
                ],
                [
                    -4,
                    6,
                    -7
                ],
                [
                    7,
                    -8,
                    6
                ],
                [
                    -7,
                    -3,
                    10
                ],
                [
                    7,
                    -2,
                    9
                ],
                [
                    -6,
                    -7,
                    -8
                ],
                [
                    9,
                    -1,
                    -5
                ],
                [
                    1,
                    -8,
                    9
                ],
                [
                    -8,
                    -2,
                    7
                ],
                [
                    -7,
                    -5,
                    -9
                ],
                [
                    -4,
                    2,
                    6
                ],
                [
                    8,
                    -10,
                    -3
                ],
                [
                    3,
                    -6,
                    7
                ],
                [
                    3,
                    4,
                    -2
                ],
                [
                    -7,
                    10,
                    -4
                ],
                [
                    10,
                    8,
                    -6
                ],
                [
                    5,
                    2,
                    -3
                ],
                [
                    9,
                    -5,
                    -4
                ],
                [
                    -7,
                    -2,
                    -1
                ],
                [
                    -8,
                    9,
                    3
                ]
            ],
            "{   'fun': 0.95,\n    'jac': None,\n    'nfev': 75,\n    'nit': None,\n    'njev': None,\n    'x': array([1.53891675, 3.82027743, 2.32550069, 3.61370408, 2.88789948,\n       1.31484032, 3.08911226, 1.95120082])}",
            {
                "0010101010": 1,
                "1000000001": 1,
                "1000010110": 1,
                "0111101010": 1,
                "0110011111": 1,
                "0001101010": 1,
                "0100011000": 1,
                "0101101100": 1,
                "1110011110": 1,
                "0011010100": 1,
                "1101110101": 1,
                "0000011101": 1,
                "1100100111": 1,
                "0111010111": 1,
                "1001110100": 1,
                "0011111111": 1,
                "0100100100": 1,
                "0100100010": 1,
                "1001011111": 1,
                "1100110001": 1,
                "0001000000": 1,
                "1011011101": 1,
                "1111010110": 1,
                "0000001001": 1,
                "1110011111": 1,
                "1110111111": 1,
                "0001010011": 1,
                "0001001011": 1,
                "1000011100": 1,
                "0111111001": 1,
                "1001101000": 1,
                "1100000000": 1,
                "1101011011": 1,
                "0011101011": 1,
                "1110001011": 1,
                "1100110111": 1,
                "0110110100": 1,
                "1001100011": 1,
                "1011000111": 1,
                "1011111111": 1,
                "1011010010": 1,
                "1001001101": 2,
                "1000010100": 1,
                "1011001100": 1,
                "1001101100": 1,
                "1000111010": 1,
                "0110111110": 2,
                "1110100001": 1,
                "1010100100": 1,
                "1101100101": 1,
                "0011000111": 1,
                "0011111011": 2,
                "1110110001": 1,
                "0101000000": 1,
                "1001010111": 1,
                "0010011101": 1,
                "0010100011": 2,
                "1000010101": 1,
                "1001110010": 1,
                "0001011111": 2,
                "1001100110": 1,
                "0111001011": 1,
                "1000111101": 1,
                "1110110110": 1,
                "1001001100": 1,
                "1111111011": 1,
                "0001111001": 2,
                "0111010011": 1,
                "0010111111": 1,
                "0010011011": 2,
                "1001101011": 1,
                "1100101000": 1,
                "0110100010": 1,
                "0110111100": 2,
                "0000001100": 1,
                "0001101100": 1,
                "1000000110": 2,
                "0110011011": 1,
                "1000011101": 1,
                "0110110011": 1,
                "0001100101": 1,
                "1111100110": 1,
                "0001101111": 2,
                "0110011100": 1,
                "0111111010": 1,
                "0100001111": 1,
                "1100111010": 1,
                "1111011110": 1,
                "0110001011": 1,
                "1110101100": 1
            },
            true,
            0.93
        ],
        [
            [
                [
                    -2,
                    -8,
                    -7
                ],
                [
                    -6,
                    3,
                    8
                ],
                [
                    -10,
                    -4,
                    9
                ],
                [
                    6,
                    -9,
                    -2
                ],
                [
                    -4,
                    6,
                    -9
                ],
                [
                    9,
                    7,
                    6
                ],
                [
                    -3,
                    -2,
                    -1
                ],
                [
                    -1,
                    -2,
                    5
                ],
                [
                    -3,
                    -6,
                    -9
                ],
                [
                    9,
                    -7,
                    -4
                ],
                [
                    1,
                    5,
                    -10
                ],
                [
                    8,
                    3,
                    7
                ],
                [
                    -3,
                    -8,
                    -1
                ],
                [
                    6,
                    -5,
                    9
                ],
                [
                    -1,
                    -3,
                    6
                ],
                [
                    10,
                    6,
                    -3
                ],
                [
                    -4,
                    6,
                    2
                ],
                [
                    -9,
                    -10,
                    -5
                ],
                [
                    2,
                    8,
                    -5
                ],
                [
                    5,
                    6,
                    -10
                ],
                [
                    4,
                    -3,
                    -10
                ],
                [
                    6,
                    4,
                    -10
                ],
                [
                    6,
                    -1,
                    10
                ],
                [
                    1,
                    -2,
                    -7
                ],
                [
                    6,
                    -10,
                    -4
                ],
                [
                    -7,
                    -1,
                    -9
                ],
                [
                    -10,
                    5,
                    9
                ],
                [
                    2,
                    -6,
                    1
                ],
                [
                    -1,
                    10,
                    4
                ],
                [
                    1,
                    -8,
                    -6
                ],
                [
                    -7,
                    9,
                    2
                ],
                [
                    -7,
                    -9,
                    -5
                ],
                [
                    7,
                    1,
                    -6
                ],
                [
                    1,
                    7,
                    -4
                ],
                [
                    2,
                    -10,
                    -8
                ],
                [
                    6,
                    -1,
                    3
                ],
                [
                    -9,
                    5,
                    -3
                ],
                [
                    -9,
                    1,
                    -7
                ],
                [
                    -3,
                    5,
                    6
                ],
                [
                    7,
                    -1,
                    3
                ],
                [
                    8,
                    -3,
                    10
                ],
                [
                    10,
                    5,
                    -6
                ],
                [
                    -9,
                    3,
                    -2
                ],
                [
                    8,
                    -10,
                    -3
                ],
                [
                    3,
                    -7,
                    10
                ]
            ],
            "{   'fun': 0.99,\n    'jac': None,\n    'nfev': 70,\n    'nit': None,\n    'njev': None,\n    'x': array([1.39632094, 1.14910775, 1.41197147, 2.19932604, 2.19766938,\n       1.49729274, 0.33116579, 2.27454087])}",
            {
                "0001010010": 1,
                "0011100101": 1,
                "1110010010": 1,
                "1011001101": 1,
                "1000010010": 1,
                "1010011101": 1,
                "0000001101": 1,
                "0101011000": 1,
                "1001110011": 1,
                "1101101110": 1,
                "0001101101": 1,
                "1101010000": 1,
                "0001100100": 1,
                "1111101100": 1,
                "0111010100": 1,
                "0110011111": 1,
                "1000110010": 1,
                "0111001000": 1,
                "0100111100": 1,
                "1101100111": 1,
                "0100001011": 1,
                "1010101001": 1,
                "1101111000": 1,
                "0011110000": 1,
                "0010111010": 1,
                "0101001000": 1,
                "0110100110": 1,
                "1001111111": 1,
                "1100111101": 1,
                "1000010110": 1,
                "0100011110": 1,
                "1001111010": 1,
                "1001101011": 1,
                "0110110001": 1,
                "0110101111": 1,
                "1000100011": 1,
                "1111100010": 1,
                "0101101011": 1,
                "0011001001": 1,
                "1101100101": 2,
                "1001101110": 1,
                "0100101111": 1,
                "0010010100": 1,
                "0010100001": 1,
                "1000101111": 1,
                "1010001101": 1,
                "1010110101": 1,
                "0110110011": 1,
                "1111001010": 2,
                "1110001011": 1,
                "1011000100": 1,
                "1110001100": 1,
                "0110110000": 1,
                "0110111110": 1,
                "0011011011": 1,
                "0111100010": 1,
                "0101110111": 2,
                "1000001010": 1,
                "1001010010": 1,
                "0111111001": 1,
                "1001100001": 1,
                "0111001010": 1,
                "1110011000": 1,
                "1110101000": 1,
                "1011100001": 2,
                "0000001010": 1,
                "1000000010": 1,
                "1011101111": 1,
                "0111101111": 1,
                "0111000100": 1,
                "0101101000": 1,
                "0111111011": 1,
                "0100011100": 1,
                "1001010001": 1,
                "1111010001": 1,
                "1100110000": 1,
                "1101100100": 1,
                "0110000000": 1,
                "0101100111": 1,
                "1101001100": 1,
                "1101000100": 1,
                "0010001111": 1,
                "1011101101": 2,
                "0100011101": 1,
                "0010001110": 1,
                "1111000100": 1,
                "0000000111": 1,
                "1111010111": 1,
                "0110011010": 1,
                "0101001110": 1,
                "0100011111": 1,
                "0111101101": 1,
                "1011100111": 1,
                "0011001010": 1,
                "0010010110": 1
            },
            true,
            0.97
        ],
        [
            [
                [
                    1,
                    9,
                    -8
                ],
                [
                    -6,
                    -4,
                    -2
                ],
                [
                    2,
                    1,
                    -4
                ],
                [
                    -6,
                    8,
                    -9
                ],
                [
                    7,
                    -1,
                    9
                ],
                [
                    6,
                    5,
                    -7
                ],
                [
                    -4,
                    -10,
                    6
                ],
                [
                    4,
                    7,
                    -6
                ],
                [
                    7,
                    -6,
                    -3
                ],
                [
                    10,
                    -5,
                    -9
                ],
                [
                    -3,
                    6,
                    -10
                ],
                [
                    -1,
                    -4,
                    -3
                ],
                [
                    -10,
                    9,
                    -2
                ],
                [
                    8,
                    5,
                    4
                ],
                [
                    -6,
                    7,
                    8
                ],
                [
                    5,
                    -6,
                    -1
                ],
                [
                    2,
                    -8,
                    7
                ],
                [
                    -5,
                    6,
                    -3
                ],
                [
                    8,
                    9,
                    -2
                ],
                [
                    -10,
                    -8,
                    -6
                ],
                [
                    -8,
                    9,
                    6
                ],
                [
                    5,
                    9,
                    8
                ],
                [
                    10,
                    -1,
                    6
                ],
                [
                    -5,
                    -9,
                    -7
                ],
                [
                    -2,
                    5,
                    -1
                ],
                [
                    -5,
                    -1,
                    7
                ],
                [
                    -2,
                    10,
                    1
                ],
                [
                    3,
                    6,
                    7
                ],
                [
                    7,
                    -1,
                    3
                ],
                [
                    6,
                    -8,
                    10
                ],
                [
                    -7,
                    -4,
                    6
                ],
                [
                    7,
                    -8,
                    -10
                ],
                [
                    6,
                    -3,
                    -7
                ],
                [
                    -8,
                    -5,
                    -3
                ],
                [
                    -10,
                    9,
                    8
                ],
                [
                    10,
                    5,
                    4
                ],
                [
                    -3,
                    -9,
                    -7
                ],
                [
                    1,
                    5,
                    -9
                ],
                [
                    9,
                    10,
                    -1
                ],
                [
                    -6,
                    -7,
                    -5
                ],
                [
                    2,
                    -6,
                    10
                ],
                [
                    -4,
                    2,
                    -10
                ],
                [
                    -6,
                    -7,
                    10
                ],
                [
                    -10,
                    9,
                    -4
                ],
                [
                    -7,
                    8,
                    10
                ]
            ],
            "{   'fun': 1.0,\n    'jac': None,\n    'nfev': 49,\n    'nit': None,\n    'njev': None,\n    'x': array([2.73314346, 0.19345941, 2.3257312 , 1.02997141, 0.3555427 ,\n       1.52521094, 2.16731032, 1.94218188])}",
            {
                "1100111110": 1,
                "0111010101": 1,
                "1000010000": 1,
                "0011101000": 1,
                "1000000001": 1,
                "0010110000": 1,
                "1110010010": 1,
                "1110110010": 1,
                "1001111111": 1,
                "1011011101": 1,
                "0111001111": 1,
                "1011010000": 1,
                "0000000100": 1,
                "0110011010": 1,
                "0000010111": 1,
                "0101100010": 1,
                "1010110011": 1,
                "0011110001": 1,
                "1110111011": 1,
                "1110111110": 1,
                "0101101100": 2,
                "1000101110": 1,
                "1011101010": 1,
                "0110011110": 1,
                "0101101110": 1,
                "1100011001": 1,
                "0010010010": 1,
                "1010101110": 1,
                "1111111011": 1,
                "0001110110": 1,
                "0000110101": 1,
                "1001000110": 1,
                "0000010000": 1,
                "1100011111": 1,
                "0001101100": 1,
                "0000011000": 1,
                "0110011101": 1,
                "0011110111": 1,
                "0001111010": 1,
                "1111000001": 1,
                "0001101001": 2,
                "1000101111": 1,
                "0000110001": 1,
                "0111010011": 1,
                "1010100111": 1,
                "0010111011": 1,
                "1001101000": 1,
                "0111111001": 1,
                "1000111110": 1,
                "0110001111": 1,
                "0110011111": 1,
                "0111111000": 1,
                "0000110111": 1,
                "1011110110": 1,
                "0001100100": 1,
                "1000111101": 3,
                "1001000111": 1,
                "1000101011": 1,
                "1101100110": 1,
                "0000100101": 1,
                "1111001001": 1,
                "0100101110": 1,
                "1110001011": 1,
                "0111101111": 1,
                "0010101010": 1,
                "1010100101": 1,
                "1110001000": 1,
                "1111101100": 1,
                "1100101000": 1,
                "0110000000": 1,
                "0110100010": 1,
                "0101100111": 1,
                "1010101101": 1,
                "0000001010": 1,
                "1011101101": 1,
                "0110000001": 1,
                "1100010010": 1,
                "0001000001": 1,
                "0011111101": 1,
                "1101111000": 1,
                "1110101101": 2,
                "1001110000": 1,
                "0000100110": 1,
                "1111111111": 1,
                "1101010110": 1,
                "1000111000": 1,
                "0101100101": 1,
                "0011011011": 1,
                "0010100001": 1,
                "0111110100": 1,
                "1101100001": 1,
                "1100000001": 1,
                "1100001010": 1,
                "1100110110": 1,
                "1000001100": 1
            },
            false,
            1.0
        ],
        [
            [
                [
                    1,
                    9,
                    -6
                ],
                [
                    -10,
                    -7,
                    5
                ],
                [
                    -7,
                    -5,
                    -10
                ],
                [
                    -1,
                    9,
                    -4
                ],
                [
                    -6,
                    3,
                    10
                ],
                [
                    9,
                    10,
                    -7
                ],
                [
                    -1,
                    -4,
                    -2
                ],
                [
                    -7,
                    10,
                    3
                ],
                [
                    7,
                    -6,
                    -1
                ],
                [
                    1,
                    -8,
                    9
                ],
                [
                    -5,
                    -7,
                    -3
                ],
                [
                    -5,
                    6,
                    -10
                ],
                [
                    9,
                    3,
                    -10
                ],
                [
                    -1,
                    5,
                    2
                ],
                [
                    7,
                    -2,
                    -5
                ],
                [
                    2,
                    -3,
                    -6
                ],
                [
                    -3,
                    -10,
                    -8
                ],
                [
                    6,
                    -3,
                    -9
                ],
                [
                    10,
                    7,
                    -3
                ],
                [
                    5,
                    6,
                    -4
                ],
                [
                    2,
                    -4,
                    -9
                ],
                [
                    -2,
                    -5,
                    -7
                ],
                [
                    -2,
                    8,
                    3
                ],
                [
                    -6,
                    8,
                    1
                ],
                [
                    -1,
                    9,
                    10
                ],
                [
                    5,
                    -3,
                    -10
                ],
                [
                    -7,
                    -1,
                    8
                ],
                [
                    -1,
                    10,
                    8
                ],
                [
                    -5,
                    -3,
                    -6
                ],
                [
                    1,
                    -8,
                    4
                ],
                [
                    6,
                    5,
                    10
                ],
                [
                    1,
                    3,
                    -7
                ],
                [
                    2,
                    5,
                    -10
                ],
                [
                    -10,
                    7,
                    -9
                ],
                [
                    -1,
                    -7,
                    10
                ],
                [
                    2,
                    -7,
                    3
                ],
                [
                    5,
                    7,
                    9
                ],
                [
                    9,
                    7,
                    5
                ],
                [
                    1,
                    2,
                    -10
                ],
                [
                    -3,
                    -9,
                    10
                ],
                [
                    7,
                    10,
                    -1
                ],
                [
                    -1,
                    5,
                    3
                ],
                [
                    -9,
                    10,
                    3
                ],
                [
                    3,
                    -9,
                    -2
                ],
                [
                    8,
                    6,
                    4
                ]
            ],
            "{   'fun': 0.99,\n    'jac': None,\n    'nfev': 68,\n    'nit': None,\n    'njev': None,\n    'x': array([1.35230666, 2.08237747, 1.16215505, 1.80729534, 0.17797643,\n       2.25822632, 0.28842878, 1.01407659])}",
            {
                "0000100011": 1,
                "1000100000": 1,
                "1101110011": 1,
                "1100010100": 1,
                "0111101100": 1,
                "0100010110": 1,
                "0000001110": 1,
                "1101101010": 1,
                "0000000110": 1,
                "1010100011": 1,
                "1000010001": 1,
                "0000000101": 2,
                "0011101001": 1,
                "1010111001": 1,
                "0000010101": 1,
                "1110110110": 1,
                "1001010100": 1,
                "1011001001": 1,
                "1010010100": 1,
                "0111011001": 1,
                "0110101011": 1,
                "0100111001": 1,
                "1010110001": 1,
                "0111100110": 1,
                "0100000101": 1,
                "1101010010": 1,
                "0001100111": 1,
                "1101001010": 1,
                "1101001111": 1,
                "0001100011": 2,
                "1000111010": 1,
                "1101111000": 1,
                "1110001011": 1,
                "0011010010": 1,
                "1111110110": 1,
                "1101111110": 1,
                "0001101010": 1,
                "1001110100": 1,
                "0100101001": 1,
                "0000111000": 1,
                "1100110101": 1,
                "0001010110": 1,
                "0011110100": 1,
                "1010111100": 1,
                "1111110111": 1,
                "1100101110": 1,
                "1111100001": 1,
                "1101000110": 1,
                "0010100011": 1,
                "1001100101": 1,
                "1000111011": 1,
                "0100011100": 1,
                "0001111101": 1,
                "0100110000": 1,
                "0011101110": 1,
                "1001010011": 1,
                "1001101000": 1,
                "1101111100": 1,
                "0001011001": 1,
                "0111110010": 1,
                "1010001000": 1,
                "0100100101": 1,
                "0100000010": 1,
                "1101011001": 1,
                "1101001110": 1,
                "1110010111": 1,
                "1110100001": 1,
                "1010000110": 1,
                "0101000100": 1,
                "1110101001": 1,
                "0110010011": 1,
                "0111101011": 1,
                "0100010010": 1,
                "0001101101": 1,
                "0100000011": 1,
                "0001011100": 1,
                "1010001011": 1,
                "1111110000": 1,
                "0010010110": 1,
                "0110000000": 1,
                "0111100011": 1,
                "1001000011": 1,
                "0001010111": 1,
                "1001001001": 1,
                "0000101100": 1,
                "1010011101": 1,
                "0001000010": 1,
                "1001110111": 1,
                "1001101011": 1,
                "0110101111": 1,
                "0010010111": 1,
                "1110000110": 1,
                "1101000011": 1,
                "0011010000": 1,
                "1110011011": 1,
                "1001101101": 1,
                "0001000001": 1,
                "1011000110": 1
            },
            true,
            0.99
        ]
    ]
}