{
    "n": 10,
    "m": 45,
    "results": [
        [
            [
                [
                    9,
                    6,
                    -10
                ],
                [
                    -5,
                    -6,
                    -10
                ],
                [
                    1,
                    9,
                    -10
                ],
                [
                    -9,
                    -4,
                    6
                ],
                [
                    3,
                    -5,
                    1
                ],
                [
                    3,
                    -5,
                    -9
                ],
                [
                    -6,
                    3,
                    2
                ],
                [
                    8,
                    -10,
                    -6
                ],
                [
                    -9,
                    -6,
                    -8
                ],
                [
                    -10,
                    7,
                    4
                ],
                [
                    -6,
                    10,
                    -1
                ],
                [
                    1,
                    3,
                    -7
                ],
                [
                    10,
                    -3,
                    -2
                ],
                [
                    -1,
                    8,
                    7
                ],
                [
                    -6,
                    -9,
                    10
                ],
                [
                    -9,
                    2,
                    4
                ],
                [
                    -6,
                    2,
                    3
                ],
                [
                    9,
                    7,
                    -3
                ],
                [
                    2,
                    -8,
                    9
                ],
                [
                    9,
                    3,
                    2
                ],
                [
                    9,
                    -1,
                    4
                ],
                [
                    -4,
                    6,
                    5
                ],
                [
                    6,
                    -2,
                    -4
                ],
                [
                    -3,
                    -10,
                    -9
                ],
                [
                    8,
                    5,
                    6
                ],
                [
                    -6,
                    -4,
                    -8
                ],
                [
                    6,
                    -9,
                    -4
                ],
                [
                    -5,
                    -9,
                    -7
                ],
                [
                    2,
                    4,
                    1
                ],
                [
                    5,
                    -7,
                    -2
                ],
                [
                    8,
                    4,
                    3
                ],
                [
                    -5,
                    -1,
                    -2
                ],
                [
                    2,
                    -6,
                    -10
                ],
                [
                    -3,
                    -9,
                    -5
                ],
                [
                    1,
                    -6,
                    4
                ],
                [
                    2,
                    1,
                    -3
                ],
                [
                    9,
                    2,
                    1
                ],
                [
                    9,
                    -3,
                    1
                ],
                [
                    9,
                    7,
                    1
                ],
                [
                    5,
                    -1,
                    9
                ],
                [
                    8,
                    -5,
                    -6
                ],
                [
                    10,
                    -7,
                    9
                ],
                [
                    -6,
                    7,
                    -8
                ],
                [
                    -7,
                    -2,
                    8
                ],
                [
                    2,
                    8,
                    -4
                ]
            ],
            "{   'fun': 1.0,\n    'jac': None,\n    'nfev': 74,\n    'nit': None,\n    'njev': None,\n    'x': array([0.00751672, 2.77674032, 1.77445914, 0.68635113, 0.66948059,\n       2.95716264, 0.77003905, 1.69728292])}",
            {
                "0111110010": 1,
                "0011100000": 1,
                "1010110001": 1,
                "0010100011": 1,
                "1011101110": 1,
                "1010110111": 1,
                "1001101000": 1,
                "1001100011": 1,
                "0111111000": 1,
                "1110100100": 1,
                "1001000011": 1,
                "1011001100": 1,
                "1100111101": 1,
                "0000010001": 1,
                "1111000100": 1,
                "1010011001": 1,
                "1110010010": 1,
                "0010000110": 1,
                "0010100001": 1,
                "1000101000": 2,
                "1010100101": 1,
                "0110111001": 1,
                "0010001010": 1,
                "0111001111": 2,
                "1101000100": 1,
                "0001000000": 1,
                "1000110111": 1,
                "1011011100": 1,
                "0110101000": 1,
                "1010111011": 1,
                "0110011001": 1,
                "0000100100": 1,
                "0100000001": 1,
                "1011111000": 1,
                "1011011101": 1,
                "1000010101": 1,
                "1000101010": 1,
                "1100100001": 1,
                "1010001101": 1,
                "0100010110": 1,
                "0100010100": 1,
                "0001100001": 1,
                "1001011110": 1,
                "1011110101": 1,
                "1101001010": 1,
                "0011000101": 1,
                "0000011100": 1,
                "0100101011": 1,
                "1110100000": 1,
                "0000001110": 1,
                "0100101110": 1,
                "1111100111": 1,
                "0110111101": 1,
                "1000011010": 1,
                "0010100111": 1,
                "1000100010": 1,
                "0111000111": 1,
                "1001011111": 1,
                "0000000111": 1,
                "1011011001": 1,
                "0101001001": 1,
                "0000001101": 2,
                "0101100001": 1,
                "0001100110": 1,
                "0001011001": 1,
                "1000001111": 1,
                "0100111011": 1,
                "1101011001": 1,
                "1010100100": 1,
                "0111010101": 1,
                "0100000011": 1,
                "0110101011": 1,
                "1110101000": 1,
                "0001101111": 1,
                "1111010111": 1,
                "1101111001": 1,
                "0011010011": 1,
                "1011010011": 1,
                "0001110100": 1,
                "0011011010": 1,
                "0100110111": 1,
                "0110011111": 1,
                "0100111000": 1,
                "0110011101": 1,
                "1011100100": 1,
                "1010000110": 1,
                "0100111111": 1,
                "0001110010": 1,
                "0001100111": 1,
                "1101010010": 1,
                "0000000001": 1,
                "1001101001": 1,
                "0101100000": 1,
                "1011111101": 1,
                "0101000010": 1,
                "0001110001": 2
            },
            false,
            0.98
        ],
        [
            [
                [
                    -9,
                    -1,
                    6
                ],
                [
                    -1,
                    -5,
                    3
                ],
                [
                    4,
                    1,
                    10
                ],
                [
                    -6,
                    4,
                    -10
                ],
                [
                    -2,
                    5,
                    -10
                ],
                [
                    9,
                    7,
                    -6
                ],
                [
                    -5,
                    -4,
                    -3
                ],
                [
                    -6,
                    4,
                    -2
                ],
                [
                    -1,
                    8,
                    4
                ],
                [
                    3,
                    -6,
                    9
                ],
                [
                    6,
                    -2,
                    5
                ],
                [
                    1,
                    -5,
                    7
                ],
                [
                    -4,
                    2,
                    10
                ],
                [
                    7,
                    9,
                    5
                ],
                [
                    -4,
                    7,
                    2
                ],
                [
                    -7,
                    -6,
                    1
                ],
                [
                    -8,
                    -2,
                    10
                ],
                [
                    6,
                    -10,
                    -9
                ],
                [
                    6,
                    -4,
                    2
                ],
                [
                    -8,
                    -4,
                    -10
                ],
                [
                    2,
                    -1,
                    -4
                ],
                [
                    8,
                    -3,
                    6
                ],
                [
                    4,
                    1,
                    2
                ],
                [
                    6,
                    7,
                    -1
                ],
                [
                    6,
                    5,
                    -10
                ],
                [
                    -6,
                    -1,
                    7
                ],
                [
                    5,
                    -2,
                    -9
                ],
                [
                    -4,
                    5,
                    6
                ],
                [
                    5,
                    -9,
                    -2
                ],
                [
                    -1,
                    -10,
                    8
                ],
                [
                    1,
                    4,
                    -8
                ],
                [
                    -8,
                    -3,
                    9
                ],
                [
                    3,
                    -10,
                    1
                ],
                [
                    9,
                    -8,
                    6
                ],
                [
                    6,
                    -2,
                    -3
                ],
                [
                    1,
                    7,
                    -10
                ],
                [
                    -6,
                    8,
                    -9
                ],
                [
                    -10,
                    -7,
                    -1
                ],
                [
                    6,
                    4,
                    1
                ],
                [
                    5,
                    8,
                    -9
                ],
                [
                    6,
                    -10,
                    3
                ],
                [
                    -8,
                    -2,
                    10
                ],
                [
                    6,
                    -5,
                    10
                ],
                [
                    8,
                    -10,
                    7
                ],
                [
                    6,
                    10,
                    1
                ]
            ],
            "{   'fun': 0.97,\n    'jac': None,\n    'nfev': 81,\n    'nit': None,\n    'njev': None,\n    'x': array([0.62415186, 2.73224516, 2.35165605, 3.77624121, 2.99983278,\n       1.3826283 , 3.05857177, 2.98595125])}",
            {
                "0110101110": 1,
                "1010010111": 1,
                "1111011111": 1,
                "1111001100": 1,
                "1111101000": 1,
                "0010101110": 1,
                "0111101101": 1,
                "0001101001": 1,
                "1010001011": 1,
                "1000100011": 1,
                "0100101011": 1,
                "1010101110": 1,
                "0111110001": 1,
                "1011000000": 1,
                "0111111001": 1,
                "1101010101": 1,
                "1110010010": 1,
                "1111000001": 1,
                "0000011110": 1,
                "0110111110": 1,
                "0100111111": 1,
                "1110111000": 1,
                "0110010100": 1,
                "0001011001": 1,
                "1000001111": 1,
                "1010011100": 1,
                "1100001110": 1,
                "1101001111": 1,
                "1011100010": 2,
                "1101100111": 1,
                "1110010011": 1,
                "1101110100": 1,
                "0111011111": 1,
                "0011000001": 1,
                "1110100110": 1,
                "1010101010": 1,
                "1101010111": 1,
                "1001101011": 1,
                "1000000100": 1,
                "0011010000": 1,
                "0000111110": 1,
                "0100001111": 1,
                "1000110101": 1,
                "1011000101": 1,
                "0001001011": 1,
                "1100111010": 1,
                "0100001000": 1,
                "1000010110": 1,
                "0111111101": 1,
                "1110100101": 1,
                "1001000100": 1,
                "1001100101": 1,
                "1000000010": 1,
                "1010011000": 1,
                "0111001010": 1,
                "1000110011": 1,
                "0101111100": 1,
                "1001010110": 1,
                "0001101010": 1,
                "1100000111": 1,
                "1000011111": 1,
                "0110000010": 1,
                "0111101000": 1,
                "1100010111": 1,
                "1010100010": 1,
                "1000001000": 1,
                "0101100000": 1,
                "1001000110": 1,
                "0000000010": 1,
                "0101010010": 1,
                "0000111100": 1,
                "1101110111": 1,
                "0100100100": 1,
                "0111000100": 1,
                "1001000001": 1,
                "0000111010": 1,
                "1100000011": 1,
                "0001011110": 1,
                "1001100011": 1,
                "0111001110": 1,
                "0000100100": 1,
                "0101000011": 1,
                "1111110111": 1,
                "1000010010": 1,
                "0001001100": 1,
                "0000011111": 2,
                "1010100001": 1,
                "0111100101": 3,
                "0100010100": 1,
                "0110101100": 1,
                "1110101000": 2,
                "0001101111": 1,
                "0110010110": 1,
                "0000010101": 1,
                "1100110000": 1
            },
            true,
            0.92
        ],
        [
            [
                [
                    -10,
                    -4,
                    7
                ],
                [
                    1,
                    3,
                    5
                ],
                [
                    5,
                    -3,
                    -10
                ],
                [
                    5,
                    4,
                    -6
                ],
                [
                    8,
                    5,
                    4
                ],
                [
                    1,
                    -2,
                    8
                ],
                [
                    4,
                    -10,
                    -6
                ],
                [
                    5,
                    1,
                    -9
                ],
                [
                    6,
                    -10,
                    8
                ],
                [
                    -7,
                    -2,
                    -5
                ],
                [
                    3,
                    -7,
                    -1
                ],
                [
                    10,
                    -8,
                    4
                ],
                [
                    6,
                    -9,
                    4
                ],
                [
                    -5,
                    3,
                    4
                ],
                [
                    -2,
                    -7,
                    8
                ],
                [
                    -2,
                    -10,
                    3
                ],
                [
                    10,
                    3,
                    -5
                ],
                [
                    1,
                    8,
                    5
                ],
                [
                    -7,
                    -5,
                    -4
                ],
                [
                    3,
                    -6,
                    2
                ],
                [
                    4,
                    -8,
                    -2
                ],
                [
                    -4,
                    6,
                    -10
                ],
                [
                    -10,
                    3,
                    9
                ],
                [
                    -4,
                    7,
                    5
                ],
                [
                    10,
                    -8,
                    -5
                ],
                [
                    2,
                    8,
                    -9
                ],
                [
                    6,
                    7,
                    -3
                ],
                [
                    -5,
                    6,
                    4
                ],
                [
                    2,
                    1,
                    -9
                ],
                [
                    2,
                    1,
                    -6
                ],
                [
                    -2,
                    -6,
                    10
                ],
                [
                    4,
                    3,
                    -9
                ],
                [
                    -3,
                    1,
                    -8
                ],
                [
                    -7,
                    -5,
                    3
                ],
                [
                    -7,
                    -5,
                    -4
                ],
                [
                    9,
                    7,
                    -10
                ],
                [
                    -8,
                    6,
                    4
                ],
                [
                    -6,
                    2,
                    -10
                ],
                [
                    2,
                    -10,
                    5
                ],
                [
                    3,
                    -6,
                    7
                ],
                [
                    -2,
                    -3,
                    -7
                ],
                [
                    -4,
                    10,
                    -7
                ],
                [
                    9,
                    7,
                    4
                ],
                [
                    4,
                    -10,
                    3
                ],
                [
                    -1,
                    -10,
                    7
                ]
            ],
            "{   'fun': 0.99,\n    'jac': None,\n    'nfev': 66,\n    'nit': None,\n    'njev': None,\n    'x': array([0.39815191, 1.1650355 , 1.41222466, 1.20260229, 2.19219071,\n       1.49840378, 0.3354925 , 2.2739875 ])}",
            {
                "0110111000": 1,
                "1000010100": 1,
                "1110000000": 1,
                "0101110110": 1,
                "1000010101": 1,
                "0001010111": 1,
                "1111100011": 1,
                "0110111111": 1,
                "1100011001": 1,
                "0000000110": 1,
                "1111111011": 1,
                "1101011100": 1,
                "1010000101": 1,
                "1010110100": 1,
                "0010001110": 1,
                "0011110010": 1,
                "0101001000": 1,
                "1100100010": 1,
                "0011110111": 1,
                "1011111101": 1,
                "1001101101": 1,
                "0111100101": 1,
                "1111100111": 1,
                "0010111010": 1,
                "1001100101": 1,
                "1010101110": 1,
                "1100001111": 1,
                "0100110000": 1,
                "0000010111": 1,
                "0100010010": 1,
                "0010111000": 1,
                "1000100110": 1,
                "0111010010": 1,
                "1110011101": 1,
                "1000100100": 1,
                "0011010111": 1,
                "0001110000": 1,
                "0101010111": 1,
                "0111000010": 1,
                "1001111010": 1,
                "1101011000": 1,
                "0100001001": 1,
                "1000000011": 1,
                "0100000100": 1,
                "1101000010": 1,
                "0010100010": 1,
                "1001100110": 1,
                "1001000000": 1,
                "1101100010": 1,
                "0010000100": 1,
                "1100100000": 1,
                "1100001101": 1,
                "1110101111": 1,
                "0001111100": 1,
                "1111101001": 1,
                "1111110101": 1,
                "0000001011": 2,
                "0111011000": 1,
                "1100101110": 1,
                "1010000000": 1,
                "0111011010": 1,
                "0011000101": 1,
                "1110001010": 1,
                "0100101010": 1,
                "1100111110": 1,
                "1010110110": 1,
                "0001100110": 1,
                "1111010001": 1,
                "0110110110": 1,
                "1000110100": 1,
                "1000010110": 1,
                "0110001011": 1,
                "1111001010": 1,
                "1101010000": 1,
                "0101111000": 1,
                "0100011001": 1,
                "0010000110": 1,
                "1001001001": 1,
                "0101111001": 1,
                "0010110011": 1,
                "1001110101": 1,
                "0101111111": 1,
                "1110101011": 1,
                "0000001001": 1,
                "1001101001": 1,
                "0101111101": 1,
                "1011010010": 1,
                "0100111110": 1,
                "0011111100": 1,
                "1010100001": 1,
                "1000110110": 1,
                "1010010110": 1,
                "1101111110": 1,
                "1001000111": 1,
                "0011001110": 1,
                "1110101000": 2,
                "1101000011": 1,
                "1011011011": 1
            },
            true,
            0.98
        ],
        [
            [
                [
                    -9,
                    3,
                    5
                ],
                [
                    3,
                    -6,
                    10
                ],
                [
                    -8,
                    -6,
                    10
                ],
                [
                    -10,
                    -9,
                    6
                ],
                [
                    2,
                    10,
                    -6
                ],
                [
                    -6,
                    -7,
                    2
                ],
                [
                    9,
                    -4,
                    -5
                ],
                [
                    -4,
                    -1,
                    10
                ],
                [
                    -5,
                    1,
                    6
                ],
                [
                    3,
                    -5,
                    -7
                ],
                [
                    1,
                    -9,
                    3
                ],
                [
                    9,
                    -8,
                    -4
                ],
                [
                    -1,
                    3,
                    5
                ],
                [
                    5,
                    6,
                    -8
                ],
                [
                    -8,
                    1,
                    2
                ],
                [
                    3,
                    1,
                    -7
                ],
                [
                    7,
                    1,
                    -10
                ],
                [
                    4,
                    -2,
                    -9
                ],
                [
                    8,
                    9,
                    1
                ],
                [
                    -9,
                    -4,
                    3
                ],
                [
                    2,
                    5,
                    -7
                ],
                [
                    -4,
                    1,
                    8
                ],
                [
                    -1,
                    -5,
                    -6
                ],
                [
                    -10,
                    -3,
                    -6
                ],
                [
                    -5,
                    -10,
                    -6
                ],
                [
                    -1,
                    3,
                    5
                ],
                [
                    3,
                    9,
                    -4
                ],
                [
                    -1,
                    10,
                    2
                ],
                [
                    3,
                    1,
                    -7
                ],
                [
                    6,
                    9,
                    -2
                ],
                [
                    -6,
                    -9,
                    -8
                ],
                [
                    -7,
                    4,
                    3
                ],
                [
                    5,
                    -1,
                    -6
                ],
                [
                    6,
                    -7,
                    3
                ],
                [
                    -4,
                    -6,
                    5
                ],
                [
                    -3,
                    -9,
                    -1
                ],
                [
                    3,
                    10,
                    -2
                ],
                [
                    9,
                    8,
                    -4
                ],
                [
                    -3,
                    -4,
                    9
                ],
                [
                    -6,
                    4,
                    -1
                ],
                [
                    4,
                    -8,
                    -2
                ],
                [
                    1,
                    -2,
                    -9
                ],
                [
                    9,
                    8,
                    -10
                ],
                [
                    -7,
                    -10,
                    9
                ],
                [
                    -1,
                    4,
                    5
                ]
            ],
            "{   'fun': 0.96,\n    'jac': None,\n    'nfev': 73,\n    'nit': None,\n    'njev': None,\n    'x': array([ 2.67243564, -0.05599597,  2.27861226,  1.15680847,  0.48436734,\n        1.50685898,  2.28809918,  2.15504899])}",
            {
                "0101110110": 1,
                "0010000001": 1,
                "1011010001": 1,
                "0110010011": 1,
                "0011001111": 1,
                "1000100010": 1,
                "0100011001": 1,
                "0000011010": 1,
                "0100010001": 1,
                "0100110011": 1,
                "1101110001": 1,
                "1010111001": 1,
                "1001110001": 1,
                "0010011010": 1,
                "0100000100": 1,
                "0110010111": 1,
                "1011101111": 1,
                "1100100000": 1,
                "0110101101": 1,
                "1111001111": 1,
                "1001111001": 1,
                "1010001011": 1,
                "0101110011": 1,
                "0101111100": 1,
                "1010011110": 1,
                "0000011100": 1,
                "1100010000": 1,
                "1001100101": 1,
                "0110110101": 1,
                "1100101011": 1,
                "0000110101": 1,
                "0110011110": 1,
                "1111001101": 1,
                "1011111110": 1,
                "0100101001": 2,
                "1001110100": 1,
                "1111000111": 1,
                "1110100111": 1,
                "1000011101": 1,
                "0010000010": 1,
                "1001100000": 2,
                "0011100000": 1,
                "0111000000": 1,
                "0111010100": 1,
                "0000011011": 1,
                "0111100110": 1,
                "1100101111": 1,
                "0100111100": 1,
                "1011100010": 1,
                "1010100101": 1,
                "1011011011": 1,
                "1000001000": 1,
                "1100111101": 1,
                "1101010001": 1,
                "0111000111": 2,
                "0101001011": 1,
                "0101000010": 1,
                "0011110101": 2,
                "0010010000": 1,
                "1110000111": 1,
                "1111011110": 1,
                "1100111111": 2,
                "1001010000": 2,
                "1001010111": 1,
                "1011100000": 1,
                "0100001010": 1,
                "0111011001": 1,
                "1010001101": 1,
                "0100010110": 1,
                "1000100110": 1,
                "0111110010": 1,
                "1010010000": 1,
                "1011111010": 1,
                "0011011001": 2,
                "0111010111": 1,
                "1010011000": 1,
                "0101101111": 1,
                "0000101111": 1,
                "1111000100": 1,
                "1001011001": 1,
                "1010010001": 1,
                "1100110011": 1,
                "1110001101": 1,
                "1001111011": 1,
                "0110111010": 1,
                "1110100000": 1,
                "0000011110": 1,
                "0111101001": 1,
                "1000111010": 1,
                "1111111101": 1,
                "1000010010": 1,
                "0101000011": 1,
                "1100101110": 1
            },
            true,
            0.95
        ],
        [
            [
                [
                    -2,
                    -3,
                    7
                ],
                [
                    -6,
                    -4,
                    -7
                ],
                [
                    -2,
                    -5,
                    1
                ],
                [
                    10,
                    2,
                    -6
                ],
                [
                    -2,
                    7,
                    10
                ],
                [
                    -8,
                    2,
                    4
                ],
                [
                    -10,
                    6,
                    -8
                ],
                [
                    4,
                    9,
                    -5
                ],
                [
                    -5,
                    4,
                    3
                ],
                [
                    -9,
                    -7,
                    3
                ],
                [
                    -7,
                    -5,
                    3
                ],
                [
                    -3,
                    -8,
                    2
                ],
                [
                    9,
                    4,
                    5
                ],
                [
                    9,
                    7,
                    10
                ],
                [
                    4,
                    5,
                    -7
                ],
                [
                    2,
                    5,
                    6
                ],
                [
                    4,
                    -5,
                    -7
                ],
                [
                    9,
                    -5,
                    3
                ],
                [
                    -10,
                    -1,
                    4
                ],
                [
                    9,
                    3,
                    6
                ],
                [
                    -5,
                    -4,
                    6
                ],
                [
                    -4,
                    8,
                    -3
                ],
                [
                    -6,
                    9,
                    -5
                ],
                [
                    2,
                    -8,
                    1
                ],
                [
                    3,
                    -7,
                    -2
                ],
                [
                    8,
                    6,
                    3
                ],
                [
                    -2,
                    8,
                    -10
                ],
                [
                    -5,
                    -10,
                    3
                ],
                [
                    3,
                    2,
                    6
                ],
                [
                    -2,
                    3,
                    10
                ],
                [
                    2,
                    -10,
                    -5
                ],
                [
                    3,
                    -2,
                    6
                ],
                [
                    -2,
                    9,
                    4
                ],
                [
                    1,
                    -2,
                    7
                ],
                [
                    -7,
                    5,
                    -10
                ],
                [
                    5,
                    -2,
                    -9
                ],
                [
                    -2,
                    4,
                    -5
                ],
                [
                    3,
                    -10,
                    5
                ],
                [
                    6,
                    -4,
                    7
                ],
                [
                    -10,
                    -4,
                    9
                ],
                [
                    1,
                    10,
                    -5
                ],
                [
                    7,
                    4,
                    -5
                ],
                [
                    9,
                    -2,
                    10
                ],
                [
                    8,
                    3,
                    1
                ],
                [
                    5,
                    8,
                    -2
                ]
            ],
            "{   'fun': 1.0,\n    'jac': None,\n    'nfev': 69,\n    'nit': None,\n    'njev': None,\n    'x': array([0.35240269, 3.08237911, 1.16210656, 1.80745992, 0.17783019,\n       2.25822174, 0.28845688, 1.01414593])}",
            {
                "1110011001": 1,
                "1001011010": 1,
                "1010100011": 1,
                "0111100110": 1,
                "1110101011": 1,
                "0000101100": 1,
                "1110111011": 1,
                "0100101111": 1,
                "0011111010": 1,
                "0010000110": 1,
                "1100011110": 1,
                "1011001001": 1,
                "1100110011": 1,
                "1110011100": 1,
                "0001111111": 1,
                "0100010101": 1,
                "1100011000": 1,
                "1001111011": 1,
                "1111011110": 1,
                "1100111111": 1,
                "1000001010": 1,
                "0000101111": 1,
                "1001100011": 1,
                "0110010111": 1,
                "1011001010": 1,
                "1101001101": 1,
                "1101110000": 1,
                "0100110010": 2,
                "0110010110": 1,
                "0100110110": 1,
                "0010000101": 1,
                "0100000001": 1,
                "0110111111": 1,
                "1011011000": 1,
                "1111100010": 1,
                "1111011111": 1,
                "1011001110": 1,
                "1100100100": 1,
                "1110101110": 1,
                "0010101101": 2,
                "0111100001": 1,
                "1110110010": 2,
                "0110001110": 1,
                "1110111001": 1,
                "1011101101": 1,
                "1001000011": 1,
                "1010000100": 1,
                "1101110010": 1,
                "0001111011": 1,
                "1100010101": 1,
                "0111011001": 1,
                "0001010101": 1,
                "0011111110": 1,
                "1011101110": 2,
                "1110000111": 1,
                "0101110000": 1,
                "1010100001": 1,
                "0111001000": 1,
                "1011100000": 1,
                "1111100111": 1,
                "0110010100": 1,
                "1111100100": 1,
                "1110001010": 1,
                "0100101101": 1,
                "1000110101": 1,
                "1010101001": 1,
                "1100111001": 1,
                "0111000110": 1,
                "0100111000": 1,
                "1011100100": 1,
                "1101001010": 1,
                "1011010101": 1,
                "0001100000": 1,
                "0101101101": 1,
                "0100000011": 2,
                "0111011111": 1,
                "0111101011": 1,
                "1010000011": 1,
                "0101100000": 1,
                "1111010110": 1,
                "1110000010": 1,
                "0000010111": 1,
                "1000001001": 1,
                "0010110110": 1,
                "0100011000": 1,
                "0000000110": 1,
                "0101000101": 1,
                "0101110001": 1,
                "0110101100": 2,
                "1001001111": 1,
                "1101111111": 1,
                "0001000111": 1,
                "0010001101": 1,
                "0011110001": 1
            },
            false,
            0.96
        ]
    ]
}