{
    "n": 10,
    "m": 45,
    "results": [
        [
            [
                [
                    3,
                    -6,
                    1
                ],
                [
                    8,
                    -10,
                    6
                ],
                [
                    1,
                    9,
                    -4
                ],
                [
                    -8,
                    10,
                    6
                ],
                [
                    10,
                    5,
                    1
                ],
                [
                    -8,
                    -3,
                    4
                ],
                [
                    8,
                    -2,
                    9
                ],
                [
                    8,
                    2,
                    6
                ],
                [
                    -1,
                    -4,
                    5
                ],
                [
                    6,
                    3,
                    1
                ],
                [
                    -8,
                    2,
                    -7
                ],
                [
                    7,
                    -10,
                    8
                ],
                [
                    -2,
                    10,
                    -5
                ],
                [
                    1,
                    7,
                    -8
                ],
                [
                    1,
                    -8,
                    -9
                ],
                [
                    5,
                    1,
                    10
                ],
                [
                    9,
                    8,
                    2
                ],
                [
                    -9,
                    -10,
                    5
                ],
                [
                    5,
                    6,
                    -8
                ],
                [
                    -6,
                    8,
                    -9
                ],
                [
                    1,
                    -4,
                    -5
                ],
                [
                    2,
                    5,
                    9
                ],
                [
                    6,
                    -4,
                    10
                ],
                [
                    4,
                    -10,
                    -6
                ],
                [
                    4,
                    -3,
                    -9
                ],
                [
                    -7,
                    2,
                    -9
                ],
                [
                    7,
                    8,
                    5
                ],
                [
                    8,
                    -5,
                    4
                ],
                [
                    -6,
                    -9,
                    -10
                ],
                [
                    4,
                    3,
                    10
                ],
                [
                    5,
                    9,
                    -7
                ],
                [
                    5,
                    -1,
                    10
                ],
                [
                    9,
                    -1,
                    -3
                ],
                [
                    5,
                    10,
                    4
                ],
                [
                    -6,
                    -2,
                    4
                ],
                [
                    2,
                    -6,
                    5
                ],
                [
                    -3,
                    6,
                    5
                ],
                [
                    6,
                    2,
                    -1
                ],
                [
                    -7,
                    -1,
                    -2
                ],
                [
                    6,
                    2,
                    -5
                ],
                [
                    -4,
                    -5,
                    -6
                ],
                [
                    10,
                    -2,
                    -5
                ],
                [
                    7,
                    6,
                    -1
                ],
                [
                    7,
                    -1,
                    9
                ],
                [
                    4,
                    -10,
                    2
                ]
            ],
            "{   'fun': 1.0,\n    'jac': None,\n    'nfev': 5,\n    'nit': 0,\n    'njev': 1,\n    'x': array([1.56829047, 2.70425762, 1.11249116, 2.23230737])}",
            {
                "0010111100": 1,
                "1010110011": 1,
                "0010010101": 1,
                "1010110001": 1,
                "0100100110": 1,
                "1101110101": 1,
                "0000110100": 1,
                "1100110011": 1,
                "1011000100": 1,
                "1110001011": 1,
                "1011100001": 1,
                "0110100000": 1,
                "0100110111": 1,
                "1011000110": 1,
                "1010101100": 1,
                "1010010011": 1,
                "1010010000": 1,
                "0111011011": 1,
                "1110110000": 1,
                "1001101101": 1,
                "1010110100": 2,
                "0001111101": 1,
                "1000100011": 1,
                "1000001100": 1,
                "0110101111": 1,
                "0111110111": 1,
                "1000111111": 1,
                "1111001001": 1,
                "0001110011": 1,
                "1110100110": 2,
                "0110011011": 1,
                "1001000110": 1,
                "0010111000": 1,
                "1010001101": 1,
                "0100010010": 1,
                "1110100000": 1,
                "1010001001": 1,
                "1011111000": 1,
                "1010111001": 2,
                "1001101000": 1,
                "1101100110": 1,
                "0000000011": 1,
                "0000100001": 1,
                "0010111101": 1,
                "0110100011": 1,
                "1011100010": 1,
                "0000111011": 1,
                "0001000110": 1,
                "1010100001": 1,
                "0010000110": 1,
                "1101011101": 1,
                "1001011011": 1,
                "1100010101": 1,
                "0111011110": 1,
                "0000001000": 1,
                "0101001100": 1,
                "0111100111": 1,
                "0010110100": 1,
                "1100111010": 1,
                "0010001110": 1,
                "0001001100": 1,
                "1111100001": 1,
                "0010111010": 2,
                "1101010000": 1,
                "0110111100": 1,
                "0110100100": 1,
                "1010010100": 1,
                "0111000001": 1,
                "0001011111": 1,
                "0101100110": 1,
                "1100110101": 1,
                "0001010110": 1,
                "0011000110": 1,
                "1011101011": 1,
                "1110011001": 1,
                "1001011010": 1,
                "1111010101": 1,
                "1110010000": 1,
                "0000000110": 1,
                "0010010110": 1,
                "0010110111": 1,
                "0001001111": 1,
                "1110000101": 1,
                "0111000101": 1,
                "1101110110": 1,
                "1011001101": 1,
                "1010000000": 1,
                "0101001001": 1,
                "1101001100": 1,
                "0010000010": 1,
                "0100111010": 1,
                "1101011001": 1,
                "0111101101": 1,
                "1101110001": 1,
                "0100110000": 1,
                "1011011100": 1
            },
            false,
            1.0
        ],
        [
            [
                [
                    8,
                    -4,
                    -2
                ],
                [
                    8,
                    -5,
                    9
                ],
                [
                    -1,
                    9,
                    -6
                ],
                [
                    3,
                    -7,
                    -4
                ],
                [
                    7,
                    -4,
                    -10
                ],
                [
                    -6,
                    -2,
                    -9
                ],
                [
                    -8,
                    6,
                    10
                ],
                [
                    -10,
                    8,
                    1
                ],
                [
                    10,
                    -9,
                    1
                ],
                [
                    -1,
                    6,
                    -8
                ],
                [
                    -5,
                    4,
                    -1
                ],
                [
                    -5,
                    -2,
                    -6
                ],
                [
                    6,
                    -1,
                    10
                ],
                [
                    2,
                    -5,
                    -4
                ],
                [
                    2,
                    6,
                    10
                ],
                [
                    -2,
                    -4,
                    -5
                ],
                [
                    2,
                    5,
                    8
                ],
                [
                    8,
                    -10,
                    5
                ],
                [
                    -10,
                    7,
                    1
                ],
                [
                    8,
                    3,
                    2
                ],
                [
                    -6,
                    10,
                    -8
                ],
                [
                    8,
                    6,
                    -4
                ],
                [
                    6,
                    -8,
                    1
                ],
                [
                    -7,
                    -8,
                    4
                ],
                [
                    -4,
                    -2,
                    -3
                ],
                [
                    6,
                    -3,
                    1
                ],
                [
                    -1,
                    -2,
                    6
                ],
                [
                    3,
                    1,
                    -6
                ],
                [
                    9,
                    -1,
                    -4
                ],
                [
                    -7,
                    -6,
                    10
                ],
                [
                    6,
                    1,
                    -3
                ],
                [
                    3,
                    -10,
                    -9
                ],
                [
                    -6,
                    -7,
                    -1
                ],
                [
                    -10,
                    -5,
                    1
                ],
                [
                    -4,
                    -5,
                    -3
                ],
                [
                    -4,
                    3,
                    -7
                ],
                [
                    -3,
                    7,
                    -4
                ],
                [
                    1,
                    -7,
                    -9
                ],
                [
                    4,
                    -3,
                    10
                ],
                [
                    5,
                    -8,
                    6
                ],
                [
                    10,
                    -8,
                    -4
                ],
                [
                    -8,
                    3,
                    6
                ],
                [
                    6,
                    -3,
                    4
                ],
                [
                    5,
                    -4,
                    6
                ],
                [
                    -9,
                    1,
                    8
                ]
            ],
            "{   'fun': 1.0,\n    'jac': None,\n    'nfev': 95,\n    'nit': 2,\n    'njev': 19,\n    'x': array([1.59969097, 3.10670609, 2.4336762 , 0.15758679])}",
            {
                "1011100110": 1,
                "0011000111": 1,
                "0001001011": 1,
                "1100011000": 1,
                "0110111010": 1,
                "0101011110": 1,
                "1111001001": 1,
                "0010000101": 1,
                "0010011000": 1,
                "0001000010": 1,
                "1001010001": 1,
                "1001111001": 1,
                "1001011110": 1,
                "1011110010": 1,
                "0111101001": 1,
                "1011010110": 1,
                "0100110111": 1,
                "1111001000": 2,
                "1011000100": 1,
                "0010010111": 1,
                "0011110111": 1,
                "1111010000": 1,
                "0111111000": 1,
                "0011110100": 1,
                "1010111100": 1,
                "1010110000": 1,
                "0110001000": 1,
                "1001010011": 1,
                "1110111110": 2,
                "0001011110": 1,
                "0110010111": 1,
                "1011000111": 1,
                "1001100011": 1,
                "0111000111": 1,
                "1110101010": 1,
                "0100100000": 1,
                "1101001001": 1,
                "0010010110": 1,
                "0010110111": 1,
                "1101010110": 1,
                "0101011100": 1,
                "1110111011": 1,
                "1010110110": 1,
                "0110000000": 1,
                "0101100111": 1,
                "1001100110": 1,
                "1000110111": 1,
                "0000001001": 1,
                "1110100101": 1,
                "1011011101": 1,
                "1010111101": 1,
                "1111111010": 1,
                "1100111000": 1,
                "0110110001": 1,
                "0110101111": 1,
                "0001011100": 1,
                "0111000010": 1,
                "0111110110": 1,
                "1110110100": 1,
                "0010000100": 1,
                "1101100010": 1,
                "0000111100": 1,
                "0101101110": 1,
                "1111010010": 2,
                "1001110011": 1,
                "1001110010": 1,
                "0000101010": 1,
                "0111011011": 1,
                "1101010001": 1,
                "1111111011": 1,
                "1101011001": 1,
                "0010101010": 1,
                "1100111110": 2,
                "1111000010": 1,
                "0000000001": 1,
                "0111011111": 1,
                "0111111110": 1,
                "1110001110": 1,
                "1010100001": 1,
                "1010100111": 1,
                "1010110011": 1,
                "1011001000": 1,
                "0000000101": 1,
                "1111001111": 1,
                "1011000000": 1,
                "1000000011": 1,
                "0001011101": 1,
                "0000100101": 1,
                "0110111001": 1,
                "1100111111": 1,
                "0011100111": 1,
                "1011110111": 1,
                "1110000011": 1,
                "0010010001": 1,
                "1011010101": 1,
                "0110110010": 1
            },
            false,
            0.95
        ],
        [
            [
                [
                    9,
                    4,
                    -3
                ],
                [
                    5,
                    -4,
                    -3
                ],
                [
                    -8,
                    -2,
                    -1
                ],
                [
                    6,
                    -3,
                    5
                ],
                [
                    2,
                    10,
                    4
                ],
                [
                    -4,
                    9,
                    8
                ],
                [
                    8,
                    10,
                    -2
                ],
                [
                    8,
                    3,
                    2
                ],
                [
                    -2,
                    9,
                    7
                ],
                [
                    2,
                    3,
                    5
                ],
                [
                    10,
                    -9,
                    -7
                ],
                [
                    10,
                    -1,
                    -5
                ],
                [
                    -9,
                    -8,
                    7
                ],
                [
                    -2,
                    -8,
                    -3
                ],
                [
                    -6,
                    4,
                    7
                ],
                [
                    -7,
                    9,
                    -5
                ],
                [
                    2,
                    -8,
                    -6
                ],
                [
                    -6,
                    -3,
                    -5
                ],
                [
                    -9,
                    10,
                    6
                ],
                [
                    10,
                    -6,
                    9
                ],
                [
                    -5,
                    -2,
                    1
                ],
                [
                    -9,
                    -6,
                    -5
                ],
                [
                    -6,
                    -5,
                    2
                ],
                [
                    4,
                    9,
                    1
                ],
                [
                    10,
                    -5,
                    -1
                ],
                [
                    8,
                    10,
                    1
                ],
                [
                    -9,
                    7,
                    4
                ],
                [
                    -2,
                    -10,
                    -4
                ],
                [
                    -5,
                    2,
                    3
                ],
                [
                    -4,
                    7,
                    -3
                ],
                [
                    4,
                    -1,
                    -5
                ],
                [
                    9,
                    -8,
                    -1
                ],
                [
                    7,
                    9,
                    -3
                ],
                [
                    6,
                    7,
                    -1
                ],
                [
                    -10,
                    -6,
                    3
                ],
                [
                    -6,
                    1,
                    8
                ],
                [
                    -6,
                    10,
                    -9
                ],
                [
                    -7,
                    4,
                    -10
                ],
                [
                    -2,
                    9,
                    -7
                ],
                [
                    7,
                    4,
                    -3
                ],
                [
                    7,
                    -1,
                    3
                ],
                [
                    -7,
                    -2,
                    6
                ],
                [
                    -10,
                    -5,
                    4
                ],
                [
                    -8,
                    -4,
                    2
                ],
                [
                    -3,
                    -7,
                    5
                ]
            ],
            "{   'fun': 1.0,\n    'jac': None,\n    'nfev': 5,\n    'nit': 0,\n    'njev': 1,\n    'x': array([0.84543156, 1.22578621, 2.83200717, 0.82193502])}",
            {
                "1001110110": 1,
                "1010111001": 1,
                "1111011100": 1,
                "0010111001": 1,
                "1010100011": 1,
                "0010110100": 1,
                "0100100000": 1,
                "0010101001": 1,
                "0011111000": 1,
                "0000000111": 1,
                "1110111000": 1,
                "1000111101": 1,
                "0111110101": 1,
                "0100100001": 1,
                "0010100000": 1,
                "0101100011": 1,
                "1110111100": 1,
                "0011100000": 1,
                "1000100100": 1,
                "1110011101": 1,
                "0010101000": 1,
                "0000100000": 1,
                "1100100111": 1,
                "1110010101": 1,
                "1001101011": 1,
                "1111010110": 1,
                "1011010100": 1,
                "0111000011": 1,
                "0011001011": 1,
                "0110001011": 2,
                "1111010111": 1,
                "0000101111": 1,
                "1000100110": 1,
                "1110010001": 1,
                "1000001000": 1,
                "1010111111": 1,
                "1111001001": 1,
                "0100101110": 1,
                "0110110010": 2,
                "1010000001": 1,
                "0010111100": 1,
                "0111100011": 1,
                "0000001000": 1,
                "1000001100": 1,
                "1011110100": 1,
                "1001000001": 1,
                "0001010110": 1,
                "0110100100": 1,
                "0011010011": 1,
                "1100110010": 1,
                "0000110011": 1,
                "0100101001": 1,
                "0111010101": 1,
                "1100101001": 1,
                "1000101111": 1,
                "0100010100": 1,
                "0111100101": 1,
                "0011010101": 1,
                "0001001001": 2,
                "0100000001": 2,
                "0010010010": 1,
                "1100011001": 1,
                "0100001010": 1,
                "1100100101": 1,
                "1101010110": 1,
                "0011000011": 1,
                "0000000001": 1,
                "0101011101": 1,
                "0101001011": 1,
                "0111111011": 1,
                "0101101000": 1,
                "1011110011": 1,
                "1110000000": 1,
                "0011111101": 1,
                "0001111101": 1,
                "0100111010": 1,
                "1000001101": 1,
                "0101010010": 1,
                "1010011001": 1,
                "1000010010": 1,
                "1100101110": 1,
                "0001111110": 1,
                "1111110111": 1,
                "0100011110": 1,
                "1111011000": 1,
                "0111110000": 1,
                "0100001111": 1,
                "0101100101": 1,
                "1010100110": 1,
                "1111011111": 1,
                "0011001010": 1,
                "1100100100": 1,
                "1011110010": 1,
                "1111000000": 1,
                "1010001001": 1,
                "0000101100": 1
            },
            false,
            1.0
        ],
        [
            [
                [
                    -7,
                    -6,
                    -3
                ],
                [
                    3,
                    10,
                    8
                ],
                [
                    -9,
                    7,
                    -6
                ],
                [
                    4,
                    3,
                    9
                ],
                [
                    5,
                    2,
                    7
                ],
                [
                    -10,
                    -4,
                    5
                ],
                [
                    9,
                    3,
                    5
                ],
                [
                    2,
                    8,
                    -5
                ],
                [
                    -1,
                    -7,
                    -5
                ],
                [
                    -8,
                    3,
                    5
                ],
                [
                    2,
                    -10,
                    -8
                ],
                [
                    -8,
                    4,
                    -3
                ],
                [
                    -1,
                    -8,
                    -10
                ],
                [
                    10,
                    3,
                    -6
                ],
                [
                    6,
                    -8,
                    10
                ],
                [
                    4,
                    -5,
                    -10
                ],
                [
                    3,
                    -8,
                    -2
                ],
                [
                    1,
                    4,
                    -9
                ],
                [
                    -4,
                    -3,
                    5
                ],
                [
                    -10,
                    7,
                    8
                ],
                [
                    2,
                    -3,
                    -4
                ],
                [
                    4,
                    -3,
                    -1
                ],
                [
                    2,
                    -1,
                    4
                ],
                [
                    8,
                    9,
                    -4
                ],
                [
                    10,
                    -1,
                    3
                ],
                [
                    9,
                    7,
                    -8
                ],
                [
                    -10,
                    4,
                    -8
                ],
                [
                    8,
                    4,
                    9
                ],
                [
                    4,
                    -6,
                    1
                ],
                [
                    9,
                    -7,
                    -5
                ],
                [
                    10,
                    -4,
                    -8
                ],
                [
                    1,
                    8,
                    -9
                ],
                [
                    3,
                    5,
                    10
                ],
                [
                    8,
                    1,
                    -4
                ],
                [
                    5,
                    4,
                    10
                ],
                [
                    1,
                    -6,
                    8
                ],
                [
                    4,
                    -3,
                    -2
                ],
                [
                    -5,
                    -10,
                    -3
                ],
                [
                    7,
                    4,
                    3
                ],
                [
                    7,
                    1,
                    -9
                ],
                [
                    -6,
                    -4,
                    -3
                ],
                [
                    -5,
                    -2,
                    8
                ],
                [
                    7,
                    -9,
                    10
                ],
                [
                    5,
                    9,
                    3
                ],
                [
                    -4,
                    8,
                    -6
                ]
            ],
            "{   'fun': 1.0,\n    'jac': None,\n    'nfev': 135,\n    'nit': 2,\n    'njev': 27,\n    'x': array([1.15175673, 2.80327579, 0.40026449, 2.6329796 ])}",
            {
                "0110100001": 1,
                "1010000100": 1,
                "1011011000": 1,
                "0001111000": 1,
                "0100110101": 1,
                "0100010110": 1,
                "0001010010": 1,
                "1011000100": 1,
                "1111111111": 1,
                "0111111000": 1,
                "0000101001": 1,
                "1111100101": 1,
                "1110100001": 1,
                "1000111010": 1,
                "0101110110": 1,
                "0101101000": 1,
                "1010100010": 1,
                "0010110101": 1,
                "0010110000": 1,
                "0011001111": 1,
                "0011000101": 2,
                "0110100111": 1,
                "1000111001": 2,
                "0111010110": 1,
                "1011110010": 1,
                "1001100011": 1,
                "1100010001": 1,
                "0110011010": 1,
                "1000001001": 1,
                "1001111000": 1,
                "0011011010": 1,
                "1010001011": 1,
                "1111110000": 1,
                "0111100011": 1,
                "1110000100": 1,
                "1100101000": 2,
                "1111011100": 1,
                "0001100101": 1,
                "1011110110": 1,
                "1011010001": 2,
                "1111011101": 1,
                "0111110000": 1,
                "0011010100": 1,
                "0110110110": 1,
                "0100010001": 1,
                "0000111111": 1,
                "0110111001": 1,
                "1111010100": 1,
                "1111110111": 1,
                "1100100011": 1,
                "1101000011": 1,
                "1000101100": 1,
                "1000100101": 1,
                "1000101101": 1,
                "1010010010": 1,
                "1111010110": 1,
                "1001101001": 1,
                "0111001110": 2,
                "1110111010": 1,
                "1110111000": 1,
                "0011000010": 1,
                "1100110100": 1,
                "1110000111": 1,
                "0000010000": 1,
                "0100001111": 1,
                "0101100101": 1,
                "0011111110": 1,
                "0010000111": 1,
                "0100101011": 1,
                "0010111111": 2,
                "0000110001": 1,
                "0011110100": 1,
                "0010100111": 1,
                "0101000100": 1,
                "1110000101": 1,
                "0100000101": 1,
                "1010111110": 1,
                "0000000001": 1,
                "1111000010": 1,
                "1100110110": 1,
                "1000100011": 1,
                "1011101000": 1,
                "1010010011": 1,
                "1000011000": 1,
                "1101101001": 1,
                "0110101011": 1,
                "0100101101": 1,
                "1001101100": 1,
                "1000100100": 1,
                "1111100001": 1,
                "0011001110": 1,
                "0000101101": 2,
                "1001010101": 1
            },
            false,
            0.96
        ],
        [
            [
                [
                    -1,
                    -2,
                    -5
                ],
                [
                    9,
                    -5,
                    7
                ],
                [
                    8,
                    -6,
                    -2
                ],
                [
                    6,
                    7,
                    9
                ],
                [
                    -5,
                    -7,
                    -1
                ],
                [
                    2,
                    7,
                    3
                ],
                [
                    3,
                    -4,
                    9
                ],
                [
                    9,
                    -10,
                    3
                ],
                [
                    1,
                    -2,
                    7
                ],
                [
                    -8,
                    -6,
                    7
                ],
                [
                    5,
                    10,
                    7
                ],
                [
                    1,
                    4,
                    -9
                ],
                [
                    -8,
                    -4,
                    -6
                ],
                [
                    4,
                    -6,
                    -2
                ],
                [
                    10,
                    2,
                    -1
                ],
                [
                    -1,
                    4,
                    7
                ],
                [
                    3,
                    9,
                    -5
                ],
                [
                    3,
                    6,
                    -8
                ],
                [
                    -8,
                    -1,
                    4
                ],
                [
                    -9,
                    7,
                    3
                ],
                [
                    -7,
                    3,
                    -5
                ],
                [
                    -4,
                    2,
                    3
                ],
                [
                    -3,
                    5,
                    9
                ],
                [
                    -8,
                    3,
                    7
                ],
                [
                    -7,
                    -9,
                    -1
                ],
                [
                    -4,
                    3,
                    2
                ],
                [
                    -7,
                    4,
                    5
                ],
                [
                    -10,
                    -5,
                    -8
                ],
                [
                    -8,
                    10,
                    4
                ],
                [
                    6,
                    8,
                    -4
                ],
                [
                    10,
                    6,
                    4
                ],
                [
                    7,
                    -5,
                    10
                ],
                [
                    -6,
                    -3,
                    -10
                ],
                [
                    8,
                    -9,
                    -1
                ],
                [
                    -5,
                    3,
                    10
                ],
                [
                    4,
                    8,
                    2
                ],
                [
                    -5,
                    -6,
                    -2
                ],
                [
                    -4,
                    9,
                    1
                ],
                [
                    4,
                    8,
                    10
                ],
                [
                    2,
                    9,
                    -6
                ],
                [
                    -9,
                    4,
                    -7
                ],
                [
                    4,
                    2,
                    3
                ],
                [
                    1,
                    4,
                    -6
                ],
                [
                    -8,
                    4,
                    -3
                ],
                [
                    1,
                    10,
                    -4
                ]
            ],
            "{   'fun': 0.99,\n    'jac': None,\n    'nfev': 125,\n    'nit': 3,\n    'njev': 25,\n    'x': array([0.99423143, 0.54689219, 0.10931674, 0.87118912])}",
            {
                "1100101010": 1,
                "0101011001": 1,
                "1001011011": 1,
                "0001111011": 1,
                "0110011000": 1,
                "1100111010": 1,
                "1010110110": 1,
                "0000111111": 1,
                "0000111101": 1,
                "1101111001": 1,
                "0110101101": 1,
                "1001100111": 1,
                "1100111011": 1,
                "1101000110": 1,
                "0000110111": 1,
                "1110001111": 1,
                "0001010011": 1,
                "0011111100": 1,
                "1101100110": 1,
                "1110010001": 1,
                "0111100100": 1,
                "0101010001": 1,
                "1111110101": 1,
                "1000101100": 1,
                "1100100011": 2,
                "1000101001": 1,
                "0010000001": 1,
                "0000011111": 1,
                "0110000100": 1,
                "0011110101": 1,
                "0010000101": 2,
                "0000110010": 1,
                "1001100101": 1,
                "1100110111": 2,
                "1101000111": 1,
                "0111010111": 1,
                "0001100100": 1,
                "0001100000": 1,
                "0011111111": 1,
                "0000100011": 1,
                "1110011100": 1,
                "1010110101": 1,
                "0001100101": 1,
                "1000000011": 1,
                "0011001111": 2,
                "0110110000": 1,
                "0110010100": 1,
                "0011110010": 1,
                "0101101001": 1,
                "0101010111": 1,
                "0000101100": 1,
                "1010010101": 1,
                "0011110000": 1,
                "1010100000": 1,
                "0110100001": 1,
                "1000001111": 1,
                "1000011101": 1,
                "1110111101": 1,
                "1010110100": 1,
                "1101100010": 1,
                "0110100011": 1,
                "0001110100": 1,
                "0110011010": 1,
                "0101011110": 1,
                "1000011000": 1,
                "1011100101": 2,
                "0111110100": 1,
                "0100010101": 1,
                "1011011001": 1,
                "0010001101": 1,
                "0010001010": 1,
                "1000010010": 1,
                "1011110111": 1,
                "1111110111": 1,
                "1100101110": 1,
                "0111011000": 1,
                "0011100111": 1,
                "0101000011": 1,
                "0001110001": 2,
                "1111011111": 1,
                "0100111010": 1,
                "0000010011": 2,
                "1010000101": 1,
                "1011101000": 1,
                "1111010011": 1,
                "0111010000": 1,
                "1011000001": 1,
                "1111001110": 1,
                "1110101000": 1,
                "0001110101": 1,
                "1100110100": 1,
                "1100111110": 1,
                "1101100100": 1
            },
            true,
            0.94
        ]
    ]
}