{
    "n": 10,
    "m": 45,
    "results": [
        [
            [
                [
                    3,
                    1,
                    -9
                ],
                [
                    -3,
                    -2,
                    7
                ],
                [
                    7,
                    -6,
                    5
                ],
                [
                    5,
                    -7,
                    2
                ],
                [
                    -8,
                    4,
                    10
                ],
                [
                    -8,
                    1,
                    -4
                ],
                [
                    5,
                    -2,
                    7
                ],
                [
                    -9,
                    4,
                    -5
                ],
                [
                    -4,
                    -5,
                    7
                ],
                [
                    -3,
                    2,
                    6
                ],
                [
                    -3,
                    7,
                    -8
                ],
                [
                    5,
                    10,
                    7
                ],
                [
                    -10,
                    9,
                    -5
                ],
                [
                    -8,
                    -5,
                    -9
                ],
                [
                    -4,
                    -8,
                    -7
                ],
                [
                    1,
                    9,
                    3
                ],
                [
                    -3,
                    -9,
                    4
                ],
                [
                    -1,
                    5,
                    -8
                ],
                [
                    9,
                    3,
                    -6
                ],
                [
                    9,
                    -8,
                    -2
                ],
                [
                    -6,
                    9,
                    5
                ],
                [
                    6,
                    -3,
                    9
                ],
                [
                    -7,
                    6,
                    -9
                ],
                [
                    -4,
                    3,
                    -5
                ],
                [
                    7,
                    -8,
                    5
                ],
                [
                    8,
                    3,
                    5
                ],
                [
                    9,
                    5,
                    3
                ],
                [
                    6,
                    -8,
                    3
                ],
                [
                    -2,
                    3,
                    -10
                ],
                [
                    -1,
                    7,
                    -5
                ],
                [
                    7,
                    5,
                    10
                ],
                [
                    -1,
                    -10,
                    2
                ],
                [
                    7,
                    2,
                    4
                ],
                [
                    -10,
                    -6,
                    7
                ],
                [
                    -5,
                    -2,
                    -3
                ],
                [
                    2,
                    7,
                    5
                ],
                [
                    -9,
                    5,
                    8
                ],
                [
                    -5,
                    7,
                    -3
                ],
                [
                    8,
                    2,
                    -5
                ],
                [
                    -9,
                    -6,
                    -8
                ],
                [
                    3,
                    -1,
                    8
                ],
                [
                    7,
                    3,
                    -4
                ],
                [
                    -6,
                    8,
                    7
                ],
                [
                    -3,
                    -8,
                    7
                ],
                [
                    2,
                    -5,
                    4
                ]
            ],
            "{   'fun': 1.0,\n    'jac': None,\n    'nfev': 5,\n    'nit': 0,\n    'njev': 1,\n    'x': array([1.56829047, 2.70425762, 1.11249116, 2.23230737])}",
            {
                "1010011101": 1,
                "0101111010": 1,
                "0000111011": 1,
                "0100010100": 1,
                "1101011111": 1,
                "0000000111": 1,
                "1111100010": 2,
                "1010111010": 1,
                "1001011011": 1,
                "1101101010": 1,
                "1101100010": 1,
                "0001001110": 1,
                "1010100110": 1,
                "1101001101": 1,
                "0100010101": 1,
                "0111100001": 2,
                "0100000101": 1,
                "1110100010": 1,
                "0111101000": 1,
                "0001111100": 1,
                "1011101111": 1,
                "1011001111": 1,
                "0100111100": 1,
                "1111000000": 1,
                "1011111001": 1,
                "0110111111": 1,
                "0100000001": 1,
                "1111110010": 1,
                "1011111010": 1,
                "1111001010": 1,
                "0111011110": 1,
                "0101010011": 1,
                "0011100010": 1,
                "0001100001": 1,
                "0011101010": 1,
                "1111000001": 1,
                "0001000100": 2,
                "0110110100": 1,
                "0010001010": 1,
                "0011001011": 1,
                "0010000110": 1,
                "1110110011": 1,
                "0101101111": 1,
                "1101010110": 1,
                "0111011001": 1,
                "0111000100": 1,
                "0010001100": 1,
                "1110111100": 1,
                "1000001100": 1,
                "0010110110": 1,
                "1111010010": 1,
                "1001110011": 1,
                "1000010101": 1,
                "0100101011": 1,
                "0100000100": 1,
                "1100011000": 1,
                "1101001110": 1,
                "0000101101": 1,
                "1110011101": 1,
                "1011010100": 1,
                "1101011100": 1,
                "0011010011": 1,
                "0011100100": 1,
                "0011101100": 1,
                "1110000100": 1,
                "1001000011": 1,
                "0110100010": 1,
                "1000010111": 1,
                "0001100000": 1,
                "0110101001": 1,
                "0000111101": 1,
                "1110011110": 1,
                "1000000011": 1,
                "1001000110": 1,
                "1001011101": 1,
                "0100001001": 1,
                "1110010101": 2,
                "0000010111": 1,
                "0100011111": 1,
                "0100011001": 1,
                "0011110111": 1,
                "1001001110": 1,
                "0100111000": 1,
                "1000001111": 1,
                "0100001011": 1,
                "0011101111": 1,
                "0010000101": 1,
                "0111000001": 1,
                "1100001000": 1,
                "0100010001": 1,
                "0111000011": 1,
                "1101111010": 1,
                "0110011111": 1,
                "0000001101": 2,
                "0101001001": 1
            },
            false,
            1.0
        ],
        [
            [
                [
                    7,
                    -3,
                    4
                ],
                [
                    8,
                    -6,
                    -1
                ],
                [
                    -8,
                    -4,
                    3
                ],
                [
                    -6,
                    -5,
                    -9
                ],
                [
                    -5,
                    -10,
                    8
                ],
                [
                    8,
                    -10,
                    -5
                ],
                [
                    3,
                    -4,
                    -10
                ],
                [
                    -5,
                    3,
                    -4
                ],
                [
                    -3,
                    1,
                    2
                ],
                [
                    2,
                    -3,
                    10
                ],
                [
                    2,
                    -4,
                    -10
                ],
                [
                    -2,
                    -5,
                    -1
                ],
                [
                    -10,
                    -9,
                    2
                ],
                [
                    5,
                    7,
                    -2
                ],
                [
                    -7,
                    10,
                    9
                ],
                [
                    -10,
                    -7,
                    -9
                ],
                [
                    7,
                    -2,
                    10
                ],
                [
                    -8,
                    -4,
                    -2
                ],
                [
                    -9,
                    4,
                    8
                ],
                [
                    2,
                    -8,
                    1
                ],
                [
                    3,
                    -10,
                    -2
                ],
                [
                    4,
                    7,
                    5
                ],
                [
                    -5,
                    10,
                    -8
                ],
                [
                    -7,
                    1,
                    -2
                ],
                [
                    1,
                    7,
                    9
                ],
                [
                    10,
                    2,
                    -6
                ],
                [
                    2,
                    7,
                    -5
                ],
                [
                    -10,
                    -2,
                    -5
                ],
                [
                    6,
                    10,
                    -5
                ],
                [
                    -8,
                    5,
                    1
                ],
                [
                    -9,
                    -10,
                    4
                ],
                [
                    3,
                    9,
                    6
                ],
                [
                    10,
                    3,
                    2
                ],
                [
                    10,
                    3,
                    -4
                ],
                [
                    -6,
                    -4,
                    8
                ],
                [
                    2,
                    4,
                    -7
                ],
                [
                    -7,
                    10,
                    -8
                ],
                [
                    -1,
                    2,
                    -4
                ],
                [
                    -8,
                    5,
                    2
                ],
                [
                    -10,
                    -3,
                    -9
                ],
                [
                    -7,
                    -9,
                    5
                ],
                [
                    -5,
                    -8,
                    -2
                ],
                [
                    10,
                    -7,
                    -4
                ],
                [
                    -4,
                    -6,
                    -7
                ],
                [
                    7,
                    5,
                    9
                ]
            ],
            "{   'fun': 0.98,\n    'jac': None,\n    'nfev': 120,\n    'nit': 2,\n    'njev': 24,\n    'x': array([1.59968926, 3.10670539, 2.43367795, 0.15758507])}",
            {
                "1101110001": 1,
                "1001101101": 1,
                "1010110110": 1,
                "0101111011": 1,
                "0000101111": 1,
                "0000101001": 1,
                "1010101110": 1,
                "0111111010": 1,
                "0111100000": 1,
                "0111110100": 1,
                "1111011110": 1,
                "1110101001": 1,
                "1000010010": 2,
                "1000111101": 1,
                "1000010111": 1,
                "0010001111": 1,
                "1111111011": 1,
                "0011101001": 1,
                "1101100011": 1,
                "0111110011": 1,
                "1000111111": 1,
                "1111101011": 1,
                "0000110000": 1,
                "1010011101": 1,
                "0101000101": 1,
                "1000011100": 1,
                "0101011011": 1,
                "0101100000": 1,
                "1101101011": 1,
                "0011101010": 1,
                "1111001101": 1,
                "1111100101": 1,
                "1001110000": 1,
                "1000011000": 1,
                "0101010011": 1,
                "0001100001": 1,
                "1000000110": 2,
                "1101100010": 1,
                "1010011000": 1,
                "0010000100": 1,
                "0000011100": 1,
                "1011000110": 1,
                "0111000101": 1,
                "1111011000": 1,
                "0100001000": 1,
                "0100100001": 1,
                "1001100100": 1,
                "1101100110": 3,
                "1001110100": 1,
                "1110101100": 1,
                "1101111110": 1,
                "1011011110": 1,
                "0001111100": 1,
                "0111011100": 1,
                "0000111001": 1,
                "1110101011": 1,
                "0111111100": 1,
                "1010110111": 1,
                "0010111010": 1,
                "1011101001": 1,
                "1101100001": 1,
                "1000101100": 1,
                "0011100101": 1,
                "1110000100": 1,
                "0101100111": 1,
                "1001100111": 1,
                "1000100010": 1,
                "1111101000": 1,
                "1000101101": 1,
                "0111001010": 1,
                "0001100011": 1,
                "1100001011": 1,
                "1001000101": 1,
                "0111001001": 1,
                "0011110110": 1,
                "0000111111": 2,
                "0110111111": 1,
                "1001100001": 1,
                "1011000000": 1,
                "0100101000": 2,
                "1001110101": 1,
                "1001010100": 1,
                "1010100011": 1,
                "0011101011": 1,
                "0101001111": 1,
                "1111111010": 1,
                "1010111101": 1,
                "1011011111": 1,
                "0011110000": 1,
                "1010100010": 1,
                "0110000110": 2,
                "0010010000": 1,
                "0000111101": 1
            },
            true,
            0.95
        ],
        [
            [
                [
                    -4,
                    -7,
                    9
                ],
                [
                    -10,
                    -5,
                    -6
                ],
                [
                    4,
                    -2,
                    10
                ],
                [
                    1,
                    -10,
                    4
                ],
                [
                    -3,
                    -2,
                    4
                ],
                [
                    5,
                    -4,
                    1
                ],
                [
                    6,
                    5,
                    -1
                ],
                [
                    -7,
                    -4,
                    -5
                ],
                [
                    -10,
                    -1,
                    -4
                ],
                [
                    10,
                    4,
                    -1
                ],
                [
                    -8,
                    4,
                    -9
                ],
                [
                    -2,
                    -5,
                    1
                ],
                [
                    -4,
                    10,
                    -6
                ],
                [
                    -2,
                    3,
                    -1
                ],
                [
                    1,
                    -6,
                    -5
                ],
                [
                    9,
                    -5,
                    -8
                ],
                [
                    -7,
                    1,
                    8
                ],
                [
                    9,
                    -2,
                    -10
                ],
                [
                    4,
                    -8,
                    9
                ],
                [
                    -5,
                    1,
                    -2
                ],
                [
                    -4,
                    -6,
                    3
                ],
                [
                    4,
                    1,
                    -7
                ],
                [
                    -6,
                    -4,
                    7
                ],
                [
                    -10,
                    4,
                    -3
                ],
                [
                    5,
                    -3,
                    -10
                ],
                [
                    9,
                    -6,
                    -10
                ],
                [
                    7,
                    -10,
                    4
                ],
                [
                    -9,
                    -3,
                    -10
                ],
                [
                    8,
                    -5,
                    9
                ],
                [
                    1,
                    -2,
                    4
                ],
                [
                    10,
                    -8,
                    3
                ],
                [
                    8,
                    4,
                    7
                ],
                [
                    6,
                    -5,
                    10
                ],
                [
                    1,
                    2,
                    3
                ],
                [
                    10,
                    -4,
                    -3
                ],
                [
                    -5,
                    6,
                    -7
                ],
                [
                    9,
                    -3,
                    -2
                ],
                [
                    -4,
                    -8,
                    1
                ],
                [
                    -9,
                    -10,
                    -2
                ],
                [
                    9,
                    10,
                    -2
                ],
                [
                    -8,
                    1,
                    -5
                ],
                [
                    7,
                    -9,
                    -10
                ],
                [
                    -8,
                    1,
                    -9
                ],
                [
                    5,
                    -4,
                    -6
                ],
                [
                    -2,
                    -10,
                    -9
                ]
            ],
            "{   'fun': 1.0,\n    'jac': None,\n    'nfev': 5,\n    'nit': 0,\n    'njev': 1,\n    'x': array([0.84543156, 1.22578621, 2.83200717, 0.82193502])}",
            {
                "0100010000": 1,
                "0110111100": 1,
                "1000011100": 1,
                "0010100111": 1,
                "1100111101": 1,
                "1000010001": 1,
                "1110111010": 1,
                "0110011001": 1,
                "1100010111": 1,
                "1101010101": 1,
                "1101000110": 1,
                "1011110100": 1,
                "0100001100": 1,
                "1111011000": 1,
                "0010110100": 1,
                "0111000110": 1,
                "1001001011": 1,
                "0011001001": 1,
                "0101101011": 1,
                "1000010100": 1,
                "1011001100": 1,
                "1010011011": 1,
                "0001000110": 2,
                "1010011000": 1,
                "1011110001": 1,
                "1101111110": 1,
                "1000111110": 1,
                "0100110111": 1,
                "0001100101": 1,
                "1010000011": 1,
                "1110101100": 1,
                "1001000100": 1,
                "1011001000": 1,
                "1100010000": 1,
                "1110011110": 1,
                "1011001011": 1,
                "0010001011": 1,
                "1001100010": 1,
                "1010011101": 1,
                "0101110101": 1,
                "0000110100": 1,
                "0000010010": 1,
                "1011100101": 1,
                "1111011111": 1,
                "1101101001": 1,
                "0001010001": 1,
                "0101101110": 1,
                "0001001010": 1,
                "1110101111": 1,
                "0111001100": 1,
                "0010010111": 1,
                "0011001101": 1,
                "0101001111": 1,
                "0001011010": 1,
                "0001111000": 1,
                "0011111111": 1,
                "1100101011": 1,
                "0010111101": 1,
                "0000101101": 1,
                "0000000111": 1,
                "1001100011": 1,
                "0000001101": 1,
                "1110110101": 1,
                "0010001101": 1,
                "1111101000": 1,
                "1010010010": 1,
                "1000100010": 1,
                "0111001111": 1,
                "1111001010": 2,
                "1110110011": 1,
                "0110000100": 1,
                "1111010000": 1,
                "1000101011": 1,
                "1011100111": 1,
                "0011011000": 1,
                "1101110001": 1,
                "0111010110": 1,
                "1101111010": 1,
                "0011011010": 1,
                "1101100010": 1,
                "0101110111": 1,
                "0000000110": 1,
                "0011010010": 1,
                "0110111010": 1,
                "1001010111": 1,
                "1101011001": 1,
                "1101001011": 1,
                "1101110010": 1,
                "1011101000": 1,
                "1100110110": 1,
                "1001111001": 1,
                "1100110101": 1,
                "0000101111": 1,
                "1000111101": 1,
                "0110101001": 1,
                "0011100110": 2,
                "1011110110": 1
            },
            false,
            1.0
        ],
        [
            [
                [
                    2,
                    -5,
                    9
                ],
                [
                    5,
                    -6,
                    -7
                ],
                [
                    -9,
                    -7,
                    5
                ],
                [
                    4,
                    10,
                    -9
                ],
                [
                    -2,
                    4,
                    7
                ],
                [
                    10,
                    -3,
                    1
                ],
                [
                    -9,
                    1,
                    -10
                ],
                [
                    -2,
                    8,
                    -6
                ],
                [
                    5,
                    -1,
                    -6
                ],
                [
                    2,
                    4,
                    9
                ],
                [
                    -4,
                    6,
                    9
                ],
                [
                    -1,
                    -6,
                    -5
                ],
                [
                    9,
                    2,
                    -5
                ],
                [
                    -2,
                    -10,
                    -5
                ],
                [
                    5,
                    -8,
                    -3
                ],
                [
                    10,
                    6,
                    -4
                ],
                [
                    -2,
                    10,
                    6
                ],
                [
                    4,
                    -10,
                    -3
                ],
                [
                    -4,
                    5,
                    -8
                ],
                [
                    -5,
                    -7,
                    1
                ],
                [
                    2,
                    -8,
                    -5
                ],
                [
                    -2,
                    -3,
                    1
                ],
                [
                    6,
                    2,
                    5
                ],
                [
                    7,
                    -6,
                    9
                ],
                [
                    4,
                    -3,
                    -9
                ],
                [
                    7,
                    -4,
                    9
                ],
                [
                    -10,
                    5,
                    6
                ],
                [
                    5,
                    8,
                    -7
                ],
                [
                    -8,
                    5,
                    1
                ],
                [
                    2,
                    1,
                    10
                ],
                [
                    -1,
                    -8,
                    6
                ],
                [
                    -7,
                    1,
                    -8
                ],
                [
                    -3,
                    -6,
                    8
                ],
                [
                    7,
                    -10,
                    -8
                ],
                [
                    1,
                    -2,
                    9
                ],
                [
                    7,
                    3,
                    -2
                ],
                [
                    7,
                    -9,
                    -6
                ],
                [
                    8,
                    -10,
                    3
                ],
                [
                    -4,
                    -1,
                    8
                ],
                [
                    8,
                    -6,
                    -10
                ],
                [
                    2,
                    1,
                    5
                ],
                [
                    6,
                    3,
                    -10
                ],
                [
                    -10,
                    8,
                    5
                ],
                [
                    -10,
                    -2,
                    -1
                ],
                [
                    7,
                    -4,
                    -3
                ]
            ],
            "{   'fun': 1.0,\n    'jac': None,\n    'nfev': 5,\n    'nit': 0,\n    'njev': 1,\n    'x': array([1.15175677, 2.80327582, 0.40026449, 2.63297964])}",
            {
                "0100101001": 1,
                "0000011011": 1,
                "1000110010": 1,
                "1000000010": 1,
                "1111000011": 1,
                "1100000011": 1,
                "0101001101": 1,
                "0011110111": 1,
                "0110011101": 1,
                "0101010011": 1,
                "0110100110": 1,
                "0010100110": 1,
                "1001100110": 1,
                "1000000111": 1,
                "0011111000": 1,
                "1100111011": 1,
                "0110001100": 1,
                "0000111100": 1,
                "1011101110": 1,
                "1100111100": 1,
                "0011011000": 1,
                "0011000010": 1,
                "0100111010": 1,
                "0000011001": 1,
                "0111101001": 1,
                "1011110010": 1,
                "0000000000": 1,
                "1111100100": 1,
                "0001001011": 1,
                "1111010100": 1,
                "1101011000": 1,
                "1110111010": 1,
                "0100010100": 2,
                "1110101110": 1,
                "1010100110": 1,
                "0010010110": 1,
                "1100101100": 1,
                "1010110000": 1,
                "1101110111": 1,
                "0000010101": 1,
                "0001010001": 1,
                "1101001000": 1,
                "1100111001": 1,
                "1111101111": 1,
                "1100011011": 1,
                "1101111111": 1,
                "1100111101": 1,
                "0100100111": 1,
                "1011011001": 1,
                "0010110100": 1,
                "0101100101": 1,
                "1001001001": 1,
                "0000111010": 1,
                "0111101111": 1,
                "1101100110": 1,
                "1010011100": 1,
                "1011000011": 1,
                "1010011111": 1,
                "0111101000": 1,
                "1100100001": 2,
                "1011110000": 2,
                "1101100100": 1,
                "1110000010": 2,
                "0111001010": 1,
                "0111011010": 1,
                "0110111000": 1,
                "0001111100": 1,
                "1011100000": 1,
                "0010010111": 1,
                "1111101101": 1,
                "1111100111": 1,
                "0001100000": 1,
                "0110101001": 1,
                "1000100001": 1,
                "0010111100": 1,
                "0110000000": 1,
                "0101100111": 1,
                "1110010011": 1,
                "0100010000": 2,
                "1111101100": 1,
                "0111100010": 1,
                "0101110111": 1,
                "0110011100": 1,
                "1100001100": 1,
                "1111000001": 1,
                "0111000110": 1,
                "1010110011": 1,
                "0000110010": 1,
                "0010111000": 1,
                "0011010000": 1,
                "0111111100": 1,
                "1011000001": 1,
                "0011011110": 1,
                "1001001000": 1,
                "0010111001": 1
            },
            false,
            1.0
        ],
        [
            [
                [
                    3,
                    10,
                    -8
                ],
                [
                    -9,
                    6,
                    -7
                ],
                [
                    -7,
                    3,
                    9
                ],
                [
                    8,
                    9,
                    2
                ],
                [
                    6,
                    5,
                    -8
                ],
                [
                    -3,
                    6,
                    10
                ],
                [
                    -6,
                    -10,
                    8
                ],
                [
                    -7,
                    6,
                    5
                ],
                [
                    -1,
                    10,
                    -9
                ],
                [
                    4,
                    -6,
                    2
                ],
                [
                    -5,
                    4,
                    -7
                ],
                [
                    3,
                    8,
                    -7
                ],
                [
                    -4,
                    -5,
                    -9
                ],
                [
                    2,
                    1,
                    9
                ],
                [
                    -1,
                    -2,
                    -5
                ],
                [
                    9,
                    -6,
                    5
                ],
                [
                    9,
                    4,
                    -1
                ],
                [
                    -9,
                    4,
                    -8
                ],
                [
                    -3,
                    5,
                    7
                ],
                [
                    -3,
                    -9,
                    -10
                ],
                [
                    2,
                    6,
                    -3
                ],
                [
                    -8,
                    1,
                    3
                ],
                [
                    -4,
                    1,
                    -5
                ],
                [
                    5,
                    6,
                    -2
                ],
                [
                    -10,
                    1,
                    -2
                ],
                [
                    6,
                    -3,
                    -9
                ],
                [
                    -5,
                    -7,
                    -6
                ],
                [
                    -4,
                    -9,
                    -6
                ],
                [
                    4,
                    6,
                    3
                ],
                [
                    -5,
                    6,
                    7
                ],
                [
                    6,
                    -4,
                    10
                ],
                [
                    6,
                    7,
                    -9
                ],
                [
                    -4,
                    10,
                    3
                ],
                [
                    9,
                    8,
                    5
                ],
                [
                    6,
                    -1,
                    4
                ],
                [
                    -8,
                    9,
                    -3
                ],
                [
                    -9,
                    1,
                    -8
                ],
                [
                    10,
                    -6,
                    8
                ],
                [
                    -6,
                    -5,
                    10
                ],
                [
                    -10,
                    9,
                    -5
                ],
                [
                    -4,
                    -6,
                    9
                ],
                [
                    -3,
                    9,
                    2
                ],
                [
                    -4,
                    -9,
                    -7
                ],
                [
                    5,
                    4,
                    6
                ],
                [
                    -9,
                    4,
                    -8
                ]
            ],
            "{   'fun': 1.0,\n    'jac': None,\n    'nfev': 5,\n    'nit': 0,\n    'njev': 1,\n    'x': array([0.9942314 , 0.54689217, 0.10931673, 0.8711891 ])}",
            {
                "0011110101": 1,
                "0111101110": 1,
                "1010000001": 1,
                "0100111110": 1,
                "0011001010": 1,
                "0011001111": 1,
                "1110010110": 1,
                "0101011011": 1,
                "1001011100": 1,
                "1110110101": 1,
                "0100000001": 2,
                "0001000001": 1,
                "1110111001": 1,
                "0011010100": 1,
                "0100111010": 1,
                "1000000011": 1,
                "1001000110": 1,
                "0001011111": 1,
                "1001100011": 1,
                "0101111111": 1,
                "1111101110": 1,
                "0010000011": 1,
                "1110110010": 1,
                "0001111100": 1,
                "0000010100": 1,
                "0001000111": 2,
                "0000001011": 1,
                "1101001010": 1,
                "1011000100": 1,
                "0010001001": 1,
                "0001011011": 1,
                "0110001001": 1,
                "1100011000": 1,
                "1110010101": 1,
                "0101001110": 2,
                "0101000111": 1,
                "1000011001": 1,
                "1110101100": 1,
                "0000101100": 1,
                "0001010110": 1,
                "1001100101": 2,
                "1001110001": 1,
                "1110100101": 1,
                "0101001001": 1,
                "0111001111": 1,
                "0101100001": 1,
                "1111111101": 1,
                "1010101000": 1,
                "1101100000": 1,
                "1000011110": 1,
                "0010000001": 1,
                "0111000011": 1,
                "0110110000": 1,
                "0110101011": 1,
                "1001000111": 1,
                "0000100010": 1,
                "0101010101": 1,
                "0110001000": 1,
                "1110010011": 1,
                "0100101010": 1,
                "1111101011": 1,
                "1011000001": 1,
                "0011011110": 1,
                "1001011111": 1,
                "1001110011": 2,
                "0100100101": 1,
                "1011110010": 1,
                "0100001010": 1,
                "1011101000": 1,
                "0100011000": 1,
                "1111111100": 1,
                "1000000111": 1,
                "0011100100": 1,
                "1110000010": 1,
                "0100111101": 1,
                "0010011010": 1,
                "0001111000": 1,
                "0011111111": 1,
                "1011100101": 1,
                "0000110100": 1,
                "1010111010": 1,
                "1110110100": 1,
                "0110110100": 1,
                "0010110011": 1,
                "0011010111": 1,
                "1010010111": 1,
                "1101011110": 1,
                "1000111101": 1,
                "1101010000": 1,
                "0011111000": 1,
                "0010001011": 1,
                "0010100000": 1,
                "1100011110": 1,
                "0000010101": 1,
                "0000100001": 1
            },
            false,
            1.0
        ]
    ]
}