{
    "n": 10,
    "m": 45,
    "results": [
        [
            [
                [
                    9,
                    -4,
                    -8
                ],
                [
                    -8,
                    -3,
                    1
                ],
                [
                    3,
                    6,
                    -10
                ],
                [
                    5,
                    8,
                    -4
                ],
                [
                    -6,
                    -1,
                    7
                ],
                [
                    10,
                    -1,
                    -7
                ],
                [
                    5,
                    8,
                    -3
                ],
                [
                    3,
                    -10,
                    6
                ],
                [
                    -8,
                    2,
                    -10
                ],
                [
                    8,
                    9,
                    -1
                ],
                [
                    1,
                    8,
                    -3
                ],
                [
                    6,
                    10,
                    -8
                ],
                [
                    7,
                    -2,
                    6
                ],
                [
                    -4,
                    -7,
                    -3
                ],
                [
                    -3,
                    -5,
                    7
                ],
                [
                    -5,
                    -8,
                    -4
                ],
                [
                    -8,
                    10,
                    -4
                ],
                [
                    -10,
                    1,
                    -5
                ],
                [
                    3,
                    -7,
                    6
                ],
                [
                    1,
                    2,
                    9
                ],
                [
                    -2,
                    -1,
                    -7
                ],
                [
                    4,
                    -6,
                    9
                ],
                [
                    4,
                    -5,
                    7
                ],
                [
                    -8,
                    7,
                    -9
                ],
                [
                    8,
                    5,
                    -3
                ],
                [
                    4,
                    -10,
                    8
                ],
                [
                    10,
                    -4,
                    7
                ],
                [
                    -3,
                    -8,
                    -1
                ],
                [
                    8,
                    -4,
                    1
                ],
                [
                    -8,
                    -10,
                    4
                ],
                [
                    -8,
                    -7,
                    -3
                ],
                [
                    -9,
                    -5,
                    -3
                ],
                [
                    10,
                    8,
                    5
                ],
                [
                    -8,
                    -4,
                    1
                ],
                [
                    -9,
                    -6,
                    -7
                ],
                [
                    8,
                    -4,
                    -6
                ],
                [
                    -4,
                    -10,
                    -1
                ],
                [
                    -9,
                    6,
                    2
                ],
                [
                    -6,
                    -2,
                    -1
                ],
                [
                    9,
                    -4,
                    -5
                ],
                [
                    -3,
                    -5,
                    -8
                ],
                [
                    9,
                    1,
                    -4
                ],
                [
                    2,
                    7,
                    6
                ],
                [
                    1,
                    -9,
                    -7
                ],
                [
                    -5,
                    -10,
                    8
                ]
            ],
            "{   'fun': 5.12,\n    'jac': None,\n    'nfev': 189,\n    'nit': 0,\n    'njev': 21,\n    'x': array([0.07271878, 0.08518428, 2.49748869, 0.8393808 , 1.76215289,\n       1.68291279, 2.48651562, 2.64260122])}",
            {
                "0010001001": 1,
                "1110001010": 1,
                "1010011110": 1,
                "0110110010": 1,
                "1111001010": 1,
                "0001110100": 1,
                "1011000111": 1,
                "1111101111": 1,
                "1101001110": 1,
                "1110111001": 1,
                "0101111101": 1,
                "1101110110": 1,
                "1101010001": 1,
                "1110000010": 2,
                "0110101100": 1,
                "1100011100": 1,
                "0100011110": 1,
                "1000000010": 1,
                "1000110000": 1,
                "0100100111": 1,
                "1110100100": 1,
                "1110111101": 2,
                "0010011010": 1,
                "0110000011": 1,
                "0101010100": 1,
                "0000000011": 1,
                "1100010001": 1,
                "1000100100": 1,
                "1001001111": 1,
                "1000001011": 1,
                "1111111001": 1,
                "0110110001": 2,
                "0100010000": 1,
                "0111111010": 1,
                "1010100100": 1,
                "0000101000": 1,
                "0101101100": 1,
                "0111111011": 1,
                "1000001111": 1,
                "0111001100": 1,
                "1010010111": 1,
                "0111111000": 1,
                "0010010001": 1,
                "0010001111": 2,
                "1110011100": 1,
                "1010110010": 1,
                "1000101000": 1,
                "1100101001": 2,
                "0100001101": 1,
                "1111011001": 1,
                "1110000110": 1,
                "1100100110": 1,
                "0000101101": 1,
                "0100000001": 1,
                "0110111111": 1,
                "0100011100": 1,
                "1011000011": 1,
                "0110000111": 1,
                "1010101010": 2,
                "0000110101": 1,
                "1111010100": 1,
                "0000011000": 1,
                "0011110010": 1,
                "0010001110": 1,
                "1000010101": 1,
                "0010101000": 1,
                "0100011001": 2,
                "1000011100": 1,
                "0011000100": 1,
                "1000000111": 1,
                "0001101011": 1,
                "0110000010": 1,
                "0011110011": 1,
                "1110100111": 1,
                "0110010100": 1,
                "0001010111": 1,
                "1000000110": 1,
                "1101100100": 1,
                "0101011101": 1,
                "1010000110": 1,
                "0110110000": 2,
                "1011111110": 1,
                "0011101111": 1,
                "1110111100": 1,
                "0010010000": 1,
                "0100011101": 1,
                "0101000000": 1,
                "0011000011": 1,
                "0011100110": 1,
                "1011010101": 1,
                "1001001010": 1,
                "1011110110": 1
            },
            false,
            4.9
        ],
        [
            [
                [
                    -4,
                    2,
                    -6
                ],
                [
                    -5,
                    1,
                    -10
                ],
                [
                    -7,
                    4,
                    10
                ],
                [
                    -4,
                    -10,
                    7
                ],
                [
                    1,
                    -6,
                    -2
                ],
                [
                    1,
                    10,
                    -3
                ],
                [
                    4,
                    -1,
                    10
                ],
                [
                    -5,
                    7,
                    4
                ],
                [
                    1,
                    7,
                    -4
                ],
                [
                    -5,
                    -2,
                    10
                ],
                [
                    -8,
                    -10,
                    -4
                ],
                [
                    6,
                    -7,
                    -4
                ],
                [
                    5,
                    6,
                    9
                ],
                [
                    1,
                    -10,
                    7
                ],
                [
                    -9,
                    3,
                    -10
                ],
                [
                    3,
                    -5,
                    8
                ],
                [
                    3,
                    10,
                    -5
                ],
                [
                    7,
                    4,
                    -1
                ],
                [
                    7,
                    3,
                    -6
                ],
                [
                    1,
                    -9,
                    7
                ],
                [
                    -3,
                    6,
                    -1
                ],
                [
                    5,
                    -1,
                    -7
                ],
                [
                    8,
                    2,
                    1
                ],
                [
                    10,
                    7,
                    -9
                ],
                [
                    9,
                    -3,
                    2
                ],
                [
                    -10,
                    -8,
                    -4
                ],
                [
                    3,
                    -7,
                    -2
                ],
                [
                    -3,
                    -10,
                    1
                ],
                [
                    6,
                    -1,
                    -4
                ],
                [
                    7,
                    6,
                    2
                ],
                [
                    6,
                    1,
                    -5
                ],
                [
                    3,
                    -10,
                    -7
                ],
                [
                    -3,
                    5,
                    2
                ],
                [
                    -8,
                    4,
                    9
                ],
                [
                    3,
                    -2,
                    4
                ],
                [
                    3,
                    -1,
                    8
                ],
                [
                    3,
                    -10,
                    7
                ],
                [
                    5,
                    -2,
                    9
                ],
                [
                    -1,
                    -7,
                    5
                ],
                [
                    -4,
                    1,
                    -3
                ],
                [
                    -10,
                    -6,
                    8
                ],
                [
                    -7,
                    -5,
                    6
                ],
                [
                    -3,
                    4,
                    5
                ],
                [
                    -6,
                    -9,
                    -8
                ],
                [
                    3,
                    5,
                    10
                ]
            ],
            "{   'fun': 4.97,\n    'jac': None,\n    'nfev': 216,\n    'nit': 2,\n    'njev': 24,\n    'x': array([2.58572401, 0.04774246, 1.62396976, 3.0400057 , 0.48383555,\n       1.06155082, 2.31572148, 2.38593535])}",
            {
                "0000101101": 1,
                "0010111011": 1,
                "1000111100": 1,
                "1110000111": 1,
                "0000001101": 2,
                "0101111100": 1,
                "0100000010": 1,
                "0011110101": 1,
                "0100101111": 1,
                "1011001001": 1,
                "0011110011": 1,
                "0101000110": 1,
                "0100010001": 1,
                "0001110101": 1,
                "0000000101": 1,
                "0000001000": 1,
                "0001001111": 1,
                "0100100011": 1,
                "0101000000": 1,
                "1111100001": 1,
                "0111101110": 1,
                "1000101111": 1,
                "1110011011": 1,
                "0001011010": 1,
                "0111111111": 1,
                "0111111000": 1,
                "1010010111": 1,
                "0000011011": 1,
                "1110010101": 1,
                "1111100110": 2,
                "0110110011": 1,
                "1001111111": 1,
                "0101100001": 1,
                "0000001100": 1,
                "1000101001": 1,
                "1000000000": 1,
                "1111000110": 1,
                "1111100011": 2,
                "0110011011": 1,
                "0110010011": 1,
                "1000110101": 1,
                "0000101100": 1,
                "1101100111": 1,
                "0100001011": 1,
                "1101110110": 1,
                "1001011001": 1,
                "1101111011": 1,
                "1011110011": 1,
                "1010011111": 2,
                "0100001001": 1,
                "1111010100": 1,
                "1111110110": 1,
                "0001001101": 3,
                "0111001010": 1,
                "1111101101": 1,
                "0010101001": 1,
                "1101100011": 1,
                "0110011001": 1,
                "0000100100": 1,
                "0111001110": 1,
                "1000111010": 2,
                "0011001100": 1,
                "1010010001": 1,
                "0101000111": 1,
                "1111100000": 2,
                "0001111100": 1,
                "1111010011": 1,
                "1011101000": 1,
                "0000101011": 2,
                "1000100001": 1,
                "0001100000": 1,
                "1110110101": 1,
                "1110010011": 1,
                "1100001100": 1,
                "1110000110": 1,
                "1101000011": 1,
                "0011000100": 1,
                "1000101100": 1,
                "1111010001": 1,
                "1001110001": 1,
                "1110100101": 1,
                "0101110001": 1,
                "0000000110": 1,
                "0011110100": 1,
                "0000010100": 1,
                "1101000001": 1,
                "0001011110": 1,
                "0000101001": 1,
                "1000101101": 2,
                "1111110011": 1
            },
            false,
            4.54
        ],
        [
            [
                [
                    -6,
                    -10,
                    7
                ],
                [
                    -8,
                    -7,
                    -9
                ],
                [
                    6,
                    4,
                    2
                ],
                [
                    -7,
                    -3,
                    9
                ],
                [
                    4,
                    -9,
                    -6
                ],
                [
                    -8,
                    9,
                    -6
                ],
                [
                    7,
                    1,
                    -4
                ],
                [
                    -3,
                    7,
                    9
                ],
                [
                    3,
                    -8,
                    7
                ],
                [
                    -3,
                    -2,
                    -8
                ],
                [
                    -4,
                    -6,
                    -9
                ],
                [
                    10,
                    -5,
                    -4
                ],
                [
                    -1,
                    -10,
                    8
                ],
                [
                    -7,
                    5,
                    9
                ],
                [
                    -4,
                    2,
                    -8
                ],
                [
                    -9,
                    8,
                    4
                ],
                [
                    6,
                    3,
                    -4
                ],
                [
                    1,
                    8,
                    6
                ],
                [
                    2,
                    6,
                    -10
                ],
                [
                    -1,
                    -7,
                    8
                ],
                [
                    -5,
                    -3,
                    -9
                ],
                [
                    -4,
                    2,
                    -7
                ],
                [
                    -10,
                    2,
                    -8
                ],
                [
                    -9,
                    1,
                    -2
                ],
                [
                    -7,
                    -10,
                    9
                ],
                [
                    1,
                    4,
                    -10
                ],
                [
                    5,
                    -6,
                    1
                ],
                [
                    -3,
                    -10,
                    -8
                ],
                [
                    -4,
                    -2,
                    -8
                ],
                [
                    -8,
                    -5,
                    9
                ],
                [
                    -6,
                    -4,
                    -5
                ],
                [
                    6,
                    -5,
                    -9
                ],
                [
                    10,
                    7,
                    -3
                ],
                [
                    -1,
                    9,
                    -8
                ],
                [
                    -6,
                    -5,
                    1
                ],
                [
                    -4,
                    7,
                    5
                ],
                [
                    3,
                    -9,
                    -5
                ],
                [
                    -10,
                    7,
                    -6
                ],
                [
                    -1,
                    -5,
                    -4
                ],
                [
                    5,
                    -8,
                    -9
                ],
                [
                    9,
                    -4,
                    6
                ],
                [
                    7,
                    -2,
                    -6
                ],
                [
                    -2,
                    5,
                    -3
                ],
                [
                    -7,
                    -8,
                    4
                ],
                [
                    3,
                    7,
                    -8
                ]
            ],
            "{   'fun': 6.28,\n    'jac': None,\n    'nfev': 207,\n    'nit': 2,\n    'njev': 23,\n    'x': array([0.5274025 , 0.17713411, 0.1921155 , 0.02383536, 1.32984107,\n       1.60250021, 1.62505174, 2.34059278])}",
            {
                "1011101001": 1,
                "0110011111": 1,
                "0110001100": 1,
                "0110110000": 1,
                "0001011000": 1,
                "1111101100": 1,
                "0111011011": 1,
                "0001000111": 1,
                "1011101010": 1,
                "1011111110": 1,
                "1101011111": 1,
                "0000001011": 1,
                "0111010001": 1,
                "0000100001": 1,
                "0010111101": 1,
                "1011010101": 1,
                "0011111111": 1,
                "0010110011": 2,
                "0011011100": 1,
                "1001111010": 1,
                "1000000011": 1,
                "0100011010": 1,
                "0000101110": 2,
                "1011010010": 1,
                "0010100100": 1,
                "0010000011": 1,
                "0110010001": 1,
                "0010011110": 1,
                "1000011001": 1,
                "1110110001": 2,
                "0101011110": 1,
                "1001010111": 1,
                "1001110000": 1,
                "0101000001": 1,
                "1010101100": 1,
                "1001010100": 1,
                "0101001001": 1,
                "1111101011": 1,
                "1101010010": 2,
                "1111001100": 1,
                "1000110100": 1,
                "1111010000": 1,
                "0111100001": 2,
                "1100010100": 1,
                "0101101101": 1,
                "1011111011": 1,
                "1001100101": 3,
                "0100110010": 1,
                "1011100101": 1,
                "0111000000": 1,
                "0010111000": 1,
                "1010111010": 1,
                "0101101100": 1,
                "0111111011": 4,
                "1100100101": 1,
                "1000001011": 1,
                "0011010010": 1,
                "1011000100": 1,
                "1001101110": 1,
                "0000101111": 2,
                "0001011111": 1,
                "1001111101": 1,
                "0011111011": 1,
                "0100010101": 1,
                "0011001101": 1,
                "1010001101": 1,
                "1010110101": 1,
                "0100011101": 2,
                "0110000001": 1,
                "0100100100": 1,
                "0011010110": 1,
                "0010101001": 1,
                "0100100011": 1,
                "1101001100": 1,
                "0011001100": 1,
                "1000011101": 1,
                "0110110001": 2,
                "1101111001": 1,
                "0010101101": 1,
                "1011011100": 1,
                "1000010100": 1,
                "0111010101": 2,
                "0110011110": 1,
                "0110010110": 1,
                "0001110001": 1,
                "0101000011": 1
            },
            false,
            5.78
        ],
        [
            [
                [
                    -3,
                    2,
                    -1
                ],
                [
                    5,
                    7,
                    1
                ],
                [
                    -7,
                    9,
                    -4
                ],
                [
                    -5,
                    9,
                    4
                ],
                [
                    10,
                    5,
                    -4
                ],
                [
                    1,
                    -10,
                    -8
                ],
                [
                    -6,
                    7,
                    -5
                ],
                [
                    -6,
                    10,
                    5
                ],
                [
                    5,
                    -3,
                    -1
                ],
                [
                    6,
                    8,
                    9
                ],
                [
                    10,
                    3,
                    6
                ],
                [
                    2,
                    4,
                    6
                ],
                [
                    -10,
                    -1,
                    7
                ],
                [
                    8,
                    6,
                    -2
                ],
                [
                    5,
                    10,
                    6
                ],
                [
                    -4,
                    -1,
                    2
                ],
                [
                    5,
                    -1,
                    8
                ],
                [
                    -10,
                    4,
                    7
                ],
                [
                    -10,
                    9,
                    -6
                ],
                [
                    4,
                    2,
                    1
                ],
                [
                    -5,
                    -10,
                    -9
                ],
                [
                    -4,
                    -6,
                    3
                ],
                [
                    -9,
                    8,
                    4
                ],
                [
                    -9,
                    10,
                    6
                ],
                [
                    9,
                    3,
                    7
                ],
                [
                    5,
                    -8,
                    7
                ],
                [
                    -4,
                    -6,
                    -3
                ],
                [
                    7,
                    -1,
                    4
                ],
                [
                    -1,
                    9,
                    5
                ],
                [
                    -1,
                    5,
                    -4
                ],
                [
                    -9,
                    -1,
                    -7
                ],
                [
                    -8,
                    9,
                    -10
                ],
                [
                    -7,
                    -5,
                    -6
                ],
                [
                    -5,
                    6,
                    -4
                ],
                [
                    6,
                    -8,
                    -5
                ],
                [
                    -4,
                    6,
                    7
                ],
                [
                    -5,
                    3,
                    -7
                ],
                [
                    -9,
                    8,
                    4
                ],
                [
                    4,
                    -7,
                    -5
                ],
                [
                    6,
                    2,
                    3
                ],
                [
                    7,
                    1,
                    -9
                ],
                [
                    -9,
                    4,
                    -10
                ],
                [
                    -6,
                    3,
                    10
                ],
                [
                    -9,
                    -6,
                    4
                ],
                [
                    5,
                    9,
                    -4
                ]
            ],
            "{   'fun': 5.41,\n    'jac': None,\n    'nfev': 279,\n    'nit': 4,\n    'njev': 31,\n    'x': array([1.66665351, 1.05872104, 1.21780497, 0.12920828, 2.01362147,\n       2.25877196, 1.60499462, 0.67771981])}",
            {
                "0100011101": 1,
                "0001111101": 1,
                "1000110001": 1,
                "1101100110": 1,
                "0001111110": 1,
                "0011010001": 1,
                "1101011001": 1,
                "1011100101": 1,
                "0110111000": 1,
                "1011011110": 1,
                "0001110111": 1,
                "1001110111": 1,
                "1111101110": 1,
                "1101001111": 1,
                "1011111110": 1,
                "1011011001": 1,
                "1101100001": 1,
                "1001010100": 1,
                "1011100001": 1,
                "1110010011": 1,
                "0100101000": 1,
                "1110001010": 1,
                "0101110100": 1,
                "1011000101": 1,
                "1110100001": 2,
                "1010000110": 1,
                "1111001011": 1,
                "0010001010": 1,
                "1111011110": 1,
                "0000010011": 1,
                "1000000011": 1,
                "1001011010": 1,
                "1110000101": 1,
                "1000111000": 1,
                "0011100101": 1,
                "1100001101": 1,
                "1100000010": 1,
                "0110100010": 2,
                "1101100011": 1,
                "1001110010": 3,
                "1110011100": 1,
                "0000100011": 1,
                "1110100000": 1,
                "0100101110": 1,
                "1001010001": 1,
                "0110011001": 1,
                "0000001100": 1,
                "0001001111": 1,
                "1101010110": 1,
                "0011011110": 1,
                "0000000111": 1,
                "1000101101": 1,
                "1000011011": 1,
                "0001110100": 1,
                "1110010101": 1,
                "1001111100": 1,
                "0111011111": 1,
                "0000111000": 1,
                "0111001011": 2,
                "0001001001": 2,
                "1111001100": 1,
                "1010100001": 1,
                "0100100001": 2,
                "0110000011": 2,
                "0010110011": 1,
                "0001000100": 1,
                "1011111111": 1,
                "0101001000": 1,
                "1110111110": 1,
                "0011101010": 1,
                "1000010110": 1,
                "0001100000": 1,
                "1000010111": 1,
                "1110110110": 1,
                "1101010000": 2,
                "0110110010": 1,
                "0000100111": 1,
                "0100011011": 1,
                "0001111011": 1,
                "1001101001": 1,
                "1011010111": 1,
                "0000110010": 1,
                "0111100110": 1,
                "0000001000": 1,
                "0101001100": 1,
                "0110000101": 1,
                "1110101010": 1,
                "1110100101": 1,
                "0001101011": 1,
                "0101001111": 1,
                "0011001010": 1
            },
            false,
            5.01
        ],
        [
            [
                [
                    -1,
                    3,
                    10
                ],
                [
                    -10,
                    -4,
                    -2
                ],
                [
                    -5,
                    -1,
                    -8
                ],
                [
                    -9,
                    -10,
                    -2
                ],
                [
                    7,
                    8,
                    -5
                ],
                [
                    -8,
                    -6,
                    -10
                ],
                [
                    8,
                    7,
                    -6
                ],
                [
                    10,
                    -7,
                    -8
                ],
                [
                    -1,
                    8,
                    6
                ],
                [
                    4,
                    5,
                    7
                ],
                [
                    5,
                    -3,
                    7
                ],
                [
                    -3,
                    8,
                    -10
                ],
                [
                    -5,
                    2,
                    -7
                ],
                [
                    -9,
                    -2,
                    6
                ],
                [
                    8,
                    10,
                    1
                ],
                [
                    3,
                    -1,
                    -7
                ],
                [
                    7,
                    -6,
                    -5
                ],
                [
                    -4,
                    -8,
                    10
                ],
                [
                    7,
                    5,
                    3
                ],
                [
                    -3,
                    -1,
                    -5
                ],
                [
                    -10,
                    -2,
                    -8
                ],
                [
                    -10,
                    -1,
                    6
                ],
                [
                    -8,
                    3,
                    -2
                ],
                [
                    3,
                    9,
                    6
                ],
                [
                    4,
                    7,
                    1
                ],
                [
                    -2,
                    -8,
                    -10
                ],
                [
                    -4,
                    -1,
                    -9
                ],
                [
                    6,
                    9,
                    -8
                ],
                [
                    10,
                    -4,
                    -8
                ],
                [
                    5,
                    4,
                    -7
                ],
                [
                    -2,
                    3,
                    -4
                ],
                [
                    -8,
                    7,
                    9
                ],
                [
                    -7,
                    -8,
                    -9
                ],
                [
                    10,
                    -5,
                    -1
                ],
                [
                    -4,
                    2,
                    -5
                ],
                [
                    5,
                    -9,
                    3
                ],
                [
                    4,
                    6,
                    -7
                ],
                [
                    3,
                    2,
                    4
                ],
                [
                    -5,
                    6,
                    -7
                ],
                [
                    4,
                    -1,
                    -6
                ],
                [
                    -9,
                    -10,
                    -8
                ],
                [
                    6,
                    3,
                    2
                ],
                [
                    -6,
                    -1,
                    -9
                ],
                [
                    -2,
                    3,
                    -7
                ],
                [
                    -9,
                    -4,
                    -1
                ]
            ],
            "{   'fun': 5.75,\n    'jac': None,\n    'nfev': 207,\n    'nit': 2,\n    'njev': 23,\n    'x': array([1.48071907, 0.09543983, 2.17348475, 1.06912737, 2.42272851,\n       2.07750143, 1.74635435, 2.86819138])}",
            {
                "0001010110": 1,
                "0001100011": 1,
                "0010100100": 1,
                "0011100000": 1,
                "0000100011": 1,
                "0001100000": 1,
                "0010110101": 1,
                "0011000100": 1,
                "0111100010": 1,
                "1001110101": 1,
                "1001010101": 1,
                "0011111011": 1,
                "1101000010": 1,
                "0101100001": 1,
                "1101011110": 1,
                "0111011110": 1,
                "0010101010": 1,
                "0110101000": 2,
                "1100101000": 1,
                "0000100000": 1,
                "1001001101": 1,
                "0100111000": 1,
                "0111101111": 1,
                "1101110010": 1,
                "1110011010": 1,
                "1000011111": 1,
                "0110010011": 1,
                "1100000100": 2,
                "0011010101": 1,
                "1111011011": 1,
                "1100001101": 1,
                "1100000101": 1,
                "1011011001": 1,
                "0001011110": 1,
                "0100111001": 1,
                "1010011001": 1,
                "1010011010": 1,
                "1101100010": 1,
                "0110001001": 1,
                "0100000001": 1,
                "0110011001": 1,
                "1110110000": 1,
                "0000100100": 2,
                "1010101000": 1,
                "0001011101": 1,
                "0101010110": 1,
                "1111001110": 1,
                "1111101011": 1,
                "0000011101": 1,
                "1110111100": 3,
                "1011010010": 1,
                "1110101100": 1,
                "1111110101": 1,
                "0001111110": 1,
                "1111011001": 1,
                "1101000011": 1,
                "0100011100": 1,
                "1100100011": 1,
                "0011101101": 1,
                "0110001111": 2,
                "0100101100": 2,
                "1100111011": 1,
                "0000011110": 1,
                "1101010011": 1,
                "1011101011": 1,
                "0010101000": 1,
                "1000011011": 1,
                "1001010010": 2,
                "0110100000": 1,
                "0000000101": 1,
                "0000110011": 1,
                "1001100111": 1,
                "0110111010": 1,
                "0100101011": 1,
                "1000101111": 1,
                "0011111010": 2,
                "1110100100": 2,
                "0110101110": 1,
                "0001000010": 1,
                "1111101001": 1,
                "0011101011": 1,
                "1101010001": 2,
                "0010001000": 1,
                "1111001100": 1,
                "0111110011": 1,
                "1101001111": 3,
                "1101000100": 1
            },
            false,
            4.92
        ]
    ]
}