{
    "n": 10,
    "m": 45,
    "results": [
        [
            [
                [
                    -10,
                    -9,
                    4
                ],
                [
                    4,
                    -5,
                    -1
                ],
                [
                    -2,
                    3,
                    5
                ],
                [
                    -1,
                    7,
                    -3
                ],
                [
                    2,
                    4,
                    -5
                ],
                [
                    -3,
                    -7,
                    -10
                ],
                [
                    7,
                    1,
                    4
                ],
                [
                    10,
                    2,
                    5
                ],
                [
                    4,
                    -8,
                    -6
                ],
                [
                    2,
                    -3,
                    9
                ],
                [
                    8,
                    3,
                    1
                ],
                [
                    -8,
                    -2,
                    4
                ],
                [
                    3,
                    -6,
                    -8
                ],
                [
                    9,
                    5,
                    4
                ],
                [
                    5,
                    2,
                    7
                ],
                [
                    7,
                    -8,
                    10
                ],
                [
                    7,
                    6,
                    -10
                ],
                [
                    -5,
                    7,
                    -4
                ],
                [
                    3,
                    4,
                    10
                ],
                [
                    1,
                    3,
                    5
                ],
                [
                    3,
                    -9,
                    2
                ],
                [
                    -7,
                    6,
                    4
                ],
                [
                    8,
                    -5,
                    7
                ],
                [
                    -8,
                    -7,
                    -1
                ],
                [
                    -2,
                    9,
                    10
                ],
                [
                    -4,
                    -9,
                    -1
                ],
                [
                    9,
                    3,
                    -5
                ],
                [
                    -3,
                    5,
                    -6
                ],
                [
                    -4,
                    1,
                    2
                ],
                [
                    2,
                    9,
                    -5
                ],
                [
                    2,
                    -5,
                    -10
                ],
                [
                    2,
                    -6,
                    -5
                ],
                [
                    1,
                    -10,
                    -8
                ],
                [
                    -7,
                    9,
                    -5
                ],
                [
                    -3,
                    -2,
                    1
                ],
                [
                    -5,
                    -6,
                    -4
                ],
                [
                    -8,
                    -7,
                    5
                ],
                [
                    3,
                    6,
                    7
                ],
                [
                    7,
                    -1,
                    5
                ],
                [
                    -6,
                    -5,
                    3
                ],
                [
                    -2,
                    -4,
                    -5
                ],
                [
                    -4,
                    7,
                    9
                ],
                [
                    6,
                    10,
                    -8
                ],
                [
                    2,
                    1,
                    -5
                ],
                [
                    6,
                    -1,
                    -9
                ]
            ],
            "{   'fun': 5.37,\n    'jac': None,\n    'nfev': 234,\n    'nit': 3,\n    'njev': 26,\n    'x': array([0.07271871, 0.08518417, 2.49748843, 0.839381  , 1.7621524 ,\n       1.68291291, 2.48651542, 2.64260121])}",
            {
                "1111001100": 1,
                "0010000100": 1,
                "1111001111": 1,
                "0010011010": 1,
                "0111011010": 1,
                "1001111011": 1,
                "0010101011": 1,
                "0010010010": 1,
                "1011010111": 1,
                "0010010000": 1,
                "1001101010": 1,
                "0101101001": 1,
                "1101011010": 1,
                "0010110011": 1,
                "1000001111": 1,
                "1000010010": 1,
                "1011110111": 1,
                "1110000100": 1,
                "1111111010": 1,
                "0011110101": 1,
                "0010010111": 1,
                "1000010011": 1,
                "1010000101": 1,
                "0000010011": 1,
                "0000001110": 1,
                "1111001001": 3,
                "0100100010": 1,
                "0101010001": 1,
                "0101100011": 1,
                "1010000100": 1,
                "0011001110": 1,
                "1110101000": 2,
                "0101001011": 1,
                "0001101011": 1,
                "1111000101": 1,
                "1000011110": 1,
                "1100000111": 1,
                "1111001000": 2,
                "1110010111": 1,
                "1011101111": 1,
                "1111111110": 1,
                "0011011011": 1,
                "1000011011": 1,
                "0110011010": 1,
                "1111001010": 3,
                "0011010010": 2,
                "1010110101": 1,
                "1100011010": 1,
                "1111100101": 1,
                "1111001101": 1,
                "1001011001": 2,
                "0101011001": 1,
                "1010101010": 1,
                "0000000111": 1,
                "1001100011": 1,
                "1111011101": 1,
                "0011101010": 1,
                "0110111011": 1,
                "0110101010": 1,
                "1101111011": 1,
                "1100100011": 2,
                "0111001011": 1,
                "0001011000": 1,
                "0011111001": 1,
                "1111000010": 2,
                "0111000100": 1,
                "0101111000": 1,
                "1110101101": 1,
                "1000011000": 1,
                "0101111110": 1,
                "0000101100": 1,
                "1010011101": 1,
                "1101000010": 1,
                "0111010111": 1,
                "1010011100": 1,
                "1000100011": 1,
                "0010100110": 1,
                "1100101101": 1,
                "0010101110": 1,
                "1111011110": 1,
                "0011100101": 2,
                "1000001101": 1,
                "0011000010": 1,
                "0100101001": 1,
                "0001000110": 1,
                "1010100001": 1,
                "1101011000": 1,
                "1111010100": 1,
                "0100001001": 1
            },
            false,
            4.64
        ],
        [
            [
                [
                    3,
                    -4,
                    -9
                ],
                [
                    7,
                    -9,
                    -2
                ],
                [
                    3,
                    -9,
                    -1
                ],
                [
                    3,
                    1,
                    10
                ],
                [
                    -2,
                    7,
                    10
                ],
                [
                    1,
                    -10,
                    -5
                ],
                [
                    -9,
                    -2,
                    -4
                ],
                [
                    -9,
                    5,
                    1
                ],
                [
                    1,
                    -5,
                    3
                ],
                [
                    10,
                    -4,
                    -5
                ],
                [
                    -6,
                    9,
                    2
                ],
                [
                    -10,
                    3,
                    -8
                ],
                [
                    6,
                    -8,
                    2
                ],
                [
                    -8,
                    4,
                    10
                ],
                [
                    1,
                    9,
                    -5
                ],
                [
                    9,
                    1,
                    4
                ],
                [
                    2,
                    6,
                    7
                ],
                [
                    -7,
                    4,
                    2
                ],
                [
                    9,
                    -8,
                    -2
                ],
                [
                    -3,
                    6,
                    7
                ],
                [
                    -5,
                    7,
                    1
                ],
                [
                    10,
                    5,
                    8
                ],
                [
                    2,
                    -7,
                    3
                ],
                [
                    4,
                    1,
                    -6
                ],
                [
                    5,
                    1,
                    -4
                ],
                [
                    -4,
                    -7,
                    2
                ],
                [
                    -7,
                    1,
                    5
                ],
                [
                    -3,
                    -2,
                    8
                ],
                [
                    -10,
                    -3,
                    2
                ],
                [
                    7,
                    -2,
                    -4
                ],
                [
                    10,
                    4,
                    -9
                ],
                [
                    -4,
                    2,
                    8
                ],
                [
                    5,
                    -10,
                    9
                ],
                [
                    -4,
                    6,
                    2
                ],
                [
                    -2,
                    4,
                    8
                ],
                [
                    -8,
                    -9,
                    2
                ],
                [
                    4,
                    10,
                    -6
                ],
                [
                    -6,
                    8,
                    -7
                ],
                [
                    5,
                    -1,
                    -3
                ],
                [
                    6,
                    -10,
                    -8
                ],
                [
                    4,
                    7,
                    -5
                ],
                [
                    9,
                    6,
                    -5
                ],
                [
                    -3,
                    10,
                    -8
                ],
                [
                    -3,
                    -10,
                    5
                ],
                [
                    -6,
                    -1,
                    7
                ]
            ],
            "{   'fun': 5.04,\n    'jac': None,\n    'nfev': 189,\n    'nit': 0,\n    'njev': 21,\n    'x': array([2.58572401, 0.04774246, 1.62396976, 3.0400057 , 0.48383555,\n       1.06155082, 2.31572148, 2.38593535])}",
            {
                "0001010110": 1,
                "0110001101": 1,
                "0111110011": 1,
                "1101111111": 1,
                "1110010001": 1,
                "0100001011": 1,
                "1100011101": 1,
                "0100101011": 1,
                "1100101101": 1,
                "0101010111": 1,
                "1000101101": 1,
                "1010101100": 1,
                "1011010100": 1,
                "0011110111": 3,
                "0000001111": 1,
                "1011011010": 1,
                "0101000011": 1,
                "0011100111": 1,
                "1100000101": 1,
                "0100000110": 1,
                "0000010100": 1,
                "0011110100": 3,
                "0111111111": 2,
                "0010101011": 1,
                "1111111111": 1,
                "0000100110": 2,
                "0001010101": 1,
                "0100001111": 1,
                "0011111110": 1,
                "0011010000": 2,
                "0111111100": 1,
                "1000000001": 1,
                "1001100000": 1,
                "0001110011": 1,
                "0100101110": 1,
                "0011101100": 1,
                "0001010100": 2,
                "0100111010": 1,
                "0011000010": 1,
                "1000001101": 1,
                "0100001000": 1,
                "0110101111": 2,
                "0010110110": 2,
                "0110100011": 1,
                "0100010100": 1,
                "0000111011": 1,
                "1001100100": 1,
                "0000000010": 1,
                "0010000110": 1,
                "1000110101": 1,
                "0001000101": 1,
                "1000100000": 1,
                "0010110011": 1,
                "0001000100": 2,
                "1110100101": 1,
                "0111111101": 2,
                "0001000001": 1,
                "1011110100": 1,
                "0111000100": 2,
                "0111000101": 1,
                "0110110010": 1,
                "0100110111": 1,
                "0111010100": 1,
                "0110011111": 1,
                "0111100110": 2,
                "1111000111": 2,
                "0001100011": 1,
                "0101010101": 1,
                "0101101001": 1,
                "0101011101": 1,
                "0100101010": 2,
                "0010010111": 2,
                "0011010110": 1,
                "0010001010": 1,
                "0110100110": 1,
                "0001010111": 1,
                "0010010101": 1,
                "0111111000": 1,
                "1110100110": 1,
                "0110110111": 1,
                "0010110101": 1,
                "0000000011": 1,
                "0111001010": 1
            },
            false,
            4.66
        ],
        [
            [
                [
                    2,
                    -8,
                    -3
                ],
                [
                    3,
                    10,
                    -6
                ],
                [
                    -7,
                    5,
                    -9
                ],
                [
                    -5,
                    -9,
                    -1
                ],
                [
                    -1,
                    9,
                    -2
                ],
                [
                    4,
                    1,
                    -8
                ],
                [
                    -1,
                    6,
                    10
                ],
                [
                    -4,
                    6,
                    -7
                ],
                [
                    -9,
                    -6,
                    4
                ],
                [
                    -10,
                    2,
                    -1
                ],
                [
                    -1,
                    6,
                    -5
                ],
                [
                    -1,
                    7,
                    10
                ],
                [
                    -1,
                    10,
                    2
                ],
                [
                    6,
                    9,
                    7
                ],
                [
                    7,
                    -1,
                    3
                ],
                [
                    4,
                    5,
                    10
                ],
                [
                    2,
                    -9,
                    -10
                ],
                [
                    -10,
                    -1,
                    3
                ],
                [
                    9,
                    -7,
                    1
                ],
                [
                    -1,
                    -2,
                    -6
                ],
                [
                    4,
                    7,
                    -3
                ],
                [
                    -3,
                    10,
                    -4
                ],
                [
                    7,
                    8,
                    9
                ],
                [
                    -10,
                    -8,
                    1
                ],
                [
                    -4,
                    2,
                    -5
                ],
                [
                    7,
                    -4,
                    -10
                ],
                [
                    -3,
                    5,
                    1
                ],
                [
                    -4,
                    -10,
                    2
                ],
                [
                    -1,
                    10,
                    7
                ],
                [
                    -4,
                    -7,
                    -3
                ],
                [
                    -8,
                    3,
                    7
                ],
                [
                    -4,
                    -9,
                    -5
                ],
                [
                    -8,
                    -4,
                    -3
                ],
                [
                    10,
                    -7,
                    8
                ],
                [
                    7,
                    -8,
                    -4
                ],
                [
                    -1,
                    8,
                    -2
                ],
                [
                    -10,
                    -1,
                    -2
                ],
                [
                    -9,
                    -8,
                    3
                ],
                [
                    -2,
                    1,
                    -6
                ],
                [
                    -8,
                    -1,
                    4
                ],
                [
                    10,
                    5,
                    -6
                ],
                [
                    9,
                    7,
                    6
                ],
                [
                    -3,
                    10,
                    9
                ],
                [
                    9,
                    7,
                    10
                ],
                [
                    -8,
                    -7,
                    -2
                ]
            ],
            "{   'fun': 6.51,\n    'jac': None,\n    'nfev': 234,\n    'nit': 2,\n    'njev': 26,\n    'x': array([0.52740247, 0.17713405, 0.19211596, 0.02383551, 1.32984147,\n       1.60249982, 1.62505163, 2.34059286])}",
            {
                "0101111111": 1,
                "0111111110": 1,
                "1101010010": 1,
                "0100100010": 1,
                "0100000111": 1,
                "1101101101": 1,
                "1100000000": 1,
                "0100001011": 1,
                "1010100001": 1,
                "1110000111": 1,
                "1111010001": 1,
                "0110011000": 1,
                "0101001110": 1,
                "1100001111": 1,
                "1001011111": 1,
                "1010011101": 1,
                "0010111100": 1,
                "1100101011": 1,
                "0001111111": 1,
                "0000100010": 2,
                "0101100101": 1,
                "1100000111": 1,
                "0101001011": 1,
                "0101000010": 1,
                "1101011011": 1,
                "0001010001": 2,
                "0010010010": 2,
                "0010011100": 1,
                "0000111101": 1,
                "0101110100": 1,
                "0111101000": 1,
                "1111000111": 2,
                "0110000010": 1,
                "0100011110": 1,
                "0111000000": 1,
                "0110110100": 1,
                "1110000101": 1,
                "0000011110": 1,
                "1101100101": 1,
                "1110011000": 1,
                "0111011010": 2,
                "0101110001": 1,
                "0101100010": 1,
                "0111111000": 1,
                "1001010010": 1,
                "1000010000": 1,
                "0100010101": 1,
                "1100001011": 1,
                "1011101111": 1,
                "1010111100": 1,
                "1011100101": 1,
                "0001001100": 1,
                "1101011100": 1,
                "0110100100": 1,
                "0110011110": 3,
                "0011001110": 1,
                "1111000110": 1,
                "1011001101": 1,
                "0111011000": 1,
                "1111101000": 1,
                "0011100110": 1,
                "0110101001": 1,
                "1010011100": 1,
                "1011101110": 1,
                "0100011010": 1,
                "1110111000": 1,
                "0110001100": 1,
                "1011001010": 1,
                "0110001011": 1,
                "0110001010": 2,
                "0111001101": 1,
                "0000011100": 1,
                "1000111011": 1,
                "0110100111": 2,
                "1111111011": 1,
                "0100100011": 1,
                "0000001001": 1,
                "1111010110": 1,
                "0111000011": 1,
                "1001111111": 1,
                "1100100001": 1,
                "1100111010": 1,
                "1001000111": 1,
                "1001011110": 1,
                "0001100001": 1,
                "0111010110": 1,
                "0001101100": 1,
                "1001000010": 1,
                "0010010000": 1,
                "0001100011": 1,
                "0000111100": 1
            },
            false,
            4.91
        ],
        [
            [
                [
                    -2,
                    10,
                    4
                ],
                [
                    2,
                    9,
                    -5
                ],
                [
                    3,
                    -7,
                    -1
                ],
                [
                    -7,
                    2,
                    1
                ],
                [
                    -5,
                    -7,
                    1
                ],
                [
                    -8,
                    -1,
                    7
                ],
                [
                    -5,
                    2,
                    -8
                ],
                [
                    -2,
                    7,
                    4
                ],
                [
                    1,
                    -4,
                    -5
                ],
                [
                    -4,
                    7,
                    5
                ],
                [
                    1,
                    8,
                    -4
                ],
                [
                    6,
                    -8,
                    2
                ],
                [
                    -4,
                    9,
                    -1
                ],
                [
                    6,
                    3,
                    -5
                ],
                [
                    5,
                    6,
                    9
                ],
                [
                    -4,
                    5,
                    -6
                ],
                [
                    -8,
                    7,
                    -2
                ],
                [
                    -8,
                    -5,
                    -4
                ],
                [
                    2,
                    3,
                    -1
                ],
                [
                    -4,
                    2,
                    -5
                ],
                [
                    -9,
                    -3,
                    -7
                ],
                [
                    -8,
                    -9,
                    -10
                ],
                [
                    1,
                    4,
                    -6
                ],
                [
                    2,
                    1,
                    10
                ],
                [
                    -9,
                    6,
                    -3
                ],
                [
                    2,
                    -5,
                    9
                ],
                [
                    -9,
                    -7,
                    6
                ],
                [
                    -6,
                    -9,
                    3
                ],
                [
                    3,
                    5,
                    -6
                ],
                [
                    -2,
                    -9,
                    -3
                ],
                [
                    -10,
                    1,
                    -7
                ],
                [
                    7,
                    -9,
                    -4
                ],
                [
                    -2,
                    -4,
                    6
                ],
                [
                    -3,
                    5,
                    -6
                ],
                [
                    7,
                    6,
                    9
                ],
                [
                    -2,
                    -7,
                    1
                ],
                [
                    2,
                    1,
                    5
                ],
                [
                    4,
                    -1,
                    -2
                ],
                [
                    -5,
                    8,
                    4
                ],
                [
                    -3,
                    9,
                    2
                ],
                [
                    -9,
                    -2,
                    -1
                ],
                [
                    -8,
                    -5,
                    -3
                ],
                [
                    5,
                    -6,
                    7
                ],
                [
                    -6,
                    -4,
                    3
                ],
                [
                    -2,
                    4,
                    1
                ]
            ],
            "{   'fun': 5.62,\n    'jac': None,\n    'nfev': 189,\n    'nit': 0,\n    'njev': 21,\n    'x': array([1.6666536 , 1.0587211 , 1.21780493, 0.12920819, 2.0136214 ,\n       2.25877179, 1.60499451, 0.67771998])}",
            {
                "0101011100": 1,
                "0110000000": 1,
                "0110001100": 1,
                "0100100000": 1,
                "1001110010": 1,
                "1101001011": 1,
                "0001100011": 1,
                "0111000010": 1,
                "1100101001": 1,
                "1001100100": 1,
                "0001110001": 1,
                "1011001101": 1,
                "1101111111": 1,
                "1100111101": 1,
                "0101111001": 1,
                "0101010100": 3,
                "1111110101": 1,
                "1101101100": 1,
                "0000001110": 1,
                "1101111011": 1,
                "1111100101": 1,
                "1011110001": 1,
                "0101101111": 1,
                "0001101110": 1,
                "1010101001": 1,
                "0110010000": 1,
                "0010111001": 1,
                "1010111001": 1,
                "0010001010": 1,
                "1000101101": 1,
                "1011000001": 1,
                "0000110011": 1,
                "0110011110": 1,
                "1001110110": 1,
                "1111101110": 1,
                "1000111010": 1,
                "0101000100": 1,
                "0010100000": 1,
                "1000011001": 1,
                "0011101111": 1,
                "0110100111": 1,
                "0000011100": 1,
                "0101100101": 1,
                "1110100111": 1,
                "1101011101": 1,
                "1011001011": 1,
                "1101111001": 1,
                "1110101110": 1,
                "0010010110": 2,
                "1110110110": 1,
                "1011111010": 1,
                "0010011100": 1,
                "0110000101": 1,
                "1101100000": 1,
                "0001111001": 1,
                "1000010011": 1,
                "1100111011": 1,
                "1000111110": 1,
                "0000010001": 1,
                "0000000110": 2,
                "1101011111": 2,
                "0110001010": 1,
                "1100101111": 1,
                "1010000011": 1,
                "0001100101": 1,
                "0110110010": 1,
                "1001111001": 2,
                "0001010110": 1,
                "1110111101": 1,
                "1010110001": 1,
                "1010110010": 1,
                "0011001100": 1,
                "0011011010": 1,
                "0000101111": 1,
                "0000011110": 1,
                "1101100101": 1,
                "0000100111": 1,
                "1011111011": 1,
                "0010010011": 1,
                "1110100011": 1,
                "1111110011": 1,
                "1101011100": 1,
                "1111110100": 1,
                "1101110001": 1,
                "1000011011": 1,
                "0100011111": 1,
                "0000010101": 1,
                "0010111101": 1,
                "0110101000": 1,
                "1110101010": 1,
                "0100101101": 1,
                "1000100000": 1,
                "0101101000": 1,
                "0111111011": 1
            },
            false,
            4.84
        ],
        [
            [
                [
                    -1,
                    -3,
                    -5
                ],
                [
                    9,
                    6,
                    -5
                ],
                [
                    1,
                    -4,
                    -7
                ],
                [
                    4,
                    -7,
                    5
                ],
                [
                    3,
                    -7,
                    5
                ],
                [
                    2,
                    1,
                    4
                ],
                [
                    5,
                    -4,
                    -1
                ],
                [
                    -3,
                    7,
                    2
                ],
                [
                    9,
                    1,
                    -6
                ],
                [
                    6,
                    -7,
                    8
                ],
                [
                    -6,
                    -3,
                    9
                ],
                [
                    -10,
                    6,
                    -2
                ],
                [
                    2,
                    -8,
                    7
                ],
                [
                    -7,
                    8,
                    -2
                ],
                [
                    9,
                    4,
                    -7
                ],
                [
                    -7,
                    5,
                    -1
                ],
                [
                    1,
                    -5,
                    -4
                ],
                [
                    -3,
                    -5,
                    9
                ],
                [
                    10,
                    1,
                    -7
                ],
                [
                    5,
                    -10,
                    3
                ],
                [
                    -2,
                    1,
                    9
                ],
                [
                    8,
                    -10,
                    -2
                ],
                [
                    2,
                    5,
                    7
                ],
                [
                    1,
                    3,
                    -5
                ],
                [
                    10,
                    4,
                    2
                ],
                [
                    -2,
                    -10,
                    7
                ],
                [
                    10,
                    -9,
                    -6
                ],
                [
                    -1,
                    5,
                    10
                ],
                [
                    2,
                    -6,
                    -7
                ],
                [
                    -9,
                    -7,
                    8
                ],
                [
                    1,
                    -9,
                    2
                ],
                [
                    -6,
                    8,
                    -3
                ],
                [
                    2,
                    -3,
                    4
                ],
                [
                    1,
                    8,
                    5
                ],
                [
                    -5,
                    2,
                    7
                ],
                [
                    4,
                    8,
                    -5
                ],
                [
                    -10,
                    -8,
                    7
                ],
                [
                    9,
                    3,
                    -7
                ],
                [
                    -1,
                    3,
                    2
                ],
                [
                    2,
                    7,
                    -6
                ],
                [
                    9,
                    -5,
                    6
                ],
                [
                    4,
                    -7,
                    -3
                ],
                [
                    6,
                    -2,
                    1
                ],
                [
                    6,
                    3,
                    -5
                ],
                [
                    7,
                    4,
                    9
                ]
            ],
            "{   'fun': 6.27,\n    'jac': None,\n    'nfev': 207,\n    'nit': 2,\n    'njev': 23,\n    'x': array([1.48071946, 0.09543979, 2.17348505, 1.0691276 , 2.4227284 ,\n       2.07750173, 1.7463542 , 2.86819161])}",
            {
                "1110000100": 1,
                "1111110110": 1,
                "1001001000": 1,
                "1001010010": 1,
                "1101110100": 1,
                "1101010011": 1,
                "0110101110": 1,
                "1000000111": 1,
                "1011100010": 1,
                "1001001001": 1,
                "0011100010": 1,
                "0111010110": 1,
                "1010000110": 1,
                "1111011111": 1,
                "1110011001": 1,
                "1001001100": 1,
                "1100000010": 1,
                "0101000000": 1,
                "1001111111": 1,
                "1010111000": 1,
                "0010001000": 1,
                "0111111000": 1,
                "0100110001": 1,
                "1100110110": 1,
                "0011010111": 1,
                "1010100000": 1,
                "1110111010": 1,
                "1110111000": 1,
                "0010010111": 1,
                "0101110101": 1,
                "1111011110": 1,
                "0100010001": 1,
                "1011010110": 1,
                "1000010110": 1,
                "0011001110": 1,
                "1110101000": 1,
                "1000101011": 1,
                "1111111010": 1,
                "1000011101": 1,
                "0011101010": 1,
                "0000000100": 1,
                "0010010011": 2,
                "1001101010": 1,
                "1011101001": 1,
                "0010111101": 1,
                "0111011010": 1,
                "0110100000": 1,
                "1000001010": 1,
                "0100110101": 1,
                "1100001011": 2,
                "0001010110": 1,
                "0110001111": 1,
                "0111010100": 1,
                "0000011011": 1,
                "1101111101": 2,
                "0101001001": 1,
                "1111101111": 1,
                "0000011001": 1,
                "1111101100": 1,
                "0111001001": 1,
                "1101101100": 1,
                "0100101001": 1,
                "1111000111": 1,
                "0111101000": 1,
                "1010010000": 1,
                "0000011010": 1,
                "0100101010": 1,
                "1101100100": 1,
                "0110100111": 1,
                "1110000001": 1,
                "1110110000": 1,
                "0101101010": 1,
                "0111000001": 1,
                "0100101101": 1,
                "1000010100": 1,
                "1000010000": 1,
                "1000010111": 1,
                "0001100000": 1,
                "1110100111": 1,
                "0001010101": 1,
                "0101100101": 1,
                "0001001010": 1,
                "1001110011": 1,
                "0100100101": 1,
                "1110011110": 2,
                "1100101101": 1,
                "0000100110": 1,
                "1000011011": 1,
                "0001110100": 1,
                "1000010011": 1,
                "0110110010": 2,
                "0100010010": 1,
                "1110011101": 1,
                "0111110100": 2
            },
            false,
            4.89
        ]
    ]
}