{
    "n": 10,
    "m": 45,
    "results": [
        [
            [
                [
                    8,
                    -2,
                    5
                ],
                [
                    9,
                    -5,
                    7
                ],
                [
                    -4,
                    -7,
                    -1
                ],
                [
                    -7,
                    -10,
                    9
                ],
                [
                    7,
                    8,
                    -3
                ],
                [
                    -8,
                    7,
                    3
                ],
                [
                    -2,
                    -6,
                    -8
                ],
                [
                    -4,
                    -9,
                    8
                ],
                [
                    3,
                    -2,
                    5
                ],
                [
                    5,
                    -7,
                    -9
                ],
                [
                    -2,
                    5,
                    3
                ],
                [
                    -6,
                    -1,
                    5
                ],
                [
                    9,
                    8,
                    6
                ],
                [
                    -10,
                    -1,
                    -7
                ],
                [
                    -4,
                    -2,
                    -3
                ],
                [
                    -9,
                    6,
                    1
                ],
                [
                    3,
                    10,
                    8
                ],
                [
                    -5,
                    2,
                    -4
                ],
                [
                    -9,
                    -6,
                    3
                ],
                [
                    10,
                    3,
                    1
                ],
                [
                    -8,
                    -10,
                    2
                ],
                [
                    3,
                    7,
                    9
                ],
                [
                    -10,
                    -5,
                    -7
                ],
                [
                    8,
                    -7,
                    1
                ],
                [
                    10,
                    -3,
                    6
                ],
                [
                    3,
                    9,
                    -10
                ],
                [
                    9,
                    7,
                    10
                ],
                [
                    10,
                    7,
                    5
                ],
                [
                    -3,
                    9,
                    -5
                ],
                [
                    3,
                    8,
                    10
                ],
                [
                    -8,
                    5,
                    -7
                ],
                [
                    6,
                    2,
                    4
                ],
                [
                    8,
                    3,
                    -10
                ],
                [
                    -4,
                    -3,
                    5
                ],
                [
                    -5,
                    -3,
                    -8
                ],
                [
                    -2,
                    1,
                    9
                ],
                [
                    -4,
                    1,
                    -10
                ],
                [
                    6,
                    -1,
                    2
                ],
                [
                    4,
                    6,
                    10
                ],
                [
                    2,
                    -8,
                    7
                ],
                [
                    8,
                    -10,
                    7
                ],
                [
                    -7,
                    5,
                    3
                ],
                [
                    -1,
                    3,
                    -9
                ],
                [
                    -8,
                    -1,
                    -9
                ],
                [
                    -4,
                    -10,
                    6
                ]
            ],
            "{   'fun': 5.9,\n    'jac': None,\n    'nfev': 207,\n    'nit': 2,\n    'njev': 23,\n    'x': array([0.07271883, 0.08518425, 2.49748871, 0.8393808 , 1.76215287,\n       1.68291279, 2.48651563, 2.64260123])}",
            {
                "1010111000": 1,
                "1111110111": 1,
                "1100101000": 1,
                "1010011111": 1,
                "1110000000": 1,
                "0011100001": 1,
                "1111101010": 2,
                "1111101110": 1,
                "0110011010": 1,
                "1010110001": 1,
                "1011011001": 1,
                "1100111001": 1,
                "0100101000": 1,
                "0000010100": 1,
                "1000101000": 1,
                "0010111110": 1,
                "1001111010": 1,
                "1100011111": 1,
                "0111111000": 1,
                "1100010011": 1,
                "0101101111": 2,
                "1110111010": 1,
                "1101111001": 1,
                "0000100110": 1,
                "1110111011": 1,
                "1000111000": 1,
                "1110001010": 2,
                "1101010101": 1,
                "0100001011": 1,
                "0100010110": 1,
                "0001011110": 1,
                "1110110111": 1,
                "0011000000": 1,
                "0001001110": 1,
                "0011111100": 2,
                "0011100100": 2,
                "0010100011": 1,
                "0111101111": 1,
                "1001000001": 1,
                "0101010101": 1,
                "0000100010": 1,
                "0010010111": 1,
                "1010100000": 1,
                "0010110100": 1,
                "1100010001": 4,
                "1010110111": 1,
                "0111111100": 1,
                "0100010010": 1,
                "1011011000": 1,
                "0000101011": 1,
                "0100111111": 1,
                "0000110011": 1,
                "0001110101": 1,
                "0110110100": 1,
                "0111100000": 1,
                "1101000010": 1,
                "1010010110": 2,
                "0110001111": 1,
                "0110011100": 2,
                "0101100011": 1,
                "0101000101": 1,
                "1001110000": 1,
                "1000011010": 2,
                "0111011010": 1,
                "0011110001": 1,
                "1100111100": 1,
                "1001001110": 1,
                "0100111000": 1,
                "1111010001": 2,
                "0011110110": 1,
                "1110010110": 2,
                "0101101000": 1,
                "1010111111": 1,
                "1011001100": 1,
                "0001100001": 1,
                "1111000101": 1,
                "0001010111": 1,
                "0000000010": 1,
                "1010111101": 1,
                "1101001110": 1,
                "1100011000": 1,
                "0101001101": 1,
                "1101001001": 1,
                "0110101010": 2,
                "0000111100": 1,
                "0011101111": 1
            },
            false,
            5.02
        ],
        [
            [
                [
                    6,
                    2,
                    -8
                ],
                [
                    5,
                    -2,
                    -6
                ],
                [
                    6,
                    -3,
                    7
                ],
                [
                    -9,
                    -4,
                    -7
                ],
                [
                    1,
                    3,
                    4
                ],
                [
                    2,
                    -1,
                    3
                ],
                [
                    9,
                    -2,
                    -5
                ],
                [
                    3,
                    -8,
                    -4
                ],
                [
                    5,
                    7,
                    6
                ],
                [
                    -6,
                    2,
                    1
                ],
                [
                    -7,
                    -5,
                    -9
                ],
                [
                    -7,
                    3,
                    8
                ],
                [
                    8,
                    -9,
                    -1
                ],
                [
                    -10,
                    -5,
                    8
                ],
                [
                    -2,
                    -5,
                    -10
                ],
                [
                    -6,
                    -9,
                    -7
                ],
                [
                    -8,
                    -7,
                    4
                ],
                [
                    -4,
                    2,
                    -1
                ],
                [
                    -7,
                    -3,
                    -1
                ],
                [
                    1,
                    9,
                    4
                ],
                [
                    7,
                    9,
                    5
                ],
                [
                    -6,
                    -1,
                    7
                ],
                [
                    9,
                    -3,
                    2
                ],
                [
                    9,
                    7,
                    -6
                ],
                [
                    10,
                    -9,
                    6
                ],
                [
                    -9,
                    4,
                    1
                ],
                [
                    7,
                    -4,
                    5
                ],
                [
                    4,
                    2,
                    -1
                ],
                [
                    10,
                    6,
                    9
                ],
                [
                    7,
                    -10,
                    8
                ],
                [
                    -6,
                    -10,
                    -4
                ],
                [
                    -2,
                    -1,
                    -7
                ],
                [
                    9,
                    2,
                    3
                ],
                [
                    -8,
                    -10,
                    -2
                ],
                [
                    3,
                    2,
                    10
                ],
                [
                    9,
                    -6,
                    -8
                ],
                [
                    10,
                    -5,
                    6
                ],
                [
                    -7,
                    -4,
                    3
                ],
                [
                    8,
                    3,
                    -1
                ],
                [
                    6,
                    -10,
                    4
                ],
                [
                    6,
                    -5,
                    -4
                ],
                [
                    -5,
                    -4,
                    9
                ],
                [
                    2,
                    -10,
                    4
                ],
                [
                    -4,
                    8,
                    5
                ],
                [
                    6,
                    -4,
                    -7
                ]
            ],
            "{   'fun': 5.97,\n    'jac': None,\n    'nfev': 180,\n    'nit': 1,\n    'njev': 20,\n    'x': array([2.58572402, 0.04774243, 1.62396973, 3.04000573, 0.48383561,\n       1.06155077, 2.31572151, 2.38593542])}",
            {
                "1000110101": 1,
                "1111001001": 1,
                "1010100010": 1,
                "1000101101": 1,
                "1001001001": 2,
                "0110011101": 1,
                "1110011000": 1,
                "0010011011": 1,
                "1000011101": 1,
                "1001010000": 1,
                "1010111001": 1,
                "1100110001": 1,
                "1011100010": 1,
                "0000111011": 1,
                "1001110100": 1,
                "1000001101": 1,
                "1001111111": 1,
                "0011001000": 1,
                "1100011100": 1,
                "0000100100": 1,
                "1011101101": 1,
                "1010010000": 1,
                "0011111111": 1,
                "1011000011": 1,
                "0001010010": 1,
                "0011110110": 1,
                "1100011000": 1,
                "1001111100": 1,
                "0001001001": 1,
                "1011111101": 1,
                "0001100001": 1,
                "1001100011": 2,
                "0010110000": 1,
                "0100001100": 1,
                "0001100011": 1,
                "1100101011": 1,
                "1000111100": 2,
                "1000011001": 1,
                "0101101010": 1,
                "1011111100": 1,
                "1101011000": 1,
                "0000110101": 1,
                "1100001001": 1,
                "1010001001": 1,
                "0101110011": 1,
                "1100000110": 2,
                "1101011111": 1,
                "1100101100": 1,
                "1111101101": 1,
                "0001100000": 2,
                "1011010101": 1,
                "0001010001": 1,
                "1001110000": 1,
                "1010010010": 1,
                "0011010000": 1,
                "0001110110": 1,
                "1101100110": 1,
                "1010011100": 1,
                "0000100101": 1,
                "0101011010": 1,
                "1001000111": 1,
                "1010011010": 1,
                "1001110111": 1,
                "1101111100": 1,
                "0000010111": 1,
                "1000001001": 1,
                "1000010011": 1,
                "1000110010": 1,
                "0111110111": 1,
                "1001001111": 1,
                "1101100001": 1,
                "1101100111": 2,
                "1001100111": 2,
                "0011110100": 1,
                "1111010111": 1,
                "0011100111": 1,
                "1011001101": 1,
                "0101101011": 1,
                "0011001001": 2,
                "0000100000": 1,
                "1110000101": 1,
                "1101000011": 1,
                "1100001100": 1,
                "1011011011": 1,
                "0001000000": 1,
                "1111001000": 1,
                "0100110111": 1,
                "1000100011": 1,
                "1100110110": 1,
                "1110001010": 1,
                "0011111001": 1,
                "1100110010": 1
            },
            false,
            5.24
        ],
        [
            [
                [
                    6,
                    7,
                    3
                ],
                [
                    9,
                    -3,
                    8
                ],
                [
                    3,
                    4,
                    8
                ],
                [
                    -10,
                    3,
                    7
                ],
                [
                    -8,
                    -4,
                    -2
                ],
                [
                    10,
                    -7,
                    1
                ],
                [
                    3,
                    -4,
                    -2
                ],
                [
                    4,
                    -5,
                    10
                ],
                [
                    -4,
                    -2,
                    7
                ],
                [
                    3,
                    7,
                    9
                ],
                [
                    -3,
                    -6,
                    1
                ],
                [
                    -2,
                    -5,
                    4
                ],
                [
                    -5,
                    -10,
                    4
                ],
                [
                    -9,
                    -5,
                    4
                ],
                [
                    5,
                    7,
                    6
                ],
                [
                    4,
                    -2,
                    9
                ],
                [
                    3,
                    7,
                    -10
                ],
                [
                    6,
                    -1,
                    -2
                ],
                [
                    -9,
                    4,
                    -6
                ],
                [
                    -6,
                    10,
                    -5
                ],
                [
                    8,
                    -10,
                    6
                ],
                [
                    1,
                    3,
                    4
                ],
                [
                    -1,
                    8,
                    4
                ],
                [
                    -3,
                    -7,
                    6
                ],
                [
                    -9,
                    5,
                    -7
                ],
                [
                    -5,
                    6,
                    9
                ],
                [
                    -2,
                    4,
                    -7
                ],
                [
                    1,
                    -9,
                    5
                ],
                [
                    -7,
                    9,
                    5
                ],
                [
                    -6,
                    9,
                    1
                ],
                [
                    -6,
                    -10,
                    8
                ],
                [
                    -5,
                    -4,
                    8
                ],
                [
                    -6,
                    -8,
                    3
                ],
                [
                    1,
                    7,
                    5
                ],
                [
                    1,
                    8,
                    2
                ],
                [
                    -6,
                    -9,
                    -3
                ],
                [
                    3,
                    -6,
                    4
                ],
                [
                    5,
                    -7,
                    -8
                ],
                [
                    1,
                    10,
                    -7
                ],
                [
                    10,
                    -7,
                    6
                ],
                [
                    5,
                    -4,
                    -7
                ],
                [
                    -2,
                    8,
                    5
                ],
                [
                    -10,
                    -1,
                    5
                ],
                [
                    8,
                    7,
                    -6
                ],
                [
                    -5,
                    -8,
                    7
                ]
            ],
            "{   'fun': 6.08,\n    'jac': None,\n    'nfev': 216,\n    'nit': 2,\n    'njev': 24,\n    'x': array([0.52740226, 0.17713393, 0.19211614, 0.02383519, 1.32984195,\n       1.60249978, 1.62505129, 2.34059304])}",
            {
                "1100101001": 1,
                "1011111011": 1,
                "0110010010": 1,
                "1010100010": 1,
                "0000001001": 1,
                "0000101111": 1,
                "0101110101": 1,
                "1100011101": 1,
                "1010101000": 1,
                "0110010001": 1,
                "0110010100": 1,
                "1111100011": 1,
                "1111011000": 1,
                "0101001000": 1,
                "1010011100": 1,
                "1010010101": 1,
                "0011111110": 1,
                "1110100111": 1,
                "1001011011": 1,
                "1110100110": 1,
                "1001110010": 1,
                "1111101111": 1,
                "1111110000": 1,
                "1101111010": 1,
                "0010111100": 1,
                "0110000111": 1,
                "0100111000": 1,
                "0001000001": 1,
                "1011010101": 1,
                "0101111011": 1,
                "0010010101": 2,
                "0010111101": 1,
                "0101101001": 1,
                "1001001111": 1,
                "0000011110": 1,
                "1110010101": 1,
                "0101011001": 1,
                "1001001001": 1,
                "1000000011": 1,
                "1000101001": 1,
                "0110100110": 1,
                "0101000111": 1,
                "1111000001": 1,
                "0001111000": 1,
                "0011010101": 1,
                "1001010011": 1,
                "1100110001": 1,
                "1011111100": 1,
                "1101000000": 1,
                "0111011010": 1,
                "0100111101": 1,
                "0010011010": 1,
                "0000001011": 1,
                "0000011000": 1,
                "1011100010": 1,
                "1101100111": 1,
                "1000000001": 1,
                "1110000101": 1,
                "0001011011": 1,
                "0101010001": 1,
                "1011010111": 1,
                "1000111011": 1,
                "0010100011": 1,
                "0101110110": 1,
                "1010101111": 1,
                "0001101101": 1,
                "0011110011": 1,
                "1000101110": 1,
                "1110111101": 2,
                "1111010000": 1,
                "1100010110": 1,
                "0011000000": 3,
                "1101001101": 1,
                "0101100001": 1,
                "0001100110": 1,
                "1101011001": 1,
                "0111001111": 1,
                "1000010010": 1,
                "1111001011": 1,
                "0110111010": 1,
                "0101100010": 1,
                "1010000010": 2,
                "1010001100": 1,
                "1010000011": 1,
                "0100010010": 1,
                "0001100101": 1,
                "1000111110": 1,
                "1000111100": 1,
                "0010100100": 1,
                "1100000110": 1,
                "0111000111": 1,
                "1001011111": 2,
                "0100001110": 1,
                "0010110100": 1
            },
            false,
            5.06
        ],
        [
            [
                [
                    -5,
                    -1,
                    -10
                ],
                [
                    6,
                    -2,
                    -10
                ],
                [
                    9,
                    3,
                    8
                ],
                [
                    7,
                    -1,
                    -10
                ],
                [
                    10,
                    3,
                    -1
                ],
                [
                    1,
                    -9,
                    -10
                ],
                [
                    -4,
                    -5,
                    2
                ],
                [
                    -1,
                    -6,
                    8
                ],
                [
                    1,
                    -4,
                    3
                ],
                [
                    -2,
                    -6,
                    -10
                ],
                [
                    6,
                    8,
                    -1
                ],
                [
                    -10,
                    6,
                    -8
                ],
                [
                    7,
                    -3,
                    -9
                ],
                [
                    5,
                    -2,
                    1
                ],
                [
                    8,
                    -6,
                    -2
                ],
                [
                    -10,
                    9,
                    5
                ],
                [
                    -8,
                    -10,
                    -1
                ],
                [
                    -8,
                    7,
                    -1
                ],
                [
                    -5,
                    -3,
                    10
                ],
                [
                    7,
                    8,
                    -1
                ],
                [
                    -7,
                    3,
                    6
                ],
                [
                    10,
                    7,
                    -5
                ],
                [
                    -6,
                    -8,
                    2
                ],
                [
                    9,
                    -2,
                    -10
                ],
                [
                    -10,
                    -5,
                    -7
                ],
                [
                    -6,
                    -3,
                    -4
                ],
                [
                    -10,
                    -7,
                    -4
                ],
                [
                    6,
                    10,
                    -8
                ],
                [
                    6,
                    -9,
                    2
                ],
                [
                    -4,
                    -1,
                    -9
                ],
                [
                    5,
                    -8,
                    -6
                ],
                [
                    -1,
                    5,
                    -2
                ],
                [
                    10,
                    2,
                    -7
                ],
                [
                    9,
                    10,
                    4
                ],
                [
                    1,
                    9,
                    -5
                ],
                [
                    -3,
                    -10,
                    9
                ],
                [
                    -8,
                    6,
                    -2
                ],
                [
                    -6,
                    -5,
                    1
                ],
                [
                    6,
                    -1,
                    7
                ],
                [
                    7,
                    -2,
                    -8
                ],
                [
                    10,
                    7,
                    -6
                ],
                [
                    -2,
                    5,
                    6
                ],
                [
                    -6,
                    4,
                    9
                ],
                [
                    -5,
                    -4,
                    8
                ],
                [
                    7,
                    3,
                    -1
                ]
            ],
            "{   'fun': 5.64,\n    'jac': None,\n    'nfev': 243,\n    'nit': 3,\n    'njev': 27,\n    'x': array([1.66665388, 1.0587218 , 1.21780505, 0.12920874, 2.01362278,\n       2.25877209, 1.60499395, 0.67771986])}",
            {
                "0010111100": 1,
                "0111100011": 1,
                "1100001100": 1,
                "0011000001": 1,
                "1100110011": 1,
                "0100100001": 1,
                "1010101000": 1,
                "0111101011": 1,
                "1100100001": 1,
                "0010110001": 1,
                "0001001011": 2,
                "0111011100": 1,
                "0111010111": 1,
                "1110110010": 2,
                "1101100000": 1,
                "0001110100": 1,
                "0100110000": 1,
                "1011101101": 1,
                "1100110000": 1,
                "0101101001": 1,
                "0111100001": 1,
                "1011101111": 1,
                "1010000010": 1,
                "1010000101": 1,
                "1010101100": 1,
                "1101001011": 1,
                "1010001000": 1,
                "1101011011": 1,
                "0110101111": 1,
                "1111010110": 1,
                "1100011111": 2,
                "0011001100": 1,
                "0000100110": 2,
                "0111111110": 1,
                "0000110000": 1,
                "0001010010": 1,
                "1110100001": 1,
                "0000001000": 1,
                "1111110101": 1,
                "1010111110": 1,
                "1100101100": 1,
                "0110101100": 1,
                "0110110011": 2,
                "1111001010": 1,
                "1010111000": 1,
                "1111011101": 1,
                "0001100000": 2,
                "1100101110": 1,
                "1011001101": 1,
                "1011100100": 1,
                "1101001110": 1,
                "1011011101": 1,
                "1101010110": 1,
                "1100100101": 2,
                "1110111001": 2,
                "0011001010": 1,
                "0010101101": 1,
                "1110101110": 1,
                "1011000010": 1,
                "0110100011": 1,
                "1001000000": 1,
                "0010100101": 1,
                "1010100100": 1,
                "0110000010": 1,
                "1001011011": 1,
                "1000100000": 1,
                "1001110010": 1,
                "0101101110": 1,
                "0110000110": 1,
                "1100110100": 1,
                "0101100110": 1,
                "0100011110": 1,
                "1011000011": 1,
                "0001111101": 1,
                "0110100000": 1,
                "0111100010": 1,
                "1000001010": 1,
                "1001111001": 1,
                "1100110101": 1,
                "1001010001": 1,
                "0001010011": 1,
                "0010000001": 1,
                "0001100001": 1,
                "0110100110": 1,
                "1101111100": 1,
                "0100010000": 1,
                "1000000011": 1,
                "1001100100": 1,
                "0011011101": 1,
                "1110110011": 1,
                "0100010111": 1,
                "0100000111": 1
            },
            false,
            5.06
        ],
        [
            [
                [
                    -2,
                    -5,
                    -8
                ],
                [
                    -7,
                    -2,
                    -5
                ],
                [
                    -8,
                    6,
                    1
                ],
                [
                    9,
                    6,
                    2
                ],
                [
                    1,
                    4,
                    -5
                ],
                [
                    -8,
                    5,
                    -2
                ],
                [
                    7,
                    -2,
                    -1
                ],
                [
                    -6,
                    -5,
                    9
                ],
                [
                    3,
                    -6,
                    2
                ],
                [
                    -9,
                    10,
                    5
                ],
                [
                    -9,
                    -8,
                    -1
                ],
                [
                    -6,
                    -4,
                    7
                ],
                [
                    6,
                    8,
                    -3
                ],
                [
                    9,
                    4,
                    -6
                ],
                [
                    5,
                    2,
                    4
                ],
                [
                    5,
                    4,
                    9
                ],
                [
                    -3,
                    2,
                    8
                ],
                [
                    4,
                    8,
                    3
                ],
                [
                    6,
                    9,
                    -7
                ],
                [
                    5,
                    -7,
                    -2
                ],
                [
                    -8,
                    -9,
                    -2
                ],
                [
                    4,
                    2,
                    8
                ],
                [
                    8,
                    -9,
                    -3
                ],
                [
                    8,
                    -5,
                    9
                ],
                [
                    10,
                    8,
                    3
                ],
                [
                    2,
                    3,
                    10
                ],
                [
                    10,
                    3,
                    -5
                ],
                [
                    4,
                    -2,
                    -1
                ],
                [
                    2,
                    10,
                    -4
                ],
                [
                    3,
                    -9,
                    1
                ],
                [
                    -10,
                    -7,
                    9
                ],
                [
                    2,
                    9,
                    3
                ],
                [
                    10,
                    -9,
                    1
                ],
                [
                    3,
                    5,
                    -4
                ],
                [
                    -4,
                    9,
                    -6
                ],
                [
                    -10,
                    -9,
                    8
                ],
                [
                    4,
                    -6,
                    8
                ],
                [
                    4,
                    5,
                    -9
                ],
                [
                    4,
                    10,
                    -6
                ],
                [
                    -9,
                    3,
                    7
                ],
                [
                    -2,
                    -10,
                    5
                ],
                [
                    2,
                    -7,
                    -10
                ],
                [
                    10,
                    -3,
                    1
                ],
                [
                    2,
                    5,
                    4
                ],
                [
                    -2,
                    -7,
                    -1
                ]
            ],
            "{   'fun': 5.62,\n    'jac': None,\n    'nfev': 162,\n    'nit': 1,\n    'njev': 18,\n    'x': array([1.48072024, 0.09543991, 2.17348459, 1.069127  , 2.4227294 ,\n       2.07750209, 1.74635429, 2.8681918 ])}",
            {
                "0010001100": 1,
                "1010010011": 1,
                "1011010101": 1,
                "0111100011": 1,
                "0010000001": 1,
                "0110111011": 1,
                "0011101000": 1,
                "0011111001": 1,
                "0111001011": 1,
                "0110110001": 1,
                "1011100101": 1,
                "0010011001": 1,
                "1001101110": 1,
                "0101011100": 1,
                "1111110010": 1,
                "0010100011": 1,
                "0011100111": 1,
                "0111110101": 1,
                "0111110011": 3,
                "1010000100": 1,
                "1010111111": 1,
                "0111011111": 1,
                "1111001110": 2,
                "0111101101": 1,
                "0101001100": 1,
                "0101010001": 2,
                "1000101110": 1,
                "0001000110": 1,
                "1111110100": 1,
                "1111001101": 1,
                "0110010000": 1,
                "1100010011": 1,
                "0010000100": 2,
                "1101100010": 1,
                "0111000100": 1,
                "1111100001": 1,
                "0000111001": 1,
                "1101111011": 1,
                "1011110011": 1,
                "0100011010": 1,
                "0111010011": 2,
                "1010100100": 1,
                "1101011001": 1,
                "0010000000": 1,
                "1011000010": 1,
                "1000100110": 1,
                "0111111000": 1,
                "0010001000": 1,
                "0110001101": 1,
                "0100011001": 1,
                "0110101011": 1,
                "0101001010": 1,
                "1101100011": 1,
                "0000100001": 1,
                "0111010001": 2,
                "1010111011": 1,
                "0011111111": 1,
                "1011111001": 1,
                "1100011001": 3,
                "0111000010": 1,
                "0010010110": 1,
                "0101110001": 1,
                "1100101100": 1,
                "1100101101": 1,
                "1010001100": 1,
                "0101001011": 2,
                "0101000010": 1,
                "1110111101": 1,
                "0010011111": 1,
                "1001110001": 1,
                "0111111101": 1,
                "0110010111": 1,
                "1011001010": 1,
                "0000101111": 1,
                "0001001111": 1,
                "0011101011": 1,
                "1010100011": 1,
                "1001001011": 1,
                "0001010110": 2,
                "1111001100": 1,
                "1101111110": 1,
                "0011101101": 1,
                "0001110000": 1,
                "1001111000": 1,
                "0111100010": 1,
                "1000111001": 1,
                "1010011001": 1,
                "0010001110": 2
            },
            false,
            5.04
        ]
    ]
}