{
    "n": 10,
    "m": 45,
    "results": [
        [
            [
                [
                    -2,
                    10,
                    6
                ],
                [
                    6,
                    -7,
                    5
                ],
                [
                    6,
                    -8,
                    2
                ],
                [
                    6,
                    -3,
                    2
                ],
                [
                    9,
                    7,
                    -6
                ],
                [
                    4,
                    2,
                    -5
                ],
                [
                    -1,
                    -6,
                    -5
                ],
                [
                    -2,
                    -3,
                    -8
                ],
                [
                    -10,
                    6,
                    -1
                ],
                [
                    -9,
                    -7,
                    2
                ],
                [
                    5,
                    -8,
                    6
                ],
                [
                    9,
                    4,
                    -2
                ],
                [
                    5,
                    -3,
                    -2
                ],
                [
                    -4,
                    1,
                    -7
                ],
                [
                    3,
                    2,
                    4
                ],
                [
                    -4,
                    7,
                    -1
                ],
                [
                    3,
                    -6,
                    4
                ],
                [
                    10,
                    3,
                    2
                ],
                [
                    10,
                    7,
                    -4
                ],
                [
                    9,
                    2,
                    6
                ],
                [
                    -8,
                    -1,
                    -6
                ],
                [
                    -4,
                    -3,
                    2
                ],
                [
                    7,
                    1,
                    -2
                ],
                [
                    -5,
                    8,
                    6
                ],
                [
                    6,
                    -8,
                    -4
                ],
                [
                    10,
                    -7,
                    1
                ],
                [
                    -4,
                    8,
                    9
                ],
                [
                    8,
                    -3,
                    -7
                ],
                [
                    -1,
                    -10,
                    -3
                ],
                [
                    -9,
                    7,
                    -8
                ],
                [
                    9,
                    -10,
                    -5
                ],
                [
                    -1,
                    6,
                    7
                ],
                [
                    -2,
                    -10,
                    3
                ],
                [
                    10,
                    9,
                    7
                ],
                [
                    6,
                    -10,
                    7
                ],
                [
                    -7,
                    9,
                    -8
                ],
                [
                    10,
                    -6,
                    9
                ],
                [
                    -2,
                    -7,
                    4
                ],
                [
                    8,
                    10,
                    6
                ],
                [
                    -3,
                    6,
                    -1
                ],
                [
                    8,
                    -3,
                    -4
                ],
                [
                    10,
                    2,
                    3
                ],
                [
                    3,
                    -1,
                    -2
                ],
                [
                    -8,
                    2,
                    -1
                ],
                [
                    -9,
                    -4,
                    2
                ]
            ],
            "{   'fun': 5.83,\n    'jac': None,\n    'nfev': 135,\n    'nit': 3,\n    'njev': 27,\n    'x': array([1.56829043, 2.70425765, 1.11249113, 2.23230737])}",
            {
                "1011010000": 1,
                "1100111001": 1,
                "1110111000": 1,
                "1111000100": 1,
                "0111001000": 1,
                "0000011111": 1,
                "1000000111": 1,
                "0110111011": 1,
                "1100011001": 1,
                "0101011110": 1,
                "0010000001": 1,
                "1110100111": 1,
                "1110101011": 1,
                "1001001000": 1,
                "0111000011": 1,
                "1100010011": 1,
                "0010101111": 1,
                "0110011001": 1,
                "1001001110": 1,
                "1100110010": 1,
                "0010111010": 1,
                "1000010100": 1,
                "1000110100": 1,
                "0111100001": 2,
                "1000001100": 1,
                "1100110110": 1,
                "0100000111": 1,
                "1111101101": 1,
                "0101001010": 1,
                "0111100011": 1,
                "1110000100": 1,
                "0011100101": 1,
                "1010000110": 1,
                "0000010001": 1,
                "0110101100": 1,
                "1001111001": 1,
                "0100100101": 1,
                "1111011011": 1,
                "1001101000": 1,
                "0000110111": 1,
                "0110000001": 1,
                "1111001011": 1,
                "1110001000": 1,
                "1100010000": 1,
                "1001010000": 1,
                "1100111110": 1,
                "0011100011": 1,
                "1011001101": 1,
                "0110110100": 1,
                "0000000101": 1,
                "0001110101": 1,
                "0010100011": 1,
                "1100111111": 1,
                "0111001111": 1,
                "1111010100": 1,
                "1101000100": 1,
                "0010011011": 1,
                "1100000000": 1,
                "0100001000": 1,
                "1010101110": 1,
                "1101010100": 1,
                "0111110001": 1,
                "1111111110": 1,
                "0111101010": 1,
                "0101010000": 2,
                "0100100010": 1,
                "0100011111": 1,
                "0001110100": 1,
                "1000011001": 1,
                "0111010001": 1,
                "0000100001": 1,
                "0101101011": 1,
                "0101101000": 1,
                "0000001001": 1,
                "0000111010": 1,
                "0111000100": 1,
                "0000101001": 1,
                "0011111011": 1,
                "1010011100": 2,
                "1101110101": 1,
                "0011000010": 1,
                "1101011001": 2,
                "0101011111": 1,
                "0110010000": 1,
                "1011000111": 1,
                "0001001111": 2,
                "1010100011": 2,
                "1010010110": 2,
                "1100000111": 1,
                "0010001000": 1,
                "1010010111": 2,
                "0001100101": 1
            },
            false,
            4.91
        ],
        [
            [
                [
                    6,
                    2,
                    -4
                ],
                [
                    5,
                    -8,
                    -6
                ],
                [
                    -1,
                    10,
                    5
                ],
                [
                    4,
                    -9,
                    10
                ],
                [
                    6,
                    -8,
                    10
                ],
                [
                    1,
                    6,
                    3
                ],
                [
                    -6,
                    -3,
                    -5
                ],
                [
                    1,
                    5,
                    10
                ],
                [
                    -8,
                    -10,
                    -5
                ],
                [
                    9,
                    -10,
                    6
                ],
                [
                    2,
                    -4,
                    -9
                ],
                [
                    7,
                    10,
                    -4
                ],
                [
                    -1,
                    -9,
                    -5
                ],
                [
                    4,
                    -1,
                    -9
                ],
                [
                    8,
                    -6,
                    -10
                ],
                [
                    -7,
                    4,
                    -2
                ],
                [
                    -4,
                    -5,
                    9
                ],
                [
                    -3,
                    -7,
                    9
                ],
                [
                    -10,
                    4,
                    -8
                ],
                [
                    -8,
                    -6,
                    -9
                ],
                [
                    -2,
                    4,
                    1
                ],
                [
                    -6,
                    -8,
                    -7
                ],
                [
                    7,
                    9,
                    10
                ],
                [
                    -10,
                    -1,
                    -7
                ],
                [
                    8,
                    -4,
                    7
                ],
                [
                    9,
                    1,
                    7
                ],
                [
                    -10,
                    9,
                    -8
                ],
                [
                    10,
                    2,
                    -7
                ],
                [
                    6,
                    9,
                    -8
                ],
                [
                    6,
                    -3,
                    -1
                ],
                [
                    9,
                    -5,
                    -10
                ],
                [
                    -6,
                    -9,
                    -2
                ],
                [
                    5,
                    2,
                    -1
                ],
                [
                    6,
                    -4,
                    9
                ],
                [
                    6,
                    -1,
                    4
                ],
                [
                    -7,
                    6,
                    5
                ],
                [
                    5,
                    -4,
                    8
                ],
                [
                    1,
                    -8,
                    5
                ],
                [
                    5,
                    7,
                    6
                ],
                [
                    -5,
                    4,
                    -7
                ],
                [
                    -1,
                    7,
                    6
                ],
                [
                    -4,
                    -5,
                    6
                ],
                [
                    4,
                    2,
                    -5
                ],
                [
                    6,
                    -8,
                    2
                ],
                [
                    -5,
                    1,
                    8
                ]
            ],
            "{   'fun': 5.57,\n    'jac': None,\n    'nfev': 130,\n    'nit': 3,\n    'njev': 26,\n    'x': array([1.59969016, 3.10670539, 2.43367617, 0.15758595])}",
            {
                "0110000110": 1,
                "0001111011": 1,
                "1101000001": 1,
                "0101100100": 1,
                "0010001000": 1,
                "1001101101": 1,
                "1100111001": 1,
                "1110100110": 1,
                "0111001111": 1,
                "0000110001": 1,
                "0010101110": 1,
                "0010111100": 1,
                "0110000111": 1,
                "1011011011": 1,
                "0011010001": 1,
                "1011100001": 1,
                "0001110101": 1,
                "0000000101": 1,
                "0100001011": 1,
                "0101011111": 1,
                "1010010101": 1,
                "1111101110": 1,
                "0100011001": 1,
                "0001101110": 1,
                "1111100001": 1,
                "0010001011": 1,
                "1000010011": 1,
                "1000110111": 1,
                "1001111111": 1,
                "1001011110": 1,
                "0001010100": 1,
                "0100011000": 1,
                "0101101000": 1,
                "1011111101": 1,
                "0000001001": 1,
                "0110111101": 1,
                "1110111101": 1,
                "0000001000": 1,
                "0101010001": 1,
                "1100001101": 1,
                "1111001101": 1,
                "0010011101": 1,
                "0000110000": 1,
                "0100111100": 1,
                "1001111001": 1,
                "1110000111": 1,
                "1000000101": 1,
                "0001100100": 1,
                "1101010000": 1,
                "1011010101": 1,
                "1000010111": 1,
                "0111001010": 1,
                "0110000011": 1,
                "0010011010": 1,
                "0001011110": 1,
                "0111010100": 1,
                "0110001111": 1,
                "1111001111": 1,
                "0100101000": 1,
                "1111011101": 1,
                "0111001011": 1,
                "1101000100": 1,
                "0101001001": 1,
                "0011010010": 1,
                "0010101001": 1,
                "1101100011": 1,
                "0110111110": 2,
                "1010000110": 1,
                "0110110000": 1,
                "1001101100": 1,
                "1101000010": 1,
                "1101010111": 1,
                "0101010110": 1,
                "1001011111": 1,
                "1100100011": 1,
                "1111111011": 1,
                "0010000110": 1,
                "0100101010": 1,
                "1111000010": 1,
                "1110101100": 1,
                "1111100000": 1,
                "0001000000": 1,
                "0110110010": 1,
                "0001100101": 1,
                "1010000011": 1,
                "1010000001": 1,
                "1011010110": 2,
                "1101011000": 1,
                "1010100110": 1,
                "0100101111": 1,
                "0000011001": 1,
                "0110011101": 1,
                "1011100100": 1,
                "1010110010": 1,
                "1001001101": 1,
                "1001000000": 2,
                "1000001111": 1
            },
            false,
            5.14
        ],
        [
            [
                [
                    10,
                    -2,
                    6
                ],
                [
                    7,
                    6,
                    -9
                ],
                [
                    3,
                    6,
                    9
                ],
                [
                    -9,
                    4,
                    -5
                ],
                [
                    8,
                    -4,
                    -1
                ],
                [
                    -9,
                    -10,
                    6
                ],
                [
                    -2,
                    -9,
                    10
                ],
                [
                    -6,
                    -7,
                    -5
                ],
                [
                    6,
                    -5,
                    7
                ],
                [
                    6,
                    -3,
                    -1
                ],
                [
                    1,
                    -8,
                    -5
                ],
                [
                    9,
                    2,
                    1
                ],
                [
                    6,
                    3,
                    5
                ],
                [
                    -1,
                    -10,
                    2
                ],
                [
                    -10,
                    5,
                    3
                ],
                [
                    -2,
                    -4,
                    -10
                ],
                [
                    -2,
                    -8,
                    -4
                ],
                [
                    1,
                    -8,
                    3
                ],
                [
                    -9,
                    10,
                    5
                ],
                [
                    -6,
                    -3,
                    9
                ],
                [
                    2,
                    8,
                    4
                ],
                [
                    -7,
                    -10,
                    -4
                ],
                [
                    8,
                    -10,
                    9
                ],
                [
                    1,
                    -6,
                    -8
                ],
                [
                    -4,
                    -1,
                    10
                ],
                [
                    1,
                    -4,
                    -2
                ],
                [
                    3,
                    5,
                    7
                ],
                [
                    -10,
                    3,
                    -9
                ],
                [
                    -8,
                    3,
                    -5
                ],
                [
                    -5,
                    3,
                    9
                ],
                [
                    6,
                    4,
                    7
                ],
                [
                    -9,
                    -3,
                    7
                ],
                [
                    -6,
                    7,
                    -1
                ],
                [
                    -5,
                    9,
                    3
                ],
                [
                    5,
                    -1,
                    -6
                ],
                [
                    -4,
                    -5,
                    -10
                ],
                [
                    -4,
                    -7,
                    -1
                ],
                [
                    2,
                    4,
                    -10
                ],
                [
                    9,
                    10,
                    -7
                ],
                [
                    5,
                    -9,
                    -1
                ],
                [
                    5,
                    -6,
                    8
                ],
                [
                    -2,
                    1,
                    6
                ],
                [
                    -2,
                    8,
                    6
                ],
                [
                    6,
                    3,
                    -7
                ],
                [
                    -7,
                    -1,
                    2
                ]
            ],
            "{   'fun': 6.0,\n    'jac': None,\n    'nfev': 105,\n    'nit': 0,\n    'njev': 21,\n    'x': array([0.84543156, 1.22578621, 2.83200717, 0.82193502])}",
            {
                "1000010001": 1,
                "1000000011": 1,
                "1110001110": 1,
                "0010001111": 1,
                "0000010101": 1,
                "0100110011": 1,
                "1100100101": 1,
                "0010110110": 1,
                "1001110011": 1,
                "0001001000": 1,
                "0101100011": 1,
                "0010010100": 1,
                "1111101001": 1,
                "0011110000": 1,
                "1010111110": 1,
                "0101010001": 1,
                "0010100000": 1,
                "0011011111": 3,
                "1111011100": 1,
                "1000100110": 1,
                "1001011000": 1,
                "0101000000": 1,
                "0001010010": 2,
                "1000001010": 2,
                "0110100000": 1,
                "0000010011": 1,
                "1101011100": 1,
                "1010010100": 2,
                "1011100010": 1,
                "1111101110": 1,
                "1010001100": 1,
                "1101010100": 1,
                "1100011111": 1,
                "0100010101": 2,
                "0101001111": 1,
                "1010011001": 1,
                "1001111111": 1,
                "0101100001": 1,
                "1111101100": 1,
                "1011110110": 1,
                "0010010000": 1,
                "1011101101": 1,
                "1100100111": 1,
                "0011011000": 1,
                "1010011010": 2,
                "0110000010": 1,
                "1101001011": 1,
                "1010000100": 1,
                "0110011110": 1,
                "1110101000": 1,
                "1111111011": 1,
                "0100000101": 1,
                "1101100000": 1,
                "1110001111": 2,
                "0001010011": 1,
                "0000101001": 1,
                "0001101000": 3,
                "0101001101": 1,
                "1001001110": 1,
                "1101111101": 1,
                "1101101010": 1,
                "1000100111": 1,
                "1010001011": 1,
                "0101010100": 1,
                "0000011100": 1,
                "1001100101": 1,
                "1110000000": 2,
                "1100100011": 1,
                "1011111001": 1,
                "1100011001": 1,
                "1001000111": 1,
                "1000001110": 1,
                "0100101110": 1,
                "0010000011": 2,
                "1111010000": 1,
                "1010011100": 2,
                "1001000001": 1,
                "1011110100": 1,
                "0111000100": 2,
                "0111000101": 1,
                "0111000001": 1,
                "0101101010": 1,
                "0100100101": 2,
                "1011001011": 1,
                "1011011010": 1
            },
            false,
            5.08
        ],
        [
            [
                [
                    -2,
                    6,
                    -10
                ],
                [
                    9,
                    7,
                    1
                ],
                [
                    -5,
                    4,
                    1
                ],
                [
                    3,
                    -1,
                    2
                ],
                [
                    -4,
                    -3,
                    -2
                ],
                [
                    9,
                    6,
                    10
                ],
                [
                    -3,
                    9,
                    1
                ],
                [
                    -2,
                    -5,
                    3
                ],
                [
                    -1,
                    -3,
                    4
                ],
                [
                    7,
                    1,
                    4
                ],
                [
                    -8,
                    -5,
                    -2
                ],
                [
                    8,
                    4,
                    -2
                ],
                [
                    -9,
                    6,
                    4
                ],
                [
                    6,
                    8,
                    -10
                ],
                [
                    4,
                    9,
                    2
                ],
                [
                    7,
                    9,
                    8
                ],
                [
                    -8,
                    -4,
                    -10
                ],
                [
                    -3,
                    -1,
                    9
                ],
                [
                    -4,
                    10,
                    -1
                ],
                [
                    -5,
                    -7,
                    4
                ],
                [
                    -3,
                    5,
                    -8
                ],
                [
                    -3,
                    10,
                    -8
                ],
                [
                    -3,
                    7,
                    -2
                ],
                [
                    -5,
                    -3,
                    2
                ],
                [
                    8,
                    3,
                    -2
                ],
                [
                    -10,
                    8,
                    -1
                ],
                [
                    9,
                    -2,
                    3
                ],
                [
                    9,
                    -10,
                    -8
                ],
                [
                    -1,
                    9,
                    -4
                ],
                [
                    -1,
                    10,
                    -9
                ],
                [
                    -5,
                    -4,
                    8
                ],
                [
                    -7,
                    -10,
                    4
                ],
                [
                    7,
                    -9,
                    1
                ],
                [
                    -1,
                    3,
                    -6
                ],
                [
                    -8,
                    -4,
                    -6
                ],
                [
                    1,
                    -2,
                    3
                ],
                [
                    -7,
                    10,
                    9
                ],
                [
                    6,
                    -5,
                    -8
                ],
                [
                    -8,
                    9,
                    -10
                ],
                [
                    -5,
                    1,
                    10
                ],
                [
                    -8,
                    9,
                    5
                ],
                [
                    -8,
                    3,
                    1
                ],
                [
                    7,
                    9,
                    -1
                ],
                [
                    3,
                    9,
                    -10
                ],
                [
                    -2,
                    1,
                    8
                ]
            ],
            "{   'fun': 6.65,\n    'jac': None,\n    'nfev': 125,\n    'nit': 2,\n    'njev': 25,\n    'x': array([1.15175675, 2.8032758 , 0.40026457, 2.63297958])}",
            {
                "0011010000": 1,
                "1000010011": 1,
                "0001110111": 1,
                "0000101101": 1,
                "0010011001": 1,
                "1100001011": 1,
                "0110111011": 1,
                "0000010001": 1,
                "0101110011": 1,
                "1100000101": 1,
                "1111110010": 1,
                "0010010001": 1,
                "1011011111": 1,
                "1111001010": 1,
                "0110110011": 1,
                "0011100100": 1,
                "0001000111": 1,
                "1110001100": 1,
                "1110010111": 1,
                "1010000100": 1,
                "1010101100": 1,
                "1100110101": 4,
                "0001111001": 1,
                "0011000011": 1,
                "0100110011": 1,
                "1111000100": 1,
                "0000110110": 2,
                "1001110011": 1,
                "1010110101": 1,
                "0101100111": 1,
                "1111110001": 1,
                "1000100001": 1,
                "0001100000": 1,
                "1011010001": 1,
                "1110010011": 1,
                "1000011011": 1,
                "1111000001": 1,
                "0100100111": 1,
                "0010110100": 1,
                "0101100101": 1,
                "1011111011": 2,
                "0000011001": 1,
                "1010100100": 1,
                "0000000101": 1,
                "1011111010": 1,
                "0000001001": 1,
                "1000001011": 1,
                "1100100101": 1,
                "0000000001": 1,
                "0000011010": 1,
                "1011000000": 1,
                "1101111100": 3,
                "1001000001": 1,
                "1101100001": 1,
                "0000010110": 2,
                "0110010010": 1,
                "0110000110": 1,
                "0100111100": 1,
                "0000110000": 1,
                "1100100110": 1,
                "0001001101": 1,
                "1001001110": 1,
                "0011001001": 1,
                "1010110010": 1,
                "0101101011": 1,
                "1110110111": 1,
                "0110010111": 1,
                "0001101011": 1,
                "1110101110": 1,
                "0100100101": 1,
                "0100000010": 2,
                "1100101101": 1,
                "1100000010": 1,
                "1011100000": 2,
                "0101110101": 1,
                "0101000010": 1,
                "0011011101": 1,
                "0101000011": 1,
                "1010100110": 1,
                "0010010110": 1,
                "0010111011": 1,
                "0100010100": 1,
                "0011101101": 1,
                "0001101010": 1,
                "1001101011": 1,
                "0010010100": 1,
                "0110101000": 2,
                "1001101110": 1,
                "1100110001": 1
            },
            false,
            5.79
        ],
        [
            [
                [
                    -2,
                    6,
                    -10
                ],
                [
                    -3,
                    6,
                    -5
                ],
                [
                    8,
                    -3,
                    -9
                ],
                [
                    1,
                    -5,
                    10
                ],
                [
                    -6,
                    -5,
                    -4
                ],
                [
                    -8,
                    -5,
                    -4
                ],
                [
                    7,
                    2,
                    -3
                ],
                [
                    5,
                    -2,
                    10
                ],
                [
                    10,
                    7,
                    -2
                ],
                [
                    -9,
                    -2,
                    -8
                ],
                [
                    -3,
                    1,
                    6
                ],
                [
                    1,
                    4,
                    2
                ],
                [
                    9,
                    -3,
                    7
                ],
                [
                    10,
                    9,
                    6
                ],
                [
                    5,
                    10,
                    -2
                ],
                [
                    2,
                    6,
                    4
                ],
                [
                    -4,
                    9,
                    7
                ],
                [
                    6,
                    2,
                    -9
                ],
                [
                    -3,
                    -4,
                    6
                ],
                [
                    1,
                    -4,
                    3
                ],
                [
                    4,
                    7,
                    8
                ],
                [
                    4,
                    5,
                    6
                ],
                [
                    5,
                    -9,
                    10
                ],
                [
                    6,
                    -8,
                    7
                ],
                [
                    2,
                    -7,
                    8
                ],
                [
                    6,
                    -7,
                    9
                ],
                [
                    6,
                    3,
                    1
                ],
                [
                    -4,
                    -3,
                    -2
                ],
                [
                    10,
                    2,
                    3
                ],
                [
                    10,
                    -4,
                    -6
                ],
                [
                    -10,
                    6,
                    -1
                ],
                [
                    -5,
                    -1,
                    8
                ],
                [
                    -4,
                    -6,
                    10
                ],
                [
                    4,
                    9,
                    6
                ],
                [
                    6,
                    4,
                    8
                ],
                [
                    -2,
                    3,
                    10
                ],
                [
                    -10,
                    9,
                    -8
                ],
                [
                    10,
                    -6,
                    1
                ],
                [
                    1,
                    -5,
                    2
                ],
                [
                    10,
                    5,
                    -9
                ],
                [
                    -3,
                    -9,
                    -7
                ],
                [
                    2,
                    -5,
                    -4
                ],
                [
                    4,
                    5,
                    9
                ],
                [
                    1,
                    -10,
                    -5
                ],
                [
                    1,
                    3,
                    2
                ]
            ],
            "{   'fun': 7.98,\n    'jac': None,\n    'nfev': 90,\n    'nit': 1,\n    'njev': 18,\n    'x': array([0.9942305 , 0.54689263, 0.10931413, 0.87118728])}",
            {
                "1110100111": 1,
                "0000000101": 1,
                "0001110101": 1,
                "1100011101": 1,
                "0001111110": 1,
                "0101000011": 1,
                "1111111010": 1,
                "1100000101": 1,
                "0100011101": 1,
                "0111110001": 1,
                "0001010001": 1,
                "0111111101": 1,
                "1010111001": 1,
                "0000001110": 1,
                "0100011010": 1,
                "1101000100": 1,
                "1110111010": 1,
                "0000111011": 1,
                "0000010000": 2,
                "0101101111": 1,
                "1000111001": 1,
                "0011111011": 2,
                "1111001100": 1,
                "1110110111": 1,
                "0000111001": 2,
                "1111011101": 1,
                "0000011111": 1,
                "1010100001": 1,
                "1011110011": 1,
                "0001111101": 3,
                "1110000101": 3,
                "0111000100": 1,
                "1010000001": 1,
                "0001100101": 1,
                "1111111101": 2,
                "0000011010": 2,
                "1110011010": 2,
                "1000000001": 1,
                "0011011010": 1,
                "0001011100": 1,
                "1110110101": 1,
                "0000100111": 1,
                "1011111011": 1,
                "0100101000": 1,
                "1111000111": 1,
                "0011110011": 1,
                "1101111101": 1,
                "1111011010": 1,
                "1111010111": 1,
                "1011001011": 2,
                "1000101101": 1,
                "0101010110": 1,
                "1011111111": 2,
                "0100000100": 1,
                "1110001111": 1,
                "1111010001": 1,
                "1111110101": 3,
                "0011110110": 1,
                "1100101101": 1,
                "0111010110": 1,
                "1111110010": 1,
                "1110000011": 2,
                "0010101011": 1,
                "0101011011": 1,
                "1010001011": 1,
                "1100010101": 1,
                "1111001010": 1,
                "0000011110": 1,
                "0010001011": 1,
                "1000011111": 2,
                "1100011010": 1,
                "1101101101": 1,
                "0000010101": 1,
                "0101101001": 1,
                "1100110000": 1,
                "0110001101": 1,
                "1101011100": 2,
                "0011010011": 1,
                "0010100001": 1,
                "0100001000": 1,
                "0101110101": 1,
                "1111011110": 1,
                "0011010110": 1
            },
            false,
            5.7
        ]
    ]
}