{
    "n": 10,
    "m": 45,
    "results": [
        [
            [
                [
                    -1,
                    5,
                    9
                ],
                [
                    5,
                    -1,
                    8
                ],
                [
                    -4,
                    6,
                    10
                ],
                [
                    8,
                    3,
                    2
                ],
                [
                    6,
                    -8,
                    -1
                ],
                [
                    -8,
                    6,
                    3
                ],
                [
                    1,
                    -5,
                    -4
                ],
                [
                    4,
                    -10,
                    8
                ],
                [
                    4,
                    8,
                    -1
                ],
                [
                    4,
                    -5,
                    6
                ],
                [
                    -10,
                    -2,
                    6
                ],
                [
                    3,
                    5,
                    7
                ],
                [
                    4,
                    -3,
                    5
                ],
                [
                    -3,
                    6,
                    10
                ],
                [
                    -8,
                    3,
                    7
                ],
                [
                    4,
                    -3,
                    1
                ],
                [
                    4,
                    -7,
                    -6
                ],
                [
                    -1,
                    5,
                    2
                ],
                [
                    -6,
                    5,
                    4
                ],
                [
                    -1,
                    10,
                    5
                ],
                [
                    -2,
                    10,
                    4
                ],
                [
                    -1,
                    -4,
                    -3
                ],
                [
                    -4,
                    -10,
                    6
                ],
                [
                    -1,
                    5,
                    9
                ],
                [
                    -4,
                    6,
                    -2
                ],
                [
                    -6,
                    10,
                    -2
                ],
                [
                    6,
                    5,
                    -7
                ],
                [
                    -7,
                    -6,
                    3
                ],
                [
                    5,
                    -4,
                    2
                ],
                [
                    -9,
                    -3,
                    6
                ],
                [
                    8,
                    -2,
                    -7
                ],
                [
                    -9,
                    -6,
                    -5
                ],
                [
                    -6,
                    -2,
                    -8
                ],
                [
                    8,
                    9,
                    -3
                ],
                [
                    -7,
                    4,
                    -2
                ],
                [
                    -9,
                    -8,
                    2
                ],
                [
                    -8,
                    6,
                    2
                ],
                [
                    -1,
                    6,
                    -4
                ],
                [
                    -3,
                    2,
                    1
                ],
                [
                    -6,
                    1,
                    -10
                ],
                [
                    -9,
                    -10,
                    1
                ],
                [
                    -7,
                    -8,
                    -3
                ],
                [
                    10,
                    -2,
                    -5
                ],
                [
                    3,
                    5,
                    6
                ],
                [
                    -3,
                    6,
                    8
                ]
            ],
            "{   'fun': 5.6,\n    'jac': None,\n    'nfev': 170,\n    'nit': 4,\n    'njev': 34,\n    'x': array([1.56829098, 2.7042586 , 1.11249118, 2.23230416])}",
            {
                "1111000010": 1,
                "0001000100": 1,
                "0011101100": 1,
                "0101001000": 1,
                "0101101100": 2,
                "0000101011": 1,
                "1010111101": 1,
                "1111010111": 1,
                "0101101110": 1,
                "1000011011": 1,
                "0011000100": 1,
                "0110101011": 1,
                "0011101111": 1,
                "1100000111": 1,
                "0000011001": 1,
                "0101110010": 2,
                "1010010010": 1,
                "0101000110": 1,
                "1000110000": 1,
                "1110111101": 1,
                "0110000000": 1,
                "1011100010": 1,
                "0100111100": 1,
                "1101100001": 1,
                "1110011100": 1,
                "0000100011": 1,
                "0010000011": 1,
                "0100000101": 1,
                "0001110110": 1,
                "0100110010": 1,
                "1001011011": 2,
                "0011100111": 1,
                "0001111110": 2,
                "1001100101": 1,
                "1010000111": 1,
                "1111001010": 2,
                "1000101111": 1,
                "0111010011": 1,
                "1010110101": 1,
                "1100010001": 1,
                "1101010100": 2,
                "0011110111": 1,
                "1001000111": 1,
                "0010110100": 1,
                "0001001101": 1,
                "1111101111": 1,
                "0110100011": 1,
                "1000111101": 1,
                "1110110110": 1,
                "0010001001": 1,
                "0000001001": 2,
                "0011011011": 1,
                "0011111110": 1,
                "1100000010": 1,
                "0101011110": 1,
                "1100110010": 1,
                "1001010101": 1,
                "1111000000": 1,
                "0000010010": 1,
                "0011100000": 1,
                "1111110100": 1,
                "0010000111": 2,
                "1001110100": 1,
                "1101001011": 1,
                "1011101110": 1,
                "1000111001": 1,
                "0011101001": 1,
                "0010010011": 1,
                "0000100111": 2,
                "1010011101": 1,
                "0000000111": 1,
                "1011000001": 1,
                "1011010010": 1,
                "1110111010": 1,
                "1110111000": 1,
                "0011000000": 1,
                "1110100101": 1,
                "0010111001": 1,
                "1011110011": 1,
                "0111100101": 1,
                "1010101011": 1,
                "0101011000": 1,
                "0001010111": 2,
                "1110111011": 1,
                "1011001111": 1,
                "0100100110": 1,
                "0001111111": 1,
                "1111101001": 1,
                "1101000000": 1,
                "0011110001": 1
            },
            false,
            5.03
        ],
        [
            [
                [
                    -2,
                    1,
                    -4
                ],
                [
                    6,
                    -3,
                    5
                ],
                [
                    7,
                    4,
                    9
                ],
                [
                    -10,
                    1,
                    -4
                ],
                [
                    8,
                    7,
                    -3
                ],
                [
                    -2,
                    -10,
                    9
                ],
                [
                    10,
                    3,
                    8
                ],
                [
                    8,
                    -6,
                    7
                ],
                [
                    -2,
                    8,
                    10
                ],
                [
                    -1,
                    -8,
                    6
                ],
                [
                    1,
                    10,
                    -7
                ],
                [
                    7,
                    -10,
                    8
                ],
                [
                    6,
                    -2,
                    8
                ],
                [
                    -8,
                    -2,
                    -7
                ],
                [
                    7,
                    6,
                    2
                ],
                [
                    -10,
                    6,
                    -1
                ],
                [
                    9,
                    -7,
                    8
                ],
                [
                    -5,
                    2,
                    -1
                ],
                [
                    -9,
                    6,
                    4
                ],
                [
                    6,
                    -10,
                    8
                ],
                [
                    2,
                    -7,
                    -4
                ],
                [
                    -1,
                    3,
                    9
                ],
                [
                    9,
                    2,
                    6
                ],
                [
                    7,
                    9,
                    -10
                ],
                [
                    7,
                    4,
                    9
                ],
                [
                    5,
                    -4,
                    -3
                ],
                [
                    5,
                    -7,
                    1
                ],
                [
                    8,
                    10,
                    -6
                ],
                [
                    6,
                    -7,
                    9
                ],
                [
                    -1,
                    -4,
                    -10
                ],
                [
                    -9,
                    4,
                    3
                ],
                [
                    -6,
                    5,
                    1
                ],
                [
                    -9,
                    1,
                    -3
                ],
                [
                    7,
                    4,
                    -1
                ],
                [
                    -9,
                    4,
                    -5
                ],
                [
                    6,
                    3,
                    4
                ],
                [
                    -5,
                    9,
                    4
                ],
                [
                    -2,
                    -8,
                    3
                ],
                [
                    -4,
                    -9,
                    3
                ],
                [
                    2,
                    4,
                    -5
                ],
                [
                    3,
                    -9,
                    5
                ],
                [
                    -6,
                    -2,
                    4
                ],
                [
                    -10,
                    -3,
                    -6
                ],
                [
                    -10,
                    -2,
                    8
                ],
                [
                    10,
                    8,
                    4
                ]
            ],
            "{   'fun': 5.53,\n    'jac': None,\n    'nfev': 125,\n    'nit': 3,\n    'njev': 25,\n    'x': array([1.59969275, 3.10670569, 2.43367597, 0.15758631])}",
            {
                "1101101000": 1,
                "1110101000": 1,
                "1001010011": 1,
                "0001011111": 1,
                "1101001110": 1,
                "1011001100": 1,
                "1011110010": 1,
                "0011011110": 1,
                "0000100001": 1,
                "1011110011": 1,
                "0110010111": 1,
                "1011111111": 1,
                "0000110100": 1,
                "0000111011": 1,
                "1101100110": 1,
                "0010101111": 1,
                "1100001110": 1,
                "0000011010": 1,
                "0111011111": 1,
                "1110110000": 1,
                "1100011100": 1,
                "1000100101": 1,
                "0001000100": 1,
                "0111110101": 1,
                "0110001100": 1,
                "1100100100": 1,
                "1001011010": 1,
                "0111001000": 1,
                "0111010101": 1,
                "0101110111": 1,
                "0101010010": 1,
                "1000010000": 1,
                "0001011010": 1,
                "0010100010": 1,
                "1001100110": 1,
                "1000110001": 1,
                "1000110111": 1,
                "1111011000": 1,
                "1110010100": 3,
                "0001000001": 1,
                "0101001010": 1,
                "1110100110": 1,
                "1111010010": 1,
                "1000010101": 1,
                "1111111000": 1,
                "0101111010": 1,
                "0001001001": 1,
                "1001010010": 1,
                "1111100101": 1,
                "0011010110": 1,
                "0110111001": 1,
                "1111100100": 1,
                "0100110101": 1,
                "1010100010": 1,
                "1100000010": 1,
                "0101110100": 2,
                "0001101101": 1,
                "0010101101": 1,
                "0010100001": 2,
                "1010000011": 1,
                "1011010110": 1,
                "0100010100": 1,
                "0000001111": 1,
                "0100100000": 1,
                "1110000110": 1,
                "1100101101": 1,
                "1010001100": 1,
                "1011110100": 1,
                "1110000101": 1,
                "1010101010": 1,
                "0101011001": 1,
                "0100100011": 1,
                "1000001101": 1,
                "0101110010": 1,
                "0100111010": 1,
                "0010100101": 1,
                "0110100000": 2,
                "1001001000": 1,
                "1001110001": 2,
                "1110100101": 1,
                "1111011100": 1,
                "1111100001": 1,
                "0000001010": 1,
                "1010101101": 1,
                "0011000100": 1,
                "0011101000": 1,
                "1011101000": 1,
                "1100111000": 1,
                "0010011000": 1,
                "0010011110": 1,
                "0111011000": 1,
                "0011010010": 1,
                "0100001111": 1,
                "0101100101": 1
            },
            false,
            4.98
        ],
        [
            [
                [
                    -3,
                    -2,
                    -8
                ],
                [
                    2,
                    -7,
                    -10
                ],
                [
                    10,
                    7,
                    -5
                ],
                [
                    -6,
                    8,
                    1
                ],
                [
                    -9,
                    7,
                    8
                ],
                [
                    -6,
                    2,
                    3
                ],
                [
                    6,
                    -9,
                    -4
                ],
                [
                    9,
                    7,
                    -10
                ],
                [
                    -4,
                    -2,
                    -10
                ],
                [
                    -9,
                    1,
                    6
                ],
                [
                    -4,
                    2,
                    -7
                ],
                [
                    -5,
                    -7,
                    6
                ],
                [
                    -10,
                    -2,
                    7
                ],
                [
                    4,
                    -7,
                    -2
                ],
                [
                    3,
                    9,
                    10
                ],
                [
                    -6,
                    4,
                    -3
                ],
                [
                    10,
                    -2,
                    -5
                ],
                [
                    10,
                    -3,
                    4
                ],
                [
                    3,
                    -9,
                    10
                ],
                [
                    -1,
                    2,
                    -3
                ],
                [
                    -3,
                    5,
                    -2
                ],
                [
                    8,
                    10,
                    -5
                ],
                [
                    5,
                    -6,
                    -4
                ],
                [
                    10,
                    6,
                    1
                ],
                [
                    9,
                    5,
                    6
                ],
                [
                    3,
                    -9,
                    -5
                ],
                [
                    -1,
                    -9,
                    8
                ],
                [
                    8,
                    1,
                    -10
                ],
                [
                    -9,
                    5,
                    -8
                ],
                [
                    1,
                    -5,
                    -7
                ],
                [
                    -5,
                    10,
                    6
                ],
                [
                    7,
                    6,
                    5
                ],
                [
                    -7,
                    -10,
                    -9
                ],
                [
                    -1,
                    3,
                    -8
                ],
                [
                    -4,
                    2,
                    -3
                ],
                [
                    -6,
                    -7,
                    -10
                ],
                [
                    5,
                    10,
                    -9
                ],
                [
                    -9,
                    4,
                    6
                ],
                [
                    6,
                    -7,
                    8
                ],
                [
                    8,
                    2,
                    -6
                ],
                [
                    -6,
                    7,
                    -1
                ],
                [
                    7,
                    -6,
                    1
                ],
                [
                    8,
                    -4,
                    3
                ],
                [
                    -7,
                    10,
                    8
                ],
                [
                    9,
                    -5,
                    -8
                ]
            ],
            "{   'fun': 5.41,\n    'jac': None,\n    'nfev': 115,\n    'nit': 2,\n    'njev': 23,\n    'x': array([0.84543157, 1.22578623, 2.83200716, 0.82193502])}",
            {
                "0010000100": 1,
                "1001011011": 1,
                "1000110110": 1,
                "0101001010": 1,
                "0110001000": 1,
                "1001010000": 1,
                "1111111000": 1,
                "1110100001": 1,
                "0011111110": 1,
                "0010111100": 1,
                "0110111100": 1,
                "1001111010": 1,
                "1100011100": 1,
                "0100000001": 1,
                "1011010011": 1,
                "0101100011": 1,
                "1100110000": 1,
                "1000111010": 1,
                "1111010011": 2,
                "0100011000": 1,
                "0011011001": 1,
                "1011111011": 1,
                "0010010110": 1,
                "1010010100": 1,
                "1010111111": 1,
                "0101100110": 3,
                "1010011100": 1,
                "1011000011": 1,
                "1010100010": 1,
                "0000000011": 1,
                "0011101001": 1,
                "0111110101": 1,
                "1100101111": 1,
                "1001111111": 1,
                "1101111010": 1,
                "1001011001": 1,
                "1110111000": 1,
                "0110111011": 2,
                "1001100010": 1,
                "0001110110": 1,
                "0011110000": 1,
                "1011010111": 1,
                "0000100011": 1,
                "1000010110": 1,
                "0001100111": 1,
                "0000000001": 1,
                "0010101110": 1,
                "1111110111": 2,
                "1101110110": 1,
                "0000011000": 1,
                "0111111101": 1,
                "1111011000": 1,
                "0000100000": 1,
                "0111010000": 1,
                "1111101111": 1,
                "1011000111": 1,
                "0010010000": 1,
                "0100100100": 1,
                "1011100011": 1,
                "1100010101": 1,
                "0111011110": 1,
                "1111100001": 1,
                "0000010010": 1,
                "1111000000": 1,
                "0011100110": 2,
                "1000000101": 1,
                "1010001100": 1,
                "0111000101": 1,
                "1011110100": 1,
                "0010000101": 1,
                "0010011000": 1,
                "1111010110": 1,
                "0101100000": 1,
                "0010101100": 1,
                "0010110100": 1,
                "1100111010": 1,
                "1011111110": 1,
                "0100010100": 1,
                "0010111011": 1,
                "0111101100": 1,
                "1111100110": 1,
                "0001100101": 2,
                "1001100110": 1,
                "0111001011": 1,
                "1011011000": 1,
                "1100000000": 1,
                "1001011110": 1,
                "1101010100": 1,
                "1010101110": 1,
                "1011100000": 1,
                "0101000000": 1,
                "1100110011": 1,
                "0111111111": 1
            },
            false,
            5.03
        ],
        [
            [
                [
                    9,
                    1,
                    -10
                ],
                [
                    -2,
                    -6,
                    -4
                ],
                [
                    3,
                    4,
                    -1
                ],
                [
                    -3,
                    -5,
                    8
                ],
                [
                    10,
                    -6,
                    5
                ],
                [
                    -1,
                    -8,
                    -4
                ],
                [
                    7,
                    -4,
                    -9
                ],
                [
                    -10,
                    6,
                    -2
                ],
                [
                    2,
                    7,
                    -5
                ],
                [
                    -2,
                    -5,
                    7
                ],
                [
                    8,
                    7,
                    4
                ],
                [
                    4,
                    3,
                    -7
                ],
                [
                    -6,
                    -4,
                    9
                ],
                [
                    8,
                    -1,
                    5
                ],
                [
                    6,
                    8,
                    2
                ],
                [
                    3,
                    -6,
                    10
                ],
                [
                    -6,
                    -4,
                    7
                ],
                [
                    -6,
                    -7,
                    -3
                ],
                [
                    -9,
                    5,
                    7
                ],
                [
                    7,
                    10,
                    4
                ],
                [
                    10,
                    3,
                    2
                ],
                [
                    8,
                    -5,
                    7
                ],
                [
                    -2,
                    7,
                    9
                ],
                [
                    2,
                    -8,
                    -9
                ],
                [
                    -8,
                    5,
                    1
                ],
                [
                    -5,
                    6,
                    9
                ],
                [
                    6,
                    -10,
                    -1
                ],
                [
                    6,
                    -2,
                    -9
                ],
                [
                    -9,
                    8,
                    -5
                ],
                [
                    -4,
                    -8,
                    -1
                ],
                [
                    6,
                    9,
                    -10
                ],
                [
                    6,
                    9,
                    3
                ],
                [
                    4,
                    7,
                    8
                ],
                [
                    -6,
                    -2,
                    -1
                ],
                [
                    3,
                    -6,
                    -7
                ],
                [
                    -10,
                    2,
                    1
                ],
                [
                    -4,
                    -1,
                    8
                ],
                [
                    7,
                    -8,
                    3
                ],
                [
                    -10,
                    1,
                    9
                ],
                [
                    -7,
                    3,
                    -10
                ],
                [
                    10,
                    -5,
                    3
                ],
                [
                    -1,
                    2,
                    6
                ],
                [
                    -1,
                    -3,
                    5
                ],
                [
                    -4,
                    6,
                    10
                ],
                [
                    10,
                    7,
                    -8
                ]
            ],
            "{   'fun': 6.01,\n    'jac': None,\n    'nfev': 95,\n    'nit': 2,\n    'njev': 19,\n    'x': array([1.15175802, 2.80327592, 0.40026541, 2.63297946])}",
            {
                "1000100010": 1,
                "0010101111": 1,
                "1011010100": 1,
                "1011111110": 1,
                "0010001101": 1,
                "0011010110": 1,
                "1001001110": 1,
                "0111010111": 2,
                "1111010100": 1,
                "0110101101": 1,
                "0000111101": 1,
                "0100100101": 1,
                "0110111011": 1,
                "1110010111": 1,
                "1101101100": 1,
                "0111000101": 1,
                "0100010110": 1,
                "0111100101": 1,
                "0010011100": 1,
                "1010000010": 1,
                "1111111000": 1,
                "0110110110": 1,
                "0110101001": 1,
                "1010011100": 1,
                "0000000111": 1,
                "1101110101": 1,
                "0110010101": 1,
                "1100010101": 1,
                "1000111000": 1,
                "0111111110": 1,
                "0001001100": 1,
                "0111011101": 2,
                "0011011111": 1,
                "1011001010": 1,
                "0110101011": 1,
                "1101101001": 1,
                "0110100101": 1,
                "0110100001": 1,
                "0110000011": 1,
                "1010010111": 1,
                "1111101100": 1,
                "1100100110": 1,
                "1111111101": 1,
                "0011010101": 1,
                "0011010010": 1,
                "1011000100": 1,
                "1110011111": 1,
                "1100100001": 1,
                "1111100010": 3,
                "1010011010": 1,
                "0001101101": 1,
                "0111001101": 1,
                "1000111011": 1,
                "1011001000": 1,
                "1011011101": 1,
                "1001110001": 1,
                "1100010100": 1,
                "0000001110": 2,
                "0111010100": 1,
                "0011101101": 1,
                "0010000001": 1,
                "0000001100": 1,
                "0100011110": 1,
                "0110011001": 1,
                "0010010010": 1,
                "0101010101": 1,
                "0001101000": 1,
                "0100011100": 1,
                "0001111101": 1,
                "0011011101": 1,
                "0010111000": 1,
                "0010100000": 1,
                "1010101011": 1,
                "0100100111": 1,
                "0010101011": 2,
                "1111110010": 1,
                "0100100000": 1,
                "1110000110": 1,
                "1101011111": 1,
                "0000000110": 1,
                "0110110101": 1,
                "1000001110": 1,
                "0101011010": 1,
                "1000110000": 1,
                "0100000110": 1,
                "0010011101": 1,
                "1100101001": 1,
                "1000101000": 1,
                "1100011010": 1,
                "0011111011": 1,
                "1110100010": 2,
                "0000011111": 1,
                "0011111100": 1
            },
            false,
            5.07
        ],
        [
            [
                [
                    -9,
                    3,
                    10
                ],
                [
                    -4,
                    -5,
                    -3
                ],
                [
                    -2,
                    -7,
                    6
                ],
                [
                    -9,
                    -4,
                    10
                ],
                [
                    -2,
                    -3,
                    4
                ],
                [
                    10,
                    -2,
                    -4
                ],
                [
                    8,
                    4,
                    3
                ],
                [
                    8,
                    1,
                    -6
                ],
                [
                    9,
                    -7,
                    -1
                ],
                [
                    -2,
                    1,
                    -10
                ],
                [
                    -4,
                    -8,
                    -2
                ],
                [
                    -6,
                    -9,
                    -7
                ],
                [
                    -7,
                    -8,
                    -10
                ],
                [
                    -3,
                    4,
                    10
                ],
                [
                    2,
                    -6,
                    5
                ],
                [
                    -8,
                    2,
                    -6
                ],
                [
                    -2,
                    6,
                    -3
                ],
                [
                    3,
                    8,
                    -7
                ],
                [
                    -8,
                    5,
                    6
                ],
                [
                    5,
                    3,
                    8
                ],
                [
                    -7,
                    -8,
                    4
                ],
                [
                    9,
                    -10,
                    3
                ],
                [
                    -5,
                    -4,
                    -6
                ],
                [
                    -5,
                    -4,
                    -6
                ],
                [
                    -3,
                    -5,
                    -6
                ],
                [
                    7,
                    -10,
                    6
                ],
                [
                    6,
                    -4,
                    3
                ],
                [
                    -7,
                    -8,
                    1
                ],
                [
                    10,
                    -9,
                    -6
                ],
                [
                    7,
                    10,
                    4
                ],
                [
                    -4,
                    -7,
                    -6
                ],
                [
                    4,
                    3,
                    -6
                ],
                [
                    9,
                    5,
                    1
                ],
                [
                    9,
                    1,
                    -10
                ],
                [
                    5,
                    -1,
                    2
                ],
                [
                    -2,
                    -4,
                    -8
                ],
                [
                    -2,
                    -1,
                    3
                ],
                [
                    3,
                    -4,
                    -9
                ],
                [
                    -9,
                    -10,
                    -4
                ],
                [
                    -5,
                    -3,
                    6
                ],
                [
                    -3,
                    9,
                    10
                ],
                [
                    4,
                    3,
                    -10
                ],
                [
                    -8,
                    6,
                    -10
                ],
                [
                    -8,
                    -2,
                    9
                ],
                [
                    -5,
                    6,
                    4
                ]
            ],
            "{   'fun': 7.44,\n    'jac': None,\n    'nfev': 125,\n    'nit': 2,\n    'njev': 25,\n    'x': array([0.99422869, 0.5468913 , 0.10931801, 0.87118812])}",
            {
                "0000101100": 1,
                "0100100000": 1,
                "0001101101": 1,
                "1000111100": 1,
                "0111101011": 1,
                "1100111010": 1,
                "0111110101": 1,
                "1010111010": 1,
                "0101100101": 2,
                "0111110000": 1,
                "1000010101": 1,
                "0010010100": 1,
                "1100101010": 2,
                "0101111101": 1,
                "0100011101": 1,
                "0100011001": 4,
                "1001011111": 3,
                "1111001110": 1,
                "0101010100": 4,
                "0100010001": 1,
                "1101111010": 1,
                "1010011100": 2,
                "1111010110": 1,
                "0001111111": 1,
                "1100101100": 1,
                "1101011111": 1,
                "1100100011": 1,
                "0100101001": 1,
                "1100110110": 1,
                "0110101111": 1,
                "1111111100": 1,
                "1000011011": 1,
                "1011100111": 1,
                "1101110110": 1,
                "1100010010": 1,
                "0110101101": 2,
                "0110011001": 1,
                "1001111010": 1,
                "0100011110": 1,
                "0111001101": 1,
                "0100001101": 1,
                "0101001010": 1,
                "0110111101": 1,
                "0010100000": 1,
                "0110101010": 1,
                "0100101100": 4,
                "0101001111": 1,
                "1000010000": 1,
                "1001000101": 1,
                "0010011100": 1,
                "0111101100": 1,
                "0101011001": 1,
                "0101101000": 1,
                "0011011101": 1,
                "0101010111": 1,
                "0111011111": 1,
                "1101011010": 2,
                "0011101111": 1,
                "0011111100": 1,
                "1110001101": 1,
                "1111011010": 1,
                "1101111110": 1,
                "0011101101": 2,
                "1001001111": 1,
                "1100011011": 1,
                "0011011010": 1,
                "0001011100": 1,
                "0111101110": 2,
                "1101001010": 1,
                "0000011110": 1,
                "0100110100": 1,
                "0111101001": 1,
                "0111111101": 3,
                "1110100101": 1,
                "1000011110": 1,
                "0001100001": 1,
                "1100010101": 1,
                "0111111110": 1,
                "1110001001": 1,
                "0001001001": 1
            },
            false,
            6.79
        ]
    ]
}