{
    "n": 10,
    "m": 45,
    "results": [
        [
            [
                [
                    4,
                    9,
                    -5
                ],
                [
                    -1,
                    -7,
                    -5
                ],
                [
                    7,
                    1,
                    8
                ],
                [
                    -1,
                    -3,
                    -6
                ],
                [
                    -9,
                    -6,
                    -2
                ],
                [
                    1,
                    -4,
                    7
                ],
                [
                    2,
                    -7,
                    -3
                ],
                [
                    -9,
                    3,
                    6
                ],
                [
                    10,
                    -1,
                    -8
                ],
                [
                    -2,
                    9,
                    3
                ],
                [
                    -3,
                    1,
                    5
                ],
                [
                    -4,
                    7,
                    6
                ],
                [
                    4,
                    -10,
                    6
                ],
                [
                    3,
                    -6,
                    -10
                ],
                [
                    -3,
                    -7,
                    2
                ],
                [
                    1,
                    -10,
                    4
                ],
                [
                    7,
                    -4,
                    9
                ],
                [
                    1,
                    2,
                    -7
                ],
                [
                    9,
                    -7,
                    -2
                ],
                [
                    -9,
                    -6,
                    5
                ],
                [
                    -1,
                    9,
                    5
                ],
                [
                    6,
                    -2,
                    10
                ],
                [
                    -5,
                    -10,
                    9
                ],
                [
                    10,
                    3,
                    1
                ],
                [
                    1,
                    -3,
                    9
                ],
                [
                    1,
                    -4,
                    -10
                ],
                [
                    -3,
                    8,
                    -2
                ],
                [
                    8,
                    -7,
                    2
                ],
                [
                    5,
                    -7,
                    6
                ],
                [
                    9,
                    -4,
                    3
                ],
                [
                    -9,
                    -1,
                    7
                ],
                [
                    -3,
                    6,
                    -10
                ],
                [
                    7,
                    -5,
                    -10
                ],
                [
                    10,
                    -1,
                    7
                ],
                [
                    -5,
                    9,
                    7
                ],
                [
                    -3,
                    9,
                    -6
                ],
                [
                    -7,
                    -3,
                    -2
                ],
                [
                    -3,
                    8,
                    4
                ],
                [
                    -7,
                    -2,
                    -8
                ],
                [
                    -7,
                    -9,
                    3
                ],
                [
                    -8,
                    -3,
                    5
                ],
                [
                    -2,
                    4,
                    -5
                ],
                [
                    -3,
                    -10,
                    -9
                ],
                [
                    3,
                    -4,
                    -9
                ],
                [
                    -5,
                    -1,
                    -2
                ]
            ],
            "{   'fun': 5.69,\n    'jac': None,\n    'nfev': 135,\n    'nit': 2,\n    'njev': 27,\n    'x': array([1.56829032, 2.70425755, 1.11249102, 2.23230725])}",
            {
                "1100100101": 1,
                "1101110010": 1,
                "0100010100": 1,
                "1011111101": 1,
                "1100010010": 1,
                "0000010101": 1,
                "1010101011": 1,
                "1100001010": 1,
                "1000111110": 1,
                "0000011011": 1,
                "0110010000": 1,
                "1010010011": 1,
                "1101111010": 1,
                "1110000000": 1,
                "1010001111": 1,
                "1011100101": 1,
                "1001011001": 1,
                "1011101100": 1,
                "0011000001": 1,
                "1001011010": 2,
                "1100000011": 1,
                "1000101111": 1,
                "0001111110": 1,
                "0011100111": 1,
                "1111100010": 1,
                "1100111011": 2,
                "1110110000": 1,
                "1001111010": 2,
                "0011000100": 1,
                "1000011100": 1,
                "1101111100": 1,
                "1100001001": 1,
                "0111000110": 1,
                "0101010011": 1,
                "0111111111": 1,
                "0111001001": 1,
                "1000110011": 1,
                "0100100010": 1,
                "1101101100": 1,
                "1001001001": 1,
                "1000111111": 1,
                "0111110011": 1,
                "1111100000": 1,
                "1100010110": 1,
                "0001101011": 1,
                "0111111101": 2,
                "1110100100": 1,
                "0011111100": 1,
                "0010010110": 1,
                "0110111011": 2,
                "0011000011": 1,
                "1011100110": 1,
                "1111111110": 2,
                "1010101110": 1,
                "0101010101": 1,
                "1100010001": 1,
                "1000110111": 1,
                "1000110010": 1,
                "0110111100": 1,
                "1100001100": 1,
                "1111001011": 1,
                "1111010111": 1,
                "1001111000": 1,
                "0000010100": 1,
                "1010111100": 2,
                "0100111000": 1,
                "0010101001": 1,
                "0101111010": 1,
                "1110001001": 1,
                "1111111000": 1,
                "0100100001": 1,
                "1010100100": 2,
                "1110111101": 1,
                "1000010110": 1,
                "0101000110": 1,
                "0101110100": 1,
                "1010110101": 1,
                "1011111010": 1,
                "0011101100": 1,
                "0000001110": 1,
                "0011010010": 1,
                "1010110011": 1,
                "0000000011": 1,
                "0001010100": 1,
                "1111101000": 1,
                "0001110101": 1,
                "1110010101": 1,
                "0011011000": 1,
                "1000011011": 1,
                "0100011111": 1,
                "0011011111": 1,
                "1011010010": 1
            },
            false,
            5.0
        ],
        [
            [
                [
                    8,
                    -10,
                    -4
                ],
                [
                    -7,
                    5,
                    6
                ],
                [
                    -4,
                    -2,
                    -3
                ],
                [
                    1,
                    3,
                    2
                ],
                [
                    -6,
                    -8,
                    3
                ],
                [
                    -7,
                    6,
                    2
                ],
                [
                    10,
                    -6,
                    -2
                ],
                [
                    -4,
                    6,
                    5
                ],
                [
                    7,
                    1,
                    9
                ],
                [
                    -10,
                    -4,
                    -5
                ],
                [
                    -9,
                    10,
                    -1
                ],
                [
                    -8,
                    -9,
                    -5
                ],
                [
                    -9,
                    2,
                    6
                ],
                [
                    7,
                    10,
                    4
                ],
                [
                    -7,
                    -4,
                    6
                ],
                [
                    -9,
                    -5,
                    4
                ],
                [
                    3,
                    10,
                    2
                ],
                [
                    2,
                    5,
                    -8
                ],
                [
                    7,
                    5,
                    -3
                ],
                [
                    -10,
                    -5,
                    1
                ],
                [
                    4,
                    10,
                    1
                ],
                [
                    -5,
                    2,
                    -10
                ],
                [
                    5,
                    -8,
                    1
                ],
                [
                    -7,
                    3,
                    -1
                ],
                [
                    8,
                    -5,
                    6
                ],
                [
                    -5,
                    10,
                    7
                ],
                [
                    -5,
                    6,
                    -9
                ],
                [
                    -6,
                    -7,
                    1
                ],
                [
                    7,
                    -10,
                    -8
                ],
                [
                    4,
                    5,
                    -8
                ],
                [
                    2,
                    1,
                    -5
                ],
                [
                    -10,
                    9,
                    3
                ],
                [
                    1,
                    9,
                    -5
                ],
                [
                    5,
                    2,
                    8
                ],
                [
                    6,
                    3,
                    5
                ],
                [
                    7,
                    -6,
                    2
                ],
                [
                    3,
                    2,
                    5
                ],
                [
                    8,
                    5,
                    3
                ],
                [
                    1,
                    -6,
                    -2
                ],
                [
                    -1,
                    4,
                    -5
                ],
                [
                    9,
                    1,
                    -3
                ],
                [
                    4,
                    -7,
                    5
                ],
                [
                    3,
                    -6,
                    7
                ],
                [
                    -10,
                    -2,
                    1
                ],
                [
                    5,
                    2,
                    -8
                ]
            ],
            "{   'fun': 5.54,\n    'jac': None,\n    'nfev': 105,\n    'nit': 0,\n    'njev': 21,\n    'x': array([1.59969015, 3.10670539, 2.43367616, 0.15758597])}",
            {
                "0000100000": 1,
                "1010100011": 1,
                "0010101111": 1,
                "0010111100": 1,
                "1001000011": 1,
                "0110010011": 1,
                "1111010111": 1,
                "1000001100": 1,
                "0011000000": 1,
                "0100110111": 1,
                "0000011011": 1,
                "0001101010": 1,
                "0000100100": 1,
                "1101011000": 1,
                "1110110111": 1,
                "0010001111": 1,
                "1111001010": 1,
                "0000000000": 1,
                "1110111011": 1,
                "1111100000": 1,
                "0100111011": 1,
                "1101000011": 1,
                "1110000110": 1,
                "1101001111": 1,
                "1000000100": 1,
                "0100000011": 1,
                "1010001011": 1,
                "1101010010": 1,
                "0000011101": 1,
                "0010111111": 1,
                "0101010001": 1,
                "0101111100": 1,
                "1001001001": 1,
                "1110101101": 1,
                "1000011010": 1,
                "0100011001": 1,
                "0111101010": 1,
                "0111111100": 1,
                "1001101110": 1,
                "1110111110": 1,
                "1101100111": 2,
                "1000100010": 1,
                "1110100011": 1,
                "0011100101": 1,
                "0011111110": 1,
                "0101100101": 1,
                "0100010100": 1,
                "1110100010": 1,
                "0000011111": 1,
                "1010100001": 1,
                "1101011111": 1,
                "1100101100": 1,
                "1111110001": 1,
                "0010011011": 1,
                "0110100001": 1,
                "1010010101": 1,
                "1001101100": 1,
                "1110101010": 1,
                "1000100000": 2,
                "1001111001": 1,
                "0010011111": 1,
                "0001110000": 1,
                "1011101010": 1,
                "1000100100": 1,
                "1000101101": 1,
                "0001000011": 1,
                "1100010100": 1,
                "1110011011": 1,
                "0000001010": 1,
                "1010101101": 1,
                "0001011001": 1,
                "1000001111": 1,
                "1011010101": 1,
                "1010001111": 1,
                "0001111101": 1,
                "1110000000": 1,
                "1101111011": 1,
                "1011110011": 1,
                "0101000011": 1,
                "1011100111": 1,
                "0000010111": 1,
                "1101110001": 1,
                "1001101011": 1,
                "1100000100": 1,
                "1101000101": 1,
                "1010101010": 1,
                "0001010000": 1,
                "0001100001": 1,
                "0011100010": 1,
                "1111101001": 1,
                "0001100011": 1,
                "1100010011": 1,
                "0011110010": 1,
                "0010001110": 1,
                "0011010011": 1,
                "1010000101": 1,
                "1000000101": 1,
                "0000001111": 1
            },
            false,
            5.11
        ],
        [
            [
                [
                    -1,
                    2,
                    6
                ],
                [
                    -2,
                    6,
                    -10
                ],
                [
                    -10,
                    9,
                    -6
                ],
                [
                    7,
                    9,
                    4
                ],
                [
                    3,
                    -6,
                    -2
                ],
                [
                    6,
                    -5,
                    -10
                ],
                [
                    5,
                    -10,
                    2
                ],
                [
                    10,
                    7,
                    1
                ],
                [
                    -10,
                    -4,
                    -2
                ],
                [
                    1,
                    -5,
                    -10
                ],
                [
                    -2,
                    -6,
                    -5
                ],
                [
                    9,
                    8,
                    -5
                ],
                [
                    -10,
                    -8,
                    3
                ],
                [
                    3,
                    -6,
                    5
                ],
                [
                    -8,
                    -3,
                    10
                ],
                [
                    6,
                    -2,
                    3
                ],
                [
                    4,
                    -9,
                    -3
                ],
                [
                    -8,
                    5,
                    -2
                ],
                [
                    -10,
                    8,
                    -6
                ],
                [
                    -7,
                    2,
                    3
                ],
                [
                    -4,
                    2,
                    -3
                ],
                [
                    -3,
                    9,
                    -8
                ],
                [
                    -3,
                    -6,
                    10
                ],
                [
                    9,
                    -3,
                    1
                ],
                [
                    -5,
                    -2,
                    1
                ],
                [
                    -1,
                    6,
                    9
                ],
                [
                    2,
                    -3,
                    9
                ],
                [
                    -6,
                    2,
                    -8
                ],
                [
                    -8,
                    7,
                    9
                ],
                [
                    1,
                    9,
                    -6
                ],
                [
                    3,
                    2,
                    6
                ],
                [
                    -10,
                    5,
                    -7
                ],
                [
                    -4,
                    -3,
                    -9
                ],
                [
                    6,
                    -9,
                    -3
                ],
                [
                    3,
                    4,
                    -9
                ],
                [
                    1,
                    9,
                    7
                ],
                [
                    -8,
                    -5,
                    -1
                ],
                [
                    -10,
                    7,
                    -8
                ],
                [
                    -4,
                    1,
                    9
                ],
                [
                    -10,
                    9,
                    3
                ],
                [
                    -9,
                    -4,
                    2
                ],
                [
                    -10,
                    3,
                    5
                ],
                [
                    8,
                    -10,
                    -7
                ],
                [
                    5,
                    -6,
                    8
                ],
                [
                    4,
                    7,
                    -3
                ]
            ],
            "{   'fun': 5.63,\n    'jac': None,\n    'nfev': 140,\n    'nit': 4,\n    'njev': 28,\n    'x': array([0.8454326 , 1.22578814, 2.83200761, 0.82193697])}",
            {
                "1011011111": 1,
                "0010100111": 1,
                "1001110011": 1,
                "1110110111": 1,
                "1001111010": 1,
                "1100010011": 1,
                "1010000101": 1,
                "0000100000": 1,
                "0111011110": 1,
                "1111001110": 2,
                "0111111110": 2,
                "1001000111": 1,
                "1110110001": 1,
                "0010001111": 1,
                "1010111101": 1,
                "0011000110": 1,
                "0011001010": 1,
                "0000101100": 1,
                "1100011101": 1,
                "1100000101": 1,
                "0111101110": 1,
                "0001111010": 2,
                "1111000000": 1,
                "1101111111": 1,
                "1000001000": 1,
                "1000010011": 1,
                "1000110010": 1,
                "1101111010": 1,
                "0010111101": 1,
                "0000100001": 1,
                "0001010010": 1,
                "0101110001": 1,
                "0110101100": 1,
                "1110001101": 3,
                "1001111100": 1,
                "0101100001": 1,
                "0011010000": 1,
                "1001110000": 1,
                "1110100001": 1,
                "1110010111": 1,
                "0110110000": 2,
                "1011000110": 1,
                "1100010010": 1,
                "0111000001": 1,
                "0010011000": 1,
                "1111011101": 1,
                "0001011111": 1,
                "1010110100": 1,
                "1010100111": 1,
                "0100101000": 1,
                "0001001011": 2,
                "1101001100": 2,
                "0100101001": 1,
                "0110010000": 1,
                "1001011011": 1,
                "1000100001": 1,
                "1001011110": 2,
                "1010100101": 1,
                "0010010101": 1,
                "0100110101": 1,
                "0100000001": 1,
                "1011111101": 1,
                "1000011011": 1,
                "1110010101": 1,
                "0110011010": 1,
                "1010110101": 1,
                "1110011000": 1,
                "0100111101": 1,
                "0010011011": 1,
                "0111011010": 1,
                "1110100111": 1,
                "0100001111": 1,
                "0100101100": 1,
                "0010000010": 1,
                "1111000010": 1,
                "1100111111": 1,
                "0111010010": 1,
                "1011100110": 1,
                "1001101011": 1,
                "0101000100": 2,
                "1010111001": 1,
                "1100010110": 1,
                "1010001000": 2,
                "0001111011": 1,
                "1101111101": 1,
                "0011110111": 1,
                "1111100111": 1,
                "1111101111": 2
            },
            false,
            4.82
        ],
        [
            [
                [
                    10,
                    -3,
                    -8
                ],
                [
                    2,
                    -6,
                    5
                ],
                [
                    -10,
                    -6,
                    -5
                ],
                [
                    3,
                    -4,
                    5
                ],
                [
                    4,
                    -3,
                    -1
                ],
                [
                    -10,
                    -2,
                    -8
                ],
                [
                    -6,
                    -8,
                    -5
                ],
                [
                    5,
                    -9,
                    7
                ],
                [
                    -7,
                    5,
                    -4
                ],
                [
                    10,
                    -2,
                    -7
                ],
                [
                    8,
                    9,
                    -7
                ],
                [
                    2,
                    -6,
                    -9
                ],
                [
                    5,
                    4,
                    -2
                ],
                [
                    9,
                    -10,
                    2
                ],
                [
                    -5,
                    -7,
                    3
                ],
                [
                    5,
                    3,
                    4
                ],
                [
                    -1,
                    7,
                    8
                ],
                [
                    6,
                    -8,
                    3
                ],
                [
                    -6,
                    -3,
                    -5
                ],
                [
                    -9,
                    -5,
                    -8
                ],
                [
                    8,
                    -2,
                    -5
                ],
                [
                    3,
                    10,
                    5
                ],
                [
                    -3,
                    9,
                    6
                ],
                [
                    -1,
                    -6,
                    2
                ],
                [
                    6,
                    -9,
                    10
                ],
                [
                    5,
                    4,
                    6
                ],
                [
                    -5,
                    -3,
                    -6
                ],
                [
                    7,
                    -6,
                    1
                ],
                [
                    -8,
                    6,
                    7
                ],
                [
                    7,
                    -1,
                    -8
                ],
                [
                    -3,
                    -2,
                    4
                ],
                [
                    -10,
                    -8,
                    -2
                ],
                [
                    1,
                    -3,
                    9
                ],
                [
                    4,
                    10,
                    1
                ],
                [
                    -2,
                    4,
                    -1
                ],
                [
                    -4,
                    -9,
                    1
                ],
                [
                    8,
                    1,
                    6
                ],
                [
                    -4,
                    3,
                    6
                ],
                [
                    10,
                    -6,
                    -7
                ],
                [
                    -8,
                    6,
                    7
                ],
                [
                    7,
                    10,
                    -2
                ],
                [
                    3,
                    -1,
                    2
                ],
                [
                    -7,
                    -6,
                    -9
                ],
                [
                    1,
                    2,
                    10
                ],
                [
                    -5,
                    -8,
                    10
                ]
            ],
            "{   'fun': 5.39,\n    'jac': None,\n    'nfev': 130,\n    'nit': 3,\n    'njev': 26,\n    'x': array([1.15175694, 2.80327596, 0.40026544, 2.63297955])}",
            {
                "1010100110": 1,
                "0100110101": 1,
                "0100111100": 1,
                "1111011011": 1,
                "0110011110": 1,
                "1100010110": 1,
                "1101101010": 1,
                "0000100000": 1,
                "1111010000": 1,
                "0110110010": 1,
                "1110000110": 1,
                "1011001111": 1,
                "1110011110": 1,
                "0101111100": 1,
                "1000111000": 1,
                "1000111111": 3,
                "0101111111": 1,
                "1000011101": 1,
                "1111001101": 1,
                "0111010111": 2,
                "1010101011": 2,
                "0000110110": 1,
                "0000100011": 2,
                "1010011110": 2,
                "0111001101": 1,
                "0110101010": 1,
                "1010000100": 1,
                "1101110010": 1,
                "1011110000": 1,
                "1000100101": 2,
                "0101110011": 1,
                "0000101100": 1,
                "0000001111": 1,
                "0001110100": 1,
                "1111000011": 1,
                "0000010010": 1,
                "0100010101": 1,
                "1101100110": 1,
                "1110010111": 1,
                "1011010110": 4,
                "1110101010": 1,
                "0000000100": 1,
                "0011011101": 1,
                "1100101000": 1,
                "1111011000": 2,
                "1111011101": 2,
                "0100110100": 2,
                "0100001111": 1,
                "0010100110": 1,
                "1000010001": 1,
                "1010011010": 1,
                "0101101111": 1,
                "0010000100": 1,
                "1011101101": 1,
                "0010010000": 1,
                "1000110110": 1,
                "0101110000": 2,
                "0010101100": 1,
                "1100110010": 1,
                "1001010101": 1,
                "1101011100": 1,
                "1011010010": 1,
                "0100111010": 1,
                "0111000010": 1,
                "0001011100": 2,
                "0100110001": 1,
                "0110011111": 2,
                "0011101101": 1,
                "1110000101": 1,
                "0111101111": 1,
                "1100110110": 1,
                "1111010011": 1,
                "1101101111": 1,
                "1101110100": 1,
                "0100010000": 1,
                "0000010100": 1,
                "0100110010": 1,
                "1111101100": 1,
                "1100100110": 1,
                "0000101110": 2,
                "0100110011": 2,
                "0110111101": 1
            },
            false,
            4.86
        ],
        [
            [
                [
                    -3,
                    5,
                    8
                ],
                [
                    5,
                    4,
                    1
                ],
                [
                    -1,
                    2,
                    4
                ],
                [
                    10,
                    -7,
                    2
                ],
                [
                    -10,
                    -8,
                    -5
                ],
                [
                    -8,
                    7,
                    5
                ],
                [
                    2,
                    4,
                    10
                ],
                [
                    1,
                    8,
                    2
                ],
                [
                    -7,
                    5,
                    -10
                ],
                [
                    -10,
                    3,
                    -2
                ],
                [
                    -1,
                    -8,
                    -7
                ],
                [
                    -3,
                    -5,
                    -1
                ],
                [
                    8,
                    3,
                    9
                ],
                [
                    4,
                    8,
                    2
                ],
                [
                    9,
                    6,
                    -3
                ],
                [
                    8,
                    2,
                    1
                ],
                [
                    -4,
                    5,
                    1
                ],
                [
                    -2,
                    -4,
                    6
                ],
                [
                    -2,
                    4,
                    9
                ],
                [
                    -6,
                    8,
                    10
                ],
                [
                    -5,
                    6,
                    -9
                ],
                [
                    8,
                    -5,
                    3
                ],
                [
                    4,
                    -9,
                    -3
                ],
                [
                    6,
                    -2,
                    -7
                ],
                [
                    3,
                    -8,
                    9
                ],
                [
                    -10,
                    6,
                    4
                ],
                [
                    -1,
                    -3,
                    4
                ],
                [
                    10,
                    6,
                    8
                ],
                [
                    8,
                    -4,
                    -1
                ],
                [
                    -10,
                    5,
                    8
                ],
                [
                    3,
                    1,
                    10
                ],
                [
                    8,
                    7,
                    -1
                ],
                [
                    -6,
                    10,
                    -8
                ],
                [
                    -4,
                    3,
                    8
                ],
                [
                    -8,
                    1,
                    4
                ],
                [
                    2,
                    -9,
                    -1
                ],
                [
                    3,
                    -4,
                    -7
                ],
                [
                    -6,
                    10,
                    1
                ],
                [
                    2,
                    -6,
                    4
                ],
                [
                    -10,
                    6,
                    4
                ],
                [
                    -2,
                    3,
                    -9
                ],
                [
                    10,
                    -4,
                    -6
                ],
                [
                    3,
                    -8,
                    6
                ],
                [
                    4,
                    -9,
                    10
                ],
                [
                    -9,
                    -5,
                    -8
                ]
            ],
            "{   'fun': 7.72,\n    'jac': None,\n    'nfev': 110,\n    'nit': 3,\n    'njev': 22,\n    'x': array([0.99423059, 0.54689287, 0.10931681, 0.87118984])}",
            {
                "0001010000": 1,
                "0110111111": 1,
                "1010101111": 1,
                "0110001110": 1,
                "1011000100": 1,
                "1111111001": 1,
                "0111001000": 1,
                "0100101001": 1,
                "1101011110": 1,
                "1011101101": 1,
                "0000111001": 1,
                "1101001111": 1,
                "1010001100": 1,
                "1110011111": 1,
                "0001010110": 1,
                "0011010100": 1,
                "1111110000": 2,
                "1000011110": 1,
                "0111010110": 1,
                "1001011110": 1,
                "1110111111": 2,
                "0011010001": 1,
                "0011111100": 2,
                "1110001101": 1,
                "0110010100": 1,
                "0111111111": 2,
                "0011011011": 1,
                "1011111101": 1,
                "1110100000": 1,
                "0101001101": 1,
                "1110000000": 1,
                "0001111101": 1,
                "1011101110": 1,
                "1101110010": 1,
                "0000110011": 1,
                "0000001000": 1,
                "0111001001": 3,
                "1010011110": 2,
                "0000110010": 1,
                "0000111101": 1,
                "1011011010": 1,
                "1000001111": 2,
                "1110101001": 1,
                "0100011110": 1,
                "1110000011": 1,
                "1101110000": 2,
                "1001000101": 1,
                "0000110111": 1,
                "0001110100": 1,
                "1110010101": 1,
                "1110111101": 2,
                "1100111111": 1,
                "0011010110": 1,
                "1011111100": 1,
                "1101011010": 1,
                "1111001110": 1,
                "0011011110": 1,
                "1101111111": 1,
                "0011000101": 1,
                "0100111100": 1,
                "0110110001": 1,
                "1100111000": 1,
                "0010110000": 1,
                "0001000011": 1,
                "1010100110": 1,
                "0111111101": 1,
                "1011010101": 1,
                "0110101001": 1,
                "0011100101": 1,
                "1101011111": 3,
                "0011000011": 1,
                "0111101111": 1,
                "1110000101": 1,
                "1111111000": 2,
                "1110110111": 1,
                "1101001101": 1,
                "1001010110": 1,
                "1010000101": 1,
                "1010010100": 1,
                "1001011101": 1,
                "0110000101": 1,
                "0111110111": 3,
                "1111111111": 1,
                "0001111000": 1,
                "0011111111": 1
            },
            false,
            4.71
        ]
    ]
}