{
    "n": 10,
    "m": 45,
    "results": [
        [
            [
                [
                    3,
                    -1,
                    -9
                ],
                [
                    1,
                    2,
                    -6
                ],
                [
                    6,
                    -1,
                    -2
                ],
                [
                    2,
                    -9,
                    -1
                ],
                [
                    6,
                    2,
                    -7
                ],
                [
                    -2,
                    1,
                    -7
                ],
                [
                    10,
                    8,
                    7
                ],
                [
                    4,
                    5,
                    -8
                ],
                [
                    -9,
                    -6,
                    -8
                ],
                [
                    6,
                    2,
                    -8
                ],
                [
                    -7,
                    -4,
                    2
                ],
                [
                    -8,
                    -5,
                    -10
                ],
                [
                    -2,
                    -1,
                    -3
                ],
                [
                    6,
                    2,
                    -7
                ],
                [
                    -6,
                    1,
                    -7
                ],
                [
                    -2,
                    -3,
                    4
                ],
                [
                    7,
                    6,
                    5
                ],
                [
                    3,
                    -9,
                    6
                ],
                [
                    1,
                    -3,
                    -2
                ],
                [
                    -7,
                    2,
                    -10
                ],
                [
                    -4,
                    -8,
                    9
                ],
                [
                    7,
                    6,
                    -3
                ],
                [
                    8,
                    2,
                    -5
                ],
                [
                    9,
                    -7,
                    -6
                ],
                [
                    -6,
                    -2,
                    -3
                ],
                [
                    -7,
                    1,
                    10
                ],
                [
                    -6,
                    4,
                    2
                ],
                [
                    5,
                    3,
                    -6
                ],
                [
                    -9,
                    -6,
                    3
                ],
                [
                    -8,
                    -4,
                    -6
                ],
                [
                    10,
                    -7,
                    -4
                ],
                [
                    -3,
                    -6,
                    2
                ],
                [
                    -9,
                    10,
                    4
                ],
                [
                    -3,
                    -2,
                    -9
                ],
                [
                    9,
                    3,
                    1
                ],
                [
                    -2,
                    -6,
                    -5
                ],
                [
                    3,
                    -4,
                    -2
                ],
                [
                    -8,
                    -3,
                    6
                ],
                [
                    -10,
                    4,
                    -1
                ],
                [
                    -2,
                    1,
                    -8
                ],
                [
                    2,
                    -1,
                    9
                ],
                [
                    5,
                    -1,
                    10
                ],
                [
                    -8,
                    10,
                    -6
                ],
                [
                    -1,
                    4,
                    5
                ],
                [
                    -9,
                    -1,
                    3
                ]
            ],
            "{   'fun': 5.55,\n    'jac': None,\n    'nfev': 90,\n    'nit': 1,\n    'njev': 18,\n    'x': array([1.56829107, 2.70425669, 1.11248943, 2.23230637])}",
            {
                "1001100101": 1,
                "0101110100": 1,
                "0000110101": 1,
                "0111000011": 1,
                "0000000111": 1,
                "0110100011": 1,
                "1010101001": 1,
                "1111100011": 1,
                "0110001001": 1,
                "1001111011": 1,
                "0100111110": 2,
                "1001100110": 1,
                "1101000100": 1,
                "0010100011": 1,
                "1011000101": 1,
                "0001000001": 1,
                "1100010010": 1,
                "0110110100": 1,
                "0010001000": 1,
                "0011011100": 1,
                "1001101011": 1,
                "0000011110": 1,
                "0100110100": 1,
                "1101010011": 1,
                "0000111111": 1,
                "1011000011": 1,
                "1110100110": 1,
                "0110100101": 2,
                "0000101000": 1,
                "1100101001": 1,
                "0101110111": 1,
                "0110010110": 1,
                "0111110010": 2,
                "0000001000": 1,
                "1101101100": 2,
                "1101000011": 1,
                "1000101001": 1,
                "1100000110": 1,
                "0010000100": 1,
                "0011100101": 1,
                "1111011110": 1,
                "1110011001": 2,
                "1100011100": 1,
                "0000101100": 2,
                "1111001101": 1,
                "1011111101": 3,
                "1111101011": 1,
                "0100101010": 1,
                "1011001100": 1,
                "0001000101": 1,
                "1111101000": 1,
                "0001010100": 1,
                "0100100001": 1,
                "0100110010": 1,
                "0000110100": 2,
                "1011010000": 1,
                "1010011001": 1,
                "0011111001": 1,
                "0101100001": 1,
                "1111100000": 1,
                "0010101001": 2,
                "1010000000": 1,
                "1001010100": 1,
                "1011111010": 1,
                "1001110000": 1,
                "0010011101": 1,
                "0101011110": 1,
                "1101110011": 1,
                "0011001001": 1,
                "1111111111": 1,
                "0000100110": 1,
                "1100101100": 1,
                "0110101100": 1,
                "1010011011": 1,
                "1000000101": 1,
                "1000111100": 1,
                "0001001110": 1,
                "0010110010": 1,
                "1100110000": 1,
                "0110110101": 1,
                "0111010001": 2,
                "0100000100": 1,
                "0110010111": 2,
                "0001100000": 1,
                "1001001010": 1,
                "1011010001": 1,
                "0010111001": 1,
                "1111011100": 1
            },
            false,
            4.93
        ],
        [
            [
                [
                    -6,
                    4,
                    -9
                ],
                [
                    10,
                    9,
                    -5
                ],
                [
                    1,
                    3,
                    -6
                ],
                [
                    -6,
                    3,
                    -8
                ],
                [
                    1,
                    -9,
                    8
                ],
                [
                    -7,
                    -1,
                    -9
                ],
                [
                    -10,
                    -4,
                    5
                ],
                [
                    6,
                    5,
                    10
                ],
                [
                    7,
                    1,
                    -10
                ],
                [
                    -9,
                    7,
                    -2
                ],
                [
                    -1,
                    5,
                    6
                ],
                [
                    10,
                    2,
                    6
                ],
                [
                    8,
                    -3,
                    9
                ],
                [
                    -7,
                    -9,
                    -1
                ],
                [
                    -9,
                    -7,
                    -2
                ],
                [
                    -4,
                    -9,
                    -3
                ],
                [
                    -9,
                    10,
                    7
                ],
                [
                    -9,
                    -4,
                    -7
                ],
                [
                    5,
                    -9,
                    -1
                ],
                [
                    -8,
                    -5,
                    -7
                ],
                [
                    -3,
                    9,
                    -6
                ],
                [
                    1,
                    8,
                    -9
                ],
                [
                    -2,
                    8,
                    4
                ],
                [
                    -1,
                    7,
                    3
                ],
                [
                    7,
                    -8,
                    -6
                ],
                [
                    -9,
                    -5,
                    10
                ],
                [
                    2,
                    -7,
                    -10
                ],
                [
                    10,
                    -8,
                    5
                ],
                [
                    -3,
                    -10,
                    2
                ],
                [
                    6,
                    -4,
                    5
                ],
                [
                    8,
                    -7,
                    5
                ],
                [
                    4,
                    -5,
                    3
                ],
                [
                    -5,
                    9,
                    1
                ],
                [
                    1,
                    5,
                    -8
                ],
                [
                    1,
                    -10,
                    -4
                ],
                [
                    -10,
                    -7,
                    2
                ],
                [
                    1,
                    2,
                    -5
                ],
                [
                    -8,
                    10,
                    3
                ],
                [
                    5,
                    10,
                    -9
                ],
                [
                    -1,
                    4,
                    -6
                ],
                [
                    1,
                    -3,
                    9
                ],
                [
                    -1,
                    -6,
                    -7
                ],
                [
                    4,
                    -9,
                    -7
                ],
                [
                    4,
                    6,
                    -1
                ],
                [
                    -8,
                    -4,
                    6
                ]
            ],
            "{   'fun': 5.82,\n    'jac': None,\n    'nfev': 100,\n    'nit': 1,\n    'njev': 20,\n    'x': array([1.59969002, 3.10670524, 2.43367592, 0.1575858 ])}",
            {
                "1010100010": 1,
                "1100100110": 1,
                "0111111001": 1,
                "1010010100": 1,
                "1100110000": 1,
                "1011111011": 1,
                "0111110010": 1,
                "1111111010": 1,
                "1011010111": 1,
                "0001010011": 1,
                "1101101101": 1,
                "1101110110": 2,
                "0001101101": 1,
                "0101110100": 1,
                "1000110001": 1,
                "1001110111": 1,
                "1111111011": 1,
                "1110011001": 1,
                "0101111000": 1,
                "1100010101": 1,
                "0011101010": 1,
                "0101101100": 1,
                "1100011000": 1,
                "1001110110": 2,
                "1000001000": 1,
                "1000101000": 2,
                "0000001010": 2,
                "0000000110": 1,
                "1111010000": 1,
                "1000010110": 1,
                "0000110001": 1,
                "1101100011": 1,
                "0101011010": 1,
                "0110101001": 2,
                "1010100100": 1,
                "0000101000": 1,
                "0100001100": 2,
                "1000011000": 2,
                "0001110010": 1,
                "1010001101": 1,
                "0110110010": 1,
                "0111101011": 1,
                "0100000001": 1,
                "0011101110": 2,
                "0111000111": 1,
                "0000000111": 1,
                "1001001000": 2,
                "1101001010": 1,
                "0001100111": 1,
                "1101010010": 1,
                "1110001000": 1,
                "1111001011": 1,
                "1000011011": 1,
                "1110010101": 1,
                "1001010010": 1,
                "1111001101": 1,
                "1000101011": 1,
                "0100001000": 1,
                "1100000000": 1,
                "1000000110": 1,
                "0100001001": 1,
                "1001110011": 1,
                "1001110101": 3,
                "0001111010": 1,
                "0111111110": 1,
                "0010101110": 1,
                "0001000101": 1,
                "1110100010": 1,
                "0111000010": 1,
                "0111111111": 2,
                "0101111001": 1,
                "0000100100": 1,
                "1110000001": 1,
                "0001010001": 1,
                "0011101011": 1,
                "1011011111": 1,
                "0011101100": 1,
                "1010001010": 1,
                "1010001111": 2,
                "0011111101": 1,
                "1111001100": 1,
                "1100111000": 1,
                "1101110111": 1,
                "0010010000": 1,
                "0100111111": 1,
                "1000000001": 1,
                "0100111100": 1
            },
            false,
            5.1
        ],
        [
            [
                [
                    6,
                    9,
                    -3
                ],
                [
                    10,
                    -2,
                    8
                ],
                [
                    -8,
                    6,
                    -5
                ],
                [
                    4,
                    7,
                    -9
                ],
                [
                    3,
                    -10,
                    7
                ],
                [
                    6,
                    10,
                    -1
                ],
                [
                    5,
                    1,
                    8
                ],
                [
                    7,
                    -1,
                    -9
                ],
                [
                    -4,
                    8,
                    -3
                ],
                [
                    5,
                    7,
                    -8
                ],
                [
                    3,
                    -8,
                    6
                ],
                [
                    6,
                    2,
                    -9
                ],
                [
                    -6,
                    2,
                    -5
                ],
                [
                    -5,
                    8,
                    7
                ],
                [
                    4,
                    -9,
                    8
                ],
                [
                    -6,
                    -10,
                    -5
                ],
                [
                    7,
                    4,
                    1
                ],
                [
                    7,
                    5,
                    1
                ],
                [
                    -2,
                    10,
                    9
                ],
                [
                    -9,
                    10,
                    2
                ],
                [
                    -6,
                    -4,
                    -5
                ],
                [
                    -6,
                    -2,
                    -10
                ],
                [
                    9,
                    6,
                    -3
                ],
                [
                    -10,
                    6,
                    4
                ],
                [
                    9,
                    4,
                    5
                ],
                [
                    -10,
                    2,
                    -8
                ],
                [
                    3,
                    -9,
                    7
                ],
                [
                    8,
                    2,
                    7
                ],
                [
                    7,
                    1,
                    2
                ],
                [
                    5,
                    -3,
                    -9
                ],
                [
                    8,
                    5,
                    3
                ],
                [
                    10,
                    3,
                    9
                ],
                [
                    8,
                    9,
                    10
                ],
                [
                    -3,
                    -7,
                    -2
                ],
                [
                    -3,
                    -8,
                    -7
                ],
                [
                    -6,
                    -7,
                    -2
                ],
                [
                    -5,
                    10,
                    -2
                ],
                [
                    2,
                    4,
                    -9
                ],
                [
                    3,
                    -6,
                    -7
                ],
                [
                    -3,
                    -4,
                    8
                ],
                [
                    -1,
                    4,
                    10
                ],
                [
                    -6,
                    -9,
                    10
                ],
                [
                    4,
                    2,
                    -1
                ],
                [
                    -7,
                    -2,
                    -1
                ],
                [
                    7,
                    9,
                    2
                ]
            ],
            "{   'fun': 5.61,\n    'jac': None,\n    'nfev': 140,\n    'nit': 3,\n    'njev': 28,\n    'x': array([0.84543102, 1.22578639, 2.83200681, 0.82193392])}",
            {
                "1110011011": 1,
                "0100001100": 1,
                "1001011010": 1,
                "1000010100": 1,
                "0110010100": 1,
                "1111110111": 1,
                "0100111011": 1,
                "0100110110": 1,
                "1111111101": 1,
                "1100111101": 1,
                "1010101100": 1,
                "1110011010": 1,
                "0101010110": 1,
                "0101000101": 1,
                "1101110100": 1,
                "0110011000": 1,
                "0000001000": 1,
                "0101101000": 1,
                "1011011111": 2,
                "1010011000": 1,
                "0011001000": 1,
                "0101111000": 1,
                "1100111110": 1,
                "0000011101": 1,
                "1110011100": 1,
                "0110111001": 1,
                "0110110110": 2,
                "0110000111": 1,
                "1110110001": 1,
                "0000110010": 1,
                "1110001101": 1,
                "0010000110": 1,
                "1001001001": 1,
                "1111110100": 1,
                "1010011011": 1,
                "1001010011": 1,
                "1101101011": 1,
                "0010101100": 1,
                "0000100110": 1,
                "1101001010": 1,
                "0001010110": 1,
                "1110001111": 1,
                "1000101001": 1,
                "0111010110": 1,
                "0001100001": 1,
                "0110100110": 1,
                "0001101010": 1,
                "0000011011": 1,
                "1000111001": 1,
                "1001110110": 1,
                "0101010111": 1,
                "0000110001": 1,
                "1110100000": 1,
                "1000111100": 1,
                "0010100100": 2,
                "0010111101": 1,
                "0111101100": 2,
                "0010010000": 1,
                "1101110111": 1,
                "0101011001": 1,
                "1111110000": 1,
                "1100001001": 1,
                "1111011111": 2,
                "0010110111": 1,
                "0010010110": 1,
                "1111011010": 1,
                "1010010111": 2,
                "1100000100": 1,
                "0111010010": 1,
                "1001010100": 1,
                "0000001101": 1,
                "0101011100": 1,
                "0000110000": 1,
                "0011111001": 1,
                "1000000001": 1,
                "0010001011": 2,
                "0010111000": 1,
                "1010001001": 1,
                "0000101100": 2,
                "1111011100": 1,
                "1000011011": 2,
                "0001110111": 1,
                "0000101011": 1,
                "1100100000": 2,
                "0011010100": 1,
                "1101000110": 1,
                "0110110011": 1,
                "0001111111": 1,
                "0111001100": 1,
                "1110101000": 1
            },
            false,
            4.98
        ],
        [
            [
                [
                    -9,
                    -10,
                    -6
                ],
                [
                    -10,
                    -3,
                    9
                ],
                [
                    -8,
                    -9,
                    -6
                ],
                [
                    8,
                    1,
                    3
                ],
                [
                    -5,
                    -4,
                    6
                ],
                [
                    -4,
                    3,
                    7
                ],
                [
                    10,
                    1,
                    -3
                ],
                [
                    7,
                    -6,
                    -3
                ],
                [
                    6,
                    -4,
                    -10
                ],
                [
                    10,
                    2,
                    3
                ],
                [
                    -1,
                    -4,
                    -8
                ],
                [
                    5,
                    1,
                    7
                ],
                [
                    5,
                    -1,
                    -8
                ],
                [
                    10,
                    2,
                    1
                ],
                [
                    -5,
                    -8,
                    -6
                ],
                [
                    -5,
                    -1,
                    6
                ],
                [
                    9,
                    -10,
                    4
                ],
                [
                    1,
                    -6,
                    -9
                ],
                [
                    -3,
                    4,
                    -5
                ],
                [
                    -7,
                    3,
                    9
                ],
                [
                    8,
                    -1,
                    -5
                ],
                [
                    -6,
                    -5,
                    -9
                ],
                [
                    7,
                    5,
                    10
                ],
                [
                    8,
                    2,
                    5
                ],
                [
                    8,
                    6,
                    -9
                ],
                [
                    1,
                    6,
                    -7
                ],
                [
                    9,
                    -10,
                    1
                ],
                [
                    -1,
                    -9,
                    -7
                ],
                [
                    3,
                    8,
                    6
                ],
                [
                    -7,
                    -6,
                    8
                ],
                [
                    8,
                    5,
                    2
                ],
                [
                    -2,
                    7,
                    5
                ],
                [
                    1,
                    -5,
                    -3
                ],
                [
                    7,
                    5,
                    3
                ],
                [
                    2,
                    4,
                    -3
                ],
                [
                    4,
                    8,
                    6
                ],
                [
                    -1,
                    2,
                    -7
                ],
                [
                    -10,
                    4,
                    -5
                ],
                [
                    -10,
                    9,
                    6
                ],
                [
                    2,
                    -6,
                    -4
                ],
                [
                    -10,
                    -1,
                    9
                ],
                [
                    8,
                    7,
                    9
                ],
                [
                    1,
                    -10,
                    -3
                ],
                [
                    6,
                    3,
                    -10
                ],
                [
                    3,
                    4,
                    -9
                ]
            ],
            "{   'fun': 5.57,\n    'jac': None,\n    'nfev': 110,\n    'nit': 4,\n    'njev': 22,\n    'x': array([1.15175726, 2.803275  , 0.40026477, 2.63298106])}",
            {
                "1001001111": 1,
                "0000011011": 1,
                "1010111111": 1,
                "0001111111": 1,
                "1111110001": 1,
                "0100001011": 1,
                "1101100111": 1,
                "0011100001": 1,
                "0000100011": 1,
                "0011010000": 1,
                "1001010011": 1,
                "0001100101": 1,
                "1010001100": 2,
                "0011000111": 1,
                "1001110110": 1,
                "0010100001": 1,
                "1001100110": 1,
                "0001100010": 1,
                "1100011111": 1,
                "0101011001": 1,
                "0001011100": 1,
                "0000100100": 1,
                "0001001111": 1,
                "0010010001": 1,
                "0011011101": 1,
                "1101010011": 1,
                "0001110001": 1,
                "0011100111": 2,
                "0000011001": 1,
                "1101011001": 1,
                "1010111011": 1,
                "1010111101": 1,
                "1111111010": 1,
                "0001101100": 1,
                "1000100011": 1,
                "0000101011": 1,
                "1111010010": 1,
                "0000111111": 1,
                "0111101110": 1,
                "1001110001": 1,
                "1000010111": 1,
                "1011001011": 1,
                "0010000010": 1,
                "0100011011": 1,
                "0100010011": 1,
                "0110110011": 1,
                "1100010101": 1,
                "1000010011": 1,
                "1000110010": 1,
                "1000110001": 1,
                "0001110011": 1,
                "1001000011": 1,
                "1001100101": 1,
                "1010110011": 1,
                "1100010000": 1,
                "0000001111": 1,
                "0000110100": 2,
                "0011111100": 1,
                "1100111001": 1,
                "1111011001": 1,
                "1010111000": 1,
                "0011001001": 1,
                "0000100000": 1,
                "0011001100": 2,
                "0000110101": 1,
                "0000010011": 1,
                "1101000011": 1,
                "0110111100": 1,
                "1010100101": 2,
                "1010101110": 1,
                "0010100011": 3,
                "0011010001": 1,
                "0000000110": 1,
                "1100101100": 1,
                "0011001111": 2,
                "0110111011": 1,
                "0001100011": 1,
                "0100000011": 1,
                "1111000111": 1,
                "1110001110": 1,
                "0111001000": 1,
                "1011011000": 1,
                "1010001011": 1,
                "1110001111": 1,
                "0111000001": 1,
                "0011000001": 1,
                "0111010011": 1,
                "1000101111": 1,
                "0100101011": 1,
                "1110100000": 1,
                "0101001001": 1,
                "0000001101": 1
            },
            false,
            4.95
        ],
        [
            [
                [
                    3,
                    -1,
                    -8
                ],
                [
                    2,
                    10,
                    -9
                ],
                [
                    -7,
                    -4,
                    -10
                ],
                [
                    -8,
                    -4,
                    7
                ],
                [
                    -4,
                    10,
                    -5
                ],
                [
                    6,
                    10,
                    -7
                ],
                [
                    -10,
                    -9,
                    6
                ],
                [
                    -10,
                    -3,
                    2
                ],
                [
                    -6,
                    -5,
                    8
                ],
                [
                    2,
                    8,
                    4
                ],
                [
                    -9,
                    -10,
                    5
                ],
                [
                    9,
                    -8,
                    -1
                ],
                [
                    -9,
                    -3,
                    8
                ],
                [
                    8,
                    -9,
                    -1
                ],
                [
                    7,
                    -10,
                    4
                ],
                [
                    1,
                    -7,
                    3
                ],
                [
                    2,
                    6,
                    -10
                ],
                [
                    9,
                    8,
                    -5
                ],
                [
                    -6,
                    7,
                    -3
                ],
                [
                    4,
                    8,
                    1
                ],
                [
                    -7,
                    -5,
                    9
                ],
                [
                    4,
                    -7,
                    -6
                ],
                [
                    8,
                    5,
                    4
                ],
                [
                    -7,
                    -5,
                    1
                ],
                [
                    9,
                    -2,
                    -8
                ],
                [
                    -1,
                    -5,
                    -6
                ],
                [
                    -10,
                    -2,
                    -5
                ],
                [
                    1,
                    7,
                    6
                ],
                [
                    4,
                    -8,
                    -10
                ],
                [
                    -9,
                    -8,
                    -3
                ],
                [
                    -8,
                    4,
                    -7
                ],
                [
                    -7,
                    -1,
                    8
                ],
                [
                    4,
                    -9,
                    7
                ],
                [
                    -4,
                    -7,
                    -10
                ],
                [
                    -3,
                    -10,
                    7
                ],
                [
                    -7,
                    2,
                    6
                ],
                [
                    2,
                    -5,
                    3
                ],
                [
                    4,
                    3,
                    7
                ],
                [
                    10,
                    -9,
                    -4
                ],
                [
                    7,
                    3,
                    9
                ],
                [
                    6,
                    2,
                    5
                ],
                [
                    6,
                    -5,
                    4
                ],
                [
                    1,
                    7,
                    8
                ],
                [
                    -2,
                    6,
                    -8
                ],
                [
                    10,
                    -6,
                    5
                ]
            ],
            "{   'fun': 7.37,\n    'jac': None,\n    'nfev': 165,\n    'nit': 5,\n    'njev': 33,\n    'x': array([0.99423148, 0.54689265, 0.10931708, 0.87118917])}",
            {
                "1011000000": 1,
                "0101011010": 1,
                "0110001001": 1,
                "1101000000": 1,
                "1100000100": 1,
                "0010010110": 1,
                "1100011101": 1,
                "1110010100": 1,
                "0100011010": 1,
                "0110011100": 1,
                "1110001100": 1,
                "0110111101": 1,
                "1011100010": 1,
                "0111111011": 1,
                "0011110111": 1,
                "1100011011": 1,
                "0010010111": 1,
                "1110001001": 1,
                "0001001001": 1,
                "1111111000": 2,
                "0111110100": 1,
                "0011110100": 1,
                "0110000111": 1,
                "1101100010": 3,
                "1111100010": 3,
                "0001111100": 1,
                "0111001100": 1,
                "1100001010": 4,
                "1101001010": 1,
                "1011110100": 1,
                "1101000100": 1,
                "0110011111": 1,
                "1111101110": 1,
                "1001110110": 1,
                "1011110110": 1,
                "1101010110": 1,
                "0100111110": 1,
                "1101110011": 1,
                "0101000000": 1,
                "0101011110": 2,
                "0100010011": 1,
                "0011110110": 1,
                "1010111110": 1,
                "0101010000": 1,
                "1010000101": 1,
                "0010010000": 1,
                "1101011110": 1,
                "0000011110": 1,
                "1111011001": 1,
                "1001010100": 1,
                "0101010100": 1,
                "0101011001": 1,
                "0001011111": 1,
                "1110101110": 2,
                "1011010000": 1,
                "1001110010": 1,
                "1110100110": 1,
                "0000110010": 1,
                "1111000100": 1,
                "1111000000": 1,
                "0001001000": 1,
                "0100101010": 1,
                "0110101010": 1,
                "0011000000": 1,
                "0011010110": 2,
                "0101010110": 1,
                "1001011111": 1,
                "1100110110": 1,
                "0111001000": 1,
                "0111010110": 1,
                "1110011100": 1,
                "1110000001": 1,
                "0111011100": 1,
                "0001110001": 1,
                "1011001101": 2,
                "0101000011": 2,
                "1110001000": 1,
                "0001011100": 1,
                "0011011100": 7,
                "0111111000": 1,
                "0010001000": 1
            },
            false,
            3.78
        ]
    ]
}