{
    "n": 10,
    "m": 45,
    "results": [
        [
            [
                [
                    8,
                    -1,
                    9
                ],
                [
                    10,
                    3,
                    6
                ],
                [
                    -10,
                    -8,
                    -4
                ],
                [
                    -7,
                    -9,
                    3
                ],
                [
                    5,
                    -9,
                    10
                ],
                [
                    1,
                    8,
                    2
                ],
                [
                    6,
                    8,
                    1
                ],
                [
                    2,
                    -5,
                    -8
                ],
                [
                    4,
                    1,
                    -3
                ],
                [
                    6,
                    9,
                    7
                ],
                [
                    6,
                    -10,
                    7
                ],
                [
                    3,
                    2,
                    -8
                ],
                [
                    -3,
                    7,
                    5
                ],
                [
                    -2,
                    -7,
                    -1
                ],
                [
                    6,
                    1,
                    -4
                ],
                [
                    6,
                    -4,
                    2
                ],
                [
                    5,
                    -6,
                    9
                ],
                [
                    -1,
                    8,
                    7
                ],
                [
                    -7,
                    -8,
                    -3
                ],
                [
                    -9,
                    -2,
                    -6
                ],
                [
                    6,
                    7,
                    -3
                ],
                [
                    -1,
                    3,
                    5
                ],
                [
                    3,
                    10,
                    -4
                ],
                [
                    10,
                    6,
                    3
                ],
                [
                    4,
                    -5,
                    1
                ],
                [
                    2,
                    -10,
                    8
                ],
                [
                    -4,
                    5,
                    -10
                ],
                [
                    2,
                    -4,
                    6
                ],
                [
                    4,
                    6,
                    2
                ],
                [
                    10,
                    6,
                    8
                ],
                [
                    -2,
                    -4,
                    -8
                ],
                [
                    1,
                    -5,
                    -7
                ],
                [
                    7,
                    -1,
                    3
                ],
                [
                    4,
                    6,
                    7
                ],
                [
                    2,
                    -4,
                    8
                ],
                [
                    2,
                    9,
                    -1
                ],
                [
                    -10,
                    4,
                    -7
                ],
                [
                    4,
                    -9,
                    2
                ],
                [
                    -5,
                    -9,
                    3
                ],
                [
                    -6,
                    1,
                    9
                ],
                [
                    -3,
                    9,
                    -8
                ],
                [
                    -5,
                    -6,
                    -1
                ],
                [
                    -10,
                    -7,
                    5
                ],
                [
                    -6,
                    -9,
                    -8
                ],
                [
                    3,
                    8,
                    10
                ]
            ],
            "{   'fun': 1.0,\n    'jac': None,\n    'nfev': 5,\n    'nit': 0,\n    'njev': 1,\n    'x': array([0.07271878, 0.08518428, 2.49748869, 0.8393808 ])}",
            {
                "1001111011": 1,
                "0110001000": 1,
                "0001101100": 1,
                "0001100110": 1,
                "0101110011": 1,
                "0000001010": 1,
                "1111011101": 1,
                "0110011010": 1,
                "1000011011": 1,
                "0001101000": 1,
                "0001010101": 1,
                "0011111110": 1,
                "1011110000": 1,
                "1001110100": 1,
                "1010011011": 1,
                "0001001001": 1,
                "1110000111": 1,
                "1000000101": 1,
                "1110000100": 1,
                "1000010101": 1,
                "1001000100": 1,
                "0101110100": 1,
                "0000111111": 1,
                "1000000111": 1,
                "1111001001": 1,
                "1000101101": 1,
                "0101010100": 1,
                "0100100110": 1,
                "1011101111": 1,
                "0001111000": 1,
                "1110011011": 1,
                "0010110000": 1,
                "1011010000": 1,
                "0000101101": 1,
                "1100000010": 1,
                "1001110000": 1,
                "1000011000": 1,
                "0101000010": 1,
                "1010000001": 1,
                "0100100001": 1,
                "1010110001": 1,
                "0110101000": 1,
                "1100110001": 2,
                "0011000011": 1,
                "1111000100": 1,
                "1011100110": 1,
                "0011100011": 1,
                "1000101011": 1,
                "1100001001": 1,
                "1111001101": 1,
                "1100000110": 1,
                "0000110101": 1,
                "1111010100": 1,
                "1001100100": 1,
                "1101011000": 1,
                "0110001011": 1,
                "0010101110": 1,
                "1000100100": 1,
                "0110110001": 1,
                "1000101010": 1,
                "0011001010": 1,
                "1000100110": 1,
                "0010110101": 1,
                "1110011111": 1,
                "1011000100": 1,
                "1000001110": 1,
                "0101011010": 1,
                "0100001110": 1,
                "0001101011": 1,
                "1010111001": 1,
                "1001001000": 1,
                "0101011011": 1,
                "1100100000": 1,
                "1101100000": 1,
                "1101101000": 1,
                "1110010000": 1,
                "1101001010": 1,
                "1001001101": 1,
                "1010110010": 1,
                "0011001100": 1,
                "0010111101": 1,
                "1100101011": 1,
                "0101101010": 1,
                "1000011001": 1,
                "0000100011": 1,
                "1111110011": 1,
                "0100001101": 1,
                "1111010110": 1,
                "0001110000": 1,
                "1000010001": 1,
                "0001011000": 2,
                "0111001110": 1,
                "1111100111": 1,
                "0010111010": 1,
                "0010001100": 1,
                "1111010101": 1,
                "1100000000": 1,
                "0101000111": 1
            },
            false,
            1.0
        ],
        [
            [
                [
                    3,
                    5,
                    10
                ],
                [
                    2,
                    -9,
                    -10
                ],
                [
                    -8,
                    3,
                    -7
                ],
                [
                    6,
                    -8,
                    -9
                ],
                [
                    -1,
                    -3,
                    -2
                ],
                [
                    -7,
                    -5,
                    9
                ],
                [
                    -5,
                    4,
                    -3
                ],
                [
                    -1,
                    -6,
                    -2
                ],
                [
                    -4,
                    -1,
                    7
                ],
                [
                    8,
                    -3,
                    -7
                ],
                [
                    -9,
                    2,
                    -4
                ],
                [
                    -5,
                    -10,
                    -1
                ],
                [
                    10,
                    5,
                    2
                ],
                [
                    -5,
                    -10,
                    -8
                ],
                [
                    -8,
                    -2,
                    1
                ],
                [
                    8,
                    4,
                    -2
                ],
                [
                    -5,
                    -2,
                    -1
                ],
                [
                    -4,
                    9,
                    8
                ],
                [
                    -2,
                    -7,
                    8
                ],
                [
                    6,
                    4,
                    7
                ],
                [
                    -10,
                    -2,
                    -4
                ],
                [
                    -10,
                    -4,
                    -7
                ],
                [
                    7,
                    -5,
                    4
                ],
                [
                    5,
                    7,
                    -1
                ],
                [
                    2,
                    9,
                    3
                ],
                [
                    -6,
                    -1,
                    -10
                ],
                [
                    -6,
                    8,
                    -2
                ],
                [
                    -7,
                    -4,
                    5
                ],
                [
                    2,
                    -6,
                    -3
                ],
                [
                    8,
                    -4,
                    7
                ],
                [
                    9,
                    -6,
                    7
                ],
                [
                    8,
                    5,
                    -4
                ],
                [
                    -3,
                    5,
                    -1
                ],
                [
                    7,
                    8,
                    1
                ],
                [
                    -2,
                    -10,
                    -5
                ],
                [
                    7,
                    -2,
                    -10
                ],
                [
                    7,
                    -4,
                    8
                ],
                [
                    9,
                    5,
                    3
                ],
                [
                    -3,
                    7,
                    -5
                ],
                [
                    9,
                    -2,
                    -6
                ],
                [
                    -2,
                    -3,
                    5
                ],
                [
                    -4,
                    -7,
                    -1
                ],
                [
                    -7,
                    -4,
                    3
                ],
                [
                    2,
                    -7,
                    9
                ],
                [
                    -4,
                    9,
                    -6
                ]
            ],
            "{   'fun': 0.99,\n    'jac': None,\n    'nfev': 100,\n    'nit': 2,\n    'njev': 20,\n    'x': array([1.32984131, 1.60249987, 1.62505177, 2.34059298])}",
            {
                "1010010101": 1,
                "0110110001": 1,
                "1010000010": 1,
                "0111111000": 1,
                "1100000001": 1,
                "1001100110": 1,
                "0001011011": 1,
                "0111000100": 1,
                "0001100110": 1,
                "1110101100": 1,
                "0011011001": 1,
                "0000011000": 1,
                "1011100010": 1,
                "0110101010": 1,
                "0001100011": 1,
                "0100110010": 1,
                "1101100000": 1,
                "0001011010": 1,
                "0101110100": 1,
                "0100001010": 1,
                "1101010110": 1,
                "1000001011": 1,
                "1111101111": 1,
                "0101010100": 1,
                "0111101011": 1,
                "1010010010": 1,
                "0001001111": 2,
                "0100000010": 1,
                "0111011111": 1,
                "0111010101": 1,
                "0100101001": 1,
                "0011010100": 1,
                "1100010101": 1,
                "1111001010": 1,
                "0111011110": 1,
                "0101110011": 1,
                "1100011101": 1,
                "1110110010": 1,
                "0011010001": 1,
                "0001001101": 1,
                "1000011111": 1,
                "0101101001": 1,
                "0010110010": 1,
                "1001001101": 1,
                "1101001010": 1,
                "0100111110": 1,
                "1100000101": 1,
                "0000001101": 1,
                "0111101010": 1,
                "1000011010": 1,
                "0010011011": 1,
                "1011110011": 1,
                "0110111110": 1,
                "0000001001": 1,
                "1001100100": 1,
                "1101011000": 1,
                "1001100001": 1,
                "0101101111": 1,
                "0010001010": 1,
                "0111111101": 1,
                "1100010110": 1,
                "0101010110": 1,
                "0011001010": 1,
                "0110111100": 1,
                "0111101100": 1,
                "0100010110": 1,
                "0111100101": 1,
                "1000110101": 1,
                "0100110100": 1,
                "1011010001": 1,
                "1000100001": 1,
                "1011010101": 1,
                "1000011110": 1,
                "0011100010": 1,
                "0111010110": 1,
                "1000000110": 1,
                "0001101100": 1,
                "1100110111": 1,
                "0111000110": 1,
                "1110010011": 1,
                "0111110110": 1,
                "0001101000": 1,
                "1011100001": 1,
                "0001110101": 1,
                "0111100110": 1,
                "1111110101": 1,
                "0110011010": 1,
                "1101110001": 1,
                "0001110100": 1,
                "1001100010": 1,
                "0000100101": 1,
                "0011010000": 1,
                "1010110111": 1,
                "1111110010": 1,
                "0010001111": 1,
                "1111110111": 1,
                "1100101110": 1,
                "1000010010": 1,
                "0011000100": 1
            },
            true,
            0.94
        ],
        [
            [
                [
                    -5,
                    4,
                    -10
                ],
                [
                    -7,
                    -9,
                    -6
                ],
                [
                    -8,
                    9,
                    -1
                ],
                [
                    4,
                    6,
                    -1
                ],
                [
                    3,
                    -6,
                    9
                ],
                [
                    -7,
                    10,
                    2
                ],
                [
                    5,
                    -4,
                    -2
                ],
                [
                    3,
                    -9,
                    10
                ],
                [
                    7,
                    2,
                    8
                ],
                [
                    -2,
                    -8,
                    9
                ],
                [
                    -1,
                    2,
                    3
                ],
                [
                    4,
                    7,
                    1
                ],
                [
                    7,
                    5,
                    10
                ],
                [
                    -5,
                    6,
                    -3
                ],
                [
                    -2,
                    -9,
                    7
                ],
                [
                    3,
                    -5,
                    -2
                ],
                [
                    1,
                    -5,
                    -4
                ],
                [
                    -3,
                    9,
                    -4
                ],
                [
                    4,
                    -3,
                    -10
                ],
                [
                    -2,
                    1,
                    8
                ],
                [
                    -6,
                    -8,
                    -7
                ],
                [
                    -10,
                    -4,
                    3
                ],
                [
                    -1,
                    10,
                    2
                ],
                [
                    8,
                    -7,
                    6
                ],
                [
                    -10,
                    7,
                    4
                ],
                [
                    8,
                    6,
                    -7
                ],
                [
                    -7,
                    -6,
                    -1
                ],
                [
                    8,
                    9,
                    6
                ],
                [
                    2,
                    6,
                    -10
                ],
                [
                    -3,
                    2,
                    -1
                ],
                [
                    7,
                    9,
                    5
                ],
                [
                    -10,
                    3,
                    5
                ],
                [
                    2,
                    -10,
                    -8
                ],
                [
                    6,
                    3,
                    -10
                ],
                [
                    3,
                    -9,
                    -1
                ],
                [
                    -2,
                    -6,
                    -10
                ],
                [
                    -9,
                    -8,
                    -2
                ],
                [
                    -5,
                    -8,
                    6
                ],
                [
                    6,
                    5,
                    -1
                ],
                [
                    4,
                    9,
                    10
                ],
                [
                    2,
                    10,
                    3
                ],
                [
                    -4,
                    -1,
                    -6
                ],
                [
                    -3,
                    7,
                    -5
                ],
                [
                    5,
                    -10,
                    -2
                ],
                [
                    9,
                    -8,
                    -10
                ]
            ],
            "{   'fun': 1.0,\n    'jac': None,\n    'nfev': 5,\n    'nit': 0,\n    'njev': 1,\n    'x': array([2.01533095, 0.17313298, 2.22046682, 1.28221917])}",
            {
                "1011100101": 1,
                "0110010101": 1,
                "1110100110": 1,
                "1101001011": 1,
                "0011000001": 1,
                "0000111101": 1,
                "1011100010": 1,
                "1101011111": 1,
                "0100011011": 1,
                "0010110000": 1,
                "1111001101": 1,
                "1001010010": 1,
                "0011010010": 1,
                "1010111101": 1,
                "1110111101": 1,
                "0011001000": 1,
                "1111000001": 1,
                "0101110110": 1,
                "1100100101": 1,
                "1111001001": 1,
                "0000011010": 1,
                "0110110011": 1,
                "1100111100": 1,
                "1110010100": 1,
                "1001000010": 1,
                "1101101010": 1,
                "1001000000": 1,
                "1110011011": 1,
                "0111010011": 1,
                "1110110010": 1,
                "1100010111": 1,
                "0110011001": 1,
                "0001000110": 1,
                "1111111111": 1,
                "0011111000": 1,
                "1000101100": 1,
                "1100000110": 1,
                "0000011001": 1,
                "1110101101": 1,
                "1000011010": 1,
                "0100110001": 1,
                "0011000011": 1,
                "1111110010": 1,
                "1011010010": 1,
                "0111001110": 1,
                "0001110010": 1,
                "0110000000": 2,
                "0111010001": 1,
                "0110110101": 2,
                "0110001000": 1,
                "0010111000": 1,
                "1011111001": 1,
                "1100000111": 1,
                "1111101001": 1,
                "0001000010": 3,
                "0011101111": 1,
                "1110101100": 1,
                "1110011001": 1,
                "0000001100": 1,
                "0011100010": 1,
                "0111010110": 1,
                "1010000110": 1,
                "1111110011": 1,
                "0111011000": 1,
                "0001010011": 1,
                "1001111001": 1,
                "1011011101": 1,
                "1101001001": 1,
                "1110001000": 1,
                "0110111100": 1,
                "1110100111": 1,
                "0000001000": 1,
                "0100100010": 1,
                "0110101111": 1,
                "1100110100": 2,
                "0001011011": 1,
                "1100110010": 2,
                "0100001110": 1,
                "0001010100": 1,
                "1100100011": 1,
                "1011110011": 1,
                "0000111000": 1,
                "0101010101": 1,
                "1011010011": 1,
                "0011011000": 1,
                "1001011101": 1,
                "0011100001": 1,
                "1110100011": 1,
                "0110001110": 1,
                "0000000100": 1,
                "1011111011": 1,
                "1001011111": 1,
                "1000101101": 1,
                "1111001110": 1
            },
            false,
            1.0
        ],
        [
            [
                [
                    4,
                    -8,
                    2
                ],
                [
                    -8,
                    -6,
                    1
                ],
                [
                    -8,
                    4,
                    -5
                ],
                [
                    1,
                    -2,
                    -3
                ],
                [
                    -1,
                    4,
                    8
                ],
                [
                    6,
                    -10,
                    -8
                ],
                [
                    -6,
                    -8,
                    9
                ],
                [
                    7,
                    5,
                    8
                ],
                [
                    10,
                    6,
                    -8
                ],
                [
                    -2,
                    10,
                    5
                ],
                [
                    -6,
                    10,
                    -3
                ],
                [
                    -4,
                    -6,
                    -7
                ],
                [
                    4,
                    -7,
                    -8
                ],
                [
                    -9,
                    7,
                    6
                ],
                [
                    -7,
                    1,
                    4
                ],
                [
                    -4,
                    6,
                    -9
                ],
                [
                    2,
                    -3,
                    -8
                ],
                [
                    -2,
                    3,
                    -9
                ],
                [
                    -8,
                    -5,
                    2
                ],
                [
                    -7,
                    4,
                    6
                ],
                [
                    1,
                    -3,
                    10
                ],
                [
                    -4,
                    5,
                    7
                ],
                [
                    -4,
                    5,
                    1
                ],
                [
                    -4,
                    -3,
                    9
                ],
                [
                    10,
                    9,
                    -8
                ],
                [
                    -5,
                    -6,
                    -9
                ],
                [
                    10,
                    1,
                    -5
                ],
                [
                    -8,
                    -5,
                    1
                ],
                [
                    8,
                    -6,
                    -1
                ],
                [
                    5,
                    -9,
                    6
                ],
                [
                    -9,
                    8,
                    2
                ],
                [
                    7,
                    -2,
                    3
                ],
                [
                    -6,
                    -7,
                    -2
                ],
                [
                    -7,
                    -3,
                    -5
                ],
                [
                    10,
                    3,
                    7
                ],
                [
                    -8,
                    5,
                    10
                ],
                [
                    7,
                    9,
                    -10
                ],
                [
                    1,
                    -8,
                    -7
                ],
                [
                    9,
                    -7,
                    -8
                ],
                [
                    -3,
                    7,
                    8
                ],
                [
                    -8,
                    -10,
                    -5
                ],
                [
                    -9,
                    -3,
                    -10
                ],
                [
                    -9,
                    -7,
                    -1
                ],
                [
                    -6,
                    -2,
                    -1
                ],
                [
                    -8,
                    -2,
                    10
                ]
            ],
            "{   'fun': 0.96,\n    'jac': None,\n    'nfev': 115,\n    'nit': 2,\n    'njev': 23,\n    'x': array([1.35547359, 0.56570865, 1.36489224, 2.78545136])}",
            {
                "0000001011": 1,
                "0001001100": 1,
                "1101100101": 1,
                "1110001011": 1,
                "0011010010": 1,
                "1001111100": 1,
                "1110010111": 1,
                "0101000111": 1,
                "1101000001": 1,
                "0000000101": 1,
                "1000101101": 1,
                "0111000111": 1,
                "1011110001": 1,
                "1101101010": 1,
                "1011001011": 1,
                "1000101110": 1,
                "1100110011": 1,
                "1110100110": 1,
                "1010010111": 1,
                "0011010100": 2,
                "0111100011": 1,
                "1110001010": 1,
                "0100010100": 1,
                "0010111011": 1,
                "0010000011": 2,
                "0100001111": 1,
                "0001010101": 1,
                "0011001000": 1,
                "1101101101": 1,
                "1100000100": 1,
                "1111000010": 1,
                "0011100011": 1,
                "0001010110": 1,
                "0010001001": 1,
                "1100110001": 1,
                "1110011111": 2,
                "0000001001": 1,
                "1101110001": 1,
                "0111010000": 1,
                "1001111110": 1,
                "0001011000": 1,
                "1010100011": 1,
                "1101011011": 1,
                "1010000101": 1,
                "0000101100": 1,
                "1101010100": 1,
                "0111100000": 2,
                "1000101111": 1,
                "0100101011": 1,
                "1101110000": 1,
                "0101110100": 1,
                "1010101111": 1,
                "1010101001": 1,
                "1101110100": 1,
                "0110001000": 1,
                "1010111100": 1,
                "0011110100": 1,
                "1100100011": 2,
                "0110110101": 1,
                "0010110010": 2,
                "1110001110": 1,
                "1010100001": 1,
                "0110100001": 1,
                "0100110001": 1,
                "0000111100": 1,
                "1100001100": 1,
                "1011011011": 1,
                "1010010101": 1,
                "1001001001": 2,
                "0100010001": 1,
                "1111011110": 1,
                "1110111001": 1,
                "1001011010": 1,
                "0000110101": 1,
                "1001000110": 1,
                "0111111100": 1,
                "1010110001": 1,
                "1110111101": 1,
                "0111011100": 1,
                "1010000000": 1,
                "0010101100": 1,
                "0100010011": 1,
                "0111011110": 1,
                "1110101010": 1,
                "0011011001": 1,
                "1101001000": 1,
                "0001101010": 1,
                "0110011111": 1,
                "1001111000": 1,
                "1110110001": 1,
                "1100001110": 1,
                "0010100000": 1,
                "0101000100": 1
            },
            true,
            0.93
        ],
        [
            [
                [
                    -8,
                    3,
                    7
                ],
                [
                    6,
                    -9,
                    -8
                ],
                [
                    -2,
                    -6,
                    7
                ],
                [
                    -6,
                    9,
                    -10
                ],
                [
                    9,
                    -8,
                    5
                ],
                [
                    9,
                    -4,
                    -6
                ],
                [
                    -1,
                    -2,
                    -4
                ],
                [
                    9,
                    5,
                    -1
                ],
                [
                    4,
                    -2,
                    9
                ],
                [
                    1,
                    6,
                    10
                ],
                [
                    -5,
                    -7,
                    10
                ],
                [
                    8,
                    -9,
                    1
                ],
                [
                    -3,
                    -10,
                    -6
                ],
                [
                    3,
                    4,
                    -1
                ],
                [
                    10,
                    9,
                    -5
                ],
                [
                    -8,
                    6,
                    -5
                ],
                [
                    4,
                    -9,
                    6
                ],
                [
                    -8,
                    1,
                    2
                ],
                [
                    -1,
                    3,
                    10
                ],
                [
                    -4,
                    2,
                    -8
                ],
                [
                    5,
                    7,
                    10
                ],
                [
                    -4,
                    1,
                    3
                ],
                [
                    4,
                    2,
                    -7
                ],
                [
                    3,
                    6,
                    10
                ],
                [
                    2,
                    -8,
                    -1
                ],
                [
                    7,
                    -2,
                    -8
                ],
                [
                    3,
                    -9,
                    4
                ],
                [
                    -3,
                    9,
                    -4
                ],
                [
                    -10,
                    7,
                    3
                ],
                [
                    6,
                    -3,
                    -9
                ],
                [
                    4,
                    -10,
                    5
                ],
                [
                    -3,
                    -7,
                    4
                ],
                [
                    6,
                    -7,
                    5
                ],
                [
                    -1,
                    -9,
                    8
                ],
                [
                    -1,
                    -3,
                    6
                ],
                [
                    7,
                    3,
                    10
                ],
                [
                    -6,
                    5,
                    9
                ],
                [
                    8,
                    -1,
                    3
                ],
                [
                    -9,
                    -1,
                    -3
                ],
                [
                    8,
                    -2,
                    -6
                ],
                [
                    -10,
                    -5,
                    -2
                ],
                [
                    -9,
                    -1,
                    -7
                ],
                [
                    -4,
                    -2,
                    -1
                ],
                [
                    -3,
                    6,
                    -5
                ],
                [
                    4,
                    6,
                    10
                ]
            ],
            "{   'fun': 1.0,\n    'jac': None,\n    'nfev': 135,\n    'nit': 2,\n    'njev': 27,\n    'x': array([0.51439304, 2.74616045, 2.79808124, 2.79390883])}",
            {
                "1110101001": 1,
                "1001000000": 1,
                "0110010001": 1,
                "1011110101": 1,
                "1010111100": 1,
                "0010101010": 1,
                "1010110111": 1,
                "0101010100": 1,
                "0110000011": 1,
                "0000100000": 1,
                "1011101100": 1,
                "0111001111": 1,
                "1010101110": 1,
                "0000110000": 1,
                "1100001101": 1,
                "0000101101": 1,
                "0001111111": 1,
                "0101011100": 1,
                "1001100100": 1,
                "1101110000": 1,
                "0100110100": 1,
                "0001110001": 1,
                "0111011000": 1,
                "1010111110": 1,
                "0110110010": 1,
                "0000011001": 1,
                "1100000110": 1,
                "1010011000": 1,
                "1110001111": 1,
                "0101011010": 1,
                "1010001001": 1,
                "0101110001": 1,
                "1011111100": 1,
                "1101011010": 1,
                "1111011001": 1,
                "1100111001": 1,
                "0010111100": 1,
                "1110000100": 1,
                "1100101111": 2,
                "1000110000": 1,
                "1000111101": 1,
                "0000011111": 1,
                "1001110100": 1,
                "0111000101": 1,
                "0110101101": 1,
                "1100111100": 1,
                "0010101111": 1,
                "1000101000": 1,
                "0101111100": 1,
                "1011111111": 1,
                "0101001000": 1,
                "0111110000": 1,
                "1000100010": 1,
                "0011001011": 1,
                "0101100011": 1,
                "0111101110": 2,
                "1001100001": 1,
                "1000000111": 2,
                "0100000101": 1,
                "1001011010": 1,
                "1110011001": 1,
                "1111001000": 1,
                "1100000111": 1,
                "1101011100": 1,
                "1011110011": 1,
                "1100100011": 1,
                "0011000100": 1,
                "0110001101": 1,
                "0000010110": 1,
                "0011100000": 1,
                "1111100010": 1,
                "1010100000": 1,
                "0011111010": 1,
                "1001001000": 1,
                "1111011100": 1,
                "1110010111": 1,
                "1110001100": 2,
                "0110110000": 1,
                "0100101010": 1,
                "1100111110": 1,
                "0000011101": 1,
                "1010001110": 1,
                "1110000001": 1,
                "1110001001": 1,
                "1111100101": 1,
                "0000110010": 1,
                "0100011011": 1,
                "0101111111": 1,
                "1000001111": 1,
                "0001101000": 1,
                "1011001100": 1,
                "1110111101": 1,
                "1000010110": 1,
                "1101001110": 1,
                "1011011011": 1,
                "1100101101": 1
            },
            false,
            0.97
        ]
    ]
}