{
    "n": 10,
    "m": 45,
    "results": [
        [
            [
                [
                    4,
                    -2,
                    1
                ],
                [
                    5,
                    -6,
                    2
                ],
                [
                    -8,
                    10,
                    2
                ],
                [
                    -8,
                    10,
                    9
                ],
                [
                    -4,
                    7,
                    -8
                ],
                [
                    5,
                    -3,
                    7
                ],
                [
                    -2,
                    3,
                    -4
                ],
                [
                    -2,
                    8,
                    5
                ],
                [
                    -4,
                    3,
                    -9
                ],
                [
                    -10,
                    2,
                    7
                ],
                [
                    2,
                    -9,
                    -7
                ],
                [
                    5,
                    2,
                    3
                ],
                [
                    -5,
                    -4,
                    -9
                ],
                [
                    3,
                    -4,
                    -2
                ],
                [
                    -2,
                    -3,
                    1
                ],
                [
                    -1,
                    -8,
                    2
                ],
                [
                    1,
                    6,
                    -9
                ],
                [
                    1,
                    -3,
                    -10
                ],
                [
                    -6,
                    -4,
                    -5
                ],
                [
                    8,
                    9,
                    3
                ],
                [
                    1,
                    -6,
                    2
                ],
                [
                    -7,
                    -6,
                    3
                ],
                [
                    6,
                    9,
                    2
                ],
                [
                    10,
                    -3,
                    6
                ],
                [
                    2,
                    -8,
                    -10
                ],
                [
                    1,
                    8,
                    3
                ],
                [
                    8,
                    4,
                    1
                ],
                [
                    -2,
                    5,
                    3
                ],
                [
                    4,
                    2,
                    6
                ],
                [
                    -4,
                    -1,
                    -10
                ],
                [
                    -4,
                    -10,
                    9
                ],
                [
                    9,
                    -8,
                    -7
                ],
                [
                    9,
                    -10,
                    -3
                ],
                [
                    8,
                    1,
                    -4
                ],
                [
                    -8,
                    -7,
                    -6
                ],
                [
                    -2,
                    -1,
                    3
                ],
                [
                    5,
                    8,
                    -1
                ],
                [
                    -4,
                    5,
                    -2
                ],
                [
                    9,
                    8,
                    1
                ],
                [
                    7,
                    -1,
                    -10
                ],
                [
                    1,
                    9,
                    -2
                ],
                [
                    -6,
                    1,
                    -10
                ],
                [
                    6,
                    1,
                    7
                ],
                [
                    5,
                    -1,
                    -2
                ],
                [
                    -10,
                    5,
                    3
                ]
            ],
            "{   'fun': 0.98,\n    'jac': None,\n    'nfev': 170,\n    'nit': 4,\n    'njev': 34,\n    'x': array([0.07271825, 0.08518378, 2.4974892 , 0.83938288])}",
            {
                "0110011011": 1,
                "1110010011": 1,
                "1000001000": 1,
                "0101100011": 1,
                "0010001110": 1,
                "1011111111": 1,
                "0011000101": 1,
                "0101111101": 1,
                "0011011111": 1,
                "1000010011": 1,
                "0111011000": 1,
                "1111011000": 1,
                "1111010111": 1,
                "1101101100": 1,
                "1111110101": 1,
                "0011001101": 1,
                "1111011100": 1,
                "1010000111": 1,
                "1100111010": 1,
                "1110001101": 1,
                "1000100111": 1,
                "1010011101": 1,
                "1000010111": 1,
                "1011010001": 1,
                "1111001010": 1,
                "0100101111": 1,
                "0101011011": 2,
                "1111100001": 1,
                "0110100100": 1,
                "1011100110": 1,
                "1001000110": 1,
                "0000000010": 1,
                "0110110010": 1,
                "0110001010": 1,
                "1100101111": 1,
                "0010111000": 2,
                "1111110011": 1,
                "0110011000": 1,
                "0000010110": 1,
                "1111100000": 1,
                "0001111100": 1,
                "0010000000": 1,
                "1100001111": 1,
                "1110010101": 1,
                "0101101110": 1,
                "0110110111": 1,
                "1100100010": 1,
                "0001110111": 1,
                "0000010001": 1,
                "1010110010": 1,
                "1111111111": 1,
                "1000101011": 1,
                "0111001000": 1,
                "1111110100": 1,
                "0111011101": 1,
                "1101100011": 1,
                "0111110100": 2,
                "1010100011": 1,
                "1101010001": 1,
                "0000110010": 1,
                "0010110001": 1,
                "0111001101": 1,
                "1010011110": 1,
                "0001010100": 1,
                "0011110000": 1,
                "0010010011": 1,
                "1101000000": 1,
                "1011111010": 1,
                "0100110111": 1,
                "0110011111": 1,
                "0000011011": 2,
                "0001101010": 1,
                "1011100000": 1,
                "0101000000": 1,
                "1010010011": 1,
                "1010111101": 2,
                "1011010000": 1,
                "1000001111": 1,
                "0100101011": 1,
                "1000110101": 1,
                "1000101010": 1,
                "1001111000": 1,
                "0110001101": 1,
                "0010000001": 1,
                "0101010011": 1,
                "1101111011": 1,
                "1011000011": 1,
                "1010001010": 1,
                "1100100011": 1,
                "0101010010": 1,
                "1100001001": 1,
                "0110110100": 1,
                "0001110101": 1,
                "1000010110": 1,
                "0111100001": 1
            },
            true,
            0.91
        ],
        [
            [
                [
                    8,
                    -1,
                    -10
                ],
                [
                    9,
                    -5,
                    8
                ],
                [
                    6,
                    4,
                    -2
                ],
                [
                    5,
                    -9,
                    -2
                ],
                [
                    -10,
                    3,
                    2
                ],
                [
                    8,
                    1,
                    2
                ],
                [
                    -8,
                    -1,
                    5
                ],
                [
                    -10,
                    5,
                    3
                ],
                [
                    8,
                    10,
                    5
                ],
                [
                    9,
                    8,
                    2
                ],
                [
                    7,
                    -4,
                    -2
                ],
                [
                    1,
                    -9,
                    -5
                ],
                [
                    -3,
                    5,
                    -6
                ],
                [
                    6,
                    1,
                    8
                ],
                [
                    -6,
                    5,
                    10
                ],
                [
                    -4,
                    2,
                    -10
                ],
                [
                    8,
                    -5,
                    -4
                ],
                [
                    -1,
                    3,
                    8
                ],
                [
                    8,
                    -9,
                    -10
                ],
                [
                    5,
                    -6,
                    -2
                ],
                [
                    -3,
                    -10,
                    -1
                ],
                [
                    -3,
                    2,
                    -10
                ],
                [
                    -6,
                    9,
                    8
                ],
                [
                    -5,
                    -2,
                    -10
                ],
                [
                    -4,
                    -1,
                    -8
                ],
                [
                    3,
                    -1,
                    -5
                ],
                [
                    2,
                    -5,
                    8
                ],
                [
                    -3,
                    -7,
                    -9
                ],
                [
                    5,
                    -10,
                    -1
                ],
                [
                    1,
                    -2,
                    -5
                ],
                [
                    1,
                    10,
                    3
                ],
                [
                    7,
                    -9,
                    5
                ],
                [
                    -4,
                    6,
                    3
                ],
                [
                    2,
                    6,
                    -10
                ],
                [
                    -1,
                    7,
                    9
                ],
                [
                    8,
                    5,
                    2
                ],
                [
                    3,
                    -6,
                    -4
                ],
                [
                    -10,
                    2,
                    -5
                ],
                [
                    -3,
                    9,
                    -4
                ],
                [
                    4,
                    5,
                    3
                ],
                [
                    7,
                    -6,
                    5
                ],
                [
                    -1,
                    -6,
                    8
                ],
                [
                    4,
                    3,
                    -7
                ],
                [
                    -9,
                    -7,
                    3
                ],
                [
                    -8,
                    -1,
                    -2
                ]
            ],
            "{   'fun': 0.98,\n    'jac': None,\n    'nfev': 120,\n    'nit': 2,\n    'njev': 24,\n    'x': array([1.32984076, 1.60249876, 1.62505144, 2.3405922 ])}",
            {
                "0001111110": 1,
                "0110110101": 1,
                "1110011111": 1,
                "0001011101": 1,
                "1011001110": 1,
                "0001110000": 1,
                "1001000000": 1,
                "0101110101": 1,
                "1100110101": 1,
                "1110010110": 1,
                "0101001101": 1,
                "1101110011": 1,
                "1110000101": 1,
                "0010001110": 1,
                "0011001101": 1,
                "1001011111": 1,
                "1011000001": 1,
                "0000000101": 1,
                "0110011110": 1,
                "1001011011": 1,
                "0110110011": 1,
                "0101010010": 1,
                "1010011001": 1,
                "0111111110": 1,
                "0001010010": 1,
                "0110110110": 1,
                "0110010101": 2,
                "0100000101": 1,
                "1001010110": 1,
                "1000000000": 1,
                "1100011101": 1,
                "0011000001": 1,
                "1000100101": 2,
                "1101100111": 1,
                "0001011111": 1,
                "1100100011": 1,
                "1110000110": 1,
                "1100001100": 1,
                "1101000011": 1,
                "1111001011": 1,
                "0111010000": 1,
                "0011001100": 1,
                "1001001101": 1,
                "0110010011": 1,
                "1111101010": 1,
                "0000001011": 1,
                "0000111011": 1,
                "0110100101": 1,
                "0101011000": 1,
                "0110001101": 1,
                "1010101011": 1,
                "0011110101": 1,
                "1001001001": 1,
                "0010100001": 1,
                "1010011110": 1,
                "1101110010": 1,
                "0001100111": 1,
                "0000000001": 1,
                "0101100011": 1,
                "0010001001": 1,
                "1100110001": 1,
                "0000001111": 1,
                "1001010000": 1,
                "0010101111": 1,
                "0100001010": 1,
                "1101010110": 1,
                "0001000010": 1,
                "0001111100": 1,
                "0010010111": 1,
                "1010100000": 1,
                "1010011000": 1,
                "0010000100": 1,
                "1110100111": 1,
                "0001101000": 1,
                "1110100000": 2,
                "1111101111": 2,
                "1101000100": 1,
                "0101100000": 1,
                "1101001100": 1,
                "1011111010": 1,
                "0010011000": 1,
                "1101011010": 1,
                "1000100010": 1,
                "0110001110": 1,
                "0000000100": 1,
                "1100101001": 1,
                "0101110111": 1,
                "0010001101": 1,
                "1001110001": 1,
                "0111111101": 1,
                "1010111001": 1,
                "1110111111": 1,
                "1100010001": 1,
                "1101101010": 2,
                "1000000001": 1
            },
            true,
            0.92
        ],
        [
            [
                [
                    -6,
                    10,
                    -2
                ],
                [
                    1,
                    3,
                    2
                ],
                [
                    -10,
                    -2,
                    1
                ],
                [
                    8,
                    -6,
                    10
                ],
                [
                    1,
                    -8,
                    10
                ],
                [
                    -1,
                    10,
                    6
                ],
                [
                    -9,
                    -8,
                    -10
                ],
                [
                    6,
                    8,
                    -10
                ],
                [
                    -2,
                    1,
                    -8
                ],
                [
                    1,
                    10,
                    3
                ],
                [
                    -1,
                    -2,
                    -6
                ],
                [
                    -6,
                    -1,
                    9
                ],
                [
                    7,
                    -8,
                    5
                ],
                [
                    1,
                    -10,
                    2
                ],
                [
                    10,
                    -1,
                    5
                ],
                [
                    -5,
                    4,
                    9
                ],
                [
                    -9,
                    -8,
                    -10
                ],
                [
                    10,
                    -8,
                    -7
                ],
                [
                    -9,
                    -4,
                    7
                ],
                [
                    -7,
                    -3,
                    2
                ],
                [
                    -2,
                    5,
                    -6
                ],
                [
                    10,
                    -8,
                    3
                ],
                [
                    7,
                    4,
                    5
                ],
                [
                    -6,
                    -9,
                    -7
                ],
                [
                    -3,
                    -4,
                    7
                ],
                [
                    4,
                    -8,
                    9
                ],
                [
                    -1,
                    -8,
                    -3
                ],
                [
                    -2,
                    -1,
                    -10
                ],
                [
                    -3,
                    -5,
                    8
                ],
                [
                    9,
                    -10,
                    -1
                ],
                [
                    -1,
                    6,
                    -2
                ],
                [
                    -8,
                    -7,
                    3
                ],
                [
                    -5,
                    -7,
                    2
                ],
                [
                    5,
                    -1,
                    -4
                ],
                [
                    -8,
                    2,
                    -9
                ],
                [
                    -4,
                    -3,
                    10
                ],
                [
                    -2,
                    7,
                    -8
                ],
                [
                    7,
                    5,
                    -3
                ],
                [
                    8,
                    -7,
                    9
                ],
                [
                    1,
                    -5,
                    -7
                ],
                [
                    -10,
                    -6,
                    -9
                ],
                [
                    -2,
                    5,
                    -1
                ],
                [
                    -8,
                    1,
                    9
                ],
                [
                    2,
                    10,
                    9
                ],
                [
                    3,
                    -1,
                    2
                ]
            ],
            "{   'fun': 1.0,\n    'jac': None,\n    'nfev': 105,\n    'nit': 0,\n    'njev': 21,\n    'x': array([0.88076112, 0.31796452, 2.1276346 , 2.22580558])}",
            {
                "0011010100": 1,
                "1000100101": 1,
                "1000100111": 1,
                "0010001001": 1,
                "1100010000": 1,
                "1100000011": 1,
                "0111011110": 1,
                "1101100111": 1,
                "1000100001": 2,
                "1001000000": 1,
                "1110100111": 1,
                "1110001001": 1,
                "0001001001": 1,
                "1100101111": 1,
                "1010110100": 2,
                "1011011100": 1,
                "1100100010": 1,
                "0000101000": 1,
                "1011111100": 1,
                "0101101010": 1,
                "1110000101": 1,
                "1110001111": 1,
                "1111000011": 1,
                "1001010001": 1,
                "1000000000": 1,
                "0000100101": 1,
                "1001110110": 1,
                "0110011110": 1,
                "1011000011": 1,
                "1010001111": 1,
                "1101100101": 1,
                "1000001111": 1,
                "0000011011": 1,
                "0110001111": 1,
                "0001001110": 1,
                "1111110111": 1,
                "1011000101": 1,
                "1011111101": 1,
                "1111101111": 1,
                "0011000011": 1,
                "0010000110": 1,
                "1111101001": 1,
                "1100101011": 1,
                "0001010100": 1,
                "0010110101": 1,
                "1001011000": 1,
                "0001110111": 1,
                "0010110110": 1,
                "1100110110": 1,
                "0011110110": 1,
                "0101001100": 1,
                "1111101100": 1,
                "1001001000": 1,
                "1111001011": 1,
                "1110000110": 1,
                "1100010010": 1,
                "1000010000": 1,
                "1100001101": 1,
                "0010110100": 1,
                "1111000000": 1,
                "1100111100": 1,
                "0001110000": 1,
                "0011010111": 1,
                "1101110011": 1,
                "1000011010": 1,
                "0010011011": 1,
                "0111001011": 1,
                "1100101100": 1,
                "0000010001": 1,
                "0101101011": 1,
                "1111111111": 1,
                "0111100101": 1,
                "1011001111": 1,
                "1111110000": 1,
                "0101111000": 1,
                "1111010010": 1,
                "0101101110": 1,
                "0001111001": 1,
                "0010010101": 1,
                "1010010111": 1,
                "1110011011": 1,
                "1111011001": 1,
                "1110001110": 2,
                "0111100001": 1,
                "1110110001": 1,
                "1100011010": 1,
                "1110010111": 1,
                "0001110011": 1,
                "1000000111": 1,
                "0101000110": 1,
                "1011111011": 1,
                "1001100111": 1,
                "1110000001": 1,
                "1010101101": 1,
                "1110101011": 1,
                "1111111110": 1,
                "1010101110": 1
            },
            false,
            0.97
        ],
        [
            [
                [
                    5,
                    7,
                    -2
                ],
                [
                    10,
                    -5,
                    1
                ],
                [
                    5,
                    6,
                    -8
                ],
                [
                    10,
                    -3,
                    2
                ],
                [
                    10,
                    7,
                    9
                ],
                [
                    -2,
                    -1,
                    3
                ],
                [
                    1,
                    -7,
                    -10
                ],
                [
                    4,
                    -1,
                    9
                ],
                [
                    -10,
                    -2,
                    5
                ],
                [
                    6,
                    -8,
                    3
                ],
                [
                    5,
                    4,
                    -6
                ],
                [
                    1,
                    9,
                    -4
                ],
                [
                    4,
                    -3,
                    1
                ],
                [
                    7,
                    -8,
                    3
                ],
                [
                    3,
                    -10,
                    -1
                ],
                [
                    -3,
                    -6,
                    -1
                ],
                [
                    -10,
                    2,
                    6
                ],
                [
                    4,
                    10,
                    9
                ],
                [
                    8,
                    7,
                    -6
                ],
                [
                    -6,
                    -8,
                    -10
                ],
                [
                    7,
                    5,
                    -3
                ],
                [
                    5,
                    10,
                    -6
                ],
                [
                    -9,
                    -5,
                    -7
                ],
                [
                    -4,
                    -7,
                    -2
                ],
                [
                    10,
                    5,
                    6
                ],
                [
                    10,
                    9,
                    5
                ],
                [
                    7,
                    -1,
                    -10
                ],
                [
                    8,
                    -9,
                    5
                ],
                [
                    10,
                    -9,
                    2
                ],
                [
                    1,
                    -5,
                    10
                ],
                [
                    -10,
                    6,
                    4
                ],
                [
                    -3,
                    -10,
                    9
                ],
                [
                    10,
                    9,
                    -6
                ],
                [
                    -3,
                    -4,
                    8
                ],
                [
                    7,
                    10,
                    5
                ],
                [
                    6,
                    -8,
                    -7
                ],
                [
                    10,
                    -8,
                    -5
                ],
                [
                    5,
                    -8,
                    1
                ],
                [
                    -3,
                    10,
                    -1
                ],
                [
                    8,
                    3,
                    -9
                ],
                [
                    -4,
                    2,
                    -7
                ],
                [
                    1,
                    2,
                    9
                ],
                [
                    -10,
                    7,
                    2
                ],
                [
                    1,
                    10,
                    -6
                ],
                [
                    5,
                    1,
                    4
                ]
            ],
            "{   'fun': 1.0,\n    'jac': None,\n    'nfev': 120,\n    'nit': 2,\n    'njev': 24,\n    'x': array([1.79835481, 1.74181394, 1.82882941, 0.0255646 ])}",
            {
                "1001101110": 1,
                "1001101010": 1,
                "0010010011": 1,
                "1001100001": 1,
                "1001010110": 1,
                "0101110001": 1,
                "1011001011": 1,
                "0100100111": 1,
                "1100111010": 1,
                "1001100110": 1,
                "1011000111": 1,
                "0100100000": 1,
                "0001000101": 1,
                "1011001100": 1,
                "0000110100": 1,
                "0010001000": 1,
                "1101000110": 1,
                "1110011100": 1,
                "0011111000": 1,
                "1110001111": 1,
                "0001010011": 1,
                "1010101001": 1,
                "1111110100": 1,
                "0011011001": 1,
                "1011010011": 1,
                "1100000011": 1,
                "1001010100": 1,
                "0101010111": 1,
                "0011110010": 1,
                "1011010101": 1,
                "1010100110": 2,
                "1110100000": 1,
                "1000101111": 1,
                "1100011111": 1,
                "0100101100": 1,
                "1010001111": 1,
                "0001101101": 1,
                "0011110011": 1,
                "1000101101": 1,
                "1010110111": 1,
                "0101100000": 1,
                "1001000011": 1,
                "1100101000": 2,
                "0110000111": 1,
                "0001110011": 1,
                "0110110011": 1,
                "1100010101": 1,
                "1111000001": 1,
                "1001110101": 1,
                "1100001001": 1,
                "0101110011": 1,
                "0110110110": 1,
                "1110001001": 1,
                "1110110111": 1,
                "0100110010": 1,
                "1010110011": 1,
                "0110100111": 1,
                "1111101011": 1,
                "0111011111": 1,
                "0000011010": 1,
                "0101011101": 1,
                "1100111110": 1,
                "1111101010": 1,
                "0010100000": 1,
                "0000000010": 1,
                "0100001001": 1,
                "0111101110": 1,
                "1010100010": 1,
                "0111110000": 1,
                "1111011000": 1,
                "1011000101": 1,
                "0011101000": 1,
                "1001001111": 1,
                "1100111101": 1,
                "1101100001": 1,
                "0001100010": 1,
                "0101110101": 1,
                "1100111000": 1,
                "0100011000": 1,
                "1001010000": 1,
                "0110110111": 1,
                "0101101110": 1,
                "1000010101": 1,
                "1011111101": 1,
                "1110110101": 1,
                "1011011001": 1,
                "0001111110": 1,
                "1000010110": 1,
                "0000011011": 2,
                "1111001000": 1,
                "0111010001": 1,
                "0000010101": 1,
                "0011111110": 1,
                "1110011000": 1,
                "0111011010": 1,
                "1010000101": 1,
                "0001101111": 1
            },
            false,
            0.97
        ],
        [
            [
                [
                    6,
                    2,
                    -1
                ],
                [
                    -8,
                    9,
                    -7
                ],
                [
                    9,
                    -7,
                    3
                ],
                [
                    -3,
                    -6,
                    5
                ],
                [
                    -5,
                    3,
                    -6
                ],
                [
                    -1,
                    -3,
                    -5
                ],
                [
                    -5,
                    -10,
                    4
                ],
                [
                    -1,
                    9,
                    -7
                ],
                [
                    1,
                    -4,
                    -2
                ],
                [
                    -5,
                    9,
                    -2
                ],
                [
                    9,
                    -3,
                    -1
                ],
                [
                    4,
                    6,
                    5
                ],
                [
                    -8,
                    5,
                    -6
                ],
                [
                    -5,
                    2,
                    -1
                ],
                [
                    -1,
                    4,
                    -9
                ],
                [
                    5,
                    -6,
                    10
                ],
                [
                    -6,
                    -9,
                    -1
                ],
                [
                    1,
                    2,
                    -10
                ],
                [
                    10,
                    1,
                    7
                ],
                [
                    10,
                    -2,
                    1
                ],
                [
                    -8,
                    -6,
                    7
                ],
                [
                    7,
                    -3,
                    -10
                ],
                [
                    3,
                    -9,
                    -2
                ],
                [
                    -3,
                    6,
                    8
                ],
                [
                    10,
                    -5,
                    -3
                ],
                [
                    8,
                    6,
                    9
                ],
                [
                    -9,
                    10,
                    -2
                ],
                [
                    -7,
                    9,
                    8
                ],
                [
                    9,
                    1,
                    6
                ],
                [
                    -2,
                    -7,
                    -9
                ],
                [
                    -10,
                    -4,
                    5
                ],
                [
                    9,
                    7,
                    6
                ],
                [
                    -3,
                    -7,
                    -8
                ],
                [
                    -7,
                    4,
                    -5
                ],
                [
                    -10,
                    1,
                    4
                ],
                [
                    6,
                    -1,
                    -4
                ],
                [
                    1,
                    7,
                    3
                ],
                [
                    -3,
                    -5,
                    9
                ],
                [
                    -8,
                    -2,
                    -3
                ],
                [
                    -4,
                    -5,
                    9
                ],
                [
                    4,
                    7,
                    8
                ],
                [
                    2,
                    4,
                    9
                ],
                [
                    10,
                    2,
                    -5
                ],
                [
                    7,
                    6,
                    9
                ],
                [
                    -1,
                    -5,
                    -10
                ]
            ],
            "{   'fun': 0.99,\n    'jac': None,\n    'nfev': 105,\n    'nit': 2,\n    'njev': 21,\n    'x': array([0.51439229, 2.74616043, 2.79808122, 2.79390885])}",
            {
                "1000101000": 1,
                "1110000101": 1,
                "0010001101": 1,
                "1110010100": 1,
                "1101000100": 1,
                "0011101111": 1,
                "1110010010": 1,
                "1101110011": 1,
                "1010111111": 1,
                "1111110110": 1,
                "1010101111": 1,
                "0100001110": 1,
                "0100101101": 2,
                "0011100110": 1,
                "0111111101": 1,
                "1010001100": 1,
                "0000100110": 1,
                "1011000010": 1,
                "0110000110": 1,
                "0010100010": 1,
                "1100111111": 1,
                "0101110101": 1,
                "0100110110": 1,
                "0111010011": 1,
                "0100101011": 1,
                "1011011000": 1,
                "1010001110": 1,
                "1110011001": 1,
                "1101010101": 1,
                "1000011011": 1,
                "1101101010": 1,
                "0001101001": 1,
                "1010110111": 1,
                "1101000101": 1,
                "0110101011": 1,
                "1001011111": 1,
                "0110000101": 1,
                "1010110101": 1,
                "0001001010": 1,
                "1001110011": 1,
                "0110010100": 1,
                "1101100111": 1,
                "0011100111": 1,
                "0111011000": 1,
                "0010001100": 1,
                "0110111101": 1,
                "1011101001": 1,
                "0111111011": 1,
                "1110011100": 1,
                "0010110011": 1,
                "0001000100": 1,
                "0110101010": 1,
                "0110111011": 1,
                "1110001101": 1,
                "1110100111": 1,
                "0011111110": 1,
                "1010111000": 1,
                "1101110101": 1,
                "0101001000": 1,
                "0111110100": 1,
                "0100111011": 1,
                "0000110111": 2,
                "1000111010": 1,
                "1101010100": 1,
                "1111111110": 1,
                "1100011110": 1,
                "0110110101": 1,
                "0101000101": 1,
                "0000101111": 1,
                "1001010100": 1,
                "1010010111": 1,
                "1111010011": 1,
                "0110101111": 1,
                "0110010000": 1,
                "0101101111": 1,
                "0000001001": 1,
                "0111010101": 1,
                "0010000111": 1,
                "0101110000": 1,
                "1110111101": 1,
                "0111100001": 2,
                "0101001100": 1,
                "0111100110": 1,
                "1111101010": 1,
                "1000011111": 1,
                "0010010001": 2,
                "1011101011": 1,
                "0100011001": 2,
                "0011001000": 1,
                "1100000111": 1,
                "0011110111": 1,
                "0100111000": 1,
                "1011100100": 1,
                "0100100100": 1,
                "1010110000": 1
            },
            true,
            0.96
        ]
    ]
}