{
    "n": 10,
    "m": 45,
    "results": [
        [
            [
                [
                    -4,
                    -2,
                    6
                ],
                [
                    4,
                    3,
                    -1
                ],
                [
                    -1,
                    -3,
                    -8
                ],
                [
                    6,
                    4,
                    10
                ],
                [
                    6,
                    2,
                    10
                ],
                [
                    -7,
                    -1,
                    -9
                ],
                [
                    -6,
                    10,
                    9
                ],
                [
                    1,
                    -10,
                    -6
                ],
                [
                    -5,
                    3,
                    -10
                ],
                [
                    1,
                    10,
                    -3
                ],
                [
                    10,
                    5,
                    9
                ],
                [
                    9,
                    5,
                    7
                ],
                [
                    6,
                    5,
                    1
                ],
                [
                    9,
                    7,
                    5
                ],
                [
                    5,
                    9,
                    -3
                ],
                [
                    -9,
                    -7,
                    -10
                ],
                [
                    -6,
                    -8,
                    -4
                ],
                [
                    -4,
                    -3,
                    2
                ],
                [
                    4,
                    6,
                    -3
                ],
                [
                    -2,
                    7,
                    -10
                ],
                [
                    4,
                    10,
                    9
                ],
                [
                    1,
                    -6,
                    -10
                ],
                [
                    -6,
                    2,
                    8
                ],
                [
                    -10,
                    9,
                    3
                ],
                [
                    5,
                    6,
                    -10
                ],
                [
                    -1,
                    -5,
                    -10
                ],
                [
                    3,
                    10,
                    1
                ],
                [
                    3,
                    -6,
                    4
                ],
                [
                    8,
                    5,
                    2
                ],
                [
                    7,
                    -9,
                    -4
                ],
                [
                    -1,
                    -4,
                    -9
                ],
                [
                    -10,
                    9,
                    -1
                ],
                [
                    -2,
                    -8,
                    7
                ],
                [
                    -4,
                    -9,
                    8
                ],
                [
                    -5,
                    -10,
                    3
                ],
                [
                    9,
                    5,
                    -10
                ],
                [
                    -10,
                    -4,
                    -8
                ],
                [
                    -8,
                    3,
                    9
                ],
                [
                    8,
                    -5,
                    -2
                ],
                [
                    -6,
                    -9,
                    2
                ],
                [
                    6,
                    4,
                    3
                ],
                [
                    5,
                    -8,
                    1
                ],
                [
                    -7,
                    1,
                    2
                ],
                [
                    6,
                    2,
                    -10
                ],
                [
                    -3,
                    5,
                    10
                ]
            ],
            "{   'fun': 1.0,\n    'jac': None,\n    'nfev': 5,\n    'nit': 0,\n    'njev': 1,\n    'x': array([0.07271878, 0.08518428, 2.49748869, 0.8393808 ])}",
            {
                "0101111110": 1,
                "1100010101": 1,
                "0110001011": 1,
                "0100110011": 1,
                "1101000111": 1,
                "0110010000": 1,
                "0011011111": 1,
                "0001001101": 1,
                "1100011000": 1,
                "0011010010": 1,
                "0110101001": 1,
                "1011010001": 1,
                "1010011111": 1,
                "1101100111": 1,
                "1011101110": 1,
                "1001001110": 1,
                "1101001010": 1,
                "1110010000": 1,
                "0001011110": 1,
                "1011001010": 1,
                "0010111100": 1,
                "1111001011": 1,
                "0001110110": 1,
                "1000100011": 1,
                "1000100100": 2,
                "1001110111": 1,
                "1000101010": 1,
                "1010100100": 1,
                "0111101001": 1,
                "1111111000": 1,
                "0101100011": 1,
                "1110111001": 1,
                "0000100111": 1,
                "1010111110": 1,
                "1010001011": 1,
                "0101010100": 1,
                "1010110110": 1,
                "0011110001": 1,
                "0011111001": 1,
                "1110100100": 1,
                "1110100000": 1,
                "1000101111": 1,
                "0011100101": 1,
                "0101101110": 1,
                "1001110011": 1,
                "0110110100": 1,
                "0111111000": 2,
                "0101110100": 1,
                "0010010010": 2,
                "1010010000": 2,
                "0110111111": 1,
                "0011101000": 1,
                "0011000100": 1,
                "1011000101": 1,
                "0011010000": 1,
                "1111100011": 1,
                "0101101000": 1,
                "0000010011": 1,
                "1011110111": 1,
                "0111100000": 1,
                "0001000000": 1,
                "0011110101": 1,
                "1001010011": 1,
                "1100110001": 1,
                "0000010101": 1,
                "1101100011": 1,
                "1011011010": 1,
                "1110011110": 1,
                "1011001011": 1,
                "0000110111": 1,
                "0101000101": 1,
                "1011010110": 1,
                "0110100011": 1,
                "0110010010": 1,
                "1110110000": 1,
                "0100011110": 1,
                "1111000000": 1,
                "1011100101": 2,
                "1010111000": 2,
                "1000001011": 1,
                "0110100110": 1,
                "1101111111": 1,
                "1110010001": 1,
                "0101011000": 1,
                "0101111000": 1,
                "0101011100": 1,
                "1110101001": 1,
                "0010001011": 1,
                "0110001010": 1,
                "0111001000": 1,
                "1010100001": 2,
                "1000110110": 1,
                "1111110100": 1
            },
            false,
            1.0
        ],
        [
            [
                [
                    3,
                    5,
                    4
                ],
                [
                    2,
                    1,
                    7
                ],
                [
                    3,
                    1,
                    -7
                ],
                [
                    10,
                    9,
                    6
                ],
                [
                    -3,
                    -6,
                    -9
                ],
                [
                    6,
                    -8,
                    4
                ],
                [
                    5,
                    -6,
                    7
                ],
                [
                    8,
                    10,
                    3
                ],
                [
                    -2,
                    -9,
                    10
                ],
                [
                    -10,
                    -8,
                    -3
                ],
                [
                    -9,
                    3,
                    5
                ],
                [
                    9,
                    -10,
                    7
                ],
                [
                    -10,
                    -7,
                    2
                ],
                [
                    -6,
                    -8,
                    5
                ],
                [
                    -3,
                    -2,
                    1
                ],
                [
                    -2,
                    10,
                    -4
                ],
                [
                    -3,
                    8,
                    9
                ],
                [
                    3,
                    -5,
                    -8
                ],
                [
                    -6,
                    1,
                    8
                ],
                [
                    9,
                    -4,
                    -2
                ],
                [
                    -5,
                    2,
                    6
                ],
                [
                    -9,
                    -7,
                    -5
                ],
                [
                    -8,
                    10,
                    7
                ],
                [
                    -3,
                    -5,
                    7
                ],
                [
                    10,
                    6,
                    3
                ],
                [
                    6,
                    -5,
                    7
                ],
                [
                    -1,
                    9,
                    -8
                ],
                [
                    7,
                    2,
                    8
                ],
                [
                    7,
                    -2,
                    -6
                ],
                [
                    5,
                    -6,
                    7
                ],
                [
                    -10,
                    -7,
                    -4
                ],
                [
                    9,
                    -6,
                    3
                ],
                [
                    -9,
                    -7,
                    6
                ],
                [
                    9,
                    4,
                    10
                ],
                [
                    -4,
                    -5,
                    -9
                ],
                [
                    6,
                    -2,
                    10
                ],
                [
                    -9,
                    -1,
                    -3
                ],
                [
                    8,
                    -10,
                    3
                ],
                [
                    4,
                    -7,
                    -5
                ],
                [
                    4,
                    8,
                    -1
                ],
                [
                    -3,
                    8,
                    -10
                ],
                [
                    9,
                    -10,
                    -7
                ],
                [
                    -5,
                    -10,
                    -1
                ],
                [
                    -2,
                    -9,
                    -7
                ],
                [
                    10,
                    7,
                    6
                ]
            ],
            "{   'fun': 1.0,\n    'jac': None,\n    'nfev': 105,\n    'nit': 0,\n    'njev': 21,\n    'x': array([1.32984143, 1.60249976, 1.62505177, 2.34059286])}",
            {
                "0110000100": 1,
                "0101010000": 1,
                "1100010110": 1,
                "0110101000": 1,
                "0001111110": 1,
                "0011110100": 1,
                "1001001110": 1,
                "0111111111": 1,
                "1101110100": 1,
                "0011000101": 1,
                "1010100111": 1,
                "1111101111": 1,
                "0001011011": 1,
                "0001001111": 1,
                "1101100111": 1,
                "0100001111": 1,
                "0100010001": 1,
                "0100010010": 1,
                "0010000001": 1,
                "1110011111": 1,
                "0111010000": 1,
                "1100000001": 1,
                "1001001010": 1,
                "1101010100": 1,
                "0000100001": 1,
                "1010001100": 1,
                "1001110110": 1,
                "0001011010": 1,
                "0011111011": 1,
                "1100101111": 1,
                "0010011111": 2,
                "1000011000": 1,
                "0001000101": 1,
                "0100101101": 1,
                "0000101000": 1,
                "1110101011": 1,
                "0011100001": 1,
                "0000111001": 1,
                "0001101110": 1,
                "1110110000": 1,
                "0000101011": 1,
                "0001000000": 2,
                "1101000111": 1,
                "0010110100": 1,
                "1000011101": 1,
                "0100101100": 1,
                "0100011011": 1,
                "0100010011": 1,
                "0011001011": 1,
                "0110001011": 1,
                "0111011101": 1,
                "0110010110": 1,
                "0110011110": 1,
                "1111000011": 1,
                "1011111001": 1,
                "0111011011": 1,
                "1011001111": 1,
                "0100100100": 1,
                "1101110111": 1,
                "1011111110": 2,
                "1001101011": 1,
                "0000110111": 1,
                "1000100100": 1,
                "0100010110": 1,
                "0110000101": 2,
                "1010101000": 1,
                "1011100111": 1,
                "0100111111": 1,
                "0110110000": 1,
                "0001101101": 1,
                "1111011010": 1,
                "0101000001": 1,
                "0101101100": 1,
                "0101100010": 1,
                "1100110011": 1,
                "0000000001": 1,
                "1101100100": 2,
                "0011100011": 1,
                "0010001100": 1,
                "0011010100": 1,
                "0111110000": 1,
                "1100001100": 1,
                "0100100000": 1,
                "0111101110": 2,
                "1010101010": 1,
                "1110011110": 1,
                "0100000010": 2,
                "0000011100": 1,
                "1010011110": 1,
                "0010110001": 1,
                "1000110110": 1,
                "0100101001": 1,
                "0010111111": 1
            },
            false,
            0.98
        ],
        [
            [
                [
                    -8,
                    3,
                    9
                ],
                [
                    10,
                    -1,
                    4
                ],
                [
                    -4,
                    -6,
                    9
                ],
                [
                    3,
                    -4,
                    -6
                ],
                [
                    -7,
                    1,
                    3
                ],
                [
                    -5,
                    3,
                    -2
                ],
                [
                    -2,
                    -10,
                    8
                ],
                [
                    -7,
                    3,
                    -10
                ],
                [
                    7,
                    -3,
                    10
                ],
                [
                    7,
                    -1,
                    -5
                ],
                [
                    9,
                    -7,
                    5
                ],
                [
                    6,
                    -1,
                    5
                ],
                [
                    -5,
                    6,
                    -3
                ],
                [
                    7,
                    -3,
                    1
                ],
                [
                    8,
                    -9,
                    6
                ],
                [
                    4,
                    -5,
                    -6
                ],
                [
                    -8,
                    -2,
                    -5
                ],
                [
                    9,
                    -8,
                    -2
                ],
                [
                    -6,
                    -1,
                    2
                ],
                [
                    10,
                    6,
                    -9
                ],
                [
                    7,
                    9,
                    -10
                ],
                [
                    8,
                    -5,
                    -2
                ],
                [
                    -5,
                    6,
                    -1
                ],
                [
                    1,
                    10,
                    -9
                ],
                [
                    2,
                    -8,
                    1
                ],
                [
                    2,
                    5,
                    -4
                ],
                [
                    -10,
                    9,
                    8
                ],
                [
                    -7,
                    5,
                    10
                ],
                [
                    -2,
                    7,
                    -4
                ],
                [
                    4,
                    2,
                    10
                ],
                [
                    -8,
                    1,
                    2
                ],
                [
                    5,
                    -7,
                    -6
                ],
                [
                    -5,
                    6,
                    -9
                ],
                [
                    -3,
                    -4,
                    -6
                ],
                [
                    1,
                    8,
                    -7
                ],
                [
                    4,
                    -3,
                    -1
                ],
                [
                    -10,
                    1,
                    6
                ],
                [
                    7,
                    -1,
                    8
                ],
                [
                    8,
                    6,
                    5
                ],
                [
                    -3,
                    9,
                    4
                ],
                [
                    -1,
                    6,
                    -2
                ],
                [
                    4,
                    9,
                    -10
                ],
                [
                    8,
                    -1,
                    3
                ],
                [
                    10,
                    -9,
                    5
                ],
                [
                    3,
                    7,
                    -10
                ]
            ],
            "{   'fun': 0.99,\n    'jac': None,\n    'nfev': 120,\n    'nit': 2,\n    'njev': 24,\n    'x': array([0.88076178, 0.31796452, 2.12763659, 2.22580624])}",
            {
                "1111111011": 1,
                "1011100010": 1,
                "1110111111": 1,
                "1111011000": 1,
                "0000101111": 1,
                "1100001000": 1,
                "1101010110": 1,
                "1111101111": 1,
                "0100000100": 1,
                "0111000010": 1,
                "0010110000": 1,
                "1000101011": 1,
                "0001010001": 1,
                "0000000001": 1,
                "0100000000": 1,
                "1010111101": 1,
                "1101000001": 1,
                "1110011100": 1,
                "0001010010": 1,
                "0110110110": 1,
                "1010101110": 1,
                "0111110001": 1,
                "0110110011": 1,
                "1101101000": 1,
                "0011001011": 1,
                "0101110101": 1,
                "0001000100": 1,
                "0001010000": 1,
                "0000011111": 1,
                "1100011000": 1,
                "1010010100": 1,
                "1000011110": 1,
                "0101010011": 1,
                "0001010111": 1,
                "0001101100": 1,
                "0100101100": 1,
                "0100111101": 1,
                "0011110001": 1,
                "0111101010": 1,
                "0111100101": 1,
                "1111101101": 1,
                "0101001010": 1,
                "1010011010": 1,
                "0001101101": 1,
                "0101000110": 1,
                "1000000011": 1,
                "1100110011": 1,
                "0011011001": 1,
                "1110000010": 1,
                "0111101001": 1,
                "1011101001": 1,
                "0010111010": 1,
                "1111100111": 1,
                "1010000010": 1,
                "0011011010": 1,
                "1000010000": 1,
                "0011001000": 1,
                "0100011001": 1,
                "1010101011": 1,
                "0100000110": 2,
                "1010010011": 1,
                "0111010010": 1,
                "1100000100": 1,
                "1010111110": 1,
                "0111001001": 1,
                "1110111110": 1,
                "0110101000": 1,
                "1001010011": 1,
                "1010001000": 1,
                "1000011001": 1,
                "0011101111": 1,
                "1001000111": 2,
                "0111010000": 2,
                "1111010111": 1,
                "0010101101": 1,
                "1011000010": 1,
                "0101110001": 1,
                "1001010100": 1,
                "0101001001": 2,
                "1010000111": 1,
                "1010110110": 1,
                "0101001110": 1,
                "0001110100": 1,
                "0000010111": 1,
                "1110110100": 1,
                "0100001111": 1,
                "1000111100": 1,
                "1000001010": 1,
                "1100101001": 1,
                "1011010010": 1,
                "0100111110": 1,
                "1011111011": 1,
                "0000000100": 1,
                "1110100011": 1,
                "1001000011": 1,
                "0110000000": 1
            },
            true,
            0.96
        ],
        [
            [
                [
                    -9,
                    5,
                    -1
                ],
                [
                    9,
                    2,
                    -3
                ],
                [
                    -7,
                    -3,
                    -2
                ],
                [
                    9,
                    -1,
                    5
                ],
                [
                    -3,
                    -1,
                    9
                ],
                [
                    8,
                    -6,
                    -7
                ],
                [
                    -2,
                    -4,
                    10
                ],
                [
                    -7,
                    10,
                    -6
                ],
                [
                    10,
                    -4,
                    8
                ],
                [
                    4,
                    7,
                    1
                ],
                [
                    10,
                    -7,
                    -6
                ],
                [
                    -9,
                    4,
                    7
                ],
                [
                    10,
                    1,
                    -4
                ],
                [
                    5,
                    -1,
                    6
                ],
                [
                    -10,
                    6,
                    -8
                ],
                [
                    5,
                    2,
                    10
                ],
                [
                    -6,
                    2,
                    10
                ],
                [
                    8,
                    -1,
                    -6
                ],
                [
                    -2,
                    4,
                    -8
                ],
                [
                    9,
                    8,
                    -10
                ],
                [
                    -1,
                    -5,
                    6
                ],
                [
                    4,
                    3,
                    6
                ],
                [
                    8,
                    9,
                    -3
                ],
                [
                    4,
                    -6,
                    -9
                ],
                [
                    -5,
                    9,
                    7
                ],
                [
                    3,
                    8,
                    -4
                ],
                [
                    4,
                    6,
                    10
                ],
                [
                    -7,
                    -1,
                    -6
                ],
                [
                    -10,
                    -7,
                    2
                ],
                [
                    -10,
                    -1,
                    5
                ],
                [
                    10,
                    -5,
                    4
                ],
                [
                    -3,
                    5,
                    -8
                ],
                [
                    10,
                    -3,
                    -4
                ],
                [
                    -2,
                    9,
                    -3
                ],
                [
                    2,
                    -5,
                    -7
                ],
                [
                    2,
                    -9,
                    6
                ],
                [
                    7,
                    -5,
                    -1
                ],
                [
                    -5,
                    -6,
                    9
                ],
                [
                    -10,
                    -2,
                    5
                ],
                [
                    7,
                    -8,
                    5
                ],
                [
                    -2,
                    8,
                    6
                ],
                [
                    -10,
                    -1,
                    -4
                ],
                [
                    4,
                    -9,
                    2
                ],
                [
                    1,
                    9,
                    -5
                ],
                [
                    2,
                    3,
                    -8
                ]
            ],
            "{   'fun': 0.99,\n    'jac': None,\n    'nfev': 100,\n    'nit': 0,\n    'njev': 20,\n    'x': array([1.35547066, 0.56570572, 1.36489077, 2.7854499 ])}",
            {
                "0011000100": 1,
                "0101010000": 1,
                "1111110110": 1,
                "0001011010": 1,
                "1111010010": 1,
                "0111001111": 1,
                "0001110100": 1,
                "1011111010": 1,
                "1001000111": 1,
                "0100000110": 1,
                "1010010011": 1,
                "1100000011": 1,
                "1001000100": 1,
                "1000010001": 1,
                "0100001011": 1,
                "1101100111": 1,
                "0110111001": 1,
                "0110101010": 1,
                "0001100011": 1,
                "1001100110": 2,
                "1110100011": 1,
                "1010011101": 1,
                "1010001110": 1,
                "0100101010": 2,
                "1100101100": 1,
                "0000011111": 1,
                "0101010111": 1,
                "0100101100": 1,
                "1010001111": 1,
                "0110101011": 1,
                "1010000011": 1,
                "0001011101": 1,
                "1001000110": 2,
                "1011000000": 1,
                "1100001010": 1,
                "0001111111": 1,
                "0001111001": 1,
                "1010111010": 1,
                "0110111000": 1,
                "0011100110": 1,
                "1000111101": 1,
                "0001100000": 1,
                "1111010000": 1,
                "1010111101": 1,
                "1001011011": 1,
                "0100111010": 1,
                "0110010000": 1,
                "0011101011": 1,
                "0110000010": 1,
                "0000111011": 1,
                "0000011000": 1,
                "1101110110": 2,
                "0101110111": 1,
                "0100000010": 1,
                "1010000101": 1,
                "0010000000": 1,
                "0010001100": 1,
                "1000000111": 1,
                "1100011100": 1,
                "1000110010": 1,
                "1000010011": 1,
                "1101101010": 1,
                "1110011011": 1,
                "0100000001": 1,
                "1010010000": 1,
                "0111001110": 1,
                "1001010110": 1,
                "0101100001": 1,
                "1001101110": 1,
                "1001110001": 1,
                "1001001000": 1,
                "1101001001": 2,
                "1100001100": 1,
                "0000100000": 1,
                "0011001100": 1,
                "1001000010": 1,
                "0010010000": 1,
                "1010110000": 1,
                "1000101110": 1,
                "1101101101": 1,
                "0000011011": 1,
                "1101111110": 1,
                "0001101010": 1,
                "1101100101": 1,
                "1101010011": 1,
                "1011110001": 1,
                "0011010010": 1,
                "0000110000": 1,
                "0001101100": 1,
                "1011110101": 1,
                "0001010111": 1,
                "1010110100": 1,
                "0010101001": 1,
                "0011011110": 1,
                "0101010110": 1
            },
            true,
            0.93
        ],
        [
            [
                [
                    10,
                    8,
                    3
                ],
                [
                    2,
                    9,
                    6
                ],
                [
                    10,
                    1,
                    -6
                ],
                [
                    2,
                    7,
                    -9
                ],
                [
                    7,
                    -9,
                    -4
                ],
                [
                    -9,
                    -7,
                    -4
                ],
                [
                    6,
                    5,
                    4
                ],
                [
                    10,
                    4,
                    7
                ],
                [
                    -8,
                    1,
                    3
                ],
                [
                    -9,
                    1,
                    5
                ],
                [
                    1,
                    -2,
                    -6
                ],
                [
                    10,
                    -5,
                    -6
                ],
                [
                    10,
                    -4,
                    -3
                ],
                [
                    -1,
                    -3,
                    6
                ],
                [
                    10,
                    2,
                    5
                ],
                [
                    7,
                    8,
                    -3
                ],
                [
                    -7,
                    -10,
                    -4
                ],
                [
                    3,
                    8,
                    -4
                ],
                [
                    -9,
                    8,
                    -1
                ],
                [
                    -2,
                    -10,
                    -7
                ],
                [
                    5,
                    1,
                    9
                ],
                [
                    -10,
                    4,
                    -8
                ],
                [
                    4,
                    2,
                    7
                ],
                [
                    9,
                    1,
                    -10
                ],
                [
                    -2,
                    -4,
                    -3
                ],
                [
                    -8,
                    -9,
                    1
                ],
                [
                    9,
                    -5,
                    3
                ],
                [
                    7,
                    -2,
                    3
                ],
                [
                    2,
                    8,
                    -10
                ],
                [
                    7,
                    -3,
                    -4
                ],
                [
                    -1,
                    3,
                    -2
                ],
                [
                    -6,
                    -4,
                    10
                ],
                [
                    -1,
                    10,
                    4
                ],
                [
                    -8,
                    -1,
                    3
                ],
                [
                    6,
                    -4,
                    -8
                ],
                [
                    -4,
                    2,
                    -6
                ],
                [
                    -3,
                    -9,
                    -8
                ],
                [
                    -8,
                    -4,
                    10
                ],
                [
                    -7,
                    -4,
                    3
                ],
                [
                    -1,
                    -7,
                    -6
                ],
                [
                    10,
                    2,
                    9
                ],
                [
                    -7,
                    -10,
                    6
                ],
                [
                    -4,
                    3,
                    -1
                ],
                [
                    4,
                    3,
                    9
                ],
                [
                    9,
                    -1,
                    3
                ]
            ],
            "{   'fun': 0.98,\n    'jac': None,\n    'nfev': 120,\n    'nit': 2,\n    'njev': 24,\n    'x': array([0.51438819, 2.74616045, 2.79808107, 2.79390883])}",
            {
                "0100111101": 1,
                "1001000010": 1,
                "1011110001": 1,
                "1100101010": 1,
                "1010000011": 1,
                "1000001011": 1,
                "0111100110": 1,
                "1001101011": 1,
                "0010100001": 1,
                "0110001011": 1,
                "1100110111": 1,
                "0000110100": 1,
                "1100001101": 1,
                "0101010111": 1,
                "1100100010": 1,
                "0011111001": 1,
                "0100110111": 1,
                "0100001011": 1,
                "1100000001": 1,
                "0000110011": 1,
                "0111100100": 1,
                "1101110101": 1,
                "1101010001": 1,
                "1011001100": 1,
                "1001011011": 1,
                "1011001000": 1,
                "0100001001": 1,
                "0000000010": 1,
                "0000110101": 2,
                "1110010010": 1,
                "0101101010": 1,
                "1110000011": 1,
                "0000001101": 1,
                "0001100100": 1,
                "0001100000": 1,
                "1110101001": 1,
                "0100110010": 1,
                "0100011110": 1,
                "1000110100": 1,
                "1011111011": 1,
                "1001100111": 1,
                "0110010000": 1,
                "1010000010": 1,
                "0111111001": 2,
                "1111100010": 1,
                "1001111011": 1,
                "0110001001": 1,
                "0011011110": 1,
                "0101010110": 1,
                "0010110010": 1,
                "1001110001": 2,
                "1010010000": 1,
                "1111110110": 1,
                "0011110010": 1,
                "0111011101": 1,
                "1001010000": 1,
                "1000010101": 1,
                "0110011010": 1,
                "0011011011": 1,
                "1001011110": 1,
                "0110011000": 1,
                "0001010110": 3,
                "1100110001": 1,
                "1111010110": 1,
                "1001101001": 1,
                "1111111010": 1,
                "1000011101": 1,
                "1101111001": 1,
                "0100000010": 1,
                "1001111000": 1,
                "0101110111": 1,
                "0011100001": 1,
                "0001111010": 1,
                "1111000001": 1,
                "1101010101": 1,
                "0111001100": 1,
                "1101011001": 1,
                "1010100100": 1,
                "0100100001": 1,
                "0010110110": 1,
                "1011101000": 1,
                "0111111111": 1,
                "1001100011": 1,
                "0100011001": 1,
                "1011001001": 1,
                "1011101010": 1,
                "1110011101": 1,
                "1101001101": 1,
                "0101100001": 1,
                "1011110111": 1,
                "0101000011": 1,
                "1100101110": 1,
                "0010101010": 1,
                "0001001100": 1,
                "1101111011": 1
            },
            true,
            0.95
        ]
    ]
}