{
    "n": 10,
    "m": 45,
    "results": [
        [
            [
                [
                    4,
                    6,
                    -10
                ],
                [
                    5,
                    3,
                    10
                ],
                [
                    -3,
                    6,
                    7
                ],
                [
                    -9,
                    -7,
                    10
                ],
                [
                    8,
                    9,
                    5
                ],
                [
                    -9,
                    -1,
                    -4
                ],
                [
                    -6,
                    2,
                    -9
                ],
                [
                    1,
                    -6,
                    8
                ],
                [
                    -8,
                    -5,
                    -3
                ],
                [
                    4,
                    5,
                    10
                ],
                [
                    8,
                    -7,
                    4
                ],
                [
                    -10,
                    6,
                    -9
                ],
                [
                    -4,
                    9,
                    7
                ],
                [
                    -9,
                    -1,
                    8
                ],
                [
                    -7,
                    -8,
                    10
                ],
                [
                    -3,
                    -5,
                    4
                ],
                [
                    -7,
                    -4,
                    1
                ],
                [
                    -4,
                    -7,
                    -3
                ],
                [
                    -2,
                    -5,
                    -10
                ],
                [
                    -7,
                    4,
                    6
                ],
                [
                    -7,
                    -1,
                    2
                ],
                [
                    4,
                    -9,
                    -1
                ],
                [
                    -10,
                    -1,
                    -8
                ],
                [
                    -1,
                    8,
                    -3
                ],
                [
                    -4,
                    5,
                    -9
                ],
                [
                    -4,
                    7,
                    6
                ],
                [
                    -5,
                    -6,
                    -9
                ],
                [
                    10,
                    -6,
                    1
                ],
                [
                    -9,
                    -10,
                    -6
                ],
                [
                    3,
                    -8,
                    -5
                ],
                [
                    -9,
                    5,
                    4
                ],
                [
                    -10,
                    4,
                    7
                ],
                [
                    -1,
                    -10,
                    6
                ],
                [
                    -9,
                    -6,
                    1
                ],
                [
                    -7,
                    10,
                    -9
                ],
                [
                    1,
                    9,
                    5
                ],
                [
                    8,
                    5,
                    2
                ],
                [
                    -7,
                    -9,
                    -1
                ],
                [
                    -2,
                    -3,
                    4
                ],
                [
                    10,
                    -7,
                    4
                ],
                [
                    8,
                    -5,
                    -2
                ],
                [
                    7,
                    3,
                    -9
                ],
                [
                    9,
                    -3,
                    -7
                ],
                [
                    8,
                    2,
                    5
                ],
                [
                    3,
                    -5,
                    10
                ]
            ],
            "{   'fun': 1.0,\n    'jac': None,\n    'nfev': 5,\n    'nit': 0,\n    'njev': 1,\n    'x': array([0.9942314 , 0.54689217, 0.10931673, 0.8711891 ])}",
            {
                "1110111010": 1,
                "1001101100": 1,
                "0110011101": 1,
                "0101110011": 1,
                "0110101011": 1,
                "0000001000": 1,
                "1010101001": 1,
                "1011110001": 1,
                "0011101100": 1,
                "0111100101": 1,
                "1110110011": 1,
                "1110000011": 1,
                "0101111001": 1,
                "0000100100": 1,
                "1001100111": 1,
                "1111011111": 1,
                "1100100100": 1,
                "0110000001": 1,
                "1010101101": 1,
                "1000101111": 1,
                "1111110110": 1,
                "1001011110": 1,
                "1000000110": 2,
                "0110100110": 1,
                "0011000111": 1,
                "0111111010": 1,
                "0101100011": 1,
                "1101100011": 1,
                "0010010111": 2,
                "0101101110": 1,
                "1001110011": 1,
                "0001001010": 1,
                "1011101001": 1,
                "0111011000": 1,
                "0101101000": 1,
                "0001011111": 1,
                "0100110000": 1,
                "1011010011": 1,
                "1110001101": 1,
                "1100110011": 1,
                "0110100000": 1,
                "0000010001": 1,
                "1111100110": 1,
                "0111101010": 1,
                "0001111101": 1,
                "0010000111": 1,
                "0000101111": 1,
                "1111110000": 1,
                "0111110101": 1,
                "0100101100": 1,
                "1000011101": 1,
                "1100101011": 1,
                "1100110111": 1,
                "0001001000": 1,
                "1111000010": 1,
                "1000100001": 1,
                "1101101101": 1,
                "0011001101": 1,
                "0000111000": 1,
                "1111010101": 1,
                "0000011011": 1,
                "1000111110": 1,
                "0110010011": 1,
                "0101000100": 1,
                "1001111000": 1,
                "1100011010": 1,
                "0101110111": 1,
                "0000110101": 1,
                "0110010010": 1,
                "0000001011": 2,
                "0001111010": 1,
                "1111000001": 1,
                "1110000100": 1,
                "0110000000": 1,
                "1100010100": 1,
                "0011001111": 2,
                "0010110000": 1,
                "1010110011": 1,
                "1011001000": 1,
                "0000111010": 1,
                "0111000100": 1,
                "0111101111": 1,
                "1011011011": 1,
                "1110101000": 1,
                "1111011001": 2,
                "1001110001": 1,
                "0101111101": 1,
                "0101001001": 1,
                "1100000011": 1,
                "0111111110": 1,
                "0011100101": 1,
                "0110110001": 1,
                "0110101111": 1,
                "1100000001": 1,
                "1100111101": 1
            },
            false,
            1.0
        ],
        [
            [
                [
                    -1,
                    -8,
                    5
                ],
                [
                    10,
                    5,
                    -1
                ],
                [
                    5,
                    8,
                    9
                ],
                [
                    4,
                    -10,
                    7
                ],
                [
                    4,
                    7,
                    -3
                ],
                [
                    2,
                    -10,
                    8
                ],
                [
                    3,
                    -8,
                    10
                ],
                [
                    -1,
                    4,
                    -6
                ],
                [
                    -6,
                    4,
                    3
                ],
                [
                    -5,
                    1,
                    -9
                ],
                [
                    -1,
                    8,
                    3
                ],
                [
                    7,
                    10,
                    -1
                ],
                [
                    -5,
                    9,
                    8
                ],
                [
                    -3,
                    5,
                    -10
                ],
                [
                    4,
                    -2,
                    5
                ],
                [
                    8,
                    4,
                    -1
                ],
                [
                    8,
                    7,
                    2
                ],
                [
                    -1,
                    9,
                    -7
                ],
                [
                    8,
                    9,
                    5
                ],
                [
                    -10,
                    9,
                    -4
                ],
                [
                    8,
                    3,
                    1
                ],
                [
                    -1,
                    8,
                    10
                ],
                [
                    8,
                    -5,
                    9
                ],
                [
                    -1,
                    -3,
                    5
                ],
                [
                    -10,
                    1,
                    8
                ],
                [
                    -3,
                    7,
                    -2
                ],
                [
                    -7,
                    2,
                    -6
                ],
                [
                    -9,
                    -3,
                    5
                ],
                [
                    -4,
                    7,
                    -8
                ],
                [
                    -3,
                    4,
                    -6
                ],
                [
                    1,
                    3,
                    10
                ],
                [
                    -7,
                    -3,
                    -9
                ],
                [
                    -4,
                    9,
                    -7
                ],
                [
                    -2,
                    -5,
                    6
                ],
                [
                    -7,
                    4,
                    -5
                ],
                [
                    10,
                    -2,
                    -6
                ],
                [
                    -7,
                    -1,
                    6
                ],
                [
                    4,
                    -8,
                    3
                ],
                [
                    -4,
                    2,
                    -6
                ],
                [
                    -2,
                    10,
                    -6
                ],
                [
                    -10,
                    -8,
                    6
                ],
                [
                    6,
                    7,
                    9
                ],
                [
                    -6,
                    3,
                    -5
                ],
                [
                    1,
                    9,
                    -4
                ],
                [
                    5,
                    10,
                    2
                ]
            ],
            "{   'fun': 1.0,\n    'jac': None,\n    'nfev': 105,\n    'nit': 0,\n    'njev': 21,\n    'x': array([0.28672592, 1.39678086, 2.72992658, 1.35219818])}",
            {
                "1101011001": 1,
                "0001010111": 1,
                "0101010011": 1,
                "0010110110": 1,
                "1001111101": 1,
                "0101001001": 1,
                "0001110010": 1,
                "1101010001": 1,
                "1110011011": 1,
                "1011010100": 1,
                "1101111101": 1,
                "0100000101": 1,
                "1110100000": 1,
                "0100101011": 1,
                "1010100000": 1,
                "1111101010": 1,
                "0111111110": 1,
                "1101010011": 1,
                "0010010100": 1,
                "0100000111": 1,
                "0111011101": 1,
                "1010110100": 1,
                "0110100111": 1,
                "1111000100": 1,
                "0011110010": 1,
                "1001011101": 1,
                "0101110110": 1,
                "1110100101": 1,
                "1110111110": 1,
                "1011011000": 1,
                "1101101101": 1,
                "0111000000": 1,
                "1101101110": 1,
                "0001101001": 1,
                "1000010011": 1,
                "0101101110": 1,
                "1101111110": 1,
                "1011111111": 1,
                "1101010010": 1,
                "0101011101": 1,
                "1010010000": 1,
                "0101110001": 1,
                "0000100110": 1,
                "0001101000": 1,
                "1100110000": 1,
                "0101101001": 1,
                "0001010110": 2,
                "0000001000": 1,
                "0000111101": 1,
                "1100010010": 1,
                "0110011000": 1,
                "0010101110": 1,
                "0101101101": 1,
                "1000011101": 1,
                "0100101100": 1,
                "1111101000": 1,
                "0011010000": 1,
                "0110101011": 1,
                "0110110000": 1,
                "1010001101": 1,
                "1010110101": 1,
                "1101011010": 2,
                "0011100110": 1,
                "0001100100": 1,
                "1110101010": 1,
                "0100010000": 1,
                "0001001100": 1,
                "1010001001": 1,
                "0011000001": 1,
                "1011101100": 1,
                "0111000110": 1,
                "0110110100": 1,
                "1001011111": 1,
                "0000000111": 1,
                "0010010001": 1,
                "0110011010": 1,
                "0010011011": 1,
                "0110100000": 1,
                "0101101111": 1,
                "1100000110": 1,
                "0000111100": 1,
                "1001000000": 1,
                "1101100010": 2,
                "0111111111": 1,
                "0100001010": 1,
                "0010000011": 1,
                "1010100111": 1,
                "0101001000": 1,
                "0011010100": 1,
                "0110010101": 1,
                "1011110111": 1,
                "0011100111": 1,
                "0101100001": 1,
                "1010101011": 1,
                "0101111000": 1,
                "0010101000": 1,
                "1100011100": 1
            },
            false,
            0.96
        ],
        [
            [
                [
                    2,
                    4,
                    5
                ],
                [
                    -9,
                    -2,
                    3
                ],
                [
                    -9,
                    -7,
                    -10
                ],
                [
                    -6,
                    -10,
                    8
                ],
                [
                    -9,
                    -3,
                    2
                ],
                [
                    10,
                    4,
                    3
                ],
                [
                    4,
                    -6,
                    1
                ],
                [
                    -5,
                    -4,
                    -7
                ],
                [
                    2,
                    -8,
                    5
                ],
                [
                    10,
                    5,
                    -7
                ],
                [
                    -3,
                    1,
                    8
                ],
                [
                    -3,
                    4,
                    -7
                ],
                [
                    2,
                    -1,
                    5
                ],
                [
                    -4,
                    -10,
                    2
                ],
                [
                    -5,
                    -10,
                    -2
                ],
                [
                    6,
                    -5,
                    3
                ],
                [
                    -6,
                    9,
                    -2
                ],
                [
                    -9,
                    3,
                    7
                ],
                [
                    -3,
                    6,
                    -9
                ],
                [
                    -7,
                    -10,
                    -5
                ],
                [
                    9,
                    10,
                    -6
                ],
                [
                    2,
                    -6,
                    -5
                ],
                [
                    2,
                    -10,
                    1
                ],
                [
                    7,
                    6,
                    -8
                ],
                [
                    6,
                    -10,
                    -5
                ],
                [
                    8,
                    7,
                    -6
                ],
                [
                    10,
                    -1,
                    -2
                ],
                [
                    8,
                    9,
                    -3
                ],
                [
                    3,
                    10,
                    -8
                ],
                [
                    -6,
                    3,
                    8
                ],
                [
                    -10,
                    -2,
                    -8
                ],
                [
                    -2,
                    -9,
                    -3
                ],
                [
                    1,
                    -9,
                    2
                ],
                [
                    -4,
                    1,
                    10
                ],
                [
                    -7,
                    4,
                    -5
                ],
                [
                    3,
                    -1,
                    -5
                ],
                [
                    -4,
                    10,
                    2
                ],
                [
                    3,
                    -8,
                    -6
                ],
                [
                    5,
                    -1,
                    -7
                ],
                [
                    4,
                    3,
                    1
                ],
                [
                    2,
                    -10,
                    -8
                ],
                [
                    -4,
                    5,
                    10
                ],
                [
                    -8,
                    5,
                    -7
                ],
                [
                    -5,
                    -3,
                    6
                ],
                [
                    10,
                    -4,
                    -3
                ]
            ],
            "{   'fun': 1.0,\n    'jac': None,\n    'nfev': 120,\n    'nit': 2,\n    'njev': 24,\n    'x': array([0.35828231, 1.37681108, 1.14326123, 0.29526393])}",
            {
                "0011101011": 1,
                "0111001110": 1,
                "1011010100": 1,
                "1000111111": 1,
                "0110111000": 1,
                "1100011010": 1,
                "1001010100": 1,
                "1010011001": 1,
                "1001111100": 1,
                "0000010011": 1,
                "0101111010": 1,
                "0011110010": 1,
                "0010001110": 1,
                "0000001001": 1,
                "0100111100": 1,
                "1111110100": 1,
                "1001110100": 1,
                "0001001011": 1,
                "0111111010": 1,
                "0111111110": 1,
                "1111011010": 1,
                "0110100101": 1,
                "1100011110": 1,
                "1100101110": 1,
                "0001100110": 1,
                "1101000110": 1,
                "1100111011": 1,
                "0010001001": 1,
                "1000010101": 1,
                "1001100001": 1,
                "0011010101": 1,
                "0010000001": 1,
                "0010111011": 1,
                "0010010100": 1,
                "0010000110": 1,
                "1111010000": 1,
                "1100101100": 1,
                "0110101100": 1,
                "0101000101": 1,
                "0111000010": 1,
                "0001011100": 1,
                "0100001100": 1,
                "0010110000": 2,
                "0100101100": 1,
                "1010101100": 1,
                "0101001000": 1,
                "0000011101": 1,
                "1110000011": 1,
                "0101010111": 1,
                "1000011010": 2,
                "0011010111": 1,
                "0111110101": 1,
                "0000000100": 1,
                "1110100011": 1,
                "0000001110": 1,
                "0011100100": 1,
                "0100111000": 1,
                "1100100010": 1,
                "1011101000": 1,
                "0110010100": 2,
                "0111000111": 1,
                "0101010110": 1,
                "1000100100": 1,
                "1111101000": 1,
                "0001000111": 1,
                "1011001000": 1,
                "0101001110": 1,
                "0101001011": 1,
                "0110001101": 1,
                "0011101001": 1,
                "0011001110": 1,
                "1000000000": 1,
                "0100000010": 1,
                "1011011010": 1,
                "0111000110": 1,
                "1110101010": 1,
                "0110110010": 1,
                "0111101011": 1,
                "0100010010": 1,
                "1010110101": 1,
                "0101101111": 1,
                "1110011000": 1,
                "1101000000": 1,
                "0110100000": 1,
                "1000001101": 1,
                "1110001111": 1,
                "1100111001": 1,
                "0101000110": 1,
                "0101110100": 1,
                "0111101000": 1,
                "0010001011": 1,
                "0101000100": 1,
                "1100101101": 1,
                "0100100000": 1,
                "0111111100": 1,
                "1010110111": 1,
                "1001111101": 1
            },
            false,
            0.98
        ],
        [
            [
                [
                    10,
                    2,
                    -3
                ],
                [
                    -6,
                    -3,
                    -4
                ],
                [
                    8,
                    -6,
                    3
                ],
                [
                    -3,
                    -10,
                    -1
                ],
                [
                    6,
                    -3,
                    -5
                ],
                [
                    -1,
                    -8,
                    9
                ],
                [
                    6,
                    -2,
                    8
                ],
                [
                    6,
                    2,
                    1
                ],
                [
                    -7,
                    -4,
                    -6
                ],
                [
                    7,
                    -3,
                    5
                ],
                [
                    -8,
                    -10,
                    9
                ],
                [
                    4,
                    -7,
                    2
                ],
                [
                    -6,
                    9,
                    -8
                ],
                [
                    8,
                    9,
                    2
                ],
                [
                    5,
                    -6,
                    -7
                ],
                [
                    1,
                    -5,
                    -4
                ],
                [
                    9,
                    6,
                    3
                ],
                [
                    6,
                    5,
                    -1
                ],
                [
                    -4,
                    3,
                    -5
                ],
                [
                    -4,
                    -9,
                    -8
                ],
                [
                    -5,
                    -1,
                    -2
                ],
                [
                    5,
                    3,
                    10
                ],
                [
                    -10,
                    7,
                    5
                ],
                [
                    2,
                    9,
                    4
                ],
                [
                    8,
                    2,
                    10
                ],
                [
                    -10,
                    4,
                    -5
                ],
                [
                    6,
                    5,
                    -2
                ],
                [
                    5,
                    -9,
                    -8
                ],
                [
                    1,
                    -2,
                    -5
                ],
                [
                    -1,
                    -8,
                    5
                ],
                [
                    8,
                    -10,
                    3
                ],
                [
                    6,
                    2,
                    7
                ],
                [
                    5,
                    4,
                    10
                ],
                [
                    -6,
                    5,
                    7
                ],
                [
                    -2,
                    7,
                    6
                ],
                [
                    -6,
                    8,
                    9
                ],
                [
                    -10,
                    2,
                    -8
                ],
                [
                    -4,
                    -5,
                    -9
                ],
                [
                    -10,
                    -5,
                    1
                ],
                [
                    -7,
                    -10,
                    -2
                ],
                [
                    -5,
                    -6,
                    2
                ],
                [
                    1,
                    3,
                    10
                ],
                [
                    3,
                    5,
                    7
                ],
                [
                    8,
                    -10,
                    7
                ],
                [
                    2,
                    -8,
                    4
                ]
            ],
            "{   'fun': 1.0,\n    'jac': None,\n    'nfev': 5,\n    'nit': 0,\n    'njev': 1,\n    'x': array([1.4004297 , 0.42343266, 1.58876697, 2.8190626 ])}",
            {
                "1100000000": 1,
                "0010101111": 1,
                "0101110011": 1,
                "0110110000": 1,
                "0110111111": 1,
                "0010011101": 1,
                "1011001111": 1,
                "1001100101": 1,
                "0111010110": 1,
                "0000001111": 1,
                "1001000010": 1,
                "1110100100": 1,
                "0110101110": 1,
                "1110001110": 1,
                "1011111101": 1,
                "0011001011": 1,
                "0001011011": 1,
                "1101100100": 1,
                "0001011000": 1,
                "1000110111": 1,
                "1110001001": 1,
                "1010101010": 1,
                "0101110100": 1,
                "0100000011": 1,
                "1010011010": 1,
                "1001110111": 2,
                "0011100000": 1,
                "0000111100": 1,
                "0110110010": 1,
                "1001011010": 1,
                "1111011101": 1,
                "0000000111": 2,
                "0101111000": 1,
                "1001101001": 1,
                "0000001001": 2,
                "0011101100": 1,
                "1111010111": 2,
                "0100001010": 1,
                "0001010000": 1,
                "1001100001": 1,
                "1011100101": 1,
                "0010100111": 1,
                "1011111110": 1,
                "1010111010": 1,
                "1100100011": 1,
                "1010001111": 1,
                "0000111110": 2,
                "0101110010": 1,
                "0000101000": 1,
                "0111000101": 1,
                "0111111101": 1,
                "1100011000": 1,
                "0001011001": 1,
                "1001000110": 2,
                "0100111000": 1,
                "0110011101": 1,
                "1100001001": 1,
                "0110110100": 2,
                "0110111101": 1,
                "0001000111": 1,
                "1000101110": 1,
                "0011000101": 1,
                "0011111001": 1,
                "1110001010": 1,
                "1001111010": 1,
                "1100011100": 1,
                "0010110110": 1,
                "0111100110": 1,
                "0111001001": 1,
                "1101101100": 1,
                "0101010001": 1,
                "0000000011": 1,
                "1111101101": 1,
                "1100001000": 1,
                "0111000001": 1,
                "0000110001": 1,
                "0100011010": 1,
                "0100010011": 1,
                "1001000000": 1,
                "1010111100": 1,
                "0111000010": 1,
                "0011000011": 1,
                "1110110001": 1,
                "1011110111": 1,
                "0011100111": 1,
                "0111100000": 3,
                "1010100110": 1,
                "1100001011": 1,
                "0110010001": 1,
                "0100010100": 1,
                "0110000101": 1
            },
            false,
            1.0
        ],
        [
            [
                [
                    -7,
                    10,
                    8
                ],
                [
                    4,
                    7,
                    5
                ],
                [
                    -2,
                    10,
                    -1
                ],
                [
                    1,
                    8,
                    9
                ],
                [
                    -3,
                    2,
                    10
                ],
                [
                    -5,
                    -3,
                    8
                ],
                [
                    10,
                    6,
                    -3
                ],
                [
                    2,
                    4,
                    -5
                ],
                [
                    -6,
                    5,
                    -1
                ],
                [
                    -1,
                    2,
                    -8
                ],
                [
                    -4,
                    -7,
                    -2
                ],
                [
                    -8,
                    -3,
                    -9
                ],
                [
                    -6,
                    -9,
                    -7
                ],
                [
                    -2,
                    -4,
                    9
                ],
                [
                    -10,
                    4,
                    6
                ],
                [
                    3,
                    -6,
                    1
                ],
                [
                    -8,
                    -2,
                    3
                ],
                [
                    1,
                    9,
                    -3
                ],
                [
                    -1,
                    5,
                    -2
                ],
                [
                    5,
                    -9,
                    1
                ],
                [
                    7,
                    4,
                    2
                ],
                [
                    6,
                    -5,
                    3
                ],
                [
                    -3,
                    10,
                    4
                ],
                [
                    -10,
                    -9,
                    1
                ],
                [
                    -9,
                    -5,
                    2
                ],
                [
                    2,
                    -7,
                    3
                ],
                [
                    3,
                    9,
                    -5
                ],
                [
                    6,
                    -8,
                    1
                ],
                [
                    -7,
                    -8,
                    5
                ],
                [
                    -10,
                    -8,
                    7
                ],
                [
                    1,
                    -9,
                    -7
                ],
                [
                    7,
                    -4,
                    6
                ],
                [
                    -9,
                    2,
                    5
                ],
                [
                    -8,
                    3,
                    -5
                ],
                [
                    -4,
                    -6,
                    -1
                ],
                [
                    -2,
                    -3,
                    8
                ],
                [
                    -10,
                    -2,
                    7
                ],
                [
                    8,
                    1,
                    -2
                ],
                [
                    -6,
                    5,
                    -9
                ],
                [
                    2,
                    7,
                    6
                ],
                [
                    -6,
                    8,
                    3
                ],
                [
                    2,
                    7,
                    -9
                ],
                [
                    1,
                    2,
                    -9
                ],
                [
                    -9,
                    -7,
                    -10
                ],
                [
                    2,
                    7,
                    -9
                ]
            ],
            "{   'fun': 0.98,\n    'jac': None,\n    'nfev': 90,\n    'nit': 1,\n    'njev': 18,\n    'x': array([3.0026989 , 1.89771731, 0.36097942, 0.3293701 ])}",
            {
                "1110110101": 1,
                "1100111011": 1,
                "0111100011": 1,
                "1010000001": 1,
                "1010101001": 1,
                "1000100111": 1,
                "1110100010": 1,
                "1001100010": 1,
                "1101010101": 1,
                "1001111001": 1,
                "0110100101": 1,
                "0101000001": 1,
                "1011101010": 1,
                "1000100101": 1,
                "0000100010": 1,
                "0111001011": 1,
                "0101001000": 1,
                "0100001011": 1,
                "1010001011": 1,
                "1101000101": 1,
                "0011011101": 1,
                "1110010110": 1,
                "1011111101": 1,
                "1001101011": 1,
                "1101110001": 1,
                "1011010011": 1,
                "0001110100": 1,
                "1011100100": 1,
                "0101000000": 1,
                "0101111110": 1,
                "1001000000": 1,
                "0001011010": 1,
                "1100010100": 2,
                "1101110000": 1,
                "0010101011": 2,
                "1001001101": 3,
                "0101101011": 1,
                "1000111100": 1,
                "1010100111": 1,
                "1001000010": 1,
                "1100110001": 1,
                "0010010101": 1,
                "1110100000": 1,
                "1011100011": 1,
                "0010111101": 1,
                "1111000101": 1,
                "0110100110": 1,
                "0001010111": 1,
                "0111111010": 1,
                "0100111010": 1,
                "0001010001": 1,
                "0011101011": 1,
                "1000111010": 1,
                "1011111000": 1,
                "1001001000": 1,
                "1111011100": 2,
                "1001100100": 1,
                "1111010100": 2,
                "0011111001": 1,
                "1011110111": 4,
                "1100101110": 1,
                "1100010101": 1,
                "1001010110": 1,
                "1010110110": 1,
                "1010000111": 1,
                "0000011000": 1,
                "1011100010": 1,
                "1011110100": 1,
                "0100110010": 1,
                "1010111100": 1,
                "0011110100": 1,
                "1100110110": 1,
                "1111111100": 1,
                "1111101011": 1,
                "0111011111": 1,
                "1110111001": 1,
                "0010010011": 1,
                "1000100010": 1,
                "0100000100": 2,
                "1011000111": 1,
                "0010001110": 1,
                "1111000100": 1,
                "0010000110": 1,
                "1010110011": 1,
                "1001000100": 1,
                "1011001000": 1,
                "0000011100": 1,
                "0010110001": 1,
                "0001011011": 1,
                "0011010011": 1
            },
            true,
            0.93
        ]
    ]
}