{
    "n": 10,
    "m": 45,
    "results": [
        [
            [
                [
                    -5,
                    8,
                    -2
                ],
                [
                    3,
                    -2,
                    -7
                ],
                [
                    6,
                    -2,
                    1
                ],
                [
                    -1,
                    2,
                    -9
                ],
                [
                    -6,
                    -4,
                    8
                ],
                [
                    6,
                    -8,
                    5
                ],
                [
                    5,
                    -1,
                    2
                ],
                [
                    5,
                    4,
                    -2
                ],
                [
                    -10,
                    6,
                    2
                ],
                [
                    -2,
                    -5,
                    -4
                ],
                [
                    9,
                    -2,
                    8
                ],
                [
                    3,
                    -8,
                    9
                ],
                [
                    -9,
                    7,
                    4
                ],
                [
                    -8,
                    -3,
                    10
                ],
                [
                    6,
                    -3,
                    1
                ],
                [
                    -4,
                    -6,
                    8
                ],
                [
                    -6,
                    -7,
                    -5
                ],
                [
                    6,
                    1,
                    7
                ],
                [
                    -3,
                    2,
                    -9
                ],
                [
                    1,
                    -4,
                    -7
                ],
                [
                    -9,
                    -4,
                    -5
                ],
                [
                    -10,
                    -2,
                    6
                ],
                [
                    -4,
                    -3,
                    5
                ],
                [
                    10,
                    7,
                    -3
                ],
                [
                    -6,
                    9,
                    1
                ],
                [
                    4,
                    -8,
                    -2
                ],
                [
                    6,
                    4,
                    2
                ],
                [
                    1,
                    -9,
                    -5
                ],
                [
                    -6,
                    -2,
                    -9
                ],
                [
                    -4,
                    10,
                    3
                ],
                [
                    -3,
                    10,
                    7
                ],
                [
                    -8,
                    9,
                    1
                ],
                [
                    -7,
                    8,
                    -3
                ],
                [
                    1,
                    5,
                    -10
                ],
                [
                    2,
                    -10,
                    6
                ],
                [
                    5,
                    10,
                    9
                ],
                [
                    3,
                    -4,
                    -1
                ],
                [
                    -1,
                    2,
                    -7
                ],
                [
                    7,
                    -3,
                    -6
                ],
                [
                    -10,
                    -2,
                    -8
                ],
                [
                    10,
                    -5,
                    -1
                ],
                [
                    3,
                    5,
                    6
                ],
                [
                    -3,
                    -10,
                    4
                ],
                [
                    -8,
                    -1,
                    -5
                ],
                [
                    1,
                    -8,
                    -2
                ]
            ],
            "{   'fun': 1.0,\n    'jac': None,\n    'nfev': 135,\n    'nit': 3,\n    'njev': 27,\n    'x': array([0.9942314 , 0.54689499, 0.10931669, 0.87119191])}",
            {
                "1001100011": 1,
                "1111101001": 1,
                "0111000010": 1,
                "1000001101": 1,
                "1110011111": 1,
                "0110010110": 1,
                "0101010011": 1,
                "1111000001": 1,
                "0101011010": 1,
                "0000111111": 1,
                "0111100001": 1,
                "1000010110": 1,
                "0001111001": 1,
                "0110011100": 1,
                "0000001111": 1,
                "0000000111": 1,
                "0111001110": 1,
                "0101100000": 1,
                "1111010110": 1,
                "0000000000": 1,
                "1011001001": 1,
                "0111101100": 1,
                "0010001100": 1,
                "1000011001": 1,
                "0111100111": 1,
                "1010011111": 1,
                "1101000110": 1,
                "1011001100": 2,
                "1011100101": 1,
                "0100001000": 1,
                "0011110010": 2,
                "1101101010": 1,
                "0010001111": 2,
                "1011000010": 1,
                "0101100010": 1,
                "0100110101": 1,
                "1000111111": 1,
                "0001001101": 2,
                "1010010110": 1,
                "1011010000": 1,
                "1010111101": 1,
                "0000111000": 1,
                "0111101000": 1,
                "0000011111": 1,
                "0010000111": 1,
                "0100101001": 1,
                "0110010000": 1,
                "1101110100": 1,
                "1010111100": 1,
                "0010111000": 1,
                "1101011111": 1,
                "0011111111": 1,
                "0100101011": 1,
                "0110111010": 1,
                "0010111111": 1,
                "0011101110": 1,
                "0111011011": 1,
                "0100000001": 1,
                "1000111010": 1,
                "0011111110": 1,
                "1110100111": 1,
                "0111100100": 1,
                "0011011100": 1,
                "0100011110": 1,
                "1001111010": 1,
                "1100010110": 1,
                "1011111000": 1,
                "0000000010": 1,
                "1000000011": 2,
                "1001000010": 1,
                "1101110111": 1,
                "1000100001": 1,
                "0001100100": 1,
                "0110101011": 1,
                "0010011001": 1,
                "0111010001": 1,
                "1000111001": 1,
                "0111100110": 1,
                "1011110001": 1,
                "1100010011": 1,
                "0011001000": 1,
                "1010101011": 1,
                "1111001111": 1,
                "1111011011": 1,
                "1100101000": 1,
                "0110000000": 1,
                "0010011101": 1,
                "0011110111": 1,
                "1100100001": 1,
                "0010001010": 1,
                "1100111111": 1,
                "0110101010": 1,
                "0110100111": 1,
                "1110011100": 1,
                "0001010010": 1
            },
            false,
            0.97
        ],
        [
            [
                [
                    -9,
                    -2,
                    -10
                ],
                [
                    10,
                    5,
                    3
                ],
                [
                    -6,
                    -2,
                    1
                ],
                [
                    1,
                    4,
                    8
                ],
                [
                    6,
                    -8,
                    -7
                ],
                [
                    -6,
                    2,
                    8
                ],
                [
                    7,
                    -4,
                    -2
                ],
                [
                    -9,
                    -3,
                    -5
                ],
                [
                    2,
                    -5,
                    6
                ],
                [
                    6,
                    9,
                    4
                ],
                [
                    -10,
                    8,
                    7
                ],
                [
                    -5,
                    6,
                    8
                ],
                [
                    6,
                    -5,
                    2
                ],
                [
                    -7,
                    8,
                    -3
                ],
                [
                    10,
                    3,
                    8
                ],
                [
                    -8,
                    -4,
                    -3
                ],
                [
                    -4,
                    -5,
                    -2
                ],
                [
                    -9,
                    -6,
                    -8
                ],
                [
                    2,
                    10,
                    9
                ],
                [
                    -5,
                    -6,
                    8
                ],
                [
                    5,
                    -4,
                    8
                ],
                [
                    3,
                    -8,
                    5
                ],
                [
                    -7,
                    -4,
                    -2
                ],
                [
                    -4,
                    -7,
                    8
                ],
                [
                    -5,
                    1,
                    -2
                ],
                [
                    6,
                    9,
                    -3
                ],
                [
                    -5,
                    9,
                    -6
                ],
                [
                    6,
                    -3,
                    -7
                ],
                [
                    5,
                    1,
                    7
                ],
                [
                    -4,
                    -7,
                    10
                ],
                [
                    7,
                    1,
                    -6
                ],
                [
                    3,
                    9,
                    -6
                ],
                [
                    3,
                    -2,
                    -9
                ],
                [
                    2,
                    10,
                    1
                ],
                [
                    2,
                    -8,
                    -9
                ],
                [
                    1,
                    -10,
                    -9
                ],
                [
                    -6,
                    -2,
                    9
                ],
                [
                    10,
                    2,
                    -9
                ],
                [
                    -5,
                    6,
                    1
                ],
                [
                    -3,
                    -4,
                    -9
                ],
                [
                    -9,
                    -6,
                    1
                ],
                [
                    -6,
                    1,
                    4
                ],
                [
                    -1,
                    -2,
                    -3
                ],
                [
                    -5,
                    4,
                    6
                ],
                [
                    4,
                    2,
                    9
                ]
            ],
            "{   'fun': 0.99,\n    'jac': None,\n    'nfev': 105,\n    'nit': 0,\n    'njev': 21,\n    'x': array([0.28672592, 1.39678086, 2.72992658, 1.35219818])}",
            {
                "1111110111": 1,
                "0000111011": 1,
                "0001010100": 1,
                "0101011100": 1,
                "0001010001": 1,
                "0010101111": 1,
                "1000111010": 1,
                "0101011010": 1,
                "0000100101": 1,
                "1010110101": 1,
                "0110110010": 1,
                "1011100100": 1,
                "0101010011": 1,
                "1011100011": 1,
                "0000000000": 1,
                "1100100001": 1,
                "0000011011": 1,
                "1111001000": 1,
                "0100000101": 1,
                "1111010110": 1,
                "0100110001": 1,
                "1110110010": 1,
                "1010101000": 1,
                "1111001110": 1,
                "1111010111": 1,
                "1011000010": 1,
                "0110111110": 1,
                "1110100111": 1,
                "1110110100": 2,
                "1110001011": 1,
                "0100100010": 1,
                "1101000010": 1,
                "1011111100": 1,
                "1101011010": 1,
                "1110010010": 1,
                "0100010111": 1,
                "1101010000": 1,
                "0001100000": 2,
                "1001000101": 1,
                "0110110001": 1,
                "0101010101": 1,
                "0101111001": 1,
                "1101011101": 1,
                "1111000100": 1,
                "0011110000": 1,
                "0011101110": 1,
                "1001000010": 1,
                "1011010010": 1,
                "0101100100": 1,
                "1001101110": 1,
                "0100001011": 1,
                "0100001100": 1,
                "0101010010": 1,
                "0101111010": 1,
                "1110001001": 1,
                "1000110110": 1,
                "0111111110": 1,
                "1000000001": 1,
                "0001111011": 1,
                "1010001000": 1,
                "1110011010": 1,
                "0011011001": 1,
                "1111011001": 1,
                "0011111100": 1,
                "0010001011": 1,
                "1111101010": 1,
                "0010010110": 1,
                "1011100110": 1,
                "0000110111": 1,
                "0010001010": 1,
                "1100011000": 1,
                "1001111011": 1,
                "0000010001": 1,
                "0111010000": 1,
                "1010010001": 1,
                "1000110001": 1,
                "1110111111": 2,
                "0001111100": 1,
                "1000010101": 1,
                "0111111011": 1,
                "1100110101": 1,
                "0000101101": 1,
                "1100010110": 1,
                "1100000000": 1,
                "1011011000": 1,
                "0110000010": 1,
                "1010001110": 1,
                "0000011010": 1,
                "1100111110": 1,
                "0110001010": 1,
                "0101110010": 1,
                "0100111010": 1,
                "1000011101": 1,
                "0101000000": 1,
                "1111001001": 1,
                "0001110011": 1,
                "1101110000": 1
            },
            true,
            0.97
        ],
        [
            [
                [
                    2,
                    3,
                    4
                ],
                [
                    2,
                    3,
                    -1
                ],
                [
                    -5,
                    2,
                    -6
                ],
                [
                    -2,
                    -4,
                    -3
                ],
                [
                    -4,
                    8,
                    10
                ],
                [
                    -10,
                    9,
                    3
                ],
                [
                    7,
                    4,
                    6
                ],
                [
                    -8,
                    -6,
                    4
                ],
                [
                    -7,
                    -10,
                    -4
                ],
                [
                    -5,
                    2,
                    -9
                ],
                [
                    10,
                    -9,
                    -2
                ],
                [
                    9,
                    5,
                    -8
                ],
                [
                    -3,
                    1,
                    6
                ],
                [
                    -3,
                    -6,
                    9
                ],
                [
                    5,
                    -8,
                    -9
                ],
                [
                    -8,
                    3,
                    -2
                ],
                [
                    -2,
                    8,
                    7
                ],
                [
                    -1,
                    8,
                    7
                ],
                [
                    8,
                    -4,
                    3
                ],
                [
                    5,
                    -1,
                    -6
                ],
                [
                    3,
                    -9,
                    -10
                ],
                [
                    -8,
                    -5,
                    2
                ],
                [
                    6,
                    -1,
                    5
                ],
                [
                    9,
                    -3,
                    6
                ],
                [
                    -1,
                    4,
                    -5
                ],
                [
                    10,
                    6,
                    8
                ],
                [
                    -1,
                    8,
                    -2
                ],
                [
                    10,
                    4,
                    -9
                ],
                [
                    7,
                    -1,
                    3
                ],
                [
                    10,
                    -9,
                    6
                ],
                [
                    5,
                    -9,
                    -3
                ],
                [
                    7,
                    -10,
                    9
                ],
                [
                    -5,
                    -1,
                    -6
                ],
                [
                    -1,
                    3,
                    6
                ],
                [
                    -8,
                    -3,
                    -1
                ],
                [
                    -10,
                    -4,
                    -5
                ],
                [
                    -10,
                    -6,
                    -3
                ],
                [
                    8,
                    3,
                    -4
                ],
                [
                    7,
                    -6,
                    -2
                ],
                [
                    5,
                    -1,
                    10
                ],
                [
                    8,
                    -10,
                    -7
                ],
                [
                    -8,
                    -4,
                    -3
                ],
                [
                    -7,
                    -2,
                    -3
                ],
                [
                    10,
                    -8,
                    6
                ],
                [
                    -10,
                    -5,
                    8
                ]
            ],
            "{   'fun': 1.0,\n    'jac': None,\n    'nfev': 105,\n    'nit': 1,\n    'njev': 21,\n    'x': array([0.35828231, 1.37680514, 1.14326123, 0.29526393])}",
            {
                "1101011101": 1,
                "1000001000": 1,
                "0000100000": 1,
                "1011101000": 1,
                "0110100101": 1,
                "0101100001": 1,
                "1001011110": 1,
                "1011110101": 1,
                "1000010011": 1,
                "1100000101": 1,
                "0101011010": 1,
                "1111001010": 1,
                "0010110010": 1,
                "0001011001": 1,
                "1110000001": 1,
                "0110100001": 1,
                "0000011110": 1,
                "1100100111": 1,
                "1110001111": 1,
                "1001111001": 1,
                "0111001110": 1,
                "1001011011": 1,
                "1111110000": 1,
                "1100100011": 1,
                "1110010100": 1,
                "0111100111": 1,
                "0010111001": 1,
                "0001100111": 1,
                "1010010000": 1,
                "1101011111": 1,
                "0101110001": 1,
                "0100000111": 1,
                "1001010101": 1,
                "0000011100": 1,
                "0001000111": 1,
                "0000100101": 1,
                "1010011100": 2,
                "1000010111": 1,
                "0110101001": 1,
                "1110101011": 1,
                "0100111000": 1,
                "0111101111": 1,
                "0110001010": 1,
                "1010001000": 1,
                "0111110010": 1,
                "1101110010": 1,
                "1101100000": 1,
                "1101010101": 1,
                "0101010000": 2,
                "1010101010": 1,
                "1101110011": 1,
                "1010010011": 1,
                "0101111110": 1,
                "1010010010": 1,
                "1101011110": 1,
                "0100001111": 1,
                "0101100101": 1,
                "1011101011": 2,
                "0100010101": 1,
                "1001010011": 1,
                "1001101110": 1,
                "0100101111": 1,
                "0111010100": 1,
                "0110001111": 1,
                "0100110010": 1,
                "0000000101": 1,
                "1011100001": 1,
                "1010000110": 1,
                "1110001100": 1,
                "0101000111": 1,
                "1100101000": 2,
                "0010000101": 1,
                "0011101111": 1,
                "0100000010": 1,
                "0110001011": 1,
                "0010101110": 1,
                "1100111111": 1,
                "1110111100": 1,
                "0110111101": 1,
                "1010001001": 1,
                "1010011101": 1,
                "1110100010": 1,
                "1010011011": 1,
                "1000111000": 1,
                "1001111000": 1,
                "0101111100": 1,
                "0101110010": 1,
                "0011000010": 1,
                "1010011001": 1,
                "1110011111": 1,
                "0110010010": 1,
                "0101101111": 1,
                "0011000100": 1,
                "0111110111": 1,
                "1011010110": 2
            },
            false,
            0.98
        ],
        [
            [
                [
                    9,
                    5,
                    2
                ],
                [
                    8,
                    -7,
                    10
                ],
                [
                    -1,
                    -3,
                    8
                ],
                [
                    5,
                    -9,
                    -8
                ],
                [
                    -8,
                    -3,
                    -6
                ],
                [
                    7,
                    -5,
                    3
                ],
                [
                    -7,
                    -9,
                    2
                ],
                [
                    -8,
                    7,
                    3
                ],
                [
                    -6,
                    -7,
                    -3
                ],
                [
                    1,
                    2,
                    7
                ],
                [
                    -3,
                    8,
                    -1
                ],
                [
                    2,
                    -3,
                    -5
                ],
                [
                    -1,
                    -7,
                    -2
                ],
                [
                    4,
                    8,
                    3
                ],
                [
                    5,
                    10,
                    -9
                ],
                [
                    -2,
                    7,
                    -9
                ],
                [
                    4,
                    10,
                    1
                ],
                [
                    -5,
                    -2,
                    8
                ],
                [
                    -2,
                    -6,
                    3
                ],
                [
                    -6,
                    7,
                    -10
                ],
                [
                    -9,
                    -2,
                    1
                ],
                [
                    -6,
                    -7,
                    -8
                ],
                [
                    -9,
                    -10,
                    -7
                ],
                [
                    6,
                    -2,
                    8
                ],
                [
                    -10,
                    2,
                    4
                ],
                [
                    -6,
                    9,
                    -3
                ],
                [
                    -1,
                    9,
                    2
                ],
                [
                    8,
                    7,
                    6
                ],
                [
                    -7,
                    -1,
                    5
                ],
                [
                    -8,
                    -9,
                    2
                ],
                [
                    7,
                    -6,
                    9
                ],
                [
                    7,
                    -5,
                    -8
                ],
                [
                    -1,
                    -2,
                    9
                ],
                [
                    9,
                    10,
                    -5
                ],
                [
                    1,
                    -8,
                    -7
                ],
                [
                    8,
                    -6,
                    7
                ],
                [
                    -5,
                    1,
                    -9
                ],
                [
                    3,
                    -10,
                    -7
                ],
                [
                    5,
                    9,
                    7
                ],
                [
                    5,
                    6,
                    7
                ],
                [
                    -3,
                    1,
                    4
                ],
                [
                    -9,
                    -10,
                    -6
                ],
                [
                    4,
                    2,
                    8
                ],
                [
                    9,
                    1,
                    5
                ],
                [
                    -7,
                    4,
                    8
                ]
            ],
            "{   'fun': 1.0,\n    'jac': None,\n    'nfev': 5,\n    'nit': 0,\n    'njev': 1,\n    'x': array([1.4004297 , 0.42343266, 1.58876697, 2.8190626 ])}",
            {
                "0101011111": 1,
                "1100010010": 1,
                "1101110101": 1,
                "1110001011": 1,
                "0000111011": 1,
                "0010111010": 1,
                "0001001101": 1,
                "0000111010": 1,
                "0111101111": 1,
                "1101100101": 1,
                "0000010010": 1,
                "0101011011": 1,
                "1011000101": 1,
                "0101011001": 2,
                "0011111100": 1,
                "0001101111": 1,
                "1001001101": 1,
                "1110010000": 1,
                "0001101001": 1,
                "1100011010": 2,
                "1101111100": 1,
                "1010110100": 1,
                "1111110111": 1,
                "0101110100": 1,
                "1010101111": 1,
                "1011111101": 1,
                "0011101100": 1,
                "0001100111": 1,
                "0010111001": 1,
                "0111010011": 1,
                "0101100100": 1,
                "0010110001": 1,
                "1011011010": 1,
                "1101111001": 2,
                "1011000001": 1,
                "1010011101": 1,
                "0100001100": 1,
                "0000010000": 1,
                "0110010000": 1,
                "1010010011": 1,
                "1110101101": 1,
                "1001010111": 1,
                "0001000110": 1,
                "0010000111": 1,
                "1101010101": 1,
                "1110110101": 1,
                "1000110100": 1,
                "0111100001": 2,
                "1111010010": 1,
                "1100100111": 1,
                "1101110001": 1,
                "1011100111": 1,
                "1100001111": 1,
                "0010011011": 1,
                "0110100000": 1,
                "1110011000": 1,
                "1101010000": 1,
                "1000010111": 1,
                "1101100010": 1,
                "1111100010": 1,
                "1101010001": 1,
                "0101011010": 1,
                "1110010111": 1,
                "0110110101": 1,
                "0101101001": 1,
                "0101010111": 1,
                "1010011001": 1,
                "1010111101": 1,
                "0110000100": 1,
                "1010011111": 1,
                "0110010111": 1,
                "1100001011": 1,
                "0111111111": 1,
                "1010010111": 2,
                "1101010111": 1,
                "1011110000": 1,
                "1010001000": 1,
                "1100010101": 1,
                "0100010011": 1,
                "1111001010": 2,
                "0110010011": 1,
                "1000011111": 1,
                "1100110100": 1,
                "0100001011": 1,
                "0100111000": 1,
                "1001011110": 1,
                "0001100001": 1,
                "0001010111": 1,
                "0001101100": 1,
                "1111101110": 1,
                "1001110110": 1,
                "1000000000": 1,
                "0000100101": 2
            },
            false,
            1.0
        ],
        [
            [
                [
                    -5,
                    -10,
                    -6
                ],
                [
                    -1,
                    -4,
                    -7
                ],
                [
                    -10,
                    6,
                    -8
                ],
                [
                    4,
                    6,
                    -2
                ],
                [
                    4,
                    6,
                    -2
                ],
                [
                    7,
                    -1,
                    2
                ],
                [
                    8,
                    6,
                    3
                ],
                [
                    -3,
                    -7,
                    -8
                ],
                [
                    -6,
                    -3,
                    -1
                ],
                [
                    9,
                    7,
                    -1
                ],
                [
                    3,
                    -5,
                    6
                ],
                [
                    6,
                    -2,
                    4
                ],
                [
                    2,
                    -6,
                    -3
                ],
                [
                    10,
                    -3,
                    1
                ],
                [
                    4,
                    10,
                    5
                ],
                [
                    7,
                    -4,
                    -9
                ],
                [
                    3,
                    1,
                    -7
                ],
                [
                    -7,
                    -5,
                    -10
                ],
                [
                    10,
                    4,
                    -6
                ],
                [
                    -2,
                    6,
                    1
                ],
                [
                    9,
                    -3,
                    -6
                ],
                [
                    -10,
                    -2,
                    8
                ],
                [
                    -4,
                    9,
                    3
                ],
                [
                    -2,
                    1,
                    8
                ],
                [
                    2,
                    7,
                    4
                ],
                [
                    -5,
                    6,
                    -3
                ],
                [
                    7,
                    -2,
                    -4
                ],
                [
                    -6,
                    -2,
                    5
                ],
                [
                    -10,
                    4,
                    -1
                ],
                [
                    2,
                    5,
                    10
                ],
                [
                    -4,
                    -10,
                    6
                ],
                [
                    6,
                    3,
                    -4
                ],
                [
                    -6,
                    10,
                    1
                ],
                [
                    4,
                    -3,
                    -6
                ],
                [
                    -1,
                    3,
                    -10
                ],
                [
                    -5,
                    -4,
                    -9
                ],
                [
                    4,
                    7,
                    -10
                ],
                [
                    5,
                    -2,
                    10
                ],
                [
                    -7,
                    -3,
                    10
                ],
                [
                    2,
                    -8,
                    4
                ],
                [
                    -8,
                    7,
                    -2
                ],
                [
                    -10,
                    1,
                    -8
                ],
                [
                    -7,
                    2,
                    10
                ],
                [
                    7,
                    -3,
                    -1
                ],
                [
                    -5,
                    -7,
                    2
                ]
            ],
            "{   'fun': 1.0,\n    'jac': None,\n    'nfev': 180,\n    'nit': 4,\n    'njev': 36,\n    'x': array([3.00269971, 1.89771868, 0.36098081, 0.32937135])}",
            {
                "1010101001": 1,
                "1001110011": 1,
                "1001111101": 1,
                "0100010001": 1,
                "1101000100": 1,
                "1100100101": 1,
                "1101100001": 1,
                "1111100110": 1,
                "1101110110": 1,
                "0000101111": 1,
                "1010011001": 1,
                "1010111110": 1,
                "1110001010": 1,
                "0011000101": 1,
                "1111101100": 1,
                "0110111001": 1,
                "1001101100": 1,
                "1001100000": 1,
                "0010110010": 1,
                "1000000011": 1,
                "1001000110": 1,
                "0100001001": 1,
                "0111011101": 1,
                "1010110100": 1,
                "1001100011": 1,
                "1101101001": 1,
                "1100100100": 1,
                "1100011111": 1,
                "1111110110": 1,
                "0001001101": 1,
                "1001000100": 1,
                "0000110110": 1,
                "0001010010": 1,
                "1010110001": 1,
                "1110111101": 1,
                "0010011111": 1,
                "1011100001": 1,
                "0100001101": 1,
                "1001101010": 1,
                "0011001111": 1,
                "1111010110": 1,
                "1101001100": 1,
                "0111111101": 1,
                "0010111001": 1,
                "1110110111": 1,
                "1110111000": 1,
                "1100111011": 1,
                "1110001011": 1,
                "0100111000": 1,
                "0011110111": 1,
                "0111100000": 1,
                "0011011000": 1,
                "0011110100": 1,
                "0100110010": 1,
                "0111000000": 1,
                "0100010110": 1,
                "1100011101": 1,
                "0010001100": 1,
                "1010000110": 1,
                "1011011111": 1,
                "0110000000": 1,
                "0110000111": 2,
                "1001000011": 1,
                "0001001100": 1,
                "0010101010": 1,
                "0000010110": 1,
                "1110110000": 1,
                "0010111000": 1,
                "0010100000": 1,
                "1001011010": 1,
                "0100000101": 1,
                "0001110110": 1,
                "1001111111": 1,
                "0101011100": 1,
                "0100110001": 1,
                "0001011100": 1,
                "1111001000": 1,
                "1001110101": 1,
                "0001010000": 2,
                "1111011011": 2,
                "0101111110": 1,
                "0100000110": 1,
                "0111101110": 1,
                "0110011100": 1,
                "0001010011": 1,
                "1001111001": 1,
                "1100110101": 2,
                "1101010000": 1,
                "1101111000": 1,
                "0010011011": 1,
                "1110101100": 1,
                "0010011110": 1,
                "0101000010": 1,
                "0101001011": 1,
                "1100000100": 1,
                "0111010010": 1
            },
            false,
            0.92
        ]
    ]
}