{
    "n": 10,
    "m": 45,
    "results": [
        [
            [
                [
                    -5,
                    -8,
                    -9
                ],
                [
                    -4,
                    -8,
                    -10
                ],
                [
                    3,
                    -7,
                    -8
                ],
                [
                    3,
                    -6,
                    -10
                ],
                [
                    3,
                    7,
                    -4
                ],
                [
                    7,
                    -9,
                    -10
                ],
                [
                    5,
                    10,
                    9
                ],
                [
                    -10,
                    9,
                    -2
                ],
                [
                    8,
                    7,
                    9
                ],
                [
                    4,
                    5,
                    -7
                ],
                [
                    -4,
                    2,
                    -1
                ],
                [
                    -3,
                    -8,
                    -4
                ],
                [
                    -10,
                    9,
                    2
                ],
                [
                    -10,
                    9,
                    -7
                ],
                [
                    -2,
                    1,
                    -3
                ],
                [
                    2,
                    6,
                    -5
                ],
                [
                    -8,
                    -3,
                    1
                ],
                [
                    5,
                    -9,
                    -1
                ],
                [
                    6,
                    -10,
                    -5
                ],
                [
                    -4,
                    -9,
                    -6
                ],
                [
                    -3,
                    8,
                    4
                ],
                [
                    2,
                    -7,
                    -4
                ],
                [
                    -2,
                    7,
                    9
                ],
                [
                    -1,
                    -2,
                    -5
                ],
                [
                    9,
                    4,
                    10
                ],
                [
                    -4,
                    -6,
                    5
                ],
                [
                    -6,
                    9,
                    -4
                ],
                [
                    -2,
                    5,
                    7
                ],
                [
                    7,
                    8,
                    -6
                ],
                [
                    -1,
                    4,
                    -9
                ],
                [
                    3,
                    8,
                    1
                ],
                [
                    5,
                    -1,
                    -8
                ],
                [
                    9,
                    -3,
                    2
                ],
                [
                    -1,
                    2,
                    7
                ],
                [
                    6,
                    1,
                    4
                ],
                [
                    4,
                    -2,
                    10
                ],
                [
                    -9,
                    -1,
                    3
                ],
                [
                    2,
                    -6,
                    -7
                ],
                [
                    -7,
                    4,
                    2
                ],
                [
                    -9,
                    -8,
                    5
                ],
                [
                    -6,
                    10,
                    4
                ],
                [
                    -7,
                    1,
                    -10
                ],
                [
                    4,
                    -6,
                    -1
                ],
                [
                    -10,
                    -4,
                    5
                ],
                [
                    7,
                    -1,
                    9
                ]
            ],
            "{   'fun': 3.43,\n    'jac': None,\n    'nfev': 44,\n    'nit': None,\n    'njev': None,\n    'x': array([1.85683602, 2.68407714, 0.17631708, 0.48684164])}",
            {
                "0100100111": 1,
                "0000110101": 1,
                "0011111100": 1,
                "1101111100": 1,
                "1000100010": 1,
                "1100001100": 1,
                "0100110101": 1,
                "0100110011": 1,
                "1110000100": 1,
                "1101101100": 1,
                "1101101000": 1,
                "0001100110": 1,
                "1111101100": 1,
                "1111100010": 1,
                "0010010110": 1,
                "0010110111": 1,
                "0011001010": 1,
                "1110100111": 1,
                "1111111000": 1,
                "0001000010": 1,
                "0111001100": 1,
                "0110011011": 1,
                "0100000110": 1,
                "0011000011": 1,
                "0111111010": 2,
                "0111100101": 1,
                "0001110110": 1,
                "1111111011": 1,
                "0011111010": 3,
                "1111001000": 1,
                "0001101010": 1,
                "0000100011": 1,
                "1011100010": 1,
                "1111101010": 2,
                "0010001011": 1,
                "1100001000": 1,
                "1101000000": 1,
                "0111001010": 1,
                "0000010011": 2,
                "0000010111": 2,
                "0001110100": 2,
                "0101001010": 2,
                "0001100100": 1,
                "1111101110": 1,
                "0010110010": 1,
                "0010111101": 1,
                "1100101011": 1,
                "1101011111": 1,
                "1100101100": 1,
                "0000000110": 1,
                "0110110011": 2,
                "0101011010": 1,
                "1101001000": 1,
                "0100110010": 1,
                "0000001010": 1,
                "0011100010": 1,
                "0001101100": 1,
                "0011000010": 5,
                "0100111010": 1,
                "0000100110": 1,
                "0010000100": 1,
                "0101101111": 1,
                "1111000010": 1,
                "1010001110": 1,
                "1111101011": 1,
                "1111111010": 1,
                "0001000100": 1,
                "0010110011": 3,
                "1100001001": 1,
                "1011101010": 1,
                "1000100100": 1,
                "0010010010": 1,
                "0001000001": 1,
                "1111110110": 1,
                "0101101000": 2,
                "0101000010": 1,
                "0110010101": 1,
                "0101001000": 3,
                "1010001011": 1,
                "0110111101": 1,
                "1110111101": 1,
                "0001100010": 1
            },
            false,
            2.94
        ],
        [
            [
                [
                    4,
                    5,
                    6
                ],
                [
                    4,
                    -5,
                    -10
                ],
                [
                    10,
                    -9,
                    -3
                ],
                [
                    1,
                    7,
                    5
                ],
                [
                    -5,
                    2,
                    -1
                ],
                [
                    -3,
                    9,
                    8
                ],
                [
                    -9,
                    -10,
                    2
                ],
                [
                    7,
                    -8,
                    -2
                ],
                [
                    7,
                    -5,
                    -6
                ],
                [
                    -5,
                    9,
                    3
                ],
                [
                    -10,
                    -6,
                    7
                ],
                [
                    -7,
                    2,
                    -6
                ],
                [
                    5,
                    10,
                    1
                ],
                [
                    2,
                    -8,
                    -4
                ],
                [
                    1,
                    6,
                    7
                ],
                [
                    -9,
                    8,
                    10
                ],
                [
                    -8,
                    -9,
                    6
                ],
                [
                    -4,
                    9,
                    6
                ],
                [
                    2,
                    9,
                    3
                ],
                [
                    3,
                    7,
                    9
                ],
                [
                    2,
                    -1,
                    10
                ],
                [
                    -5,
                    -10,
                    4
                ],
                [
                    -4,
                    10,
                    8
                ],
                [
                    7,
                    -6,
                    -9
                ],
                [
                    -3,
                    -2,
                    9
                ],
                [
                    -2,
                    -9,
                    5
                ],
                [
                    -8,
                    -5,
                    -10
                ],
                [
                    -9,
                    -2,
                    10
                ],
                [
                    2,
                    -8,
                    -4
                ],
                [
                    10,
                    -6,
                    9
                ],
                [
                    9,
                    -3,
                    -1
                ],
                [
                    7,
                    4,
                    -5
                ],
                [
                    -8,
                    -2,
                    -6
                ],
                [
                    -5,
                    -10,
                    -6
                ],
                [
                    -10,
                    -1,
                    2
                ],
                [
                    -5,
                    -8,
                    -4
                ],
                [
                    1,
                    9,
                    -7
                ],
                [
                    -10,
                    4,
                    8
                ],
                [
                    6,
                    -10,
                    -4
                ],
                [
                    2,
                    8,
                    -7
                ],
                [
                    -2,
                    -3,
                    -5
                ],
                [
                    -4,
                    3,
                    5
                ],
                [
                    -9,
                    2,
                    -10
                ],
                [
                    1,
                    9,
                    2
                ],
                [
                    10,
                    -8,
                    5
                ]
            ],
            "{   'fun': 5.8,\n    'jac': None,\n    'nfev': 39,\n    'nit': None,\n    'njev': None,\n    'x': array([1.75133942, 0.3552639 , 3.16441722, 3.12585225])}",
            {
                "0111010100": 1,
                "0001010000": 1,
                "0100001100": 1,
                "1101000101": 1,
                "0110010000": 1,
                "0011111000": 1,
                "0001000011": 1,
                "0001010011": 1,
                "1010001001": 1,
                "1100110111": 1,
                "1011001101": 1,
                "1101001000": 1,
                "1000101010": 1,
                "0111010101": 1,
                "0111110100": 1,
                "1101100100": 1,
                "1000100110": 1,
                "0111111011": 1,
                "0000000111": 1,
                "0000100010": 1,
                "1111010101": 1,
                "1000011000": 1,
                "0100011010": 1,
                "0111010011": 1,
                "0010111000": 2,
                "0111110111": 1,
                "0000010010": 1,
                "1000000111": 1,
                "1101000111": 1,
                "1000110010": 1,
                "0101110111": 1,
                "1111110000": 1,
                "1111010111": 1,
                "0001011100": 2,
                "0111011101": 1,
                "0011010110": 1,
                "1011100011": 1,
                "0011101111": 1,
                "1110010010": 1,
                "0101010011": 1,
                "0101101101": 1,
                "1111111111": 1,
                "0000000101": 1,
                "0001110101": 2,
                "1001100101": 2,
                "1010101111": 1,
                "1110001101": 1,
                "1110100100": 1,
                "0001101110": 1,
                "0111000000": 1,
                "0001011011": 1,
                "1100110010": 2,
                "0100011111": 1,
                "1001001100": 1,
                "0100100001": 1,
                "0000111011": 1,
                "1001010110": 1,
                "0101100001": 1,
                "1000001101": 1,
                "0100010010": 1,
                "1101010111": 1,
                "1000011100": 1,
                "1010100111": 1,
                "1111110001": 2,
                "0100011110": 1,
                "1110110000": 1,
                "1110000000": 2,
                "0001111101": 1,
                "1110101111": 1,
                "1000010001": 1,
                "1100000001": 1,
                "1100001101": 1,
                "1000111000": 1,
                "0111100111": 1,
                "0000000010": 1,
                "0010000010": 1,
                "0000000100": 1,
                "1011111011": 1,
                "1110100011": 1,
                "1110110010": 1,
                "0010010010": 1,
                "1110110101": 1,
                "0011101110": 1,
                "1000111010": 1,
                "1100111100": 1,
                "1110011100": 1,
                "0011001010": 1,
                "0010110111": 1,
                "1101101001": 1,
                "1101101011": 1,
                "1100110001": 1,
                "1100011111": 1,
                "1001011100": 1
            },
            false,
            5.19
        ],
        [
            [
                [
                    4,
                    8,
                    5
                ],
                [
                    -3,
                    6,
                    9
                ],
                [
                    8,
                    -2,
                    10
                ],
                [
                    -6,
                    10,
                    -2
                ],
                [
                    -6,
                    4,
                    1
                ],
                [
                    10,
                    6,
                    9
                ],
                [
                    5,
                    9,
                    2
                ],
                [
                    -10,
                    -1,
                    8
                ],
                [
                    -2,
                    9,
                    -3
                ],
                [
                    5,
                    1,
                    -4
                ],
                [
                    -2,
                    -5,
                    4
                ],
                [
                    4,
                    -1,
                    -6
                ],
                [
                    3,
                    8,
                    -10
                ],
                [
                    -9,
                    7,
                    5
                ],
                [
                    -2,
                    7,
                    -4
                ],
                [
                    -1,
                    3,
                    5
                ],
                [
                    -8,
                    -3,
                    1
                ],
                [
                    9,
                    -4,
                    -3
                ],
                [
                    -2,
                    9,
                    1
                ],
                [
                    7,
                    8,
                    -3
                ],
                [
                    1,
                    -2,
                    9
                ],
                [
                    -2,
                    -5,
                    -10
                ],
                [
                    -10,
                    6,
                    -8
                ],
                [
                    10,
                    -6,
                    -2
                ],
                [
                    3,
                    -7,
                    10
                ],
                [
                    2,
                    4,
                    8
                ],
                [
                    -3,
                    -1,
                    7
                ],
                [
                    8,
                    5,
                    -9
                ],
                [
                    -1,
                    4,
                    6
                ],
                [
                    10,
                    9,
                    8
                ],
                [
                    -4,
                    -3,
                    -6
                ],
                [
                    -8,
                    -4,
                    -3
                ],
                [
                    -5,
                    -8,
                    -2
                ],
                [
                    9,
                    8,
                    3
                ],
                [
                    -4,
                    8,
                    5
                ],
                [
                    -4,
                    -8,
                    -9
                ],
                [
                    -9,
                    7,
                    3
                ],
                [
                    -9,
                    -6,
                    -3
                ],
                [
                    9,
                    1,
                    -5
                ],
                [
                    -7,
                    -5,
                    -9
                ],
                [
                    -10,
                    3,
                    2
                ],
                [
                    -2,
                    -7,
                    -9
                ],
                [
                    9,
                    3,
                    -8
                ],
                [
                    -8,
                    9,
                    -3
                ],
                [
                    -7,
                    4,
                    -9
                ]
            ],
            "{   'fun': 5.38,\n    'jac': None,\n    'nfev': 43,\n    'nit': None,\n    'njev': None,\n    'x': array([1.22971696, 1.60608407, 2.095313  , 1.3124142 ])}",
            {
                "0111111001": 1,
                "1100111111": 1,
                "0100000100": 1,
                "1111101111": 1,
                "0100001011": 1,
                "0010111011": 2,
                "0110000000": 1,
                "0000101011": 1,
                "1111111100": 1,
                "1010011110": 1,
                "1101100011": 1,
                "0000010101": 1,
                "0011011011": 1,
                "0100111011": 1,
                "0001110011": 1,
                "1011100101": 1,
                "1111000000": 1,
                "1100000110": 1,
                "0110000110": 1,
                "1010100010": 2,
                "0100011111": 1,
                "0000010100": 1,
                "0110101010": 1,
                "0011111100": 1,
                "0100001010": 1,
                "0101100000": 1,
                "0010010001": 1,
                "0111100000": 2,
                "0010111010": 2,
                "0001010010": 1,
                "0000110110": 1,
                "0010000110": 1,
                "1000110110": 1,
                "1010100001": 1,
                "1001110100": 1,
                "1010111001": 1,
                "1000100000": 2,
                "0011110001": 1,
                "0111001010": 1,
                "0010011010": 1,
                "0010011011": 1,
                "0011001110": 1,
                "1101100110": 1,
                "1000000000": 1,
                "0000101110": 1,
                "0111110101": 2,
                "1001010011": 1,
                "1010101010": 1,
                "0111001001": 1,
                "0011001010": 1,
                "0010110111": 1,
                "0001101101": 1,
                "0100010010": 1,
                "1011010001": 1,
                "1011110110": 1,
                "0001111111": 2,
                "0110011101": 1,
                "1000011111": 1,
                "1111000100": 1,
                "0110001100": 1,
                "0011110010": 1,
                "1110001000": 1,
                "1010100101": 1,
                "0011010001": 1,
                "1110010001": 1,
                "1111011010": 1,
                "0101101100": 2,
                "1011111101": 1,
                "1010101101": 2,
                "1001100100": 1,
                "0001110110": 1,
                "0100000101": 1,
                "1100101100": 1,
                "0011111101": 1,
                "1100100011": 1,
                "1101110010": 3,
                "1111000010": 1,
                "1100111110": 1,
                "1110010000": 1,
                "0000100000": 1,
                "1001011111": 2,
                "0101000000": 1,
                "0100000110": 1,
                "1011011001": 1,
                "0010101000": 1,
                "1001010100": 1,
                "1111001100": 1,
                "0101011010": 1
            },
            false,
            4.96
        ],
        [
            [
                [
                    7,
                    -2,
                    9
                ],
                [
                    8,
                    7,
                    3
                ],
                [
                    -7,
                    1,
                    -2
                ],
                [
                    -1,
                    -6,
                    10
                ],
                [
                    -1,
                    -10,
                    -4
                ],
                [
                    -2,
                    6,
                    -4
                ],
                [
                    -8,
                    10,
                    2
                ],
                [
                    4,
                    -8,
                    -3
                ],
                [
                    9,
                    10,
                    7
                ],
                [
                    5,
                    10,
                    -4
                ],
                [
                    -4,
                    -3,
                    -10
                ],
                [
                    1,
                    -3,
                    -4
                ],
                [
                    7,
                    8,
                    -1
                ],
                [
                    8,
                    -1,
                    5
                ],
                [
                    5,
                    4,
                    10
                ],
                [
                    10,
                    -3,
                    -7
                ],
                [
                    3,
                    7,
                    5
                ],
                [
                    -8,
                    -1,
                    4
                ],
                [
                    10,
                    -2,
                    -1
                ],
                [
                    4,
                    2,
                    6
                ],
                [
                    2,
                    8,
                    4
                ],
                [
                    -10,
                    -8,
                    -4
                ],
                [
                    4,
                    -6,
                    3
                ],
                [
                    7,
                    2,
                    5
                ],
                [
                    1,
                    -8,
                    2
                ],
                [
                    -5,
                    6,
                    3
                ],
                [
                    6,
                    1,
                    -9
                ],
                [
                    6,
                    -1,
                    5
                ],
                [
                    8,
                    3,
                    -5
                ],
                [
                    -8,
                    -1,
                    6
                ],
                [
                    8,
                    9,
                    1
                ],
                [
                    2,
                    9,
                    1
                ],
                [
                    -5,
                    7,
                    3
                ],
                [
                    -3,
                    -5,
                    1
                ],
                [
                    -9,
                    8,
                    7
                ],
                [
                    3,
                    -1,
                    -8
                ],
                [
                    2,
                    9,
                    5
                ],
                [
                    3,
                    1,
                    -9
                ],
                [
                    7,
                    -10,
                    -1
                ],
                [
                    2,
                    -7,
                    -9
                ],
                [
                    -1,
                    -8,
                    -4
                ],
                [
                    10,
                    4,
                    7
                ],
                [
                    3,
                    -8,
                    1
                ],
                [
                    -2,
                    6,
                    -7
                ],
                [
                    -6,
                    5,
                    4
                ]
            ],
            "{   'fun': 5.78,\n    'jac': None,\n    'nfev': 45,\n    'nit': None,\n    'njev': None,\n    'x': array([2.19357712, 0.89400117, 2.11102909, 1.24150967])}",
            {
                "0100010010": 1,
                "0101001001": 1,
                "1110010011": 1,
                "1100100000": 1,
                "1110111111": 1,
                "1110011101": 1,
                "0111010010": 1,
                "1111000111": 1,
                "1100010011": 1,
                "0101101111": 1,
                "0111110100": 1,
                "0111100111": 1,
                "1101111111": 1,
                "1100001100": 1,
                "0110111100": 1,
                "1010001000": 1,
                "0101010100": 1,
                "1011100001": 1,
                "0010010010": 1,
                "0100111100": 1,
                "0100011111": 1,
                "0000101000": 1,
                "1110001101": 1,
                "0101110111": 1,
                "1110010010": 1,
                "0101001010": 1,
                "0010011111": 1,
                "1001111001": 1,
                "0011110001": 1,
                "1110011000": 1,
                "1111110001": 2,
                "1101101011": 1,
                "0101110110": 1,
                "1101000110": 1,
                "0000011111": 1,
                "1001110110": 1,
                "0000011000": 1,
                "1011011000": 2,
                "0111010110": 1,
                "1000100011": 1,
                "1100100010": 2,
                "1000111011": 1,
                "0010101111": 1,
                "0011101100": 1,
                "1011001010": 1,
                "1110101010": 1,
                "1001011011": 1,
                "1011101011": 1,
                "0101011000": 1,
                "1010010100": 1,
                "1001001000": 1,
                "1100101011": 1,
                "1010111011": 1,
                "0000010101": 1,
                "1101101001": 1,
                "1101100010": 2,
                "0111001001": 1,
                "0001100010": 1,
                "0100101000": 1,
                "1111001111": 1,
                "1011000000": 2,
                "1101111100": 1,
                "0011100110": 2,
                "0110111101": 1,
                "0001001111": 1,
                "1111111111": 1,
                "1010111101": 1,
                "0011011111": 1,
                "1110111010": 1,
                "0001110010": 1,
                "0000110110": 1,
                "1011111010": 1,
                "0000001001": 1,
                "0110110100": 2,
                "1001110101": 1,
                "0001111010": 1,
                "1000011111": 1,
                "1010010110": 1,
                "0101010101": 1,
                "1101000100": 1,
                "1101111011": 1,
                "1110000000": 1,
                "1111010111": 1,
                "1011001011": 1,
                "1000111100": 1,
                "0100011110": 1,
                "0000100100": 1,
                "1010101000": 1,
                "0001001011": 1,
                "1011000101": 1,
                "0001001000": 1,
                "0000011101": 1,
                "1110001001": 1
            },
            false,
            5.15
        ],
        [
            [
                [
                    10,
                    7,
                    -9
                ],
                [
                    6,
                    -1,
                    -9
                ],
                [
                    -7,
                    -6,
                    -9
                ],
                [
                    -6,
                    7,
                    9
                ],
                [
                    1,
                    -2,
                    -5
                ],
                [
                    -2,
                    7,
                    -10
                ],
                [
                    -2,
                    -5,
                    1
                ],
                [
                    -2,
                    -4,
                    8
                ],
                [
                    -7,
                    1,
                    6
                ],
                [
                    10,
                    -6,
                    -4
                ],
                [
                    9,
                    8,
                    -10
                ],
                [
                    -6,
                    -1,
                    -8
                ],
                [
                    -5,
                    -2,
                    7
                ],
                [
                    7,
                    -9,
                    6
                ],
                [
                    7,
                    -10,
                    -8
                ],
                [
                    -5,
                    4,
                    -3
                ],
                [
                    6,
                    -1,
                    -9
                ],
                [
                    -7,
                    1,
                    -3
                ],
                [
                    -1,
                    -2,
                    8
                ],
                [
                    -10,
                    7,
                    1
                ],
                [
                    -6,
                    7,
                    -8
                ],
                [
                    -1,
                    -10,
                    -9
                ],
                [
                    5,
                    7,
                    -9
                ],
                [
                    -1,
                    -10,
                    9
                ],
                [
                    1,
                    7,
                    -5
                ],
                [
                    -4,
                    -2,
                    10
                ],
                [
                    9,
                    -6,
                    -4
                ],
                [
                    9,
                    -8,
                    -7
                ],
                [
                    -6,
                    -3,
                    2
                ],
                [
                    5,
                    9,
                    -6
                ],
                [
                    9,
                    -5,
                    -10
                ],
                [
                    9,
                    5,
                    2
                ],
                [
                    3,
                    -1,
                    -6
                ],
                [
                    1,
                    -7,
                    3
                ],
                [
                    -4,
                    9,
                    5
                ],
                [
                    -6,
                    -7,
                    -1
                ],
                [
                    4,
                    -3,
                    -1
                ],
                [
                    5,
                    -3,
                    8
                ],
                [
                    6,
                    -5,
                    -2
                ],
                [
                    5,
                    7,
                    8
                ],
                [
                    3,
                    -5,
                    -9
                ],
                [
                    2,
                    8,
                    3
                ],
                [
                    5,
                    3,
                    9
                ],
                [
                    -8,
                    5,
                    1
                ],
                [
                    -6,
                    -9,
                    4
                ]
            ],
            "{   'fun': 4.75,\n    'jac': None,\n    'nfev': 52,\n    'nit': None,\n    'njev': None,\n    'x': array([1.23446591, 1.47962678, 0.84737528, 3.11563439])}",
            {
                "0000010001": 1,
                "0110101101": 1,
                "0110011010": 1,
                "0110100000": 1,
                "0110011000": 1,
                "1001101100": 1,
                "1000000010": 1,
                "1111111011": 1,
                "0001110110": 1,
                "1111001111": 1,
                "1111100010": 1,
                "1011110110": 1,
                "0000001111": 1,
                "1100101000": 1,
                "1000001110": 1,
                "0101100100": 1,
                "1011001000": 1,
                "1100010000": 1,
                "0011010011": 1,
                "0001011011": 2,
                "0000011000": 1,
                "0000111011": 1,
                "1000101100": 1,
                "1001110010": 1,
                "0001001010": 1,
                "1000001100": 1,
                "1011101000": 2,
                "0100010001": 1,
                "0011101011": 2,
                "0001101110": 1,
                "1110110010": 1,
                "1110111100": 1,
                "0000011010": 1,
                "0000011101": 2,
                "1101101000": 1,
                "0000111000": 3,
                "0101001000": 1,
                "1010111000": 1,
                "1010000100": 1,
                "0001111111": 1,
                "0100010010": 2,
                "0110011011": 1,
                "0111101000": 1,
                "0011110011": 1,
                "1000100010": 1,
                "0110001001": 1,
                "0000111100": 1,
                "0010000001": 1,
                "0101001111": 1,
                "0011111011": 2,
                "1011100000": 1,
                "0111001000": 1,
                "0100001010": 1,
                "1100100101": 2,
                "1110010110": 1,
                "0111010100": 1,
                "0100010110": 1,
                "1011010110": 2,
                "0110001000": 1,
                "1110111110": 1,
                "0010001000": 1,
                "0011101110": 1,
                "1101001100": 1,
                "1011111010": 1,
                "1000010011": 1,
                "0010101111": 1,
                "1101111000": 1,
                "0010101000": 1,
                "1001011100": 1,
                "0101011011": 2,
                "0001001011": 1,
                "0100111000": 1,
                "1110001000": 1,
                "1111101000": 1,
                "0001010100": 1,
                "1100000100": 1,
                "1011100110": 1,
                "1111010100": 1,
                "1001100100": 2,
                "0000000010": 1,
                "1000101000": 2,
                "0110001100": 1,
                "0110011100": 1,
                "0110011110": 2,
                "0000110011": 1,
                "0011001110": 1
            },
            false,
            3.74
        ]
    ]
}