{
    "n": 10,
    "m": 45,
    "results": [
        [
            [
                [
                    -10,
                    -9,
                    4
                ],
                [
                    4,
                    -5,
                    -1
                ],
                [
                    -2,
                    3,
                    5
                ],
                [
                    -1,
                    7,
                    -3
                ],
                [
                    2,
                    4,
                    -5
                ],
                [
                    -3,
                    -7,
                    -10
                ],
                [
                    7,
                    1,
                    4
                ],
                [
                    10,
                    2,
                    5
                ],
                [
                    4,
                    -8,
                    -6
                ],
                [
                    2,
                    -3,
                    9
                ],
                [
                    8,
                    3,
                    1
                ],
                [
                    -8,
                    -2,
                    4
                ],
                [
                    3,
                    -6,
                    -8
                ],
                [
                    9,
                    5,
                    4
                ],
                [
                    5,
                    2,
                    7
                ],
                [
                    7,
                    -8,
                    10
                ],
                [
                    7,
                    6,
                    -10
                ],
                [
                    -5,
                    7,
                    -4
                ],
                [
                    3,
                    4,
                    10
                ],
                [
                    1,
                    3,
                    5
                ],
                [
                    3,
                    -9,
                    2
                ],
                [
                    -7,
                    6,
                    4
                ],
                [
                    8,
                    -5,
                    7
                ],
                [
                    -8,
                    -7,
                    -1
                ],
                [
                    -2,
                    9,
                    10
                ],
                [
                    -4,
                    -9,
                    -1
                ],
                [
                    9,
                    3,
                    -5
                ],
                [
                    -3,
                    5,
                    -6
                ],
                [
                    -4,
                    1,
                    2
                ],
                [
                    2,
                    9,
                    -5
                ],
                [
                    2,
                    -5,
                    -10
                ],
                [
                    2,
                    -6,
                    -5
                ],
                [
                    1,
                    -10,
                    -8
                ],
                [
                    -7,
                    9,
                    -5
                ],
                [
                    -3,
                    -2,
                    1
                ],
                [
                    -5,
                    -6,
                    -4
                ],
                [
                    -8,
                    -7,
                    5
                ],
                [
                    3,
                    6,
                    7
                ],
                [
                    7,
                    -1,
                    5
                ],
                [
                    -6,
                    -5,
                    3
                ],
                [
                    -2,
                    -4,
                    -5
                ],
                [
                    -4,
                    7,
                    9
                ],
                [
                    6,
                    10,
                    -8
                ],
                [
                    2,
                    1,
                    -5
                ],
                [
                    6,
                    -1,
                    -9
                ]
            ],
            "{   'fun': 5.45,\n    'jac': None,\n    'nfev': 44,\n    'nit': None,\n    'njev': None,\n    'x': array([1.8898996 , 2.30914578, 1.75861173, 1.06883652])}",
            {
                "1100110111": 1,
                "1011110111": 1,
                "1101101110": 1,
                "0111010010": 1,
                "1101100110": 1,
                "1010000111": 1,
                "0001000111": 1,
                "1011001000": 1,
                "1100010000": 1,
                "0001001010": 1,
                "0000100100": 1,
                "1010100110": 1,
                "0001011000": 1,
                "1000000011": 1,
                "1001000101": 1,
                "0000000110": 1,
                "1101011111": 1,
                "0100000111": 1,
                "0101100011": 1,
                "1100010011": 1,
                "0101111011": 1,
                "0010001100": 1,
                "0111100011": 1,
                "0110011000": 1,
                "0011010001": 1,
                "1001111101": 1,
                "0110001101": 1,
                "1010101011": 1,
                "0111010111": 1,
                "1110010110": 1,
                "0101001011": 1,
                "0101101000": 1,
                "0001101100": 1,
                "1000100111": 1,
                "0110000101": 1,
                "1101000000": 1,
                "0000100001": 1,
                "0010111101": 1,
                "0000101110": 1,
                "1110111010": 1,
                "0011010110": 1,
                "0101110101": 1,
                "0110011110": 1,
                "1100101001": 2,
                "1011111111": 3,
                "1000010100": 1,
                "1001101100": 1,
                "0111100000": 1,
                "1000111101": 2,
                "1011101111": 1,
                "0010000111": 1,
                "0101110000": 1,
                "1110011010": 1,
                "1010111111": 1,
                "0101111101": 1,
                "1101001000": 1,
                "0000100010": 1,
                "0010110101": 1,
                "1010111101": 2,
                "0010101010": 1,
                "1100001011": 1,
                "0010010000": 1,
                "1111110001": 1,
                "1010110000": 1,
                "0001010001": 1,
                "1101011011": 1,
                "1010010001": 1,
                "1001001101": 1,
                "1111111111": 1,
                "1010010010": 1,
                "1010001011": 1,
                "1000011011": 1,
                "1100111110": 2,
                "1110111101": 1,
                "0100111001": 1,
                "0000000111": 1,
                "0110111100": 1,
                "1110001000": 1,
                "0000000100": 1,
                "0110001110": 1,
                "1110100011": 2,
                "1001101000": 1,
                "1101111100": 1,
                "1000000101": 1,
                "1000111100": 1,
                "1000001100": 1,
                "1000100101": 1,
                "1110000101": 2,
                "0011010011": 1,
                "0110100100": 1,
                "0011000010": 1,
                "1000001101": 1
            },
            false,
            5.28
        ],
        [
            [
                [
                    3,
                    -4,
                    -9
                ],
                [
                    7,
                    -9,
                    -2
                ],
                [
                    3,
                    -9,
                    -1
                ],
                [
                    3,
                    1,
                    10
                ],
                [
                    -2,
                    7,
                    10
                ],
                [
                    1,
                    -10,
                    -5
                ],
                [
                    -9,
                    -2,
                    -4
                ],
                [
                    -9,
                    5,
                    1
                ],
                [
                    1,
                    -5,
                    3
                ],
                [
                    10,
                    -4,
                    -5
                ],
                [
                    -6,
                    9,
                    2
                ],
                [
                    -10,
                    3,
                    -8
                ],
                [
                    6,
                    -8,
                    2
                ],
                [
                    -8,
                    4,
                    10
                ],
                [
                    1,
                    9,
                    -5
                ],
                [
                    9,
                    1,
                    4
                ],
                [
                    2,
                    6,
                    7
                ],
                [
                    -7,
                    4,
                    2
                ],
                [
                    9,
                    -8,
                    -2
                ],
                [
                    -3,
                    6,
                    7
                ],
                [
                    -5,
                    7,
                    1
                ],
                [
                    10,
                    5,
                    8
                ],
                [
                    2,
                    -7,
                    3
                ],
                [
                    4,
                    1,
                    -6
                ],
                [
                    5,
                    1,
                    -4
                ],
                [
                    -4,
                    -7,
                    2
                ],
                [
                    -7,
                    1,
                    5
                ],
                [
                    -3,
                    -2,
                    8
                ],
                [
                    -10,
                    -3,
                    2
                ],
                [
                    7,
                    -2,
                    -4
                ],
                [
                    10,
                    4,
                    -9
                ],
                [
                    -4,
                    2,
                    8
                ],
                [
                    5,
                    -10,
                    9
                ],
                [
                    -4,
                    6,
                    2
                ],
                [
                    -2,
                    4,
                    8
                ],
                [
                    -8,
                    -9,
                    2
                ],
                [
                    4,
                    10,
                    -6
                ],
                [
                    -6,
                    8,
                    -7
                ],
                [
                    5,
                    -1,
                    -3
                ],
                [
                    6,
                    -10,
                    -8
                ],
                [
                    4,
                    7,
                    -5
                ],
                [
                    9,
                    6,
                    -5
                ],
                [
                    -3,
                    10,
                    -8
                ],
                [
                    -3,
                    -10,
                    5
                ],
                [
                    -6,
                    -1,
                    7
                ]
            ],
            "{   'fun': 5.67,\n    'jac': None,\n    'nfev': 45,\n    'nit': None,\n    'njev': None,\n    'x': array([1.8555097 , 1.59899147, 2.2321873 , 3.28341494])}",
            {
                "0001101111": 1,
                "0000111001": 1,
                "1000011110": 1,
                "0101100011": 1,
                "0000010001": 1,
                "0110000101": 1,
                "0100101110": 1,
                "0010111100": 1,
                "1111100111": 1,
                "0110101010": 1,
                "0100010111": 1,
                "1100001101": 1,
                "0001101101": 1,
                "1010110111": 1,
                "1100111100": 1,
                "1001101000": 2,
                "0111001100": 1,
                "0001111111": 1,
                "1010101010": 1,
                "0111000101": 1,
                "0110011000": 1,
                "0001000001": 1,
                "0100111000": 1,
                "1011100100": 1,
                "0011001011": 1,
                "0101101100": 1,
                "1110000000": 2,
                "1011111110": 2,
                "1010011000": 1,
                "0100011101": 1,
                "0110110100": 1,
                "0001000100": 1,
                "1110011100": 1,
                "0101101010": 1,
                "0101101110": 1,
                "1011101010": 1,
                "0000000000": 1,
                "0100110100": 1,
                "1101100101": 2,
                "1100101101": 1,
                "1001101101": 1,
                "1001110100": 1,
                "1010100001": 2,
                "1000110110": 1,
                "0000100110": 1,
                "1010100110": 3,
                "0011011011": 1,
                "0001101000": 1,
                "1000100010": 1,
                "0000000100": 1,
                "1011111010": 1,
                "1101111010": 1,
                "0110010010": 1,
                "1001011000": 1,
                "0110110101": 1,
                "0101101001": 1,
                "0010110010": 1,
                "0000111011": 1,
                "0011010111": 1,
                "1101111111": 1,
                "1001100101": 1,
                "1011010111": 1,
                "0010100111": 1,
                "1000111111": 1,
                "0101111100": 1,
                "1111010100": 1,
                "1011010000": 1,
                "0111000010": 1,
                "0001011100": 1,
                "0011011010": 1,
                "0000101111": 1,
                "0001110001": 1,
                "0111011000": 1,
                "1101110110": 1,
                "1010010101": 1,
                "0010011001": 1,
                "0001101001": 1,
                "1000010011": 1,
                "0001010011": 1,
                "1111000011": 1,
                "0111111101": 1,
                "1001001000": 1,
                "1100111000": 1,
                "0110110001": 1,
                "1100110110": 1,
                "0001110111": 1,
                "0001010001": 1,
                "0100000010": 1,
                "1010011101": 1,
                "1010001001": 1,
                "1110001010": 1,
                "1100011001": 2
            },
            false,
            5.21
        ],
        [
            [
                [
                    2,
                    -8,
                    -3
                ],
                [
                    3,
                    10,
                    -6
                ],
                [
                    -7,
                    5,
                    -9
                ],
                [
                    -5,
                    -9,
                    -1
                ],
                [
                    -1,
                    9,
                    -2
                ],
                [
                    4,
                    1,
                    -8
                ],
                [
                    -1,
                    6,
                    10
                ],
                [
                    -4,
                    6,
                    -7
                ],
                [
                    -9,
                    -6,
                    4
                ],
                [
                    -10,
                    2,
                    -1
                ],
                [
                    -1,
                    6,
                    -5
                ],
                [
                    -1,
                    7,
                    10
                ],
                [
                    -1,
                    10,
                    2
                ],
                [
                    6,
                    9,
                    7
                ],
                [
                    7,
                    -1,
                    3
                ],
                [
                    4,
                    5,
                    10
                ],
                [
                    2,
                    -9,
                    -10
                ],
                [
                    -10,
                    -1,
                    3
                ],
                [
                    9,
                    -7,
                    1
                ],
                [
                    -1,
                    -2,
                    -6
                ],
                [
                    4,
                    7,
                    -3
                ],
                [
                    -3,
                    10,
                    -4
                ],
                [
                    7,
                    8,
                    9
                ],
                [
                    -10,
                    -8,
                    1
                ],
                [
                    -4,
                    2,
                    -5
                ],
                [
                    7,
                    -4,
                    -10
                ],
                [
                    -3,
                    5,
                    1
                ],
                [
                    -4,
                    -10,
                    2
                ],
                [
                    -1,
                    10,
                    7
                ],
                [
                    -4,
                    -7,
                    -3
                ],
                [
                    -8,
                    3,
                    7
                ],
                [
                    -4,
                    -9,
                    -5
                ],
                [
                    -8,
                    -4,
                    -3
                ],
                [
                    10,
                    -7,
                    8
                ],
                [
                    7,
                    -8,
                    -4
                ],
                [
                    -1,
                    8,
                    -2
                ],
                [
                    -10,
                    -1,
                    -2
                ],
                [
                    -9,
                    -8,
                    3
                ],
                [
                    -2,
                    1,
                    -6
                ],
                [
                    -8,
                    -1,
                    4
                ],
                [
                    10,
                    5,
                    -6
                ],
                [
                    9,
                    7,
                    6
                ],
                [
                    -3,
                    10,
                    9
                ],
                [
                    9,
                    7,
                    10
                ],
                [
                    -8,
                    -7,
                    -2
                ]
            ],
            "{   'fun': 5.7,\n    'jac': None,\n    'nfev': 39,\n    'nit': None,\n    'njev': None,\n    'x': array([2.22881368, 0.70647851, 1.88316484, 1.35360728])}",
            {
                "0111111101": 1,
                "0000111101": 1,
                "0011000111": 1,
                "0011001101": 1,
                "1000010000": 1,
                "0010110001": 1,
                "1101011011": 1,
                "0111100001": 1,
                "1011001101": 1,
                "0100110110": 1,
                "0001010010": 1,
                "1000000000": 1,
                "0111001111": 1,
                "0011110100": 1,
                "0111011111": 1,
                "0010101001": 1,
                "0001011011": 1,
                "1000110101": 1,
                "0110011110": 1,
                "1011111001": 1,
                "0010010010": 1,
                "0010100110": 1,
                "0001110010": 1,
                "1111111011": 1,
                "1001000011": 1,
                "1100000000": 1,
                "0100001111": 1,
                "0011111110": 1,
                "0001101000": 1,
                "0111101011": 1,
                "0100001001": 1,
                "1000000001": 1,
                "1000010111": 1,
                "1000100001": 1,
                "1101010000": 1,
                "0100100000": 1,
                "1111010010": 2,
                "1001110010": 1,
                "0100001101": 2,
                "0000100111": 1,
                "1110100011": 1,
                "0011000010": 1,
                "1110100010": 1,
                "1001111011": 1,
                "1011000100": 2,
                "0100111111": 1,
                "0111110111": 1,
                "1000111010": 3,
                "1100000011": 1,
                "1010001011": 1,
                "1001101110": 1,
                "0010110011": 1,
                "1110101111": 2,
                "0110010111": 1,
                "1011111111": 1,
                "0011100100": 1,
                "0100101110": 1,
                "0110100101": 1,
                "1101001000": 1,
                "1111011011": 1,
                "0111111001": 1,
                "0010100100": 1,
                "0110110001": 1,
                "1111111100": 2,
                "1101111011": 1,
                "1010001111": 1,
                "1011110011": 1,
                "1000101100": 1,
                "0000010101": 1,
                "1100110000": 1,
                "0100110001": 1,
                "1010101011": 1,
                "0100011001": 1,
                "1111001101": 1,
                "1011111110": 1,
                "0110000011": 1,
                "0111011010": 1,
                "1010100000": 1,
                "1111010110": 1,
                "1101001100": 2,
                "0111101000": 1,
                "0011011000": 2,
                "0010001011": 1,
                "0101100110": 1,
                "0001001101": 1,
                "0010100111": 1,
                "1110010100": 1,
                "1011110001": 1,
                "0111110000": 1,
                "1010110110": 1,
                "1110010010": 1
            },
            false,
            5.21
        ],
        [
            [
                [
                    -2,
                    10,
                    4
                ],
                [
                    2,
                    9,
                    -5
                ],
                [
                    3,
                    -7,
                    -1
                ],
                [
                    -7,
                    2,
                    1
                ],
                [
                    -5,
                    -7,
                    1
                ],
                [
                    -8,
                    -1,
                    7
                ],
                [
                    -5,
                    2,
                    -8
                ],
                [
                    -2,
                    7,
                    4
                ],
                [
                    1,
                    -4,
                    -5
                ],
                [
                    -4,
                    7,
                    5
                ],
                [
                    1,
                    8,
                    -4
                ],
                [
                    6,
                    -8,
                    2
                ],
                [
                    -4,
                    9,
                    -1
                ],
                [
                    6,
                    3,
                    -5
                ],
                [
                    5,
                    6,
                    9
                ],
                [
                    -4,
                    5,
                    -6
                ],
                [
                    -8,
                    7,
                    -2
                ],
                [
                    -8,
                    -5,
                    -4
                ],
                [
                    2,
                    3,
                    -1
                ],
                [
                    -4,
                    2,
                    -5
                ],
                [
                    -9,
                    -3,
                    -7
                ],
                [
                    -8,
                    -9,
                    -10
                ],
                [
                    1,
                    4,
                    -6
                ],
                [
                    2,
                    1,
                    10
                ],
                [
                    -9,
                    6,
                    -3
                ],
                [
                    2,
                    -5,
                    9
                ],
                [
                    -9,
                    -7,
                    6
                ],
                [
                    -6,
                    -9,
                    3
                ],
                [
                    3,
                    5,
                    -6
                ],
                [
                    -2,
                    -9,
                    -3
                ],
                [
                    -10,
                    1,
                    -7
                ],
                [
                    7,
                    -9,
                    -4
                ],
                [
                    -2,
                    -4,
                    6
                ],
                [
                    -3,
                    5,
                    -6
                ],
                [
                    7,
                    6,
                    9
                ],
                [
                    -2,
                    -7,
                    1
                ],
                [
                    2,
                    1,
                    5
                ],
                [
                    4,
                    -1,
                    -2
                ],
                [
                    -5,
                    8,
                    4
                ],
                [
                    -3,
                    9,
                    2
                ],
                [
                    -9,
                    -2,
                    -1
                ],
                [
                    -8,
                    -5,
                    -3
                ],
                [
                    5,
                    -6,
                    7
                ],
                [
                    -6,
                    -4,
                    3
                ],
                [
                    -2,
                    4,
                    1
                ]
            ],
            "{   'fun': 6.2,\n    'jac': None,\n    'nfev': 41,\n    'nit': None,\n    'njev': None,\n    'x': array([1.10537789, 0.99832424, 1.92672371, 2.14249753])}",
            {
                "1100101111": 1,
                "0100101011": 1,
                "1010100001": 1,
                "0001001000": 1,
                "0010001011": 1,
                "1010100111": 1,
                "1111100111": 1,
                "1100100101": 1,
                "0100001101": 1,
                "0110110000": 1,
                "1000101101": 1,
                "0011110110": 1,
                "0110011000": 1,
                "0100001011": 1,
                "1111111000": 1,
                "0111000011": 1,
                "0111101101": 1,
                "0011100000": 1,
                "0000001101": 1,
                "0101011100": 1,
                "1111100001": 1,
                "0110100000": 1,
                "1100110000": 1,
                "0110110111": 1,
                "1100100010": 1,
                "0110010110": 1,
                "1100001000": 1,
                "0100001110": 1,
                "0001011100": 1,
                "0010010010": 1,
                "0111011011": 1,
                "0111001100": 1,
                "1100001010": 1,
                "1111100011": 1,
                "0100011100": 1,
                "1011000011": 1,
                "1011000100": 1,
                "0110011111": 1,
                "0011010101": 3,
                "0111111001": 1,
                "1010011010": 1,
                "0101110100": 1,
                "0111101000": 1,
                "0000110101": 1,
                "0110010101": 1,
                "1101110101": 1,
                "1011000111": 1,
                "0111100011": 1,
                "0011011101": 1,
                "0101110101": 1,
                "0100111110": 1,
                "1000110010": 1,
                "1000110111": 1,
                "0000011000": 1,
                "0001011010": 1,
                "0001000011": 2,
                "0111110010": 1,
                "1110011011": 1,
                "0101110001": 2,
                "1000100100": 1,
                "1110010011": 1,
                "1110011110": 1,
                "0111101010": 1,
                "1101011101": 1,
                "0010110101": 1,
                "0010000110": 1,
                "0110101010": 2,
                "1001101010": 1,
                "0100011110": 1,
                "1100110010": 2,
                "0010001000": 1,
                "0011011100": 2,
                "1010111010": 1,
                "1110110100": 1,
                "0110100111": 1,
                "1010011110": 1,
                "1001100101": 1,
                "0010001001": 1,
                "1110111110": 1,
                "1110111101": 2,
                "1011101111": 1,
                "1000000111": 1,
                "1001011010": 1,
                "1111111011": 1,
                "1101010101": 1,
                "1111100100": 1,
                "0001001101": 1,
                "0100000110": 1,
                "1001010111": 1,
                "0010011110": 1,
                "0011001000": 1,
                "1011101100": 1
            },
            false,
            5.07
        ],
        [
            [
                [
                    -1,
                    -3,
                    -5
                ],
                [
                    9,
                    6,
                    -5
                ],
                [
                    1,
                    -4,
                    -7
                ],
                [
                    4,
                    -7,
                    5
                ],
                [
                    3,
                    -7,
                    5
                ],
                [
                    2,
                    1,
                    4
                ],
                [
                    5,
                    -4,
                    -1
                ],
                [
                    -3,
                    7,
                    2
                ],
                [
                    9,
                    1,
                    -6
                ],
                [
                    6,
                    -7,
                    8
                ],
                [
                    -6,
                    -3,
                    9
                ],
                [
                    -10,
                    6,
                    -2
                ],
                [
                    2,
                    -8,
                    7
                ],
                [
                    -7,
                    8,
                    -2
                ],
                [
                    9,
                    4,
                    -7
                ],
                [
                    -7,
                    5,
                    -1
                ],
                [
                    1,
                    -5,
                    -4
                ],
                [
                    -3,
                    -5,
                    9
                ],
                [
                    10,
                    1,
                    -7
                ],
                [
                    5,
                    -10,
                    3
                ],
                [
                    -2,
                    1,
                    9
                ],
                [
                    8,
                    -10,
                    -2
                ],
                [
                    2,
                    5,
                    7
                ],
                [
                    1,
                    3,
                    -5
                ],
                [
                    10,
                    4,
                    2
                ],
                [
                    -2,
                    -10,
                    7
                ],
                [
                    10,
                    -9,
                    -6
                ],
                [
                    -1,
                    5,
                    10
                ],
                [
                    2,
                    -6,
                    -7
                ],
                [
                    -9,
                    -7,
                    8
                ],
                [
                    1,
                    -9,
                    2
                ],
                [
                    -6,
                    8,
                    -3
                ],
                [
                    2,
                    -3,
                    4
                ],
                [
                    1,
                    8,
                    5
                ],
                [
                    -5,
                    2,
                    7
                ],
                [
                    4,
                    8,
                    -5
                ],
                [
                    -10,
                    -8,
                    7
                ],
                [
                    9,
                    3,
                    -7
                ],
                [
                    -1,
                    3,
                    2
                ],
                [
                    2,
                    7,
                    -6
                ],
                [
                    9,
                    -5,
                    6
                ],
                [
                    4,
                    -7,
                    -3
                ],
                [
                    6,
                    -2,
                    1
                ],
                [
                    6,
                    3,
                    -5
                ],
                [
                    7,
                    4,
                    9
                ]
            ],
            "{   'fun': 3.17,\n    'jac': None,\n    'nfev': 49,\n    'nit': None,\n    'njev': None,\n    'x': array([1.06516021, 1.46807367, 0.36063771, 4.31864827])}",
            {
                "1100000100": 1,
                "1100100010": 1,
                "0001010000": 1,
                "1100100110": 1,
                "1101111001": 1,
                "0011001101": 1,
                "1111101110": 1,
                "1111000100": 1,
                "1101110000": 1,
                "1101001000": 1,
                "0011111111": 2,
                "0011001111": 1,
                "1100010010": 1,
                "1101010011": 1,
                "1111111010": 1,
                "0100110110": 1,
                "1010010101": 1,
                "1111100110": 1,
                "1110000110": 1,
                "1110111110": 1,
                "1001101110": 1,
                "1001000001": 1,
                "1101111111": 1,
                "1100111101": 1,
                "1101100001": 1,
                "1011111001": 1,
                "1101011111": 2,
                "1001000110": 2,
                "0111000000": 1,
                "0011101101": 1,
                "0110001111": 1,
                "1101110110": 1,
                "1100101110": 1,
                "1110100110": 1,
                "1111010010": 1,
                "1001011111": 1,
                "1011110011": 2,
                "1001011100": 1,
                "0011000011": 2,
                "1100110111": 2,
                "1101100010": 1,
                "1101010100": 1,
                "1111110011": 1,
                "1111111110": 1,
                "1000110111": 1,
                "1001111111": 3,
                "1101110010": 1,
                "1101001011": 1,
                "1011111110": 1,
                "1011001111": 1,
                "0100000000": 2,
                "0111111111": 1,
                "1110010110": 1,
                "1011001100": 1,
                "1001011011": 1,
                "1111011111": 1,
                "1110000010": 1,
                "1011010111": 1,
                "1100010000": 1,
                "0111110011": 1,
                "1001111101": 1,
                "1101100111": 1,
                "1100110100": 2,
                "0110000110": 1,
                "1100010111": 2,
                "0111001000": 1,
                "0001000110": 1,
                "1101100000": 1,
                "0110010111": 1,
                "1111101111": 1,
                "1001110000": 1,
                "0101111110": 1,
                "0101000100": 1,
                "0100111111": 1,
                "0111000110": 1,
                "1001100010": 1,
                "1001101001": 1,
                "0001110100": 1,
                "0100110000": 1,
                "1101010000": 2,
                "0011011111": 1,
                "0101000110": 1,
                "1111000010": 1,
                "1100111110": 1,
                "1011110001": 1,
                "1101101111": 1,
                "1001000101": 1,
                "1101110100": 1
            },
            false,
            2.7
        ]
    ]
}