{
    "n": 10,
    "m": 45,
    "results": [
        [
            [
                [
                    8,
                    -1,
                    5
                ],
                [
                    7,
                    -8,
                    -9
                ],
                [
                    -2,
                    8,
                    4
                ],
                [
                    -2,
                    6,
                    8
                ],
                [
                    9,
                    -10,
                    -7
                ],
                [
                    5,
                    -9,
                    -3
                ],
                [
                    9,
                    -10,
                    -4
                ],
                [
                    -10,
                    -7,
                    -6
                ],
                [
                    2,
                    -9,
                    5
                ],
                [
                    -5,
                    10,
                    -7
                ],
                [
                    6,
                    -2,
                    4
                ],
                [
                    -10,
                    -9,
                    -7
                ],
                [
                    9,
                    -5,
                    1
                ],
                [
                    -10,
                    -7,
                    9
                ],
                [
                    10,
                    -9,
                    3
                ],
                [
                    6,
                    1,
                    -3
                ],
                [
                    -9,
                    -1,
                    -8
                ],
                [
                    -9,
                    -5,
                    3
                ],
                [
                    -3,
                    9,
                    8
                ],
                [
                    7,
                    -5,
                    1
                ],
                [
                    3,
                    9,
                    7
                ],
                [
                    -7,
                    8,
                    -9
                ],
                [
                    4,
                    9,
                    -2
                ],
                [
                    3,
                    -8,
                    -9
                ],
                [
                    -2,
                    -9,
                    8
                ],
                [
                    -2,
                    3,
                    -10
                ],
                [
                    -6,
                    1,
                    3
                ],
                [
                    3,
                    6,
                    -8
                ],
                [
                    -2,
                    5,
                    1
                ],
                [
                    3,
                    4,
                    7
                ],
                [
                    -3,
                    1,
                    -5
                ],
                [
                    2,
                    -10,
                    -7
                ],
                [
                    2,
                    -7,
                    4
                ],
                [
                    9,
                    5,
                    -4
                ],
                [
                    -4,
                    6,
                    7
                ],
                [
                    4,
                    -8,
                    -6
                ],
                [
                    -8,
                    -2,
                    1
                ],
                [
                    5,
                    -6,
                    8
                ],
                [
                    5,
                    -8,
                    1
                ],
                [
                    7,
                    5,
                    2
                ],
                [
                    -9,
                    4,
                    -10
                ],
                [
                    -7,
                    10,
                    -1
                ],
                [
                    -3,
                    9,
                    -2
                ],
                [
                    10,
                    9,
                    3
                ],
                [
                    -3,
                    -10,
                    6
                ]
            ],
            "{   'fun': 5.1,\n    'jac': None,\n    'nfev': 52,\n    'nit': None,\n    'njev': None,\n    'x': array([3.6375975 , 1.9245859 , 0.96950017, 0.60235064])}",
            {
                "1000110010": 1,
                "0011011010": 1,
                "1101111001": 1,
                "1011010100": 1,
                "0110101010": 1,
                "0101000010": 1,
                "1110110000": 1,
                "1001010111": 1,
                "1001110111": 1,
                "1011011111": 1,
                "0111010100": 1,
                "1111001011": 1,
                "1011101000": 2,
                "0100100001": 1,
                "0011111000": 2,
                "0011110100": 3,
                "1011101111": 3,
                "1010011100": 1,
                "1101100110": 1,
                "0011110010": 1,
                "0101101001": 1,
                "0000000001": 1,
                "1000111100": 1,
                "1100100110": 1,
                "1001111000": 1,
                "1001011111": 1,
                "1011111010": 1,
                "1011111011": 1,
                "1110111001": 1,
                "1111101111": 1,
                "1001011010": 1,
                "1101000110": 1,
                "1010111000": 1,
                "0011010100": 2,
                "1010001000": 1,
                "0001111011": 1,
                "1101101011": 1,
                "0001110100": 1,
                "1011111000": 1,
                "0101110000": 1,
                "1010011000": 1,
                "0010011111": 1,
                "1010001100": 1,
                "1001110110": 4,
                "1011100001": 1,
                "0011101001": 1,
                "1000100110": 1,
                "0011100010": 1,
                "0110100110": 2,
                "1101011111": 1,
                "1001000100": 1,
                "1011001000": 1,
                "1010011110": 1,
                "1010110011": 1,
                "1011000000": 1,
                "1111011011": 1,
                "1100010100": 1,
                "0111110011": 1,
                "1001101010": 1,
                "0110000001": 1,
                "0000100110": 1,
                "0110101001": 1,
                "1011110110": 1,
                "1000010111": 1,
                "1011111001": 2,
                "0011101110": 1,
                "1011011000": 1,
                "0010100001": 1,
                "1000100000": 2,
                "1000110101": 1,
                "1001010010": 1,
                "0111110001": 1,
                "1101100101": 2,
                "1011100011": 1,
                "1011110010": 5,
                "0100110100": 1,
                "1011010110": 1,
                "0111100101": 1,
                "0011111110": 1,
                "0110001001": 1,
                "1001111100": 2
            },
            false,
            4.15
        ],
        [
            [
                [
                    -6,
                    -5,
                    -4
                ],
                [
                    1,
                    -7,
                    -8
                ],
                [
                    -4,
                    5,
                    3
                ],
                [
                    3,
                    -4,
                    2
                ],
                [
                    7,
                    5,
                    10
                ],
                [
                    -6,
                    -9,
                    -7
                ],
                [
                    10,
                    -2,
                    3
                ],
                [
                    -6,
                    -8,
                    1
                ],
                [
                    6,
                    -3,
                    -1
                ],
                [
                    3,
                    -9,
                    -4
                ],
                [
                    -8,
                    3,
                    -4
                ],
                [
                    -3,
                    8,
                    -10
                ],
                [
                    -7,
                    2,
                    1
                ],
                [
                    -6,
                    -8,
                    3
                ],
                [
                    6,
                    8,
                    -9
                ],
                [
                    -6,
                    -8,
                    2
                ],
                [
                    1,
                    4,
                    6
                ],
                [
                    6,
                    10,
                    8
                ],
                [
                    1,
                    -10,
                    8
                ],
                [
                    9,
                    5,
                    -8
                ],
                [
                    -9,
                    10,
                    1
                ],
                [
                    7,
                    -3,
                    2
                ],
                [
                    2,
                    -7,
                    -8
                ],
                [
                    5,
                    -6,
                    -1
                ],
                [
                    5,
                    -1,
                    -4
                ],
                [
                    7,
                    4,
                    -10
                ],
                [
                    -6,
                    8,
                    4
                ],
                [
                    -4,
                    -9,
                    10
                ],
                [
                    -7,
                    5,
                    3
                ],
                [
                    4,
                    6,
                    -3
                ],
                [
                    5,
                    -2,
                    1
                ],
                [
                    -6,
                    -9,
                    -10
                ],
                [
                    5,
                    -4,
                    -6
                ],
                [
                    -7,
                    6,
                    -1
                ],
                [
                    -5,
                    2,
                    -7
                ],
                [
                    -9,
                    -5,
                    -6
                ],
                [
                    3,
                    6,
                    1
                ],
                [
                    -6,
                    -8,
                    -1
                ],
                [
                    -7,
                    -5,
                    -9
                ],
                [
                    5,
                    4,
                    3
                ],
                [
                    2,
                    1,
                    -6
                ],
                [
                    -3,
                    -2,
                    8
                ],
                [
                    9,
                    -8,
                    7
                ],
                [
                    -6,
                    5,
                    1
                ],
                [
                    -4,
                    -7,
                    -5
                ]
            ],
            "{   'fun': 5.37,\n    'jac': None,\n    'nfev': 49,\n    'nit': None,\n    'njev': None,\n    'x': array([1.3228972 , 1.35891508, 1.90836407, 3.09685827])}",
            {
                "1001010101": 1,
                "0011101110": 1,
                "1111101111": 1,
                "1000111101": 1,
                "1100010001": 1,
                "0010110010": 1,
                "0010111101": 1,
                "1110101101": 1,
                "1110100010": 1,
                "0010000111": 1,
                "0111101011": 1,
                "1110011111": 1,
                "1001100000": 1,
                "0101011001": 1,
                "1000010101": 1,
                "0101010010": 1,
                "1010000010": 1,
                "1001110111": 1,
                "0101100010": 1,
                "0110101110": 1,
                "0010010000": 1,
                "1011101101": 2,
                "1110101010": 1,
                "0001011111": 1,
                "1011001101": 1,
                "0110011110": 1,
                "0001110101": 1,
                "1001001011": 1,
                "0101111101": 1,
                "0011101000": 1,
                "1010100011": 1,
                "1010000111": 1,
                "0011011100": 1,
                "1111011010": 2,
                "0101011101": 1,
                "0011100011": 1,
                "0000011010": 1,
                "1000111010": 1,
                "0100010101": 1,
                "1101000010": 1,
                "0010111001": 1,
                "1100000001": 1,
                "0010011011": 1,
                "1110011000": 1,
                "1010101011": 1,
                "1110110000": 1,
                "0001110111": 1,
                "1100111000": 1,
                "1111010011": 1,
                "0000001111": 1,
                "1101110101": 1,
                "0000100000": 1,
                "0011001100": 1,
                "1101001111": 1,
                "0101111100": 1,
                "1111111010": 2,
                "1010010101": 1,
                "1011011111": 1,
                "0101011111": 1,
                "0000010010": 1,
                "0111101001": 1,
                "1011110101": 1,
                "0100111110": 1,
                "0011011111": 1,
                "1000001110": 1,
                "1011100111": 1,
                "1101110001": 1,
                "0001001001": 1,
                "1001101110": 1,
                "1001010011": 2,
                "0010001001": 3,
                "0101100111": 1,
                "1110000100": 1,
                "0010111100": 1,
                "0110000101": 1,
                "0010010100": 1,
                "1101111011": 1,
                "0010101100": 2,
                "1110011110": 1,
                "1111111001": 1,
                "1100101101": 1,
                "1101001001": 2,
                "1111001011": 1,
                "1001010100": 1,
                "1110111011": 1,
                "1010110111": 1,
                "0011010000": 1,
                "0010001011": 1,
                "0110100111": 1,
                "0010110001": 1,
                "1111000001": 1,
                "0011000110": 1
            },
            false,
            4.97
        ],
        [
            [
                [
                    1,
                    6,
                    10
                ],
                [
                    5,
                    -10,
                    7
                ],
                [
                    7,
                    -2,
                    3
                ],
                [
                    5,
                    6,
                    -3
                ],
                [
                    6,
                    8,
                    -5
                ],
                [
                    -3,
                    -2,
                    1
                ],
                [
                    4,
                    2,
                    10
                ],
                [
                    6,
                    -3,
                    -9
                ],
                [
                    -4,
                    -2,
                    -8
                ],
                [
                    9,
                    4,
                    3
                ],
                [
                    -2,
                    1,
                    -8
                ],
                [
                    7,
                    -4,
                    10
                ],
                [
                    2,
                    4,
                    7
                ],
                [
                    10,
                    5,
                    -2
                ],
                [
                    1,
                    -9,
                    4
                ],
                [
                    -9,
                    -1,
                    -3
                ],
                [
                    6,
                    4,
                    -7
                ],
                [
                    -1,
                    -9,
                    -7
                ],
                [
                    -4,
                    3,
                    6
                ],
                [
                    3,
                    -4,
                    -9
                ],
                [
                    6,
                    -1,
                    -2
                ],
                [
                    -3,
                    10,
                    5
                ],
                [
                    -6,
                    -10,
                    5
                ],
                [
                    8,
                    2,
                    -9
                ],
                [
                    -2,
                    10,
                    -5
                ],
                [
                    3,
                    8,
                    -5
                ],
                [
                    -6,
                    -4,
                    1
                ],
                [
                    -1,
                    4,
                    3
                ],
                [
                    4,
                    -1,
                    10
                ],
                [
                    10,
                    -3,
                    -6
                ],
                [
                    -7,
                    5,
                    3
                ],
                [
                    6,
                    -2,
                    5
                ],
                [
                    -6,
                    -10,
                    -4
                ],
                [
                    -9,
                    -3,
                    -1
                ],
                [
                    -1,
                    3,
                    4
                ],
                [
                    -8,
                    6,
                    10
                ],
                [
                    -2,
                    -1,
                    8
                ],
                [
                    3,
                    10,
                    4
                ],
                [
                    4,
                    5,
                    3
                ],
                [
                    7,
                    -10,
                    -6
                ],
                [
                    -3,
                    7,
                    9
                ],
                [
                    7,
                    -9,
                    4
                ],
                [
                    -5,
                    -7,
                    8
                ],
                [
                    5,
                    7,
                    1
                ],
                [
                    10,
                    -1,
                    3
                ]
            ],
            "{   'fun': 5.33,\n    'jac': None,\n    'nfev': 43,\n    'nit': None,\n    'njev': None,\n    'x': array([1.21017202, 0.7395289 , 1.87541136, 1.37145327])}",
            {
                "0001110110": 1,
                "0010111110": 1,
                "1100011011": 1,
                "0100110011": 1,
                "1100010010": 1,
                "0101110010": 1,
                "0110101001": 1,
                "0111101001": 1,
                "0000011111": 2,
                "0100011000": 1,
                "1000101111": 1,
                "1111111000": 1,
                "1000000000": 1,
                "1111010010": 1,
                "0100010000": 1,
                "1011101100": 1,
                "1010000010": 1,
                "1110010100": 1,
                "1100101111": 1,
                "1010111010": 1,
                "0111111011": 1,
                "1101011101": 1,
                "0101111111": 1,
                "0000011100": 1,
                "0110010011": 1,
                "0001111111": 1,
                "0100001001": 1,
                "0001110010": 1,
                "0110111111": 1,
                "0001010010": 1,
                "1101011111": 1,
                "0110101100": 1,
                "1000100010": 1,
                "0010010011": 1,
                "1011111000": 1,
                "1111100010": 1,
                "0101110110": 1,
                "0011010011": 2,
                "0011100011": 1,
                "0000101101": 1,
                "1111111010": 1,
                "0101001100": 1,
                "1000110011": 1,
                "0011100010": 1,
                "0101010011": 1,
                "0001010111": 1,
                "1111000111": 1,
                "1010110101": 1,
                "0101100111": 1,
                "0111100111": 1,
                "0111000011": 2,
                "1001010001": 1,
                "0001101001": 1,
                "1000110001": 1,
                "1100001001": 1,
                "0001111010": 1,
                "0110010001": 1,
                "0111110000": 1,
                "1010010010": 1,
                "1010101100": 1,
                "1011001111": 1,
                "0000110111": 1,
                "1111100001": 2,
                "0111011100": 1,
                "1001010100": 1,
                "1010000000": 1,
                "0000010111": 1,
                "1011010011": 1,
                "1100001111": 1,
                "1010111100": 1,
                "0100100101": 1,
                "1110101110": 1,
                "1111010111": 1,
                "1111101111": 1,
                "1011001010": 1,
                "0011101100": 1,
                "1011011000": 1,
                "1000000001": 1,
                "0011000101": 1,
                "0010101100": 1,
                "0011110111": 1,
                "1110011101": 1,
                "0000110011": 3,
                "0110010110": 1,
                "0000010010": 1,
                "0101011110": 1,
                "1100000010": 1,
                "1010010011": 1,
                "0101000000": 1,
                "0100011001": 1,
                "0001000101": 1,
                "1001011011": 1,
                "1100100110": 1,
                "1001010110": 1
            },
            false,
            5.05
        ],
        [
            [
                [
                    -5,
                    2,
                    10
                ],
                [
                    -2,
                    -1,
                    -4
                ],
                [
                    1,
                    8,
                    4
                ],
                [
                    -1,
                    -10,
                    4
                ],
                [
                    2,
                    -9,
                    6
                ],
                [
                    6,
                    -7,
                    4
                ],
                [
                    3,
                    9,
                    -7
                ],
                [
                    7,
                    5,
                    4
                ],
                [
                    -5,
                    -10,
                    -7
                ],
                [
                    -9,
                    10,
                    2
                ],
                [
                    10,
                    4,
                    7
                ],
                [
                    5,
                    10,
                    4
                ],
                [
                    -5,
                    3,
                    -9
                ],
                [
                    6,
                    4,
                    -10
                ],
                [
                    -3,
                    7,
                    -4
                ],
                [
                    2,
                    -8,
                    9
                ],
                [
                    -7,
                    -1,
                    -3
                ],
                [
                    9,
                    1,
                    -5
                ],
                [
                    1,
                    7,
                    -2
                ],
                [
                    9,
                    -3,
                    2
                ],
                [
                    6,
                    10,
                    2
                ],
                [
                    9,
                    4,
                    2
                ],
                [
                    -8,
                    -6,
                    7
                ],
                [
                    -2,
                    9,
                    3
                ],
                [
                    -4,
                    -3,
                    -1
                ],
                [
                    10,
                    3,
                    -5
                ],
                [
                    1,
                    -10,
                    4
                ],
                [
                    6,
                    -10,
                    7
                ],
                [
                    10,
                    3,
                    -5
                ],
                [
                    -7,
                    -1,
                    -10
                ],
                [
                    -9,
                    -7,
                    -8
                ],
                [
                    3,
                    6,
                    -2
                ],
                [
                    7,
                    -9,
                    1
                ],
                [
                    -8,
                    3,
                    9
                ],
                [
                    -8,
                    -3,
                    -10
                ],
                [
                    1,
                    -5,
                    4
                ],
                [
                    -9,
                    4,
                    -5
                ],
                [
                    -7,
                    -6,
                    -10
                ],
                [
                    -4,
                    -3,
                    -5
                ],
                [
                    9,
                    -6,
                    -8
                ],
                [
                    -4,
                    10,
                    -6
                ],
                [
                    10,
                    5,
                    -8
                ],
                [
                    -5,
                    -9,
                    -7
                ],
                [
                    -4,
                    -5,
                    -6
                ],
                [
                    7,
                    8,
                    3
                ]
            ],
            "{   'fun': 5.59,\n    'jac': None,\n    'nfev': 42,\n    'nit': None,\n    'njev': None,\n    'x': array([0.47308472, 0.82662602, 1.348119  , 0.5723919 ])}",
            {
                "1010111111": 1,
                "1100010111": 1,
                "1010110001": 1,
                "0010000000": 1,
                "0010110000": 1,
                "1001100011": 1,
                "1000011100": 1,
                "1001101000": 1,
                "0100111011": 1,
                "0000110001": 1,
                "0100101010": 1,
                "1101111011": 1,
                "1010001111": 1,
                "0111011110": 1,
                "0010101000": 1,
                "1011101011": 1,
                "1111000110": 1,
                "1101110100": 1,
                "1011001101": 1,
                "1010000011": 1,
                "0011110110": 1,
                "1101000110": 1,
                "1011100000": 1,
                "0101000000": 1,
                "1000010000": 1,
                "0101001111": 1,
                "1110111100": 1,
                "1110110011": 1,
                "1110000110": 1,
                "1111001011": 1,
                "0011011101": 2,
                "1001101110": 1,
                "0011101010": 2,
                "0111100011": 2,
                "1100101000": 1,
                "0111111100": 1,
                "1110100110": 1,
                "0101100000": 1,
                "1011111010": 1,
                "1110101010": 1,
                "1011100011": 1,
                "0010001111": 1,
                "1100000110": 1,
                "0000101110": 1,
                "0010100110": 1,
                "1100011110": 1,
                "1010101110": 1,
                "0100001111": 1,
                "1110100111": 1,
                "0001101100": 1,
                "1000101001": 1,
                "1110100001": 1,
                "0110111110": 1,
                "1110011000": 1,
                "1001001110": 1,
                "0010101100": 2,
                "0110101111": 1,
                "0111000110": 1,
                "0010110011": 1,
                "0011011100": 1,
                "0111100100": 1,
                "0010110001": 1,
                "1010110011": 1,
                "1011010111": 1,
                "1001100100": 1,
                "1110110101": 1,
                "0010010010": 1,
                "0111011011": 1,
                "0001100010": 1,
                "0011010110": 1,
                "0110001011": 1,
                "0010010000": 1,
                "0101100001": 1,
                "1010110110": 1,
                "0000011011": 1,
                "1010010110": 1,
                "1000011111": 1,
                "1001100000": 1,
                "0000001110": 1,
                "0001001111": 1,
                "0100100110": 1,
                "1010111000": 1,
                "0000001101": 1,
                "0001011000": 1,
                "0110000010": 1,
                "0101110100": 1,
                "0100000011": 1,
                "1111101110": 1,
                "1111111010": 1,
                "1110001101": 1,
                "1001000111": 1,
                "1000001110": 1,
                "0011100101": 1,
                "1100100000": 1,
                "1110011011": 1,
                "0011111111": 1
            },
            false,
            4.92
        ],
        [
            [
                [
                    -2,
                    1,
                    6
                ],
                [
                    -5,
                    -9,
                    3
                ],
                [
                    -9,
                    3,
                    4
                ],
                [
                    7,
                    8,
                    -4
                ],
                [
                    -2,
                    -8,
                    -10
                ],
                [
                    -2,
                    4,
                    -7
                ],
                [
                    -2,
                    6,
                    9
                ],
                [
                    -1,
                    -7,
                    -10
                ],
                [
                    -5,
                    -10,
                    8
                ],
                [
                    10,
                    9,
                    5
                ],
                [
                    6,
                    -8,
                    2
                ],
                [
                    7,
                    -8,
                    2
                ],
                [
                    -8,
                    -10,
                    9
                ],
                [
                    -3,
                    9,
                    -7
                ],
                [
                    -8,
                    2,
                    -9
                ],
                [
                    -8,
                    -5,
                    -9
                ],
                [
                    6,
                    -5,
                    10
                ],
                [
                    6,
                    -8,
                    5
                ],
                [
                    2,
                    5,
                    -4
                ],
                [
                    -9,
                    -6,
                    1
                ],
                [
                    6,
                    -10,
                    -3
                ],
                [
                    10,
                    1,
                    -3
                ],
                [
                    -8,
                    2,
                    -5
                ],
                [
                    -7,
                    -4,
                    3
                ],
                [
                    5,
                    -8,
                    -2
                ],
                [
                    3,
                    1,
                    5
                ],
                [
                    2,
                    -1,
                    8
                ],
                [
                    5,
                    4,
                    3
                ],
                [
                    -1,
                    -8,
                    -9
                ],
                [
                    7,
                    4,
                    -3
                ],
                [
                    9,
                    6,
                    -3
                ],
                [
                    -4,
                    -9,
                    3
                ],
                [
                    -3,
                    -7,
                    -2
                ],
                [
                    1,
                    5,
                    9
                ],
                [
                    6,
                    -5,
                    -10
                ],
                [
                    -4,
                    10,
                    -3
                ],
                [
                    2,
                    4,
                    -8
                ],
                [
                    3,
                    5,
                    10
                ],
                [
                    9,
                    3,
                    4
                ],
                [
                    5,
                    -10,
                    -3
                ],
                [
                    8,
                    -1,
                    -2
                ],
                [
                    2,
                    10,
                    -3
                ],
                [
                    3,
                    9,
                    -1
                ],
                [
                    3,
                    10,
                    -6
                ],
                [
                    3,
                    8,
                    7
                ]
            ],
            "{   'fun': 3.5,\n    'jac': None,\n    'nfev': 53,\n    'nit': None,\n    'njev': None,\n    'x': array([1.22337041, 1.64985619, 0.61402254, 4.4032663 ])}",
            {
                "1110000010": 1,
                "1110110010": 1,
                "1000001001": 1,
                "0100111000": 1,
                "0000110000": 1,
                "0110010110": 1,
                "1100110011": 1,
                "0011100001": 1,
                "1010000010": 1,
                "0000110001": 1,
                "1111010111": 1,
                "1110101110": 1,
                "1101001010": 1,
                "1010010001": 1,
                "0001011101": 1,
                "1111010100": 1,
                "0001000011": 1,
                "1001011001": 1,
                "0000001011": 1,
                "0101011001": 3,
                "0011111000": 1,
                "1010111110": 1,
                "1000000000": 1,
                "1010111010": 3,
                "1110110100": 1,
                "0011011011": 1,
                "1011011101": 1,
                "0010111001": 3,
                "1110100101": 1,
                "0001101001": 1,
                "1011111010": 1,
                "0000101000": 1,
                "1001110101": 2,
                "0011111111": 1,
                "0100100110": 1,
                "1010001011": 1,
                "1101110011": 1,
                "1111110001": 1,
                "1010110000": 2,
                "1010110001": 1,
                "0000101011": 1,
                "0111110001": 1,
                "1001000001": 1,
                "1110011010": 1,
                "0001111110": 1,
                "1111110111": 1,
                "0010001011": 1,
                "0010111000": 1,
                "1000011111": 1,
                "0011101111": 1,
                "1101011011": 1,
                "1111110100": 3,
                "1010011011": 2,
                "0111110100": 1,
                "0011111101": 3,
                "0000111000": 1,
                "0001111001": 1,
                "1110110000": 1,
                "1001000011": 1,
                "0101110100": 2,
                "0000101010": 1,
                "1111100010": 1,
                "0001100000": 1,
                "1000111101": 1,
                "1011010101": 1,
                "1000010111": 1,
                "0100011011": 1,
                "0111110101": 1,
                "0010011011": 1,
                "0010011010": 1,
                "1010010101": 1,
                "1010100000": 1,
                "1011011111": 1,
                "0101011111": 1,
                "1000110101": 1,
                "0011001011": 1,
                "1100101010": 1,
                "1011010000": 1,
                "1110010011": 3,
                "1101110100": 1,
                "0100010000": 1,
                "0010010011": 1,
                "0001100001": 1,
                "1101000010": 1
            },
            false,
            3.27
        ]
    ]
}