{
    "n": 10,
    "m": 45,
    "results": [
        [
            [
                [
                    -4,
                    -2,
                    6
                ],
                [
                    4,
                    3,
                    -1
                ],
                [
                    -1,
                    -3,
                    -8
                ],
                [
                    6,
                    4,
                    10
                ],
                [
                    6,
                    2,
                    10
                ],
                [
                    -7,
                    -1,
                    -9
                ],
                [
                    -6,
                    10,
                    9
                ],
                [
                    1,
                    -10,
                    -6
                ],
                [
                    -5,
                    3,
                    -10
                ],
                [
                    1,
                    10,
                    -3
                ],
                [
                    10,
                    5,
                    9
                ],
                [
                    9,
                    5,
                    7
                ],
                [
                    6,
                    5,
                    1
                ],
                [
                    9,
                    7,
                    5
                ],
                [
                    5,
                    9,
                    -3
                ],
                [
                    -9,
                    -7,
                    -10
                ],
                [
                    -6,
                    -8,
                    -4
                ],
                [
                    -4,
                    -3,
                    2
                ],
                [
                    4,
                    6,
                    -3
                ],
                [
                    -2,
                    7,
                    -10
                ],
                [
                    4,
                    10,
                    9
                ],
                [
                    1,
                    -6,
                    -10
                ],
                [
                    -6,
                    2,
                    8
                ],
                [
                    -10,
                    9,
                    3
                ],
                [
                    5,
                    6,
                    -10
                ],
                [
                    -1,
                    -5,
                    -10
                ],
                [
                    3,
                    10,
                    1
                ],
                [
                    3,
                    -6,
                    4
                ],
                [
                    8,
                    5,
                    2
                ],
                [
                    7,
                    -9,
                    -4
                ],
                [
                    -1,
                    -4,
                    -9
                ],
                [
                    -10,
                    9,
                    -1
                ],
                [
                    -2,
                    -8,
                    7
                ],
                [
                    -4,
                    -9,
                    8
                ],
                [
                    -5,
                    -10,
                    3
                ],
                [
                    9,
                    5,
                    -10
                ],
                [
                    -10,
                    -4,
                    -8
                ],
                [
                    -8,
                    3,
                    9
                ],
                [
                    8,
                    -5,
                    -2
                ],
                [
                    -6,
                    -9,
                    2
                ],
                [
                    6,
                    4,
                    3
                ],
                [
                    5,
                    -8,
                    1
                ],
                [
                    -7,
                    1,
                    2
                ],
                [
                    6,
                    2,
                    -10
                ],
                [
                    -3,
                    5,
                    10
                ]
            ],
            "{   'fun': 5.68,\n    'jac': None,\n    'nfev': 44,\n    'nit': None,\n    'njev': None,\n    'x': array([2.84017814, 1.74241968, 1.29129234, 0.58515545])}",
            {
                "0010110111": 1,
                "0111011101": 1,
                "1110011101": 1,
                "1001010001": 1,
                "1000001000": 1,
                "0000001110": 1,
                "1010010001": 1,
                "0011001000": 1,
                "1110111111": 1,
                "1100001101": 1,
                "0100111100": 1,
                "0110100111": 1,
                "1000101010": 1,
                "0111011110": 1,
                "0000100001": 1,
                "0110001000": 1,
                "0001101000": 1,
                "0100101101": 1,
                "1000100000": 1,
                "0100011110": 1,
                "0011111000": 1,
                "1100000000": 1,
                "0110111010": 1,
                "0000001111": 1,
                "1010110001": 1,
                "0010001111": 1,
                "0011010011": 1,
                "0000010011": 1,
                "1101011100": 1,
                "0001111110": 1,
                "1011010110": 1,
                "1010010111": 1,
                "1011010100": 1,
                "1101101100": 1,
                "0100100010": 2,
                "0110000011": 1,
                "1101000000": 1,
                "1010110101": 1,
                "1111001110": 1,
                "0011011110": 1,
                "1011000001": 1,
                "0010000110": 2,
                "0010111100": 1,
                "0101100111": 1,
                "1111001011": 1,
                "1010000110": 1,
                "0000010111": 1,
                "0100011111": 2,
                "0111001100": 1,
                "1100011110": 1,
                "0010011001": 1,
                "0111000101": 1,
                "1001000001": 2,
                "0010111010": 1,
                "1011010010": 2,
                "0000111111": 1,
                "0110111111": 1,
                "0001100100": 1,
                "0110101001": 2,
                "1011010101": 1,
                "0001100000": 1,
                "1100000101": 1,
                "1011011111": 1,
                "1001010100": 1,
                "0101011100": 1,
                "0101111001": 1,
                "1100000010": 1,
                "0011010010": 1,
                "0011000100": 1,
                "0001011101": 2,
                "1011010000": 1,
                "0000111011": 1,
                "0010100110": 1,
                "1110100101": 1,
                "1100010110": 1,
                "1011111000": 1,
                "1111011100": 1,
                "1101111100": 1,
                "0110100110": 1,
                "1111000101": 1,
                "0010110000": 1,
                "0001100011": 1,
                "0100101100": 1,
                "0001011001": 1,
                "1001100010": 1,
                "0010000010": 1,
                "0000010000": 1,
                "1111001100": 1,
                "1000011111": 1,
                "0110010011": 1,
                "1101101110": 1,
                "1000100011": 1,
                "0111110011": 1
            },
            false,
            4.97
        ],
        [
            [
                [
                    3,
                    5,
                    4
                ],
                [
                    2,
                    1,
                    7
                ],
                [
                    3,
                    1,
                    -7
                ],
                [
                    10,
                    9,
                    6
                ],
                [
                    -3,
                    -6,
                    -9
                ],
                [
                    6,
                    -8,
                    4
                ],
                [
                    5,
                    -6,
                    7
                ],
                [
                    8,
                    10,
                    3
                ],
                [
                    -2,
                    -9,
                    10
                ],
                [
                    -10,
                    -8,
                    -3
                ],
                [
                    -9,
                    3,
                    5
                ],
                [
                    9,
                    -10,
                    7
                ],
                [
                    -10,
                    -7,
                    2
                ],
                [
                    -6,
                    -8,
                    5
                ],
                [
                    -3,
                    -2,
                    1
                ],
                [
                    -2,
                    10,
                    -4
                ],
                [
                    -3,
                    8,
                    9
                ],
                [
                    3,
                    -5,
                    -8
                ],
                [
                    -6,
                    1,
                    8
                ],
                [
                    9,
                    -4,
                    -2
                ],
                [
                    -5,
                    2,
                    6
                ],
                [
                    -9,
                    -7,
                    -5
                ],
                [
                    -8,
                    10,
                    7
                ],
                [
                    -3,
                    -5,
                    7
                ],
                [
                    10,
                    6,
                    3
                ],
                [
                    6,
                    -5,
                    7
                ],
                [
                    -1,
                    9,
                    -8
                ],
                [
                    7,
                    2,
                    8
                ],
                [
                    7,
                    -2,
                    -6
                ],
                [
                    5,
                    -6,
                    7
                ],
                [
                    -10,
                    -7,
                    -4
                ],
                [
                    9,
                    -6,
                    3
                ],
                [
                    -9,
                    -7,
                    6
                ],
                [
                    9,
                    4,
                    10
                ],
                [
                    -4,
                    -5,
                    -9
                ],
                [
                    6,
                    -2,
                    10
                ],
                [
                    -9,
                    -1,
                    -3
                ],
                [
                    8,
                    -10,
                    3
                ],
                [
                    4,
                    -7,
                    -5
                ],
                [
                    4,
                    8,
                    -1
                ],
                [
                    -3,
                    8,
                    -10
                ],
                [
                    9,
                    -10,
                    -7
                ],
                [
                    -5,
                    -10,
                    -1
                ],
                [
                    -2,
                    -9,
                    -7
                ],
                [
                    10,
                    7,
                    6
                ]
            ],
            "{   'fun': 5.86,\n    'jac': None,\n    'nfev': 44,\n    'nit': None,\n    'njev': None,\n    'x': array([1.32581204, 0.22648348, 2.39282145, 4.13731523])}",
            {
                "0010111110": 1,
                "0100100111": 1,
                "0011000001": 1,
                "1000010101": 1,
                "1000001001": 1,
                "0011011111": 1,
                "1101010110": 1,
                "0101010101": 1,
                "0011010001": 1,
                "0100001111": 1,
                "0001110110": 2,
                "1100011000": 1,
                "0011000010": 1,
                "1000001101": 1,
                "1010010110": 1,
                "0100010000": 1,
                "1100110001": 1,
                "1001101110": 1,
                "0010110101": 1,
                "0011010111": 1,
                "1010100101": 1,
                "0101001000": 1,
                "0001100110": 1,
                "1011000100": 1,
                "1100000101": 1,
                "0010011001": 2,
                "1011011000": 1,
                "1011101100": 1,
                "1100010011": 1,
                "0001011001": 1,
                "1010001000": 1,
                "0010100010": 1,
                "0011111011": 2,
                "0010010010": 2,
                "1000100100": 1,
                "0011011001": 1,
                "1111100101": 1,
                "1001010010": 1,
                "0100011100": 1,
                "1100100011": 1,
                "1100001101": 1,
                "1100100000": 1,
                "1011000110": 1,
                "0100110110": 1,
                "0011001111": 1,
                "0010110000": 2,
                "1100011111": 1,
                "1001011100": 1,
                "0011111001": 1,
                "1110000111": 1,
                "0100010100": 1,
                "0000100001": 1,
                "0010110010": 1,
                "1101000001": 1,
                "1111000111": 1,
                "0011110011": 1,
                "0101110100": 1,
                "0101000010": 1,
                "0000000111": 1,
                "1001011111": 2,
                "0011101111": 1,
                "1101011010": 1,
                "0101010000": 1,
                "1011110100": 1,
                "1001000001": 1,
                "0001100111": 1,
                "0001001000": 1,
                "0000000100": 1,
                "1110111001": 1,
                "1010111101": 2,
                "0001000010": 1,
                "1001110111": 1,
                "1100001000": 1,
                "0101000000": 1,
                "1100000010": 1,
                "1000011000": 1,
                "1011100000": 1,
                "1111001111": 1,
                "1011000000": 1,
                "0010110111": 1,
                "1011001110": 2,
                "0001101011": 1,
                "1011111000": 1,
                "0000110001": 2,
                "0110001011": 1,
                "0010001010": 1,
                "0000110111": 1,
                "0001001001": 1,
                "0101011111": 1,
                "1011011111": 1,
                "0011001100": 1
            },
            false,
            5.2
        ],
        [
            [
                [
                    -8,
                    3,
                    9
                ],
                [
                    10,
                    -1,
                    4
                ],
                [
                    -4,
                    -6,
                    9
                ],
                [
                    3,
                    -4,
                    -6
                ],
                [
                    -7,
                    1,
                    3
                ],
                [
                    -5,
                    3,
                    -2
                ],
                [
                    -2,
                    -10,
                    8
                ],
                [
                    -7,
                    3,
                    -10
                ],
                [
                    7,
                    -3,
                    10
                ],
                [
                    7,
                    -1,
                    -5
                ],
                [
                    9,
                    -7,
                    5
                ],
                [
                    6,
                    -1,
                    5
                ],
                [
                    -5,
                    6,
                    -3
                ],
                [
                    7,
                    -3,
                    1
                ],
                [
                    8,
                    -9,
                    6
                ],
                [
                    4,
                    -5,
                    -6
                ],
                [
                    -8,
                    -2,
                    -5
                ],
                [
                    9,
                    -8,
                    -2
                ],
                [
                    -6,
                    -1,
                    2
                ],
                [
                    10,
                    6,
                    -9
                ],
                [
                    7,
                    9,
                    -10
                ],
                [
                    8,
                    -5,
                    -2
                ],
                [
                    -5,
                    6,
                    -1
                ],
                [
                    1,
                    10,
                    -9
                ],
                [
                    2,
                    -8,
                    1
                ],
                [
                    2,
                    5,
                    -4
                ],
                [
                    -10,
                    9,
                    8
                ],
                [
                    -7,
                    5,
                    10
                ],
                [
                    -2,
                    7,
                    -4
                ],
                [
                    4,
                    2,
                    10
                ],
                [
                    -8,
                    1,
                    2
                ],
                [
                    5,
                    -7,
                    -6
                ],
                [
                    -5,
                    6,
                    -9
                ],
                [
                    -3,
                    -4,
                    -6
                ],
                [
                    1,
                    8,
                    -7
                ],
                [
                    4,
                    -3,
                    -1
                ],
                [
                    -10,
                    1,
                    6
                ],
                [
                    7,
                    -1,
                    8
                ],
                [
                    8,
                    6,
                    5
                ],
                [
                    -3,
                    9,
                    4
                ],
                [
                    -1,
                    6,
                    -2
                ],
                [
                    4,
                    9,
                    -10
                ],
                [
                    8,
                    -1,
                    3
                ],
                [
                    10,
                    -9,
                    5
                ],
                [
                    3,
                    7,
                    -10
                ]
            ],
            "{   'fun': 5.97,\n    'jac': None,\n    'nfev': 42,\n    'nit': None,\n    'njev': None,\n    'x': array([2.45303493, 1.68613971, 1.89639257, 1.36392924])}",
            {
                "0010001100": 1,
                "1101100011": 1,
                "0011010001": 1,
                "0101011010": 1,
                "1001111111": 1,
                "0000101010": 1,
                "0001101001": 1,
                "1111111111": 1,
                "1111011011": 1,
                "0100110110": 1,
                "1110001011": 1,
                "0010100001": 1,
                "0100011010": 1,
                "0110011100": 1,
                "1000001101": 1,
                "0100111011": 1,
                "1010001011": 1,
                "1010010011": 1,
                "1110101101": 1,
                "0110101000": 1,
                "0100110001": 2,
                "1000110100": 1,
                "1001011011": 1,
                "0000001111": 1,
                "1000111100": 1,
                "0110111000": 1,
                "0011011111": 1,
                "0100111110": 1,
                "0001110010": 1,
                "0010110101": 1,
                "1100001101": 1,
                "1011011001": 1,
                "0001100011": 1,
                "0100001100": 1,
                "1101110101": 1,
                "0110011010": 1,
                "1100100111": 1,
                "1101000010": 1,
                "0111100000": 1,
                "0010101110": 1,
                "1100111111": 1,
                "1100101011": 1,
                "0010110010": 3,
                "1011011010": 1,
                "1000011001": 2,
                "0000101101": 1,
                "1010011001": 1,
                "1001100110": 1,
                "1101111101": 2,
                "1001110111": 1,
                "0001000010": 1,
                "1000101101": 1,
                "1001011111": 2,
                "0011111000": 1,
                "0011001110": 2,
                "1101111000": 1,
                "1011010101": 1,
                "1000010111": 1,
                "0011100010": 1,
                "0101010011": 1,
                "0001010111": 2,
                "1000001010": 1,
                "1011000101": 1,
                "1011011110": 1,
                "1111001000": 1,
                "0001101010": 1,
                "0011011100": 1,
                "0000110100": 1,
                "1110111001": 1,
                "1000000001": 1,
                "1010001001": 1,
                "0011000001": 1,
                "0111011100": 1,
                "0011100001": 1,
                "1101001111": 1,
                "0011000111": 1,
                "1000010010": 1,
                "1101011100": 1,
                "1001010101": 1,
                "0001000110": 1,
                "1000001000": 1,
                "0110100001": 1,
                "1101000000": 1,
                "0011110001": 1,
                "1110110100": 1,
                "0011111110": 1,
                "1101001001": 1,
                "1110001100": 1,
                "1110010111": 1,
                "0101101110": 1,
                "1111010010": 1,
                "0110101100": 1
            },
            false,
            5.19
        ],
        [
            [
                [
                    -9,
                    5,
                    -1
                ],
                [
                    9,
                    2,
                    -3
                ],
                [
                    -7,
                    -3,
                    -2
                ],
                [
                    9,
                    -1,
                    5
                ],
                [
                    -3,
                    -1,
                    9
                ],
                [
                    8,
                    -6,
                    -7
                ],
                [
                    -2,
                    -4,
                    10
                ],
                [
                    -7,
                    10,
                    -6
                ],
                [
                    10,
                    -4,
                    8
                ],
                [
                    4,
                    7,
                    1
                ],
                [
                    10,
                    -7,
                    -6
                ],
                [
                    -9,
                    4,
                    7
                ],
                [
                    10,
                    1,
                    -4
                ],
                [
                    5,
                    -1,
                    6
                ],
                [
                    -10,
                    6,
                    -8
                ],
                [
                    5,
                    2,
                    10
                ],
                [
                    -6,
                    2,
                    10
                ],
                [
                    8,
                    -1,
                    -6
                ],
                [
                    -2,
                    4,
                    -8
                ],
                [
                    9,
                    8,
                    -10
                ],
                [
                    -1,
                    -5,
                    6
                ],
                [
                    4,
                    3,
                    6
                ],
                [
                    8,
                    9,
                    -3
                ],
                [
                    4,
                    -6,
                    -9
                ],
                [
                    -5,
                    9,
                    7
                ],
                [
                    3,
                    8,
                    -4
                ],
                [
                    4,
                    6,
                    10
                ],
                [
                    -7,
                    -1,
                    -6
                ],
                [
                    -10,
                    -7,
                    2
                ],
                [
                    -10,
                    -1,
                    5
                ],
                [
                    10,
                    -5,
                    4
                ],
                [
                    -3,
                    5,
                    -8
                ],
                [
                    10,
                    -3,
                    -4
                ],
                [
                    -2,
                    9,
                    -3
                ],
                [
                    2,
                    -5,
                    -7
                ],
                [
                    2,
                    -9,
                    6
                ],
                [
                    7,
                    -5,
                    -1
                ],
                [
                    -5,
                    -6,
                    9
                ],
                [
                    -10,
                    -2,
                    5
                ],
                [
                    7,
                    -8,
                    5
                ],
                [
                    -2,
                    8,
                    6
                ],
                [
                    -10,
                    -1,
                    -4
                ],
                [
                    4,
                    -9,
                    2
                ],
                [
                    1,
                    9,
                    -5
                ],
                [
                    2,
                    3,
                    -8
                ]
            ],
            "{   'fun': 5.36,\n    'jac': None,\n    'nfev': 41,\n    'nit': None,\n    'njev': None,\n    'x': array([1.53057766, 0.95790773, 3.00075929, 0.89319001])}",
            {
                "0011110011": 1,
                "1110101001": 1,
                "0100110101": 1,
                "1101110001": 1,
                "1000110000": 1,
                "1100001001": 1,
                "1101101101": 1,
                "1011100110": 1,
                "1000010000": 1,
                "0011010100": 1,
                "1010111000": 1,
                "1110010010": 1,
                "0111000001": 1,
                "1001100101": 1,
                "1001000100": 1,
                "1011010111": 1,
                "0010100100": 1,
                "0110001100": 1,
                "0101111010": 1,
                "0011111000": 1,
                "0000000000": 1,
                "1010100100": 1,
                "0000011001": 2,
                "0010011011": 1,
                "1111110110": 1,
                "0000001110": 1,
                "1011001101": 1,
                "1011000010": 1,
                "1110101110": 1,
                "0101101111": 1,
                "0000011011": 1,
                "0100100110": 1,
                "0101000101": 1,
                "0000010001": 1,
                "1010110111": 1,
                "0011010000": 1,
                "0101001101": 1,
                "1110001100": 1,
                "0000010011": 1,
                "1101011100": 1,
                "1000100000": 1,
                "1001101100": 1,
                "0001010001": 1,
                "0001011110": 1,
                "0110010111": 1,
                "0000000011": 1,
                "0011110101": 1,
                "0111011101": 1,
                "1111100101": 2,
                "0011100110": 1,
                "1101010000": 1,
                "0010111001": 1,
                "1110100101": 1,
                "0111111101": 1,
                "1011111000": 1,
                "0110111100": 1,
                "1010111110": 1,
                "0101001100": 1,
                "0111011001": 1,
                "1011010010": 1,
                "1101010100": 1,
                "0110111000": 1,
                "1010101101": 1,
                "1100001110": 1,
                "1100111100": 2,
                "1000000000": 2,
                "1000101011": 1,
                "1010011100": 1,
                "0100010000": 1,
                "1101110100": 1,
                "1110010011": 1,
                "1001000101": 1,
                "1101000111": 1,
                "0011011011": 1,
                "0101100101": 1,
                "0101011111": 1,
                "1010010101": 1,
                "0011110000": 1,
                "0001111000": 1,
                "1001000011": 2,
                "0010010000": 1,
                "1001101010": 1,
                "0010001001": 1,
                "1001101110": 1,
                "0111101100": 1,
                "0000100001": 1,
                "0110110101": 1,
                "0111010001": 1,
                "1011000101": 1,
                "1010001000": 1,
                "1101110010": 1,
                "1011100001": 1,
                "1000011110": 1,
                "1001011110": 1,
                "1111000101": 1
            },
            false,
            5.24
        ],
        [
            [
                [
                    10,
                    8,
                    3
                ],
                [
                    2,
                    9,
                    6
                ],
                [
                    10,
                    1,
                    -6
                ],
                [
                    2,
                    7,
                    -9
                ],
                [
                    7,
                    -9,
                    -4
                ],
                [
                    -9,
                    -7,
                    -4
                ],
                [
                    6,
                    5,
                    4
                ],
                [
                    10,
                    4,
                    7
                ],
                [
                    -8,
                    1,
                    3
                ],
                [
                    -9,
                    1,
                    5
                ],
                [
                    1,
                    -2,
                    -6
                ],
                [
                    10,
                    -5,
                    -6
                ],
                [
                    10,
                    -4,
                    -3
                ],
                [
                    -1,
                    -3,
                    6
                ],
                [
                    10,
                    2,
                    5
                ],
                [
                    7,
                    8,
                    -3
                ],
                [
                    -7,
                    -10,
                    -4
                ],
                [
                    3,
                    8,
                    -4
                ],
                [
                    -9,
                    8,
                    -1
                ],
                [
                    -2,
                    -10,
                    -7
                ],
                [
                    5,
                    1,
                    9
                ],
                [
                    -10,
                    4,
                    -8
                ],
                [
                    4,
                    2,
                    7
                ],
                [
                    9,
                    1,
                    -10
                ],
                [
                    -2,
                    -4,
                    -3
                ],
                [
                    -8,
                    -9,
                    1
                ],
                [
                    9,
                    -5,
                    3
                ],
                [
                    7,
                    -2,
                    3
                ],
                [
                    2,
                    8,
                    -10
                ],
                [
                    7,
                    -3,
                    -4
                ],
                [
                    -1,
                    3,
                    -2
                ],
                [
                    -6,
                    -4,
                    10
                ],
                [
                    -1,
                    10,
                    4
                ],
                [
                    -8,
                    -1,
                    3
                ],
                [
                    6,
                    -4,
                    -8
                ],
                [
                    -4,
                    2,
                    -6
                ],
                [
                    -3,
                    -9,
                    -8
                ],
                [
                    -8,
                    -4,
                    10
                ],
                [
                    -7,
                    -4,
                    3
                ],
                [
                    -1,
                    -7,
                    -6
                ],
                [
                    10,
                    2,
                    9
                ],
                [
                    -7,
                    -10,
                    6
                ],
                [
                    -4,
                    3,
                    -1
                ],
                [
                    4,
                    3,
                    9
                ],
                [
                    9,
                    -1,
                    3
                ]
            ],
            "{   'fun': 3.44,\n    'jac': None,\n    'nfev': 53,\n    'nit': None,\n    'njev': None,\n    'x': array([1.17473225, 1.48456154, 0.68015806, 4.01069701])}",
            {
                "0000100111": 1,
                "1110100100": 1,
                "1111001101": 1,
                "0100011100": 1,
                "1101000110": 1,
                "0100101110": 1,
                "1001000011": 1,
                "1111100001": 2,
                "1011011101": 1,
                "1011000001": 1,
                "0110101000": 1,
                "0110001100": 1,
                "1100011111": 1,
                "1111101100": 1,
                "0111101000": 1,
                "1111101001": 1,
                "0010011001": 1,
                "1110101000": 1,
                "1000111011": 1,
                "0110110111": 1,
                "1110010111": 1,
                "1000011110": 1,
                "0111101011": 1,
                "1110011000": 1,
                "0110101100": 1,
                "0010011111": 1,
                "1010011101": 2,
                "0110101010": 1,
                "0001100011": 1,
                "0100001100": 1,
                "0110111011": 2,
                "1110011100": 2,
                "1110010101": 2,
                "0110011010": 1,
                "1110110101": 2,
                "0010111101": 3,
                "1111110101": 2,
                "1100101110": 1,
                "1011101100": 1,
                "0100100011": 1,
                "1011001011": 1,
                "1011000010": 1,
                "0000111011": 3,
                "0110100011": 4,
                "1110001110": 1,
                "1100011011": 1,
                "1110010001": 2,
                "1010111101": 1,
                "0011110101": 1,
                "0110000100": 1,
                "1000101110": 1,
                "1110011101": 2,
                "1110110001": 1,
                "1100010011": 1,
                "1010010001": 2,
                "0101101000": 1,
                "0011011101": 1,
                "0000101010": 1,
                "0110100100": 3,
                "0000010011": 1,
                "0110101111": 1,
                "0110001010": 1,
                "0111110101": 1,
                "0010101010": 1,
                "0010101100": 1,
                "1111001000": 1,
                "0001101010": 1,
                "0000011011": 2,
                "0101000100": 1,
                "0001100010": 2,
                "0110111001": 1,
                "1001000010": 1,
                "1011101101": 1,
                "1000111111": 1,
                "1111011101": 1,
                "0001100000": 1,
                "1000010111": 2,
                "1010110100": 1
            },
            false,
            2.87
        ]
    ]
}