{
    "n": 10,
    "m": 45,
    "results": [
        [
            [
                [
                    4,
                    3,
                    -2
                ],
                [
                    3,
                    2,
                    -7
                ],
                [
                    -3,
                    -7,
                    -1
                ],
                [
                    9,
                    -10,
                    -2
                ],
                [
                    9,
                    -6,
                    10
                ],
                [
                    -5,
                    -4,
                    1
                ],
                [
                    9,
                    7,
                    -1
                ],
                [
                    -1,
                    -2,
                    6
                ],
                [
                    -7,
                    -5,
                    2
                ],
                [
                    -7,
                    9,
                    6
                ],
                [
                    5,
                    -1,
                    -10
                ],
                [
                    5,
                    -8,
                    -10
                ],
                [
                    -8,
                    7,
                    -10
                ],
                [
                    -4,
                    -6,
                    -3
                ],
                [
                    -3,
                    -1,
                    -2
                ],
                [
                    9,
                    -8,
                    -3
                ],
                [
                    -8,
                    10,
                    -7
                ],
                [
                    -4,
                    -10,
                    5
                ],
                [
                    -1,
                    -7,
                    10
                ],
                [
                    4,
                    8,
                    2
                ],
                [
                    -7,
                    -2,
                    3
                ],
                [
                    1,
                    -9,
                    -3
                ],
                [
                    6,
                    -8,
                    1
                ],
                [
                    -9,
                    -10,
                    -6
                ],
                [
                    3,
                    -10,
                    2
                ],
                [
                    -1,
                    -7,
                    5
                ],
                [
                    -1,
                    9,
                    4
                ],
                [
                    -9,
                    -5,
                    -3
                ],
                [
                    -10,
                    2,
                    -1
                ],
                [
                    -2,
                    10,
                    9
                ],
                [
                    10,
                    -4,
                    6
                ],
                [
                    7,
                    4,
                    1
                ],
                [
                    -6,
                    9,
                    -3
                ],
                [
                    -5,
                    7,
                    10
                ],
                [
                    7,
                    -4,
                    -6
                ],
                [
                    -10,
                    3,
                    -6
                ],
                [
                    5,
                    -9,
                    -3
                ],
                [
                    -7,
                    -8,
                    -4
                ],
                [
                    10,
                    -7,
                    -9
                ],
                [
                    8,
                    -5,
                    6
                ],
                [
                    1,
                    -4,
                    -8
                ],
                [
                    3,
                    -8,
                    -2
                ],
                [
                    -2,
                    -4,
                    10
                ],
                [
                    -9,
                    -6,
                    7
                ],
                [
                    -6,
                    -4,
                    5
                ]
            ],
            "{   'fun': 5.36,\n    'jac': None,\n    'nfev': 42,\n    'nit': None,\n    'njev': None,\n    'x': array([1.00725116, 2.777149  , 1.77351568, 0.68808953])}",
            {
                "0010101111": 1,
                "0110010000": 1,
                "1101000100": 1,
                "0110111000": 1,
                "1100111101": 1,
                "0000010110": 1,
                "1111111011": 1,
                "0001000100": 1,
                "0001110011": 1,
                "0000001110": 1,
                "0100110001": 1,
                "1000001111": 1,
                "1010000001": 1,
                "0111101011": 1,
                "0100000110": 1,
                "1000011000": 1,
                "1111100111": 1,
                "1010110011": 1,
                "0011101001": 1,
                "0010001111": 2,
                "0111010010": 1,
                "0000101101": 1,
                "1010111110": 1,
                "0101110100": 1,
                "0000111001": 1,
                "1010000110": 1,
                "0100111111": 1,
                "1101011100": 2,
                "0111001100": 1,
                "0001000010": 1,
                "0110100011": 1,
                "0101100011": 1,
                "0111111001": 3,
                "1100101111": 1,
                "0100110010": 2,
                "0101011111": 1,
                "1010100000": 1,
                "0111101001": 2,
                "1101100100": 1,
                "0100101010": 1,
                "1101010010": 1,
                "0101100111": 1,
                "1010100110": 1,
                "0000100110": 1,
                "0011101011": 1,
                "0100001101": 1,
                "1101100111": 1,
                "0000000100": 1,
                "1110010010": 1,
                "1011101101": 1,
                "0101110011": 1,
                "1000000000": 1,
                "0010101100": 1,
                "1110111101": 1,
                "0010011111": 1,
                "0000110100": 1,
                "0011111100": 1,
                "1000100001": 1,
                "1001000110": 1,
                "0101000100": 1,
                "0110010011": 1,
                "1101110110": 1,
                "1010000100": 1,
                "0101001110": 1,
                "0100011111": 1,
                "0011011000": 1,
                "0110100000": 1,
                "0010011010": 1,
                "1011011011": 1,
                "0100110111": 1,
                "0010001001": 1,
                "0101110101": 1,
                "0111111000": 1,
                "0101110001": 1,
                "0101101101": 1,
                "1100010100": 1,
                "0010100101": 1,
                "0111100111": 1,
                "0010101001": 2,
                "1000011110": 1,
                "1011111110": 2,
                "1101011101": 1,
                "1110111010": 1,
                "0001110010": 1,
                "0101100101": 1,
                "1110110100": 1,
                "1000100011": 1,
                "1000001100": 1,
                "0100101001": 1,
                "1000110110": 1,
                "1110000111": 1,
                "1000000101": 1
            },
            false,
            5.25
        ],
        [
            [
                [
                    -4,
                    2,
                    -7
                ],
                [
                    -1,
                    -3,
                    5
                ],
                [
                    4,
                    9,
                    8
                ],
                [
                    7,
                    -3,
                    2
                ],
                [
                    -8,
                    3,
                    9
                ],
                [
                    -8,
                    -9,
                    -6
                ],
                [
                    -5,
                    -1,
                    -9
                ],
                [
                    -5,
                    -4,
                    9
                ],
                [
                    -2,
                    -5,
                    9
                ],
                [
                    -3,
                    7,
                    8
                ],
                [
                    7,
                    -3,
                    -1
                ],
                [
                    -6,
                    -3,
                    -7
                ],
                [
                    -10,
                    -5,
                    -9
                ],
                [
                    -2,
                    5,
                    -8
                ],
                [
                    -5,
                    -9,
                    -6
                ],
                [
                    10,
                    2,
                    -6
                ],
                [
                    5,
                    -7,
                    6
                ],
                [
                    9,
                    7,
                    -5
                ],
                [
                    -4,
                    8,
                    -7
                ],
                [
                    4,
                    8,
                    2
                ],
                [
                    2,
                    -3,
                    -9
                ],
                [
                    10,
                    4,
                    -1
                ],
                [
                    -10,
                    6,
                    -3
                ],
                [
                    -8,
                    -3,
                    -7
                ],
                [
                    -9,
                    -8,
                    -5
                ],
                [
                    5,
                    1,
                    -4
                ],
                [
                    1,
                    2,
                    -10
                ],
                [
                    4,
                    -7,
                    -9
                ],
                [
                    -3,
                    -4,
                    -5
                ],
                [
                    -5,
                    -1,
                    -4
                ],
                [
                    -8,
                    -9,
                    -4
                ],
                [
                    7,
                    2,
                    4
                ],
                [
                    10,
                    3,
                    -1
                ],
                [
                    -10,
                    5,
                    2
                ],
                [
                    1,
                    6,
                    8
                ],
                [
                    -8,
                    -7,
                    10
                ],
                [
                    -9,
                    7,
                    -10
                ],
                [
                    2,
                    5,
                    -3
                ],
                [
                    8,
                    7,
                    9
                ],
                [
                    5,
                    1,
                    -2
                ],
                [
                    2,
                    -10,
                    -7
                ],
                [
                    5,
                    1,
                    -10
                ],
                [
                    6,
                    -3,
                    -8
                ],
                [
                    9,
                    6,
                    -1
                ],
                [
                    6,
                    7,
                    -2
                ]
            ],
            "{   'fun': 2.45,\n    'jac': None,\n    'nfev': 55,\n    'nit': None,\n    'njev': None,\n    'x': array([2.60175225, 2.85496417, 0.53859191, 0.80766893])}",
            {
                "0000100100": 1,
                "0001000000": 1,
                "0001101000": 1,
                "0101011100": 1,
                "1100010010": 1,
                "1100111001": 1,
                "0100101100": 1,
                "0100011011": 1,
                "0000100110": 1,
                "0011000100": 1,
                "0000101010": 2,
                "0000101100": 2,
                "1101010101": 1,
                "0100101000": 3,
                "0110110100": 1,
                "1111000001": 1,
                "0101111010": 1,
                "0000000110": 1,
                "0101000010": 1,
                "0001110001": 1,
                "1100010011": 1,
                "1001000100": 1,
                "0001010010": 1,
                "0110110101": 1,
                "1100110000": 1,
                "0100111010": 2,
                "0101110010": 1,
                "1100011001": 7,
                "0100011000": 1,
                "0100101010": 1,
                "1101010010": 3,
                "0001110000": 1,
                "1100011011": 2,
                "1100111101": 3,
                "0110010100": 2,
                "0101100010": 1,
                "0000000100": 2,
                "1101011010": 1,
                "1101010000": 2,
                "0110101101": 1,
                "1001000010": 1,
                "1101011101": 2,
                "1010101101": 1,
                "0100111101": 2,
                "1100010001": 1,
                "0100111001": 2,
                "0100111000": 1,
                "0100010001": 1,
                "0110101000": 1,
                "0100110100": 2,
                "1101010011": 1,
                "1110001010": 1,
                "0100111100": 1,
                "0100010010": 2,
                "0100101110": 1,
                "0100011010": 1,
                "0100101011": 1,
                "0100110010": 3,
                "0111000000": 1,
                "0101011000": 1,
                "1010011011": 1,
                "0100101001": 1,
                "0001000110": 1,
                "0000001100": 1,
                "0001000010": 2,
                "0001010100": 1,
                "0100010101": 1,
                "1101000010": 1,
                "1001000101": 1,
                "0101111100": 1,
                "1010110110": 1,
                "1101010001": 1,
                "1101011011": 1
            },
            false,
            2.12
        ],
        [
            [
                [
                    7,
                    10,
                    -5
                ],
                [
                    -2,
                    -1,
                    7
                ],
                [
                    -1,
                    -2,
                    6
                ],
                [
                    -10,
                    6,
                    9
                ],
                [
                    -5,
                    9,
                    8
                ],
                [
                    -10,
                    -3,
                    -7
                ],
                [
                    -1,
                    4,
                    -3
                ],
                [
                    -4,
                    -10,
                    -9
                ],
                [
                    -7,
                    6,
                    -1
                ],
                [
                    -7,
                    -2,
                    -5
                ],
                [
                    10,
                    -7,
                    1
                ],
                [
                    -8,
                    1,
                    -9
                ],
                [
                    8,
                    -6,
                    3
                ],
                [
                    -2,
                    7,
                    4
                ],
                [
                    7,
                    9,
                    1
                ],
                [
                    -4,
                    8,
                    5
                ],
                [
                    5,
                    -2,
                    6
                ],
                [
                    -7,
                    9,
                    -1
                ],
                [
                    5,
                    10,
                    -8
                ],
                [
                    6,
                    7,
                    3
                ],
                [
                    -2,
                    -7,
                    8
                ],
                [
                    -8,
                    4,
                    -10
                ],
                [
                    -8,
                    3,
                    -4
                ],
                [
                    8,
                    -9,
                    -3
                ],
                [
                    8,
                    -7,
                    -1
                ],
                [
                    9,
                    3,
                    -1
                ],
                [
                    -10,
                    -5,
                    7
                ],
                [
                    -3,
                    -9,
                    8
                ],
                [
                    10,
                    5,
                    8
                ],
                [
                    -7,
                    8,
                    6
                ],
                [
                    10,
                    8,
                    -2
                ],
                [
                    -6,
                    -4,
                    -10
                ],
                [
                    6,
                    8,
                    -3
                ],
                [
                    8,
                    9,
                    -2
                ],
                [
                    10,
                    -1,
                    2
                ],
                [
                    -2,
                    -6,
                    -1
                ],
                [
                    -4,
                    -8,
                    -10
                ],
                [
                    -9,
                    10,
                    -1
                ],
                [
                    -6,
                    4,
                    9
                ],
                [
                    -2,
                    1,
                    -10
                ],
                [
                    6,
                    3,
                    4
                ],
                [
                    10,
                    5,
                    -8
                ],
                [
                    -1,
                    2,
                    5
                ],
                [
                    -2,
                    5,
                    -10
                ],
                [
                    -10,
                    -5,
                    2
                ]
            ],
            "{   'fun': 3.37,\n    'jac': None,\n    'nfev': 51,\n    'nit': None,\n    'njev': None,\n    'x': array([-0.02503803,  3.55048834,  2.41838077,  3.38727008])}",
            {
                "0011110010": 1,
                "0101100010": 1,
                "0010010001": 1,
                "0010011101": 1,
                "0000101100": 1,
                "0001011111": 1,
                "1011110101": 1,
                "0010100100": 1,
                "0010011001": 1,
                "0001110110": 1,
                "0001110100": 1,
                "0001010000": 1,
                "0111110110": 1,
                "1001111110": 1,
                "0101101011": 1,
                "0100011011": 1,
                "0000111111": 1,
                "0010011111": 2,
                "1000011111": 2,
                "0010111000": 2,
                "0000011001": 1,
                "0100111011": 1,
                "0111111101": 1,
                "0011000000": 1,
                "1000110001": 1,
                "1000110111": 1,
                "1011010101": 1,
                "1011010001": 2,
                "0000101110": 1,
                "0011110000": 1,
                "0101101101": 1,
                "0010010111": 2,
                "0000010010": 1,
                "1011111110": 2,
                "0111111100": 2,
                "0011010000": 1,
                "0010110111": 1,
                "0000110010": 2,
                "0100010111": 1,
                "0010000110": 1,
                "1011110100": 2,
                "0111000100": 1,
                "1100011111": 3,
                "0010110110": 1,
                "0110110001": 1,
                "1010010111": 1,
                "0010010101": 1,
                "0011110110": 2,
                "0100100010": 1,
                "1111101111": 1,
                "0001011110": 1,
                "0000011111": 1,
                "0101100011": 1,
                "0111010100": 2,
                "0000011011": 2,
                "1001101111": 1,
                "0100101110": 1,
                "0001111010": 1,
                "0101111100": 1,
                "0111101100": 2,
                "0010000000": 1,
                "0101100111": 1,
                "0101000011": 1,
                "0001111110": 2,
                "0010101110": 1,
                "0001100010": 1,
                "1100111111": 1,
                "0011010110": 1,
                "0111110100": 2,
                "0011110100": 2,
                "1011110000": 1,
                "0111110010": 1,
                "1011100100": 2,
                "0100111111": 1,
                "0010101101": 1,
                "0110101101": 1,
                "0000111011": 1,
                "0010100110": 1,
                "0000000011": 2,
                "1100010111": 1
            },
            false,
            3.01
        ],
        [
            [
                [
                    -3,
                    -8,
                    2
                ],
                [
                    -3,
                    -2,
                    -8
                ],
                [
                    3,
                    4,
                    6
                ],
                [
                    8,
                    2,
                    3
                ],
                [
                    -3,
                    -7,
                    9
                ],
                [
                    5,
                    7,
                    1
                ],
                [
                    3,
                    5,
                    1
                ],
                [
                    1,
                    3,
                    10
                ],
                [
                    7,
                    -2,
                    -5
                ],
                [
                    10,
                    9,
                    -7
                ],
                [
                    -7,
                    -5,
                    4
                ],
                [
                    -7,
                    -5,
                    9
                ],
                [
                    -8,
                    3,
                    2
                ],
                [
                    -10,
                    -9,
                    8
                ],
                [
                    -7,
                    5,
                    -3
                ],
                [
                    -10,
                    8,
                    3
                ],
                [
                    7,
                    -8,
                    4
                ],
                [
                    -8,
                    -2,
                    4
                ],
                [
                    -9,
                    1,
                    -10
                ],
                [
                    -8,
                    10,
                    -3
                ],
                [
                    2,
                    7,
                    -5
                ],
                [
                    -6,
                    -2,
                    1
                ],
                [
                    4,
                    8,
                    1
                ],
                [
                    8,
                    -4,
                    10
                ],
                [
                    8,
                    -2,
                    -4
                ],
                [
                    -6,
                    4,
                    -5
                ],
                [
                    6,
                    2,
                    10
                ],
                [
                    3,
                    1,
                    10
                ],
                [
                    -6,
                    -3,
                    -9
                ],
                [
                    3,
                    -5,
                    -8
                ],
                [
                    -2,
                    8,
                    1
                ],
                [
                    -3,
                    -1,
                    -4
                ],
                [
                    -3,
                    5,
                    -7
                ],
                [
                    -4,
                    -10,
                    5
                ],
                [
                    -5,
                    -10,
                    1
                ],
                [
                    -9,
                    -1,
                    -7
                ],
                [
                    3,
                    -9,
                    -5
                ],
                [
                    -9,
                    4,
                    -6
                ],
                [
                    3,
                    -2,
                    -8
                ],
                [
                    4,
                    1,
                    -8
                ],
                [
                    -4,
                    7,
                    -5
                ],
                [
                    7,
                    -1,
                    4
                ],
                [
                    -10,
                    -8,
                    7
                ],
                [
                    3,
                    9,
                    6
                ],
                [
                    -10,
                    -9,
                    1
                ]
            ],
            "{   'fun': 5.42,\n    'jac': None,\n    'nfev': 45,\n    'nit': None,\n    'njev': None,\n    'x': array([4.80011108, 2.31698482, 4.2568786 , 2.2681957 ])}",
            {
                "1111100101": 1,
                "1011110100": 1,
                "0010000001": 1,
                "1101001111": 1,
                "0001110010": 1,
                "0011011111": 1,
                "0110110010": 1,
                "1010000101": 2,
                "1011010100": 1,
                "1000010100": 1,
                "1011101011": 1,
                "1011010000": 1,
                "1111111011": 1,
                "1000110000": 1,
                "0100101110": 1,
                "0101010010": 1,
                "1111100111": 1,
                "0010111010": 1,
                "1110000001": 1,
                "1100111100": 1,
                "1101111000": 1,
                "0101011111": 1,
                "1000010000": 3,
                "1101110111": 1,
                "1100111010": 1,
                "1001110001": 1,
                "0110011100": 1,
                "1000001010": 1,
                "0100110101": 1,
                "1100001001": 1,
                "1000101010": 1,
                "1010101111": 1,
                "1010011010": 1,
                "0011001010": 1,
                "1011100110": 1,
                "0010000110": 1,
                "1110000011": 1,
                "0111110011": 1,
                "0011111101": 1,
                "1010111000": 1,
                "0111010001": 1,
                "1100101011": 1,
                "1010111011": 1,
                "1000100100": 1,
                "1111101000": 2,
                "1111110000": 1,
                "0100100110": 1,
                "0101111101": 1,
                "1010101100": 1,
                "0101100100": 1,
                "1100010000": 1,
                "0110010110": 1,
                "1000100110": 1,
                "0101110010": 1,
                "0000001001": 1,
                "1010010110": 1,
                "0110011111": 1,
                "0001101010": 2,
                "0101111111": 1,
                "1001100010": 1,
                "0001100010": 1,
                "1101111100": 1,
                "1111110011": 1,
                "0110100101": 1,
                "1111010010": 1,
                "1111010100": 1,
                "0100001001": 1,
                "1111001110": 1,
                "0010000000": 1,
                "1110100001": 1,
                "1010000110": 1,
                "0110101001": 1,
                "1001100110": 1,
                "0100000110": 1,
                "1011100000": 1,
                "1110101101": 1,
                "0000100101": 1,
                "0011100011": 1,
                "0001001000": 1,
                "0000001010": 1,
                "1010101101": 1,
                "0111001100": 2,
                "1011000010": 1,
                "0100000010": 1,
                "1000010001": 2,
                "0011110111": 1,
                "1011100100": 1,
                "0100110010": 1,
                "0101000101": 1,
                "1100101100": 1,
                "0011000101": 3
            },
            false,
            5.07
        ],
        [
            [
                [
                    7,
                    9,
                    -1
                ],
                [
                    -5,
                    4,
                    -10
                ],
                [
                    5,
                    3,
                    -1
                ],
                [
                    -10,
                    -8,
                    -1
                ],
                [
                    3,
                    -4,
                    -6
                ],
                [
                    1,
                    -2,
                    -3
                ],
                [
                    -2,
                    -10,
                    1
                ],
                [
                    -9,
                    -1,
                    3
                ],
                [
                    -1,
                    -5,
                    10
                ],
                [
                    2,
                    10,
                    7
                ],
                [
                    -10,
                    5,
                    2
                ],
                [
                    -4,
                    2,
                    7
                ],
                [
                    5,
                    -7,
                    -3
                ],
                [
                    6,
                    -4,
                    -5
                ],
                [
                    10,
                    6,
                    -7
                ],
                [
                    6,
                    4,
                    2
                ],
                [
                    -3,
                    10,
                    4
                ],
                [
                    8,
                    7,
                    3
                ],
                [
                    5,
                    -10,
                    -1
                ],
                [
                    -1,
                    4,
                    -2
                ],
                [
                    1,
                    4,
                    -9
                ],
                [
                    7,
                    -2,
                    -8
                ],
                [
                    10,
                    6,
                    -9
                ],
                [
                    -9,
                    -5,
                    -1
                ],
                [
                    -7,
                    -2,
                    8
                ],
                [
                    9,
                    -8,
                    1
                ],
                [
                    4,
                    9,
                    10
                ],
                [
                    3,
                    5,
                    -4
                ],
                [
                    6,
                    -9,
                    -3
                ],
                [
                    -2,
                    -1,
                    -10
                ],
                [
                    -1,
                    -8,
                    4
                ],
                [
                    -8,
                    5,
                    1
                ],
                [
                    -7,
                    8,
                    10
                ],
                [
                    2,
                    5,
                    -6
                ],
                [
                    6,
                    4,
                    2
                ],
                [
                    2,
                    -3,
                    -1
                ],
                [
                    -2,
                    -8,
                    7
                ],
                [
                    9,
                    4,
                    5
                ],
                [
                    1,
                    5,
                    -10
                ],
                [
                    -3,
                    -6,
                    -9
                ],
                [
                    9,
                    4,
                    6
                ],
                [
                    2,
                    8,
                    -3
                ],
                [
                    -5,
                    7,
                    3
                ],
                [
                    -8,
                    7,
                    -5
                ],
                [
                    -7,
                    2,
                    10
                ]
            ],
            "{   'fun': 5.17,\n    'jac': None,\n    'nfev': 41,\n    'nit': None,\n    'njev': None,\n    'x': array([1.41415767, 1.03210618, 1.40406165, 1.42279545])}",
            {
                "1111110001": 1,
                "1101100100": 1,
                "1101110101": 1,
                "1110101010": 1,
                "1101101010": 1,
                "0011011110": 1,
                "1010011010": 1,
                "1101011101": 1,
                "1110110001": 1,
                "0101110101": 1,
                "1011100110": 1,
                "0011001101": 1,
                "0010100111": 1,
                "0101110011": 1,
                "1010001001": 2,
                "0101110110": 1,
                "0011001110": 1,
                "0111011010": 1,
                "0100111101": 1,
                "1100000011": 1,
                "0111011101": 1,
                "0000001001": 1,
                "1100011001": 1,
                "0111101001": 1,
                "1000011100": 2,
                "1110001111": 1,
                "0011011101": 1,
                "0101101100": 2,
                "0111010101": 2,
                "1100110110": 1,
                "0100011000": 1,
                "1111111100": 1,
                "1000100010": 2,
                "1111001111": 1,
                "1101011010": 1,
                "0000010011": 1,
                "1010110101": 1,
                "1000000100": 1,
                "1010010111": 1,
                "0011011100": 1,
                "1111100100": 1,
                "0110010001": 1,
                "0000001011": 1,
                "0000111011": 1,
                "0000010100": 1,
                "0001100011": 1,
                "0110101010": 2,
                "0010110001": 1,
                "0000011100": 2,
                "0110001001": 1,
                "1101100110": 1,
                "0010100000": 1,
                "0010111000": 1,
                "0100000000": 1,
                "0001111111": 2,
                "1010101000": 1,
                "1110000011": 1,
                "0010010100": 1,
                "0101111000": 1,
                "1100101100": 1,
                "0101110001": 1,
                "0110000111": 1,
                "0011111101": 1,
                "1011000011": 1,
                "1000011101": 1,
                "1010111110": 1,
                "0111100110": 1,
                "1011011011": 1,
                "1101101011": 1,
                "0110101000": 1,
                "0101000000": 1,
                "1000011000": 1,
                "1100000010": 1,
                "0100000110": 1,
                "1010101001": 1,
                "0000100000": 1,
                "1111100001": 2,
                "0011100001": 1,
                "0100000101": 1,
                "1010100100": 1,
                "0100111010": 2,
                "1101101001": 1,
                "1111011111": 1,
                "1110110000": 1,
                "0110011001": 2,
                "0001111110": 1,
                "1101011000": 1,
                "1101001000": 1,
                "1111011001": 1
            },
            false,
            5.05
        ]
    ]
}