{
    "n": 10,
    "m": 45,
    "results": [
        [
            [
                [
                    8,
                    -1,
                    5
                ],
                [
                    7,
                    -8,
                    -9
                ],
                [
                    -2,
                    8,
                    4
                ],
                [
                    -2,
                    6,
                    8
                ],
                [
                    9,
                    -10,
                    -7
                ],
                [
                    5,
                    -9,
                    -3
                ],
                [
                    9,
                    -10,
                    -4
                ],
                [
                    -10,
                    -7,
                    -6
                ],
                [
                    2,
                    -9,
                    5
                ],
                [
                    -5,
                    10,
                    -7
                ],
                [
                    6,
                    -2,
                    4
                ],
                [
                    -10,
                    -9,
                    -7
                ],
                [
                    9,
                    -5,
                    1
                ],
                [
                    -10,
                    -7,
                    9
                ],
                [
                    10,
                    -9,
                    3
                ],
                [
                    6,
                    1,
                    -3
                ],
                [
                    -9,
                    -1,
                    -8
                ],
                [
                    -9,
                    -5,
                    3
                ],
                [
                    -3,
                    9,
                    8
                ],
                [
                    7,
                    -5,
                    1
                ],
                [
                    3,
                    9,
                    7
                ],
                [
                    -7,
                    8,
                    -9
                ],
                [
                    4,
                    9,
                    -2
                ],
                [
                    3,
                    -8,
                    -9
                ],
                [
                    -2,
                    -9,
                    8
                ],
                [
                    -2,
                    3,
                    -10
                ],
                [
                    -6,
                    1,
                    3
                ],
                [
                    3,
                    6,
                    -8
                ],
                [
                    -2,
                    5,
                    1
                ],
                [
                    3,
                    4,
                    7
                ],
                [
                    -3,
                    1,
                    -5
                ],
                [
                    2,
                    -10,
                    -7
                ],
                [
                    2,
                    -7,
                    4
                ],
                [
                    9,
                    5,
                    -4
                ],
                [
                    -4,
                    6,
                    7
                ],
                [
                    4,
                    -8,
                    -6
                ],
                [
                    -8,
                    -2,
                    1
                ],
                [
                    5,
                    -6,
                    8
                ],
                [
                    5,
                    -8,
                    1
                ],
                [
                    7,
                    5,
                    2
                ],
                [
                    -9,
                    4,
                    -10
                ],
                [
                    -7,
                    10,
                    -1
                ],
                [
                    -3,
                    9,
                    -2
                ],
                [
                    10,
                    9,
                    3
                ],
                [
                    -3,
                    -10,
                    6
                ]
            ],
            "{   'fun': 0.99,\n    'jac': None,\n    'nfev': 42,\n    'nit': None,\n    'njev': None,\n    'x': array([1.25604897, 2.08959663, 0.8388356 , 3.08426679])}",
            {
                "1001100010": 1,
                "1011001000": 1,
                "1111010110": 1,
                "0000000010": 1,
                "1010110111": 1,
                "1101000011": 1,
                "0100010010": 1,
                "1000110111": 1,
                "1110110111": 1,
                "1111101010": 1,
                "1100001101": 1,
                "0010010101": 1,
                "0101111001": 2,
                "0100110101": 1,
                "0001000001": 1,
                "1010000110": 1,
                "0010001100": 1,
                "1011110100": 1,
                "0000111010": 1,
                "1101100000": 1,
                "1111111011": 1,
                "1010001000": 1,
                "1101110010": 1,
                "1011100101": 2,
                "0011101111": 1,
                "0101101010": 1,
                "0000101010": 1,
                "0111000011": 1,
                "0111101100": 1,
                "0010111011": 1,
                "0101010100": 1,
                "1011001110": 1,
                "1111011111": 1,
                "1101100101": 1,
                "1011110010": 1,
                "0000000000": 1,
                "1011101100": 1,
                "0110000110": 1,
                "0101101111": 1,
                "1100000110": 1,
                "1000000010": 1,
                "0000111000": 1,
                "1001010110": 1,
                "1111101100": 1,
                "0001010111": 2,
                "1100110011": 1,
                "0111011000": 1,
                "0010111101": 1,
                "0111010001": 1,
                "0101100011": 1,
                "0111101110": 1,
                "1101100111": 1,
                "1100110100": 1,
                "1001110100": 1,
                "0100010101": 1,
                "0001110000": 1,
                "1110100101": 2,
                "1000001101": 1,
                "0101110010": 1,
                "1011000100": 1,
                "1000111110": 1,
                "0011101101": 1,
                "1011011110": 1,
                "0111010100": 1,
                "0000110110": 1,
                "0011110100": 1,
                "0100110010": 1,
                "0000010100": 1,
                "0000111011": 1,
                "0101000111": 1,
                "1100000000": 1,
                "1011100000": 1,
                "0011111000": 1,
                "0111110001": 1,
                "0110100101": 1,
                "0010011001": 1,
                "0011011000": 1,
                "1110011000": 1,
                "0100111101": 2,
                "0011110001": 1,
                "0100010000": 1,
                "1111101110": 1,
                "1111110110": 1,
                "0011011111": 1,
                "1011101010": 1,
                "0010001101": 1,
                "1111101000": 1,
                "1001110010": 1,
                "0001001010": 2,
                "1000010101": 1,
                "1110100110": 1,
                "0100101000": 1,
                "0011010100": 1,
                "1111011000": 1
            },
            true,
            0.94
        ],
        [
            [
                [
                    -6,
                    -5,
                    -4
                ],
                [
                    1,
                    -7,
                    -8
                ],
                [
                    -4,
                    5,
                    3
                ],
                [
                    3,
                    -4,
                    2
                ],
                [
                    7,
                    5,
                    10
                ],
                [
                    -6,
                    -9,
                    -7
                ],
                [
                    10,
                    -2,
                    3
                ],
                [
                    -6,
                    -8,
                    1
                ],
                [
                    6,
                    -3,
                    -1
                ],
                [
                    3,
                    -9,
                    -4
                ],
                [
                    -8,
                    3,
                    -4
                ],
                [
                    -3,
                    8,
                    -10
                ],
                [
                    -7,
                    2,
                    1
                ],
                [
                    -6,
                    -8,
                    3
                ],
                [
                    6,
                    8,
                    -9
                ],
                [
                    -6,
                    -8,
                    2
                ],
                [
                    1,
                    4,
                    6
                ],
                [
                    6,
                    10,
                    8
                ],
                [
                    1,
                    -10,
                    8
                ],
                [
                    9,
                    5,
                    -8
                ],
                [
                    -9,
                    10,
                    1
                ],
                [
                    7,
                    -3,
                    2
                ],
                [
                    2,
                    -7,
                    -8
                ],
                [
                    5,
                    -6,
                    -1
                ],
                [
                    5,
                    -1,
                    -4
                ],
                [
                    7,
                    4,
                    -10
                ],
                [
                    -6,
                    8,
                    4
                ],
                [
                    -4,
                    -9,
                    10
                ],
                [
                    -7,
                    5,
                    3
                ],
                [
                    4,
                    6,
                    -3
                ],
                [
                    5,
                    -2,
                    1
                ],
                [
                    -6,
                    -9,
                    -10
                ],
                [
                    5,
                    -4,
                    -6
                ],
                [
                    -7,
                    6,
                    -1
                ],
                [
                    -5,
                    2,
                    -7
                ],
                [
                    -9,
                    -5,
                    -6
                ],
                [
                    3,
                    6,
                    1
                ],
                [
                    -6,
                    -8,
                    -1
                ],
                [
                    -7,
                    -5,
                    -9
                ],
                [
                    5,
                    4,
                    3
                ],
                [
                    2,
                    1,
                    -6
                ],
                [
                    -3,
                    -2,
                    8
                ],
                [
                    9,
                    -8,
                    7
                ],
                [
                    -6,
                    5,
                    1
                ],
                [
                    -4,
                    -7,
                    -5
                ]
            ],
            "{   'fun': 0.99,\n    'jac': None,\n    'nfev': 41,\n    'nit': None,\n    'njev': None,\n    'x': array([2.12669071, 1.03114482, 1.78222173, 2.75026513])}",
            {
                "0111101111": 1,
                "1000000000": 1,
                "1011001101": 1,
                "0111000011": 1,
                "0101000100": 1,
                "1111000111": 1,
                "1111111011": 1,
                "1111000000": 1,
                "0000110110": 1,
                "0010010101": 1,
                "1010101001": 1,
                "0110010000": 1,
                "1011011000": 1,
                "0100000010": 1,
                "1011001011": 1,
                "1101010110": 1,
                "0000111111": 2,
                "0010100100": 1,
                "0000101100": 1,
                "1110011111": 1,
                "1101110000": 1,
                "0010100110": 1,
                "1110110101": 1,
                "0110111111": 1,
                "0001101010": 1,
                "1110010111": 1,
                "0100111111": 1,
                "0011001011": 1,
                "0010000010": 1,
                "0101111111": 1,
                "1010100000": 1,
                "1110000010": 1,
                "1011000110": 1,
                "0110101110": 1,
                "0101100010": 1,
                "0101011011": 1,
                "1001000100": 1,
                "1010110011": 1,
                "1111010101": 1,
                "0000100010": 1,
                "0011101010": 1,
                "0111001111": 1,
                "1011101100": 1,
                "0100001111": 1,
                "1000010100": 1,
                "0101000001": 1,
                "1101001011": 1,
                "0001000110": 1,
                "1001110100": 1,
                "0111001100": 1,
                "0100000000": 1,
                "1001010111": 1,
                "1110101101": 1,
                "0111000010": 2,
                "1110001011": 1,
                "0001011101": 1,
                "0000000010": 1,
                "1000000011": 1,
                "0011011000": 2,
                "0000000101": 1,
                "1110101000": 1,
                "0100111101": 1,
                "1001001101": 1,
                "0011001001": 1,
                "1010110010": 1,
                "0111100111": 1,
                "0100010100": 1,
                "0010000000": 1,
                "1010101000": 1,
                "1100100110": 1,
                "1111111101": 1,
                "0001100101": 1,
                "0101000010": 1,
                "1110010001": 1,
                "1000010001": 1,
                "1000011001": 1,
                "0100111010": 1,
                "1000001101": 1,
                "0010001101": 1,
                "1111101000": 1,
                "1110011101": 1,
                "0111110001": 1,
                "0100011000": 1,
                "1010011000": 1,
                "1100010011": 1,
                "0001010001": 1,
                "0000100111": 1,
                "0111111001": 1,
                "0001010000": 1,
                "1011000001": 1,
                "1000101101": 1,
                "0011011110": 1,
                "0100100000": 1,
                "0111010001": 2,
                "1111100010": 1,
                "0101101110": 1
            },
            true,
            0.94
        ],
        [
            [
                [
                    1,
                    6,
                    10
                ],
                [
                    5,
                    -10,
                    7
                ],
                [
                    7,
                    -2,
                    3
                ],
                [
                    5,
                    6,
                    -3
                ],
                [
                    6,
                    8,
                    -5
                ],
                [
                    -3,
                    -2,
                    1
                ],
                [
                    4,
                    2,
                    10
                ],
                [
                    6,
                    -3,
                    -9
                ],
                [
                    -4,
                    -2,
                    -8
                ],
                [
                    9,
                    4,
                    3
                ],
                [
                    -2,
                    1,
                    -8
                ],
                [
                    7,
                    -4,
                    10
                ],
                [
                    2,
                    4,
                    7
                ],
                [
                    10,
                    5,
                    -2
                ],
                [
                    1,
                    -9,
                    4
                ],
                [
                    -9,
                    -1,
                    -3
                ],
                [
                    6,
                    4,
                    -7
                ],
                [
                    -1,
                    -9,
                    -7
                ],
                [
                    -4,
                    3,
                    6
                ],
                [
                    3,
                    -4,
                    -9
                ],
                [
                    6,
                    -1,
                    -2
                ],
                [
                    -3,
                    10,
                    5
                ],
                [
                    -6,
                    -10,
                    5
                ],
                [
                    8,
                    2,
                    -9
                ],
                [
                    -2,
                    10,
                    -5
                ],
                [
                    3,
                    8,
                    -5
                ],
                [
                    -6,
                    -4,
                    1
                ],
                [
                    -1,
                    4,
                    3
                ],
                [
                    4,
                    -1,
                    10
                ],
                [
                    10,
                    -3,
                    -6
                ],
                [
                    -7,
                    5,
                    3
                ],
                [
                    6,
                    -2,
                    5
                ],
                [
                    -6,
                    -10,
                    -4
                ],
                [
                    -9,
                    -3,
                    -1
                ],
                [
                    -1,
                    3,
                    4
                ],
                [
                    -8,
                    6,
                    10
                ],
                [
                    -2,
                    -1,
                    8
                ],
                [
                    3,
                    10,
                    4
                ],
                [
                    4,
                    5,
                    3
                ],
                [
                    7,
                    -10,
                    -6
                ],
                [
                    -3,
                    7,
                    9
                ],
                [
                    7,
                    -9,
                    4
                ],
                [
                    -5,
                    -7,
                    8
                ],
                [
                    5,
                    7,
                    1
                ],
                [
                    10,
                    -1,
                    3
                ]
            ],
            "{   'fun': 0.99,\n    'jac': None,\n    'nfev': 46,\n    'nit': None,\n    'njev': None,\n    'x': array([0.85184622, 0.27519171, 0.98999922, 2.00333814])}",
            {
                "1110111000": 1,
                "0111000101": 1,
                "1110101100": 1,
                "1101110101": 1,
                "1010111011": 1,
                "1010100101": 1,
                "0101101011": 1,
                "1100010110": 1,
                "1011111001": 1,
                "0110000000": 1,
                "1101100101": 1,
                "0101001100": 1,
                "0000001000": 1,
                "0110110010": 1,
                "1101111010": 1,
                "0000101010": 1,
                "0011001111": 1,
                "0100100110": 1,
                "0110001010": 1,
                "1011000110": 1,
                "0011001010": 1,
                "0000101100": 1,
                "1111101110": 1,
                "1010001100": 1,
                "0111011110": 1,
                "0010001101": 1,
                "1000100000": 1,
                "0000110011": 1,
                "1110101000": 1,
                "1111101011": 1,
                "0111011111": 1,
                "1010001110": 1,
                "0100110011": 1,
                "0010001111": 1,
                "1111110010": 1,
                "1001011110": 1,
                "1011110101": 1,
                "0001111101": 1,
                "1100100011": 1,
                "1010011111": 1,
                "1010011001": 1,
                "0101100000": 1,
                "0101011100": 1,
                "0101001001": 1,
                "1010000000": 1,
                "0011111100": 1,
                "0000101111": 1,
                "0110001011": 1,
                "0100000010": 1,
                "1101111001": 1,
                "1111010111": 1,
                "0100001001": 1,
                "1000000011": 1,
                "1001000101": 1,
                "0001100000": 1,
                "0100010100": 1,
                "0010011111": 1,
                "0100111001": 1,
                "0111100001": 1,
                "1011000101": 1,
                "0000111111": 2,
                "0110111010": 1,
                "0100101011": 1,
                "0100110010": 1,
                "1101100011": 1,
                "0100000011": 1,
                "0101111100": 1,
                "1000101000": 1,
                "1001010011": 1,
                "1110100110": 1,
                "0000010011": 1,
                "1010000101": 1,
                "1001111100": 1,
                "0110110000": 1,
                "0110111110": 1,
                "0010100101": 1,
                "0101110010": 1,
                "0110111101": 1,
                "0010111010": 1,
                "1111011001": 1,
                "1101001000": 1,
                "0101100100": 1,
                "1011010111": 1,
                "1110001111": 1,
                "1111000011": 1,
                "1100110101": 1,
                "1100001011": 1,
                "0110010001": 1,
                "0010101000": 1,
                "0101000111": 1,
                "1101111111": 1,
                "0011010111": 1,
                "0100000111": 1,
                "0010010100": 2,
                "0010010011": 1,
                "0110001110": 1,
                "0101000001": 1,
                "1101110010": 1
            },
            true,
            0.91
        ],
        [
            [
                [
                    -5,
                    2,
                    10
                ],
                [
                    -2,
                    -1,
                    -4
                ],
                [
                    1,
                    8,
                    4
                ],
                [
                    -1,
                    -10,
                    4
                ],
                [
                    2,
                    -9,
                    6
                ],
                [
                    6,
                    -7,
                    4
                ],
                [
                    3,
                    9,
                    -7
                ],
                [
                    7,
                    5,
                    4
                ],
                [
                    -5,
                    -10,
                    -7
                ],
                [
                    -9,
                    10,
                    2
                ],
                [
                    10,
                    4,
                    7
                ],
                [
                    5,
                    10,
                    4
                ],
                [
                    -5,
                    3,
                    -9
                ],
                [
                    6,
                    4,
                    -10
                ],
                [
                    -3,
                    7,
                    -4
                ],
                [
                    2,
                    -8,
                    9
                ],
                [
                    -7,
                    -1,
                    -3
                ],
                [
                    9,
                    1,
                    -5
                ],
                [
                    1,
                    7,
                    -2
                ],
                [
                    9,
                    -3,
                    2
                ],
                [
                    6,
                    10,
                    2
                ],
                [
                    9,
                    4,
                    2
                ],
                [
                    -8,
                    -6,
                    7
                ],
                [
                    -2,
                    9,
                    3
                ],
                [
                    -4,
                    -3,
                    -1
                ],
                [
                    10,
                    3,
                    -5
                ],
                [
                    1,
                    -10,
                    4
                ],
                [
                    6,
                    -10,
                    7
                ],
                [
                    10,
                    3,
                    -5
                ],
                [
                    -7,
                    -1,
                    -10
                ],
                [
                    -9,
                    -7,
                    -8
                ],
                [
                    3,
                    6,
                    -2
                ],
                [
                    7,
                    -9,
                    1
                ],
                [
                    -8,
                    3,
                    9
                ],
                [
                    -8,
                    -3,
                    -10
                ],
                [
                    1,
                    -5,
                    4
                ],
                [
                    -9,
                    4,
                    -5
                ],
                [
                    -7,
                    -6,
                    -10
                ],
                [
                    -4,
                    -3,
                    -5
                ],
                [
                    9,
                    -6,
                    -8
                ],
                [
                    -4,
                    10,
                    -6
                ],
                [
                    10,
                    5,
                    -8
                ],
                [
                    -5,
                    -9,
                    -7
                ],
                [
                    -4,
                    -5,
                    -6
                ],
                [
                    7,
                    8,
                    3
                ]
            ],
            "{   'fun': 1.0,\n    'jac': None,\n    'nfev': 40,\n    'nit': None,\n    'njev': None,\n    'x': array([3.013669  , 3.04750615, 2.06976434, 2.19951812])}",
            {
                "0001100110": 1,
                "0101101001": 1,
                "0100110001": 1,
                "0100111110": 1,
                "0011010100": 1,
                "0110001101": 1,
                "1001011101": 1,
                "1111100110": 1,
                "1111110100": 1,
                "0100011101": 1,
                "1011001001": 1,
                "1011110010": 1,
                "0101111101": 1,
                "1001100111": 1,
                "0000000100": 1,
                "0111001111": 1,
                "1011100110": 1,
                "1001101110": 1,
                "0011000111": 1,
                "1011000111": 2,
                "0010100000": 1,
                "1011010001": 1,
                "0110101001": 1,
                "1100000011": 1,
                "1011011100": 1,
                "1011011001": 1,
                "0101001101": 2,
                "1000111010": 1,
                "0101110001": 1,
                "1111100010": 1,
                "0011010001": 1,
                "0010010010": 1,
                "1101100000": 1,
                "1001010001": 1,
                "0011011100": 1,
                "0010010101": 1,
                "1111111001": 1,
                "1100011110": 1,
                "1110101111": 1,
                "1101011100": 1,
                "1101011010": 1,
                "1110101100": 1,
                "0111100110": 1,
                "0010111110": 1,
                "1100101001": 1,
                "0011011011": 1,
                "0011010101": 1,
                "0011010111": 1,
                "1001010010": 1,
                "1101110110": 1,
                "1100101110": 1,
                "1011110111": 1,
                "1000101001": 1,
                "1111000101": 1,
                "0001010111": 1,
                "0101000110": 1,
                "0001101101": 1,
                "1010011010": 1,
                "0000011100": 1,
                "1010011001": 1,
                "0000111100": 1,
                "0101010010": 1,
                "1011010110": 1,
                "1011110001": 1,
                "0100011111": 1,
                "1000011011": 1,
                "1111100100": 1,
                "0000101111": 1,
                "0101001010": 1,
                "0111011101": 1,
                "0011110101": 1,
                "0100101010": 1,
                "1111111111": 1,
                "0101101011": 1,
                "1010110010": 1,
                "1001111110": 1,
                "1100001100": 1,
                "0111001011": 1,
                "1111001000": 1,
                "0000011011": 1,
                "1101111110": 1,
                "1001111010": 1,
                "1110000001": 1,
                "0000111001": 1,
                "0000001010": 1,
                "0011100001": 1,
                "0010000010": 1,
                "0011010000": 1,
                "1001110000": 1,
                "0111110011": 1,
                "0010100111": 1,
                "1000111111": 1,
                "0000111111": 1,
                "1101000000": 1,
                "0110100001": 1,
                "1011000010": 1,
                "1110101110": 2
            },
            false,
            0.97
        ],
        [
            [
                [
                    -2,
                    1,
                    6
                ],
                [
                    -5,
                    -9,
                    3
                ],
                [
                    -9,
                    3,
                    4
                ],
                [
                    7,
                    8,
                    -4
                ],
                [
                    -2,
                    -8,
                    -10
                ],
                [
                    -2,
                    4,
                    -7
                ],
                [
                    -2,
                    6,
                    9
                ],
                [
                    -1,
                    -7,
                    -10
                ],
                [
                    -5,
                    -10,
                    8
                ],
                [
                    10,
                    9,
                    5
                ],
                [
                    6,
                    -8,
                    2
                ],
                [
                    7,
                    -8,
                    2
                ],
                [
                    -8,
                    -10,
                    9
                ],
                [
                    -3,
                    9,
                    -7
                ],
                [
                    -8,
                    2,
                    -9
                ],
                [
                    -8,
                    -5,
                    -9
                ],
                [
                    6,
                    -5,
                    10
                ],
                [
                    6,
                    -8,
                    5
                ],
                [
                    2,
                    5,
                    -4
                ],
                [
                    -9,
                    -6,
                    1
                ],
                [
                    6,
                    -10,
                    -3
                ],
                [
                    10,
                    1,
                    -3
                ],
                [
                    -8,
                    2,
                    -5
                ],
                [
                    -7,
                    -4,
                    3
                ],
                [
                    5,
                    -8,
                    -2
                ],
                [
                    3,
                    1,
                    5
                ],
                [
                    2,
                    -1,
                    8
                ],
                [
                    5,
                    4,
                    3
                ],
                [
                    -1,
                    -8,
                    -9
                ],
                [
                    7,
                    4,
                    -3
                ],
                [
                    9,
                    6,
                    -3
                ],
                [
                    -4,
                    -9,
                    3
                ],
                [
                    -3,
                    -7,
                    -2
                ],
                [
                    1,
                    5,
                    9
                ],
                [
                    6,
                    -5,
                    -10
                ],
                [
                    -4,
                    10,
                    -3
                ],
                [
                    2,
                    4,
                    -8
                ],
                [
                    3,
                    5,
                    10
                ],
                [
                    9,
                    3,
                    4
                ],
                [
                    5,
                    -10,
                    -3
                ],
                [
                    8,
                    -1,
                    -2
                ],
                [
                    2,
                    10,
                    -3
                ],
                [
                    3,
                    9,
                    -1
                ],
                [
                    3,
                    10,
                    -6
                ],
                [
                    3,
                    8,
                    7
                ]
            ],
            "{   'fun': 1.0,\n    'jac': None,\n    'nfev': 25,\n    'nit': None,\n    'njev': None,\n    'x': array([1.66208452, 2.65534387, 0.03260415, 0.61844446])}",
            {
                "0110000101": 1,
                "1010001100": 1,
                "0000100010": 1,
                "0000101000": 1,
                "0111100000": 1,
                "1110111110": 1,
                "0111101011": 1,
                "0111011101": 1,
                "1011110010": 1,
                "0000111001": 1,
                "0110100110": 1,
                "1111000101": 1,
                "1001011010": 1,
                "1110011001": 1,
                "0100000101": 1,
                "0110100010": 1,
                "0010110111": 1,
                "0011001010": 1,
                "0110111011": 2,
                "0110010111": 1,
                "0001001100": 1,
                "1111000000": 1,
                "0010001111": 1,
                "1100010100": 1,
                "0100011110": 2,
                "0111000000": 1,
                "1110000000": 1,
                "0101100101": 1,
                "1100111010": 1,
                "1011010101": 1,
                "0110101001": 1,
                "1000010111": 1,
                "0001100000": 1,
                "0011100110": 1,
                "1100011001": 1,
                "1010010000": 1,
                "0011101110": 1,
                "1101011111": 1,
                "0010000010": 1,
                "1110111111": 1,
                "0001101001": 1,
                "1011110000": 1,
                "0110010010": 1,
                "1100010111": 1,
                "0110000110": 1,
                "0111111010": 1,
                "1011001000": 1,
                "1010010011": 1,
                "1001010111": 1,
                "1000011010": 1,
                "1101110001": 1,
                "1011101011": 1,
                "0010000101": 1,
                "1110101100": 1,
                "0010011000": 1,
                "0010011111": 1,
                "1010110001": 1,
                "0001010110": 1,
                "0111110100": 1,
                "1010111100": 1,
                "1010011000": 1,
                "1000000010": 1,
                "0101101111": 2,
                "1110101110": 1,
                "1111010111": 2,
                "0010001110": 1,
                "1011110100": 1,
                "1100101011": 1,
                "0000101110": 1,
                "1010100000": 1,
                "0111010100": 1,
                "1011011110": 1,
                "0001101010": 1,
                "0111000111": 3,
                "1111001110": 1,
                "1001110001": 1,
                "0001101011": 1,
                "1111011100": 1,
                "0111111111": 1,
                "0100110101": 1,
                "0101110111": 1,
                "0000000101": 1,
                "0101001100": 1,
                "0000001000": 1,
                "0011001101": 1,
                "1101010111": 1,
                "1001001111": 2,
                "1101100001": 1,
                "1011101001": 1,
                "0100110011": 1,
                "0101000110": 1,
                "0011110011": 1,
                "1100110010": 1
            },
            false,
            1.0
        ]
    ]
}