{
    "n": 10,
    "m": 45,
    "results": [
        [
            [
                [
                    4,
                    -2,
                    1
                ],
                [
                    5,
                    -6,
                    2
                ],
                [
                    -8,
                    10,
                    2
                ],
                [
                    -8,
                    10,
                    9
                ],
                [
                    -4,
                    7,
                    -8
                ],
                [
                    5,
                    -3,
                    7
                ],
                [
                    -2,
                    3,
                    -4
                ],
                [
                    -2,
                    8,
                    5
                ],
                [
                    -4,
                    3,
                    -9
                ],
                [
                    -10,
                    2,
                    7
                ],
                [
                    2,
                    -9,
                    -7
                ],
                [
                    5,
                    2,
                    3
                ],
                [
                    -5,
                    -4,
                    -9
                ],
                [
                    3,
                    -4,
                    -2
                ],
                [
                    -2,
                    -3,
                    1
                ],
                [
                    -1,
                    -8,
                    2
                ],
                [
                    1,
                    6,
                    -9
                ],
                [
                    1,
                    -3,
                    -10
                ],
                [
                    -6,
                    -4,
                    -5
                ],
                [
                    8,
                    9,
                    3
                ],
                [
                    1,
                    -6,
                    2
                ],
                [
                    -7,
                    -6,
                    3
                ],
                [
                    6,
                    9,
                    2
                ],
                [
                    10,
                    -3,
                    6
                ],
                [
                    2,
                    -8,
                    -10
                ],
                [
                    1,
                    8,
                    3
                ],
                [
                    8,
                    4,
                    1
                ],
                [
                    -2,
                    5,
                    3
                ],
                [
                    4,
                    2,
                    6
                ],
                [
                    -4,
                    -1,
                    -10
                ],
                [
                    -4,
                    -10,
                    9
                ],
                [
                    9,
                    -8,
                    -7
                ],
                [
                    9,
                    -10,
                    -3
                ],
                [
                    8,
                    1,
                    -4
                ],
                [
                    -8,
                    -7,
                    -6
                ],
                [
                    -2,
                    -1,
                    3
                ],
                [
                    5,
                    8,
                    -1
                ],
                [
                    -4,
                    5,
                    -2
                ],
                [
                    9,
                    8,
                    1
                ],
                [
                    7,
                    -1,
                    -10
                ],
                [
                    1,
                    9,
                    -2
                ],
                [
                    -6,
                    1,
                    -10
                ],
                [
                    6,
                    1,
                    7
                ],
                [
                    5,
                    -1,
                    -2
                ],
                [
                    -10,
                    5,
                    3
                ]
            ],
            "{   'fun': 0.82,\n    'jac': None,\n    'nfev': 47,\n    'nit': None,\n    'njev': None,\n    'x': array([0.27648006, 2.79413055, 0.38571264, 2.46966933])}",
            {
                "0111101111": 1,
                "0001111100": 1,
                "0111101100": 1,
                "0111101011": 1,
                "1101101110": 1,
                "1100100101": 1,
                "0110011101": 1,
                "1101000100": 1,
                "1010110001": 1,
                "1110110000": 1,
                "0001001110": 1,
                "1011100001": 1,
                "1011101111": 1,
                "1011101011": 1,
                "0001101101": 1,
                "1000001110": 1,
                "1100111010": 1,
                "1111011110": 1,
                "0001100010": 1,
                "0010100111": 1,
                "1100000111": 1,
                "0100110111": 3,
                "0000110101": 1,
                "1000100111": 1,
                "1101101011": 1,
                "0010010110": 1,
                "1100101100": 1,
                "0010101001": 1,
                "0101010100": 1,
                "1011001111": 1,
                "1010001011": 1,
                "0111111000": 1,
                "1000001001": 2,
                "1111010111": 3,
                "1011001010": 1,
                "1011101110": 1,
                "1110110111": 1,
                "1100011101": 1,
                "1100010000": 1,
                "0010011110": 1,
                "1110101100": 1,
                "0001101000": 1,
                "0101101001": 1,
                "1100101011": 1,
                "1101001111": 1,
                "0110101001": 1,
                "0010000100": 1,
                "1010011000": 2,
                "1011110001": 1,
                "0001010001": 1,
                "0111011011": 1,
                "0000011111": 1,
                "0001000110": 1,
                "1010011011": 1,
                "1000100110": 1,
                "1001011000": 1,
                "0110000110": 1,
                "1011100010": 1,
                "0110110111": 1,
                "1001010000": 1,
                "1001110010": 2,
                "1010010011": 1,
                "0101000000": 1,
                "1011101100": 1,
                "0000011001": 1,
                "0100110101": 2,
                "1111000001": 1,
                "0111000110": 1,
                "1100001001": 1,
                "1011011101": 1,
                "0000101011": 1,
                "0001110111": 2,
                "0100011000": 1,
                "1101011101": 1,
                "1010111101": 1,
                "1100101010": 1,
                "0100101110": 1,
                "0010011010": 1,
                "0111011010": 1,
                "1000010000": 1,
                "1101010111": 3,
                "0101001111": 1,
                "1101110111": 1,
                "1001000010": 2,
                "1111110001": 1,
                "0001010000": 1,
                "1111011011": 1,
                "1100001101": 1
            },
            true,
            0.8
        ],
        [
            [
                [
                    8,
                    -1,
                    -10
                ],
                [
                    9,
                    -5,
                    8
                ],
                [
                    6,
                    4,
                    -2
                ],
                [
                    5,
                    -9,
                    -2
                ],
                [
                    -10,
                    3,
                    2
                ],
                [
                    8,
                    1,
                    2
                ],
                [
                    -8,
                    -1,
                    5
                ],
                [
                    -10,
                    5,
                    3
                ],
                [
                    8,
                    10,
                    5
                ],
                [
                    9,
                    8,
                    2
                ],
                [
                    7,
                    -4,
                    -2
                ],
                [
                    1,
                    -9,
                    -5
                ],
                [
                    -3,
                    5,
                    -6
                ],
                [
                    6,
                    1,
                    8
                ],
                [
                    -6,
                    5,
                    10
                ],
                [
                    -4,
                    2,
                    -10
                ],
                [
                    8,
                    -5,
                    -4
                ],
                [
                    -1,
                    3,
                    8
                ],
                [
                    8,
                    -9,
                    -10
                ],
                [
                    5,
                    -6,
                    -2
                ],
                [
                    -3,
                    -10,
                    -1
                ],
                [
                    -3,
                    2,
                    -10
                ],
                [
                    -6,
                    9,
                    8
                ],
                [
                    -5,
                    -2,
                    -10
                ],
                [
                    -4,
                    -1,
                    -8
                ],
                [
                    3,
                    -1,
                    -5
                ],
                [
                    2,
                    -5,
                    8
                ],
                [
                    -3,
                    -7,
                    -9
                ],
                [
                    5,
                    -10,
                    -1
                ],
                [
                    1,
                    -2,
                    -5
                ],
                [
                    1,
                    10,
                    3
                ],
                [
                    7,
                    -9,
                    5
                ],
                [
                    -4,
                    6,
                    3
                ],
                [
                    2,
                    6,
                    -10
                ],
                [
                    -1,
                    7,
                    9
                ],
                [
                    8,
                    5,
                    2
                ],
                [
                    3,
                    -6,
                    -4
                ],
                [
                    -10,
                    2,
                    -5
                ],
                [
                    -3,
                    9,
                    -4
                ],
                [
                    4,
                    5,
                    3
                ],
                [
                    7,
                    -6,
                    5
                ],
                [
                    -1,
                    -6,
                    8
                ],
                [
                    4,
                    3,
                    -7
                ],
                [
                    -9,
                    -7,
                    3
                ],
                [
                    -8,
                    -1,
                    -2
                ]
            ],
            "{   'fun': 0.91,\n    'jac': None,\n    'nfev': 44,\n    'nit': None,\n    'njev': None,\n    'x': array([2.94451255, 1.00666504, 0.77959398, 2.73614413])}",
            {
                "0000010111": 1,
                "1100100100": 1,
                "0001000111": 1,
                "1011000011": 1,
                "1001001000": 1,
                "0110010111": 1,
                "1000010110": 1,
                "1110110100": 1,
                "0101100010": 1,
                "1001010001": 1,
                "0100010000": 1,
                "1011000110": 1,
                "0100101000": 1,
                "0000101010": 1,
                "1101010111": 1,
                "1000010000": 1,
                "1100110010": 1,
                "1100100001": 1,
                "1100001010": 1,
                "1100000001": 1,
                "0001011000": 1,
                "1100111011": 1,
                "0111010011": 1,
                "1010110100": 1,
                "0110100001": 1,
                "1111111101": 1,
                "0010100110": 1,
                "0100100001": 1,
                "1000111001": 1,
                "0010111000": 1,
                "1000011111": 1,
                "0100101010": 1,
                "1111101011": 1,
                "1111111010": 1,
                "0100110101": 1,
                "0011011110": 1,
                "1110000110": 1,
                "0100000101": 1,
                "1101010101": 1,
                "0011110100": 3,
                "1010101011": 1,
                "0010101000": 1,
                "1110010110": 1,
                "0110110101": 1,
                "0101101001": 1,
                "1111100110": 1,
                "0111101011": 1,
                "0010101110": 2,
                "0100100011": 1,
                "1111010110": 1,
                "0010000100": 1,
                "1010101100": 1,
                "0110110111": 1,
                "1001010000": 1,
                "0000101100": 1,
                "0110100111": 1,
                "1100010000": 1,
                "1110110110": 1,
                "1001001010": 2,
                "1011001001": 1,
                "1011111110": 1,
                "1011001111": 2,
                "0101110111": 1,
                "0111100010": 1,
                "0100100010": 1,
                "0111001001": 1,
                "1010010000": 1,
                "0011101110": 1,
                "1010010011": 1,
                "0001001100": 1,
                "0010000011": 2,
                "0011010100": 2,
                "1001101100": 1,
                "1001011011": 1,
                "0010101011": 1,
                "0011110101": 1,
                "0100010111": 1,
                "1100111100": 1,
                "1001000011": 1,
                "1000100011": 1,
                "0111100000": 1,
                "1100101010": 1,
                "0101111111": 1,
                "1001100100": 1,
                "0100001010": 1,
                "0111011000": 1,
                "0101000011": 1,
                "0101110010": 1,
                "0100111011": 1,
                "0000011001": 1,
                "1010101111": 1,
                "1000110111": 1,
                "1101101110": 1
            },
            true,
            0.84
        ],
        [
            [
                [
                    -6,
                    10,
                    -2
                ],
                [
                    1,
                    3,
                    2
                ],
                [
                    -10,
                    -2,
                    1
                ],
                [
                    8,
                    -6,
                    10
                ],
                [
                    1,
                    -8,
                    10
                ],
                [
                    -1,
                    10,
                    6
                ],
                [
                    -9,
                    -8,
                    -10
                ],
                [
                    6,
                    8,
                    -10
                ],
                [
                    -2,
                    1,
                    -8
                ],
                [
                    1,
                    10,
                    3
                ],
                [
                    -1,
                    -2,
                    -6
                ],
                [
                    -6,
                    -1,
                    9
                ],
                [
                    7,
                    -8,
                    5
                ],
                [
                    1,
                    -10,
                    2
                ],
                [
                    10,
                    -1,
                    5
                ],
                [
                    -5,
                    4,
                    9
                ],
                [
                    -9,
                    -8,
                    -10
                ],
                [
                    10,
                    -8,
                    -7
                ],
                [
                    -9,
                    -4,
                    7
                ],
                [
                    -7,
                    -3,
                    2
                ],
                [
                    -2,
                    5,
                    -6
                ],
                [
                    10,
                    -8,
                    3
                ],
                [
                    7,
                    4,
                    5
                ],
                [
                    -6,
                    -9,
                    -7
                ],
                [
                    -3,
                    -4,
                    7
                ],
                [
                    4,
                    -8,
                    9
                ],
                [
                    -1,
                    -8,
                    -3
                ],
                [
                    -2,
                    -1,
                    -10
                ],
                [
                    -3,
                    -5,
                    8
                ],
                [
                    9,
                    -10,
                    -1
                ],
                [
                    -1,
                    6,
                    -2
                ],
                [
                    -8,
                    -7,
                    3
                ],
                [
                    -5,
                    -7,
                    2
                ],
                [
                    5,
                    -1,
                    -4
                ],
                [
                    -8,
                    2,
                    -9
                ],
                [
                    -4,
                    -3,
                    10
                ],
                [
                    -2,
                    7,
                    -8
                ],
                [
                    7,
                    5,
                    -3
                ],
                [
                    8,
                    -7,
                    9
                ],
                [
                    1,
                    -5,
                    -7
                ],
                [
                    -10,
                    -6,
                    -9
                ],
                [
                    -2,
                    5,
                    -1
                ],
                [
                    -8,
                    1,
                    9
                ],
                [
                    2,
                    10,
                    9
                ],
                [
                    3,
                    -1,
                    2
                ]
            ],
            "{   'fun': 1.0,\n    'jac': None,\n    'nfev': 43,\n    'nit': None,\n    'njev': None,\n    'x': array([0.61018454, 0.30403013, 2.07675317, 2.03292336])}",
            {
                "0011011010": 1,
                "1010111001": 1,
                "0110011001": 1,
                "0101100000": 1,
                "1111010101": 1,
                "0000101101": 1,
                "1100110000": 1,
                "0110111110": 1,
                "0011100110": 1,
                "0111101000": 1,
                "1101100111": 1,
                "0101010010": 1,
                "1010010110": 1,
                "1001010010": 1,
                "1010110101": 1,
                "0011011100": 1,
                "1111011000": 1,
                "0101001111": 1,
                "0011000101": 1,
                "0001110100": 1,
                "0111000101": 1,
                "1101101011": 1,
                "1011010111": 1,
                "0100101010": 1,
                "0000000001": 1,
                "0001001000": 1,
                "1111101001": 1,
                "1110101111": 1,
                "0101001011": 1,
                "0000001110": 1,
                "1001100000": 1,
                "1101101010": 1,
                "0110011011": 1,
                "0000111111": 1,
                "0110110110": 2,
                "0010001010": 1,
                "1111011110": 1,
                "0001100010": 1,
                "1101001011": 1,
                "1110011110": 1,
                "1111000001": 1,
                "1001011111": 1,
                "1000101101": 1,
                "0000010011": 1,
                "1001010101": 1,
                "0010010010": 1,
                "0011100010": 1,
                "1000011110": 1,
                "1001011110": 1,
                "1110100111": 1,
                "0111011110": 1,
                "0100010011": 1,
                "1100000110": 1,
                "1100111100": 1,
                "0010101111": 1,
                "0000000011": 2,
                "1101010100": 1,
                "1111110011": 1,
                "1001101010": 1,
                "0100111010": 1,
                "1000001101": 1,
                "0111111001": 1,
                "0001010000": 1,
                "1010011111": 1,
                "0111011100": 1,
                "1011000110": 1,
                "0000010110": 1,
                "0000010010": 2,
                "1101110000": 1,
                "1110000011": 1,
                "0101100011": 1,
                "0110011100": 1,
                "1110000010": 1,
                "1100001101": 1,
                "1011101010": 1,
                "0110011110": 1,
                "0111110100": 1,
                "1000111111": 1,
                "0101110000": 2,
                "1101111101": 1,
                "0110011101": 1,
                "0010101100": 1,
                "1011100100": 1,
                "1000011100": 1,
                "1010110001": 1,
                "0111100001": 1,
                "0100111001": 1,
                "1011000100": 1,
                "1100110111": 1,
                "1001010100": 1,
                "1111111011": 1,
                "1110011001": 1,
                "1110000100": 1,
                "0110100010": 1,
                "0000001111": 1,
                "0010000011": 1
            },
            false,
            0.98
        ],
        [
            [
                [
                    5,
                    7,
                    -2
                ],
                [
                    10,
                    -5,
                    1
                ],
                [
                    5,
                    6,
                    -8
                ],
                [
                    10,
                    -3,
                    2
                ],
                [
                    10,
                    7,
                    9
                ],
                [
                    -2,
                    -1,
                    3
                ],
                [
                    1,
                    -7,
                    -10
                ],
                [
                    4,
                    -1,
                    9
                ],
                [
                    -10,
                    -2,
                    5
                ],
                [
                    6,
                    -8,
                    3
                ],
                [
                    5,
                    4,
                    -6
                ],
                [
                    1,
                    9,
                    -4
                ],
                [
                    4,
                    -3,
                    1
                ],
                [
                    7,
                    -8,
                    3
                ],
                [
                    3,
                    -10,
                    -1
                ],
                [
                    -3,
                    -6,
                    -1
                ],
                [
                    -10,
                    2,
                    6
                ],
                [
                    4,
                    10,
                    9
                ],
                [
                    8,
                    7,
                    -6
                ],
                [
                    -6,
                    -8,
                    -10
                ],
                [
                    7,
                    5,
                    -3
                ],
                [
                    5,
                    10,
                    -6
                ],
                [
                    -9,
                    -5,
                    -7
                ],
                [
                    -4,
                    -7,
                    -2
                ],
                [
                    10,
                    5,
                    6
                ],
                [
                    10,
                    9,
                    5
                ],
                [
                    7,
                    -1,
                    -10
                ],
                [
                    8,
                    -9,
                    5
                ],
                [
                    10,
                    -9,
                    2
                ],
                [
                    1,
                    -5,
                    10
                ],
                [
                    -10,
                    6,
                    4
                ],
                [
                    -3,
                    -10,
                    9
                ],
                [
                    10,
                    9,
                    -6
                ],
                [
                    -3,
                    -4,
                    8
                ],
                [
                    7,
                    10,
                    5
                ],
                [
                    6,
                    -8,
                    -7
                ],
                [
                    10,
                    -8,
                    -5
                ],
                [
                    5,
                    -8,
                    1
                ],
                [
                    -3,
                    10,
                    -1
                ],
                [
                    8,
                    3,
                    -9
                ],
                [
                    -4,
                    2,
                    -7
                ],
                [
                    1,
                    2,
                    9
                ],
                [
                    -10,
                    7,
                    2
                ],
                [
                    1,
                    10,
                    -6
                ],
                [
                    5,
                    1,
                    4
                ]
            ],
            "{   'fun': 1.0,\n    'jac': None,\n    'nfev': 25,\n    'nit': None,\n    'njev': None,\n    'x': array([2.77132115, 3.04776203, 2.13287502, 2.19935783])}",
            {
                "0111110001": 1,
                "0101011010": 1,
                "0011101011": 1,
                "0010001111": 1,
                "1110111100": 1,
                "1100011010": 1,
                "1100100101": 1,
                "0000011000": 1,
                "1100001000": 1,
                "0010111000": 1,
                "0101011011": 1,
                "1101101110": 1,
                "1111011001": 1,
                "0111001000": 1,
                "1010101011": 1,
                "1011001101": 1,
                "1100101110": 1,
                "1011100011": 1,
                "1010111101": 1,
                "0101001100": 1,
                "0000110100": 1,
                "0101000111": 1,
                "0111000110": 1,
                "0011011010": 1,
                "1101100010": 1,
                "0001010010": 1,
                "0110110110": 1,
                "1111010001": 1,
                "1100010000": 1,
                "1001000100": 1,
                "0111000111": 1,
                "0110100000": 1,
                "1101111100": 1,
                "1110100110": 1,
                "1010101010": 1,
                "0001000010": 1,
                "0111001100": 1,
                "1000101100": 1,
                "1110000010": 1,
                "0110101101": 1,
                "1011100111": 1,
                "1011010011": 1,
                "1100001111": 1,
                "0111010110": 1,
                "1001000110": 1,
                "1111100011": 2,
                "0111111100": 1,
                "0100010111": 2,
                "0001001110": 1,
                "1000000101": 1,
                "1001101011": 1,
                "0110110001": 1,
                "1000100011": 1,
                "0110101111": 1,
                "0000010010": 2,
                "1011100101": 1,
                "1100100010": 1,
                "0011000000": 1,
                "1011011101": 1,
                "0010010111": 1,
                "0101001010": 1,
                "1110110110": 1,
                "0110010010": 1,
                "1011010110": 1,
                "0100010110": 1,
                "0100110111": 1,
                "1010000111": 1,
                "1101001101": 1,
                "1111101111": 1,
                "1011111111": 2,
                "1010010111": 1,
                "0001100101": 1,
                "1101001010": 1,
                "0001011011": 2,
                "1010010100": 1,
                "1111110000": 1,
                "1000010001": 1,
                "1011011011": 1,
                "1101010010": 1,
                "0001011010": 1,
                "0111110011": 1,
                "1100010100": 1,
                "1100000101": 1,
                "1000110010": 1,
                "1000110001": 1,
                "1100101010": 1,
                "1011110001": 2,
                "0101100000": 1,
                "0100000110": 1,
                "0101000000": 1,
                "0110010001": 1,
                "0101111001": 1,
                "1100110000": 1,
                "0000101110": 1
            },
            false,
            1.0
        ],
        [
            [
                [
                    6,
                    2,
                    -1
                ],
                [
                    -8,
                    9,
                    -7
                ],
                [
                    9,
                    -7,
                    3
                ],
                [
                    -3,
                    -6,
                    5
                ],
                [
                    -5,
                    3,
                    -6
                ],
                [
                    -1,
                    -3,
                    -5
                ],
                [
                    -5,
                    -10,
                    4
                ],
                [
                    -1,
                    9,
                    -7
                ],
                [
                    1,
                    -4,
                    -2
                ],
                [
                    -5,
                    9,
                    -2
                ],
                [
                    9,
                    -3,
                    -1
                ],
                [
                    4,
                    6,
                    5
                ],
                [
                    -8,
                    5,
                    -6
                ],
                [
                    -5,
                    2,
                    -1
                ],
                [
                    -1,
                    4,
                    -9
                ],
                [
                    5,
                    -6,
                    10
                ],
                [
                    -6,
                    -9,
                    -1
                ],
                [
                    1,
                    2,
                    -10
                ],
                [
                    10,
                    1,
                    7
                ],
                [
                    10,
                    -2,
                    1
                ],
                [
                    -8,
                    -6,
                    7
                ],
                [
                    7,
                    -3,
                    -10
                ],
                [
                    3,
                    -9,
                    -2
                ],
                [
                    -3,
                    6,
                    8
                ],
                [
                    10,
                    -5,
                    -3
                ],
                [
                    8,
                    6,
                    9
                ],
                [
                    -9,
                    10,
                    -2
                ],
                [
                    -7,
                    9,
                    8
                ],
                [
                    9,
                    1,
                    6
                ],
                [
                    -2,
                    -7,
                    -9
                ],
                [
                    -10,
                    -4,
                    5
                ],
                [
                    9,
                    7,
                    6
                ],
                [
                    -3,
                    -7,
                    -8
                ],
                [
                    -7,
                    4,
                    -5
                ],
                [
                    -10,
                    1,
                    4
                ],
                [
                    6,
                    -1,
                    -4
                ],
                [
                    1,
                    7,
                    3
                ],
                [
                    -3,
                    -5,
                    9
                ],
                [
                    -8,
                    -2,
                    -3
                ],
                [
                    -4,
                    -5,
                    9
                ],
                [
                    4,
                    7,
                    8
                ],
                [
                    2,
                    4,
                    9
                ],
                [
                    10,
                    2,
                    -5
                ],
                [
                    7,
                    6,
                    9
                ],
                [
                    -1,
                    -5,
                    -10
                ]
            ],
            "{   'fun': 1.0,\n    'jac': None,\n    'nfev': 45,\n    'nit': None,\n    'njev': None,\n    'x': array([2.66201282, 2.65506067, 0.03356222, 0.61839891])}",
            {
                "1001100110": 1,
                "0001011100": 1,
                "1000000100": 1,
                "1010101011": 1,
                "0000000101": 1,
                "0101000001": 1,
                "1110010100": 1,
                "0100000110": 1,
                "1001101011": 1,
                "0011101000": 1,
                "1111111000": 1,
                "0000011011": 1,
                "1000010010": 1,
                "0001111110": 1,
                "0000001100": 1,
                "0111010110": 1,
                "0111110001": 1,
                "0010111101": 1,
                "1101011110": 1,
                "0111101111": 1,
                "1010101101": 1,
                "0001101110": 1,
                "1110101011": 1,
                "0100000010": 1,
                "1001111100": 1,
                "0101111001": 1,
                "1111100100": 1,
                "1001001111": 1,
                "1000001000": 1,
                "1100000001": 1,
                "0111111011": 1,
                "0010010110": 1,
                "1011001110": 1,
                "1110001101": 1,
                "0110101110": 1,
                "1100110011": 1,
                "1001010010": 1,
                "1101000011": 2,
                "1010001010": 1,
                "1100100011": 1,
                "0011100110": 1,
                "0001100100": 1,
                "1011010101": 1,
                "1111101110": 1,
                "0110111011": 1,
                "0001100011": 1,
                "0101010111": 2,
                "0010111110": 1,
                "1010100011": 1,
                "0110000100": 1,
                "1110110011": 1,
                "0000100110": 1,
                "1100110100": 1,
                "0101100110": 1,
                "0100011110": 1,
                "1111101111": 2,
                "0100000100": 1,
                "0010100010": 1,
                "0111001000": 1,
                "1010100010": 1,
                "0100011010": 1,
                "0010111111": 1,
                "0101010000": 1,
                "1010111110": 1,
                "0101010001": 1,
                "0011011011": 1,
                "0011111110": 1,
                "0110111101": 1,
                "1110111100": 1,
                "0001100010": 1,
                "0111111010": 1,
                "0110100010": 1,
                "0111000111": 1,
                "1011010111": 1,
                "1010011110": 1,
                "1101100010": 1,
                "0000101111": 1,
                "1110001111": 1,
                "1110111011": 1,
                "1100111100": 1,
                "1100001110": 1,
                "1001001100": 1,
                "1110011001": 1,
                "1000000000": 1,
                "0110110100": 1,
                "1001100100": 1,
                "1001000110": 1,
                "0011011100": 1,
                "0111100100": 1,
                "0100011000": 1,
                "1100110110": 1,
                "0010110110": 1,
                "0001111100": 1,
                "1111101001": 1,
                "1100001010": 1,
                "0100000000": 2
            },
            false,
            0.97
        ]
    ]
}