{
    "n": 10,
    "m": 45,
    "results": [
        [
            [
                [
                    -1,
                    -6,
                    -3
                ],
                [
                    4,
                    6,
                    -2
                ],
                [
                    -3,
                    5,
                    -1
                ],
                [
                    -6,
                    -3,
                    -5
                ],
                [
                    -6,
                    -3,
                    7
                ],
                [
                    2,
                    -5,
                    7
                ],
                [
                    7,
                    3,
                    -9
                ],
                [
                    2,
                    3,
                    -4
                ],
                [
                    -2,
                    8,
                    9
                ],
                [
                    2,
                    -10,
                    3
                ],
                [
                    3,
                    4,
                    -9
                ],
                [
                    -6,
                    4,
                    -9
                ],
                [
                    -8,
                    -3,
                    9
                ],
                [
                    -2,
                    9,
                    -10
                ],
                [
                    -1,
                    -6,
                    7
                ],
                [
                    9,
                    6,
                    10
                ],
                [
                    -7,
                    -10,
                    -4
                ],
                [
                    9,
                    6,
                    10
                ],
                [
                    -3,
                    -4,
                    -7
                ],
                [
                    3,
                    -1,
                    -9
                ],
                [
                    -5,
                    -2,
                    8
                ],
                [
                    7,
                    -4,
                    1
                ],
                [
                    -1,
                    9,
                    7
                ],
                [
                    -4,
                    1,
                    -3
                ],
                [
                    -3,
                    1,
                    9
                ],
                [
                    -1,
                    -5,
                    10
                ],
                [
                    -3,
                    -6,
                    2
                ],
                [
                    -10,
                    4,
                    5
                ],
                [
                    -9,
                    -10,
                    6
                ],
                [
                    -6,
                    -2,
                    -8
                ],
                [
                    -5,
                    7,
                    6
                ],
                [
                    9,
                    6,
                    -5
                ],
                [
                    10,
                    -2,
                    -6
                ],
                [
                    10,
                    8,
                    5
                ],
                [
                    4,
                    -8,
                    -6
                ],
                [
                    -3,
                    1,
                    -2
                ],
                [
                    -4,
                    -6,
                    -7
                ],
                [
                    -5,
                    -4,
                    10
                ],
                [
                    4,
                    -1,
                    -3
                ],
                [
                    -9,
                    -3,
                    -10
                ],
                [
                    10,
                    4,
                    -3
                ],
                [
                    -2,
                    -1,
                    8
                ],
                [
                    -2,
                    -5,
                    -7
                ],
                [
                    -2,
                    -4,
                    -5
                ],
                [
                    -8,
                    9,
                    -3
                ]
            ],
            "{   'fun': 0.98,\n    'jac': None,\n    'nfev': 42,\n    'nit': None,\n    'njev': None,\n    'x': array([0.76539596, 2.12159696, 0.77478901, 3.01990769])}",
            {
                "0010110110": 1,
                "0011111001": 1,
                "1011111111": 1,
                "1101100010": 1,
                "0100010011": 1,
                "0000100101": 1,
                "0011001110": 1,
                "0100101011": 1,
                "1001111011": 2,
                "1000000100": 1,
                "0001100101": 1,
                "0001010001": 1,
                "0100000111": 1,
                "0111001100": 1,
                "1001100000": 1,
                "1101010111": 1,
                "1100000101": 1,
                "1010010011": 1,
                "1101000110": 1,
                "0010111011": 1,
                "0001110010": 1,
                "0101111100": 1,
                "1001111000": 1,
                "0001011100": 1,
                "0000101000": 1,
                "1111111001": 1,
                "0110101100": 1,
                "0110011011": 1,
                "0010010000": 1,
                "0110111110": 1,
                "1010000110": 1,
                "1111001011": 1,
                "1100010010": 2,
                "1111010000": 1,
                "1010110001": 1,
                "0110011010": 1,
                "1000011011": 1,
                "1001001000": 1,
                "0010111001": 1,
                "1011011101": 1,
                "1011111000": 1,
                "0101110101": 1,
                "0110001100": 1,
                "1001011001": 1,
                "1110111000": 1,
                "0111001010": 1,
                "0110100001": 1,
                "1111011101": 1,
                "1101110101": 1,
                "0101001000": 1,
                "1000101101": 2,
                "0101010110": 1,
                "0100001000": 1,
                "0010110011": 1,
                "1001110101": 1,
                "0101011111": 2,
                "1001100111": 1,
                "0010000010": 1,
                "0001011001": 1,
                "1000010111": 1,
                "0011100110": 1,
                "0011001001": 1,
                "0000111101": 1,
                "0100000010": 1,
                "0111110101": 1,
                "1010011000": 1,
                "0101101111": 1,
                "1100010011": 1,
                "1000000010": 1,
                "1100000100": 1,
                "0000011000": 1,
                "0101000011": 1,
                "1101110110": 1,
                "0111000000": 1,
                "0010101100": 1,
                "0100111000": 1,
                "1111000000": 1,
                "0110001111": 1,
                "1111001000": 1,
                "1110110100": 1,
                "1010111010": 1,
                "1010101100": 1,
                "1101001011": 1,
                "1001011100": 1,
                "1000001000": 1,
                "1100011011": 1,
                "1110001111": 1,
                "0000101100": 1,
                "1100100101": 1,
                "1111001100": 1,
                "0101111010": 1,
                "1111111000": 1,
                "0100001100": 1,
                "0001100011": 1,
                "1011111101": 1,
                "0011011101": 1
            },
            true,
            0.96
        ],
        [
            [
                [
                    -1,
                    -7,
                    2
                ],
                [
                    4,
                    5,
                    7
                ],
                [
                    -4,
                    -2,
                    -1
                ],
                [
                    -10,
                    5,
                    6
                ],
                [
                    -3,
                    5,
                    -7
                ],
                [
                    -1,
                    2,
                    -7
                ],
                [
                    -5,
                    -9,
                    8
                ],
                [
                    8,
                    7,
                    6
                ],
                [
                    -1,
                    9,
                    -5
                ],
                [
                    -8,
                    -5,
                    -3
                ],
                [
                    10,
                    6,
                    9
                ],
                [
                    -3,
                    7,
                    10
                ],
                [
                    -4,
                    6,
                    -9
                ],
                [
                    -10,
                    -9,
                    -4
                ],
                [
                    -6,
                    2,
                    9
                ],
                [
                    -6,
                    -7,
                    4
                ],
                [
                    8,
                    10,
                    2
                ],
                [
                    4,
                    -2,
                    5
                ],
                [
                    7,
                    -2,
                    9
                ],
                [
                    2,
                    8,
                    7
                ],
                [
                    -2,
                    -7,
                    5
                ],
                [
                    -7,
                    -1,
                    4
                ],
                [
                    -5,
                    7,
                    -9
                ],
                [
                    -3,
                    -10,
                    -2
                ],
                [
                    -4,
                    -6,
                    -7
                ],
                [
                    3,
                    -10,
                    6
                ],
                [
                    -8,
                    -3,
                    -1
                ],
                [
                    -10,
                    -3,
                    8
                ],
                [
                    8,
                    2,
                    -10
                ],
                [
                    2,
                    7,
                    3
                ],
                [
                    -7,
                    3,
                    10
                ],
                [
                    3,
                    8,
                    5
                ],
                [
                    -3,
                    2,
                    7
                ],
                [
                    9,
                    -10,
                    8
                ],
                [
                    -6,
                    10,
                    2
                ],
                [
                    5,
                    2,
                    3
                ],
                [
                    9,
                    7,
                    10
                ],
                [
                    -7,
                    -5,
                    3
                ],
                [
                    -5,
                    -8,
                    -7
                ],
                [
                    8,
                    -9,
                    -10
                ],
                [
                    -5,
                    -4,
                    8
                ],
                [
                    -5,
                    7,
                    3
                ],
                [
                    10,
                    -3,
                    9
                ],
                [
                    -7,
                    -6,
                    -9
                ],
                [
                    6,
                    5,
                    9
                ]
            ],
            "{   'fun': 1.0,\n    'jac': None,\n    'nfev': 45,\n    'nit': None,\n    'njev': None,\n    'x': array([1.96767967, 0.91189071, 0.47455352, 2.4915159 ])}",
            {
                "1100001111": 1,
                "0111000110": 1,
                "0000100011": 1,
                "0101100110": 1,
                "0010111101": 1,
                "1111010110": 1,
                "0011011110": 1,
                "0001110011": 1,
                "1101011111": 1,
                "1101010001": 1,
                "1110001100": 1,
                "0110111110": 1,
                "0110101010": 1,
                "0010011100": 1,
                "0010111011": 1,
                "0011110001": 1,
                "0110110010": 1,
                "1010110101": 1,
                "1001010111": 1,
                "1001110000": 1,
                "0011000011": 1,
                "0000110010": 1,
                "0100010101": 1,
                "0011111011": 1,
                "1101010111": 1,
                "1111010101": 1,
                "1101000100": 1,
                "0111001011": 1,
                "1001001000": 1,
                "1011111000": 1,
                "0011000000": 1,
                "1011101100": 1,
                "0011101000": 1,
                "0011000111": 2,
                "1101001111": 1,
                "1111010100": 1,
                "1001000110": 1,
                "1010110100": 1,
                "1011000000": 1,
                "1011111101": 1,
                "0101101000": 1,
                "0001010100": 1,
                "0111111111": 1,
                "0010010001": 1,
                "0001101000": 1,
                "0101100101": 1,
                "0011111110": 1,
                "1001100011": 1,
                "1011111111": 1,
                "1011100011": 1,
                "0000110111": 2,
                "0111100001": 1,
                "1000110100": 1,
                "0111100000": 1,
                "1111100000": 2,
                "1000100101": 1,
                "1100011101": 1,
                "1100001110": 1,
                "0010101111": 2,
                "1100001100": 1,
                "1011011011": 1,
                "1011100010": 1,
                "0010100110": 1,
                "0000011000": 1,
                "1110000010": 1,
                "1100001101": 2,
                "1111101001": 1,
                "0001100010": 1,
                "0101110101": 1,
                "1000011001": 1,
                "0010011000": 1,
                "0011101111": 1,
                "1111001100": 1,
                "1110110111": 1,
                "0110110110": 1,
                "0111000101": 1,
                "0000110000": 1,
                "0001110000": 1,
                "1000010001": 1,
                "0011111010": 1,
                "0101011111": 1,
                "0000101110": 1,
                "0000001000": 1,
                "0101010000": 1,
                "0111101000": 1,
                "1010011010": 1,
                "0110000010": 1,
                "1010101111": 1,
                "1001110010": 1,
                "0001001000": 1,
                "1000011111": 1,
                "0010100000": 1,
                "1111111101": 1,
                "1110000100": 1,
                "0110000000": 1
            },
            false,
            0.97
        ],
        [
            [
                [
                    6,
                    4,
                    -5
                ],
                [
                    -8,
                    -4,
                    1
                ],
                [
                    1,
                    -4,
                    -9
                ],
                [
                    1,
                    -2,
                    5
                ],
                [
                    -10,
                    -7,
                    9
                ],
                [
                    9,
                    10,
                    3
                ],
                [
                    -2,
                    -3,
                    5
                ],
                [
                    3,
                    -6,
                    1
                ],
                [
                    10,
                    -4,
                    7
                ],
                [
                    9,
                    5,
                    3
                ],
                [
                    3,
                    -8,
                    -4
                ],
                [
                    6,
                    -1,
                    4
                ],
                [
                    -1,
                    10,
                    5
                ],
                [
                    4,
                    1,
                    2
                ],
                [
                    8,
                    4,
                    9
                ],
                [
                    5,
                    -3,
                    -4
                ],
                [
                    1,
                    -7,
                    2
                ],
                [
                    2,
                    4,
                    7
                ],
                [
                    -5,
                    2,
                    8
                ],
                [
                    7,
                    -4,
                    3
                ],
                [
                    2,
                    1,
                    -6
                ],
                [
                    -6,
                    -10,
                    8
                ],
                [
                    -2,
                    -3,
                    -6
                ],
                [
                    6,
                    -7,
                    1
                ],
                [
                    -9,
                    -2,
                    -3
                ],
                [
                    3,
                    -7,
                    2
                ],
                [
                    -2,
                    1,
                    -9
                ],
                [
                    -4,
                    7,
                    5
                ],
                [
                    1,
                    -9,
                    3
                ],
                [
                    6,
                    -7,
                    9
                ],
                [
                    8,
                    -10,
                    3
                ],
                [
                    -3,
                    -5,
                    -8
                ],
                [
                    -1,
                    -7,
                    -8
                ],
                [
                    -9,
                    -2,
                    4
                ],
                [
                    -10,
                    -3,
                    -5
                ],
                [
                    2,
                    -3,
                    9
                ],
                [
                    10,
                    7,
                    8
                ],
                [
                    -5,
                    1,
                    -6
                ],
                [
                    9,
                    7,
                    5
                ],
                [
                    10,
                    -5,
                    -1
                ],
                [
                    10,
                    8,
                    4
                ],
                [
                    5,
                    -1,
                    -10
                ],
                [
                    8,
                    -4,
                    2
                ],
                [
                    5,
                    -6,
                    -3
                ],
                [
                    -7,
                    8,
                    10
                ]
            ],
            "{   'fun': 1.0,\n    'jac': None,\n    'nfev': 38,\n    'nit': None,\n    'njev': None,\n    'x': array([0.60988567, 0.30445254, 1.20194545, 2.03265808])}",
            {
                "0110100111": 1,
                "0111110011": 1,
                "1001111000": 1,
                "1111010010": 1,
                "1010110100": 1,
                "1001100110": 2,
                "0111100101": 1,
                "0001010011": 1,
                "1010111101": 1,
                "1110110101": 1,
                "1111110110": 1,
                "0001001011": 1,
                "0101000000": 1,
                "0010100110": 1,
                "1110010110": 1,
                "0000100100": 1,
                "0001001000": 1,
                "0000011101": 1,
                "0010011000": 1,
                "0101100010": 1,
                "0110011100": 1,
                "0110000111": 1,
                "1110000100": 1,
                "1011001100": 1,
                "1110110010": 1,
                "1001101101": 1,
                "0000110011": 1,
                "1100001000": 1,
                "1011110100": 2,
                "1010110111": 1,
                "0001001100": 1,
                "1111000000": 1,
                "1100101110": 1,
                "0111100001": 1,
                "1100101100": 1,
                "0100101001": 1,
                "1010100001": 1,
                "0110101010": 1,
                "0001100011": 1,
                "0100001100": 1,
                "0010001101": 1,
                "1000101110": 1,
                "1011101010": 1,
                "1000010111": 1,
                "0110111100": 1,
                "1101010001": 1,
                "0101101011": 1,
                "1111001100": 1,
                "1110110111": 1,
                "1001100000": 1,
                "1001110101": 1,
                "1010100111": 1,
                "0100000010": 1,
                "1110010011": 1,
                "0010001000": 1,
                "0010010101": 1,
                "1101010110": 1,
                "0101010111": 1,
                "1110110100": 1,
                "0011111110": 1,
                "0101001000": 1,
                "1011111111": 1,
                "0101001100": 1,
                "0100100100": 1,
                "1001101011": 1,
                "1100000100": 1,
                "0010011001": 1,
                "1000000001": 1,
                "0100111100": 1,
                "1110101111": 1,
                "0001110100": 1,
                "1100100111": 1,
                "1111010100": 1,
                "0100110010": 1,
                "0011110111": 1,
                "1011100100": 1,
                "1111101110": 1,
                "1010010010": 1,
                "1001110110": 1,
                "0100110011": 1,
                "1001011000": 1,
                "1010001001": 1,
                "1000100101": 1,
                "1101101011": 1,
                "0100101111": 1,
                "1111100000": 1,
                "0001000000": 2,
                "0110000011": 1,
                "0110100001": 1,
                "1110011010": 1,
                "0111111111": 1,
                "0011100101": 1,
                "1000111000": 1,
                "0101111111": 1,
                "1000001111": 1,
                "0100011011": 1,
                "1000011101": 1
            },
            false,
            0.97
        ],
        [
            [
                [
                    9,
                    7,
                    -5
                ],
                [
                    -10,
                    -6,
                    7
                ],
                [
                    -9,
                    -1,
                    4
                ],
                [
                    4,
                    -9,
                    7
                ],
                [
                    6,
                    -5,
                    4
                ],
                [
                    -7,
                    -9,
                    -4
                ],
                [
                    -8,
                    -6,
                    -3
                ],
                [
                    7,
                    -5,
                    9
                ],
                [
                    1,
                    8,
                    -4
                ],
                [
                    1,
                    -9,
                    -6
                ],
                [
                    5,
                    -10,
                    9
                ],
                [
                    -6,
                    5,
                    1
                ],
                [
                    2,
                    3,
                    7
                ],
                [
                    6,
                    -8,
                    5
                ],
                [
                    6,
                    3,
                    10
                ],
                [
                    10,
                    4,
                    -3
                ],
                [
                    5,
                    -10,
                    6
                ],
                [
                    9,
                    -4,
                    7
                ],
                [
                    -1,
                    5,
                    -8
                ],
                [
                    4,
                    7,
                    2
                ],
                [
                    9,
                    4,
                    -2
                ],
                [
                    1,
                    4,
                    3
                ],
                [
                    3,
                    7,
                    8
                ],
                [
                    -3,
                    10,
                    -5
                ],
                [
                    -1,
                    -3,
                    2
                ],
                [
                    5,
                    3,
                    -4
                ],
                [
                    8,
                    6,
                    -3
                ],
                [
                    -4,
                    6,
                    7
                ],
                [
                    9,
                    -7,
                    2
                ],
                [
                    4,
                    -2,
                    -8
                ],
                [
                    2,
                    7,
                    -5
                ],
                [
                    -3,
                    10,
                    9
                ],
                [
                    8,
                    5,
                    -9
                ],
                [
                    10,
                    1,
                    -9
                ],
                [
                    9,
                    7,
                    1
                ],
                [
                    -3,
                    -10,
                    -4
                ],
                [
                    -5,
                    -4,
                    10
                ],
                [
                    6,
                    5,
                    -8
                ],
                [
                    3,
                    -1,
                    -4
                ],
                [
                    -2,
                    -6,
                    -9
                ],
                [
                    -9,
                    -8,
                    5
                ],
                [
                    3,
                    10,
                    -6
                ],
                [
                    8,
                    9,
                    -3
                ],
                [
                    -1,
                    4,
                    9
                ],
                [
                    3,
                    -10,
                    -6
                ]
            ],
            "{   'fun': 1.0,\n    'jac': None,\n    'nfev': 39,\n    'nit': None,\n    'njev': None,\n    'x': array([2.77139615, 3.04776834, 2.25792269, 2.19940325])}",
            {
                "1111011011": 1,
                "1110111110": 1,
                "0010010101": 1,
                "0110100100": 1,
                "1011110111": 1,
                "0111011000": 1,
                "1000000000": 1,
                "0110010101": 1,
                "0011010100": 1,
                "1010111010": 1,
                "1110100111": 1,
                "0111000101": 1,
                "0011111100": 1,
                "0010111001": 1,
                "1101111000": 1,
                "1000111010": 1,
                "0101011011": 1,
                "0110100101": 1,
                "1000010011": 1,
                "1000101010": 1,
                "1100010010": 1,
                "0001000001": 1,
                "0001001111": 1,
                "1010100011": 1,
                "0100100101": 1,
                "0010000100": 1,
                "1101110111": 1,
                "1101100011": 1,
                "0110101011": 1,
                "1011000111": 1,
                "0001111100": 1,
                "0101010011": 1,
                "0110100110": 1,
                "0010100011": 1,
                "1000001001": 1,
                "0001110100": 2,
                "1111010110": 1,
                "0100010010": 1,
                "0000101110": 1,
                "0001001010": 2,
                "1000010000": 1,
                "0101001111": 1,
                "1010101101": 1,
                "0011100001": 1,
                "1101110010": 1,
                "1010001000": 2,
                "1011111011": 1,
                "1100001101": 1,
                "0100101100": 1,
                "1000011001": 1,
                "0011101111": 1,
                "0010000101": 1,
                "0001110011": 1,
                "1010110001": 1,
                "1000010110": 1,
                "1111010000": 1,
                "1111000001": 1,
                "0011000110": 1,
                "1111001100": 1,
                "1111110000": 1,
                "1010001011": 1,
                "0100001011": 1,
                "0010110010": 1,
                "0011101110": 1,
                "0111011011": 1,
                "1011111001": 1,
                "0100000001": 1,
                "0111110111": 1,
                "1001011000": 1,
                "0000100110": 1,
                "1001001101": 1,
                "0011110110": 1,
                "0101001100": 1,
                "0111011110": 1,
                "0011011110": 1,
                "1101110000": 1,
                "0100011010": 1,
                "0100101011": 1,
                "0111010010": 1,
                "0100101010": 1,
                "1111101011": 2,
                "1100011010": 1,
                "1001010111": 1,
                "0100000110": 1,
                "0101000000": 1,
                "1110101101": 1,
                "0011000111": 1,
                "1010000111": 1,
                "1001000110": 1,
                "1001100100": 1,
                "1010001001": 1,
                "0000101100": 1,
                "0110011100": 1,
                "0101001001": 1,
                "0110111001": 1,
                "0011001011": 1
            },
            false,
            0.99
        ],
        [
            [
                [
                    -10,
                    -6,
                    3
                ],
                [
                    1,
                    6,
                    -7
                ],
                [
                    -8,
                    -5,
                    -3
                ],
                [
                    -10,
                    -4,
                    9
                ],
                [
                    -5,
                    3,
                    2
                ],
                [
                    -3,
                    6,
                    7
                ],
                [
                    -7,
                    -2,
                    8
                ],
                [
                    -5,
                    -7,
                    -1
                ],
                [
                    -3,
                    2,
                    -10
                ],
                [
                    -8,
                    -5,
                    6
                ],
                [
                    2,
                    -7,
                    -1
                ],
                [
                    -9,
                    1,
                    -6
                ],
                [
                    -1,
                    -10,
                    8
                ],
                [
                    -8,
                    5,
                    -1
                ],
                [
                    4,
                    -9,
                    8
                ],
                [
                    -7,
                    -6,
                    4
                ],
                [
                    -1,
                    4,
                    2
                ],
                [
                    -2,
                    -3,
                    6
                ],
                [
                    1,
                    -9,
                    -3
                ],
                [
                    -10,
                    -3,
                    -7
                ],
                [
                    6,
                    5,
                    1
                ],
                [
                    -9,
                    5,
                    -1
                ],
                [
                    9,
                    -3,
                    -8
                ],
                [
                    -5,
                    -3,
                    -4
                ],
                [
                    -10,
                    -5,
                    -2
                ],
                [
                    -6,
                    2,
                    -1
                ],
                [
                    7,
                    -10,
                    -1
                ],
                [
                    3,
                    6,
                    -10
                ],
                [
                    1,
                    -9,
                    -10
                ],
                [
                    5,
                    -10,
                    7
                ],
                [
                    9,
                    10,
                    -8
                ],
                [
                    -8,
                    10,
                    -1
                ],
                [
                    10,
                    -7,
                    1
                ],
                [
                    -1,
                    -10,
                    5
                ],
                [
                    4,
                    -5,
                    7
                ],
                [
                    -4,
                    -1,
                    -3
                ],
                [
                    -8,
                    3,
                    -1
                ],
                [
                    -2,
                    -4,
                    10
                ],
                [
                    -1,
                    -7,
                    4
                ],
                [
                    3,
                    7,
                    -8
                ],
                [
                    6,
                    3,
                    -5
                ],
                [
                    3,
                    -10,
                    7
                ],
                [
                    -1,
                    3,
                    -7
                ],
                [
                    -2,
                    6,
                    -7
                ],
                [
                    -6,
                    -9,
                    5
                ]
            ],
            "{   'fun': 0.96,\n    'jac': None,\n    'nfev': 47,\n    'nit': None,\n    'njev': None,\n    'x': array([2.60332631, 2.66004927, 0.02748872, 0.63396133])}",
            {
                "0111110011": 1,
                "1001001000": 1,
                "1110001010": 1,
                "1110000100": 1,
                "1110001111": 1,
                "0000001000": 1,
                "1011010100": 1,
                "1011100110": 1,
                "0001011010": 1,
                "1110101010": 1,
                "1001101100": 1,
                "0000000011": 1,
                "1001011000": 1,
                "1011010000": 1,
                "1111010010": 1,
                "0101100000": 1,
                "0000001001": 1,
                "1111100101": 1,
                "0000100010": 1,
                "1001011010": 1,
                "1011110100": 2,
                "0110010110": 1,
                "0001110101": 1,
                "0001111111": 1,
                "0001111100": 1,
                "1011101010": 1,
                "0111011011": 1,
                "0101011010": 1,
                "0011000001": 1,
                "1101110100": 1,
                "0001001001": 1,
                "1100100101": 1,
                "1011000100": 1,
                "1111110001": 1,
                "1000000101": 1,
                "1010100111": 1,
                "0101010110": 1,
                "1000101101": 1,
                "1100001110": 1,
                "0010110000": 1,
                "0011001111": 1,
                "1101111111": 1,
                "1100000001": 2,
                "1101100001": 1,
                "0010011001": 1,
                "1010001000": 2,
                "1010101100": 2,
                "1010000100": 1,
                "1010001110": 1,
                "1010001011": 1,
                "0110101101": 1,
                "1110101110": 1,
                "1101000001": 1,
                "0011000010": 1,
                "0000101000": 2,
                "1001100011": 1,
                "1011110111": 1,
                "0011011010": 1,
                "1011100100": 1,
                "1110111111": 1,
                "1000110001": 1,
                "0110100100": 1,
                "1111000000": 1,
                "1001011101": 1,
                "0000000010": 1,
                "1110011011": 1,
                "1101001000": 1,
                "1100001111": 1,
                "1011100111": 1,
                "1101000000": 1,
                "0100111101": 1,
                "1110011000": 2,
                "1001100000": 1,
                "1110000010": 1,
                "1000111000": 1,
                "1100000101": 1,
                "0110001011": 1,
                "0010101110": 1,
                "1100110011": 1,
                "1110100100": 1,
                "1100011000": 1,
                "0101111011": 1,
                "1010010111": 1,
                "1111011010": 1,
                "0110110001": 1,
                "0001110111": 1,
                "1100000010": 1,
                "1010000001": 1,
                "0100010010": 1,
                "0111110000": 1,
                "0010011100": 1,
                "1011010111": 1,
                "0110100111": 1,
                "1001100101": 1
            },
            true,
            0.91
        ]
    ]
}