{
    "n": 10,
    "m": 45,
    "results": [
        [
            [
                [
                    -2,
                    8,
                    9
                ],
                [
                    -5,
                    -3,
                    -6
                ],
                [
                    10,
                    4,
                    2
                ],
                [
                    -2,
                    9,
                    6
                ],
                [
                    -4,
                    1,
                    6
                ],
                [
                    3,
                    2,
                    -4
                ],
                [
                    8,
                    6,
                    -9
                ],
                [
                    10,
                    9,
                    1
                ],
                [
                    -10,
                    -1,
                    8
                ],
                [
                    10,
                    -8,
                    1
                ],
                [
                    2,
                    -3,
                    1
                ],
                [
                    -9,
                    10,
                    -7
                ],
                [
                    8,
                    -5,
                    -4
                ],
                [
                    -9,
                    -1,
                    7
                ],
                [
                    -3,
                    -2,
                    -7
                ],
                [
                    1,
                    -9,
                    5
                ],
                [
                    4,
                    -7,
                    -10
                ],
                [
                    -9,
                    6,
                    2
                ],
                [
                    -6,
                    9,
                    -2
                ],
                [
                    -5,
                    -8,
                    10
                ],
                [
                    -5,
                    -3,
                    7
                ],
                [
                    -8,
                    3,
                    7
                ],
                [
                    4,
                    10,
                    8
                ],
                [
                    8,
                    -3,
                    -2
                ],
                [
                    4,
                    2,
                    -10
                ],
                [
                    -5,
                    9,
                    4
                ],
                [
                    1,
                    -7,
                    -8
                ],
                [
                    10,
                    -7,
                    3
                ],
                [
                    1,
                    7,
                    4
                ],
                [
                    -7,
                    -1,
                    5
                ],
                [
                    -6,
                    7,
                    9
                ],
                [
                    5,
                    -10,
                    -9
                ],
                [
                    -6,
                    7,
                    -2
                ],
                [
                    -9,
                    7,
                    6
                ],
                [
                    -4,
                    -8,
                    2
                ],
                [
                    3,
                    -10,
                    2
                ],
                [
                    -9,
                    -2,
                    -10
                ],
                [
                    2,
                    -8,
                    -4
                ],
                [
                    -7,
                    -6,
                    4
                ],
                [
                    10,
                    9,
                    2
                ],
                [
                    6,
                    -7,
                    -3
                ],
                [
                    -3,
                    4,
                    9
                ],
                [
                    -7,
                    1,
                    2
                ],
                [
                    -1,
                    -8,
                    -3
                ],
                [
                    -10,
                    7,
                    9
                ]
            ],
            "{   'fun': 1.0,\n    'jac': None,\n    'nfev': 25,\n    'nit': None,\n    'njev': None,\n    'x': array([0.25622077, 1.0895811 , 0.83891711, 3.08399949])}",
            {
                "0111100111": 1,
                "1011111100": 1,
                "1111001101": 1,
                "1001110101": 1,
                "0101110011": 1,
                "1001110000": 1,
                "1001100011": 1,
                "1110001101": 1,
                "0001001110": 1,
                "1000111010": 1,
                "1011100110": 1,
                "0101010100": 1,
                "1111011010": 1,
                "1100000101": 1,
                "0101011010": 1,
                "0101010111": 1,
                "1011110011": 1,
                "1110101110": 1,
                "0100001101": 1,
                "0001000110": 1,
                "0010110110": 1,
                "1100111000": 2,
                "1110111110": 1,
                "1101110100": 1,
                "0110010000": 1,
                "0100011001": 1,
                "0111000111": 1,
                "1000101101": 1,
                "1010010010": 1,
                "1110111011": 1,
                "1001100000": 1,
                "0100000011": 1,
                "0010111101": 1,
                "0101101001": 1,
                "0000010101": 1,
                "1100010010": 1,
                "1001110001": 1,
                "0100111101": 1,
                "1010100100": 1,
                "1010000111": 1,
                "0000001000": 1,
                "0101001100": 1,
                "0011110110": 2,
                "0101000101": 2,
                "1110110001": 1,
                "1001111000": 1,
                "0010111110": 1,
                "0110001100": 1,
                "1100000110": 1,
                "0111101111": 1,
                "0111000101": 1,
                "1101100110": 1,
                "0101111111": 1,
                "0011000100": 1,
                "0011111000": 1,
                "0100010100": 1,
                "0010011100": 1,
                "1111000011": 1,
                "0001010011": 1,
                "1000110101": 1,
                "0100011010": 1,
                "0000110001": 1,
                "1001111111": 1,
                "1000001011": 1,
                "0110000110": 1,
                "1110011111": 2,
                "1110101111": 1,
                "0001111111": 1,
                "0100000000": 1,
                "0001000010": 1,
                "1101011100": 1,
                "0101000111": 1,
                "1001001001": 1,
                "1110110011": 1,
                "0010010100": 2,
                "0011111110": 1,
                "1001101101": 1,
                "0011011001": 1,
                "1111111010": 1,
                "1001100100": 1,
                "1001000110": 1,
                "1111010100": 1,
                "1000000011": 1,
                "0001011101": 1,
                "0100100000": 1,
                "1010100101": 1,
                "1011011011": 1,
                "1101110110": 1,
                "0001111001": 1,
                "0011001100": 1,
                "0000100000": 1,
                "0001101100": 1,
                "1001111100": 1,
                "0111110010": 1,
                "1010001000": 1
            },
            false,
            1.0
        ],
        [
            [
                [
                    10,
                    -4,
                    9
                ],
                [
                    6,
                    -1,
                    -2
                ],
                [
                    -6,
                    4,
                    -3
                ],
                [
                    1,
                    10,
                    -6
                ],
                [
                    10,
                    -1,
                    6
                ],
                [
                    9,
                    5,
                    -3
                ],
                [
                    -5,
                    1,
                    7
                ],
                [
                    -9,
                    1,
                    4
                ],
                [
                    -5,
                    -3,
                    -6
                ],
                [
                    10,
                    8,
                    -6
                ],
                [
                    -10,
                    2,
                    7
                ],
                [
                    -8,
                    -9,
                    -7
                ],
                [
                    2,
                    1,
                    4
                ],
                [
                    -7,
                    10,
                    6
                ],
                [
                    3,
                    -7,
                    -6
                ],
                [
                    -7,
                    -2,
                    5
                ],
                [
                    7,
                    2,
                    5
                ],
                [
                    7,
                    9,
                    2
                ],
                [
                    -10,
                    4,
                    7
                ],
                [
                    9,
                    4,
                    6
                ],
                [
                    10,
                    -3,
                    5
                ],
                [
                    8,
                    -7,
                    4
                ],
                [
                    4,
                    1,
                    -5
                ],
                [
                    8,
                    4,
                    -1
                ],
                [
                    8,
                    -6,
                    2
                ],
                [
                    3,
                    1,
                    -7
                ],
                [
                    -1,
                    -8,
                    3
                ],
                [
                    9,
                    8,
                    -3
                ],
                [
                    -3,
                    1,
                    9
                ],
                [
                    -5,
                    6,
                    10
                ],
                [
                    9,
                    8,
                    -3
                ],
                [
                    6,
                    3,
                    -10
                ],
                [
                    -4,
                    -8,
                    10
                ],
                [
                    9,
                    -8,
                    -10
                ],
                [
                    5,
                    1,
                    -2
                ],
                [
                    -5,
                    -4,
                    -9
                ],
                [
                    3,
                    -9,
                    10
                ],
                [
                    -2,
                    -3,
                    -7
                ],
                [
                    -2,
                    -5,
                    10
                ],
                [
                    -3,
                    -10,
                    -2
                ],
                [
                    7,
                    6,
                    -10
                ],
                [
                    5,
                    8,
                    -2
                ],
                [
                    4,
                    -6,
                    2
                ],
                [
                    -5,
                    -10,
                    2
                ],
                [
                    1,
                    -7,
                    -6
                ]
            ],
            "{   'fun': 0.98,\n    'jac': None,\n    'nfev': 42,\n    'nit': None,\n    'njev': None,\n    'x': array([2.23645064, 1.06553992, 0.78256843, 2.76194384])}",
            {
                "0000111000": 1,
                "0110101000": 1,
                "0101000100": 2,
                "1110110100": 1,
                "0001000010": 1,
                "1001110111": 1,
                "1011101011": 1,
                "1110100011": 1,
                "0000000101": 1,
                "0011010100": 1,
                "1010100100": 1,
                "0011001010": 1,
                "1011001110": 1,
                "0100110101": 1,
                "0110000100": 1,
                "0100010111": 1,
                "0111101010": 1,
                "0000010110": 1,
                "1100010010": 1,
                "1101001101": 1,
                "1111000110": 1,
                "1100101111": 1,
                "0100101000": 1,
                "1100000001": 1,
                "0100011100": 1,
                "0100101011": 1,
                "1001000100": 1,
                "1000001001": 1,
                "1000010101": 1,
                "1111010010": 1,
                "1110100110": 1,
                "0100100110": 1,
                "0110000010": 1,
                "0101110100": 1,
                "0011110011": 1,
                "1000100000": 1,
                "0001000101": 1,
                "1111000001": 1,
                "1110001010": 1,
                "1111111010": 1,
                "0011100011": 1,
                "0111010000": 2,
                "0101011100": 1,
                "1100000011": 1,
                "1110011000": 1,
                "1111010000": 1,
                "0111100001": 1,
                "0010011111": 1,
                "1000010110": 1,
                "0111011000": 1,
                "0101000011": 1,
                "0001111110": 1,
                "1110111100": 1,
                "1011101010": 1,
                "0101101010": 1,
                "0111000011": 1,
                "1111110011": 1,
                "0000000000": 1,
                "1011001001": 1,
                "0101110110": 2,
                "0010101001": 1,
                "0101001010": 1,
                "0011010110": 1,
                "1000000111": 1,
                "1100101010": 1,
                "0011101100": 2,
                "1110011110": 1,
                "0100100101": 1,
                "1111010111": 1,
                "0111001111": 1,
                "1100010101": 1,
                "0101010000": 1,
                "0101111110": 1,
                "1000001010": 1,
                "0010111101": 1,
                "0000100100": 1,
                "1001111010": 1,
                "1011111101": 1,
                "1101110010": 1,
                "1111111011": 1,
                "1110011011": 1,
                "1100010111": 1,
                "1000100110": 1,
                "0110110001": 1,
                "1100111100": 1,
                "1101001100": 2,
                "0000110101": 1,
                "0110011100": 1,
                "0001010111": 1,
                "0011100010": 1,
                "0001101100": 1,
                "1100110010": 1,
                "0011010011": 1,
                "0101011001": 1,
                "0110101011": 1
            },
            true,
            0.93
        ],
        [
            [
                [
                    4,
                    3,
                    10
                ],
                [
                    10,
                    -1,
                    -4
                ],
                [
                    -10,
                    -6,
                    4
                ],
                [
                    3,
                    2,
                    -8
                ],
                [
                    7,
                    -4,
                    -8
                ],
                [
                    9,
                    -5,
                    -4
                ],
                [
                    4,
                    -5,
                    7
                ],
                [
                    10,
                    -5,
                    4
                ],
                [
                    -2,
                    -1,
                    -10
                ],
                [
                    5,
                    9,
                    -8
                ],
                [
                    9,
                    -2,
                    4
                ],
                [
                    3,
                    9,
                    -8
                ],
                [
                    6,
                    9,
                    -4
                ],
                [
                    3,
                    -7,
                    9
                ],
                [
                    -3,
                    4,
                    6
                ],
                [
                    -4,
                    10,
                    2
                ],
                [
                    -6,
                    -2,
                    8
                ],
                [
                    -2,
                    -6,
                    8
                ],
                [
                    10,
                    -7,
                    5
                ],
                [
                    -8,
                    10,
                    -1
                ],
                [
                    10,
                    -8,
                    5
                ],
                [
                    -6,
                    5,
                    -10
                ],
                [
                    10,
                    -9,
                    -2
                ],
                [
                    -10,
                    -6,
                    -7
                ],
                [
                    5,
                    9,
                    -1
                ],
                [
                    7,
                    5,
                    -9
                ],
                [
                    7,
                    -5,
                    3
                ],
                [
                    5,
                    -10,
                    -6
                ],
                [
                    -10,
                    2,
                    3
                ],
                [
                    -3,
                    4,
                    -5
                ],
                [
                    10,
                    -7,
                    -5
                ],
                [
                    -7,
                    4,
                    -2
                ],
                [
                    9,
                    3,
                    1
                ],
                [
                    6,
                    -5,
                    -2
                ],
                [
                    -1,
                    9,
                    -8
                ],
                [
                    6,
                    -4,
                    9
                ],
                [
                    -6,
                    -4,
                    -5
                ],
                [
                    -8,
                    1,
                    7
                ],
                [
                    -8,
                    10,
                    -6
                ],
                [
                    5,
                    -2,
                    6
                ],
                [
                    5,
                    2,
                    4
                ],
                [
                    7,
                    1,
                    6
                ],
                [
                    -7,
                    8,
                    5
                ],
                [
                    2,
                    -3,
                    10
                ],
                [
                    -2,
                    7,
                    1
                ]
            ],
            "{   'fun': 0.94,\n    'jac': None,\n    'nfev': 49,\n    'nit': None,\n    'njev': None,\n    'x': array([ 1.9233019 , -0.02897394,  0.39153449,  3.63811366])}",
            {
                "0010001110": 1,
                "0100101011": 1,
                "0100000010": 1,
                "0101010111": 1,
                "1010000101": 1,
                "1011010011": 1,
                "1000110000": 1,
                "1010110011": 1,
                "0111110010": 1,
                "1000100100": 1,
                "0111100010": 1,
                "0001010011": 1,
                "1000110101": 1,
                "0011111100": 1,
                "1000000110": 1,
                "0111110011": 1,
                "1100001010": 1,
                "0101100111": 1,
                "1101011001": 1,
                "0011010010": 1,
                "0011000001": 1,
                "0000001101": 1,
                "0000001010": 1,
                "0000010000": 2,
                "0101101111": 1,
                "1111011111": 1,
                "0100000001": 1,
                "0111001110": 1,
                "1010111001": 1,
                "1111011100": 3,
                "0000111011": 1,
                "0100010100": 1,
                "1011101110": 1,
                "0011110101": 1,
                "1100110001": 1,
                "1001000000": 1,
                "1111001001": 1,
                "0011100100": 1,
                "0001001000": 1,
                "1001110010": 1,
                "0011111010": 1,
                "0000110101": 1,
                "0000111000": 2,
                "1101001100": 1,
                "1010001010": 1,
                "1011110011": 1,
                "1010000001": 2,
                "1101001101": 1,
                "1011101000": 1,
                "1111111100": 2,
                "0100010101": 1,
                "1101010111": 1,
                "1001000101": 1,
                "1110010011": 1,
                "0011001110": 1,
                "1011100001": 1,
                "0001100100": 1,
                "0011110001": 1,
                "1101000000": 1,
                "1110011011": 1,
                "0011111111": 1,
                "1111100101": 1,
                "1001010010": 2,
                "1100010001": 1,
                "1001111011": 1,
                "0110001001": 1,
                "0010001111": 1,
                "0010010001": 1,
                "0000010010": 1,
                "1111101101": 1,
                "0000010101": 1,
                "0101101001": 1,
                "0111010001": 1,
                "0100100000": 1,
                "0011110111": 1,
                "0010101100": 1,
                "1000001000": 1,
                "1000010001": 1,
                "1100011011": 1,
                "0011111001": 1,
                "0000110000": 1,
                "0101111110": 1,
                "1110010110": 2,
                "1100000111": 2,
                "0111010100": 1,
                "1101100000": 1,
                "1101101101": 1,
                "0111010010": 1,
                "1100000100": 1,
                "0100100100": 1,
                "0010010000": 1
            },
            true,
            0.88
        ],
        [
            [
                [
                    -2,
                    5,
                    10
                ],
                [
                    4,
                    -6,
                    9
                ],
                [
                    -7,
                    -6,
                    -3
                ],
                [
                    -5,
                    -10,
                    -2
                ],
                [
                    6,
                    1,
                    2
                ],
                [
                    -6,
                    3,
                    10
                ],
                [
                    8,
                    6,
                    5
                ],
                [
                    5,
                    -10,
                    -1
                ],
                [
                    5,
                    3,
                    -9
                ],
                [
                    -2,
                    -8,
                    1
                ],
                [
                    -7,
                    -1,
                    8
                ],
                [
                    -9,
                    7,
                    -1
                ],
                [
                    -5,
                    -6,
                    -1
                ],
                [
                    1,
                    2,
                    7
                ],
                [
                    9,
                    5,
                    -2
                ],
                [
                    7,
                    -1,
                    -8
                ],
                [
                    1,
                    -10,
                    -3
                ],
                [
                    -10,
                    5,
                    1
                ],
                [
                    -8,
                    -3,
                    -10
                ],
                [
                    -6,
                    8,
                    4
                ],
                [
                    -10,
                    -4,
                    -9
                ],
                [
                    -3,
                    6,
                    -9
                ],
                [
                    -10,
                    7,
                    1
                ],
                [
                    5,
                    -8,
                    6
                ],
                [
                    -5,
                    8,
                    1
                ],
                [
                    -7,
                    3,
                    4
                ],
                [
                    -2,
                    9,
                    -10
                ],
                [
                    -3,
                    -7,
                    -4
                ],
                [
                    -9,
                    4,
                    -3
                ],
                [
                    4,
                    3,
                    -1
                ],
                [
                    -2,
                    3,
                    9
                ],
                [
                    10,
                    7,
                    6
                ],
                [
                    -5,
                    6,
                    1
                ],
                [
                    7,
                    1,
                    6
                ],
                [
                    3,
                    -7,
                    9
                ],
                [
                    4,
                    -8,
                    7
                ],
                [
                    -9,
                    3,
                    -2
                ],
                [
                    4,
                    -2,
                    -6
                ],
                [
                    1,
                    3,
                    -5
                ],
                [
                    -7,
                    4,
                    5
                ],
                [
                    -1,
                    8,
                    -6
                ],
                [
                    9,
                    -6,
                    -5
                ],
                [
                    4,
                    -8,
                    3
                ],
                [
                    -2,
                    -7,
                    -8
                ],
                [
                    10,
                    -2,
                    -8
                ]
            ],
            "{   'fun': 0.96,\n    'jac': None,\n    'nfev': 45,\n    'nit': None,\n    'njev': None,\n    'x': array([2.55310463, 2.37174321, 2.54060825, 3.35390001])}",
            {
                "1011001100": 1,
                "0011111010": 1,
                "1100000101": 1,
                "1100100001": 1,
                "0110111000": 1,
                "0001010011": 1,
                "1001001001": 1,
                "0011011110": 1,
                "1000011001": 1,
                "1110001001": 1,
                "1101001100": 1,
                "1100001000": 1,
                "0011001110": 1,
                "1001001100": 1,
                "1110111101": 1,
                "1100011001": 1,
                "0110010001": 1,
                "0101111001": 1,
                "0101101101": 1,
                "0101010100": 1,
                "0101000011": 1,
                "0010110000": 2,
                "1110011011": 1,
                "0110011000": 1,
                "1000111101": 1,
                "1000100001": 1,
                "0010001000": 1,
                "1111011010": 1,
                "1001111011": 1,
                "1001110000": 1,
                "1000011010": 1,
                "0010011101": 1,
                "1100101010": 2,
                "0011100100": 2,
                "1011001001": 1,
                "1111000001": 1,
                "1101110100": 1,
                "1110010011": 1,
                "1110010001": 1,
                "0001110000": 1,
                "1101011110": 1,
                "1011101101": 1,
                "1100101001": 1,
                "1010101011": 1,
                "1100011111": 1,
                "1000111011": 1,
                "1011001000": 1,
                "1001100101": 1,
                "0011010101": 2,
                "1111010010": 1,
                "1000010101": 1,
                "0100101100": 1,
                "1000011101": 2,
                "0101111111": 1,
                "1001010110": 1,
                "0011100000": 1,
                "0111000000": 1,
                "0111110100": 1,
                "0100110010": 1,
                "0100011110": 1,
                "1010101000": 1,
                "0100010100": 2,
                "0010110010": 1,
                "0000111011": 1,
                "1011011000": 1,
                "0111010011": 1,
                "1101010110": 2,
                "0111011001": 1,
                "0100011100": 1,
                "0001111101": 1,
                "0010010011": 1,
                "1000100110": 1,
                "0000000011": 1,
                "0110100010": 1,
                "1001000011": 1,
                "0010111010": 1,
                "0010001100": 1,
                "0100011000": 1,
                "1100111000": 1,
                "1001111110": 2,
                "0011001100": 1,
                "1001001000": 1,
                "0001101011": 1,
                "1011111000": 2,
                "1101101011": 1,
                "0001101100": 1,
                "1001011110": 1,
                "0101010011": 1,
                "1011010011": 1,
                "0010001010": 1,
                "0011010110": 1
            },
            true,
            0.93
        ],
        [
            [
                [
                    1,
                    -2,
                    -8
                ],
                [
                    6,
                    2,
                    7
                ],
                [
                    9,
                    5,
                    2
                ],
                [
                    -10,
                    -3,
                    7
                ],
                [
                    -1,
                    7,
                    -2
                ],
                [
                    9,
                    -8,
                    2
                ],
                [
                    -10,
                    1,
                    -7
                ],
                [
                    -3,
                    -4,
                    -7
                ],
                [
                    8,
                    9,
                    10
                ],
                [
                    -7,
                    -6,
                    4
                ],
                [
                    -7,
                    10,
                    -8
                ],
                [
                    -9,
                    -8,
                    5
                ],
                [
                    -5,
                    7,
                    6
                ],
                [
                    -5,
                    9,
                    -7
                ],
                [
                    -2,
                    4,
                    -7
                ],
                [
                    -6,
                    1,
                    -3
                ],
                [
                    -10,
                    1,
                    4
                ],
                [
                    -8,
                    -5,
                    10
                ],
                [
                    -1,
                    7,
                    6
                ],
                [
                    7,
                    -1,
                    -10
                ],
                [
                    -3,
                    5,
                    10
                ],
                [
                    10,
                    -9,
                    -1
                ],
                [
                    3,
                    2,
                    -7
                ],
                [
                    2,
                    9,
                    5
                ],
                [
                    -4,
                    -2,
                    3
                ],
                [
                    3,
                    -4,
                    7
                ],
                [
                    7,
                    -1,
                    -6
                ],
                [
                    -10,
                    3,
                    -2
                ],
                [
                    5,
                    -3,
                    -8
                ],
                [
                    1,
                    -10,
                    -5
                ],
                [
                    -10,
                    9,
                    -8
                ],
                [
                    -7,
                    -1,
                    -3
                ],
                [
                    1,
                    -4,
                    8
                ],
                [
                    -2,
                    3,
                    5
                ],
                [
                    3,
                    7,
                    8
                ],
                [
                    -1,
                    -6,
                    -2
                ],
                [
                    2,
                    5,
                    7
                ],
                [
                    -5,
                    -7,
                    -3
                ],
                [
                    5,
                    9,
                    6
                ],
                [
                    -10,
                    -2,
                    7
                ],
                [
                    -5,
                    -1,
                    10
                ],
                [
                    5,
                    6,
                    9
                ],
                [
                    -5,
                    -8,
                    -9
                ],
                [
                    -10,
                    4,
                    7
                ],
                [
                    2,
                    4,
                    6
                ]
            ],
            "{   'fun': 1.0,\n    'jac': None,\n    'nfev': 25,\n    'nit': None,\n    'njev': None,\n    'x': array([1.66208452, 2.65534387, 0.03260415, 0.61844446])}",
            {
                "0101011110": 1,
                "1001000110": 1,
                "1010011010": 1,
                "1111110100": 1,
                "0100011101": 1,
                "0110011001": 1,
                "0100000010": 1,
                "0111100100": 1,
                "0100101100": 2,
                "0010000100": 1,
                "1000110000": 1,
                "1000100001": 1,
                "0001000101": 1,
                "1101000000": 1,
                "0000101111": 1,
                "1010110101": 1,
                "0001111100": 1,
                "0001011000": 1,
                "1011001101": 2,
                "1100010001": 1,
                "0110111000": 1,
                "0000100001": 1,
                "0110110101": 1,
                "0100010100": 2,
                "0100111001": 1,
                "1101101011": 2,
                "1111010110": 1,
                "1110100110": 1,
                "1111010010": 1,
                "0010011110": 1,
                "0010011000": 1,
                "0110100111": 1,
                "0000110010": 1,
                "1001000100": 1,
                "0110000111": 1,
                "1001010100": 1,
                "1011000100": 1,
                "0110011010": 1,
                "0110010100": 1,
                "0100100111": 1,
                "0010101110": 1,
                "0110010110": 1,
                "1111000101": 1,
                "0001101100": 1,
                "0001111101": 1,
                "1101111011": 1,
                "0011111101": 1,
                "0011100011": 1,
                "1111101011": 1,
                "0100101010": 1,
                "1011000000": 1,
                "0000110000": 1,
                "1000000001": 1,
                "1110110111": 1,
                "1110001001": 1,
                "1001001000": 1,
                "1110100101": 1,
                "0000001010": 1,
                "0011001101": 1,
                "0100110010": 1,
                "0000110100": 1,
                "1100011010": 1,
                "0111100010": 1,
                "0110010011": 1,
                "0010100000": 1,
                "0111101110": 1,
                "1001001100": 1,
                "0100100000": 1,
                "0000000110": 1,
                "0000010001": 2,
                "0011011101": 1,
                "1111110011": 1,
                "1010101110": 1,
                "1001010001": 1,
                "0100101110": 2,
                "1100101010": 1,
                "1011101110": 1,
                "1010110010": 1,
                "1001001101": 1,
                "0011001001": 1,
                "0111001110": 1,
                "0011010100": 1,
                "1010100000": 1,
                "0011010011": 1,
                "1010010100": 1,
                "1111000001": 1,
                "0110110100": 1,
                "1101100110": 1,
                "0001011110": 1,
                "1001100011": 1,
                "1111101100": 1,
                "1010110110": 2,
                "1001011001": 1
            },
            false,
            1.0
        ]
    ]
}