{
    "n": 10,
    "m": 45,
    "results": [
        [
            [
                [
                    8,
                    -1,
                    9
                ],
                [
                    10,
                    3,
                    6
                ],
                [
                    -10,
                    -8,
                    -4
                ],
                [
                    -7,
                    -9,
                    3
                ],
                [
                    5,
                    -9,
                    10
                ],
                [
                    1,
                    8,
                    2
                ],
                [
                    6,
                    8,
                    1
                ],
                [
                    2,
                    -5,
                    -8
                ],
                [
                    4,
                    1,
                    -3
                ],
                [
                    6,
                    9,
                    7
                ],
                [
                    6,
                    -10,
                    7
                ],
                [
                    3,
                    2,
                    -8
                ],
                [
                    -3,
                    7,
                    5
                ],
                [
                    -2,
                    -7,
                    -1
                ],
                [
                    6,
                    1,
                    -4
                ],
                [
                    6,
                    -4,
                    2
                ],
                [
                    5,
                    -6,
                    9
                ],
                [
                    -1,
                    8,
                    7
                ],
                [
                    -7,
                    -8,
                    -3
                ],
                [
                    -9,
                    -2,
                    -6
                ],
                [
                    6,
                    7,
                    -3
                ],
                [
                    -1,
                    3,
                    5
                ],
                [
                    3,
                    10,
                    -4
                ],
                [
                    10,
                    6,
                    3
                ],
                [
                    4,
                    -5,
                    1
                ],
                [
                    2,
                    -10,
                    8
                ],
                [
                    -4,
                    5,
                    -10
                ],
                [
                    2,
                    -4,
                    6
                ],
                [
                    4,
                    6,
                    2
                ],
                [
                    10,
                    6,
                    8
                ],
                [
                    -2,
                    -4,
                    -8
                ],
                [
                    1,
                    -5,
                    -7
                ],
                [
                    7,
                    -1,
                    3
                ],
                [
                    4,
                    6,
                    7
                ],
                [
                    2,
                    -4,
                    8
                ],
                [
                    2,
                    9,
                    -1
                ],
                [
                    -10,
                    4,
                    -7
                ],
                [
                    4,
                    -9,
                    2
                ],
                [
                    -5,
                    -9,
                    3
                ],
                [
                    -6,
                    1,
                    9
                ],
                [
                    -3,
                    9,
                    -8
                ],
                [
                    -5,
                    -6,
                    -1
                ],
                [
                    -10,
                    -7,
                    5
                ],
                [
                    -6,
                    -9,
                    -8
                ],
                [
                    3,
                    8,
                    10
                ]
            ],
            "{   'fun': 1.0,\n    'jac': None,\n    'nfev': 25,\n    'nit': None,\n    'njev': None,\n    'x': array([0.25622077, 1.0895811 , 0.83891711, 3.08399949])}",
            {
                "0000101101": 1,
                "1100011101": 1,
                "1100000110": 1,
                "1100001010": 1,
                "0110110111": 1,
                "1111100001": 1,
                "0011101000": 1,
                "1101110101": 1,
                "0110100010": 1,
                "1111100101": 1,
                "0110111100": 1,
                "1100000010": 1,
                "1001101111": 1,
                "1101100011": 1,
                "1011001110": 1,
                "1011111010": 1,
                "1000101000": 1,
                "0100000001": 1,
                "1110110101": 1,
                "0000010011": 1,
                "1110010100": 1,
                "1100111101": 1,
                "0100110001": 1,
                "0111000010": 1,
                "1111111110": 1,
                "1010110000": 1,
                "1100001011": 1,
                "0011001011": 1,
                "1111111101": 1,
                "1001010110": 2,
                "0101100001": 1,
                "1101111101": 1,
                "0010011000": 1,
                "0101101010": 1,
                "1111000000": 1,
                "0010101010": 1,
                "1001110100": 1,
                "0111110110": 1,
                "0001101000": 1,
                "1101000100": 1,
                "0101010101": 1,
                "0100010011": 1,
                "0100000100": 1,
                "1111110000": 1,
                "1001011001": 1,
                "0101100110": 1,
                "0100001011": 3,
                "1000010111": 1,
                "1001001010": 1,
                "1111100111": 1,
                "0011111111": 1,
                "1001101101": 1,
                "1011110101": 1,
                "1001011110": 1,
                "1110110010": 1,
                "0010000110": 1,
                "0001110111": 1,
                "1001010001": 1,
                "1001111001": 1,
                "0110110101": 2,
                "0101101001": 1,
                "0010111101": 1,
                "0010110010": 1,
                "0110010010": 1,
                "1010010001": 1,
                "1110010000": 1,
                "0001011010": 1,
                "0011001101": 1,
                "0010110100": 1,
                "1001000111": 1,
                "1000001111": 1,
                "0001010000": 1,
                "1111011011": 1,
                "1011011001": 1,
                "1010001010": 1,
                "1100000101": 1,
                "1000010011": 1,
                "1111111011": 1,
                "0001110110": 2,
                "1001111100": 1,
                "1010001000": 1,
                "0011000000": 1,
                "1111011100": 1,
                "1010110011": 1,
                "0010110001": 1,
                "1001100101": 1,
                "0011111010": 1,
                "0111101010": 1,
                "0011011101": 1,
                "0101000110": 1,
                "0010000000": 1,
                "1010110101": 1,
                "0101010001": 2,
                "0111001001": 1
            },
            false,
            1.0
        ],
        [
            [
                [
                    3,
                    5,
                    10
                ],
                [
                    2,
                    -9,
                    -10
                ],
                [
                    -8,
                    3,
                    -7
                ],
                [
                    6,
                    -8,
                    -9
                ],
                [
                    -1,
                    -3,
                    -2
                ],
                [
                    -7,
                    -5,
                    9
                ],
                [
                    -5,
                    4,
                    -3
                ],
                [
                    -1,
                    -6,
                    -2
                ],
                [
                    -4,
                    -1,
                    7
                ],
                [
                    8,
                    -3,
                    -7
                ],
                [
                    -9,
                    2,
                    -4
                ],
                [
                    -5,
                    -10,
                    -1
                ],
                [
                    10,
                    5,
                    2
                ],
                [
                    -5,
                    -10,
                    -8
                ],
                [
                    -8,
                    -2,
                    1
                ],
                [
                    8,
                    4,
                    -2
                ],
                [
                    -5,
                    -2,
                    -1
                ],
                [
                    -4,
                    9,
                    8
                ],
                [
                    -2,
                    -7,
                    8
                ],
                [
                    6,
                    4,
                    7
                ],
                [
                    -10,
                    -2,
                    -4
                ],
                [
                    -10,
                    -4,
                    -7
                ],
                [
                    7,
                    -5,
                    4
                ],
                [
                    5,
                    7,
                    -1
                ],
                [
                    2,
                    9,
                    3
                ],
                [
                    -6,
                    -1,
                    -10
                ],
                [
                    -6,
                    8,
                    -2
                ],
                [
                    -7,
                    -4,
                    5
                ],
                [
                    2,
                    -6,
                    -3
                ],
                [
                    8,
                    -4,
                    7
                ],
                [
                    9,
                    -6,
                    7
                ],
                [
                    8,
                    5,
                    -4
                ],
                [
                    -3,
                    5,
                    -1
                ],
                [
                    7,
                    8,
                    1
                ],
                [
                    -2,
                    -10,
                    -5
                ],
                [
                    7,
                    -2,
                    -10
                ],
                [
                    7,
                    -4,
                    8
                ],
                [
                    9,
                    5,
                    3
                ],
                [
                    -3,
                    7,
                    -5
                ],
                [
                    9,
                    -2,
                    -6
                ],
                [
                    -2,
                    -3,
                    5
                ],
                [
                    -4,
                    -7,
                    -1
                ],
                [
                    -7,
                    -4,
                    3
                ],
                [
                    2,
                    -7,
                    9
                ],
                [
                    -4,
                    9,
                    -6
                ]
            ],
            "{   'fun': 0.92,\n    'jac': None,\n    'nfev': 43,\n    'nit': None,\n    'njev': None,\n    'x': array([2.24526707, 2.05058725, 0.75219593, 2.76895211])}",
            {
                "0001000000": 1,
                "1100101100": 1,
                "0011111110": 1,
                "0000101001": 1,
                "1001111011": 1,
                "1101001000": 1,
                "1010011001": 1,
                "0000100100": 1,
                "0010001010": 1,
                "0010000110": 1,
                "0100000111": 1,
                "1010110100": 1,
                "1111101101": 1,
                "1001001000": 1,
                "0100100100": 1,
                "1111110110": 1,
                "0000001011": 1,
                "1010001000": 1,
                "0000110110": 1,
                "0100011100": 1,
                "1011110011": 1,
                "0000101110": 1,
                "1100000110": 1,
                "1101101111": 1,
                "0100100110": 1,
                "1101010110": 1,
                "1101001001": 1,
                "1111001011": 1,
                "0001001011": 1,
                "0011101000": 1,
                "0000011110": 1,
                "1001011000": 1,
                "0000000011": 1,
                "1101101100": 1,
                "0111100110": 1,
                "0101010000": 2,
                "0101010001": 3,
                "1010110010": 1,
                "0000100110": 1,
                "0000100000": 1,
                "1001111000": 1,
                "0010111110": 1,
                "0110000101": 1,
                "0010010101": 1,
                "0111111000": 1,
                "0110101110": 1,
                "1111110111": 1,
                "1011110110": 1,
                "0101100110": 1,
                "0100001011": 1,
                "0010010110": 1,
                "0010100000": 1,
                "1111101010": 1,
                "0101110000": 2,
                "1010100001": 1,
                "0110100000": 1,
                "1000100101": 1,
                "1010011100": 1,
                "0111101111": 2,
                "1000100011": 1,
                "1000001100": 1,
                "1111010011": 1,
                "0000111101": 1,
                "1110001011": 1,
                "0011110100": 1,
                "0101101010": 1,
                "0010011110": 1,
                "0011010101": 1,
                "1101111010": 1,
                "1000001011": 1,
                "0011100011": 1,
                "1100111110": 1,
                "0010101011": 1,
                "0011000010": 1,
                "0100111100": 1,
                "1000010001": 1,
                "1100000001": 1,
                "1100111101": 1,
                "1101111111": 1,
                "1011001010": 1,
                "1101101110": 1,
                "1001000111": 1,
                "0110111000": 1,
                "1110011001": 2,
                "1001011010": 1,
                "1110101101": 1,
                "0100000110": 1,
                "0110001111": 1,
                "1010101111": 1,
                "0110000010": 1,
                "0100000011": 1,
                "1001100101": 1,
                "1011001000": 1,
                "0110100010": 1
            },
            true,
            0.88
        ],
        [
            [
                [
                    -5,
                    4,
                    -10
                ],
                [
                    -7,
                    -9,
                    -6
                ],
                [
                    -8,
                    9,
                    -1
                ],
                [
                    4,
                    6,
                    -1
                ],
                [
                    3,
                    -6,
                    9
                ],
                [
                    -7,
                    10,
                    2
                ],
                [
                    5,
                    -4,
                    -2
                ],
                [
                    3,
                    -9,
                    10
                ],
                [
                    7,
                    2,
                    8
                ],
                [
                    -2,
                    -8,
                    9
                ],
                [
                    -1,
                    2,
                    3
                ],
                [
                    4,
                    7,
                    1
                ],
                [
                    7,
                    5,
                    10
                ],
                [
                    -5,
                    6,
                    -3
                ],
                [
                    -2,
                    -9,
                    7
                ],
                [
                    3,
                    -5,
                    -2
                ],
                [
                    1,
                    -5,
                    -4
                ],
                [
                    -3,
                    9,
                    -4
                ],
                [
                    4,
                    -3,
                    -10
                ],
                [
                    -2,
                    1,
                    8
                ],
                [
                    -6,
                    -8,
                    -7
                ],
                [
                    -10,
                    -4,
                    3
                ],
                [
                    -1,
                    10,
                    2
                ],
                [
                    8,
                    -7,
                    6
                ],
                [
                    -10,
                    7,
                    4
                ],
                [
                    8,
                    6,
                    -7
                ],
                [
                    -7,
                    -6,
                    -1
                ],
                [
                    8,
                    9,
                    6
                ],
                [
                    2,
                    6,
                    -10
                ],
                [
                    -3,
                    2,
                    -1
                ],
                [
                    7,
                    9,
                    5
                ],
                [
                    -10,
                    3,
                    5
                ],
                [
                    2,
                    -10,
                    -8
                ],
                [
                    6,
                    3,
                    -10
                ],
                [
                    3,
                    -9,
                    -1
                ],
                [
                    -2,
                    -6,
                    -10
                ],
                [
                    -9,
                    -8,
                    -2
                ],
                [
                    -5,
                    -8,
                    6
                ],
                [
                    6,
                    5,
                    -1
                ],
                [
                    4,
                    9,
                    10
                ],
                [
                    2,
                    10,
                    3
                ],
                [
                    -4,
                    -1,
                    -6
                ],
                [
                    -3,
                    7,
                    -5
                ],
                [
                    5,
                    -10,
                    -2
                ],
                [
                    9,
                    -8,
                    -10
                ]
            ],
            "{   'fun': 1.0,\n    'jac': None,\n    'nfev': 25,\n    'nit': None,\n    'njev': None,\n    'x': array([0.61010462, 0.30403187, 1.07673259, 2.03273208])}",
            {
                "0101100011": 1,
                "0000111001": 1,
                "0010010100": 1,
                "0011110100": 1,
                "0010000011": 1,
                "0110000110": 1,
                "1010100010": 1,
                "1110011111": 1,
                "1110100011": 1,
                "1110111001": 1,
                "0100000000": 1,
                "0000101110": 1,
                "1111011000": 1,
                "1010111000": 1,
                "0101010011": 1,
                "0100110101": 1,
                "0000100110": 1,
                "1010101011": 1,
                "1100010010": 1,
                "1001000010": 1,
                "0001100011": 1,
                "1001111010": 1,
                "0011010111": 1,
                "0111111000": 1,
                "0111100000": 1,
                "0001010001": 1,
                "0100011100": 1,
                "1000011100": 1,
                "0011101000": 1,
                "1110001110": 1,
                "1001110100": 1,
                "1111110100": 1,
                "1010100001": 1,
                "1000110000": 1,
                "1000111001": 1,
                "1001110110": 1,
                "0001011011": 1,
                "0011010011": 1,
                "1100110101": 1,
                "0100101110": 1,
                "0010010010": 1,
                "0011101110": 1,
                "0111011001": 1,
                "1110111101": 2,
                "1010110001": 1,
                "0101010000": 1,
                "1000001100": 2,
                "1101001011": 1,
                "0101000001": 1,
                "0101101100": 1,
                "1000110010": 1,
                "1111110110": 1,
                "1111001010": 1,
                "0010111010": 1,
                "1001111011": 1,
                "0110010111": 1,
                "1011000111": 1,
                "0101011010": 1,
                "1011011101": 1,
                "1000001011": 1,
                "0110111110": 1,
                "1011101010": 1,
                "1111101000": 2,
                "0001000111": 1,
                "0101100100": 1,
                "0101100001": 1,
                "1001010110": 1,
                "1111111101": 1,
                "1100100110": 1,
                "0010001011": 1,
                "1111101010": 1,
                "0010111000": 1,
                "1101011111": 1,
                "1111100011": 1,
                "0000111111": 1,
                "0001100000": 1,
                "1000111101": 1,
                "0111010100": 1,
                "1101111110": 1,
                "1111001000": 1,
                "0011010110": 1,
                "0110000101": 1,
                "1001011011": 1,
                "1101100101": 1,
                "1011100101": 1,
                "0001101000": 1,
                "0001010101": 1,
                "0101100101": 1,
                "1101000011": 1,
                "1111001011": 1,
                "1100101101": 1,
                "0011110111": 1,
                "1110110010": 1,
                "1100100000": 1,
                "0111011101": 1,
                "1111110000": 2
            },
            false,
            1.0
        ],
        [
            [
                [
                    4,
                    -8,
                    2
                ],
                [
                    -8,
                    -6,
                    1
                ],
                [
                    -8,
                    4,
                    -5
                ],
                [
                    1,
                    -2,
                    -3
                ],
                [
                    -1,
                    4,
                    8
                ],
                [
                    6,
                    -10,
                    -8
                ],
                [
                    -6,
                    -8,
                    9
                ],
                [
                    7,
                    5,
                    8
                ],
                [
                    10,
                    6,
                    -8
                ],
                [
                    -2,
                    10,
                    5
                ],
                [
                    -6,
                    10,
                    -3
                ],
                [
                    -4,
                    -6,
                    -7
                ],
                [
                    4,
                    -7,
                    -8
                ],
                [
                    -9,
                    7,
                    6
                ],
                [
                    -7,
                    1,
                    4
                ],
                [
                    -4,
                    6,
                    -9
                ],
                [
                    2,
                    -3,
                    -8
                ],
                [
                    -2,
                    3,
                    -9
                ],
                [
                    -8,
                    -5,
                    2
                ],
                [
                    -7,
                    4,
                    6
                ],
                [
                    1,
                    -3,
                    10
                ],
                [
                    -4,
                    5,
                    7
                ],
                [
                    -4,
                    5,
                    1
                ],
                [
                    -4,
                    -3,
                    9
                ],
                [
                    10,
                    9,
                    -8
                ],
                [
                    -5,
                    -6,
                    -9
                ],
                [
                    10,
                    1,
                    -5
                ],
                [
                    -8,
                    -5,
                    1
                ],
                [
                    8,
                    -6,
                    -1
                ],
                [
                    5,
                    -9,
                    6
                ],
                [
                    -9,
                    8,
                    2
                ],
                [
                    7,
                    -2,
                    3
                ],
                [
                    -6,
                    -7,
                    -2
                ],
                [
                    -7,
                    -3,
                    -5
                ],
                [
                    10,
                    3,
                    7
                ],
                [
                    -8,
                    5,
                    10
                ],
                [
                    7,
                    9,
                    -10
                ],
                [
                    1,
                    -8,
                    -7
                ],
                [
                    9,
                    -7,
                    -8
                ],
                [
                    -3,
                    7,
                    8
                ],
                [
                    -8,
                    -10,
                    -5
                ],
                [
                    -9,
                    -3,
                    -10
                ],
                [
                    -9,
                    -7,
                    -1
                ],
                [
                    -6,
                    -2,
                    -1
                ],
                [
                    -8,
                    -2,
                    10
                ]
            ],
            "{   'fun': 0.97,\n    'jac': None,\n    'nfev': 42,\n    'nit': None,\n    'njev': None,\n    'x': array([4.04334599, 3.99151287, 2.17335024, 2.17620844])}",
            {
                "1110110000": 1,
                "0000100011": 1,
                "1110110100": 1,
                "1001011001": 1,
                "0001110101": 1,
                "1110111110": 1,
                "1000100111": 1,
                "0001001010": 1,
                "0110000011": 1,
                "0100111101": 1,
                "0101111101": 1,
                "1010001000": 1,
                "0111100001": 1,
                "0010011110": 1,
                "1101010111": 1,
                "0100011101": 1,
                "1010110000": 1,
                "0010011101": 1,
                "0010110000": 1,
                "0110110101": 2,
                "0111010001": 1,
                "0001101010": 1,
                "0111000010": 1,
                "1000000100": 1,
                "1010000101": 1,
                "1101011011": 1,
                "0001001100": 1,
                "1011100110": 1,
                "0011000100": 1,
                "1101000011": 1,
                "0001000011": 1,
                "1010001001": 1,
                "1001010100": 2,
                "1000001000": 1,
                "1100010101": 1,
                "1001011010": 1,
                "0111101000": 1,
                "1111000111": 1,
                "0110101111": 1,
                "1111111100": 1,
                "0000110001": 1,
                "1111000001": 1,
                "1100000000": 1,
                "1011000000": 1,
                "1101111100": 1,
                "1000000111": 1,
                "0100101110": 1,
                "1001101111": 1,
                "0101010001": 1,
                "0101001100": 1,
                "0101010000": 1,
                "0111001001": 2,
                "0110100110": 1,
                "0001010111": 1,
                "1000000110": 2,
                "1111100101": 1,
                "1100011001": 1,
                "0001111000": 1,
                "1011011100": 1,
                "1011010011": 1,
                "1100100111": 1,
                "1000001001": 1,
                "0000110000": 1,
                "1000000000": 1,
                "0111110100": 1,
                "0101111011": 3,
                "0110011101": 1,
                "1100000110": 1,
                "1010011000": 1,
                "0001111110": 1,
                "1001000110": 1,
                "0100001001": 1,
                "1111010100": 1,
                "1100100110": 1,
                "1010000111": 1,
                "1001010110": 1,
                "0000111110": 1,
                "1110000010": 1,
                "0001011001": 2,
                "0101001011": 1,
                "1110001110": 1,
                "0000011111": 1,
                "0011000111": 1,
                "0010011100": 1,
                "0100010110": 1,
                "1111010110": 1,
                "0101100000": 1,
                "1111111001": 1,
                "1110000100": 1,
                "0010111100": 1,
                "1111001110": 1,
                "1010100000": 1,
                "0011110000": 1
            },
            true,
            0.94
        ],
        [
            [
                [
                    -8,
                    3,
                    7
                ],
                [
                    6,
                    -9,
                    -8
                ],
                [
                    -2,
                    -6,
                    7
                ],
                [
                    -6,
                    9,
                    -10
                ],
                [
                    9,
                    -8,
                    5
                ],
                [
                    9,
                    -4,
                    -6
                ],
                [
                    -1,
                    -2,
                    -4
                ],
                [
                    9,
                    5,
                    -1
                ],
                [
                    4,
                    -2,
                    9
                ],
                [
                    1,
                    6,
                    10
                ],
                [
                    -5,
                    -7,
                    10
                ],
                [
                    8,
                    -9,
                    1
                ],
                [
                    -3,
                    -10,
                    -6
                ],
                [
                    3,
                    4,
                    -1
                ],
                [
                    10,
                    9,
                    -5
                ],
                [
                    -8,
                    6,
                    -5
                ],
                [
                    4,
                    -9,
                    6
                ],
                [
                    -8,
                    1,
                    2
                ],
                [
                    -1,
                    3,
                    10
                ],
                [
                    -4,
                    2,
                    -8
                ],
                [
                    5,
                    7,
                    10
                ],
                [
                    -4,
                    1,
                    3
                ],
                [
                    4,
                    2,
                    -7
                ],
                [
                    3,
                    6,
                    10
                ],
                [
                    2,
                    -8,
                    -1
                ],
                [
                    7,
                    -2,
                    -8
                ],
                [
                    3,
                    -9,
                    4
                ],
                [
                    -3,
                    9,
                    -4
                ],
                [
                    -10,
                    7,
                    3
                ],
                [
                    6,
                    -3,
                    -9
                ],
                [
                    4,
                    -10,
                    5
                ],
                [
                    -3,
                    -7,
                    4
                ],
                [
                    6,
                    -7,
                    5
                ],
                [
                    -1,
                    -9,
                    8
                ],
                [
                    -1,
                    -3,
                    6
                ],
                [
                    7,
                    3,
                    10
                ],
                [
                    -6,
                    5,
                    9
                ],
                [
                    8,
                    -1,
                    3
                ],
                [
                    -9,
                    -1,
                    -3
                ],
                [
                    8,
                    -2,
                    -6
                ],
                [
                    -10,
                    -5,
                    -2
                ],
                [
                    -9,
                    -1,
                    -7
                ],
                [
                    -4,
                    -2,
                    -1
                ],
                [
                    -3,
                    6,
                    -5
                ],
                [
                    4,
                    6,
                    10
                ]
            ],
            "{   'fun': 0.99,\n    'jac': None,\n    'nfev': 38,\n    'nit': None,\n    'njev': None,\n    'x': array([1.66203511, 3.65530282, 0.03262473, 0.61851829])}",
            {
                "1111101110": 1,
                "0110000101": 1,
                "1000010000": 1,
                "1001000011": 1,
                "1001100011": 1,
                "0010100110": 1,
                "0111000100": 1,
                "0101000010": 1,
                "1100000110": 1,
                "1000010110": 1,
                "0000100011": 1,
                "0000111000": 1,
                "1100010100": 1,
                "1100001010": 1,
                "0001000000": 1,
                "0110001001": 1,
                "0110010010": 1,
                "0000010100": 1,
                "1100110110": 1,
                "0110110001": 1,
                "1011111010": 1,
                "0100111101": 1,
                "0011101010": 1,
                "1001101011": 1,
                "1010001000": 1,
                "0001111011": 1,
                "0110111000": 1,
                "1001000101": 1,
                "1000101100": 1,
                "1100001101": 1,
                "1101000101": 1,
                "0010000011": 1,
                "0010100100": 1,
                "1110000111": 1,
                "0000100000": 1,
                "1011100000": 1,
                "1110101101": 1,
                "1000001001": 1,
                "0101001110": 1,
                "1000011111": 1,
                "0101001001": 1,
                "0011010010": 1,
                "0011110010": 1,
                "0110110110": 1,
                "1010100011": 1,
                "1111001111": 1,
                "0011010101": 1,
                "1001001010": 1,
                "0011100100": 1,
                "1010011110": 1,
                "0111001101": 1,
                "1001110010": 1,
                "0111101000": 1,
                "0010011000": 1,
                "0111000001": 1,
                "1101010100": 1,
                "1010101110": 1,
                "1011100011": 1,
                "1011011101": 1,
                "1001110001": 1,
                "1100110010": 1,
                "1010100110": 1,
                "0100111010": 1,
                "1010110100": 1,
                "1100101011": 1,
                "1111100101": 1,
                "1100110011": 1,
                "0101001100": 1,
                "0111100110": 1,
                "0001000110": 1,
                "0101110000": 1,
                "0000011111": 1,
                "0100011010": 1,
                "0110111010": 1,
                "1101011111": 1,
                "1100101100": 1,
                "1010001101": 1,
                "0000000010": 1,
                "1000000011": 1,
                "0101111011": 1,
                "0011011100": 1,
                "0011010111": 1,
                "0001110000": 1,
                "1001001111": 1,
                "1000010001": 1,
                "0010001100": 1,
                "1010000010": 1,
                "0001011111": 2,
                "1110000110": 1,
                "1101000011": 1,
                "0001100001": 1,
                "1111111011": 1,
                "1110110001": 1,
                "1100011010": 2,
                "1100111110": 1,
                "1111101011": 1,
                "1100000111": 1,
                "0110001111": 1
            },
            true,
            0.98
        ]
    ]
}