{
    "n": 10,
    "m": 45,
    "results": [
        [
            [
                [
                    -2,
                    -8,
                    -1
                ],
                [
                    10,
                    6,
                    7
                ],
                [
                    4,
                    10,
                    -3
                ],
                [
                    -7,
                    -8,
                    1
                ],
                [
                    -4,
                    -3,
                    -10
                ],
                [
                    -6,
                    9,
                    5
                ],
                [
                    -2,
                    -8,
                    10
                ],
                [
                    -8,
                    3,
                    -9
                ],
                [
                    -8,
                    -9,
                    2
                ],
                [
                    -3,
                    4,
                    8
                ],
                [
                    -7,
                    5,
                    10
                ],
                [
                    8,
                    -2,
                    -6
                ],
                [
                    7,
                    3,
                    -10
                ],
                [
                    8,
                    -3,
                    6
                ],
                [
                    -7,
                    2,
                    -5
                ],
                [
                    7,
                    8,
                    -10
                ],
                [
                    10,
                    7,
                    5
                ],
                [
                    -9,
                    -5,
                    -3
                ],
                [
                    8,
                    -3,
                    5
                ],
                [
                    -3,
                    9,
                    8
                ],
                [
                    -7,
                    -8,
                    -3
                ],
                [
                    -5,
                    -4,
                    3
                ],
                [
                    -4,
                    8,
                    -3
                ],
                [
                    -7,
                    4,
                    -8
                ],
                [
                    7,
                    6,
                    -2
                ],
                [
                    -8,
                    -10,
                    3
                ],
                [
                    2,
                    -5,
                    6
                ],
                [
                    1,
                    7,
                    8
                ],
                [
                    10,
                    3,
                    9
                ],
                [
                    10,
                    6,
                    4
                ],
                [
                    8,
                    2,
                    -3
                ],
                [
                    3,
                    -4,
                    6
                ],
                [
                    -8,
                    3,
                    -2
                ],
                [
                    -2,
                    -10,
                    -7
                ],
                [
                    3,
                    -7,
                    2
                ],
                [
                    -1,
                    2,
                    -7
                ],
                [
                    -9,
                    -4,
                    -2
                ],
                [
                    -6,
                    10,
                    -1
                ],
                [
                    4,
                    3,
                    -7
                ],
                [
                    -6,
                    8,
                    -7
                ],
                [
                    8,
                    -7,
                    6
                ],
                [
                    -6,
                    9,
                    3
                ],
                [
                    5,
                    2,
                    10
                ],
                [
                    5,
                    -1,
                    8
                ],
                [
                    9,
                    4,
                    -8
                ]
            ],
            "{   'fun': 0.98,\n    'jac': None,\n    'nfev': 43,\n    'nit': None,\n    'njev': None,\n    'x': array([2.8113453 , 1.49981047, 0.24518346, 0.63273406])}",
            {
                "0100001000": 1,
                "0010001011": 1,
                "0001001001": 1,
                "1110110000": 1,
                "1111111110": 1,
                "1101010100": 1,
                "0011111110": 1,
                "1010000010": 1,
                "0100000010": 1,
                "1001000000": 1,
                "0100011100": 1,
                "0010001101": 1,
                "1011111011": 1,
                "0110111011": 1,
                "0101011011": 1,
                "1110110001": 1,
                "0011010001": 1,
                "0110101110": 1,
                "1100011000": 1,
                "0111001101": 1,
                "0110000110": 1,
                "0111100101": 1,
                "1001010011": 1,
                "1110100110": 1,
                "0011101110": 1,
                "1110001111": 1,
                "0001010110": 1,
                "1111001000": 2,
                "1011001111": 1,
                "0111010010": 1,
                "0011101011": 1,
                "0110010000": 1,
                "0000100110": 1,
                "0111101000": 1,
                "0001101101": 1,
                "0010111100": 1,
                "0111100011": 1,
                "1001010100": 1,
                "1010000000": 1,
                "0011001011": 1,
                "0110110100": 2,
                "0111011110": 1,
                "0100100100": 1,
                "0110011100": 2,
                "1110001010": 1,
                "0000001000": 1,
                "1001011110": 1,
                "0111111000": 1,
                "0100100011": 1,
                "0010100101": 1,
                "0110010110": 1,
                "0110101100": 1,
                "1101111100": 1,
                "1001100001": 1,
                "1010111000": 1,
                "0111110000": 2,
                "1111011101": 1,
                "1000011010": 1,
                "0111010101": 1,
                "1010011011": 2,
                "1001000111": 1,
                "1000011101": 1,
                "0100011011": 1,
                "0010000010": 1,
                "0101010110": 1,
                "1011000001": 1,
                "1100110100": 1,
                "1001111101": 1,
                "0100100111": 1,
                "1111001011": 1,
                "0011110111": 1,
                "1010111001": 1,
                "1001110001": 1,
                "0111111101": 1,
                "0111110101": 1,
                "1010100110": 1,
                "1101101001": 1,
                "0111101011": 1,
                "1010111101": 1,
                "0101001110": 1,
                "1000011011": 1,
                "1011100111": 1,
                "0100011000": 1,
                "1000100011": 1,
                "0010101000": 1,
                "0101011000": 1,
                "1001101101": 2,
                "0011111111": 1,
                "0000010100": 1,
                "0011110000": 1,
                "0000000000": 1,
                "1010011000": 1,
                "1101100001": 1,
                "1110010001": 1
            },
            true,
            0.93
        ],
        [
            [
                [
                    -9,
                    10,
                    -1
                ],
                [
                    -8,
                    3,
                    -6
                ],
                [
                    -8,
                    -2,
                    -3
                ],
                [
                    -10,
                    8,
                    -1
                ],
                [
                    2,
                    -5,
                    -8
                ],
                [
                    -6,
                    7,
                    -10
                ],
                [
                    9,
                    -2,
                    -1
                ],
                [
                    -5,
                    -2,
                    9
                ],
                [
                    4,
                    -8,
                    6
                ],
                [
                    7,
                    -9,
                    -4
                ],
                [
                    -2,
                    4,
                    10
                ],
                [
                    -2,
                    7,
                    8
                ],
                [
                    1,
                    6,
                    -9
                ],
                [
                    5,
                    7,
                    10
                ],
                [
                    -2,
                    9,
                    1
                ],
                [
                    -3,
                    -2,
                    7
                ],
                [
                    -10,
                    -8,
                    -6
                ],
                [
                    -6,
                    1,
                    -3
                ],
                [
                    1,
                    10,
                    -9
                ],
                [
                    -3,
                    4,
                    7
                ],
                [
                    -5,
                    8,
                    -3
                ],
                [
                    2,
                    -8,
                    -5
                ],
                [
                    -7,
                    3,
                    9
                ],
                [
                    -8,
                    5,
                    -1
                ],
                [
                    -8,
                    10,
                    -6
                ],
                [
                    -4,
                    -9,
                    -7
                ],
                [
                    9,
                    1,
                    8
                ],
                [
                    -2,
                    5,
                    8
                ],
                [
                    -5,
                    -4,
                    -7
                ],
                [
                    -7,
                    10,
                    -1
                ],
                [
                    -1,
                    6,
                    -4
                ],
                [
                    -10,
                    -2,
                    -5
                ],
                [
                    2,
                    7,
                    3
                ],
                [
                    1,
                    6,
                    5
                ],
                [
                    4,
                    5,
                    7
                ],
                [
                    -4,
                    1,
                    10
                ],
                [
                    2,
                    1,
                    -3
                ],
                [
                    8,
                    -10,
                    -1
                ],
                [
                    4,
                    -7,
                    10
                ],
                [
                    -8,
                    -9,
                    3
                ],
                [
                    -8,
                    -2,
                    7
                ],
                [
                    -2,
                    -1,
                    -8
                ],
                [
                    6,
                    9,
                    1
                ],
                [
                    6,
                    8,
                    1
                ],
                [
                    -10,
                    8,
                    5
                ]
            ],
            "{   'fun': 0.98,\n    'jac': None,\n    'nfev': 40,\n    'nit': None,\n    'njev': None,\n    'x': array([1.75128904, 0.35527574, 2.16441534, 3.12585129])}",
            {
                "0001111010": 1,
                "0110010011": 1,
                "1001111000": 1,
                "1110111001": 1,
                "1000111010": 1,
                "0000100001": 1,
                "0000110110": 1,
                "0011011110": 1,
                "1000100001": 1,
                "1101010110": 1,
                "0111111001": 1,
                "1100101101": 1,
                "1010100101": 1,
                "1001001011": 1,
                "1111000011": 1,
                "1111010001": 1,
                "0111101010": 1,
                "0011111000": 1,
                "0000111110": 1,
                "1011111101": 1,
                "1000111001": 1,
                "1011111111": 1,
                "1011000111": 1,
                "1011011110": 1,
                "0001111001": 1,
                "0001110110": 1,
                "1110100110": 1,
                "1001001101": 1,
                "0010000110": 1,
                "1110110011": 2,
                "0101100110": 1,
                "0100001011": 1,
                "0010001001": 1,
                "0011101010": 1,
                "0100101111": 1,
                "1000011001": 1,
                "0010011110": 1,
                "0111000001": 1,
                "1101110000": 1,
                "0100011110": 2,
                "1001010010": 1,
                "1110101010": 1,
                "1000011110": 1,
                "1001110100": 1,
                "1010000001": 1,
                "1000101011": 2,
                "1000101111": 1,
                "1101000111": 1,
                "1010001100": 1,
                "1101101001": 2,
                "0001010001": 1,
                "1011001101": 1,
                "1001111100": 1,
                "1101110100": 1,
                "1100111001": 1,
                "0000001110": 1,
                "0000101001": 1,
                "0001000011": 1,
                "1101110101": 1,
                "0111110000": 1,
                "1111011000": 2,
                "0000110000": 1,
                "0011111001": 1,
                "0101001001": 1,
                "0101011100": 1,
                "0001001100": 1,
                "1011011000": 1,
                "1010011010": 1,
                "0010010000": 1,
                "1010111110": 1,
                "0101010001": 1,
                "0100100010": 1,
                "1110001011": 1,
                "0111100111": 1,
                "0110111001": 1,
                "0011000110": 1,
                "0111011010": 1,
                "1010100000": 1,
                "0001000010": 1,
                "0111001100": 1,
                "0011101110": 1,
                "1100011001": 1,
                "1011010011": 1,
                "0111101101": 1,
                "1101110001": 1,
                "1001110000": 1,
                "1000011010": 1,
                "1100000101": 1,
                "0111101110": 1,
                "1100001000": 1,
                "0000110011": 1,
                "0001001000": 1,
                "0000110111": 1,
                "0111010010": 1,
                "1000111100": 1
            },
            true,
            0.95
        ],
        [
            [
                [
                    1,
                    -3,
                    6
                ],
                [
                    8,
                    10,
                    1
                ],
                [
                    8,
                    -2,
                    6
                ],
                [
                    -1,
                    7,
                    -3
                ],
                [
                    -7,
                    -6,
                    -10
                ],
                [
                    -5,
                    -8,
                    10
                ],
                [
                    10,
                    3,
                    1
                ],
                [
                    1,
                    3,
                    5
                ],
                [
                    -1,
                    7,
                    -10
                ],
                [
                    -6,
                    10,
                    4
                ],
                [
                    -9,
                    -8,
                    6
                ],
                [
                    -2,
                    -8,
                    -1
                ],
                [
                    10,
                    6,
                    8
                ],
                [
                    6,
                    7,
                    -2
                ],
                [
                    3,
                    9,
                    1
                ],
                [
                    4,
                    9,
                    6
                ],
                [
                    7,
                    -5,
                    -2
                ],
                [
                    3,
                    9,
                    -5
                ],
                [
                    -6,
                    -7,
                    -2
                ],
                [
                    7,
                    -1,
                    -10
                ],
                [
                    -9,
                    2,
                    4
                ],
                [
                    -3,
                    -2,
                    -1
                ],
                [
                    -7,
                    10,
                    4
                ],
                [
                    10,
                    -5,
                    -8
                ],
                [
                    -5,
                    6,
                    -10
                ],
                [
                    6,
                    -5,
                    -3
                ],
                [
                    -10,
                    -1,
                    -8
                ],
                [
                    -3,
                    10,
                    -4
                ],
                [
                    -1,
                    -6,
                    3
                ],
                [
                    -2,
                    1,
                    -10
                ],
                [
                    -5,
                    3,
                    -10
                ],
                [
                    -3,
                    10,
                    -7
                ],
                [
                    3,
                    1,
                    -6
                ],
                [
                    -4,
                    2,
                    -3
                ],
                [
                    9,
                    -5,
                    4
                ],
                [
                    7,
                    -6,
                    1
                ],
                [
                    10,
                    6,
                    -9
                ],
                [
                    10,
                    -8,
                    -6
                ],
                [
                    5,
                    -9,
                    4
                ],
                [
                    5,
                    -2,
                    -10
                ],
                [
                    -7,
                    -10,
                    -9
                ],
                [
                    4,
                    3,
                    -1
                ],
                [
                    4,
                    -10,
                    -7
                ],
                [
                    -8,
                    -3,
                    -6
                ],
                [
                    10,
                    9,
                    -8
                ]
            ],
            "{   'fun': 1.0,\n    'jac': None,\n    'nfev': 45,\n    'nit': None,\n    'njev': None,\n    'x': array([1.15332275, 0.62695117, 1.9597652 , 2.8784103 ])}",
            {
                "0111000111": 1,
                "0000111100": 1,
                "0011010100": 1,
                "0000100100": 1,
                "0111000100": 1,
                "1000100110": 1,
                "0011000010": 1,
                "1010001011": 1,
                "1001101000": 1,
                "1111001111": 1,
                "1010000100": 1,
                "0110000000": 1,
                "1100010011": 1,
                "1111010101": 1,
                "0101010101": 1,
                "1110010100": 1,
                "0101001001": 1,
                "1011000111": 1,
                "1001100011": 1,
                "0111010110": 1,
                "1111000101": 1,
                "0110000101": 1,
                "1111100100": 1,
                "0101111001": 1,
                "1100001011": 2,
                "1101101101": 1,
                "1001111101": 1,
                "0111101101": 1,
                "0100011111": 1,
                "0100100011": 1,
                "1001101001": 1,
                "1101100110": 1,
                "0001011001": 1,
                "0001001011": 1,
                "1011000101": 1,
                "1001010110": 1,
                "1010000111": 1,
                "1111001000": 1,
                "0000011011": 1,
                "1010010110": 1,
                "0001101010": 1,
                "1010011110": 1,
                "0000011100": 2,
                "0101100101": 1,
                "1001010001": 1,
                "1010100101": 1,
                "1001110101": 1,
                "1010010101": 1,
                "0101011111": 1,
                "0110010000": 1,
                "1000000011": 1,
                "1001011101": 1,
                "0011111001": 1,
                "1011110011": 1,
                "1111111111": 1,
                "0101101011": 1,
                "1110101100": 1,
                "0111000001": 1,
                "1000110000": 1,
                "0111010111": 1,
                "0011100001": 1,
                "1010000101": 1,
                "1010110111": 1,
                "0010110100": 1,
                "0100001110": 1,
                "0010100100": 1,
                "0000001111": 1,
                "0111011000": 1,
                "0100110110": 1,
                "1100101011": 1,
                "0000100001": 1,
                "1101100100": 1,
                "1111101011": 1,
                "0101111100": 1,
                "0100111101": 1,
                "0010011010": 1,
                "0011001110": 1,
                "1110101000": 1,
                "0000001011": 1,
                "1010100011": 1,
                "0011101011": 1,
                "0001010001": 2,
                "1111100010": 1,
                "0000111110": 1,
                "0101110100": 1,
                "0011110011": 1,
                "0110011101": 1,
                "1000010111": 1,
                "1011110110": 1,
                "1100101010": 1,
                "0001110011": 1,
                "1001101111": 1,
                "1000101111": 1,
                "0000110001": 1,
                "0101111110": 1,
                "0101001101": 1,
                "0011010111": 1
            },
            false,
            0.96
        ],
        [
            [
                [
                    9,
                    -8,
                    -2
                ],
                [
                    -4,
                    6,
                    7
                ],
                [
                    2,
                    8,
                    -5
                ],
                [
                    -2,
                    -9,
                    7
                ],
                [
                    -4,
                    -7,
                    5
                ],
                [
                    -1,
                    -7,
                    -2
                ],
                [
                    -7,
                    3,
                    -9
                ],
                [
                    -2,
                    -6,
                    -10
                ],
                [
                    -9,
                    4,
                    3
                ],
                [
                    2,
                    9,
                    -6
                ],
                [
                    6,
                    4,
                    -8
                ],
                [
                    5,
                    -8,
                    -10
                ],
                [
                    1,
                    9,
                    -5
                ],
                [
                    -10,
                    -6,
                    4
                ],
                [
                    1,
                    7,
                    6
                ],
                [
                    8,
                    -3,
                    -2
                ],
                [
                    -5,
                    -10,
                    4
                ],
                [
                    6,
                    -7,
                    1
                ],
                [
                    5,
                    -9,
                    8
                ],
                [
                    -1,
                    -3,
                    10
                ],
                [
                    3,
                    7,
                    9
                ],
                [
                    -2,
                    -7,
                    -3
                ],
                [
                    -5,
                    6,
                    -2
                ],
                [
                    6,
                    -9,
                    -7
                ],
                [
                    -4,
                    1,
                    -10
                ],
                [
                    8,
                    -1,
                    7
                ],
                [
                    2,
                    -9,
                    8
                ],
                [
                    -6,
                    8,
                    -9
                ],
                [
                    5,
                    9,
                    3
                ],
                [
                    -6,
                    -1,
                    9
                ],
                [
                    -9,
                    7,
                    2
                ],
                [
                    10,
                    -4,
                    2
                ],
                [
                    -8,
                    5,
                    -10
                ],
                [
                    9,
                    5,
                    -4
                ],
                [
                    -6,
                    -8,
                    2
                ],
                [
                    -9,
                    -7,
                    -2
                ],
                [
                    -2,
                    -9,
                    1
                ],
                [
                    -1,
                    4,
                    5
                ],
                [
                    -10,
                    -7,
                    -1
                ],
                [
                    3,
                    -4,
                    9
                ],
                [
                    10,
                    -1,
                    -5
                ],
                [
                    -6,
                    -2,
                    -10
                ],
                [
                    -5,
                    -6,
                    9
                ],
                [
                    6,
                    4,
                    3
                ],
                [
                    6,
                    10,
                    -7
                ]
            ],
            "{   'fun': 1.0,\n    'jac': None,\n    'nfev': 25,\n    'nit': None,\n    'njev': None,\n    'x': array([1.10541887, 0.99838178, 1.92665882, 1.14246927])}",
            {
                "0111000100": 1,
                "1001011010": 1,
                "1000011111": 1,
                "0000010101": 1,
                "1111000110": 1,
                "0000100101": 1,
                "0011111110": 1,
                "1001010001": 1,
                "1100110010": 1,
                "0101000011": 2,
                "1010111001": 1,
                "0111010000": 1,
                "1000101100": 1,
                "1111001110": 1,
                "1011110011": 1,
                "0100011100": 1,
                "1100100011": 1,
                "0100100100": 1,
                "1010111100": 1,
                "0110110100": 1,
                "1000000111": 1,
                "0100001010": 1,
                "0100100101": 1,
                "0100001101": 1,
                "1011101110": 1,
                "1001010111": 1,
                "0011000111": 1,
                "1111101110": 1,
                "0000000001": 1,
                "1101100100": 1,
                "0000011101": 1,
                "0001001000": 1,
                "1100011001": 1,
                "1001101000": 1,
                "1101111100": 1,
                "0011010101": 2,
                "1000011101": 1,
                "1111100101": 1,
                "1111001101": 1,
                "1000100110": 1,
                "0001000011": 1,
                "0010001111": 1,
                "1101110101": 1,
                "0110100101": 1,
                "1111111110": 1,
                "0001001101": 1,
                "1011001010": 1,
                "0110010111": 1,
                "1100011100": 1,
                "0110011001": 1,
                "0001000110": 1,
                "0011111001": 2,
                "1110001001": 1,
                "1110011101": 1,
                "0011000100": 1,
                "0011111000": 1,
                "1000100011": 1,
                "0110110001": 1,
                "0100100001": 1,
                "0000101110": 1,
                "1010100000": 1,
                "1100000110": 1,
                "0101001011": 1,
                "1101000110": 1,
                "0001001100": 1,
                "1101101010": 1,
                "1100010001": 1,
                "1000110001": 1,
                "0000110011": 1,
                "0001110101": 1,
                "0011000011": 1,
                "0111000010": 1,
                "1010000001": 1,
                "0111101011": 1,
                "1111100110": 1,
                "1010001101": 1,
                "0111011010": 1,
                "0110100001": 1,
                "0011100001": 1,
                "1110101100": 1,
                "0010011000": 1,
                "0110001010": 1,
                "1000101001": 1,
                "0001100001": 1,
                "0000001000": 2,
                "0011110110": 1,
                "0100110000": 1,
                "0110011010": 1,
                "1100001111": 1,
                "0100011111": 1,
                "1111111001": 1,
                "0000101010": 1,
                "0010100010": 1,
                "1000010000": 1,
                "1100100010": 1,
                "1111001010": 1
            },
            false,
            1.0
        ],
        [
            [
                [
                    9,
                    6,
                    -5
                ],
                [
                    5,
                    -3,
                    -2
                ],
                [
                    -9,
                    -2,
                    -3
                ],
                [
                    8,
                    -3,
                    -9
                ],
                [
                    9,
                    4,
                    -5
                ],
                [
                    7,
                    -3,
                    10
                ],
                [
                    10,
                    4,
                    -2
                ],
                [
                    -3,
                    2,
                    5
                ],
                [
                    -3,
                    -5,
                    2
                ],
                [
                    8,
                    1,
                    -6
                ],
                [
                    -5,
                    -8,
                    -1
                ],
                [
                    -9,
                    -5,
                    -8
                ],
                [
                    9,
                    -1,
                    3
                ],
                [
                    -7,
                    -6,
                    -5
                ],
                [
                    -5,
                    -9,
                    8
                ],
                [
                    10,
                    2,
                    -1
                ],
                [
                    -8,
                    -1,
                    -9
                ],
                [
                    -9,
                    -2,
                    -6
                ],
                [
                    10,
                    5,
                    -4
                ],
                [
                    9,
                    -8,
                    7
                ],
                [
                    -8,
                    -7,
                    -6
                ],
                [
                    2,
                    -1,
                    -3
                ],
                [
                    -10,
                    5,
                    7
                ],
                [
                    -3,
                    5,
                    -4
                ],
                [
                    -6,
                    -1,
                    10
                ],
                [
                    5,
                    1,
                    -3
                ],
                [
                    -5,
                    -1,
                    -7
                ],
                [
                    9,
                    -4,
                    -1
                ],
                [
                    -3,
                    2,
                    1
                ],
                [
                    -8,
                    -4,
                    -10
                ],
                [
                    -4,
                    9,
                    10
                ],
                [
                    -7,
                    5,
                    9
                ],
                [
                    -6,
                    -8,
                    -7
                ],
                [
                    -6,
                    -5,
                    -3
                ],
                [
                    3,
                    7,
                    4
                ],
                [
                    -3,
                    10,
                    -6
                ],
                [
                    -10,
                    -8,
                    1
                ],
                [
                    5,
                    1,
                    3
                ],
                [
                    -2,
                    -3,
                    5
                ],
                [
                    4,
                    1,
                    7
                ],
                [
                    6,
                    10,
                    4
                ],
                [
                    1,
                    5,
                    4
                ],
                [
                    7,
                    -8,
                    6
                ],
                [
                    1,
                    4,
                    3
                ],
                [
                    9,
                    2,
                    7
                ]
            ],
            "{   'fun': 0.97,\n    'jac': None,\n    'nfev': 42,\n    'nit': None,\n    'njev': None,\n    'x': array([1.2561369 , 1.08955433, 0.83887875, 3.0839716 ])}",
            {
                "0010100111": 1,
                "0011100010": 1,
                "1010100110": 1,
                "0110110010": 1,
                "1101011111": 1,
                "0001101001": 1,
                "1100001010": 1,
                "1110101111": 1,
                "0000011101": 1,
                "1110100001": 1,
                "1110100000": 1,
                "0110101101": 1,
                "1010111101": 1,
                "1011111101": 1,
                "1010010101": 1,
                "0100100111": 1,
                "0110111111": 1,
                "0011111100": 1,
                "1101001011": 1,
                "1000010000": 1,
                "0101100111": 1,
                "0111000101": 1,
                "0000111010": 1,
                "0100101111": 1,
                "0110110100": 1,
                "0010110011": 1,
                "1111000011": 1,
                "1010110001": 1,
                "1010100101": 1,
                "1101001001": 1,
                "1101000011": 1,
                "1010000010": 1,
                "0111101010": 1,
                "0011111000": 1,
                "1111101010": 1,
                "0111110101": 1,
                "1101000001": 1,
                "1000100001": 1,
                "0111000001": 1,
                "0010011110": 2,
                "0010010100": 1,
                "0010000111": 1,
                "0000101000": 1,
                "0100111010": 1,
                "0001110101": 1,
                "0110001000": 1,
                "1010010111": 1,
                "0010001000": 1,
                "0010101011": 1,
                "1011100100": 2,
                "0010101100": 1,
                "0010101111": 1,
                "1100001110": 1,
                "1110111011": 1,
                "0010101001": 1,
                "0111011101": 1,
                "0101001010": 1,
                "1111110101": 1,
                "0000001000": 1,
                "0101001100": 1,
                "1011011001": 1,
                "0010001101": 2,
                "1001101000": 1,
                "1111100100": 1,
                "0100011111": 1,
                "1000011011": 1,
                "0001101000": 1,
                "0111111010": 1,
                "0110001111": 1,
                "1101100001": 2,
                "1001001111": 1,
                "0001011000": 1,
                "1111001100": 1,
                "1111111000": 1,
                "1001100011": 1,
                "1100100110": 1,
                "1010110110": 1,
                "0101100001": 1,
                "1001010110": 1,
                "0100111101": 1,
                "1110011000": 1,
                "0111011010": 1,
                "0010011010": 1,
                "0010100100": 1,
                "0011011001": 1,
                "0000100100": 1,
                "1111101110": 1,
                "1101001111": 1,
                "1010001100": 1,
                "0011000111": 1,
                "1000111011": 1,
                "0010110001": 1,
                "0110100111": 1,
                "0000110010": 1,
                "0111010001": 1,
                "0000100001": 1
            },
            true,
            0.9
        ]
    ]
}