{
    "n": 10,
    "m": 45,
    "results": [
        [
            [
                [
                    1,
                    -3,
                    -2
                ],
                [
                    -2,
                    1,
                    -4
                ],
                [
                    10,
                    3,
                    -4
                ],
                [
                    7,
                    -9,
                    5
                ],
                [
                    4,
                    5,
                    -7
                ],
                [
                    -5,
                    10,
                    6
                ],
                [
                    -2,
                    -9,
                    1
                ],
                [
                    9,
                    -6,
                    -7
                ],
                [
                    -8,
                    4,
                    9
                ],
                [
                    9,
                    6,
                    1
                ],
                [
                    2,
                    -3,
                    -1
                ],
                [
                    1,
                    -10,
                    3
                ],
                [
                    8,
                    -6,
                    7
                ],
                [
                    -4,
                    2,
                    -10
                ],
                [
                    8,
                    6,
                    7
                ],
                [
                    10,
                    7,
                    -2
                ],
                [
                    -3,
                    -5,
                    -1
                ],
                [
                    -7,
                    3,
                    -10
                ],
                [
                    -8,
                    -4,
                    2
                ],
                [
                    6,
                    -10,
                    -2
                ],
                [
                    -8,
                    2,
                    -4
                ],
                [
                    -4,
                    -9,
                    -6
                ],
                [
                    -4,
                    8,
                    1
                ],
                [
                    5,
                    4,
                    -3
                ],
                [
                    7,
                    -4,
                    -9
                ],
                [
                    9,
                    -10,
                    -1
                ],
                [
                    -5,
                    -2,
                    8
                ],
                [
                    10,
                    -4,
                    -3
                ],
                [
                    -6,
                    4,
                    -8
                ],
                [
                    1,
                    5,
                    -10
                ],
                [
                    3,
                    9,
                    8
                ],
                [
                    2,
                    -1,
                    -8
                ],
                [
                    -10,
                    8,
                    -4
                ],
                [
                    1,
                    8,
                    4
                ],
                [
                    3,
                    -4,
                    8
                ],
                [
                    -9,
                    -6,
                    -1
                ],
                [
                    -2,
                    10,
                    -4
                ],
                [
                    -1,
                    7,
                    -4
                ],
                [
                    -2,
                    -7,
                    -8
                ],
                [
                    5,
                    10,
                    -7
                ],
                [
                    -3,
                    -4,
                    -7
                ],
                [
                    5,
                    -1,
                    -2
                ],
                [
                    -1,
                    5,
                    -9
                ],
                [
                    -9,
                    -2,
                    6
                ],
                [
                    3,
                    -9,
                    -8
                ]
            ],
            "{   'fun': 0.98,\n    'jac': None,\n    'nfev': 44,\n    'nit': None,\n    'njev': None,\n    'x': array([1.81619652, 0.49469695, 0.25655037, 0.60285301])}",
            {
                "1010101010": 1,
                "1101110111": 1,
                "0000001111": 1,
                "1011010100": 1,
                "0001010011": 1,
                "0001110010": 1,
                "1000101111": 1,
                "0100011010": 1,
                "0010001010": 1,
                "1100010001": 1,
                "1010001100": 1,
                "0101000110": 1,
                "1000111000": 1,
                "0101111010": 1,
                "1111000100": 1,
                "0111100011": 2,
                "1110100010": 1,
                "1001111010": 1,
                "0100011110": 1,
                "0011001101": 1,
                "1000010000": 1,
                "0010100000": 1,
                "1001010010": 1,
                "1011011000": 1,
                "1101010010": 1,
                "0000011101": 1,
                "1101110000": 1,
                "0011010100": 1,
                "1011111001": 1,
                "1110110101": 1,
                "1011011111": 1,
                "0110001111": 1,
                "1011011110": 1,
                "0100110111": 1,
                "0011101000": 2,
                "0110100000": 1,
                "0010011011": 1,
                "1011001010": 1,
                "0001011100": 1,
                "1000101101": 1,
                "1110110010": 1,
                "1000010100": 1,
                "1001011011": 1,
                "1011001100": 1,
                "0010001101": 1,
                "0000010110": 1,
                "0110011101": 1,
                "0100111000": 1,
                "1111010100": 1,
                "1101011000": 1,
                "0000110000": 1,
                "1110010001": 1,
                "0011010111": 1,
                "1000011010": 1,
                "0100011001": 1,
                "1010000011": 1,
                "1101001100": 1,
                "1011111010": 2,
                "0011111100": 1,
                "0111110001": 1,
                "0110001001": 2,
                "0001111000": 1,
                "0011011101": 1,
                "1011111101": 1,
                "0010111001": 1,
                "0000010111": 1,
                "0010101101": 2,
                "1110101110": 1,
                "0001010001": 1,
                "0010111101": 2,
                "0000010101": 1,
                "0011100100": 1,
                "0001110011": 1,
                "1010000111": 1,
                "1111011011": 1,
                "1011000000": 1,
                "1100110100": 1,
                "1001111101": 2,
                "0011100110": 1,
                "1111000000": 1,
                "0000010010": 1,
                "0010110101": 1,
                "0110000110": 1,
                "0000000011": 1,
                "1110010000": 1,
                "0000100110": 1,
                "0001010010": 1,
                "1110011100": 1,
                "1011110101": 2,
                "0001100001": 1,
                "1011100110": 1,
                "0110110001": 1
            },
            true,
            0.96
        ],
        [
            [
                [
                    -7,
                    9,
                    5
                ],
                [
                    2,
                    -5,
                    -9
                ],
                [
                    9,
                    3,
                    8
                ],
                [
                    -4,
                    -7,
                    -9
                ],
                [
                    -6,
                    5,
                    4
                ],
                [
                    3,
                    7,
                    -9
                ],
                [
                    8,
                    -2,
                    4
                ],
                [
                    7,
                    9,
                    10
                ],
                [
                    9,
                    -6,
                    7
                ],
                [
                    5,
                    -8,
                    -2
                ],
                [
                    4,
                    -6,
                    -7
                ],
                [
                    4,
                    2,
                    -6
                ],
                [
                    -10,
                    -6,
                    -7
                ],
                [
                    8,
                    3,
                    6
                ],
                [
                    -4,
                    7,
                    1
                ],
                [
                    2,
                    3,
                    6
                ],
                [
                    6,
                    5,
                    1
                ],
                [
                    6,
                    -1,
                    -3
                ],
                [
                    -5,
                    -1,
                    -2
                ],
                [
                    -3,
                    1,
                    5
                ],
                [
                    3,
                    4,
                    2
                ],
                [
                    -4,
                    9,
                    -2
                ],
                [
                    5,
                    -3,
                    6
                ],
                [
                    8,
                    -2,
                    7
                ],
                [
                    3,
                    4,
                    -1
                ],
                [
                    -6,
                    3,
                    -2
                ],
                [
                    8,
                    -4,
                    10
                ],
                [
                    6,
                    -3,
                    -9
                ],
                [
                    5,
                    -7,
                    10
                ],
                [
                    -8,
                    1,
                    -2
                ],
                [
                    -3,
                    2,
                    6
                ],
                [
                    6,
                    8,
                    -9
                ],
                [
                    -8,
                    4,
                    -5
                ],
                [
                    -2,
                    -9,
                    7
                ],
                [
                    3,
                    5,
                    -6
                ],
                [
                    6,
                    -3,
                    4
                ],
                [
                    -8,
                    -2,
                    6
                ],
                [
                    8,
                    6,
                    -9
                ],
                [
                    5,
                    -2,
                    8
                ],
                [
                    -5,
                    1,
                    9
                ],
                [
                    -9,
                    2,
                    -3
                ],
                [
                    -10,
                    4,
                    -9
                ],
                [
                    -6,
                    7,
                    -3
                ],
                [
                    -4,
                    1,
                    -8
                ],
                [
                    9,
                    10,
                    -7
                ]
            ],
            "{   'fun': 1.0,\n    'jac': None,\n    'nfev': 25,\n    'nit': None,\n    'njev': None,\n    'x': array([0.75131429, 0.35526777, 2.16444826, 3.12576065])}",
            {
                "1101010001": 1,
                "1101001000": 1,
                "0001111101": 1,
                "0000111101": 1,
                "1011000001": 1,
                "0110110010": 1,
                "1011010100": 1,
                "1111111101": 1,
                "1011101111": 1,
                "0011000110": 1,
                "1010100010": 1,
                "1011110100": 1,
                "1000110101": 1,
                "0111110111": 1,
                "0011111110": 1,
                "0111110000": 1,
                "1101101001": 1,
                "0010010110": 1,
                "0000111110": 1,
                "0101110110": 1,
                "0101111010": 1,
                "0000011101": 1,
                "1111011010": 1,
                "1001001100": 1,
                "0100111001": 1,
                "1100100111": 1,
                "0101001110": 1,
                "1101110010": 1,
                "1010100100": 1,
                "0111010111": 1,
                "0101000101": 1,
                "0000101111": 1,
                "1000011101": 2,
                "0110001001": 1,
                "1001111011": 1,
                "1101110011": 1,
                "1100110101": 1,
                "1111110000": 1,
                "0101010100": 1,
                "1000000111": 1,
                "0100010001": 1,
                "1100110111": 1,
                "0010101110": 1,
                "0011001011": 1,
                "1100011001": 1,
                "0101011010": 1,
                "0100001110": 1,
                "1001010000": 1,
                "1111101111": 1,
                "0101100110": 1,
                "0100010011": 1,
                "1110010011": 1,
                "1000101011": 1,
                "1010011100": 1,
                "0000010110": 1,
                "0001000001": 1,
                "1010011101": 1,
                "0111010110": 1,
                "1000011110": 1,
                "0001100001": 1,
                "0011001100": 1,
                "1001111110": 1,
                "1010110010": 1,
                "1011101001": 1,
                "0000011000": 1,
                "1010101110": 1,
                "0010011001": 1,
                "0100000111": 1,
                "0010010100": 1,
                "0010000111": 1,
                "0011011111": 1,
                "1110111010": 2,
                "0111001110": 1,
                "0101100000": 1,
                "1010000000": 1,
                "1110111111": 1,
                "1101000101": 1,
                "0011001101": 1,
                "0111001100": 1,
                "0110111000": 1,
                "0000010010": 1,
                "1011111110": 1,
                "1111100101": 1,
                "0111101110": 1,
                "0110100000": 1,
                "1100110011": 1,
                "0011101111": 1,
                "1000011001": 1,
                "1101110111": 1,
                "0100011101": 1,
                "0101101100": 1,
                "1010001100": 1,
                "1111101110": 1,
                "0011000111": 1,
                "0110101010": 1,
                "0001100011": 1,
                "0101010010": 1,
                "1001100100": 1
            },
            false,
            1.0
        ],
        [
            [
                [
                    8,
                    -5,
                    10
                ],
                [
                    -4,
                    1,
                    -10
                ],
                [
                    -2,
                    5,
                    6
                ],
                [
                    -10,
                    -2,
                    -9
                ],
                [
                    -3,
                    -1,
                    6
                ],
                [
                    -3,
                    9,
                    -10
                ],
                [
                    6,
                    10,
                    -4
                ],
                [
                    3,
                    6,
                    -4
                ],
                [
                    8,
                    -6,
                    7
                ],
                [
                    7,
                    -5,
                    -1
                ],
                [
                    -10,
                    3,
                    -5
                ],
                [
                    6,
                    7,
                    -10
                ],
                [
                    -4,
                    -3,
                    6
                ],
                [
                    -9,
                    -7,
                    2
                ],
                [
                    -2,
                    -9,
                    7
                ],
                [
                    -9,
                    2,
                    -6
                ],
                [
                    9,
                    3,
                    -4
                ],
                [
                    -1,
                    10,
                    8
                ],
                [
                    -4,
                    8,
                    5
                ],
                [
                    7,
                    9,
                    10
                ],
                [
                    -5,
                    -4,
                    -3
                ],
                [
                    7,
                    -2,
                    -6
                ],
                [
                    -10,
                    -4,
                    9
                ],
                [
                    1,
                    2,
                    -6
                ],
                [
                    8,
                    -9,
                    -4
                ],
                [
                    9,
                    -6,
                    -3
                ],
                [
                    -7,
                    -4,
                    -1
                ],
                [
                    -1,
                    -6,
                    -4
                ],
                [
                    -4,
                    -1,
                    7
                ],
                [
                    -5,
                    -3,
                    -8
                ],
                [
                    -10,
                    -3,
                    -2
                ],
                [
                    6,
                    4,
                    8
                ],
                [
                    1,
                    2,
                    3
                ],
                [
                    6,
                    4,
                    -7
                ],
                [
                    6,
                    3,
                    -8
                ],
                [
                    -6,
                    8,
                    4
                ],
                [
                    8,
                    -5,
                    -1
                ],
                [
                    8,
                    -1,
                    7
                ],
                [
                    10,
                    -4,
                    9
                ],
                [
                    -4,
                    -2,
                    9
                ],
                [
                    1,
                    8,
                    -5
                ],
                [
                    6,
                    -5,
                    -9
                ],
                [
                    2,
                    1,
                    3
                ],
                [
                    -10,
                    -6,
                    -9
                ],
                [
                    -4,
                    -2,
                    3
                ]
            ],
            "{   'fun': 0.26,\n    'jac': None,\n    'nfev': 57,\n    'nit': None,\n    'njev': None,\n    'x': array([ 1.89288806, -1.75489134,  2.88899685,  2.38248908])}",
            {
                "0110100100": 1,
                "0001100001": 1,
                "0001111100": 1,
                "0010100001": 1,
                "1010100001": 1,
                "0011111110": 1,
                "0001111111": 1,
                "1011000000": 1,
                "0111110011": 4,
                "1111000011": 1,
                "1010000010": 1,
                "1101000011": 1,
                "0010000100": 1,
                "0011110001": 2,
                "1001100000": 1,
                "0111101110": 3,
                "1001111011": 1,
                "0011110011": 3,
                "1011111110": 1,
                "0111100111": 8,
                "1110000010": 1,
                "1011100101": 1,
                "1110101001": 1,
                "0111100010": 1,
                "1011100010": 4,
                "0111110010": 2,
                "0011100001": 5,
                "0011100010": 5,
                "0100010001": 1,
                "0110101100": 1,
                "0111100011": 5,
                "0111111011": 1,
                "0111011110": 1,
                "1011100011": 5,
                "0101001010": 1,
                "0010000110": 1,
                "0110000100": 2,
                "0111100110": 5,
                "0011111011": 1,
                "1110100110": 1,
                "0011100011": 5,
                "1100001001": 1,
                "0001100101": 1,
                "1000010000": 1,
                "1110110101": 2,
                "0001101110": 1,
                "1010010101": 1,
                "1110010011": 1,
                "0011110010": 5,
                "1010011000": 1,
                "1100111000": 1
            },
            true,
            0.2
        ],
        [
            [
                [
                    5,
                    -8,
                    -4
                ],
                [
                    -1,
                    10,
                    9
                ],
                [
                    -1,
                    -2,
                    -10
                ],
                [
                    -10,
                    -2,
                    8
                ],
                [
                    -8,
                    -10,
                    -3
                ],
                [
                    1,
                    6,
                    5
                ],
                [
                    -6,
                    2,
                    -7
                ],
                [
                    -6,
                    -5,
                    -2
                ],
                [
                    -10,
                    -5,
                    -8
                ],
                [
                    -10,
                    -5,
                    -2
                ],
                [
                    -7,
                    -5,
                    9
                ],
                [
                    -9,
                    -6,
                    2
                ],
                [
                    9,
                    10,
                    -7
                ],
                [
                    10,
                    -9,
                    2
                ],
                [
                    10,
                    -8,
                    4
                ],
                [
                    -2,
                    1,
                    -4
                ],
                [
                    -9,
                    5,
                    4
                ],
                [
                    3,
                    9,
                    -2
                ],
                [
                    -10,
                    1,
                    3
                ],
                [
                    4,
                    -6,
                    -9
                ],
                [
                    9,
                    -1,
                    10
                ],
                [
                    -6,
                    1,
                    3
                ],
                [
                    -1,
                    -9,
                    -5
                ],
                [
                    -3,
                    9,
                    1
                ],
                [
                    -10,
                    -2,
                    -1
                ],
                [
                    -9,
                    3,
                    -1
                ],
                [
                    -7,
                    -1,
                    -2
                ],
                [
                    -4,
                    2,
                    -7
                ],
                [
                    3,
                    5,
                    4
                ],
                [
                    7,
                    -1,
                    10
                ],
                [
                    8,
                    -6,
                    2
                ],
                [
                    -10,
                    1,
                    -8
                ],
                [
                    -10,
                    -6,
                    -8
                ],
                [
                    3,
                    -7,
                    9
                ],
                [
                    3,
                    -9,
                    10
                ],
                [
                    -2,
                    7,
                    -4
                ],
                [
                    6,
                    -4,
                    8
                ],
                [
                    -4,
                    10,
                    8
                ],
                [
                    8,
                    -6,
                    10
                ],
                [
                    -2,
                    1,
                    -10
                ],
                [
                    -6,
                    10,
                    9
                ],
                [
                    -5,
                    2,
                    -6
                ],
                [
                    -8,
                    7,
                    4
                ],
                [
                    -5,
                    -3,
                    6
                ],
                [
                    8,
                    10,
                    1
                ]
            ],
            "{   'fun': 0.98,\n    'jac': None,\n    'nfev': 43,\n    'nit': None,\n    'njev': None,\n    'x': array([0.67701236, 0.36018631, 1.28416941, 1.14167514])}",
            {
                "1000101010": 1,
                "0100110001": 1,
                "1000011100": 1,
                "1011111001": 1,
                "0010010110": 1,
                "0000111101": 1,
                "1111101000": 1,
                "1010010110": 1,
                "0001101010": 1,
                "1000010010": 1,
                "0001010001": 1,
                "1100010101": 1,
                "1111110010": 1,
                "0011011110": 1,
                "1100000101": 1,
                "0110110100": 1,
                "1010000010": 1,
                "0010101100": 1,
                "1100101000": 1,
                "0010111100": 1,
                "1100010011": 1,
                "1011110001": 1,
                "0111011111": 1,
                "0000000001": 1,
                "1010000101": 1,
                "1011111111": 1,
                "0000101000": 1,
                "0011000010": 1,
                "0010011101": 1,
                "0100001101": 1,
                "0110000110": 1,
                "0100101100": 1,
                "0010000010": 1,
                "1110001000": 1,
                "0100110010": 1,
                "1011100001": 1,
                "1101100000": 1,
                "0011011100": 1,
                "0010001010": 1,
                "1110010101": 1,
                "1011110110": 1,
                "1000111101": 1,
                "1011111100": 1,
                "0010001110": 1,
                "1111000100": 1,
                "1110111101": 1,
                "0110110010": 1,
                "0111100110": 1,
                "0011110110": 2,
                "0110010011": 1,
                "1111101010": 1,
                "1101011111": 2,
                "0000000110": 1,
                "1100101100": 1,
                "0011010101": 1,
                "1001100001": 1,
                "1111001111": 2,
                "0101010100": 1,
                "1000001000": 2,
                "1001001111": 1,
                "1010010101": 1,
                "0011110000": 1,
                "1010001000": 1,
                "1010101100": 1,
                "0111110010": 1,
                "0100010000": 1,
                "1010101001": 1,
                "0001000001": 1,
                "1111101110": 1,
                "1110110000": 1,
                "0000100100": 2,
                "0101110000": 1,
                "0111010101": 1,
                "0101011010": 1,
                "0001010101": 1,
                "1110001111": 1,
                "1100100000": 2,
                "0101010011": 1,
                "1111101101": 1,
                "1110110011": 1,
                "0100000111": 1,
                "0011110101": 1,
                "1100111000": 1,
                "1111111100": 1,
                "0001110111": 1,
                "1111111010": 1,
                "1010011110": 1,
                "1011010111": 1,
                "1010110011": 1,
                "0101101101": 1,
                "0100001001": 1,
                "0000110101": 1,
                "1100101001": 1,
                "1011011101": 1
            },
            true,
            0.95
        ],
        [
            [
                [
                    -4,
                    -8,
                    6
                ],
                [
                    7,
                    10,
                    -4
                ],
                [
                    -9,
                    7,
                    -3
                ],
                [
                    7,
                    -6,
                    -3
                ],
                [
                    7,
                    9,
                    -3
                ],
                [
                    -9,
                    8,
                    1
                ],
                [
                    4,
                    -7,
                    1
                ],
                [
                    9,
                    5,
                    7
                ],
                [
                    5,
                    10,
                    3
                ],
                [
                    9,
                    7,
                    -3
                ],
                [
                    4,
                    -3,
                    -10
                ],
                [
                    6,
                    -9,
                    -4
                ],
                [
                    -2,
                    6,
                    8
                ],
                [
                    -7,
                    6,
                    2
                ],
                [
                    -6,
                    5,
                    -10
                ],
                [
                    -8,
                    -4,
                    1
                ],
                [
                    -9,
                    -10,
                    8
                ],
                [
                    2,
                    -1,
                    4
                ],
                [
                    9,
                    6,
                    2
                ],
                [
                    5,
                    8,
                    -7
                ],
                [
                    10,
                    8,
                    -6
                ],
                [
                    3,
                    -1,
                    -6
                ],
                [
                    -1,
                    -5,
                    4
                ],
                [
                    -3,
                    8,
                    -2
                ],
                [
                    -8,
                    2,
                    -4
                ],
                [
                    -8,
                    9,
                    -5
                ],
                [
                    -1,
                    -9,
                    3
                ],
                [
                    -6,
                    -3,
                    5
                ],
                [
                    7,
                    8,
                    -5
                ],
                [
                    -8,
                    -2,
                    6
                ],
                [
                    -9,
                    2,
                    7
                ],
                [
                    10,
                    8,
                    -2
                ],
                [
                    -9,
                    4,
                    -7
                ],
                [
                    1,
                    5,
                    9
                ],
                [
                    7,
                    -10,
                    -8
                ],
                [
                    -4,
                    3,
                    -2
                ],
                [
                    2,
                    4,
                    -8
                ],
                [
                    8,
                    4,
                    -5
                ],
                [
                    3,
                    2,
                    8
                ],
                [
                    -3,
                    8,
                    -9
                ],
                [
                    -6,
                    -10,
                    3
                ],
                [
                    -10,
                    -8,
                    6
                ],
                [
                    -6,
                    -9,
                    1
                ],
                [
                    -3,
                    -5,
                    -10
                ],
                [
                    -5,
                    7,
                    10
                ]
            ],
            "{   'fun': 1.0,\n    'jac': None,\n    'nfev': 43,\n    'nit': None,\n    'njev': None,\n    'x': array([0.261118  , 1.11015441, 0.81708152, 4.07642836])}",
            {
                "0111111111": 1,
                "0100000010": 1,
                "0100001100": 1,
                "1111111000": 1,
                "1100000000": 1,
                "1011101110": 1,
                "0001011011": 1,
                "1111010000": 1,
                "1110011000": 1,
                "1010100110": 1,
                "1110000100": 1,
                "0010100011": 1,
                "1111100011": 1,
                "1010110111": 1,
                "1101010000": 1,
                "1000001000": 1,
                "0101101010": 1,
                "0010111011": 1,
                "1010000010": 1,
                "1111110000": 1,
                "1011010100": 1,
                "1011011001": 1,
                "1000101110": 1,
                "1110011100": 1,
                "0101000110": 1,
                "1001000001": 1,
                "0101110010": 1,
                "0010100101": 1,
                "0011000010": 1,
                "0011100000": 1,
                "0010101000": 1,
                "1001110011": 1,
                "0001001010": 1,
                "0110001110": 1,
                "0000100111": 1,
                "1110111001": 1,
                "1111111101": 1,
                "1101001111": 2,
                "1111101110": 1,
                "0110111000": 1,
                "0000010010": 1,
                "0010101010": 1,
                "1010000100": 2,
                "1101110010": 1,
                "1111111011": 1,
                "1101000111": 1,
                "0001101001": 1,
                "1111100110": 1,
                "0000001001": 1,
                "1000011011": 1,
                "0110011010": 1,
                "0011010101": 1,
                "1001000110": 1,
                "1110101001": 2,
                "0010111000": 1,
                "0010100010": 1,
                "0101011011": 1,
                "0100010001": 1,
                "0010010001": 1,
                "0010001111": 1,
                "1111110010": 2,
                "0001001110": 1,
                "0010101100": 1,
                "1001011001": 1,
                "0010001110": 1,
                "1101101100": 1,
                "0101001100": 1,
                "1001011111": 1,
                "1000000110": 1,
                "0101010011": 1,
                "0101101001": 1,
                "1100110110": 1,
                "0110110001": 1,
                "0000101100": 1,
                "0000101010": 1,
                "1100011110": 1,
                "1101010100": 1,
                "0100000110": 1,
                "0110111111": 1,
                "0001110011": 2,
                "1111001001": 1,
                "0000000101": 1,
                "1010111100": 1,
                "0010010000": 1,
                "1001000010": 1,
                "1001001101": 1,
                "1101001010": 1,
                "0011001001": 1,
                "0000011110": 1,
                "0110010111": 1,
                "1001100011": 2,
                "1001111000": 1,
                "1110110001": 1,
                "1000001010": 1
            },
            false,
            0.96
        ]
    ]
}