{
    "n": 10,
    "m": 45,
    "results": [
        [
            [
                [
                    8,
                    -1,
                    9
                ],
                [
                    10,
                    3,
                    6
                ],
                [
                    -10,
                    -8,
                    -4
                ],
                [
                    -7,
                    -9,
                    3
                ],
                [
                    5,
                    -9,
                    10
                ],
                [
                    1,
                    8,
                    2
                ],
                [
                    6,
                    8,
                    1
                ],
                [
                    2,
                    -5,
                    -8
                ],
                [
                    4,
                    1,
                    -3
                ],
                [
                    6,
                    9,
                    7
                ],
                [
                    6,
                    -10,
                    7
                ],
                [
                    3,
                    2,
                    -8
                ],
                [
                    -3,
                    7,
                    5
                ],
                [
                    -2,
                    -7,
                    -1
                ],
                [
                    6,
                    1,
                    -4
                ],
                [
                    6,
                    -4,
                    2
                ],
                [
                    5,
                    -6,
                    9
                ],
                [
                    -1,
                    8,
                    7
                ],
                [
                    -7,
                    -8,
                    -3
                ],
                [
                    -9,
                    -2,
                    -6
                ],
                [
                    6,
                    7,
                    -3
                ],
                [
                    -1,
                    3,
                    5
                ],
                [
                    3,
                    10,
                    -4
                ],
                [
                    10,
                    6,
                    3
                ],
                [
                    4,
                    -5,
                    1
                ],
                [
                    2,
                    -10,
                    8
                ],
                [
                    -4,
                    5,
                    -10
                ],
                [
                    2,
                    -4,
                    6
                ],
                [
                    4,
                    6,
                    2
                ],
                [
                    10,
                    6,
                    8
                ],
                [
                    -2,
                    -4,
                    -8
                ],
                [
                    1,
                    -5,
                    -7
                ],
                [
                    7,
                    -1,
                    3
                ],
                [
                    4,
                    6,
                    7
                ],
                [
                    2,
                    -4,
                    8
                ],
                [
                    2,
                    9,
                    -1
                ],
                [
                    -10,
                    4,
                    -7
                ],
                [
                    4,
                    -9,
                    2
                ],
                [
                    -5,
                    -9,
                    3
                ],
                [
                    -6,
                    1,
                    9
                ],
                [
                    -3,
                    9,
                    -8
                ],
                [
                    -5,
                    -6,
                    -1
                ],
                [
                    -10,
                    -7,
                    5
                ],
                [
                    -6,
                    -9,
                    -8
                ],
                [
                    3,
                    8,
                    10
                ]
            ],
            "{   'fun': 1.0,\n    'jac': None,\n    'nfev': 25,\n    'nit': None,\n    'njev': None,\n    'x': array([1.81635824, 0.49481195, 0.25664215, 0.60299632])}",
            {
                "0010111000": 1,
                "0111011110": 1,
                "1010010010": 1,
                "1100100101": 1,
                "0010001010": 1,
                "1100100000": 1,
                "0011100101": 1,
                "0011111001": 1,
                "1101111101": 1,
                "1101111010": 1,
                "1101110000": 1,
                "1000100101": 1,
                "0101111010": 1,
                "0110110110": 1,
                "1001011111": 1,
                "1000110110": 1,
                "0110011100": 1,
                "0110100011": 1,
                "0010000011": 1,
                "0010100100": 1,
                "1111011101": 1,
                "1111011000": 1,
                "1100110001": 1,
                "0000010011": 1,
                "1010010100": 1,
                "0011010011": 1,
                "0110100100": 1,
                "1111100001": 1,
                "0100100101": 1,
                "1010110010": 1,
                "1010010001": 1,
                "1001001101": 1,
                "1101001110": 1,
                "1010101010": 1,
                "0111000110": 1,
                "0110010100": 1,
                "1111101100": 1,
                "1001011000": 1,
                "0111011011": 1,
                "1001010010": 1,
                "1011111110": 1,
                "1111000101": 1,
                "0010000001": 1,
                "1000011110": 1,
                "1011100001": 1,
                "0011001110": 1,
                "1110101000": 1,
                "0111111001": 1,
                "0010101000": 1,
                "0101111000": 1,
                "1000001000": 1,
                "1100011011": 1,
                "1111100111": 2,
                "1110111101": 1,
                "1000110100": 1,
                "0100110001": 2,
                "0001110001": 1,
                "1101100100": 1,
                "0101011101": 1,
                "0001001000": 1,
                "0110101010": 1,
                "0011001111": 1,
                "1110100110": 1,
                "1001110010": 1,
                "1000111010": 2,
                "1100001110": 1,
                "0101111111": 1,
                "0001110110": 1,
                "1110000110": 1,
                "1111001011": 1,
                "0010111011": 1,
                "0010000000": 1,
                "1000101110": 1,
                "0101101010": 1,
                "0000010101": 1,
                "0101100010": 1,
                "1000011011": 1,
                "1010111001": 1,
                "1001110001": 1,
                "1010110000": 1,
                "1111110001": 1,
                "0110000001": 1,
                "1101011110": 1,
                "1010100011": 1,
                "0111000101": 1,
                "0010110001": 1,
                "1010000110": 1,
                "1110001100": 1,
                "0011101101": 1,
                "0110001111": 2,
                "1011011110": 1,
                "0001101101": 1,
                "1111000111": 1,
                "1111010011": 1,
                "0010010110": 1,
                "1001010001": 1
            },
            false,
            1.0
        ],
        [
            [
                [
                    3,
                    5,
                    10
                ],
                [
                    2,
                    -9,
                    -10
                ],
                [
                    -8,
                    3,
                    -7
                ],
                [
                    6,
                    -8,
                    -9
                ],
                [
                    -1,
                    -3,
                    -2
                ],
                [
                    -7,
                    -5,
                    9
                ],
                [
                    -5,
                    4,
                    -3
                ],
                [
                    -1,
                    -6,
                    -2
                ],
                [
                    -4,
                    -1,
                    7
                ],
                [
                    8,
                    -3,
                    -7
                ],
                [
                    -9,
                    2,
                    -4
                ],
                [
                    -5,
                    -10,
                    -1
                ],
                [
                    10,
                    5,
                    2
                ],
                [
                    -5,
                    -10,
                    -8
                ],
                [
                    -8,
                    -2,
                    1
                ],
                [
                    8,
                    4,
                    -2
                ],
                [
                    -5,
                    -2,
                    -1
                ],
                [
                    -4,
                    9,
                    8
                ],
                [
                    -2,
                    -7,
                    8
                ],
                [
                    6,
                    4,
                    7
                ],
                [
                    -10,
                    -2,
                    -4
                ],
                [
                    -10,
                    -4,
                    -7
                ],
                [
                    7,
                    -5,
                    4
                ],
                [
                    5,
                    7,
                    -1
                ],
                [
                    2,
                    9,
                    3
                ],
                [
                    -6,
                    -1,
                    -10
                ],
                [
                    -6,
                    8,
                    -2
                ],
                [
                    -7,
                    -4,
                    5
                ],
                [
                    2,
                    -6,
                    -3
                ],
                [
                    8,
                    -4,
                    7
                ],
                [
                    9,
                    -6,
                    7
                ],
                [
                    8,
                    5,
                    -4
                ],
                [
                    -3,
                    5,
                    -1
                ],
                [
                    7,
                    8,
                    1
                ],
                [
                    -2,
                    -10,
                    -5
                ],
                [
                    7,
                    -2,
                    -10
                ],
                [
                    7,
                    -4,
                    8
                ],
                [
                    9,
                    5,
                    3
                ],
                [
                    -3,
                    7,
                    -5
                ],
                [
                    9,
                    -2,
                    -6
                ],
                [
                    -2,
                    -3,
                    5
                ],
                [
                    -4,
                    -7,
                    -1
                ],
                [
                    -7,
                    -4,
                    3
                ],
                [
                    2,
                    -7,
                    9
                ],
                [
                    -4,
                    9,
                    -6
                ]
            ],
            "{   'fun': 0.86,\n    'jac': None,\n    'nfev': 47,\n    'nit': None,\n    'njev': None,\n    'x': array([ 1.9380172 , -0.80840732,  1.56037576,  3.0733265 ])}",
            {
                "0011100000": 1,
                "1111100100": 1,
                "0001111000": 1,
                "1000010010": 1,
                "0111001111": 1,
                "0111011110": 1,
                "1100111011": 1,
                "0101110101": 1,
                "1111010111": 1,
                "0100100101": 1,
                "1101000001": 1,
                "0110111111": 1,
                "0111000100": 1,
                "0000000001": 1,
                "1010011101": 1,
                "0011111100": 1,
                "0001111001": 1,
                "0001110110": 1,
                "0110000110": 1,
                "1000100001": 1,
                "0001100100": 1,
                "1110101010": 2,
                "1101110100": 1,
                "0110001000": 1,
                "0101011010": 1,
                "0110101100": 1,
                "0101110001": 3,
                "1000110111": 1,
                "1101101010": 2,
                "0111111000": 1,
                "0101110000": 3,
                "0000100000": 1,
                "0111101101": 1,
                "0101101110": 1,
                "0100101000": 1,
                "0011010101": 1,
                "1010000000": 1,
                "1001010100": 1,
                "0101011100": 1,
                "1110100000": 1,
                "0110111010": 1,
                "1000101001": 1,
                "1000011110": 1,
                "1011111110": 1,
                "0010111011": 1,
                "1001111001": 1,
                "0011001110": 1,
                "1000011101": 1,
                "1010000111": 1,
                "0010100110": 1,
                "0110111101": 1,
                "0101111110": 1,
                "1100000010": 1,
                "1001010111": 1,
                "1110110100": 1,
                "0010110011": 2,
                "1100000101": 1,
                "1000010000": 1,
                "1111110001": 1,
                "1101011110": 1,
                "1111001000": 1,
                "0001101010": 1,
                "0000011011": 1,
                "0101100110": 1,
                "0101010001": 1,
                "0101010000": 2,
                "0010001011": 1,
                "0010100000": 1,
                "1011110001": 1,
                "1111001011": 1,
                "1010100000": 1,
                "1101110101": 1,
                "1010001100": 3,
                "0001111100": 1,
                "1110010111": 1,
                "1110001100": 1,
                "1010011001": 1,
                "1111010000": 1,
                "1000110100": 1,
                "0010101111": 1,
                "1100001110": 1,
                "1001111100": 1,
                "0010110111": 1,
                "1010100110": 1,
                "1100100100": 1,
                "1000100011": 1,
                "0000010100": 1,
                "0011110100": 1,
                "1001110001": 1,
                "0001110010": 1
            },
            true,
            0.73
        ],
        [
            [
                [
                    -5,
                    4,
                    -10
                ],
                [
                    -7,
                    -9,
                    -6
                ],
                [
                    -8,
                    9,
                    -1
                ],
                [
                    4,
                    6,
                    -1
                ],
                [
                    3,
                    -6,
                    9
                ],
                [
                    -7,
                    10,
                    2
                ],
                [
                    5,
                    -4,
                    -2
                ],
                [
                    3,
                    -9,
                    10
                ],
                [
                    7,
                    2,
                    8
                ],
                [
                    -2,
                    -8,
                    9
                ],
                [
                    -1,
                    2,
                    3
                ],
                [
                    4,
                    7,
                    1
                ],
                [
                    7,
                    5,
                    10
                ],
                [
                    -5,
                    6,
                    -3
                ],
                [
                    -2,
                    -9,
                    7
                ],
                [
                    3,
                    -5,
                    -2
                ],
                [
                    1,
                    -5,
                    -4
                ],
                [
                    -3,
                    9,
                    -4
                ],
                [
                    4,
                    -3,
                    -10
                ],
                [
                    -2,
                    1,
                    8
                ],
                [
                    -6,
                    -8,
                    -7
                ],
                [
                    -10,
                    -4,
                    3
                ],
                [
                    -1,
                    10,
                    2
                ],
                [
                    8,
                    -7,
                    6
                ],
                [
                    -10,
                    7,
                    4
                ],
                [
                    8,
                    6,
                    -7
                ],
                [
                    -7,
                    -6,
                    -1
                ],
                [
                    8,
                    9,
                    6
                ],
                [
                    2,
                    6,
                    -10
                ],
                [
                    -3,
                    2,
                    -1
                ],
                [
                    7,
                    9,
                    5
                ],
                [
                    -10,
                    3,
                    5
                ],
                [
                    2,
                    -10,
                    -8
                ],
                [
                    6,
                    3,
                    -10
                ],
                [
                    3,
                    -9,
                    -1
                ],
                [
                    -2,
                    -6,
                    -10
                ],
                [
                    -9,
                    -8,
                    -2
                ],
                [
                    -5,
                    -8,
                    6
                ],
                [
                    6,
                    5,
                    -1
                ],
                [
                    4,
                    9,
                    10
                ],
                [
                    2,
                    10,
                    3
                ],
                [
                    -4,
                    -1,
                    -6
                ],
                [
                    -3,
                    7,
                    -5
                ],
                [
                    5,
                    -10,
                    -2
                ],
                [
                    9,
                    -8,
                    -10
                ]
            ],
            "{   'fun': 1.0,\n    'jac': None,\n    'nfev': 25,\n    'nit': None,\n    'njev': None,\n    'x': array([1.20550453, 0.72007837, 1.89708972, 1.36126478])}",
            {
                "0111100001": 1,
                "1001000100": 1,
                "1111111001": 1,
                "0100101111": 1,
                "0110101011": 1,
                "0001100010": 1,
                "0111110101": 1,
                "0110001010": 1,
                "0111110001": 1,
                "0000011000": 1,
                "0000111010": 1,
                "1011011001": 1,
                "1111100101": 1,
                "1000111100": 1,
                "1010100111": 1,
                "0101011101": 1,
                "0010110000": 1,
                "0110101010": 1,
                "1111011000": 1,
                "1010111000": 1,
                "0110111010": 1,
                "1011110001": 1,
                "0011001100": 1,
                "0000100100": 1,
                "1111111101": 1,
                "1000100001": 1,
                "1001101100": 1,
                "1101111000": 1,
                "0000101101": 1,
                "0000100111": 1,
                "0010010011": 1,
                "0110001110": 1,
                "1100001101": 1,
                "0111111111": 1,
                "0001011111": 1,
                "0011111000": 1,
                "1111001011": 1,
                "1101001001": 1,
                "1100001100": 1,
                "0100000100": 1,
                "0000110100": 1,
                "1110010101": 1,
                "1011101111": 1,
                "1101111001": 1,
                "0110101101": 1,
                "1011001011": 1,
                "0001001100": 1,
                "0001101110": 1,
                "1111011111": 1,
                "1010100110": 1,
                "0100110001": 1,
                "0100111010": 1,
                "1111100000": 1,
                "1101100001": 1,
                "1000001000": 1,
                "1110010001": 1,
                "1111011010": 1,
                "1101111101": 1,
                "1100010001": 1,
                "1110111111": 1,
                "1000110010": 2,
                "1101111110": 1,
                "0110001111": 1,
                "0110011111": 1,
                "1000111001": 1,
                "0010011011": 1,
                "0100111101": 1,
                "0110100001": 1,
                "0110110100": 1,
                "0010110011": 1,
                "1000000011": 1,
                "1111111011": 1,
                "0100010100": 1,
                "0010111000": 1,
                "1111101010": 1,
                "0000101011": 1,
                "1100111000": 1,
                "0010110110": 1,
                "1100111010": 1,
                "0010110100": 1,
                "0101011010": 1,
                "0110000001": 1,
                "1111000101": 1,
                "0000100101": 1,
                "0111111011": 1,
                "1100011010": 1,
                "0010111110": 1,
                "0010101001": 1,
                "0000010110": 1,
                "1111010110": 1,
                "0101100000": 1,
                "1001010100": 1,
                "1010000000": 1,
                "0011100100": 2,
                "1101011011": 1,
                "1010100011": 1,
                "0001010011": 1,
                "1001111001": 1
            },
            false,
            1.0
        ],
        [
            [
                [
                    4,
                    -8,
                    2
                ],
                [
                    -8,
                    -6,
                    1
                ],
                [
                    -8,
                    4,
                    -5
                ],
                [
                    1,
                    -2,
                    -3
                ],
                [
                    -1,
                    4,
                    8
                ],
                [
                    6,
                    -10,
                    -8
                ],
                [
                    -6,
                    -8,
                    9
                ],
                [
                    7,
                    5,
                    8
                ],
                [
                    10,
                    6,
                    -8
                ],
                [
                    -2,
                    10,
                    5
                ],
                [
                    -6,
                    10,
                    -3
                ],
                [
                    -4,
                    -6,
                    -7
                ],
                [
                    4,
                    -7,
                    -8
                ],
                [
                    -9,
                    7,
                    6
                ],
                [
                    -7,
                    1,
                    4
                ],
                [
                    -4,
                    6,
                    -9
                ],
                [
                    2,
                    -3,
                    -8
                ],
                [
                    -2,
                    3,
                    -9
                ],
                [
                    -8,
                    -5,
                    2
                ],
                [
                    -7,
                    4,
                    6
                ],
                [
                    1,
                    -3,
                    10
                ],
                [
                    -4,
                    5,
                    7
                ],
                [
                    -4,
                    5,
                    1
                ],
                [
                    -4,
                    -3,
                    9
                ],
                [
                    10,
                    9,
                    -8
                ],
                [
                    -5,
                    -6,
                    -9
                ],
                [
                    10,
                    1,
                    -5
                ],
                [
                    -8,
                    -5,
                    1
                ],
                [
                    8,
                    -6,
                    -1
                ],
                [
                    5,
                    -9,
                    6
                ],
                [
                    -9,
                    8,
                    2
                ],
                [
                    7,
                    -2,
                    3
                ],
                [
                    -6,
                    -7,
                    -2
                ],
                [
                    -7,
                    -3,
                    -5
                ],
                [
                    10,
                    3,
                    7
                ],
                [
                    -8,
                    5,
                    10
                ],
                [
                    7,
                    9,
                    -10
                ],
                [
                    1,
                    -8,
                    -7
                ],
                [
                    9,
                    -7,
                    -8
                ],
                [
                    -3,
                    7,
                    8
                ],
                [
                    -8,
                    -10,
                    -5
                ],
                [
                    -9,
                    -3,
                    -10
                ],
                [
                    -9,
                    -7,
                    -1
                ],
                [
                    -6,
                    -2,
                    -1
                ],
                [
                    -8,
                    -2,
                    10
                ]
            ],
            "{   'fun': 0.88,\n    'jac': None,\n    'nfev': 52,\n    'nit': None,\n    'njev': None,\n    'x': array([2.79816599, 0.27869588, 0.83774854, 1.03157518])}",
            {
                "0011001010": 1,
                "1111111010": 1,
                "1100111011": 1,
                "0010011111": 1,
                "1001010001": 1,
                "0110101110": 1,
                "0010101010": 1,
                "1011100110": 1,
                "1000000001": 1,
                "1011001010": 1,
                "1001011000": 1,
                "1001001011": 1,
                "1100111110": 1,
                "1010001110": 1,
                "0101000101": 1,
                "0001100101": 1,
                "1101100000": 1,
                "0001011100": 1,
                "0011000011": 1,
                "0111101001": 1,
                "1011000010": 1,
                "1110101110": 1,
                "1001011001": 1,
                "0100111010": 1,
                "1010100100": 1,
                "1001011011": 1,
                "1010011101": 1,
                "0101101010": 1,
                "1001100010": 1,
                "0011110001": 1,
                "0010100001": 1,
                "0100010111": 1,
                "1001001001": 1,
                "0101011010": 1,
                "0011011001": 1,
                "1111011001": 1,
                "1111111110": 1,
                "0110001001": 1,
                "1000000101": 1,
                "0010111010": 1,
                "1111011000": 1,
                "0011010100": 1,
                "0000100010": 1,
                "0001011011": 1,
                "1100000101": 1,
                "0110110111": 1,
                "1000010101": 1,
                "1010101111": 1,
                "1000001000": 1,
                "0010101011": 1,
                "1110000011": 1,
                "1011011011": 1,
                "1101001001": 1,
                "0001101110": 1,
                "1100101001": 2,
                "1111001110": 1,
                "0011011000": 1,
                "1001101000": 1,
                "0100111110": 1,
                "1111100100": 1,
                "1001011100": 1,
                "1101000111": 1,
                "1101101010": 1,
                "1101000010": 1,
                "0001011010": 1,
                "1100010010": 1,
                "0110011000": 1,
                "1000011110": 1,
                "0000001100": 1,
                "1111010100": 1,
                "0000001110": 1,
                "1100100101": 1,
                "0101010111": 1,
                "1001110111": 2,
                "0001111100": 1,
                "1111101001": 1,
                "1010010000": 1,
                "1011111001": 1,
                "0110000111": 1,
                "0110011101": 1,
                "1101111101": 1,
                "0011110111": 1,
                "0101011011": 1,
                "0101010100": 1,
                "1010001011": 2,
                "1011111000": 1,
                "1110111110": 1,
                "1101101011": 1,
                "0111110111": 1,
                "1100000010": 1,
                "1010010011": 1,
                "0100011000": 1,
                "0010110110": 1,
                "0101111010": 1,
                "1111001100": 2,
                "1111111000": 1
            },
            true,
            0.81
        ],
        [
            [
                [
                    -8,
                    3,
                    7
                ],
                [
                    6,
                    -9,
                    -8
                ],
                [
                    -2,
                    -6,
                    7
                ],
                [
                    -6,
                    9,
                    -10
                ],
                [
                    9,
                    -8,
                    5
                ],
                [
                    9,
                    -4,
                    -6
                ],
                [
                    -1,
                    -2,
                    -4
                ],
                [
                    9,
                    5,
                    -1
                ],
                [
                    4,
                    -2,
                    9
                ],
                [
                    1,
                    6,
                    10
                ],
                [
                    -5,
                    -7,
                    10
                ],
                [
                    8,
                    -9,
                    1
                ],
                [
                    -3,
                    -10,
                    -6
                ],
                [
                    3,
                    4,
                    -1
                ],
                [
                    10,
                    9,
                    -5
                ],
                [
                    -8,
                    6,
                    -5
                ],
                [
                    4,
                    -9,
                    6
                ],
                [
                    -8,
                    1,
                    2
                ],
                [
                    -1,
                    3,
                    10
                ],
                [
                    -4,
                    2,
                    -8
                ],
                [
                    5,
                    7,
                    10
                ],
                [
                    -4,
                    1,
                    3
                ],
                [
                    4,
                    2,
                    -7
                ],
                [
                    3,
                    6,
                    10
                ],
                [
                    2,
                    -8,
                    -1
                ],
                [
                    7,
                    -2,
                    -8
                ],
                [
                    3,
                    -9,
                    4
                ],
                [
                    -3,
                    9,
                    -4
                ],
                [
                    -10,
                    7,
                    3
                ],
                [
                    6,
                    -3,
                    -9
                ],
                [
                    4,
                    -10,
                    5
                ],
                [
                    -3,
                    -7,
                    4
                ],
                [
                    6,
                    -7,
                    5
                ],
                [
                    -1,
                    -9,
                    8
                ],
                [
                    -1,
                    -3,
                    6
                ],
                [
                    7,
                    3,
                    10
                ],
                [
                    -6,
                    5,
                    9
                ],
                [
                    8,
                    -1,
                    3
                ],
                [
                    -9,
                    -1,
                    -3
                ],
                [
                    8,
                    -2,
                    -6
                ],
                [
                    -10,
                    -5,
                    -2
                ],
                [
                    -9,
                    -1,
                    -7
                ],
                [
                    -4,
                    -2,
                    -1
                ],
                [
                    -3,
                    6,
                    -5
                ],
                [
                    4,
                    6,
                    10
                ]
            ],
            "{   'fun': 0.97,\n    'jac': None,\n    'nfev': 45,\n    'nit': None,\n    'njev': None,\n    'x': array([1.06208703, 0.87541019, 0.95820979, 3.0554208 ])}",
            {
                "0100100000": 1,
                "1000101011": 1,
                "1000101001": 1,
                "1100011101": 1,
                "0101100010": 1,
                "1110000011": 1,
                "0111111101": 1,
                "1100101111": 1,
                "0110000110": 1,
                "0111101110": 1,
                "1110011110": 1,
                "1010011000": 1,
                "0111110100": 1,
                "1010011110": 1,
                "0111011011": 1,
                "1011111001": 1,
                "1111101010": 1,
                "0101000100": 1,
                "0000001000": 1,
                "1011000111": 1,
                "0010000011": 1,
                "1011010001": 1,
                "1101101110": 1,
                "0011100000": 1,
                "1000110101": 1,
                "1011001100": 1,
                "0001111111": 1,
                "0101010100": 1,
                "0101000111": 1,
                "0101101100": 1,
                "1111100000": 1,
                "0011010110": 1,
                "0101001010": 1,
                "0000110011": 1,
                "1101110001": 1,
                "1000001001": 1,
                "0100011111": 1,
                "0111010001": 1,
                "1111110110": 1,
                "1101110110": 1,
                "1011110111": 1,
                "1111110111": 1,
                "0011100111": 1,
                "1000000001": 1,
                "0100111100": 1,
                "1110100011": 1,
                "1001000011": 1,
                "1110000100": 1,
                "0110000111": 1,
                "1000111010": 1,
                "1100010100": 1,
                "0001010011": 1,
                "0110011001": 1,
                "0011010001": 1,
                "0101100101": 1,
                "1111011011": 1,
                "0111010111": 1,
                "0010111111": 1,
                "0101011011": 1,
                "0111011001": 2,
                "0111000010": 1,
                "0001011100": 1,
                "0010100010": 1,
                "1100100110": 1,
                "1111101100": 1,
                "0101100001": 1,
                "1010000000": 1,
                "0011100100": 1,
                "1000000111": 1,
                "1001100000": 1,
                "0001101001": 1,
                "1010010110": 2,
                "1101111110": 1,
                "0110001111": 1,
                "1001000111": 1,
                "1100111010": 1,
                "0000101101": 1,
                "0000101011": 1,
                "1011101000": 1,
                "1101110011": 1,
                "1101110111": 1,
                "1010110000": 1,
                "1010001000": 1,
                "1001100110": 1,
                "0000100010": 1,
                "1000101101": 1,
                "1110110111": 1,
                "1111001100": 1,
                "0110110110": 1,
                "0001001001": 1,
                "1000001011": 1,
                "0100111111": 1,
                "1000000011": 1,
                "0000110101": 1,
                "0101011111": 1,
                "0011111010": 1,
                "1010010101": 1,
                "0100001100": 1
            },
            true,
            0.96
        ]
    ]
}