{
    "n": 10,
    "m": 45,
    "results": [
        [
            [
                [
                    -1,
                    6,
                    7
                ],
                [
                    5,
                    -1,
                    10
                ],
                [
                    5,
                    -9,
                    -1
                ],
                [
                    6,
                    -3,
                    5
                ],
                [
                    -3,
                    5,
                    -7
                ],
                [
                    -4,
                    10,
                    7
                ],
                [
                    3,
                    4,
                    -10
                ],
                [
                    -8,
                    9,
                    3
                ],
                [
                    2,
                    8,
                    7
                ],
                [
                    2,
                    -4,
                    -1
                ],
                [
                    3,
                    -8,
                    -6
                ],
                [
                    8,
                    -7,
                    -10
                ],
                [
                    -4,
                    -1,
                    7
                ],
                [
                    -4,
                    -6,
                    -3
                ],
                [
                    4,
                    7,
                    -9
                ],
                [
                    -3,
                    6,
                    10
                ],
                [
                    -5,
                    -9,
                    -10
                ],
                [
                    9,
                    -6,
                    8
                ],
                [
                    -8,
                    -7,
                    -5
                ],
                [
                    8,
                    -3,
                    7
                ],
                [
                    -3,
                    10,
                    -8
                ],
                [
                    6,
                    -1,
                    -3
                ],
                [
                    -8,
                    -9,
                    2
                ],
                [
                    6,
                    -9,
                    -7
                ],
                [
                    9,
                    7,
                    6
                ],
                [
                    3,
                    6,
                    -7
                ],
                [
                    -4,
                    -7,
                    9
                ],
                [
                    -1,
                    -8,
                    7
                ],
                [
                    3,
                    -6,
                    -9
                ],
                [
                    -5,
                    8,
                    -4
                ],
                [
                    6,
                    -8,
                    9
                ],
                [
                    -5,
                    -9,
                    -6
                ],
                [
                    -4,
                    10,
                    3
                ],
                [
                    -10,
                    9,
                    -8
                ],
                [
                    -3,
                    2,
                    4
                ],
                [
                    7,
                    -6,
                    -10
                ],
                [
                    4,
                    -3,
                    -7
                ],
                [
                    8,
                    1,
                    4
                ],
                [
                    1,
                    -6,
                    -3
                ],
                [
                    -8,
                    9,
                    -2
                ],
                [
                    -4,
                    -3,
                    1
                ],
                [
                    -5,
                    -1,
                    8
                ],
                [
                    -1,
                    -7,
                    -3
                ],
                [
                    -8,
                    9,
                    2
                ],
                [
                    -4,
                    -6,
                    7
                ]
            ],
            "{   'fun': 1.0,\n    'jac': None,\n    'nfev': 200,\n    'nit': 100,\n    'njev': None,\n    'x': array([2.00173426, 0.37435429])}",
            {
                "1110000001": 1,
                "1010110110": 1,
                "1011000001": 1,
                "1001000010": 1,
                "0001000001": 1,
                "0111000101": 1,
                "0100110100": 1,
                "0010111000": 1,
                "0110000100": 1,
                "0011110101": 1,
                "1000101111": 1,
                "1101111111": 1,
                "0100110010": 1,
                "0000101011": 1,
                "0111001001": 1,
                "1100111111": 1,
                "0110001010": 1,
                "1101011000": 1,
                "0100011011": 1,
                "0101111010": 1,
                "0011000010": 1,
                "1001110011": 1,
                "0001110110": 1,
                "1101100000": 1,
                "1110111011": 1,
                "1111111111": 1,
                "1101011101": 1,
                "1111000100": 1,
                "1101111101": 1,
                "1011001000": 1,
                "0101001000": 2,
                "1110000011": 1,
                "1001110000": 1,
                "0101000000": 1,
                "1101111000": 1,
                "1011000111": 1,
                "1111000111": 1,
                "1000000001": 1,
                "0110110000": 2,
                "0100110011": 1,
                "0110101011": 1,
                "0100000001": 1,
                "0001100101": 1,
                "1100111110": 1,
                "0000011010": 1,
                "0000100111": 1,
                "1000100010": 1,
                "1110111001": 1,
                "1000100101": 1,
                "1100100000": 1,
                "1010101110": 2,
                "0011110000": 1,
                "0011011011": 1,
                "1100110000": 1,
                "0010111101": 1,
                "0110001101": 1,
                "1100011111": 2,
                "1011001101": 1,
                "0001110001": 1,
                "1000110100": 1,
                "1101111001": 2,
                "1001001000": 1,
                "1110000110": 2,
                "0110100100": 1,
                "1101000111": 1,
                "0001101001": 1,
                "1010111111": 1,
                "1101110010": 1,
                "0110000110": 1,
                "0011001010": 1,
                "1011001110": 1,
                "0000011011": 2,
                "0111100111": 1,
                "1101101111": 1,
                "0010001101": 1,
                "1011011001": 1,
                "1101101110": 1,
                "0100010110": 1,
                "1011010110": 1,
                "0011101011": 1,
                "1101011011": 1,
                "0011000111": 1,
                "1010001100": 1,
                "0000111001": 2,
                "0000001010": 1,
                "1110101011": 1,
                "0011011000": 1,
                "1001111101": 1,
                "1101100111": 1,
                "1010110100": 1,
                "0101001010": 1,
                "1111011001": 1
            },
            false,
            0.95
        ],
        [
            [
                [
                    7,
                    -3,
                    -1
                ],
                [
                    -3,
                    7,
                    -8
                ],
                [
                    10,
                    -4,
                    -9
                ],
                [
                    10,
                    -5,
                    2
                ],
                [
                    -4,
                    -5,
                    -9
                ],
                [
                    2,
                    8,
                    -9
                ],
                [
                    -4,
                    9,
                    -1
                ],
                [
                    10,
                    -4,
                    -7
                ],
                [
                    2,
                    -1,
                    -4
                ],
                [
                    5,
                    1,
                    -4
                ],
                [
                    9,
                    -6,
                    -5
                ],
                [
                    8,
                    6,
                    4
                ],
                [
                    -2,
                    -1,
                    7
                ],
                [
                    6,
                    -7,
                    2
                ],
                [
                    8,
                    5,
                    7
                ],
                [
                    1,
                    2,
                    4
                ],
                [
                    -5,
                    -9,
                    -8
                ],
                [
                    -1,
                    -10,
                    7
                ],
                [
                    -1,
                    10,
                    8
                ],
                [
                    -8,
                    -7,
                    3
                ],
                [
                    -10,
                    -5,
                    -6
                ],
                [
                    4,
                    -9,
                    -2
                ],
                [
                    -5,
                    -9,
                    -1
                ],
                [
                    -8,
                    3,
                    -9
                ],
                [
                    -10,
                    4,
                    -6
                ],
                [
                    -5,
                    -6,
                    -4
                ],
                [
                    -9,
                    10,
                    8
                ],
                [
                    8,
                    -6,
                    -3
                ],
                [
                    7,
                    6,
                    -3
                ],
                [
                    -10,
                    8,
                    4
                ],
                [
                    -8,
                    -7,
                    1
                ],
                [
                    4,
                    -6,
                    -1
                ],
                [
                    4,
                    1,
                    -7
                ],
                [
                    3,
                    2,
                    10
                ],
                [
                    2,
                    4,
                    8
                ],
                [
                    -8,
                    7,
                    -1
                ],
                [
                    -4,
                    8,
                    6
                ],
                [
                    1,
                    -8,
                    10
                ],
                [
                    -10,
                    8,
                    6
                ],
                [
                    -3,
                    -4,
                    5
                ],
                [
                    2,
                    -10,
                    -3
                ],
                [
                    -10,
                    -5,
                    3
                ],
                [
                    8,
                    -7,
                    1
                ],
                [
                    -3,
                    2,
                    1
                ],
                [
                    -7,
                    -5,
                    1
                ]
            ],
            "{   'fun': 0.99,\n    'jac': None,\n    'nfev': 200,\n    'nit': 100,\n    'njev': None,\n    'x': array([2.58512998, 0.19358603])}",
            {
                "0101001011": 1,
                "0010010100": 1,
                "0011110111": 1,
                "1110011010": 1,
                "0100100000": 1,
                "1100110001": 1,
                "1110010100": 1,
                "1010101111": 1,
                "0001101101": 2,
                "0100101000": 1,
                "1100101000": 1,
                "0001100111": 1,
                "0000111101": 1,
                "1110010010": 1,
                "1011111100": 2,
                "0100110110": 1,
                "0101011011": 1,
                "0100011110": 1,
                "1110000001": 1,
                "0111010111": 1,
                "0011011001": 1,
                "1110011100": 1,
                "1011110001": 1,
                "0111000101": 1,
                "0000101000": 1,
                "1011001010": 1,
                "1011111111": 1,
                "1011000111": 1,
                "0010001100": 1,
                "1010000010": 1,
                "1101000000": 1,
                "0011110001": 1,
                "0101000000": 1,
                "1000011010": 1,
                "0000010100": 1,
                "1011001110": 1,
                "0010010110": 1,
                "1011110111": 1,
                "1101110110": 2,
                "0011101100": 1,
                "1110101111": 1,
                "0011010000": 1,
                "0111111100": 1,
                "0001110110": 1,
                "1001011100": 1,
                "1000100110": 1,
                "0010010011": 1,
                "0011001101": 1,
                "1000001110": 1,
                "1001000111": 1,
                "0101100110": 1,
                "0001101011": 1,
                "1001001000": 3,
                "0001011001": 1,
                "1000011101": 1,
                "1000111000": 1,
                "1010011011": 1,
                "1110001110": 1,
                "0111010101": 1,
                "0100011111": 1,
                "1010111000": 1,
                "0000011011": 1,
                "1100101111": 1,
                "0111011101": 1,
                "0101001010": 1,
                "0100010010": 1,
                "1010110101": 1,
                "0100011101": 1,
                "0010010000": 1,
                "1100111000": 2,
                "0111010010": 1,
                "1011111110": 2,
                "0101001101": 1,
                "0111000111": 1,
                "0001010110": 1,
                "0001000000": 1,
                "1100110000": 1,
                "1100101011": 1,
                "1111111111": 1,
                "0101101011": 1,
                "1101111111": 1,
                "1001110010": 1,
                "0001100110": 1,
                "1100011110": 1,
                "1010101110": 1,
                "1001011101": 1,
                "1111010100": 1,
                "0000000010": 1,
                "0101010011": 1,
                "0001010111": 1,
                "1100001001": 1,
                "0111000110": 1,
                "1101100101": 1
            },
            true,
            0.93
        ],
        [
            [
                [
                    6,
                    -1,
                    5
                ],
                [
                    -9,
                    -3,
                    1
                ],
                [
                    -8,
                    5,
                    -9
                ],
                [
                    -5,
                    -1,
                    7
                ],
                [
                    -6,
                    10,
                    5
                ],
                [
                    2,
                    6,
                    -7
                ],
                [
                    6,
                    -8,
                    4
                ],
                [
                    7,
                    -2,
                    -6
                ],
                [
                    7,
                    6,
                    4
                ],
                [
                    -6,
                    -4,
                    10
                ],
                [
                    -9,
                    -4,
                    6
                ],
                [
                    1,
                    6,
                    7
                ],
                [
                    10,
                    5,
                    -7
                ],
                [
                    -10,
                    8,
                    4
                ],
                [
                    -6,
                    -3,
                    -8
                ],
                [
                    -7,
                    -2,
                    10
                ],
                [
                    -8,
                    -1,
                    5
                ],
                [
                    -2,
                    1,
                    -9
                ],
                [
                    9,
                    10,
                    -8
                ],
                [
                    8,
                    9,
                    -4
                ],
                [
                    5,
                    -4,
                    7
                ],
                [
                    -2,
                    -3,
                    -8
                ],
                [
                    5,
                    7,
                    1
                ],
                [
                    -10,
                    -7,
                    -5
                ],
                [
                    7,
                    1,
                    6
                ],
                [
                    6,
                    5,
                    -8
                ],
                [
                    -2,
                    -1,
                    5
                ],
                [
                    10,
                    -4,
                    -1
                ],
                [
                    9,
                    -1,
                    -8
                ],
                [
                    -6,
                    3,
                    -8
                ],
                [
                    -5,
                    7,
                    -4
                ],
                [
                    -1,
                    10,
                    3
                ],
                [
                    1,
                    -3,
                    6
                ],
                [
                    3,
                    -2,
                    -6
                ],
                [
                    3,
                    1,
                    9
                ],
                [
                    7,
                    -4,
                    1
                ],
                [
                    10,
                    -9,
                    4
                ],
                [
                    10,
                    -9,
                    -5
                ],
                [
                    -8,
                    5,
                    3
                ],
                [
                    -3,
                    -5,
                    -10
                ],
                [
                    -3,
                    -5,
                    2
                ],
                [
                    9,
                    -4,
                    1
                ],
                [
                    -10,
                    3,
                    -1
                ],
                [
                    -3,
                    2,
                    -5
                ],
                [
                    -3,
                    -8,
                    2
                ]
            ],
            "{   'fun': 1.0,\n    'jac': None,\n    'nfev': 200,\n    'nit': 100,\n    'njev': None,\n    'x': array([-1.11547999,  4.25998477])}",
            {
                "0000110111": 1,
                "1011100011": 1,
                "0010101101": 1,
                "0010000100": 1,
                "1010100011": 1,
                "1100011010": 1,
                "1111010000": 1,
                "0101111111": 1,
                "1111101001": 1,
                "0110100101": 1,
                "1000100000": 1,
                "0000110001": 1,
                "1111100000": 1,
                "0001001010": 1,
                "0000111110": 1,
                "0111001011": 2,
                "1110101011": 1,
                "1011000100": 1,
                "0110001101": 1,
                "1100100001": 1,
                "1111110111": 1,
                "0001110010": 1,
                "1111000100": 1,
                "1010100010": 1,
                "0000000110": 1,
                "1011010110": 1,
                "0100100100": 1,
                "1001001111": 1,
                "1000001000": 1,
                "1100111101": 1,
                "0000011010": 2,
                "1111111101": 1,
                "1100001100": 1,
                "1010100111": 1,
                "0010100100": 1,
                "0011011001": 1,
                "0101010100": 1,
                "1011001111": 1,
                "0100111100": 1,
                "1101101000": 2,
                "1011111111": 1,
                "1001100011": 1,
                "1111000111": 1,
                "1010011111": 1,
                "0001100100": 1,
                "1000100001": 1,
                "1010011001": 1,
                "1011010000": 1,
                "1000000111": 1,
                "1001100000": 1,
                "0011101100": 1,
                "1100101010": 1,
                "1100111100": 1,
                "0101100101": 1,
                "0100001111": 1,
                "0110001001": 1,
                "1000111110": 1,
                "1111001000": 1,
                "1010010110": 1,
                "1100111000": 1,
                "0110110010": 1,
                "1111011111": 1,
                "0011000010": 1,
                "1010100100": 1,
                "1000001101": 1,
                "0000101000": 1,
                "0100111010": 1,
                "0100110001": 1,
                "1111111001": 1,
                "0000101010": 1,
                "1010111001": 1,
                "1001110001": 1,
                "1011011101": 1,
                "0010001001": 1,
                "1100110101": 1,
                "0001010110": 1,
                "0101111010": 1,
                "0010010101": 1,
                "1100100000": 1,
                "1000101100": 1,
                "0011100101": 1,
                "1100000000": 1,
                "0000000101": 1,
                "1110101000": 1,
                "0001011111": 1,
                "1100110100": 1,
                "1101100111": 1,
                "0111001101": 1,
                "0001011010": 1,
                "1111110100": 1,
                "1100101000": 1,
                "0110000111": 2,
                "0011010000": 1,
                "1010010100": 1,
                "1101011100": 1,
                "0001011011": 1
            },
            false,
            0.95
        ],
        [
            [
                [
                    2,
                    6,
                    5
                ],
                [
                    3,
                    4,
                    -8
                ],
                [
                    -4,
                    3,
                    -9
                ],
                [
                    -8,
                    6,
                    -10
                ],
                [
                    2,
                    4,
                    -10
                ],
                [
                    -9,
                    10,
                    -2
                ],
                [
                    7,
                    8,
                    -3
                ],
                [
                    -9,
                    8,
                    -4
                ],
                [
                    -9,
                    -8,
                    -5
                ],
                [
                    -3,
                    6,
                    1
                ],
                [
                    1,
                    3,
                    9
                ],
                [
                    -3,
                    -2,
                    1
                ],
                [
                    4,
                    -2,
                    3
                ],
                [
                    3,
                    -5,
                    1
                ],
                [
                    -7,
                    -9,
                    4
                ],
                [
                    -1,
                    8,
                    5
                ],
                [
                    7,
                    8,
                    1
                ],
                [
                    -4,
                    2,
                    -8
                ],
                [
                    -9,
                    -10,
                    -7
                ],
                [
                    5,
                    1,
                    3
                ],
                [
                    3,
                    9,
                    -7
                ],
                [
                    8,
                    -6,
                    3
                ],
                [
                    2,
                    -3,
                    -6
                ],
                [
                    -1,
                    -10,
                    -7
                ],
                [
                    2,
                    8,
                    -4
                ],
                [
                    5,
                    4,
                    3
                ],
                [
                    -2,
                    -5,
                    1
                ],
                [
                    3,
                    1,
                    9
                ],
                [
                    4,
                    6,
                    1
                ],
                [
                    7,
                    2,
                    9
                ],
                [
                    -6,
                    9,
                    -7
                ],
                [
                    6,
                    -7,
                    5
                ],
                [
                    9,
                    8,
                    5
                ],
                [
                    10,
                    -9,
                    8
                ],
                [
                    2,
                    -8,
                    5
                ],
                [
                    9,
                    -1,
                    -6
                ],
                [
                    9,
                    1,
                    -3
                ],
                [
                    -1,
                    -10,
                    8
                ],
                [
                    -4,
                    9,
                    -8
                ],
                [
                    2,
                    -7,
                    6
                ],
                [
                    -3,
                    -8,
                    -4
                ],
                [
                    -10,
                    8,
                    1
                ],
                [
                    -2,
                    8,
                    -6
                ],
                [
                    -9,
                    -8,
                    3
                ],
                [
                    -3,
                    -9,
                    6
                ]
            ],
            "{   'fun': 0.97,\n    'jac': None,\n    'nfev': 200,\n    'nit': 100,\n    'njev': None,\n    'x': array([0.40938111, 2.88044545])}",
            {
                "1101001001": 1,
                "0110000111": 1,
                "0110001000": 1,
                "0000100110": 1,
                "1000010110": 1,
                "1011010010": 1,
                "1001011000": 1,
                "0010100000": 1,
                "0011100111": 1,
                "1110000101": 1,
                "0010010111": 1,
                "1010111001": 2,
                "0011011100": 1,
                "0011010000": 1,
                "1011011100": 1,
                "1101000111": 1,
                "0100111011": 1,
                "0000001000": 1,
                "1110101010": 1,
                "0000000100": 1,
                "1110111001": 1,
                "1111101110": 1,
                "1001101000": 1,
                "0011011001": 1,
                "1001101101": 1,
                "0011110111": 1,
                "1100000100": 1,
                "0111010010": 1,
                "0010011100": 2,
                "1100101010": 1,
                "1000000111": 1,
                "0100110110": 3,
                "0110111111": 1,
                "1000000110": 1,
                "0011100010": 1,
                "0001100001": 1,
                "1110011100": 2,
                "0110101000": 1,
                "0010001001": 1,
                "0110011010": 1,
                "1111101111": 1,
                "1011001010": 1,
                "0000101111": 1,
                "1111110000": 1,
                "1100110010": 1,
                "0011010011": 1,
                "1101011101": 1,
                "0111101010": 1,
                "1000000000": 1,
                "1111001101": 1,
                "1010111010": 1,
                "1110100111": 1,
                "0011001010": 1,
                "0100001101": 1,
                "0100111100": 1,
                "1000011100": 1,
                "0110111001": 1,
                "0011110011": 1,
                "0010101111": 1,
                "1000111010": 1,
                "1100001110": 1,
                "1111010011": 1,
                "1011101000": 2,
                "0001001010": 1,
                "0101011111": 1,
                "0011111010": 1,
                "1010100000": 1,
                "1100100101": 1,
                "0100001010": 2,
                "0000000111": 1,
                "0111000111": 1,
                "0010111111": 1,
                "0100011010": 1,
                "0110111010": 1,
                "0001011111": 1,
                "0101100100": 1,
                "0010110001": 1,
                "1111000100": 1,
                "0010001110": 1,
                "0100101001": 1,
                "0010010100": 1,
                "0010000110": 1,
                "1010001000": 2,
                "1010000011": 1,
                "1001001010": 1,
                "0110101001": 1,
                "1101010000": 1,
                "1111111001": 1,
                "1001000110": 1,
                "1001011101": 1,
                "0001000010": 2
            },
            true,
            0.92
        ],
        [
            [
                [
                    -1,
                    -3,
                    -10
                ],
                [
                    8,
                    10,
                    7
                ],
                [
                    6,
                    -10,
                    -7
                ],
                [
                    -6,
                    1,
                    -3
                ],
                [
                    -4,
                    -9,
                    -10
                ],
                [
                    -6,
                    -5,
                    3
                ],
                [
                    -2,
                    6,
                    4
                ],
                [
                    2,
                    1,
                    4
                ],
                [
                    2,
                    3,
                    -1
                ],
                [
                    -5,
                    -3,
                    6
                ],
                [
                    1,
                    -5,
                    7
                ],
                [
                    6,
                    -8,
                    5
                ],
                [
                    5,
                    -4,
                    -9
                ],
                [
                    -8,
                    -3,
                    -7
                ],
                [
                    10,
                    -4,
                    -3
                ],
                [
                    10,
                    9,
                    -8
                ],
                [
                    8,
                    10,
                    4
                ],
                [
                    -9,
                    -8,
                    10
                ],
                [
                    9,
                    -2,
                    7
                ],
                [
                    6,
                    4,
                    -1
                ],
                [
                    7,
                    -10,
                    -9
                ],
                [
                    -6,
                    10,
                    -9
                ],
                [
                    -5,
                    9,
                    6
                ],
                [
                    -7,
                    -4,
                    -3
                ],
                [
                    1,
                    -4,
                    7
                ],
                [
                    -1,
                    -10,
                    9
                ],
                [
                    1,
                    -7,
                    6
                ],
                [
                    2,
                    -1,
                    5
                ],
                [
                    -7,
                    5,
                    6
                ],
                [
                    9,
                    3,
                    8
                ],
                [
                    2,
                    -7,
                    1
                ],
                [
                    3,
                    5,
                    -4
                ],
                [
                    10,
                    2,
                    8
                ],
                [
                    5,
                    -9,
                    -3
                ],
                [
                    8,
                    10,
                    -7
                ],
                [
                    -7,
                    -1,
                    -10
                ],
                [
                    8,
                    9,
                    -1
                ],
                [
                    -10,
                    -5,
                    -9
                ],
                [
                    4,
                    7,
                    3
                ],
                [
                    -1,
                    -3,
                    4
                ],
                [
                    -2,
                    5,
                    -6
                ],
                [
                    5,
                    -3,
                    -10
                ],
                [
                    9,
                    -10,
                    -2
                ],
                [
                    4,
                    -3,
                    -2
                ],
                [
                    9,
                    -1,
                    8
                ]
            ],
            "{   'fun': 1.0,\n    'jac': None,\n    'nfev': 200,\n    'nit': 100,\n    'njev': None,\n    'x': array([nan, nan])}",
            {
                "0101011010": 1,
                "1110101010": 1,
                "1101001101": 1,
                "1111110011": 1,
                "1111010101": 1,
                "0111000011": 1,
                "0111101001": 1,
                "1100001010": 1,
                "0101111111": 1,
                "1010111111": 1,
                "0101110100": 1,
                "0010111010": 1,
                "1001001011": 2,
                "0100101000": 1,
                "0010110011": 1,
                "1111001101": 2,
                "0010110110": 1,
                "0000101011": 1,
                "0111110101": 1,
                "0010111000": 1,
                "1110011001": 2,
                "0011010001": 1,
                "0111100111": 1,
                "0011110100": 1,
                "1111100100": 1,
                "0101110001": 1,
                "0100110110": 1,
                "0001101110": 1,
                "1000110100": 1,
                "1110100101": 1,
                "0000010011": 1,
                "0110000000": 1,
                "1001000011": 1,
                "1001111010": 1,
                "1110110000": 1,
                "0000001000": 1,
                "0101001001": 1,
                "0101000000": 1,
                "1011100000": 1,
                "0100011100": 2,
                "1101111011": 1,
                "0100000111": 1,
                "1110110011": 1,
                "1001001001": 1,
                "0100111101": 1,
                "1010010001": 1,
                "0110000110": 1,
                "1010001110": 1,
                "1011011000": 1,
                "0000010111": 1,
                "1011001010": 1,
                "1001100011": 1,
                "0001011110": 1,
                "1101101011": 1,
                "0100101111": 1,
                "1100010001": 1,
                "1000110111": 1,
                "1110001001": 1,
                "1010011001": 1,
                "1101011000": 1,
                "0100001001": 1,
                "0111111100": 1,
                "1101110000": 1,
                "0010011100": 1,
                "1011010110": 1,
                "0111100101": 1,
                "1010101000": 1,
                "1010001011": 1,
                "1111110000": 1,
                "0101010100": 1,
                "0011101110": 1,
                "0000110001": 1,
                "1000101111": 1,
                "0100011010": 1,
                "0111010011": 1,
                "0111010101": 1,
                "0010000111": 1,
                "1101111110": 1,
                "1011011001": 1,
                "0010001010": 1,
                "0010101110": 1,
                "0001110101": 1,
                "0111000100": 1,
                "1110000101": 1,
                "1110010110": 1,
                "1101011001": 2,
                "0100111010": 1,
                "1010100100": 1,
                "0101110010": 1,
                "1010011101": 1,
                "0011000001": 1,
                "1101010110": 1,
                "0010010011": 1,
                "1000101001": 1,
                "0110100110": 1
            },
            false,
            1.0
        ]
    ]
}