{
    "n": 10,
    "m": 45,
    "results": [
        [
            [
                [
                    8,
                    2,
                    -7
                ],
                [
                    8,
                    6,
                    10
                ],
                [
                    -7,
                    -9,
                    6
                ],
                [
                    3,
                    7,
                    2
                ],
                [
                    -6,
                    -1,
                    -4
                ],
                [
                    -8,
                    9,
                    -4
                ],
                [
                    -2,
                    -3,
                    7
                ],
                [
                    5,
                    -8,
                    -3
                ],
                [
                    10,
                    7,
                    -2
                ],
                [
                    -10,
                    6,
                    -8
                ],
                [
                    -1,
                    -8,
                    5
                ],
                [
                    5,
                    -3,
                    10
                ],
                [
                    -3,
                    4,
                    -2
                ],
                [
                    6,
                    -10,
                    5
                ],
                [
                    2,
                    8,
                    -4
                ],
                [
                    -5,
                    3,
                    -10
                ],
                [
                    -7,
                    1,
                    3
                ],
                [
                    10,
                    -4,
                    3
                ],
                [
                    10,
                    -8,
                    4
                ],
                [
                    8,
                    -3,
                    9
                ],
                [
                    1,
                    -3,
                    -8
                ],
                [
                    7,
                    -5,
                    1
                ],
                [
                    -2,
                    10,
                    1
                ],
                [
                    3,
                    -6,
                    8
                ],
                [
                    5,
                    10,
                    -8
                ],
                [
                    8,
                    9,
                    6
                ],
                [
                    -8,
                    6,
                    9
                ],
                [
                    10,
                    -3,
                    -5
                ],
                [
                    -5,
                    4,
                    7
                ],
                [
                    7,
                    -4,
                    6
                ],
                [
                    -6,
                    2,
                    10
                ],
                [
                    -6,
                    -2,
                    5
                ],
                [
                    -6,
                    7,
                    -4
                ],
                [
                    6,
                    7,
                    -10
                ],
                [
                    2,
                    -8,
                    -10
                ],
                [
                    -4,
                    9,
                    8
                ],
                [
                    -5,
                    4,
                    10
                ],
                [
                    -7,
                    -6,
                    -4
                ],
                [
                    -2,
                    5,
                    9
                ],
                [
                    -1,
                    -3,
                    -6
                ],
                [
                    8,
                    10,
                    5
                ],
                [
                    -6,
                    -2,
                    9
                ],
                [
                    -8,
                    2,
                    1
                ],
                [
                    4,
                    3,
                    -9
                ],
                [
                    1,
                    9,
                    2
                ]
            ],
            "{   'fun': 1.0,\n    'jac': None,\n    'nfev': 200,\n    'nit': 100,\n    'njev': None,\n    'x': array([4.65650557, 7.28312664])}",
            {
                "1010010011": 1,
                "0100111111": 1,
                "1100000110": 1,
                "0110100010": 1,
                "0010101110": 1,
                "1001100001": 1,
                "0011011111": 1,
                "1101001110": 1,
                "0110010000": 1,
                "1010100111": 1,
                "0001001110": 1,
                "0111100000": 1,
                "0011000000": 1,
                "0101000111": 1,
                "0000100010": 1,
                "0001011110": 1,
                "1101001111": 1,
                "0011101001": 1,
                "0001110101": 1,
                "1010100110": 1,
                "1100100100": 1,
                "0111010010": 1,
                "1011100110": 1,
                "0000101100": 1,
                "1000111011": 2,
                "1100010000": 1,
                "0011110111": 1,
                "1001010000": 1,
                "0011101110": 1,
                "0111110100": 1,
                "0111101010": 1,
                "0011010111": 1,
                "1110011001": 1,
                "1001001010": 2,
                "1101010000": 1,
                "1010011111": 1,
                "0001111101": 1,
                "1010001010": 1,
                "1101111011": 1,
                "1111100001": 1,
                "0110111101": 1,
                "1010000010": 1,
                "1001011100": 1,
                "0101000011": 1,
                "0101001011": 1,
                "0011011101": 1,
                "1111000101": 1,
                "0111010000": 1,
                "0100010111": 1,
                "0101110000": 2,
                "1110011011": 1,
                "1111011001": 2,
                "1110011000": 1,
                "0000010001": 1,
                "0100100111": 1,
                "1100000101": 1,
                "1001111111": 1,
                "0000011010": 1,
                "0101011101": 1,
                "0001011001": 1,
                "1000011101": 1,
                "0111110010": 1,
                "0101000001": 1,
                "1101110010": 1,
                "1011110000": 1,
                "1100100101": 1,
                "0101010111": 2,
                "0000011000": 2,
                "1001111010": 1,
                "1010000011": 1,
                "0010100101": 1,
                "0011000010": 1,
                "1000100111": 1,
                "1110001101": 1,
                "1110111000": 1,
                "0001101010": 1,
                "0000011011": 1,
                "1110000011": 1,
                "1011101110": 1,
                "0111110111": 1,
                "1011010110": 1,
                "0110000101": 1,
                "0110010101": 1,
                "1100010010": 1,
                "1111111110": 1,
                "1000101010": 1,
                "0010110010": 1,
                "0101010100": 1,
                "1111110000": 1,
                "1110110001": 1,
                "1001111000": 1,
                "0010111111": 1,
                "0100101011": 1,
                "0001010001": 1
            },
            false,
            0.97
        ],
        [
            [
                [
                    -10,
                    -1,
                    9
                ],
                [
                    -10,
                    -6,
                    4
                ],
                [
                    -1,
                    6,
                    -3
                ],
                [
                    7,
                    -3,
                    4
                ],
                [
                    -5,
                    1,
                    -2
                ],
                [
                    7,
                    2,
                    -9
                ],
                [
                    8,
                    -9,
                    3
                ],
                [
                    8,
                    -4,
                    -7
                ],
                [
                    -6,
                    -4,
                    -10
                ],
                [
                    5,
                    -8,
                    9
                ],
                [
                    9,
                    -8,
                    -7
                ],
                [
                    10,
                    -8,
                    4
                ],
                [
                    9,
                    -4,
                    -7
                ],
                [
                    7,
                    -2,
                    3
                ],
                [
                    8,
                    3,
                    5
                ],
                [
                    -6,
                    8,
                    5
                ],
                [
                    1,
                    -7,
                    4
                ],
                [
                    -9,
                    1,
                    -4
                ],
                [
                    1,
                    4,
                    6
                ],
                [
                    2,
                    -1,
                    -5
                ],
                [
                    -5,
                    -1,
                    6
                ],
                [
                    1,
                    8,
                    -7
                ],
                [
                    3,
                    6,
                    -4
                ],
                [
                    1,
                    -3,
                    -2
                ],
                [
                    5,
                    6,
                    10
                ],
                [
                    -2,
                    4,
                    1
                ],
                [
                    5,
                    -8,
                    -6
                ],
                [
                    -6,
                    -2,
                    -3
                ],
                [
                    7,
                    6,
                    -2
                ],
                [
                    -9,
                    -7,
                    -4
                ],
                [
                    -6,
                    -10,
                    9
                ],
                [
                    -6,
                    -1,
                    -2
                ],
                [
                    -5,
                    1,
                    8
                ],
                [
                    10,
                    -3,
                    1
                ],
                [
                    9,
                    6,
                    10
                ],
                [
                    1,
                    6,
                    10
                ],
                [
                    3,
                    10,
                    -6
                ],
                [
                    -3,
                    -8,
                    -7
                ],
                [
                    9,
                    -5,
                    -10
                ],
                [
                    7,
                    -8,
                    3
                ],
                [
                    3,
                    -10,
                    8
                ],
                [
                    8,
                    1,
                    9
                ],
                [
                    8,
                    -1,
                    9
                ],
                [
                    9,
                    -5,
                    -6
                ],
                [
                    4,
                    -5,
                    1
                ]
            ],
            "{   'fun': 1.0,\n    'jac': None,\n    'nfev': 200,\n    'nit': 100,\n    'njev': None,\n    'x': array([ 2.7250214 , -2.36973558])}",
            {
                "1101000110": 1,
                "0100111100": 1,
                "0000101111": 1,
                "0101110111": 1,
                "0111111000": 1,
                "0010011001": 1,
                "0011111110": 1,
                "1010101001": 1,
                "0111110011": 1,
                "1101101100": 1,
                "0000001000": 1,
                "0010000111": 1,
                "1111100110": 1,
                "1011111001": 1,
                "0111101000": 1,
                "0001101101": 1,
                "1001001011": 1,
                "0000101101": 1,
                "0001100000": 1,
                "0111101110": 1,
                "1001111010": 1,
                "1100011100": 1,
                "1001101101": 1,
                "1111000010": 1,
                "0101011101": 1,
                "1101010001": 1,
                "1101011011": 1,
                "0001010011": 1,
                "1000111110": 1,
                "1011011111": 1,
                "0110101100": 1,
                "0010111100": 1,
                "0010011010": 1,
                "1010000100": 1,
                "0100101011": 1,
                "1010110111": 1,
                "0110100100": 1,
                "0000010011": 1,
                "1001011101": 1,
                "1000000011": 1,
                "1010001001": 1,
                "1101101010": 1,
                "0100111000": 1,
                "1111010010": 2,
                "0011001011": 1,
                "1001011111": 1,
                "0110010010": 1,
                "0001111100": 1,
                "1100001010": 1,
                "0101011000": 1,
                "0000010110": 1,
                "0001000001": 1,
                "1111011011": 1,
                "1001000111": 1,
                "1110000111": 1,
                "0111010110": 2,
                "1111000001": 1,
                "0111010010": 1,
                "1011100110": 1,
                "0000110110": 1,
                "1101010111": 1,
                "0011111011": 1,
                "0111110101": 1,
                "1000110000": 1,
                "1100101111": 1,
                "0011101010": 1,
                "0100000010": 1,
                "0100001101": 1,
                "1101100111": 1,
                "0100110110": 1,
                "1000101010": 1,
                "1010011100": 1,
                "1000101011": 1,
                "1000011010": 1,
                "0100000110": 2,
                "1001110000": 1,
                "1111011111": 1,
                "1011001110": 1,
                "0101010010": 1,
                "0110101111": 1,
                "0000101011": 1,
                "1100110110": 1,
                "1011101000": 1,
                "0010001101": 1,
                "0100101110": 1,
                "0011101100": 1,
                "0001110110": 1,
                "1101100000": 1,
                "1111001010": 1,
                "0100010011": 1,
                "1100000011": 1,
                "1111011101": 1,
                "0111011001": 1,
                "1000011011": 1,
                "1101110001": 1,
                "1110010000": 1,
                "1101001010": 1
            },
            false,
            0.95
        ],
        [
            [
                [
                    -10,
                    8,
                    2
                ],
                [
                    4,
                    -1,
                    7
                ],
                [
                    -1,
                    3,
                    5
                ],
                [
                    -1,
                    -4,
                    8
                ],
                [
                    -6,
                    -8,
                    -1
                ],
                [
                    4,
                    8,
                    1
                ],
                [
                    -1,
                    8,
                    5
                ],
                [
                    4,
                    3,
                    -10
                ],
                [
                    7,
                    -5,
                    6
                ],
                [
                    -10,
                    -7,
                    -1
                ],
                [
                    7,
                    3,
                    6
                ],
                [
                    -5,
                    -3,
                    -9
                ],
                [
                    -8,
                    -4,
                    6
                ],
                [
                    3,
                    -2,
                    -1
                ],
                [
                    1,
                    -9,
                    10
                ],
                [
                    3,
                    4,
                    6
                ],
                [
                    3,
                    -1,
                    -8
                ],
                [
                    -6,
                    -9,
                    -10
                ],
                [
                    -5,
                    -6,
                    -8
                ],
                [
                    -4,
                    -3,
                    -10
                ],
                [
                    -5,
                    2,
                    10
                ],
                [
                    8,
                    6,
                    2
                ],
                [
                    -1,
                    -9,
                    2
                ],
                [
                    2,
                    7,
                    -4
                ],
                [
                    4,
                    -6,
                    -7
                ],
                [
                    4,
                    1,
                    -7
                ],
                [
                    8,
                    -9,
                    -10
                ],
                [
                    -4,
                    7,
                    -5
                ],
                [
                    6,
                    -2,
                    -4
                ],
                [
                    1,
                    2,
                    5
                ],
                [
                    1,
                    9,
                    4
                ],
                [
                    -4,
                    -6,
                    -2
                ],
                [
                    -4,
                    -3,
                    -6
                ],
                [
                    6,
                    10,
                    -2
                ],
                [
                    -9,
                    -6,
                    -2
                ],
                [
                    -8,
                    1,
                    7
                ],
                [
                    3,
                    7,
                    4
                ],
                [
                    -5,
                    -2,
                    4
                ],
                [
                    4,
                    -8,
                    -2
                ],
                [
                    10,
                    -5,
                    7
                ],
                [
                    -6,
                    5,
                    -8
                ],
                [
                    -4,
                    9,
                    8
                ],
                [
                    9,
                    -1,
                    -8
                ],
                [
                    -10,
                    3,
                    -2
                ],
                [
                    8,
                    -6,
                    -4
                ]
            ],
            "{   'fun': 1.0,\n    'jac': None,\n    'nfev': 200,\n    'nit': 100,\n    'njev': None,\n    'x': array([nan, nan])}",
            {
                "0010111110": 1,
                "1000111011": 1,
                "0111010111": 1,
                "1101000010": 1,
                "0001111010": 1,
                "0111000110": 1,
                "0111011111": 1,
                "1100101100": 1,
                "1111111101": 1,
                "0010111101": 1,
                "1111110010": 1,
                "0011000010": 1,
                "0010101110": 1,
                "1110001011": 1,
                "1101110011": 1,
                "1110101111": 1,
                "0000010011": 1,
                "0110001100": 1,
                "1000101111": 1,
                "0010001001": 1,
                "0011011011": 1,
                "0110001111": 1,
                "0001001100": 1,
                "1011100101": 1,
                "0111110011": 1,
                "0001001101": 1,
                "1001011101": 1,
                "1111010100": 1,
                "1111001111": 1,
                "0111111001": 1,
                "0000100111": 1,
                "0110110010": 1,
                "0100010011": 1,
                "1000010010": 1,
                "1001110001": 1,
                "0110111011": 1,
                "1110001010": 1,
                "1010111000": 1,
                "0101001000": 1,
                "1001000111": 1,
                "1011100110": 2,
                "0010000110": 1,
                "1000111000": 1,
                "0101110011": 1,
                "1011101101": 1,
                "1000010001": 1,
                "0010010111": 1,
                "0111011101": 1,
                "1000110101": 2,
                "0100101101": 1,
                "0111101000": 1,
                "0110000010": 1,
                "0101011001": 1,
                "0011011000": 1,
                "1110010101": 1,
                "1110011110": 1,
                "0100100101": 1,
                "0000111101": 1,
                "1010011011": 1,
                "0111001000": 1,
                "0001000110": 1,
                "0111101111": 2,
                "0101111000": 1,
                "0011001000": 1,
                "1110001111": 1,
                "1111000011": 1,
                "0101001100": 1,
                "1101101100": 1,
                "0010010101": 1,
                "0011011100": 1,
                "1010010111": 1,
                "1001000011": 1,
                "0010111100": 1,
                "1000111100": 1,
                "1110100100": 1,
                "0110010110": 1,
                "0110101111": 1,
                "0001110111": 1,
                "0100011000": 1,
                "1100110110": 2,
                "1111111100": 1,
                "0000101011": 1,
                "1110110101": 1,
                "0111011011": 1,
                "0100000001": 1,
                "0001010111": 1,
                "0001011111": 1,
                "1000111101": 2,
                "1101010000": 1,
                "0101101100": 1,
                "1101000111": 1,
                "1010111111": 1,
                "1010000100": 2,
                "1011110000": 1
            },
            false,
            1.0
        ],
        [
            [
                [
                    4,
                    7,
                    -2
                ],
                [
                    9,
                    5,
                    -8
                ],
                [
                    3,
                    -9,
                    6
                ],
                [
                    9,
                    3,
                    4
                ],
                [
                    -4,
                    -2,
                    10
                ],
                [
                    7,
                    4,
                    -3
                ],
                [
                    4,
                    3,
                    -8
                ],
                [
                    -2,
                    9,
                    -1
                ],
                [
                    3,
                    -7,
                    8
                ],
                [
                    -5,
                    -2,
                    -1
                ],
                [
                    9,
                    -10,
                    7
                ],
                [
                    5,
                    1,
                    9
                ],
                [
                    -3,
                    -4,
                    -8
                ],
                [
                    4,
                    2,
                    -8
                ],
                [
                    -5,
                    -8,
                    7
                ],
                [
                    9,
                    -2,
                    8
                ],
                [
                    7,
                    10,
                    -5
                ],
                [
                    -8,
                    7,
                    3
                ],
                [
                    7,
                    -3,
                    9
                ],
                [
                    -10,
                    7,
                    4
                ],
                [
                    10,
                    -5,
                    -1
                ],
                [
                    -8,
                    -6,
                    -2
                ],
                [
                    -8,
                    4,
                    7
                ],
                [
                    3,
                    4,
                    10
                ],
                [
                    -5,
                    1,
                    -8
                ],
                [
                    1,
                    -3,
                    -7
                ],
                [
                    5,
                    -4,
                    -3
                ],
                [
                    -4,
                    -3,
                    9
                ],
                [
                    -6,
                    -1,
                    9
                ],
                [
                    6,
                    2,
                    4
                ],
                [
                    -9,
                    1,
                    4
                ],
                [
                    1,
                    2,
                    -9
                ],
                [
                    -7,
                    -6,
                    4
                ],
                [
                    4,
                    2,
                    8
                ],
                [
                    10,
                    -5,
                    -4
                ],
                [
                    2,
                    -10,
                    4
                ],
                [
                    8,
                    10,
                    -2
                ],
                [
                    10,
                    -2,
                    -7
                ],
                [
                    5,
                    -2,
                    10
                ],
                [
                    -7,
                    -1,
                    9
                ],
                [
                    -4,
                    5,
                    9
                ],
                [
                    -3,
                    -8,
                    -7
                ],
                [
                    -8,
                    -2,
                    3
                ],
                [
                    5,
                    6,
                    -1
                ],
                [
                    -5,
                    -4,
                    6
                ]
            ],
            "{   'fun': 0.96,\n    'jac': None,\n    'nfev': 200,\n    'nit': 100,\n    'njev': None,\n    'x': array([-1.42345686,  1.90414172])}",
            {
                "1001110110": 1,
                "1001001011": 1,
                "0110100100": 1,
                "1101010110": 1,
                "1001011110": 1,
                "1000010101": 1,
                "0110100000": 1,
                "1001010011": 1,
                "0000101110": 1,
                "1110100101": 1,
                "0111010111": 1,
                "0111011100": 1,
                "1011000111": 1,
                "1111011111": 1,
                "1111111001": 1,
                "0001000110": 1,
                "1001000101": 1,
                "1001101111": 1,
                "0011011111": 1,
                "1010100010": 1,
                "0100010010": 1,
                "1111100000": 1,
                "1010000100": 2,
                "1110011010": 1,
                "0101000010": 1,
                "1000011000": 1,
                "1011101011": 1,
                "0010101000": 1,
                "1100111010": 1,
                "0010001111": 1,
                "0110101110": 1,
                "0000001111": 2,
                "0111000111": 1,
                "0101010110": 2,
                "1011011001": 1,
                "0001000111": 1,
                "0011100000": 1,
                "0100110111": 1,
                "0001011111": 1,
                "1101011010": 1,
                "1011111100": 1,
                "1100101011": 1,
                "0111010010": 1,
                "0010111010": 1,
                "0110110011": 1,
                "1011100101": 1,
                "1111000000": 1,
                "1100111100": 1,
                "0011100110": 1,
                "1011010001": 1,
                "1011010101": 1,
                "1110010100": 1,
                "1110100011": 1,
                "1101010011": 1,
                "1011001001": 1,
                "0001100011": 1,
                "0011001111": 1,
                "1111000001": 1,
                "0111000110": 1,
                "1101111001": 1,
                "1001001101": 1,
                "0101000011": 2,
                "0010100011": 1,
                "1101000110": 1,
                "1000011101": 1,
                "1000000001": 1,
                "0000110000": 1,
                "1111111100": 1,
                "0000101011": 1,
                "0110101111": 1,
                "1010010111": 1,
                "0011011100": 1,
                "1011100100": 1,
                "1001010100": 1,
                "1011001111": 1,
                "1110011001": 1,
                "0100000101": 1,
                "1100111110": 1,
                "0011100011": 1,
                "0001100111": 1,
                "0100000111": 1,
                "0111100101": 1,
                "0010111011": 1,
                "0010000000": 1,
                "0011010110": 1,
                "1111011110": 2,
                "0010010010": 1,
                "0110000001": 1,
                "1010100100": 1,
                "1101010001": 1,
                "1101011011": 1,
                "1101001000": 1,
                "0011110011": 1,
                "1111101100": 1,
                "0001100110": 1
            },
            true,
            0.88
        ],
        [
            [
                [
                    1,
                    -2,
                    -4
                ],
                [
                    2,
                    3,
                    8
                ],
                [
                    4,
                    -10,
                    -2
                ],
                [
                    9,
                    -2,
                    5
                ],
                [
                    -6,
                    5,
                    4
                ],
                [
                    -5,
                    -3,
                    1
                ],
                [
                    -3,
                    -5,
                    2
                ],
                [
                    2,
                    -10,
                    -4
                ],
                [
                    -4,
                    9,
                    -6
                ],
                [
                    7,
                    9,
                    -4
                ],
                [
                    6,
                    3,
                    -9
                ],
                [
                    10,
                    6,
                    -7
                ],
                [
                    5,
                    3,
                    7
                ],
                [
                    4,
                    3,
                    8
                ],
                [
                    -9,
                    4,
                    -1
                ],
                [
                    -1,
                    -7,
                    10
                ],
                [
                    -5,
                    9,
                    -3
                ],
                [
                    -7,
                    -1,
                    4
                ],
                [
                    -9,
                    -6,
                    -3
                ],
                [
                    10,
                    2,
                    4
                ],
                [
                    8,
                    4,
                    -3
                ],
                [
                    7,
                    -6,
                    -3
                ],
                [
                    -9,
                    -1,
                    7
                ],
                [
                    -10,
                    2,
                    8
                ],
                [
                    2,
                    1,
                    -8
                ],
                [
                    -1,
                    10,
                    -5
                ],
                [
                    4,
                    10,
                    -8
                ],
                [
                    10,
                    -7,
                    -3
                ],
                [
                    1,
                    10,
                    7
                ],
                [
                    -7,
                    -6,
                    -10
                ],
                [
                    3,
                    -2,
                    -1
                ],
                [
                    -5,
                    -7,
                    3
                ],
                [
                    -6,
                    -3,
                    -2
                ],
                [
                    -1,
                    -6,
                    10
                ],
                [
                    4,
                    -10,
                    -5
                ],
                [
                    -6,
                    1,
                    5
                ],
                [
                    -6,
                    2,
                    4
                ],
                [
                    3,
                    2,
                    -5
                ],
                [
                    -3,
                    10,
                    -7
                ],
                [
                    -2,
                    10,
                    8
                ],
                [
                    -8,
                    -10,
                    -1
                ],
                [
                    -8,
                    -10,
                    -5
                ],
                [
                    5,
                    10,
                    6
                ],
                [
                    -4,
                    7,
                    -3
                ],
                [
                    4,
                    -2,
                    -7
                ]
            ],
            "{   'fun': 0.99,\n    'jac': None,\n    'nfev': 200,\n    'nit': 100,\n    'njev': None,\n    'x': array([6.02051457, 3.81236977])}",
            {
                "0100110001": 1,
                "0110101001": 1,
                "0111011100": 1,
                "1010110011": 1,
                "1101111110": 2,
                "0000110000": 1,
                "0110110001": 1,
                "1100000000": 1,
                "0011010101": 1,
                "1000011011": 1,
                "0000010111": 1,
                "0001110100": 1,
                "1110010010": 1,
                "1111101101": 2,
                "1010011001": 1,
                "0010111111": 1,
                "0111010011": 1,
                "0110111010": 1,
                "1101011101": 1,
                "0011001010": 1,
                "0011100111": 1,
                "1011110111": 1,
                "0001011010": 1,
                "0001001001": 1,
                "0000101100": 1,
                "0101110011": 1,
                "1000101011": 1,
                "1101001111": 1,
                "1011111011": 1,
                "0000100111": 1,
                "1011110101": 2,
                "1101001010": 1,
                "0110000101": 1,
                "1010101000": 1,
                "1011011101": 1,
                "1111011100": 1,
                "1100110100": 1,
                "1100101101": 1,
                "0100100000": 1,
                "0010101100": 1,
                "0011010001": 1,
                "0010111010": 1,
                "1000010100": 1,
                "1101011111": 2,
                "1011111001": 1,
                "0000111010": 1,
                "0111000100": 1,
                "1000110110": 1,
                "1001101101": 1,
                "0010100100": 1,
                "0000100010": 1,
                "0111001011": 1,
                "1011111110": 1,
                "0000010101": 1,
                "0001010001": 1,
                "1100101001": 1,
                "1001111011": 1,
                "1100011000": 1,
                "0010111100": 1,
                "0101100111": 1,
                "0110000000": 1,
                "1111001010": 1,
                "0111011110": 1,
                "1100010101": 1,
                "0001111011": 1,
                "1001101001": 1,
                "1010010111": 1,
                "0000000101": 1,
                "0000110011": 1,
                "0001101111": 1,
                "0110001101": 1,
                "0011001000": 1,
                "1101100101": 1,
                "1001010111": 1,
                "1110101101": 1,
                "0100000100": 1,
                "1110111110": 1,
                "0110011100": 1,
                "0111111010": 1,
                "1100000101": 1,
                "1000111000": 1,
                "1100001101": 1,
                "1110110011": 1,
                "0100000111": 1,
                "0010000110": 2,
                "1110011101": 1,
                "0110000010": 1,
                "0010010000": 1,
                "1010110000": 1,
                "1010110001": 1,
                "0001111001": 1,
                "1001011010": 1,
                "1101100001": 1,
                "1100000001": 1,
                "1000010001": 1
            },
            true,
            0.98
        ]
    ]
}