{
    "n": 10,
    "m": 45,
    "results": [
        [
            [
                [
                    9,
                    -4,
                    -8
                ],
                [
                    -8,
                    -3,
                    1
                ],
                [
                    3,
                    6,
                    -10
                ],
                [
                    5,
                    8,
                    -4
                ],
                [
                    -6,
                    -1,
                    7
                ],
                [
                    10,
                    -1,
                    -7
                ],
                [
                    5,
                    8,
                    -3
                ],
                [
                    3,
                    -10,
                    6
                ],
                [
                    -8,
                    2,
                    -10
                ],
                [
                    8,
                    9,
                    -1
                ],
                [
                    1,
                    8,
                    -3
                ],
                [
                    6,
                    10,
                    -8
                ],
                [
                    7,
                    -2,
                    6
                ],
                [
                    -4,
                    -7,
                    -3
                ],
                [
                    -3,
                    -5,
                    7
                ],
                [
                    -5,
                    -8,
                    -4
                ],
                [
                    -8,
                    10,
                    -4
                ],
                [
                    -10,
                    1,
                    -5
                ],
                [
                    3,
                    -7,
                    6
                ],
                [
                    1,
                    2,
                    9
                ],
                [
                    -2,
                    -1,
                    -7
                ],
                [
                    4,
                    -6,
                    9
                ],
                [
                    4,
                    -5,
                    7
                ],
                [
                    -8,
                    7,
                    -9
                ],
                [
                    8,
                    5,
                    -3
                ],
                [
                    4,
                    -10,
                    8
                ],
                [
                    10,
                    -4,
                    7
                ],
                [
                    -3,
                    -8,
                    -1
                ],
                [
                    8,
                    -4,
                    1
                ],
                [
                    -8,
                    -10,
                    4
                ],
                [
                    -8,
                    -7,
                    -3
                ],
                [
                    -9,
                    -5,
                    -3
                ],
                [
                    10,
                    8,
                    5
                ],
                [
                    -8,
                    -4,
                    1
                ],
                [
                    -9,
                    -6,
                    -7
                ],
                [
                    8,
                    -4,
                    -6
                ],
                [
                    -4,
                    -10,
                    -1
                ],
                [
                    -9,
                    6,
                    2
                ],
                [
                    -6,
                    -2,
                    -1
                ],
                [
                    9,
                    -4,
                    -5
                ],
                [
                    -3,
                    -5,
                    -8
                ],
                [
                    9,
                    1,
                    -4
                ],
                [
                    2,
                    7,
                    6
                ],
                [
                    1,
                    -9,
                    -7
                ],
                [
                    -5,
                    -10,
                    8
                ]
            ],
            "{   'fun': 1.0,\n    'jac': None,\n    'nfev': 13,\n    'nit': None,\n    'njev': None,\n    'x': array([1.20550453, 0.72007837])}",
            {
                "1001000111": 1,
                "0100110001": 1,
                "0101001100": 1,
                "1101011110": 1,
                "1011110101": 1,
                "1110110001": 1,
                "0101110111": 1,
                "1011010100": 1,
                "1110010000": 1,
                "1101100001": 1,
                "0101001101": 1,
                "0001101001": 1,
                "0111110010": 1,
                "0010011100": 1,
                "0001001111": 1,
                "0001001100": 1,
                "1111000110": 1,
                "0101001011": 1,
                "0101101000": 1,
                "0011010010": 1,
                "0110011000": 1,
                "1110110010": 1,
                "1110111010": 1,
                "0110111011": 1,
                "0101010010": 1,
                "0011000000": 1,
                "0100001000": 2,
                "1110011101": 1,
                "1010100001": 1,
                "0101110001": 1,
                "0000010001": 1,
                "1100101100": 1,
                "1110101110": 1,
                "1101000001": 1,
                "0100000000": 1,
                "0000110111": 1,
                "1000100101": 1,
                "0000101100": 2,
                "0110110110": 1,
                "0110001111": 1,
                "0100110111": 1,
                "0001101010": 1,
                "1111010001": 1,
                "0000100111": 1,
                "0001010000": 1,
                "1110101011": 1,
                "0010000101": 1,
                "0010011110": 1,
                "1110111100": 1,
                "0100000111": 1,
                "0000000111": 1,
                "0011011110": 1,
                "0010101011": 1,
                "1101011001": 1,
                "0101110010": 2,
                "1000001011": 1,
                "1001110010": 1,
                "1000010101": 1,
                "0110111110": 1,
                "1010011000": 1,
                "0000000000": 1,
                "0011100101": 1,
                "1110000001": 1,
                "1100011100": 1,
                "1100110000": 1,
                "1110111110": 1,
                "1001010011": 1,
                "0011010011": 1,
                "0000000011": 1,
                "0010110101": 1,
                "0110000110": 1,
                "1010100010": 1,
                "0001110111": 1,
                "0110110010": 1,
                "1010110101": 1,
                "1000000100": 1,
                "1101110100": 1,
                "1110010011": 2,
                "1111001010": 1,
                "1010100111": 1,
                "1011010101": 1,
                "1101010000": 1,
                "1001000100": 1,
                "1011001000": 1,
                "0101011101": 1,
                "1100001001": 1,
                "1100100100": 1,
                "1101000011": 1,
                "1100001100": 1,
                "1110000110": 1,
                "0011101100": 1,
                "1001011001": 1,
                "0111101010": 1,
                "0100000110": 1,
                "1001011011": 1,
                "1000100000": 1
            },
            false,
            1.0
        ],
        [
            [
                [
                    -4,
                    2,
                    -6
                ],
                [
                    -5,
                    1,
                    -10
                ],
                [
                    -7,
                    4,
                    10
                ],
                [
                    -4,
                    -10,
                    7
                ],
                [
                    1,
                    -6,
                    -2
                ],
                [
                    1,
                    10,
                    -3
                ],
                [
                    4,
                    -1,
                    10
                ],
                [
                    -5,
                    7,
                    4
                ],
                [
                    1,
                    7,
                    -4
                ],
                [
                    -5,
                    -2,
                    10
                ],
                [
                    -8,
                    -10,
                    -4
                ],
                [
                    6,
                    -7,
                    -4
                ],
                [
                    5,
                    6,
                    9
                ],
                [
                    1,
                    -10,
                    7
                ],
                [
                    -9,
                    3,
                    -10
                ],
                [
                    3,
                    -5,
                    8
                ],
                [
                    3,
                    10,
                    -5
                ],
                [
                    7,
                    4,
                    -1
                ],
                [
                    7,
                    3,
                    -6
                ],
                [
                    1,
                    -9,
                    7
                ],
                [
                    -3,
                    6,
                    -1
                ],
                [
                    5,
                    -1,
                    -7
                ],
                [
                    8,
                    2,
                    1
                ],
                [
                    10,
                    7,
                    -9
                ],
                [
                    9,
                    -3,
                    2
                ],
                [
                    -10,
                    -8,
                    -4
                ],
                [
                    3,
                    -7,
                    -2
                ],
                [
                    -3,
                    -10,
                    1
                ],
                [
                    6,
                    -1,
                    -4
                ],
                [
                    7,
                    6,
                    2
                ],
                [
                    6,
                    1,
                    -5
                ],
                [
                    3,
                    -10,
                    -7
                ],
                [
                    -3,
                    5,
                    2
                ],
                [
                    -8,
                    4,
                    9
                ],
                [
                    3,
                    -2,
                    4
                ],
                [
                    3,
                    -1,
                    8
                ],
                [
                    3,
                    -10,
                    7
                ],
                [
                    5,
                    -2,
                    9
                ],
                [
                    -1,
                    -7,
                    5
                ],
                [
                    -4,
                    1,
                    -3
                ],
                [
                    -10,
                    -6,
                    8
                ],
                [
                    -7,
                    -5,
                    6
                ],
                [
                    -3,
                    4,
                    5
                ],
                [
                    -6,
                    -9,
                    -8
                ],
                [
                    3,
                    5,
                    10
                ]
            ],
            "{   'fun': 1.0,\n    'jac': None,\n    'nfev': 13,\n    'nit': None,\n    'njev': None,\n    'x': array([0.83891711, 3.08399949])}",
            {
                "1011101101": 1,
                "1111010000": 1,
                "0001000000": 1,
                "0000111110": 1,
                "1000111111": 1,
                "1010101001": 1,
                "0010101001": 1,
                "0110100100": 1,
                "1101110110": 1,
                "1000000010": 1,
                "0111011001": 1,
                "1001000110": 1,
                "0100001001": 1,
                "0011110010": 1,
                "0100111011": 1,
                "0101110010": 1,
                "1100100011": 1,
                "0001011000": 1,
                "1110010001": 1,
                "1101101011": 1,
                "0100000111": 1,
                "0001101001": 1,
                "0111011100": 1,
                "1100101000": 1,
                "1110000100": 1,
                "1001110000": 1,
                "0111101000": 1,
                "1010011010": 1,
                "1011001110": 1,
                "0011001010": 1,
                "1110100111": 1,
                "1010101100": 1,
                "0101111101": 1,
                "1101110010": 1,
                "1011110000": 1,
                "1010000100": 2,
                "1101000001": 1,
                "0110000110": 1,
                "0110010010": 1,
                "1010100010": 1,
                "1100100010": 1,
                "1000011100": 1,
                "1001011100": 1,
                "0100011010": 1,
                "1100100001": 1,
                "1000001001": 1,
                "1101110001": 1,
                "0110011010": 1,
                "1111001110": 1,
                "0011001100": 1,
                "1001111110": 1,
                "0101010100": 1,
                "0100100110": 2,
                "1010001011": 1,
                "1011001111": 1,
                "1110010111": 1,
                "0111001001": 1,
                "0011110110": 1,
                "1011110110": 1,
                "1000010111": 1,
                "1011010101": 1,
                "1110100010": 1,
                "1111110100": 1,
                "1111110110": 1,
                "0011010010": 1,
                "1100111001": 1,
                "1111110010": 1,
                "1101110000": 1,
                "0100100001": 1,
                "0000111011": 1,
                "0010100110": 1,
                "0100110011": 1,
                "0010110100": 2,
                "1001000111": 1,
                "1101111001": 1,
                "1111010111": 1,
                "1110100100": 1,
                "1111100110": 1,
                "1111011011": 2,
                "1101111100": 1,
                "1011010010": 1,
                "0010110001": 1,
                "1000101001": 1,
                "0001100001": 1,
                "1010011101": 1,
                "1000101110": 1,
                "0101101110": 1,
                "1000001100": 1,
                "1001010010": 1,
                "1001101001": 1,
                "1111001100": 1,
                "0000111000": 1,
                "1111011110": 1,
                "0011010110": 1,
                "0011101101": 1,
                "0110011111": 1
            },
            false,
            1.0
        ],
        [
            [
                [
                    -6,
                    -10,
                    7
                ],
                [
                    -8,
                    -7,
                    -9
                ],
                [
                    6,
                    4,
                    2
                ],
                [
                    -7,
                    -3,
                    9
                ],
                [
                    4,
                    -9,
                    -6
                ],
                [
                    -8,
                    9,
                    -6
                ],
                [
                    7,
                    1,
                    -4
                ],
                [
                    -3,
                    7,
                    9
                ],
                [
                    3,
                    -8,
                    7
                ],
                [
                    -3,
                    -2,
                    -8
                ],
                [
                    -4,
                    -6,
                    -9
                ],
                [
                    10,
                    -5,
                    -4
                ],
                [
                    -1,
                    -10,
                    8
                ],
                [
                    -7,
                    5,
                    9
                ],
                [
                    -4,
                    2,
                    -8
                ],
                [
                    -9,
                    8,
                    4
                ],
                [
                    6,
                    3,
                    -4
                ],
                [
                    1,
                    8,
                    6
                ],
                [
                    2,
                    6,
                    -10
                ],
                [
                    -1,
                    -7,
                    8
                ],
                [
                    -5,
                    -3,
                    -9
                ],
                [
                    -4,
                    2,
                    -7
                ],
                [
                    -10,
                    2,
                    -8
                ],
                [
                    -9,
                    1,
                    -2
                ],
                [
                    -7,
                    -10,
                    9
                ],
                [
                    1,
                    4,
                    -10
                ],
                [
                    5,
                    -6,
                    1
                ],
                [
                    -3,
                    -10,
                    -8
                ],
                [
                    -4,
                    -2,
                    -8
                ],
                [
                    -8,
                    -5,
                    9
                ],
                [
                    -6,
                    -4,
                    -5
                ],
                [
                    6,
                    -5,
                    -9
                ],
                [
                    10,
                    7,
                    -3
                ],
                [
                    -1,
                    9,
                    -8
                ],
                [
                    -6,
                    -5,
                    1
                ],
                [
                    -4,
                    7,
                    5
                ],
                [
                    3,
                    -9,
                    -5
                ],
                [
                    -10,
                    7,
                    -6
                ],
                [
                    -1,
                    -5,
                    -4
                ],
                [
                    5,
                    -8,
                    -9
                ],
                [
                    9,
                    -4,
                    6
                ],
                [
                    7,
                    -2,
                    -6
                ],
                [
                    -2,
                    5,
                    -3
                ],
                [
                    -7,
                    -8,
                    4
                ],
                [
                    3,
                    7,
                    -8
                ]
            ],
            "{   'fun': 0.97,\n    'jac': None,\n    'nfev': 28,\n    'nit': None,\n    'njev': None,\n    'x': array([1.96975137, 0.92999504])}",
            {
                "1101101110": 1,
                "0001011111": 1,
                "1110101110": 1,
                "0101010001": 1,
                "0011100111": 1,
                "0001100000": 1,
                "1111001010": 1,
                "0000001001": 1,
                "1111010101": 1,
                "1100101000": 1,
                "0111100011": 1,
                "0111010011": 1,
                "1010110101": 1,
                "1101101111": 1,
                "1010101001": 1,
                "0110110001": 1,
                "1111010011": 1,
                "1000100011": 1,
                "1011101011": 1,
                "0100011001": 1,
                "0101111010": 1,
                "0100101001": 1,
                "0110011000": 1,
                "0100010100": 1,
                "0101011110": 1,
                "0110000110": 1,
                "0011110000": 1,
                "1110110011": 1,
                "1010100011": 1,
                "0100101101": 1,
                "1101001001": 1,
                "0110111100": 1,
                "1110000110": 1,
                "0101011011": 1,
                "1000011100": 1,
                "0001100011": 1,
                "0100110111": 1,
                "1011011110": 1,
                "0101001110": 1,
                "1101010100": 2,
                "1011110100": 1,
                "0100111101": 1,
                "0010011011": 1,
                "0011000111": 1,
                "1101000001": 1,
                "1100101111": 1,
                "1001100111": 1,
                "1011011101": 1,
                "1111011100": 1,
                "1110100101": 1,
                "0010111001": 1,
                "0001100110": 2,
                "1101001101": 1,
                "1100101100": 1,
                "0101000101": 1,
                "0101110001": 1,
                "1110101001": 1,
                "0010111000": 1,
                "0010100000": 1,
                "1010010100": 1,
                "1100110010": 1,
                "1010000101": 1,
                "0101101010": 1,
                "0011101111": 1,
                "0111111011": 1,
                "0101001011": 1,
                "0011011101": 1,
                "1010010001": 1,
                "0011010110": 1,
                "0011100010": 1,
                "0001010111": 1,
                "0110110101": 1,
                "0000100001": 1,
                "0010111101": 1,
                "1010000010": 1,
                "1100100000": 1,
                "1000101100": 1,
                "0010110111": 1,
                "1001001111": 1,
                "1101111111": 1,
                "0100100110": 1,
                "0101010100": 1,
                "0000100100": 1,
                "1110000001": 1,
                "0111010111": 1,
                "0000110100": 1,
                "0111110000": 1,
                "0010101010": 1,
                "1111000000": 1,
                "1001101011": 2,
                "0000011101": 1,
                "1101101010": 1,
                "1011011100": 1,
                "1110001111": 1,
                "0001010110": 1,
                "1001101000": 1,
                "1001100001": 1
            },
            true,
            0.96
        ],
        [
            [
                [
                    -3,
                    2,
                    -1
                ],
                [
                    5,
                    7,
                    1
                ],
                [
                    -7,
                    9,
                    -4
                ],
                [
                    -5,
                    9,
                    4
                ],
                [
                    10,
                    5,
                    -4
                ],
                [
                    1,
                    -10,
                    -8
                ],
                [
                    -6,
                    7,
                    -5
                ],
                [
                    -6,
                    10,
                    5
                ],
                [
                    5,
                    -3,
                    -1
                ],
                [
                    6,
                    8,
                    9
                ],
                [
                    10,
                    3,
                    6
                ],
                [
                    2,
                    4,
                    6
                ],
                [
                    -10,
                    -1,
                    7
                ],
                [
                    8,
                    6,
                    -2
                ],
                [
                    5,
                    10,
                    6
                ],
                [
                    -4,
                    -1,
                    2
                ],
                [
                    5,
                    -1,
                    8
                ],
                [
                    -10,
                    4,
                    7
                ],
                [
                    -10,
                    9,
                    -6
                ],
                [
                    4,
                    2,
                    1
                ],
                [
                    -5,
                    -10,
                    -9
                ],
                [
                    -4,
                    -6,
                    3
                ],
                [
                    -9,
                    8,
                    4
                ],
                [
                    -9,
                    10,
                    6
                ],
                [
                    9,
                    3,
                    7
                ],
                [
                    5,
                    -8,
                    7
                ],
                [
                    -4,
                    -6,
                    -3
                ],
                [
                    7,
                    -1,
                    4
                ],
                [
                    -1,
                    9,
                    5
                ],
                [
                    -1,
                    5,
                    -4
                ],
                [
                    -9,
                    -1,
                    -7
                ],
                [
                    -8,
                    9,
                    -10
                ],
                [
                    -7,
                    -5,
                    -6
                ],
                [
                    -5,
                    6,
                    -4
                ],
                [
                    6,
                    -8,
                    -5
                ],
                [
                    -4,
                    6,
                    7
                ],
                [
                    -5,
                    3,
                    -7
                ],
                [
                    -9,
                    8,
                    4
                ],
                [
                    4,
                    -7,
                    -5
                ],
                [
                    6,
                    2,
                    3
                ],
                [
                    7,
                    1,
                    -9
                ],
                [
                    -9,
                    4,
                    -10
                ],
                [
                    -6,
                    3,
                    10
                ],
                [
                    -9,
                    -6,
                    4
                ],
                [
                    5,
                    9,
                    -4
                ]
            ],
            "{   'fun': 1.0,\n    'jac': None,\n    'nfev': 25,\n    'nit': None,\n    'njev': None,\n    'x': array([1.75198471, 2.76891695])}",
            {
                "1000010101": 1,
                "1111001100": 1,
                "0001011110": 1,
                "0100001010": 1,
                "1100010100": 1,
                "1001100010": 1,
                "1010100010": 1,
                "1100110001": 1,
                "0010001001": 1,
                "1100101101": 1,
                "0101010100": 1,
                "0101000101": 1,
                "1101111011": 1,
                "1110000000": 1,
                "1101111000": 1,
                "0010101111": 1,
                "1000000110": 1,
                "0111010110": 1,
                "1011110111": 1,
                "1011010000": 1,
                "1010000010": 1,
                "0110111011": 1,
                "0100001100": 1,
                "1101010000": 1,
                "0001100000": 1,
                "0010100100": 1,
                "0110100010": 1,
                "1001101001": 2,
                "1001110110": 1,
                "0110011111": 2,
                "1110010010": 1,
                "0110110010": 1,
                "1010110101": 1,
                "0000011101": 1,
                "1011101110": 1,
                "1011011000": 1,
                "0010100110": 1,
                "0000011000": 2,
                "1001111010": 1,
                "1100010000": 1,
                "1001000110": 1,
                "1001011101": 1,
                "0110111000": 1,
                "1001011010": 1,
                "0100001110": 1,
                "1000001110": 1,
                "0110010011": 1,
                "1001010101": 1,
                "1100110010": 1,
                "1000000010": 1,
                "0101101111": 1,
                "0001111010": 1,
                "1001110101": 1,
                "1001010100": 1,
                "0010000111": 1,
                "0101110000": 1,
                "0001000110": 1,
                "1111000011": 2,
                "0001010011": 1,
                "0110001001": 1,
                "0100110000": 1,
                "0110011010": 1,
                "0011111111": 1,
                "0001111000": 1,
                "0101111101": 1,
                "1011110000": 1,
                "0101000001": 1,
                "1101011001": 1,
                "0010100101": 1,
                "0001001111": 1,
                "1010100110": 1,
                "0010110111": 1,
                "1001100001": 1,
                "1011000000": 1,
                "1111001111": 1,
                "0111010001": 1,
                "1100110000": 1,
                "1011101111": 1,
                "1111100001": 1,
                "0010101101": 1,
                "1011011010": 1,
                "0100101110": 1,
                "1000000111": 1,
                "1000011100": 1,
                "0001001011": 1,
                "0111100111": 1,
                "0101100101": 1,
                "0111100101": 1,
                "0111111010": 1,
                "0111100100": 1,
                "0010001000": 1,
                "1000011010": 1,
                "0011011010": 1,
                "1111011000": 1,
                "1010111000": 1,
                "0111110000": 1
            },
            false,
            0.98
        ],
        [
            [
                [
                    -1,
                    3,
                    10
                ],
                [
                    -10,
                    -4,
                    -2
                ],
                [
                    -5,
                    -1,
                    -8
                ],
                [
                    -9,
                    -10,
                    -2
                ],
                [
                    7,
                    8,
                    -5
                ],
                [
                    -8,
                    -6,
                    -10
                ],
                [
                    8,
                    7,
                    -6
                ],
                [
                    10,
                    -7,
                    -8
                ],
                [
                    -1,
                    8,
                    6
                ],
                [
                    4,
                    5,
                    7
                ],
                [
                    5,
                    -3,
                    7
                ],
                [
                    -3,
                    8,
                    -10
                ],
                [
                    -5,
                    2,
                    -7
                ],
                [
                    -9,
                    -2,
                    6
                ],
                [
                    8,
                    10,
                    1
                ],
                [
                    3,
                    -1,
                    -7
                ],
                [
                    7,
                    -6,
                    -5
                ],
                [
                    -4,
                    -8,
                    10
                ],
                [
                    7,
                    5,
                    3
                ],
                [
                    -3,
                    -1,
                    -5
                ],
                [
                    -10,
                    -2,
                    -8
                ],
                [
                    -10,
                    -1,
                    6
                ],
                [
                    -8,
                    3,
                    -2
                ],
                [
                    3,
                    9,
                    6
                ],
                [
                    4,
                    7,
                    1
                ],
                [
                    -2,
                    -8,
                    -10
                ],
                [
                    -4,
                    -1,
                    -9
                ],
                [
                    6,
                    9,
                    -8
                ],
                [
                    10,
                    -4,
                    -8
                ],
                [
                    5,
                    4,
                    -7
                ],
                [
                    -2,
                    3,
                    -4
                ],
                [
                    -8,
                    7,
                    9
                ],
                [
                    -7,
                    -8,
                    -9
                ],
                [
                    10,
                    -5,
                    -1
                ],
                [
                    -4,
                    2,
                    -5
                ],
                [
                    5,
                    -9,
                    3
                ],
                [
                    4,
                    6,
                    -7
                ],
                [
                    3,
                    2,
                    4
                ],
                [
                    -5,
                    6,
                    -7
                ],
                [
                    4,
                    -1,
                    -6
                ],
                [
                    -9,
                    -10,
                    -8
                ],
                [
                    6,
                    3,
                    2
                ],
                [
                    -6,
                    -1,
                    -9
                ],
                [
                    -2,
                    3,
                    -7
                ],
                [
                    -9,
                    -4,
                    -1
                ]
            ],
            "{   'fun': 1.0,\n    'jac': None,\n    'nfev': 28,\n    'nit': None,\n    'njev': None,\n    'x': array([0.17047898, 1.63800066])}",
            {
                "1100111000": 1,
                "1101000101": 1,
                "0100111110": 1,
                "1001110111": 1,
                "1111101001": 1,
                "0000110100": 1,
                "0101100010": 1,
                "0111100101": 1,
                "0110000101": 1,
                "1110111101": 1,
                "1100010100": 1,
                "1000111111": 1,
                "1010011100": 1,
                "1101110011": 1,
                "1111011110": 1,
                "0110010101": 1,
                "0001001000": 1,
                "1011011110": 1,
                "1110000101": 1,
                "0100010000": 1,
                "1110000010": 1,
                "1001101100": 1,
                "1100111100": 1,
                "1110000000": 1,
                "0011111101": 1,
                "0111100000": 1,
                "0111100111": 1,
                "1001100011": 1,
                "1010100000": 1,
                "1111111000": 1,
                "1101010011": 1,
                "0111101001": 1,
                "0010001111": 1,
                "0000110011": 1,
                "0011001110": 1,
                "0110010110": 1,
                "1011101111": 1,
                "0010100011": 1,
                "1100111011": 1,
                "0010110011": 1,
                "1000000100": 1,
                "0110001001": 1,
                "1010011010": 1,
                "1110100111": 1,
                "1000101111": 1,
                "0011100010": 2,
                "1001100100": 1,
                "0000110101": 1,
                "1111110101": 1,
                "0000001000": 1,
                "1011101110": 1,
                "0011000111": 1,
                "1001110110": 1,
                "0000010001": 1,
                "0110101100": 1,
                "0110000110": 1,
                "1010101101": 1,
                "0000001010": 1,
                "1010011011": 1,
                "0001101001": 1,
                "1011011100": 1,
                "0010100010": 1,
                "1111011100": 1,
                "0011000000": 1,
                "0001011001": 1,
                "1110100011": 1,
                "1110111001": 1,
                "1011111011": 1,
                "1011011001": 1,
                "1101101001": 1,
                "1110110011": 1,
                "0010000110": 1,
                "1010000100": 1,
                "1010101100": 1,
                "0001111011": 1,
                "0101000001": 1,
                "1101110010": 1,
                "0111100100": 1,
                "0010010101": 1,
                "0001110000": 1,
                "0100111011": 1,
                "0110011010": 1,
                "1000011011": 1,
                "1100100111": 2,
                "0100110000": 1,
                "0111101101": 1,
                "0010001011": 1,
                "0101000100": 1,
                "1100001100": 1,
                "1101101011": 1,
                "1100110001": 1,
                "1000111100": 1,
                "0000111000": 1,
                "0111001011": 1,
                "0000100010": 1,
                "0100000010": 1,
                "1111110000": 1,
                "0011010000": 1
            },
            false,
            0.98
        ]
    ]
}