{
    "n": 10,
    "m": 45,
    "results": [
        [
            [
                [
                    -10,
                    -9,
                    4
                ],
                [
                    4,
                    -5,
                    -1
                ],
                [
                    -2,
                    3,
                    5
                ],
                [
                    -1,
                    7,
                    -3
                ],
                [
                    2,
                    4,
                    -5
                ],
                [
                    -3,
                    -7,
                    -10
                ],
                [
                    7,
                    1,
                    4
                ],
                [
                    10,
                    2,
                    5
                ],
                [
                    4,
                    -8,
                    -6
                ],
                [
                    2,
                    -3,
                    9
                ],
                [
                    8,
                    3,
                    1
                ],
                [
                    -8,
                    -2,
                    4
                ],
                [
                    3,
                    -6,
                    -8
                ],
                [
                    9,
                    5,
                    4
                ],
                [
                    5,
                    2,
                    7
                ],
                [
                    7,
                    -8,
                    10
                ],
                [
                    7,
                    6,
                    -10
                ],
                [
                    -5,
                    7,
                    -4
                ],
                [
                    3,
                    4,
                    10
                ],
                [
                    1,
                    3,
                    5
                ],
                [
                    3,
                    -9,
                    2
                ],
                [
                    -7,
                    6,
                    4
                ],
                [
                    8,
                    -5,
                    7
                ],
                [
                    -8,
                    -7,
                    -1
                ],
                [
                    -2,
                    9,
                    10
                ],
                [
                    -4,
                    -9,
                    -1
                ],
                [
                    9,
                    3,
                    -5
                ],
                [
                    -3,
                    5,
                    -6
                ],
                [
                    -4,
                    1,
                    2
                ],
                [
                    2,
                    9,
                    -5
                ],
                [
                    2,
                    -5,
                    -10
                ],
                [
                    2,
                    -6,
                    -5
                ],
                [
                    1,
                    -10,
                    -8
                ],
                [
                    -7,
                    9,
                    -5
                ],
                [
                    -3,
                    -2,
                    1
                ],
                [
                    -5,
                    -6,
                    -4
                ],
                [
                    -8,
                    -7,
                    5
                ],
                [
                    3,
                    6,
                    7
                ],
                [
                    7,
                    -1,
                    5
                ],
                [
                    -6,
                    -5,
                    3
                ],
                [
                    -2,
                    -4,
                    -5
                ],
                [
                    -4,
                    7,
                    9
                ],
                [
                    6,
                    10,
                    -8
                ],
                [
                    2,
                    1,
                    -5
                ],
                [
                    6,
                    -1,
                    -9
                ]
            ],
            "{   'fun': 0.99,\n    'jac': None,\n    'nfev': 28,\n    'nit': None,\n    'njev': None,\n    'x': array([2.2054762 , 0.71991839])}",
            {
                "1000111100": 1,
                "0001011001": 1,
                "0111110000": 1,
                "0011010100": 1,
                "0010111000": 1,
                "0100111111": 1,
                "1000100010": 1,
                "0111011100": 1,
                "0111011110": 1,
                "0100001000": 1,
                "1101010111": 1,
                "1001110000": 1,
                "0101111110": 1,
                "0010011101": 1,
                "1010101001": 1,
                "0100011100": 1,
                "1110000000": 1,
                "1011110111": 1,
                "1000001011": 1,
                "1101101000": 1,
                "0001000011": 1,
                "0001010001": 1,
                "0100011001": 1,
                "0000001011": 1,
                "1010100110": 1,
                "1011001110": 1,
                "0000000010": 1,
                "1111010100": 1,
                "1111000111": 1,
                "1010101111": 1,
                "1010110101": 1,
                "1111100110": 1,
                "0001100101": 1,
                "1111101000": 1,
                "0011111010": 1,
                "0011000010": 1,
                "1101100101": 1,
                "1101010011": 1,
                "0001101011": 1,
                "1001110011": 1,
                "1110101100": 1,
                "1110010010": 1,
                "0111000111": 1,
                "1011000001": 1,
                "1010011101": 1,
                "0110101010": 1,
                "0101011001": 1,
                "1101001011": 1,
                "1000000010": 1,
                "0111110011": 1,
                "0101110110": 2,
                "1110001101": 1,
                "1100110010": 1,
                "1001101110": 1,
                "0001010010": 1,
                "0000110110": 1,
                "1111110010": 1,
                "1001010001": 1,
                "1010100101": 1,
                "1000101011": 1,
                "1000000000": 1,
                "0000011010": 1,
                "1111101011": 1,
                "1010110100": 1,
                "0010100001": 1,
                "1001001001": 1,
                "0011011100": 1,
                "0111100100": 1,
                "0010001000": 1,
                "0000100001": 1,
                "1100000001": 1,
                "1110000101": 1,
                "1011011100": 1,
                "0111110001": 1,
                "0000100010": 1,
                "0011100000": 1,
                "1001000100": 1,
                "0111001101": 1,
                "0000011100": 1,
                "1001110111": 1,
                "1111000001": 1,
                "0000001110": 1,
                "1000000111": 1,
                "0011101100": 1,
                "1100100111": 1,
                "1100011010": 1,
                "1100101001": 1,
                "1000001010": 1,
                "1000110100": 1,
                "1111001100": 1,
                "0101111010": 1,
                "0110000000": 1,
                "0010111100": 1,
                "0111100011": 1,
                "1000100011": 1,
                "1100110110": 1,
                "1111010011": 1,
                "0110101111": 1,
                "1100000011": 1
            },
            true,
            0.96
        ],
        [
            [
                [
                    3,
                    -4,
                    -9
                ],
                [
                    7,
                    -9,
                    -2
                ],
                [
                    3,
                    -9,
                    -1
                ],
                [
                    3,
                    1,
                    10
                ],
                [
                    -2,
                    7,
                    10
                ],
                [
                    1,
                    -10,
                    -5
                ],
                [
                    -9,
                    -2,
                    -4
                ],
                [
                    -9,
                    5,
                    1
                ],
                [
                    1,
                    -5,
                    3
                ],
                [
                    10,
                    -4,
                    -5
                ],
                [
                    -6,
                    9,
                    2
                ],
                [
                    -10,
                    3,
                    -8
                ],
                [
                    6,
                    -8,
                    2
                ],
                [
                    -8,
                    4,
                    10
                ],
                [
                    1,
                    9,
                    -5
                ],
                [
                    9,
                    1,
                    4
                ],
                [
                    2,
                    6,
                    7
                ],
                [
                    -7,
                    4,
                    2
                ],
                [
                    9,
                    -8,
                    -2
                ],
                [
                    -3,
                    6,
                    7
                ],
                [
                    -5,
                    7,
                    1
                ],
                [
                    10,
                    5,
                    8
                ],
                [
                    2,
                    -7,
                    3
                ],
                [
                    4,
                    1,
                    -6
                ],
                [
                    5,
                    1,
                    -4
                ],
                [
                    -4,
                    -7,
                    2
                ],
                [
                    -7,
                    1,
                    5
                ],
                [
                    -3,
                    -2,
                    8
                ],
                [
                    -10,
                    -3,
                    2
                ],
                [
                    7,
                    -2,
                    -4
                ],
                [
                    10,
                    4,
                    -9
                ],
                [
                    -4,
                    2,
                    8
                ],
                [
                    5,
                    -10,
                    9
                ],
                [
                    -4,
                    6,
                    2
                ],
                [
                    -2,
                    4,
                    8
                ],
                [
                    -8,
                    -9,
                    2
                ],
                [
                    4,
                    10,
                    -6
                ],
                [
                    -6,
                    8,
                    -7
                ],
                [
                    5,
                    -1,
                    -3
                ],
                [
                    6,
                    -10,
                    -8
                ],
                [
                    4,
                    7,
                    -5
                ],
                [
                    9,
                    6,
                    -5
                ],
                [
                    -3,
                    10,
                    -8
                ],
                [
                    -3,
                    -10,
                    5
                ],
                [
                    -6,
                    -1,
                    7
                ]
            ],
            "{   'fun': 1.0,\n    'jac': None,\n    'nfev': 27,\n    'nit': None,\n    'njev': None,\n    'x': array([1.58900524, 3.08395224])}",
            {
                "0111001111": 1,
                "0011000000": 1,
                "0111001110": 1,
                "0000010011": 1,
                "0011111011": 1,
                "0101100001": 1,
                "1111101111": 1,
                "1001110110": 1,
                "0111101001": 1,
                "1100011000": 1,
                "1000101111": 1,
                "1001011100": 1,
                "0110011010": 1,
                "0111000010": 1,
                "1101111000": 1,
                "0010101111": 1,
                "1011011011": 1,
                "1110001000": 1,
                "1001010100": 1,
                "0111001000": 1,
                "1100100101": 1,
                "1000010101": 1,
                "1011110101": 1,
                "0101011111": 1,
                "0011110000": 1,
                "1010011000": 1,
                "1101001000": 1,
                "0000111111": 1,
                "0110111110": 1,
                "1001001011": 1,
                "0110110000": 1,
                "1101010010": 2,
                "0011011100": 1,
                "0101111011": 1,
                "0111100100": 1,
                "0001011001": 1,
                "1010001111": 1,
                "1001001001": 1,
                "0010000110": 1,
                "0111010010": 1,
                "1100000100": 1,
                "1101111001": 1,
                "1011011010": 2,
                "1010010011": 1,
                "0011110100": 1,
                "0001111001": 1,
                "1101010101": 1,
                "1111100000": 1,
                "0111100111": 1,
                "1111010110": 1,
                "1011111010": 1,
                "1111000100": 1,
                "1110111000": 1,
                "1011101010": 1,
                "0001010100": 1,
                "1111101000": 1,
                "1011011001": 2,
                "0011010110": 1,
                "0101110101": 2,
                "0010101110": 1,
                "0000000111": 1,
                "0110000000": 1,
                "1001000011": 1,
                "1111110011": 1,
                "1001101010": 1,
                "1101000110": 1,
                "0010100011": 1,
                "0101101010": 1,
                "0011101111": 1,
                "1000001100": 1,
                "0000101000": 1,
                "0101000101": 1,
                "0011001100": 1,
                "1001111110": 1,
                "1001011101": 1,
                "1101100010": 1,
                "1001000000": 1,
                "0100000000": 1,
                "0111000110": 1,
                "1100001001": 1,
                "1101111100": 1,
                "1001100001": 1,
                "1001100000": 1,
                "0110010110": 1,
                "0011001110": 1,
                "0001101111": 1,
                "1110000111": 1,
                "0010100100": 1,
                "0001101010": 1,
                "0110001111": 1,
                "0111110111": 2,
                "1100110101": 1,
                "0110011011": 1,
                "1000001011": 1,
                "1101111010": 1
            },
            false,
            0.98
        ],
        [
            [
                [
                    2,
                    -8,
                    -3
                ],
                [
                    3,
                    10,
                    -6
                ],
                [
                    -7,
                    5,
                    -9
                ],
                [
                    -5,
                    -9,
                    -1
                ],
                [
                    -1,
                    9,
                    -2
                ],
                [
                    4,
                    1,
                    -8
                ],
                [
                    -1,
                    6,
                    10
                ],
                [
                    -4,
                    6,
                    -7
                ],
                [
                    -9,
                    -6,
                    4
                ],
                [
                    -10,
                    2,
                    -1
                ],
                [
                    -1,
                    6,
                    -5
                ],
                [
                    -1,
                    7,
                    10
                ],
                [
                    -1,
                    10,
                    2
                ],
                [
                    6,
                    9,
                    7
                ],
                [
                    7,
                    -1,
                    3
                ],
                [
                    4,
                    5,
                    10
                ],
                [
                    2,
                    -9,
                    -10
                ],
                [
                    -10,
                    -1,
                    3
                ],
                [
                    9,
                    -7,
                    1
                ],
                [
                    -1,
                    -2,
                    -6
                ],
                [
                    4,
                    7,
                    -3
                ],
                [
                    -3,
                    10,
                    -4
                ],
                [
                    7,
                    8,
                    9
                ],
                [
                    -10,
                    -8,
                    1
                ],
                [
                    -4,
                    2,
                    -5
                ],
                [
                    7,
                    -4,
                    -10
                ],
                [
                    -3,
                    5,
                    1
                ],
                [
                    -4,
                    -10,
                    2
                ],
                [
                    -1,
                    10,
                    7
                ],
                [
                    -4,
                    -7,
                    -3
                ],
                [
                    -8,
                    3,
                    7
                ],
                [
                    -4,
                    -9,
                    -5
                ],
                [
                    -8,
                    -4,
                    -3
                ],
                [
                    10,
                    -7,
                    8
                ],
                [
                    7,
                    -8,
                    -4
                ],
                [
                    -1,
                    8,
                    -2
                ],
                [
                    -10,
                    -1,
                    -2
                ],
                [
                    -9,
                    -8,
                    3
                ],
                [
                    -2,
                    1,
                    -6
                ],
                [
                    -8,
                    -1,
                    4
                ],
                [
                    10,
                    5,
                    -6
                ],
                [
                    9,
                    7,
                    6
                ],
                [
                    -3,
                    10,
                    9
                ],
                [
                    9,
                    7,
                    10
                ],
                [
                    -8,
                    -7,
                    -2
                ]
            ],
            "{   'fun': 0.97,\n    'jac': None,\n    'nfev': 26,\n    'nit': None,\n    'njev': None,\n    'x': array([1.92133884, 0.88683342])}",
            {
                "1000111111": 1,
                "1110101101": 1,
                "1110110011": 1,
                "1010010100": 1,
                "1101010001": 1,
                "1111001000": 1,
                "1010001001": 2,
                "0000100000": 1,
                "1010110010": 1,
                "1000110100": 1,
                "1001110010": 1,
                "0010100000": 1,
                "1100110110": 1,
                "1101001001": 1,
                "1001101001": 1,
                "0001011110": 1,
                "1001101011": 1,
                "1101101000": 1,
                "0011110110": 1,
                "1111000001": 1,
                "0111000110": 1,
                "1001010110": 1,
                "1100010110": 1,
                "0011111111": 1,
                "0011001010": 1,
                "1000010111": 1,
                "1110111001": 1,
                "0011101000": 1,
                "0100110100": 1,
                "0000000000": 1,
                "0100011101": 1,
                "1011100001": 1,
                "1100001011": 1,
                "1011000110": 1,
                "1100010010": 1,
                "0001010110": 2,
                "1101110001": 1,
                "1010101101": 1,
                "0111010111": 1,
                "0011100001": 1,
                "1110010010": 2,
                "0010111011": 1,
                "0110000101": 1,
                "1100111110": 2,
                "0000101001": 1,
                "1110110111": 1,
                "1110001001": 1,
                "1010011001": 1,
                "0111100111": 1,
                "0111111001": 1,
                "0011010101": 1,
                "0100101000": 1,
                "0000110001": 1,
                "1111101101": 1,
                "1011100010": 1,
                "0100001100": 1,
                "0011001111": 1,
                "0111100010": 1,
                "1110110001": 1,
                "1110001110": 1,
                "1010001101": 1,
                "0010011001": 1,
                "1010010101": 1,
                "0100000000": 1,
                "0110101101": 1,
                "0100000010": 1,
                "1110011110": 1,
                "1011001111": 1,
                "1010001011": 1,
                "1011110011": 1,
                "1011001000": 1,
                "1011010111": 1,
                "1101110000": 1,
                "0001011010": 1,
                "0011001101": 1,
                "1010101100": 2,
                "0101000001": 1,
                "1111111001": 1,
                "1001111111": 1,
                "0000101010": 1,
                "0111000011": 1,
                "0100111111": 1,
                "1111000111": 1,
                "1000000110": 1,
                "1111000101": 1,
                "1111001010": 1,
                "0101111011": 1,
                "0000001101": 1,
                "0011011010": 1,
                "1001100100": 1,
                "1001000110": 1,
                "0001111110": 1,
                "0111110101": 1,
                "0011010001": 1,
                "0100111000": 1
            },
            true,
            0.91
        ],
        [
            [
                [
                    -2,
                    10,
                    4
                ],
                [
                    2,
                    9,
                    -5
                ],
                [
                    3,
                    -7,
                    -1
                ],
                [
                    -7,
                    2,
                    1
                ],
                [
                    -5,
                    -7,
                    1
                ],
                [
                    -8,
                    -1,
                    7
                ],
                [
                    -5,
                    2,
                    -8
                ],
                [
                    -2,
                    7,
                    4
                ],
                [
                    1,
                    -4,
                    -5
                ],
                [
                    -4,
                    7,
                    5
                ],
                [
                    1,
                    8,
                    -4
                ],
                [
                    6,
                    -8,
                    2
                ],
                [
                    -4,
                    9,
                    -1
                ],
                [
                    6,
                    3,
                    -5
                ],
                [
                    5,
                    6,
                    9
                ],
                [
                    -4,
                    5,
                    -6
                ],
                [
                    -8,
                    7,
                    -2
                ],
                [
                    -8,
                    -5,
                    -4
                ],
                [
                    2,
                    3,
                    -1
                ],
                [
                    -4,
                    2,
                    -5
                ],
                [
                    -9,
                    -3,
                    -7
                ],
                [
                    -8,
                    -9,
                    -10
                ],
                [
                    1,
                    4,
                    -6
                ],
                [
                    2,
                    1,
                    10
                ],
                [
                    -9,
                    6,
                    -3
                ],
                [
                    2,
                    -5,
                    9
                ],
                [
                    -9,
                    -7,
                    6
                ],
                [
                    -6,
                    -9,
                    3
                ],
                [
                    3,
                    5,
                    -6
                ],
                [
                    -2,
                    -9,
                    -3
                ],
                [
                    -10,
                    1,
                    -7
                ],
                [
                    7,
                    -9,
                    -4
                ],
                [
                    -2,
                    -4,
                    6
                ],
                [
                    -3,
                    5,
                    -6
                ],
                [
                    7,
                    6,
                    9
                ],
                [
                    -2,
                    -7,
                    1
                ],
                [
                    2,
                    1,
                    5
                ],
                [
                    4,
                    -1,
                    -2
                ],
                [
                    -5,
                    8,
                    4
                ],
                [
                    -3,
                    9,
                    2
                ],
                [
                    -9,
                    -2,
                    -1
                ],
                [
                    -8,
                    -5,
                    -3
                ],
                [
                    5,
                    -6,
                    7
                ],
                [
                    -6,
                    -4,
                    3
                ],
                [
                    -2,
                    4,
                    1
                ]
            ],
            "{   'fun': 1.0,\n    'jac': None,\n    'nfev': 13,\n    'nit': None,\n    'njev': None,\n    'x': array([0.75198785, 2.768817  ])}",
            {
                "0100101011": 1,
                "0100110011": 1,
                "1101111101": 1,
                "1001000001": 1,
                "1011011100": 1,
                "0110010000": 1,
                "1101010010": 1,
                "0101010101": 1,
                "0110011011": 1,
                "0011100101": 1,
                "1100001101": 1,
                "1001101100": 1,
                "0100000000": 1,
                "0010000011": 1,
                "0000110101": 1,
                "0100101001": 1,
                "1110100010": 1,
                "0100100110": 1,
                "1010101111": 1,
                "0111101000": 1,
                "0111000110": 1,
                "1100001001": 1,
                "1001000000": 1,
                "0101000111": 1,
                "0010111010": 1,
                "0010001100": 1,
                "0101110011": 1,
                "0011000001": 1,
                "0101111001": 1,
                "1001111100": 1,
                "0010000110": 2,
                "1000101101": 1,
                "1111010111": 1,
                "1010110000": 1,
                "0100011101": 1,
                "1001000011": 2,
                "1111100110": 1,
                "0001010111": 1,
                "0001100001": 1,
                "1011110000": 1,
                "1000000111": 1,
                "1001100000": 1,
                "1000010111": 1,
                "0010110000": 1,
                "0000111100": 1,
                "0001000111": 1,
                "1100011010": 2,
                "1001010011": 1,
                "0011000011": 1,
                "0111000010": 1,
                "1110001111": 1,
                "1100100011": 1,
                "0111001101": 1,
                "0101100100": 1,
                "0010110001": 1,
                "0010010011": 1,
                "0011010101": 1,
                "0011101110": 1,
                "0010010010": 1,
                "1100011001": 1,
                "1110010110": 1,
                "0101101100": 1,
                "1011111101": 1,
                "0111111101": 1,
                "1111011100": 1,
                "1011011101": 1,
                "0101100000": 1,
                "0110101110": 2,
                "0011111100": 1,
                "1111011001": 1,
                "1111101101": 1,
                "0100001110": 1,
                "0001011000": 1,
                "1000001111": 1,
                "1011101111": 1,
                "0100110010": 1,
                "0110110001": 1,
                "0010110110": 1,
                "1000111010": 1,
                "0010101111": 1,
                "1100111100": 1,
                "0000010110": 1,
                "0110011000": 1,
                "0001000001": 2,
                "0001110110": 1,
                "0100000101": 1,
                "1111101100": 1,
                "1001010110": 1,
                "0111110110": 1,
                "1010111010": 1,
                "1011010110": 1,
                "1101101100": 1,
                "1111110101": 1,
                "0111011001": 1,
                "0010100011": 1
            },
            false,
            1.0
        ],
        [
            [
                [
                    -1,
                    -3,
                    -5
                ],
                [
                    9,
                    6,
                    -5
                ],
                [
                    1,
                    -4,
                    -7
                ],
                [
                    4,
                    -7,
                    5
                ],
                [
                    3,
                    -7,
                    5
                ],
                [
                    2,
                    1,
                    4
                ],
                [
                    5,
                    -4,
                    -1
                ],
                [
                    -3,
                    7,
                    2
                ],
                [
                    9,
                    1,
                    -6
                ],
                [
                    6,
                    -7,
                    8
                ],
                [
                    -6,
                    -3,
                    9
                ],
                [
                    -10,
                    6,
                    -2
                ],
                [
                    2,
                    -8,
                    7
                ],
                [
                    -7,
                    8,
                    -2
                ],
                [
                    9,
                    4,
                    -7
                ],
                [
                    -7,
                    5,
                    -1
                ],
                [
                    1,
                    -5,
                    -4
                ],
                [
                    -3,
                    -5,
                    9
                ],
                [
                    10,
                    1,
                    -7
                ],
                [
                    5,
                    -10,
                    3
                ],
                [
                    -2,
                    1,
                    9
                ],
                [
                    8,
                    -10,
                    -2
                ],
                [
                    2,
                    5,
                    7
                ],
                [
                    1,
                    3,
                    -5
                ],
                [
                    10,
                    4,
                    2
                ],
                [
                    -2,
                    -10,
                    7
                ],
                [
                    10,
                    -9,
                    -6
                ],
                [
                    -1,
                    5,
                    10
                ],
                [
                    2,
                    -6,
                    -7
                ],
                [
                    -9,
                    -7,
                    8
                ],
                [
                    1,
                    -9,
                    2
                ],
                [
                    -6,
                    8,
                    -3
                ],
                [
                    2,
                    -3,
                    4
                ],
                [
                    1,
                    8,
                    5
                ],
                [
                    -5,
                    2,
                    7
                ],
                [
                    4,
                    8,
                    -5
                ],
                [
                    -10,
                    -8,
                    7
                ],
                [
                    9,
                    3,
                    -7
                ],
                [
                    -1,
                    3,
                    2
                ],
                [
                    2,
                    7,
                    -6
                ],
                [
                    9,
                    -5,
                    6
                ],
                [
                    4,
                    -7,
                    -3
                ],
                [
                    6,
                    -2,
                    1
                ],
                [
                    6,
                    3,
                    -5
                ],
                [
                    7,
                    4,
                    9
                ]
            ],
            "{   'fun': 0.99,\n    'jac': None,\n    'nfev': 30,\n    'nit': None,\n    'njev': None,\n    'x': array([1.17416177, 1.63763575])}",
            {
                "1000010011": 1,
                "0010001110": 1,
                "1011001111": 1,
                "0011010101": 1,
                "0100111110": 1,
                "0101100000": 1,
                "1011111010": 1,
                "0011010010": 1,
                "0000110110": 1,
                "1000011000": 1,
                "0000100010": 1,
                "1101000100": 1,
                "1001100110": 1,
                "0011111000": 1,
                "0011111110": 1,
                "0111011101": 1,
                "0010101001": 1,
                "0011000100": 1,
                "0001111110": 1,
                "0011011001": 1,
                "1100000110": 1,
                "0111000111": 1,
                "0001110111": 1,
                "0111011011": 1,
                "1110110101": 1,
                "1001110010": 1,
                "1111000001": 1,
                "1011111101": 1,
                "1010000000": 1,
                "0000111111": 1,
                "0110100011": 1,
                "1011100010": 1,
                "0000111011": 2,
                "0101011001": 1,
                "1010101010": 1,
                "1101111010": 1,
                "0001100010": 1,
                "0011010110": 1,
                "0100100111": 1,
                "1010001010": 1,
                "1010011010": 1,
                "0100000011": 2,
                "0101110000": 1,
                "0101110111": 1,
                "1010101100": 1,
                "1011111011": 1,
                "1000100010": 1,
                "1100010000": 1,
                "1011001000": 1,
                "1101111101": 1,
                "0101001110": 2,
                "1110101110": 1,
                "1110011110": 1,
                "1111010001": 1,
                "0001010110": 1,
                "0010011111": 1,
                "1010110001": 1,
                "1100011111": 1,
                "0100011010": 1,
                "0010011011": 1,
                "0110100000": 1,
                "0000101101": 1,
                "1010110111": 1,
                "1100100001": 1,
                "0111010100": 1,
                "1100011110": 1,
                "1101101110": 1,
                "0011001101": 1,
                "1001111010": 1,
                "1010001101": 1,
                "0100010010": 1,
                "0110010011": 1,
                "1100100100": 1,
                "1010010111": 1,
                "1110011001": 1,
                "1101010101": 1,
                "1001110110": 1,
                "0111100101": 1,
                "0111101100": 1,
                "1010001110": 1,
                "0000100101": 1,
                "1010011100": 1,
                "1101001110": 1,
                "0000001100": 1,
                "0001100001": 1,
                "1111110010": 1,
                "0010010001": 1,
                "0010001111": 1,
                "0100111111": 1,
                "0000110011": 1,
                "0011001110": 1,
                "1110101000": 1,
                "0001110101": 1,
                "1110000010": 1,
                "0011000000": 1,
                "1011011111": 1,
                "1011001001": 1
            },
            true,
            0.94
        ]
    ]
}