{
    "n": 10,
    "m": 45,
    "results": [
        [
            [
                [
                    -4,
                    1,
                    7
                ],
                [
                    -8,
                    3,
                    -2
                ],
                [
                    -6,
                    8,
                    -7
                ],
                [
                    5,
                    9,
                    7
                ],
                [
                    2,
                    -7,
                    -6
                ],
                [
                    3,
                    -5,
                    -10
                ],
                [
                    1,
                    3,
                    8
                ],
                [
                    -5,
                    -8,
                    2
                ],
                [
                    10,
                    9,
                    -4
                ],
                [
                    4,
                    -6,
                    3
                ],
                [
                    3,
                    -2,
                    -7
                ],
                [
                    3,
                    6,
                    -10
                ],
                [
                    5,
                    -4,
                    -1
                ],
                [
                    -3,
                    -10,
                    -6
                ],
                [
                    2,
                    6,
                    -7
                ],
                [
                    6,
                    1,
                    -7
                ],
                [
                    9,
                    6,
                    1
                ],
                [
                    -5,
                    -6,
                    10
                ],
                [
                    4,
                    6,
                    8
                ],
                [
                    7,
                    -1,
                    -5
                ],
                [
                    -2,
                    7,
                    -9
                ],
                [
                    5,
                    9,
                    -10
                ],
                [
                    10,
                    -6,
                    5
                ],
                [
                    10,
                    -7,
                    -3
                ],
                [
                    -7,
                    -10,
                    -9
                ],
                [
                    8,
                    7,
                    2
                ],
                [
                    4,
                    -9,
                    5
                ],
                [
                    8,
                    -9,
                    4
                ],
                [
                    -6,
                    -3,
                    -1
                ],
                [
                    6,
                    4,
                    5
                ],
                [
                    4,
                    -7,
                    10
                ],
                [
                    6,
                    4,
                    1
                ],
                [
                    -2,
                    10,
                    -9
                ],
                [
                    -3,
                    10,
                    1
                ],
                [
                    -9,
                    -7,
                    4
                ],
                [
                    -9,
                    5,
                    -1
                ],
                [
                    9,
                    -7,
                    -4
                ],
                [
                    -7,
                    2,
                    8
                ],
                [
                    1,
                    2,
                    10
                ],
                [
                    6,
                    9,
                    2
                ],
                [
                    8,
                    -10,
                    9
                ],
                [
                    2,
                    -6,
                    9
                ],
                [
                    5,
                    -8,
                    -9
                ],
                [
                    -4,
                    6,
                    2
                ],
                [
                    -8,
                    4,
                    -1
                ]
            ],
            "{   'fun': 1.0,\n    'jac': None,\n    'nfev': 13,\n    'nit': None,\n    'njev': None,\n    'x': array([1.20550453, 0.72007837])}",
            {
                "1010010100": 1,
                "1001010001": 1,
                "1010000010": 1,
                "0010111010": 1,
                "1111001100": 1,
                "0100110110": 1,
                "1010100001": 1,
                "0111001000": 1,
                "0011000010": 1,
                "0101110010": 1,
                "1010010111": 1,
                "1110110000": 1,
                "1011101111": 1,
                "0010000110": 1,
                "1100011101": 1,
                "1110100000": 1,
                "0110110011": 1,
                "0101000001": 1,
                "1110011010": 1,
                "0110111011": 1,
                "0101010010": 2,
                "1000010000": 1,
                "1101000010": 1,
                "1000000011": 1,
                "1110111000": 1,
                "1000110000": 1,
                "0110001010": 1,
                "0010100111": 1,
                "1011110110": 1,
                "1110010010": 1,
                "1101011010": 1,
                "1110101010": 1,
                "0100100100": 1,
                "0100100011": 1,
                "1011111010": 1,
                "0111011101": 1,
                "1111101101": 1,
                "0011101001": 1,
                "0011000111": 2,
                "1111000010": 1,
                "1010011111": 1,
                "1101100000": 1,
                "0001110110": 1,
                "1001011010": 1,
                "1011101011": 1,
                "1100001010": 2,
                "1111101001": 1,
                "0100000010": 1,
                "1101000100": 1,
                "0000111000": 1,
                "1111010101": 1,
                "0010001101": 1,
                "1001101000": 1,
                "1011011011": 1,
                "0110111100": 1,
                "0101100100": 1,
                "0111001101": 1,
                "1001110010": 1,
                "1111110011": 1,
                "1101100111": 1,
                "1001011000": 1,
                "1010111011": 1,
                "0110100110": 1,
                "0100111111": 1,
                "1110100001": 1,
                "1111100011": 1,
                "0111111011": 1,
                "0011011101": 1,
                "0011010111": 1,
                "0011010001": 1,
                "1101110110": 1,
                "0101000011": 1,
                "1011001101": 1,
                "0001000100": 1,
                "0110110100": 1,
                "0000001000": 1,
                "0111001001": 1,
                "1111110101": 1,
                "1011010000": 1,
                "1010011001": 1,
                "0111101110": 1,
                "1010110010": 1,
                "0010101010": 1,
                "1101110100": 1,
                "1001000101": 1,
                "1100000010": 1,
                "1011100000": 1,
                "0101000000": 1,
                "0111100101": 1,
                "0110001110": 1,
                "0100111001": 1,
                "0000000000": 1,
                "1011110010": 1,
                "0111101001": 2,
                "1010010110": 1,
                "1000111110": 1
            },
            false,
            1.0
        ],
        [
            [
                [
                    4,
                    -10,
                    -5
                ],
                [
                    10,
                    6,
                    -2
                ],
                [
                    -7,
                    2,
                    4
                ],
                [
                    -2,
                    7,
                    1
                ],
                [
                    -3,
                    -7,
                    8
                ],
                [
                    8,
                    -7,
                    10
                ],
                [
                    7,
                    -5,
                    -1
                ],
                [
                    10,
                    3,
                    -2
                ],
                [
                    1,
                    5,
                    4
                ],
                [
                    -7,
                    -1,
                    -10
                ],
                [
                    8,
                    1,
                    7
                ],
                [
                    -1,
                    5,
                    -8
                ],
                [
                    -8,
                    10,
                    -1
                ],
                [
                    -9,
                    7,
                    -8
                ],
                [
                    3,
                    6,
                    9
                ],
                [
                    2,
                    -7,
                    -5
                ],
                [
                    -1,
                    8,
                    7
                ],
                [
                    -6,
                    1,
                    5
                ],
                [
                    -8,
                    -4,
                    6
                ],
                [
                    -9,
                    8,
                    -4
                ],
                [
                    -3,
                    -1,
                    -5
                ],
                [
                    7,
                    -1,
                    -9
                ],
                [
                    -4,
                    1,
                    8
                ],
                [
                    -5,
                    -1,
                    -3
                ],
                [
                    3,
                    6,
                    10
                ],
                [
                    4,
                    6,
                    -7
                ],
                [
                    3,
                    8,
                    -1
                ],
                [
                    -5,
                    -2,
                    10
                ],
                [
                    -9,
                    -4,
                    -5
                ],
                [
                    9,
                    8,
                    4
                ],
                [
                    5,
                    3,
                    10
                ],
                [
                    2,
                    -4,
                    -9
                ],
                [
                    9,
                    7,
                    -1
                ],
                [
                    1,
                    -10,
                    -3
                ],
                [
                    -7,
                    -3,
                    -1
                ],
                [
                    -8,
                    1,
                    6
                ],
                [
                    -8,
                    6,
                    -1
                ],
                [
                    7,
                    6,
                    -10
                ],
                [
                    -5,
                    4,
                    9
                ],
                [
                    -6,
                    -1,
                    -3
                ],
                [
                    -7,
                    9,
                    -2
                ],
                [
                    7,
                    -3,
                    -5
                ],
                [
                    -5,
                    4,
                    -2
                ],
                [
                    -5,
                    10,
                    -8
                ],
                [
                    6,
                    5,
                    -8
                ]
            ],
            "{   'fun': 1.0,\n    'jac': None,\n    'nfev': 22,\n    'nit': None,\n    'njev': None,\n    'x': array([0.8544442 , 3.08401979])}",
            {
                "1001101110": 1,
                "0110010010": 1,
                "1101010001": 1,
                "1100101110": 1,
                "1000010010": 1,
                "0110111011": 1,
                "0101011010": 1,
                "1101010110": 1,
                "0001111101": 1,
                "0110100111": 1,
                "0001001100": 1,
                "1100010101": 1,
                "0000010101": 1,
                "1000001100": 1,
                "1100001011": 1,
                "1010000110": 1,
                "1111000100": 1,
                "1011010100": 1,
                "1111011101": 1,
                "1001100011": 1,
                "1001110100": 1,
                "0001000110": 1,
                "0100011010": 1,
                "1100000110": 1,
                "1101110010": 1,
                "0100111110": 2,
                "0100000011": 1,
                "0100110111": 1,
                "1000111110": 1,
                "1011011000": 1,
                "1011011101": 1,
                "1011101101": 1,
                "0101001111": 1,
                "0011001101": 1,
                "0010100010": 1,
                "1001100111": 1,
                "0000000100": 1,
                "1011111010": 1,
                "0010001010": 1,
                "0011010110": 1,
                "0100000010": 1,
                "0110101101": 1,
                "0100010001": 1,
                "1110010010": 1,
                "0011101111": 1,
                "0101110011": 1,
                "0011000001": 1,
                "0000001110": 1,
                "0011101100": 1,
                "0101111000": 2,
                "1101001001": 1,
                "1101100000": 1,
                "1000011101": 1,
                "0000010000": 1,
                "1001011011": 1,
                "0101110010": 1,
                "0100111010": 1,
                "1101101000": 1,
                "1100100111": 2,
                "1110010100": 1,
                "0001001101": 1,
                "0001100001": 1,
                "0110100101": 2,
                "0011010000": 1,
                "0000101010": 1,
                "1111111001": 1,
                "0101010101": 1,
                "1110110101": 1,
                "0110111111": 1,
                "1100001001": 1,
                "0001111010": 1,
                "1001101000": 1,
                "1001100001": 1,
                "0001010000": 1,
                "1001010010": 1,
                "1110111101": 1,
                "1010101000": 1,
                "1010000001": 1,
                "0100101010": 1,
                "0001100111": 1,
                "1101001101": 1,
                "0011001001": 1,
                "0111010000": 1,
                "0111011010": 1,
                "1110100100": 1,
                "0000110100": 1,
                "0101110111": 1,
                "1000101000": 1,
                "0100001011": 1,
                "1100110100": 1,
                "0010010101": 1,
                "1010010111": 1,
                "1111101101": 1,
                "0010101001": 1,
                "1010111010": 1,
                "0100001111": 1
            },
            false,
            0.99
        ],
        [
            [
                [
                    4,
                    -6,
                    -1
                ],
                [
                    1,
                    7,
                    8
                ],
                [
                    7,
                    -2,
                    1
                ],
                [
                    1,
                    -5,
                    2
                ],
                [
                    4,
                    9,
                    7
                ],
                [
                    -7,
                    3,
                    -1
                ],
                [
                    2,
                    -5,
                    -1
                ],
                [
                    -9,
                    -7,
                    -8
                ],
                [
                    -7,
                    -3,
                    5
                ],
                [
                    -5,
                    -3,
                    -7
                ],
                [
                    -4,
                    6,
                    -10
                ],
                [
                    8,
                    -2,
                    10
                ],
                [
                    -5,
                    3,
                    -8
                ],
                [
                    -10,
                    -5,
                    -4
                ],
                [
                    10,
                    4,
                    -7
                ],
                [
                    9,
                    7,
                    -10
                ],
                [
                    -7,
                    -3,
                    6
                ],
                [
                    9,
                    4,
                    -5
                ],
                [
                    -10,
                    8,
                    -2
                ],
                [
                    3,
                    -10,
                    5
                ],
                [
                    -8,
                    -7,
                    5
                ],
                [
                    -10,
                    -6,
                    3
                ],
                [
                    -9,
                    2,
                    -5
                ],
                [
                    -4,
                    3,
                    10
                ],
                [
                    8,
                    -9,
                    2
                ],
                [
                    -6,
                    -8,
                    -9
                ],
                [
                    1,
                    5,
                    2
                ],
                [
                    -6,
                    5,
                    -3
                ],
                [
                    -4,
                    -3,
                    -8
                ],
                [
                    2,
                    7,
                    8
                ],
                [
                    -6,
                    8,
                    -2
                ],
                [
                    -10,
                    -1,
                    -2
                ],
                [
                    1,
                    3,
                    -4
                ],
                [
                    -5,
                    4,
                    7
                ],
                [
                    -6,
                    7,
                    2
                ],
                [
                    -5,
                    -10,
                    9
                ],
                [
                    6,
                    -9,
                    8
                ],
                [
                    -8,
                    -4,
                    -2
                ],
                [
                    -9,
                    -6,
                    -4
                ],
                [
                    -5,
                    -6,
                    -3
                ],
                [
                    6,
                    4,
                    -10
                ],
                [
                    7,
                    2,
                    10
                ],
                [
                    -5,
                    -3,
                    -10
                ],
                [
                    8,
                    -10,
                    6
                ],
                [
                    -10,
                    -3,
                    9
                ]
            ],
            "{   'fun': 0.99,\n    'jac': None,\n    'nfev': 27,\n    'nit': None,\n    'njev': None,\n    'x': array([1.92237958, 0.88660763])}",
            {
                "1100010100": 1,
                "0011110000": 1,
                "1110110100": 1,
                "1111000101": 1,
                "1000000011": 1,
                "0011000000": 1,
                "0000011000": 1,
                "0101001001": 1,
                "1100111000": 1,
                "0100111101": 1,
                "0001111110": 1,
                "1010100100": 1,
                "1110111111": 2,
                "0001101010": 1,
                "1111101110": 1,
                "1010010010": 1,
                "0010001100": 1,
                "0101100000": 1,
                "1110111001": 1,
                "1010011110": 1,
                "0001100101": 1,
                "1101001000": 1,
                "0101010100": 1,
                "0011001101": 1,
                "0001001111": 1,
                "1000011101": 1,
                "0000010000": 1,
                "1110110000": 1,
                "1000000101": 1,
                "0010100100": 1,
                "1011010011": 1,
                "1001010010": 2,
                "1110011010": 1,
                "1011110110": 1,
                "1010100101": 1,
                "1110001000": 1,
                "1110101011": 1,
                "0111011100": 1,
                "0110111011": 1,
                "0010110000": 1,
                "1011010000": 1,
                "1000100110": 1,
                "1100010111": 1,
                "0101101001": 1,
                "0001110000": 1,
                "0011110100": 1,
                "0110001010": 1,
                "1100101111": 1,
                "1101010110": 1,
                "1101101100": 1,
                "1010010001": 1,
                "1001111110": 1,
                "0011010011": 2,
                "1100001110": 1,
                "0010101111": 1,
                "0011101000": 1,
                "1110011100": 1,
                "1111000110": 1,
                "0101000101": 1,
                "0100110101": 1,
                "0110010001": 1,
                "0111101110": 1,
                "1111100010": 1,
                "0000111110": 1,
                "1100111011": 1,
                "0000100010": 1,
                "0110001101": 1,
                "1010101011": 1,
                "0100011100": 1,
                "1010001010": 1,
                "0110000100": 1,
                "0010000110": 1,
                "1100110001": 1,
                "0111101100": 1,
                "0010111011": 1,
                "1010101000": 1,
                "0110111000": 1,
                "1101100110": 1,
                "0010001101": 1,
                "0001001000": 1,
                "1111101011": 1,
                "0000000001": 1,
                "0100010000": 1,
                "0110001000": 1,
                "1001111011": 1,
                "1001111100": 1,
                "0011000101": 1,
                "1101101000": 1,
                "1001101111": 1,
                "1001110101": 1,
                "0111000110": 1,
                "0100000001": 1,
                "1100011001": 1,
                "0110110110": 1,
                "0010010110": 1,
                "0000101010": 1,
                "0111000011": 1
            },
            true,
            0.97
        ],
        [
            [
                [
                    -1,
                    10,
                    3
                ],
                [
                    -10,
                    3,
                    6
                ],
                [
                    6,
                    -3,
                    -10
                ],
                [
                    10,
                    3,
                    -7
                ],
                [
                    -3,
                    10,
                    -6
                ],
                [
                    -5,
                    -2,
                    1
                ],
                [
                    -3,
                    10,
                    9
                ],
                [
                    -10,
                    -4,
                    3
                ],
                [
                    -7,
                    2,
                    -8
                ],
                [
                    9,
                    8,
                    -7
                ],
                [
                    1,
                    -3,
                    -4
                ],
                [
                    -10,
                    -5,
                    -8
                ],
                [
                    -8,
                    5,
                    -1
                ],
                [
                    3,
                    -4,
                    -9
                ],
                [
                    8,
                    2,
                    -3
                ],
                [
                    6,
                    5,
                    -8
                ],
                [
                    -1,
                    -5,
                    -7
                ],
                [
                    10,
                    9,
                    -2
                ],
                [
                    -4,
                    -10,
                    5
                ],
                [
                    10,
                    -3,
                    -7
                ],
                [
                    1,
                    8,
                    -2
                ],
                [
                    -3,
                    -1,
                    8
                ],
                [
                    -6,
                    -4,
                    -2
                ],
                [
                    6,
                    -5,
                    -8
                ],
                [
                    4,
                    -9,
                    2
                ],
                [
                    -2,
                    8,
                    -9
                ],
                [
                    10,
                    6,
                    -9
                ],
                [
                    3,
                    -6,
                    8
                ],
                [
                    -7,
                    -2,
                    5
                ],
                [
                    -8,
                    3,
                    -5
                ],
                [
                    2,
                    6,
                    1
                ],
                [
                    2,
                    -4,
                    1
                ],
                [
                    -7,
                    -8,
                    -6
                ],
                [
                    10,
                    -5,
                    7
                ],
                [
                    -2,
                    5,
                    1
                ],
                [
                    3,
                    8,
                    -9
                ],
                [
                    10,
                    -8,
                    1
                ],
                [
                    7,
                    -9,
                    1
                ],
                [
                    -6,
                    -3,
                    -9
                ],
                [
                    2,
                    -1,
                    -10
                ],
                [
                    5,
                    6,
                    -9
                ],
                [
                    3,
                    7,
                    -8
                ],
                [
                    6,
                    1,
                    9
                ],
                [
                    9,
                    -6,
                    5
                ],
                [
                    -8,
                    7,
                    2
                ]
            ],
            "{   'fun': 1.0,\n    'jac': None,\n    'nfev': 13,\n    'nit': None,\n    'njev': None,\n    'x': array([0.75198785, 2.768817  ])}",
            {
                "1101010001": 1,
                "0100111001": 1,
                "0001011000": 1,
                "1010111111": 1,
                "0001001100": 1,
                "1111100111": 1,
                "0100100000": 1,
                "0110011100": 1,
                "1100000101": 1,
                "0110010101": 1,
                "1101101100": 1,
                "0111001010": 1,
                "0001101111": 1,
                "1100001000": 1,
                "0100010100": 1,
                "0100000011": 1,
                "0001010101": 1,
                "0000001001": 1,
                "0111100000": 1,
                "1011000001": 1,
                "1001011111": 1,
                "0011001001": 1,
                "0011110111": 1,
                "1010111100": 1,
                "0000000010": 1,
                "0110001100": 1,
                "0010101000": 1,
                "1001110010": 1,
                "1111110011": 1,
                "0010011101": 1,
                "1101001101": 1,
                "1001010110": 1,
                "1110000101": 1,
                "0100001010": 1,
                "1111100011": 1,
                "1001100000": 1,
                "1000000101": 2,
                "1010011101": 1,
                "1000101110": 1,
                "1001101110": 1,
                "0100101111": 1,
                "1011111000": 1,
                "1001001000": 1,
                "0100001000": 1,
                "0011011000": 1,
                "1000001001": 1,
                "0111101101": 1,
                "1100010011": 1,
                "0001101110": 1,
                "0111011000": 1,
                "1101110110": 2,
                "0001110001": 1,
                "1000000001": 1,
                "0011011001": 1,
                "1000001010": 1,
                "0000011010": 1,
                "1111000010": 1,
                "0101011101": 1,
                "1111001101": 1,
                "0000111110": 1,
                "1111010101": 1,
                "0111001000": 1,
                "0111000110": 1,
                "1111001111": 2,
                "1101111100": 1,
                "0011000010": 1,
                "1101011001": 1,
                "0000011001": 1,
                "0100011101": 1,
                "1001101010": 2,
                "0010010000": 1,
                "0100011000": 1,
                "1100111000": 1,
                "0100010000": 1,
                "1101010101": 1,
                "0100011010": 1,
                "0100010010": 1,
                "1000000100": 1,
                "1110101001": 1,
                "0111001101": 1,
                "0000011100": 1,
                "1100010000": 1,
                "1111110010": 1,
                "1110000011": 1,
                "0010010111": 1,
                "1010110100": 1,
                "0010101001": 1,
                "0010011000": 1,
                "0110111011": 1,
                "0001100011": 1,
                "1101111001": 1,
                "0100000010": 1,
                "1111001000": 1,
                "1000111110": 1,
                "1010010110": 1,
                "0101010011": 1
            },
            false,
            1.0
        ],
        [
            [
                [
                    8,
                    -1,
                    3
                ],
                [
                    -10,
                    -8,
                    4
                ],
                [
                    -8,
                    5,
                    -9
                ],
                [
                    9,
                    10,
                    -6
                ],
                [
                    2,
                    5,
                    -6
                ],
                [
                    9,
                    5,
                    3
                ],
                [
                    -3,
                    -7,
                    1
                ],
                [
                    -7,
                    4,
                    -5
                ],
                [
                    7,
                    6,
                    -4
                ],
                [
                    -2,
                    1,
                    -4
                ],
                [
                    8,
                    7,
                    -4
                ],
                [
                    -3,
                    2,
                    5
                ],
                [
                    10,
                    7,
                    -2
                ],
                [
                    7,
                    5,
                    2
                ],
                [
                    -7,
                    3,
                    1
                ],
                [
                    -7,
                    4,
                    -9
                ],
                [
                    1,
                    -4,
                    9
                ],
                [
                    1,
                    -10,
                    -8
                ],
                [
                    -10,
                    -4,
                    5
                ],
                [
                    -7,
                    2,
                    3
                ],
                [
                    -7,
                    8,
                    -2
                ],
                [
                    -3,
                    -1,
                    -6
                ],
                [
                    2,
                    1,
                    9
                ],
                [
                    -10,
                    7,
                    3
                ],
                [
                    -6,
                    -3,
                    8
                ],
                [
                    -4,
                    -7,
                    -5
                ],
                [
                    1,
                    7,
                    -6
                ],
                [
                    4,
                    -5,
                    -2
                ],
                [
                    1,
                    7,
                    -5
                ],
                [
                    3,
                    1,
                    -7
                ],
                [
                    -7,
                    9,
                    -4
                ],
                [
                    10,
                    -9,
                    -7
                ],
                [
                    -7,
                    8,
                    -4
                ],
                [
                    7,
                    -1,
                    -3
                ],
                [
                    7,
                    -6,
                    3
                ],
                [
                    -8,
                    9,
                    -1
                ],
                [
                    -6,
                    5,
                    3
                ],
                [
                    -1,
                    -7,
                    -8
                ],
                [
                    -10,
                    -3,
                    -4
                ],
                [
                    2,
                    -5,
                    -7
                ],
                [
                    -4,
                    -2,
                    5
                ],
                [
                    8,
                    4,
                    -5
                ],
                [
                    -6,
                    -2,
                    -4
                ],
                [
                    5,
                    1,
                    -3
                ],
                [
                    8,
                    -10,
                    -6
                ]
            ],
            "{   'fun': 1.0,\n    'jac': None,\n    'nfev': 23,\n    'nit': None,\n    'njev': None,\n    'x': array([0.18589412, 1.63795534])}",
            {
                "1011010111": 1,
                "1110110100": 1,
                "0101001010": 1,
                "1001100000": 1,
                "1101111111": 1,
                "1101001011": 1,
                "1111011101": 1,
                "1100110010": 1,
                "0011101001": 1,
                "0110011110": 1,
                "0110010110": 1,
                "1101000101": 1,
                "0100110011": 1,
                "1000010011": 1,
                "0110110111": 1,
                "1010011111": 1,
                "0001000011": 1,
                "0101110001": 1,
                "1100000010": 1,
                "0001000111": 1,
                "0001010111": 1,
                "0101111010": 1,
                "1010100011": 1,
                "0100101111": 1,
                "1000001011": 1,
                "1001101001": 3,
                "0101100111": 1,
                "0110000000": 1,
                "1001000011": 1,
                "1110110000": 1,
                "1011011000": 1,
                "1100000000": 1,
                "0100000001": 1,
                "1110111001": 1,
                "1010000111": 1,
                "1111111101": 2,
                "0000000011": 1,
                "1001011000": 1,
                "1110110001": 1,
                "1010100100": 1,
                "0100111010": 1,
                "0011000010": 1,
                "1011000110": 1,
                "1110100100": 1,
                "0110101110": 1,
                "1100111110": 1,
                "0010000000": 1,
                "1100001110": 1,
                "0011011110": 1,
                "1000100001": 1,
                "0001100100": 1,
                "1011100011": 1,
                "0100100101": 1,
                "0011101101": 1,
                "0111001001": 1,
                "1100000100": 1,
                "1100011110": 1,
                "1100110100": 1,
                "0110011100": 1,
                "1110101111": 1,
                "0000111011": 1,
                "0110100011": 1,
                "0011000011": 1,
                "0010111001": 1,
                "0101001011": 1,
                "0111111011": 1,
                "0000111001": 1,
                "0111110100": 1,
                "1101001000": 1,
                "1110010000": 2,
                "1010100111": 1,
                "1110000111": 1,
                "1110001110": 1,
                "0001000110": 2,
                "0011000111": 1,
                "0110010000": 1,
                "1110010011": 1,
                "1101101001": 1,
                "1011001110": 1,
                "0011001010": 1,
                "1110001000": 1,
                "0100100000": 1,
                "1011011011": 1,
                "1100001100": 1,
                "1001100001": 1,
                "1001101000": 1,
                "0100010111": 1,
                "0110001101": 1,
                "1011101011": 1,
                "0001101101": 1,
                "0111101000": 1,
                "0110110000": 1,
                "1101110000": 1,
                "0011110111": 1,
                "0111111111": 1
            },
            false,
            0.99
        ]
    ]
}