{
    "n": 10,
    "m": 45,
    "results": [
        [
            [
                [
                    8,
                    -1,
                    5
                ],
                [
                    7,
                    -8,
                    -9
                ],
                [
                    -2,
                    8,
                    4
                ],
                [
                    -2,
                    6,
                    8
                ],
                [
                    9,
                    -10,
                    -7
                ],
                [
                    5,
                    -9,
                    -3
                ],
                [
                    9,
                    -10,
                    -4
                ],
                [
                    -10,
                    -7,
                    -6
                ],
                [
                    2,
                    -9,
                    5
                ],
                [
                    -5,
                    10,
                    -7
                ],
                [
                    6,
                    -2,
                    4
                ],
                [
                    -10,
                    -9,
                    -7
                ],
                [
                    9,
                    -5,
                    1
                ],
                [
                    -10,
                    -7,
                    9
                ],
                [
                    10,
                    -9,
                    3
                ],
                [
                    6,
                    1,
                    -3
                ],
                [
                    -9,
                    -1,
                    -8
                ],
                [
                    -9,
                    -5,
                    3
                ],
                [
                    -3,
                    9,
                    8
                ],
                [
                    7,
                    -5,
                    1
                ],
                [
                    3,
                    9,
                    7
                ],
                [
                    -7,
                    8,
                    -9
                ],
                [
                    4,
                    9,
                    -2
                ],
                [
                    3,
                    -8,
                    -9
                ],
                [
                    -2,
                    -9,
                    8
                ],
                [
                    -2,
                    3,
                    -10
                ],
                [
                    -6,
                    1,
                    3
                ],
                [
                    3,
                    6,
                    -8
                ],
                [
                    -2,
                    5,
                    1
                ],
                [
                    3,
                    4,
                    7
                ],
                [
                    -3,
                    1,
                    -5
                ],
                [
                    2,
                    -10,
                    -7
                ],
                [
                    2,
                    -7,
                    4
                ],
                [
                    9,
                    5,
                    -4
                ],
                [
                    -4,
                    6,
                    7
                ],
                [
                    4,
                    -8,
                    -6
                ],
                [
                    -8,
                    -2,
                    1
                ],
                [
                    5,
                    -6,
                    8
                ],
                [
                    5,
                    -8,
                    1
                ],
                [
                    7,
                    5,
                    2
                ],
                [
                    -9,
                    4,
                    -10
                ],
                [
                    -7,
                    10,
                    -1
                ],
                [
                    -3,
                    9,
                    -2
                ],
                [
                    10,
                    9,
                    3
                ],
                [
                    -3,
                    -10,
                    6
                ]
            ],
            "{   'fun': 0.99,\n    'jac': None,\n    'nfev': 28,\n    'nit': None,\n    'njev': None,\n    'x': array([1.20522135, 0.7199072 ])}",
            {
                "0111110100": 1,
                "1011001011": 1,
                "1111011011": 1,
                "1010100010": 1,
                "1111001001": 1,
                "1000010111": 1,
                "1111100000": 1,
                "1101001010": 1,
                "0101101110": 1,
                "1110000010": 1,
                "0001000101": 1,
                "0110110110": 1,
                "0111110101": 1,
                "1101101000": 1,
                "0101001101": 1,
                "1110111110": 1,
                "1110111100": 1,
                "0110111101": 1,
                "1100101100": 1,
                "1111100110": 1,
                "1010001101": 1,
                "0110001000": 1,
                "1100010101": 1,
                "0110000111": 2,
                "0101011001": 2,
                "0010001101": 1,
                "1011101010": 1,
                "1101110010": 1,
                "1111111011": 1,
                "1010011110": 1,
                "0001100001": 1,
                "1000000110": 1,
                "1101100001": 1,
                "0000111100": 2,
                "0011001111": 1,
                "0111011000": 1,
                "1011100010": 1,
                "1100010001": 1,
                "1000010011": 1,
                "0101111011": 1,
                "0011011100": 1,
                "0001001101": 1,
                "1100000111": 1,
                "1010010110": 2,
                "0101001011": 1,
                "0000110111": 1,
                "1100000100": 1,
                "0010101110": 1,
                "0001100010": 1,
                "1100001011": 1,
                "0011110101": 1,
                "0000100100": 1,
                "0110001100": 1,
                "1101001111": 1,
                "1110000111": 1,
                "1011111100": 1,
                "0011110011": 1,
                "1010101111": 1,
                "0010001011": 1,
                "1100001010": 1,
                "1011110011": 1,
                "1101010010": 1,
                "0001100111": 1,
                "1110101101": 1,
                "1000011000": 1,
                "1100110101": 1,
                "1001111001": 1,
                "0100111001": 1,
                "0010000000": 1,
                "0100010110": 1,
                "0100010100": 1,
                "0011100001": 1,
                "1101011100": 1,
                "1010000101": 1,
                "1100011110": 1,
                "0001010101": 1,
                "0011011011": 1,
                "1000001111": 1,
                "1100110110": 1,
                "0011000010": 1,
                "0100111010": 1,
                "0000011001": 1,
                "1011000111": 2,
                "0010111111": 1,
                "0000110001": 1,
                "0111000000": 1,
                "0000101100": 1,
                "0110010110": 1,
                "0000000101": 1,
                "1010100101": 2,
                "0000100010": 1,
                "0110011101": 1,
                "1001110101": 1,
                "1100001001": 1
            },
            true,
            0.97
        ],
        [
            [
                [
                    -6,
                    -5,
                    -4
                ],
                [
                    1,
                    -7,
                    -8
                ],
                [
                    -4,
                    5,
                    3
                ],
                [
                    3,
                    -4,
                    2
                ],
                [
                    7,
                    5,
                    10
                ],
                [
                    -6,
                    -9,
                    -7
                ],
                [
                    10,
                    -2,
                    3
                ],
                [
                    -6,
                    -8,
                    1
                ],
                [
                    6,
                    -3,
                    -1
                ],
                [
                    3,
                    -9,
                    -4
                ],
                [
                    -8,
                    3,
                    -4
                ],
                [
                    -3,
                    8,
                    -10
                ],
                [
                    -7,
                    2,
                    1
                ],
                [
                    -6,
                    -8,
                    3
                ],
                [
                    6,
                    8,
                    -9
                ],
                [
                    -6,
                    -8,
                    2
                ],
                [
                    1,
                    4,
                    6
                ],
                [
                    6,
                    10,
                    8
                ],
                [
                    1,
                    -10,
                    8
                ],
                [
                    9,
                    5,
                    -8
                ],
                [
                    -9,
                    10,
                    1
                ],
                [
                    7,
                    -3,
                    2
                ],
                [
                    2,
                    -7,
                    -8
                ],
                [
                    5,
                    -6,
                    -1
                ],
                [
                    5,
                    -1,
                    -4
                ],
                [
                    7,
                    4,
                    -10
                ],
                [
                    -6,
                    8,
                    4
                ],
                [
                    -4,
                    -9,
                    10
                ],
                [
                    -7,
                    5,
                    3
                ],
                [
                    4,
                    6,
                    -3
                ],
                [
                    5,
                    -2,
                    1
                ],
                [
                    -6,
                    -9,
                    -10
                ],
                [
                    5,
                    -4,
                    -6
                ],
                [
                    -7,
                    6,
                    -1
                ],
                [
                    -5,
                    2,
                    -7
                ],
                [
                    -9,
                    -5,
                    -6
                ],
                [
                    3,
                    6,
                    1
                ],
                [
                    -6,
                    -8,
                    -1
                ],
                [
                    -7,
                    -5,
                    -9
                ],
                [
                    5,
                    4,
                    3
                ],
                [
                    2,
                    1,
                    -6
                ],
                [
                    -3,
                    -2,
                    8
                ],
                [
                    9,
                    -8,
                    7
                ],
                [
                    -6,
                    5,
                    1
                ],
                [
                    -4,
                    -7,
                    -5
                ]
            ],
            "{   'fun': 1.0,\n    'jac': None,\n    'nfev': 29,\n    'nit': None,\n    'njev': None,\n    'x': array([0.83883205, 4.08394692])}",
            {
                "1101110100": 1,
                "1010111101": 1,
                "0010010000": 1,
                "0011110000": 1,
                "1100011100": 1,
                "0000000011": 1,
                "0100001000": 1,
                "0101010101": 1,
                "0000110000": 1,
                "1101001110": 1,
                "1101001100": 1,
                "1100000110": 1,
                "0110111011": 1,
                "0011100000": 1,
                "1111011111": 1,
                "1110100100": 1,
                "0110011010": 1,
                "1000101011": 1,
                "1110001100": 1,
                "0010111001": 1,
                "1111011100": 1,
                "1001111101": 1,
                "1100100001": 1,
                "1100101100": 1,
                "0111011010": 2,
                "0011011101": 1,
                "0111111011": 1,
                "0001101000": 1,
                "0111110110": 1,
                "1010100100": 1,
                "0100111011": 1,
                "1001110010": 2,
                "1110100011": 1,
                "1111101001": 1,
                "0001111111": 1,
                "1110101111": 1,
                "1101011100": 1,
                "1111110111": 1,
                "0101000011": 1,
                "1100100011": 1,
                "1011000011": 1,
                "0001010010": 1,
                "1001010110": 1,
                "1010000111": 1,
                "0001111010": 1,
                "1110101100": 1,
                "1000011001": 1,
                "1100101101": 1,
                "0000001010": 1,
                "0011010111": 1,
                "1001001111": 2,
                "0101010111": 1,
                "1111111001": 1,
                "0111101000": 2,
                "0011110011": 1,
                "1010101111": 1,
                "1111010011": 1,
                "1100110110": 1,
                "1000001100": 1,
                "0111100001": 1,
                "0100111001": 1,
                "1000010110": 1,
                "0101010110": 1,
                "0000110001": 1,
                "0001110110": 1,
                "1101010101": 1,
                "0111001101": 1,
                "0110100111": 2,
                "0111101110": 1,
                "0110011100": 1,
                "0101100011": 1,
                "0110011110": 2,
                "0101110110": 1,
                "1101011011": 1,
                "1100011001": 1,
                "1011011001": 1,
                "0111101010": 1,
                "0100001001": 1,
                "0001011101": 1,
                "0111110001": 1,
                "1011101100": 1,
                "1111001010": 1,
                "0110110011": 1,
                "1011110101": 1,
                "0001101100": 1,
                "0111010110": 1,
                "1000101001": 1,
                "1000011110": 1,
                "0111100100": 1,
                "0111111000": 1,
                "1100111100": 1,
                "1000111010": 1,
                "0011111111": 1,
                "1001101110": 1
            },
            false,
            0.99
        ],
        [
            [
                [
                    1,
                    6,
                    10
                ],
                [
                    5,
                    -10,
                    7
                ],
                [
                    7,
                    -2,
                    3
                ],
                [
                    5,
                    6,
                    -3
                ],
                [
                    6,
                    8,
                    -5
                ],
                [
                    -3,
                    -2,
                    1
                ],
                [
                    4,
                    2,
                    10
                ],
                [
                    6,
                    -3,
                    -9
                ],
                [
                    -4,
                    -2,
                    -8
                ],
                [
                    9,
                    4,
                    3
                ],
                [
                    -2,
                    1,
                    -8
                ],
                [
                    7,
                    -4,
                    10
                ],
                [
                    2,
                    4,
                    7
                ],
                [
                    10,
                    5,
                    -2
                ],
                [
                    1,
                    -9,
                    4
                ],
                [
                    -9,
                    -1,
                    -3
                ],
                [
                    6,
                    4,
                    -7
                ],
                [
                    -1,
                    -9,
                    -7
                ],
                [
                    -4,
                    3,
                    6
                ],
                [
                    3,
                    -4,
                    -9
                ],
                [
                    6,
                    -1,
                    -2
                ],
                [
                    -3,
                    10,
                    5
                ],
                [
                    -6,
                    -10,
                    5
                ],
                [
                    8,
                    2,
                    -9
                ],
                [
                    -2,
                    10,
                    -5
                ],
                [
                    3,
                    8,
                    -5
                ],
                [
                    -6,
                    -4,
                    1
                ],
                [
                    -1,
                    4,
                    3
                ],
                [
                    4,
                    -1,
                    10
                ],
                [
                    10,
                    -3,
                    -6
                ],
                [
                    -7,
                    5,
                    3
                ],
                [
                    6,
                    -2,
                    5
                ],
                [
                    -6,
                    -10,
                    -4
                ],
                [
                    -9,
                    -3,
                    -1
                ],
                [
                    -1,
                    3,
                    4
                ],
                [
                    -8,
                    6,
                    10
                ],
                [
                    -2,
                    -1,
                    8
                ],
                [
                    3,
                    10,
                    4
                ],
                [
                    4,
                    5,
                    3
                ],
                [
                    7,
                    -10,
                    -6
                ],
                [
                    -3,
                    7,
                    9
                ],
                [
                    7,
                    -9,
                    4
                ],
                [
                    -5,
                    -7,
                    8
                ],
                [
                    5,
                    7,
                    1
                ],
                [
                    10,
                    -1,
                    3
                ]
            ],
            "{   'fun': 0.98,\n    'jac': None,\n    'nfev': 26,\n    'nit': None,\n    'njev': None,\n    'x': array([1.9059428, 0.8934657])}",
            {
                "0110011110": 1,
                "0000110000": 1,
                "1110111111": 1,
                "1101100111": 1,
                "1110101010": 1,
                "1011001011": 1,
                "1111111100": 1,
                "0101010000": 1,
                "0000001000": 1,
                "0011101000": 1,
                "0111000111": 1,
                "1010000110": 1,
                "1100001010": 1,
                "0000101001": 1,
                "0000101111": 1,
                "0011111100": 1,
                "0111101101": 1,
                "1010101010": 1,
                "0111100111": 1,
                "0010000110": 1,
                "1000101100": 1,
                "0001011110": 1,
                "1011111111": 1,
                "0101100000": 1,
                "0101111001": 1,
                "1010110101": 1,
                "0101110010": 1,
                "0000000011": 1,
                "0110000110": 1,
                "1110011111": 1,
                "0011011101": 1,
                "0101101100": 1,
                "1110010110": 1,
                "1101100110": 1,
                "1011011101": 1,
                "1111011100": 1,
                "0000011000": 1,
                "1001000011": 2,
                "1111000001": 1,
                "0000111000": 1,
                "1010111000": 1,
                "0000101010": 1,
                "1101100011": 1,
                "1111101101": 1,
                "1010010111": 1,
                "1100110101": 1,
                "0001101110": 1,
                "1010101101": 1,
                "0001100111": 1,
                "1010000101": 1,
                "0001011011": 1,
                "0100000011": 2,
                "1011110111": 1,
                "1100000111": 2,
                "1010010110": 1,
                "0010001011": 1,
                "0110010011": 1,
                "1100011101": 1,
                "1100101001": 1,
                "0111100010": 1,
                "0100101100": 1,
                "0011001001": 1,
                "1110010000": 1,
                "1111111111": 1,
                "0010100111": 1,
                "0111100001": 1,
                "0011011010": 1,
                "0110100011": 1,
                "1110000011": 1,
                "1100001100": 1,
                "1101001001": 1,
                "0111000100": 1,
                "0110001000": 1,
                "1100011011": 1,
                "1000010001": 1,
                "0101010010": 1,
                "1010110110": 1,
                "1010000111": 1,
                "1101111100": 1,
                "0001001010": 1,
                "1110100110": 1,
                "1101110011": 1,
                "0100101111": 1,
                "0011101010": 1,
                "1100110001": 1,
                "1101111011": 1,
                "0111010011": 1,
                "0100001111": 1,
                "1110100111": 1,
                "0000111110": 1,
                "0010100011": 1,
                "1011001000": 1,
                "0111001101": 1,
                "1101111000": 1,
                "0100010001": 1,
                "1000000010": 1,
                "0001100000": 1
            },
            true,
            0.94
        ],
        [
            [
                [
                    -5,
                    2,
                    10
                ],
                [
                    -2,
                    -1,
                    -4
                ],
                [
                    1,
                    8,
                    4
                ],
                [
                    -1,
                    -10,
                    4
                ],
                [
                    2,
                    -9,
                    6
                ],
                [
                    6,
                    -7,
                    4
                ],
                [
                    3,
                    9,
                    -7
                ],
                [
                    7,
                    5,
                    4
                ],
                [
                    -5,
                    -10,
                    -7
                ],
                [
                    -9,
                    10,
                    2
                ],
                [
                    10,
                    4,
                    7
                ],
                [
                    5,
                    10,
                    4
                ],
                [
                    -5,
                    3,
                    -9
                ],
                [
                    6,
                    4,
                    -10
                ],
                [
                    -3,
                    7,
                    -4
                ],
                [
                    2,
                    -8,
                    9
                ],
                [
                    -7,
                    -1,
                    -3
                ],
                [
                    9,
                    1,
                    -5
                ],
                [
                    1,
                    7,
                    -2
                ],
                [
                    9,
                    -3,
                    2
                ],
                [
                    6,
                    10,
                    2
                ],
                [
                    9,
                    4,
                    2
                ],
                [
                    -8,
                    -6,
                    7
                ],
                [
                    -2,
                    9,
                    3
                ],
                [
                    -4,
                    -3,
                    -1
                ],
                [
                    10,
                    3,
                    -5
                ],
                [
                    1,
                    -10,
                    4
                ],
                [
                    6,
                    -10,
                    7
                ],
                [
                    10,
                    3,
                    -5
                ],
                [
                    -7,
                    -1,
                    -10
                ],
                [
                    -9,
                    -7,
                    -8
                ],
                [
                    3,
                    6,
                    -2
                ],
                [
                    7,
                    -9,
                    1
                ],
                [
                    -8,
                    3,
                    9
                ],
                [
                    -8,
                    -3,
                    -10
                ],
                [
                    1,
                    -5,
                    4
                ],
                [
                    -9,
                    4,
                    -5
                ],
                [
                    -7,
                    -6,
                    -10
                ],
                [
                    -4,
                    -3,
                    -5
                ],
                [
                    9,
                    -6,
                    -8
                ],
                [
                    -4,
                    10,
                    -6
                ],
                [
                    10,
                    5,
                    -8
                ],
                [
                    -5,
                    -9,
                    -7
                ],
                [
                    -4,
                    -5,
                    -6
                ],
                [
                    7,
                    8,
                    3
                ]
            ],
            "{   'fun': 0.96,\n    'jac': None,\n    'nfev': 26,\n    'nit': None,\n    'njev': None,\n    'x': array([1.74931841, 2.7716926 ])}",
            {
                "1010100110": 1,
                "1001001110": 1,
                "0010011011": 1,
                "1111100101": 1,
                "0110000010": 1,
                "1010010011": 1,
                "0111101010": 1,
                "0100000100": 1,
                "1101111010": 1,
                "0110100101": 1,
                "0100001101": 1,
                "0001010000": 1,
                "0111100110": 1,
                "0010001110": 1,
                "0001001111": 1,
                "0001010001": 1,
                "0111111110": 1,
                "0101100000": 1,
                "1101001100": 1,
                "1011111010": 1,
                "1111100001": 1,
                "1100010100": 1,
                "0101001011": 1,
                "1110001111": 1,
                "1011000100": 1,
                "1110001011": 1,
                "1100111011": 1,
                "1110010001": 1,
                "0011010111": 1,
                "1111000101": 2,
                "0001100011": 1,
                "0110110001": 1,
                "0111101011": 1,
                "0111111000": 2,
                "1000100110": 1,
                "1010010001": 1,
                "1001001101": 2,
                "1010000000": 1,
                "0000010011": 1,
                "1100110010": 1,
                "1110111110": 1,
                "0111111100": 1,
                "0000111101": 1,
                "1011010000": 1,
                "0000010110": 1,
                "1110110000": 2,
                "0010110001": 3,
                "1110011011": 1,
                "0001111000": 1,
                "0111100001": 1,
                "1110111101": 1,
                "0011001101": 1,
                "0001101010": 1,
                "1101111110": 1,
                "1001100010": 1,
                "1000111100": 1,
                "1010100111": 1,
                "0010100100": 1,
                "1101101000": 1,
                "0000110101": 1,
                "1010011101": 1,
                "0101110011": 1,
                "0010111100": 1,
                "0011100000": 1,
                "0100001010": 1,
                "1000110110": 1,
                "1111011000": 1,
                "0111110000": 1,
                "0110111010": 2,
                "0100101011": 1,
                "0100110010": 1,
                "0010111000": 1,
                "1000011111": 1,
                "0011000010": 1,
                "0101110010": 1,
                "0000101000": 1,
                "0110110111": 1,
                "1101001011": 1,
                "1010001000": 1,
                "1101110010": 1,
                "1011110000": 1,
                "1100111110": 1,
                "1101100100": 1,
                "1011100111": 1,
                "1001000101": 1,
                "1111110010": 1,
                "1001110110": 1,
                "0001110011": 1,
                "1001101111": 1,
                "1001111000": 1,
                "1100011111": 1,
                "0010101000": 1,
                "0100011100": 1
            },
            true,
            0.95
        ],
        [
            [
                [
                    -2,
                    1,
                    6
                ],
                [
                    -5,
                    -9,
                    3
                ],
                [
                    -9,
                    3,
                    4
                ],
                [
                    7,
                    8,
                    -4
                ],
                [
                    -2,
                    -8,
                    -10
                ],
                [
                    -2,
                    4,
                    -7
                ],
                [
                    -2,
                    6,
                    9
                ],
                [
                    -1,
                    -7,
                    -10
                ],
                [
                    -5,
                    -10,
                    8
                ],
                [
                    10,
                    9,
                    5
                ],
                [
                    6,
                    -8,
                    2
                ],
                [
                    7,
                    -8,
                    2
                ],
                [
                    -8,
                    -10,
                    9
                ],
                [
                    -3,
                    9,
                    -7
                ],
                [
                    -8,
                    2,
                    -9
                ],
                [
                    -8,
                    -5,
                    -9
                ],
                [
                    6,
                    -5,
                    10
                ],
                [
                    6,
                    -8,
                    5
                ],
                [
                    2,
                    5,
                    -4
                ],
                [
                    -9,
                    -6,
                    1
                ],
                [
                    6,
                    -10,
                    -3
                ],
                [
                    10,
                    1,
                    -3
                ],
                [
                    -8,
                    2,
                    -5
                ],
                [
                    -7,
                    -4,
                    3
                ],
                [
                    5,
                    -8,
                    -2
                ],
                [
                    3,
                    1,
                    5
                ],
                [
                    2,
                    -1,
                    8
                ],
                [
                    5,
                    4,
                    3
                ],
                [
                    -1,
                    -8,
                    -9
                ],
                [
                    7,
                    4,
                    -3
                ],
                [
                    9,
                    6,
                    -3
                ],
                [
                    -4,
                    -9,
                    3
                ],
                [
                    -3,
                    -7,
                    -2
                ],
                [
                    1,
                    5,
                    9
                ],
                [
                    6,
                    -5,
                    -10
                ],
                [
                    -4,
                    10,
                    -3
                ],
                [
                    2,
                    4,
                    -8
                ],
                [
                    3,
                    5,
                    10
                ],
                [
                    9,
                    3,
                    4
                ],
                [
                    5,
                    -10,
                    -3
                ],
                [
                    8,
                    -1,
                    -2
                ],
                [
                    2,
                    10,
                    -3
                ],
                [
                    3,
                    9,
                    -1
                ],
                [
                    3,
                    10,
                    -6
                ],
                [
                    3,
                    8,
                    7
                ]
            ],
            "{   'fun': 1.0,\n    'jac': None,\n    'nfev': 13,\n    'nit': None,\n    'njev': None,\n    'x': array([0.17035472, 1.63790365])}",
            {
                "0111110011": 1,
                "0001000111": 1,
                "1111101111": 1,
                "0100100111": 1,
                "1010000100": 1,
                "1110000011": 1,
                "1101110011": 1,
                "0110110100": 1,
                "1111110110": 1,
                "0011011010": 1,
                "1111110000": 1,
                "0110000110": 1,
                "1100111001": 1,
                "1101000100": 1,
                "0000111000": 1,
                "1011111001": 1,
                "1100100000": 1,
                "1000111000": 1,
                "0000010100": 1,
                "1001101000": 1,
                "0010001010": 1,
                "1001010101": 1,
                "0010010000": 1,
                "1001000010": 1,
                "1010001001": 1,
                "1111001101": 1,
                "0001000001": 1,
                "0101100100": 1,
                "1011111101": 1,
                "1101110001": 1,
                "1100111101": 1,
                "0101100001": 1,
                "0110011110": 1,
                "0000000101": 1,
                "0100011001": 1,
                "1100011111": 1,
                "1110100100": 1,
                "1001011110": 1,
                "1000000110": 1,
                "1101101001": 1,
                "0011001010": 1,
                "0100000111": 1,
                "1001001001": 1,
                "1101101101": 1,
                "1011100110": 2,
                "0111100011": 1,
                "1110000100": 1,
                "1100101100": 1,
                "0001001000": 1,
                "0000000001": 1,
                "1101100100": 1,
                "0111011111": 1,
                "1101011011": 1,
                "1000010100": 1,
                "1100101001": 1,
                "0101110111": 1,
                "1110011110": 2,
                "0010101101": 1,
                "0100000010": 1,
                "1101000110": 1,
                "0110100000": 1,
                "0110000011": 1,
                "0100111101": 1,
                "0010011011": 1,
                "0010000100": 1,
                "1010011000": 1,
                "1110111001": 1,
                "0111110101": 1,
                "1100101111": 1,
                "0011001101": 1,
                "0100001110": 1,
                "1001000111": 1,
                "0010101001": 1,
                "0111000111": 1,
                "1001011111": 1,
                "0110000010": 1,
                "1101110110": 1,
                "0010101100": 1,
                "0011110111": 1,
                "0011000111": 1,
                "1010001100": 1,
                "0010111101": 1,
                "0111010001": 1,
                "0101101011": 1,
                "0001100000": 1,
                "1011110010": 1,
                "0011000010": 1,
                "1100001110": 2,
                "1110100000": 1,
                "0011111110": 1,
                "0011000100": 1,
                "0001001011": 1,
                "1010010110": 1,
                "0110001111": 1,
                "0001111100": 1,
                "0111001100": 1,
                "0110101000": 1
            },
            false,
            1.0
        ]
    ]
}