{
    "n": 10,
    "m": 45,
    "results": [
        [
            [
                [
                    1,
                    -3,
                    -2
                ],
                [
                    -2,
                    1,
                    -4
                ],
                [
                    10,
                    3,
                    -4
                ],
                [
                    7,
                    -9,
                    5
                ],
                [
                    4,
                    5,
                    -7
                ],
                [
                    -5,
                    10,
                    6
                ],
                [
                    -2,
                    -9,
                    1
                ],
                [
                    9,
                    -6,
                    -7
                ],
                [
                    -8,
                    4,
                    9
                ],
                [
                    9,
                    6,
                    1
                ],
                [
                    2,
                    -3,
                    -1
                ],
                [
                    1,
                    -10,
                    3
                ],
                [
                    8,
                    -6,
                    7
                ],
                [
                    -4,
                    2,
                    -10
                ],
                [
                    8,
                    6,
                    7
                ],
                [
                    10,
                    7,
                    -2
                ],
                [
                    -3,
                    -5,
                    -1
                ],
                [
                    -7,
                    3,
                    -10
                ],
                [
                    -8,
                    -4,
                    2
                ],
                [
                    6,
                    -10,
                    -2
                ],
                [
                    -8,
                    2,
                    -4
                ],
                [
                    -4,
                    -9,
                    -6
                ],
                [
                    -4,
                    8,
                    1
                ],
                [
                    5,
                    4,
                    -3
                ],
                [
                    7,
                    -4,
                    -9
                ],
                [
                    9,
                    -10,
                    -1
                ],
                [
                    -5,
                    -2,
                    8
                ],
                [
                    10,
                    -4,
                    -3
                ],
                [
                    -6,
                    4,
                    -8
                ],
                [
                    1,
                    5,
                    -10
                ],
                [
                    3,
                    9,
                    8
                ],
                [
                    2,
                    -1,
                    -8
                ],
                [
                    -10,
                    8,
                    -4
                ],
                [
                    1,
                    8,
                    4
                ],
                [
                    3,
                    -4,
                    8
                ],
                [
                    -9,
                    -6,
                    -1
                ],
                [
                    -2,
                    10,
                    -4
                ],
                [
                    -1,
                    7,
                    -4
                ],
                [
                    -2,
                    -7,
                    -8
                ],
                [
                    5,
                    10,
                    -7
                ],
                [
                    -3,
                    -4,
                    -7
                ],
                [
                    5,
                    -1,
                    -2
                ],
                [
                    -1,
                    5,
                    -9
                ],
                [
                    -9,
                    -2,
                    6
                ],
                [
                    3,
                    -9,
                    -8
                ]
            ],
            "{   'fun': 1.0,\n    'jac': None,\n    'nfev': 5,\n    'nit': 0,\n    'njev': 1,\n    'x': array([0.07271878, 0.08518428, 2.49748869, 0.8393808 ])}",
            {
                "0101001101": 1,
                "0101101101": 1,
                "1101010000": 1,
                "0011001111": 1,
                "1111010101": 1,
                "0101010100": 1,
                "0000101100": 1,
                "1000001001": 1,
                "1111110010": 1,
                "0010011110": 1,
                "1100110111": 1,
                "0101101001": 1,
                "1110110111": 1,
                "1100011001": 1,
                "1001111101": 1,
                "1010010001": 1,
                "0000000101": 1,
                "0100101100": 1,
                "0011110011": 1,
                "1001101101": 1,
                "1111101101": 1,
                "1001010000": 1,
                "1011001000": 1,
                "1010011110": 1,
                "0100011100": 1,
                "0001111101": 1,
                "1001110000": 1,
                "1001010111": 1,
                "0101010011": 1,
                "1111000101": 1,
                "0111010110": 1,
                "1000001011": 1,
                "1101111010": 1,
                "0111001100": 1,
                "0100000000": 1,
                "0110000001": 1,
                "1001000010": 1,
                "0110111010": 1,
                "0000010100": 1,
                "0010111010": 1,
                "1110100100": 1,
                "1101011011": 1,
                "0011101011": 1,
                "1001010100": 1,
                "1011101010": 1,
                "1110111010": 1,
                "0101000111": 1,
                "0110110100": 1,
                "0110000100": 1,
                "0110001100": 1,
                "1111000100": 1,
                "0000011000": 1,
                "0010100110": 1,
                "0101000010": 1,
                "0101101100": 1,
                "1110010110": 1,
                "1111010011": 1,
                "0110110001": 1,
                "0100011000": 1,
                "1011000010": 1,
                "0101011000": 1,
                "1001011100": 1,
                "0101110001": 1,
                "0001000001": 1,
                "1011000110": 1,
                "1001000110": 1,
                "1111110011": 1,
                "0011100100": 1,
                "0010010011": 1,
                "0100111101": 1,
                "1100100100": 1,
                "0111110110": 1,
                "1110100111": 2,
                "1101001101": 1,
                "1111101100": 1,
                "0000100101": 1,
                "1010011100": 1,
                "0100100010": 1,
                "0101010000": 1,
                "1111000010": 1,
                "1010001110": 1,
                "0000101111": 1,
                "1001101001": 1,
                "1110001000": 1,
                "0001011011": 1,
                "1010000101": 1,
                "0111100100": 1,
                "1111011010": 1,
                "0010001000": 1,
                "0111110111": 1,
                "0111100101": 1,
                "0010111011": 2,
                "0010110101": 1,
                "0000000011": 1,
                "1100010111": 1,
                "1001011000": 1,
                "0010101111": 1,
                "1101111000": 1
            },
            false,
            1.0
        ],
        [
            [
                [
                    -7,
                    9,
                    5
                ],
                [
                    2,
                    -5,
                    -9
                ],
                [
                    9,
                    3,
                    8
                ],
                [
                    -4,
                    -7,
                    -9
                ],
                [
                    -6,
                    5,
                    4
                ],
                [
                    3,
                    7,
                    -9
                ],
                [
                    8,
                    -2,
                    4
                ],
                [
                    7,
                    9,
                    10
                ],
                [
                    9,
                    -6,
                    7
                ],
                [
                    5,
                    -8,
                    -2
                ],
                [
                    4,
                    -6,
                    -7
                ],
                [
                    4,
                    2,
                    -6
                ],
                [
                    -10,
                    -6,
                    -7
                ],
                [
                    8,
                    3,
                    6
                ],
                [
                    -4,
                    7,
                    1
                ],
                [
                    2,
                    3,
                    6
                ],
                [
                    6,
                    5,
                    1
                ],
                [
                    6,
                    -1,
                    -3
                ],
                [
                    -5,
                    -1,
                    -2
                ],
                [
                    -3,
                    1,
                    5
                ],
                [
                    3,
                    4,
                    2
                ],
                [
                    -4,
                    9,
                    -2
                ],
                [
                    5,
                    -3,
                    6
                ],
                [
                    8,
                    -2,
                    7
                ],
                [
                    3,
                    4,
                    -1
                ],
                [
                    -6,
                    3,
                    -2
                ],
                [
                    8,
                    -4,
                    10
                ],
                [
                    6,
                    -3,
                    -9
                ],
                [
                    5,
                    -7,
                    10
                ],
                [
                    -8,
                    1,
                    -2
                ],
                [
                    -3,
                    2,
                    6
                ],
                [
                    6,
                    8,
                    -9
                ],
                [
                    -8,
                    4,
                    -5
                ],
                [
                    -2,
                    -9,
                    7
                ],
                [
                    3,
                    5,
                    -6
                ],
                [
                    6,
                    -3,
                    4
                ],
                [
                    -8,
                    -2,
                    6
                ],
                [
                    8,
                    6,
                    -9
                ],
                [
                    5,
                    -2,
                    8
                ],
                [
                    -5,
                    1,
                    9
                ],
                [
                    -9,
                    2,
                    -3
                ],
                [
                    -10,
                    4,
                    -9
                ],
                [
                    -6,
                    7,
                    -3
                ],
                [
                    -4,
                    1,
                    -8
                ],
                [
                    9,
                    10,
                    -7
                ]
            ],
            "{   'fun': 1.0,\n    'jac': None,\n    'nfev': 5,\n    'nit': 0,\n    'njev': 1,\n    'x': array([1.76215289, 1.68291279, 2.48651562, 2.64260122])}",
            {
                "0111110101": 1,
                "1001000100": 1,
                "1010110011": 1,
                "0000001111": 1,
                "1001011110": 1,
                "0010110101": 1,
                "1100111001": 1,
                "0101100111": 1,
                "1000011011": 1,
                "1110101011": 1,
                "0010110100": 1,
                "0100000001": 1,
                "1110110101": 1,
                "1111010101": 1,
                "1001111101": 1,
                "1000100111": 1,
                "1101011000": 1,
                "1000011101": 1,
                "1011101100": 1,
                "1111101100": 1,
                "1010000111": 1,
                "0101010100": 1,
                "1011001111": 1,
                "1001000010": 1,
                "1101110111": 2,
                "1011100101": 1,
                "0100110010": 1,
                "1001111001": 1,
                "1111000010": 1,
                "0100101010": 1,
                "1010101110": 1,
                "1100011110": 1,
                "1111111110": 1,
                "0110100101": 1,
                "1101111111": 1,
                "0001011000": 1,
                "1000100101": 1,
                "1110000000": 1,
                "1010001111": 1,
                "0001001111": 1,
                "0001010001": 1,
                "0110110000": 1,
                "0010001010": 1,
                "1111011110": 1,
                "1110110001": 1,
                "1011100010": 1,
                "0000011110": 1,
                "1011001001": 2,
                "0001000011": 1,
                "0110011001": 1,
                "1101101010": 1,
                "1110111111": 1,
                "0110011000": 1,
                "0011110000": 1,
                "0010100111": 1,
                "0011011110": 1,
                "0010000110": 2,
                "1111110010": 1,
                "0011000011": 1,
                "0001111111": 1,
                "1101100011": 1,
                "1010110100": 1,
                "1111001100": 1,
                "1110110100": 1,
                "0001010101": 1,
                "1110111010": 1,
                "0001110010": 1,
                "0011011111": 2,
                "0111001110": 1,
                "1100110000": 1,
                "1100101011": 1,
                "1010111011": 1,
                "1001000000": 1,
                "0011011010": 1,
                "1111110110": 1,
                "0101111000": 1,
                "1010101011": 1,
                "1010100100": 1,
                "1101011001": 2,
                "0100011010": 1,
                "1010011000": 1,
                "1000000010": 1,
                "1000110110": 1,
                "0111101110": 1,
                "0000001001": 1,
                "0101100000": 1,
                "1010111110": 1,
                "1010110010": 1,
                "0100101000": 1,
                "0110101111": 1,
                "1111111100": 1,
                "1110111100": 2,
                "0110111101": 1,
                "1111111001": 1
            },
            false,
            1.0
        ],
        [
            [
                [
                    8,
                    -5,
                    10
                ],
                [
                    -4,
                    1,
                    -10
                ],
                [
                    -2,
                    5,
                    6
                ],
                [
                    -10,
                    -2,
                    -9
                ],
                [
                    -3,
                    -1,
                    6
                ],
                [
                    -3,
                    9,
                    -10
                ],
                [
                    6,
                    10,
                    -4
                ],
                [
                    3,
                    6,
                    -4
                ],
                [
                    8,
                    -6,
                    7
                ],
                [
                    7,
                    -5,
                    -1
                ],
                [
                    -10,
                    3,
                    -5
                ],
                [
                    6,
                    7,
                    -10
                ],
                [
                    -4,
                    -3,
                    6
                ],
                [
                    -9,
                    -7,
                    2
                ],
                [
                    -2,
                    -9,
                    7
                ],
                [
                    -9,
                    2,
                    -6
                ],
                [
                    9,
                    3,
                    -4
                ],
                [
                    -1,
                    10,
                    8
                ],
                [
                    -4,
                    8,
                    5
                ],
                [
                    7,
                    9,
                    10
                ],
                [
                    -5,
                    -4,
                    -3
                ],
                [
                    7,
                    -2,
                    -6
                ],
                [
                    -10,
                    -4,
                    9
                ],
                [
                    1,
                    2,
                    -6
                ],
                [
                    8,
                    -9,
                    -4
                ],
                [
                    9,
                    -6,
                    -3
                ],
                [
                    -7,
                    -4,
                    -1
                ],
                [
                    -1,
                    -6,
                    -4
                ],
                [
                    -4,
                    -1,
                    7
                ],
                [
                    -5,
                    -3,
                    -8
                ],
                [
                    -10,
                    -3,
                    -2
                ],
                [
                    6,
                    4,
                    8
                ],
                [
                    1,
                    2,
                    3
                ],
                [
                    6,
                    4,
                    -7
                ],
                [
                    6,
                    3,
                    -8
                ],
                [
                    -6,
                    8,
                    4
                ],
                [
                    8,
                    -5,
                    -1
                ],
                [
                    8,
                    -1,
                    7
                ],
                [
                    10,
                    -4,
                    9
                ],
                [
                    -4,
                    -2,
                    9
                ],
                [
                    1,
                    8,
                    -5
                ],
                [
                    6,
                    -5,
                    -9
                ],
                [
                    2,
                    1,
                    3
                ],
                [
                    -10,
                    -6,
                    -9
                ],
                [
                    -4,
                    -2,
                    3
                ]
            ],
            "{   'fun': 0.98,\n    'jac': None,\n    'nfev': 105,\n    'nit': 0,\n    'njev': 21,\n    'x': array([2.58572401, 0.04774246, 1.62396976, 3.0400057 ])}",
            {
                "0100101000": 1,
                "1011000111": 1,
                "0000111101": 1,
                "0111101111": 1,
                "0000010011": 1,
                "1100110010": 1,
                "0000001101": 1,
                "1110010001": 1,
                "0011110011": 1,
                "0001101101": 1,
                "0110111110": 1,
                "0011000110": 1,
                "1000001100": 1,
                "0100111110": 1,
                "0000101010": 1,
                "0101100111": 1,
                "0010011100": 1,
                "0101000010": 1,
                "1100101011": 2,
                "0100100110": 1,
                "1000100101": 1,
                "1100011101": 1,
                "1011011100": 1,
                "1110111111": 1,
                "1010110101": 1,
                "0111101011": 1,
                "0101010111": 1,
                "0001100100": 1,
                "0110101001": 1,
                "1100111100": 1,
                "1010111000": 1,
                "1111011000": 1,
                "1001100110": 1,
                "0111110001": 1,
                "0100010101": 1,
                "0000110111": 1,
                "1011000011": 1,
                "1110000000": 1,
                "1000101101": 1,
                "0101100011": 1,
                "0110011100": 1,
                "0101011110": 1,
                "1011100000": 1,
                "1000001110": 1,
                "0100001110": 1,
                "0100101001": 2,
                "0111010101": 1,
                "1010100001": 2,
                "0001111000": 1,
                "0101010000": 1,
                "0000101110": 1,
                "1011111100": 2,
                "0010011110": 1,
                "0001110101": 1,
                "1011100001": 1,
                "0010000001": 1,
                "0110100110": 1,
                "0101000111": 1,
                "1110011101": 1,
                "0001010100": 1,
                "0100110011": 1,
                "0100100100": 1,
                "1110111001": 1,
                "0000000100": 1,
                "1010000100": 2,
                "0110001101": 1,
                "0110011001": 1,
                "1100011100": 2,
                "1110110000": 1,
                "0100111000": 1,
                "1000011101": 1,
                "0100110101": 1,
                "1000111000": 1,
                "0011011000": 1,
                "0100110000": 1,
                "0000111011": 1,
                "0100100001": 1,
                "1111001100": 1,
                "1111111000": 1,
                "0011110001": 1,
                "0100111101": 1,
                "1100100100": 1,
                "1011000101": 2,
                "1000011100": 1,
                "1111111111": 1,
                "1001001101": 1,
                "0010101001": 1,
                "0111011101": 1,
                "1000100110": 1,
                "0110000110": 1,
                "0000000011": 1,
                "0110110111": 1,
                "1101001100": 1
            },
            true,
            0.89
        ],
        [
            [
                [
                    5,
                    -8,
                    -4
                ],
                [
                    -1,
                    10,
                    9
                ],
                [
                    -1,
                    -2,
                    -10
                ],
                [
                    -10,
                    -2,
                    8
                ],
                [
                    -8,
                    -10,
                    -3
                ],
                [
                    1,
                    6,
                    5
                ],
                [
                    -6,
                    2,
                    -7
                ],
                [
                    -6,
                    -5,
                    -2
                ],
                [
                    -10,
                    -5,
                    -8
                ],
                [
                    -10,
                    -5,
                    -2
                ],
                [
                    -7,
                    -5,
                    9
                ],
                [
                    -9,
                    -6,
                    2
                ],
                [
                    9,
                    10,
                    -7
                ],
                [
                    10,
                    -9,
                    2
                ],
                [
                    10,
                    -8,
                    4
                ],
                [
                    -2,
                    1,
                    -4
                ],
                [
                    -9,
                    5,
                    4
                ],
                [
                    3,
                    9,
                    -2
                ],
                [
                    -10,
                    1,
                    3
                ],
                [
                    4,
                    -6,
                    -9
                ],
                [
                    9,
                    -1,
                    10
                ],
                [
                    -6,
                    1,
                    3
                ],
                [
                    -1,
                    -9,
                    -5
                ],
                [
                    -3,
                    9,
                    1
                ],
                [
                    -10,
                    -2,
                    -1
                ],
                [
                    -9,
                    3,
                    -1
                ],
                [
                    -7,
                    -1,
                    -2
                ],
                [
                    -4,
                    2,
                    -7
                ],
                [
                    3,
                    5,
                    4
                ],
                [
                    7,
                    -1,
                    10
                ],
                [
                    8,
                    -6,
                    2
                ],
                [
                    -10,
                    1,
                    -8
                ],
                [
                    -10,
                    -6,
                    -8
                ],
                [
                    3,
                    -7,
                    9
                ],
                [
                    3,
                    -9,
                    10
                ],
                [
                    -2,
                    7,
                    -4
                ],
                [
                    6,
                    -4,
                    8
                ],
                [
                    -4,
                    10,
                    8
                ],
                [
                    8,
                    -6,
                    10
                ],
                [
                    -2,
                    1,
                    -10
                ],
                [
                    -6,
                    10,
                    9
                ],
                [
                    -5,
                    2,
                    -6
                ],
                [
                    -8,
                    7,
                    4
                ],
                [
                    -5,
                    -3,
                    6
                ],
                [
                    8,
                    10,
                    1
                ]
            ],
            "{   'fun': 0.99,\n    'jac': None,\n    'nfev': 130,\n    'nit': 2,\n    'njev': 26,\n    'x': array([0.48383555, 1.06155171, 2.31572148, 2.38593535])}",
            {
                "1110001110": 1,
                "0001100010": 1,
                "0001000011": 1,
                "0110110010": 1,
                "1000010010": 1,
                "0000100000": 1,
                "0100011100": 1,
                "1111010000": 1,
                "1111001101": 1,
                "0000001101": 1,
                "1000001110": 1,
                "1100111010": 1,
                "0110000001": 1,
                "0011111000": 1,
                "1101111101": 1,
                "1001001110": 1,
                "0000001010": 1,
                "0000111001": 1,
                "0011000111": 1,
                "1111101110": 2,
                "0111001110": 1,
                "1101100000": 1,
                "1100011111": 1,
                "1100000110": 1,
                "0000011101": 1,
                "1100011110": 1,
                "0000000101": 1,
                "0001110101": 1,
                "0011001110": 1,
                "0001101111": 1,
                "0111011011": 1,
                "1011001110": 1,
                "0010110111": 1,
                "1111101000": 1,
                "0001001111": 1,
                "1111101111": 1,
                "1101000100": 1,
                "0100100101": 1,
                "1101000001": 1,
                "1110001001": 1,
                "0000110100": 1,
                "0110101110": 1,
                "0010110010": 1,
                "0110110101": 1,
                "0110010011": 1,
                "1100000000": 1,
                "1101100111": 1,
                "0011100100": 1,
                "1001101100": 1,
                "0100101101": 1,
                "0101100011": 1,
                "0111111101": 1,
                "1001001000": 1,
                "0010111001": 1,
                "0001011001": 2,
                "1110101100": 1,
                "1100011011": 1,
                "0001110000": 1,
                "1101110000": 1,
                "0100110001": 1,
                "0010100101": 1,
                "0100111010": 1,
                "0101110111": 1,
                "1100011000": 1,
                "1001111100": 1,
                "0110000111": 1,
                "1001000100": 1,
                "0100011111": 2,
                "0101010010": 1,
                "0010110000": 1,
                "0100001100": 1,
                "1110110100": 1,
                "0101100101": 1,
                "1111010010": 1,
                "0000001001": 1,
                "1100000111": 1,
                "0111010100": 1,
                "0101000010": 1,
                "1110010110": 1,
                "1010010101": 1,
                "1100110110": 1,
                "1000101001": 1,
                "1011110101": 1,
                "0111010110": 1,
                "0100010001": 1,
                "1100110101": 1,
                "1111011000": 1,
                "0011010100": 1,
                "1001110000": 1,
                "0101111110": 1,
                "0100111101": 1,
                "0010011010": 1,
                "0111001010": 1,
                "1101000011": 2,
                "0110111100": 1,
                "1100001100": 1
            },
            true,
            0.98
        ],
        [
            [
                [
                    -4,
                    -8,
                    6
                ],
                [
                    7,
                    10,
                    -4
                ],
                [
                    -9,
                    7,
                    -3
                ],
                [
                    7,
                    -6,
                    -3
                ],
                [
                    7,
                    9,
                    -3
                ],
                [
                    -9,
                    8,
                    1
                ],
                [
                    4,
                    -7,
                    1
                ],
                [
                    9,
                    5,
                    7
                ],
                [
                    5,
                    10,
                    3
                ],
                [
                    9,
                    7,
                    -3
                ],
                [
                    4,
                    -3,
                    -10
                ],
                [
                    6,
                    -9,
                    -4
                ],
                [
                    -2,
                    6,
                    8
                ],
                [
                    -7,
                    6,
                    2
                ],
                [
                    -6,
                    5,
                    -10
                ],
                [
                    -8,
                    -4,
                    1
                ],
                [
                    -9,
                    -10,
                    8
                ],
                [
                    2,
                    -1,
                    4
                ],
                [
                    9,
                    6,
                    2
                ],
                [
                    5,
                    8,
                    -7
                ],
                [
                    10,
                    8,
                    -6
                ],
                [
                    3,
                    -1,
                    -6
                ],
                [
                    -1,
                    -5,
                    4
                ],
                [
                    -3,
                    8,
                    -2
                ],
                [
                    -8,
                    2,
                    -4
                ],
                [
                    -8,
                    9,
                    -5
                ],
                [
                    -1,
                    -9,
                    3
                ],
                [
                    -6,
                    -3,
                    5
                ],
                [
                    7,
                    8,
                    -5
                ],
                [
                    -8,
                    -2,
                    6
                ],
                [
                    -9,
                    2,
                    7
                ],
                [
                    10,
                    8,
                    -2
                ],
                [
                    -9,
                    4,
                    -7
                ],
                [
                    1,
                    5,
                    9
                ],
                [
                    7,
                    -10,
                    -8
                ],
                [
                    -4,
                    3,
                    -2
                ],
                [
                    2,
                    4,
                    -8
                ],
                [
                    8,
                    4,
                    -5
                ],
                [
                    3,
                    2,
                    8
                ],
                [
                    -3,
                    8,
                    -9
                ],
                [
                    -6,
                    -10,
                    3
                ],
                [
                    -10,
                    -8,
                    6
                ],
                [
                    -6,
                    -9,
                    1
                ],
                [
                    -3,
                    -5,
                    -10
                ],
                [
                    -5,
                    7,
                    10
                ]
            ],
            "{   'fun': 1.0,\n    'jac': None,\n    'nfev': 5,\n    'nit': 0,\n    'njev': 1,\n    'x': array([0.52740253, 0.17713412, 0.19211593, 0.02383559])}",
            {
                "1100001010": 1,
                "0110100100": 1,
                "0101110100": 1,
                "0101101100": 1,
                "0000001111": 1,
                "0110100111": 1,
                "1110110100": 1,
                "1101111000": 1,
                "1011111110": 1,
                "1001111110": 1,
                "1111011000": 1,
                "1010111011": 1,
                "0000010101": 1,
                "1011101101": 1,
                "1001101010": 1,
                "0100011101": 1,
                "0100000010": 1,
                "1110011110": 1,
                "1011011000": 1,
                "0101110101": 1,
                "1000110101": 1,
                "1101010010": 1,
                "1001011111": 1,
                "1001000000": 1,
                "1001001010": 1,
                "0010001100": 1,
                "0110111101": 1,
                "0001110101": 1,
                "0011000110": 1,
                "1111101111": 1,
                "1110001011": 1,
                "1000001101": 1,
                "1000010011": 1,
                "1101101010": 1,
                "1000110001": 1,
                "1111100001": 1,
                "1000011001": 1,
                "1110000101": 1,
                "0100000101": 1,
                "0111100000": 1,
                "0110101011": 1,
                "0111011101": 1,
                "0101111000": 1,
                "1110110010": 1,
                "1001001110": 1,
                "1011000011": 1,
                "0000010000": 1,
                "1001100111": 1,
                "1000001011": 2,
                "1110011111": 1,
                "1000010101": 1,
                "1100100101": 1,
                "0100001010": 1,
                "0110101100": 1,
                "1000110000": 1,
                "0111110101": 1,
                "0111111010": 1,
                "0100010101": 1,
                "0111001000": 1,
                "0111010101": 1,
                "1111110100": 2,
                "0100110101": 1,
                "0100100111": 1,
                "1001000101": 1,
                "0011110110": 1,
                "1101101100": 1,
                "1101000110": 1,
                "0110011011": 1,
                "1000011110": 1,
                "0011100010": 1,
                "1000001001": 1,
                "1100001111": 2,
                "0100011111": 1,
                "1100100111": 1,
                "0010000110": 1,
                "0010010001": 1,
                "0010101011": 1,
                "1111110010": 1,
                "1011110111": 1,
                "0011111001": 1,
                "1110001010": 1,
                "0111101010": 1,
                "0000110001": 2,
                "0100101011": 1,
                "1010100110": 1,
                "1101101001": 1,
                "0010110111": 1,
                "0100100001": 1,
                "0111101001": 1,
                "1110000100": 1,
                "1010001001": 2,
                "0011000001": 1,
                "1000100101": 1,
                "1100100110": 2
            },
            false,
            1.0
        ]
    ]
}