{
    "n": 10,
    "m": 45,
    "results": [
        [
            [
                [
                    -6,
                    -7,
                    -4
                ],
                [
                    -8,
                    6,
                    9
                ],
                [
                    -6,
                    -7,
                    -4
                ],
                [
                    2,
                    -8,
                    1
                ],
                [
                    3,
                    1,
                    -9
                ],
                [
                    6,
                    -8,
                    -4
                ],
                [
                    6,
                    5,
                    4
                ],
                [
                    -1,
                    -4,
                    2
                ],
                [
                    8,
                    1,
                    4
                ],
                [
                    2,
                    9,
                    10
                ],
                [
                    -6,
                    4,
                    7
                ],
                [
                    7,
                    -2,
                    -9
                ],
                [
                    2,
                    3,
                    -10
                ],
                [
                    2,
                    1,
                    -4
                ],
                [
                    8,
                    9,
                    -3
                ],
                [
                    5,
                    -3,
                    -1
                ],
                [
                    9,
                    2,
                    4
                ],
                [
                    -2,
                    8,
                    9
                ],
                [
                    -9,
                    3,
                    4
                ],
                [
                    -6,
                    4,
                    2
                ],
                [
                    4,
                    -8,
                    5
                ],
                [
                    6,
                    8,
                    4
                ],
                [
                    -9,
                    7,
                    3
                ],
                [
                    1,
                    -8,
                    -7
                ],
                [
                    -9,
                    10,
                    -5
                ],
                [
                    -6,
                    1,
                    -7
                ],
                [
                    9,
                    2,
                    6
                ],
                [
                    2,
                    10,
                    -4
                ],
                [
                    8,
                    -5,
                    4
                ],
                [
                    -2,
                    10,
                    -3
                ],
                [
                    -7,
                    -5,
                    -9
                ],
                [
                    6,
                    -9,
                    -2
                ],
                [
                    2,
                    -1,
                    5
                ],
                [
                    8,
                    2,
                    5
                ],
                [
                    -8,
                    -4,
                    3
                ],
                [
                    -1,
                    4,
                    -7
                ],
                [
                    1,
                    6,
                    -9
                ],
                [
                    1,
                    -10,
                    8
                ],
                [
                    -3,
                    -8,
                    5
                ],
                [
                    10,
                    -1,
                    3
                ],
                [
                    -4,
                    8,
                    10
                ],
                [
                    1,
                    3,
                    7
                ],
                [
                    -9,
                    -2,
                    -4
                ],
                [
                    8,
                    6,
                    9
                ],
                [
                    -9,
                    1,
                    -10
                ]
            ],
            "{   'fun': 1.0,\n    'jac': None,\n    'nfev': 120,\n    'nit': 2,\n    'njev': 24,\n    'x': array([0.07271866, 0.08518441, 2.49748857, 0.8393808 ])}",
            {
                "1100010011": 1,
                "0001011101": 1,
                "1100100110": 1,
                "1011000010": 1,
                "0100011001": 1,
                "1100100000": 1,
                "1001111111": 1,
                "1111110010": 1,
                "0010010001": 1,
                "1111011011": 1,
                "0100011111": 1,
                "0101110001": 1,
                "0101000101": 1,
                "0010011100": 1,
                "0000010101": 1,
                "0010101010": 1,
                "1100111101": 1,
                "0110001100": 1,
                "0011111101": 1,
                "0100011100": 1,
                "1001000001": 1,
                "0100101100": 1,
                "1111010001": 1,
                "1100010111": 1,
                "0110011001": 1,
                "0001001011": 1,
                "0101000001": 1,
                "1100000111": 1,
                "0110011110": 1,
                "0001110101": 1,
                "0100100111": 1,
                "1011100100": 1,
                "0011110111": 1,
                "1000110110": 1,
                "1110110110": 1,
                "1000100001": 2,
                "1011010101": 1,
                "0001100100": 1,
                "0011111110": 1,
                "0100110001": 1,
                "0011000011": 1,
                "1001101011": 1,
                "1011100110": 1,
                "0000100101": 1,
                "0110111011": 1,
                "0001000100": 1,
                "1111100011": 1,
                "0110011011": 1,
                "0100010010": 1,
                "1110001010": 1,
                "1000000001": 2,
                "0100111011": 1,
                "1011001101": 2,
                "1111110111": 1,
                "1111111000": 1,
                "0101111010": 2,
                "1010000101": 1,
                "1111111111": 1,
                "0011001001": 1,
                "1100011000": 1,
                "1001111100": 1,
                "1111101000": 1,
                "0001010100": 1,
                "0100101101": 1,
                "0100000011": 2,
                "0000111001": 2,
                "0101001100": 1,
                "0111001001": 1,
                "1101001000": 1,
                "1010010000": 2,
                "1101100100": 1,
                "1100100100": 1,
                "0110010111": 1,
                "1011001010": 1,
                "1011000111": 2,
                "1101101011": 1,
                "0010001001": 1,
                "1001001000": 1,
                "0011000000": 2,
                "1101010011": 2,
                "1000011010": 1,
                "1001110000": 1,
                "0101111110": 1,
                "0010011101": 1,
                "1110011100": 1,
                "0000100011": 1,
                "0111111111": 1,
                "1000101101": 1,
                "0101010110": 1,
                "1111111110": 1
            },
            false,
            0.97
        ],
        [
            [
                [
                    -7,
                    -6,
                    2
                ],
                [
                    4,
                    -10,
                    7
                ],
                [
                    8,
                    -3,
                    -9
                ],
                [
                    2,
                    3,
                    9
                ],
                [
                    2,
                    -6,
                    -8
                ],
                [
                    -10,
                    -4,
                    -1
                ],
                [
                    1,
                    -2,
                    -3
                ],
                [
                    -9,
                    -3,
                    -4
                ],
                [
                    -8,
                    -7,
                    -2
                ],
                [
                    -3,
                    9,
                    -2
                ],
                [
                    7,
                    -5,
                    -2
                ],
                [
                    -3,
                    9,
                    6
                ],
                [
                    6,
                    -10,
                    -9
                ],
                [
                    3,
                    -2,
                    10
                ],
                [
                    -1,
                    7,
                    10
                ],
                [
                    -9,
                    4,
                    5
                ],
                [
                    8,
                    -7,
                    3
                ],
                [
                    2,
                    -7,
                    -4
                ],
                [
                    10,
                    8,
                    -2
                ],
                [
                    3,
                    8,
                    5
                ],
                [
                    6,
                    5,
                    9
                ],
                [
                    -4,
                    -2,
                    -7
                ],
                [
                    -3,
                    2,
                    -9
                ],
                [
                    1,
                    2,
                    3
                ],
                [
                    -8,
                    -7,
                    1
                ],
                [
                    -8,
                    -4,
                    2
                ],
                [
                    7,
                    9,
                    -4
                ],
                [
                    5,
                    7,
                    2
                ],
                [
                    -4,
                    -9,
                    -7
                ],
                [
                    8,
                    -10,
                    7
                ],
                [
                    -5,
                    6,
                    -4
                ],
                [
                    -5,
                    9,
                    10
                ],
                [
                    -5,
                    -3,
                    6
                ],
                [
                    -8,
                    -4,
                    5
                ],
                [
                    2,
                    10,
                    8
                ],
                [
                    -4,
                    9,
                    -8
                ],
                [
                    -6,
                    8,
                    -2
                ],
                [
                    -2,
                    10,
                    -7
                ],
                [
                    -1,
                    6,
                    7
                ],
                [
                    8,
                    9,
                    -10
                ],
                [
                    -8,
                    -6,
                    4
                ],
                [
                    -5,
                    -4,
                    -9
                ],
                [
                    7,
                    -10,
                    6
                ],
                [
                    -10,
                    3,
                    2
                ],
                [
                    5,
                    -4,
                    7
                ]
            ],
            "{   'fun': 0.96,\n    'jac': None,\n    'nfev': 105,\n    'nit': 0,\n    'njev': 21,\n    'x': array([1.76215289, 1.68291279, 2.48651562, 2.64260122])}",
            {
                "1111100110": 1,
                "1011001110": 1,
                "1101100111": 1,
                "1011110100": 1,
                "0111001000": 1,
                "1011001010": 1,
                "1111101111": 1,
                "0011100101": 1,
                "1100001101": 1,
                "0101010010": 1,
                "0101000111": 1,
                "1011011000": 1,
                "0111101010": 1,
                "0011101101": 1,
                "1111110001": 1,
                "0010101101": 1,
                "0011101111": 1,
                "0111000001": 1,
                "1110110001": 1,
                "0101101011": 1,
                "1011000001": 1,
                "1111011001": 1,
                "0100111111": 1,
                "0010100111": 1,
                "0101101101": 1,
                "1011010110": 1,
                "0100010100": 1,
                "0111101100": 1,
                "1110001101": 1,
                "0011000111": 1,
                "1011011001": 1,
                "1111101000": 1,
                "1110100000": 1,
                "1000000111": 1,
                "1111001011": 1,
                "0001110000": 1,
                "0001011000": 1,
                "1101110100": 1,
                "1101101111": 1,
                "0000001101": 1,
                "0101110100": 1,
                "0000101010": 1,
                "1100011101": 1,
                "0010100010": 2,
                "1000010000": 1,
                "0101001111": 1,
                "1101010001": 1,
                "1000001001": 1,
                "0111101101": 1,
                "0001101100": 1,
                "0010011101": 1,
                "1000011010": 1,
                "1001010111": 1,
                "0000010011": 1,
                "0001011011": 1,
                "0001000000": 1,
                "0010100101": 1,
                "0100111010": 1,
                "0011000010": 1,
                "1011100010": 1,
                "0000101101": 2,
                "1001110101": 1,
                "0111100100": 1,
                "0101101000": 1,
                "0101101100": 1,
                "0101111001": 1,
                "1001111100": 1,
                "0101110101": 1,
                "0011101001": 2,
                "0110011110": 1,
                "0110100101": 1,
                "1100011110": 1,
                "0000100011": 1,
                "1111000110": 1,
                "0110101011": 1,
                "1010101011": 1,
                "0011001000": 1,
                "1010011110": 1,
                "1001110001": 1,
                "0001101011": 1,
                "1111011100": 1,
                "1010111001": 1,
                "0000110111": 1,
                "0001001010": 1,
                "0010010100": 1,
                "0110000100": 1,
                "1100110110": 1,
                "0011100110": 1,
                "1111110110": 1,
                "0110110101": 1,
                "0011101010": 1,
                "1110111110": 1,
                "1000110100": 2,
                "0100111001": 1,
                "0110100001": 1,
                "0010011011": 1
            },
            true,
            0.96
        ],
        [
            [
                [
                    8,
                    -10,
                    7
                ],
                [
                    7,
                    -4,
                    9
                ],
                [
                    -9,
                    6,
                    7
                ],
                [
                    4,
                    7,
                    8
                ],
                [
                    -4,
                    -6,
                    9
                ],
                [
                    -8,
                    10,
                    -9
                ],
                [
                    6,
                    -1,
                    3
                ],
                [
                    2,
                    -8,
                    -1
                ],
                [
                    8,
                    4,
                    -6
                ],
                [
                    9,
                    3,
                    8
                ],
                [
                    -5,
                    -1,
                    -10
                ],
                [
                    6,
                    8,
                    3
                ],
                [
                    -5,
                    -10,
                    -8
                ],
                [
                    10,
                    -3,
                    1
                ],
                [
                    2,
                    3,
                    -9
                ],
                [
                    3,
                    8,
                    2
                ],
                [
                    6,
                    2,
                    5
                ],
                [
                    3,
                    6,
                    -4
                ],
                [
                    1,
                    5,
                    -3
                ],
                [
                    5,
                    8,
                    -3
                ],
                [
                    -10,
                    -9,
                    6
                ],
                [
                    -3,
                    -8,
                    4
                ],
                [
                    5,
                    -8,
                    -1
                ],
                [
                    9,
                    1,
                    -2
                ],
                [
                    7,
                    8,
                    3
                ],
                [
                    -2,
                    -1,
                    -7
                ],
                [
                    5,
                    -10,
                    1
                ],
                [
                    1,
                    2,
                    8
                ],
                [
                    5,
                    -6,
                    -8
                ],
                [
                    5,
                    -7,
                    1
                ],
                [
                    -10,
                    -6,
                    -3
                ],
                [
                    7,
                    8,
                    5
                ],
                [
                    4,
                    -2,
                    -6
                ],
                [
                    10,
                    9,
                    -3
                ],
                [
                    7,
                    -8,
                    -4
                ],
                [
                    10,
                    -8,
                    9
                ],
                [
                    3,
                    -5,
                    8
                ],
                [
                    5,
                    -7,
                    -2
                ],
                [
                    -2,
                    -7,
                    8
                ],
                [
                    7,
                    -2,
                    -1
                ],
                [
                    2,
                    1,
                    -4
                ],
                [
                    -6,
                    -4,
                    8
                ],
                [
                    -7,
                    5,
                    -10
                ],
                [
                    8,
                    4,
                    -10
                ],
                [
                    2,
                    3,
                    -10
                ]
            ],
            "{   'fun': 1.0,\n    'jac': None,\n    'nfev': 5,\n    'nit': 0,\n    'njev': 1,\n    'x': array([2.58572401, 0.04774246, 1.62396976, 3.0400057 ])}",
            {
                "1001111110": 1,
                "0101110110": 1,
                "0011110100": 1,
                "1011100000": 1,
                "1001001011": 1,
                "1000101010": 1,
                "0100101010": 1,
                "1111100000": 1,
                "0000111000": 1,
                "1101001110": 1,
                "1110000011": 1,
                "0101000100": 1,
                "1000011111": 1,
                "0111101001": 1,
                "0101100110": 2,
                "0101011011": 1,
                "1101011011": 1,
                "1000010011": 1,
                "1101000111": 1,
                "1011101110": 1,
                "0110011000": 1,
                "1011000001": 1,
                "1001100010": 1,
                "0100110101": 1,
                "1100001001": 1,
                "1011110000": 1,
                "0101111101": 1,
                "0010010000": 1,
                "1100101111": 1,
                "0000001100": 1,
                "0010000001": 1,
                "0001010000": 1,
                "0111111001": 1,
                "1001011101": 1,
                "0101000011": 1,
                "0011011101": 2,
                "1010000000": 1,
                "1100101000": 1,
                "0110000000": 1,
                "1001000100": 2,
                "1010011010": 1,
                "0101000110": 1,
                "0101110100": 1,
                "0110000010": 1,
                "1111010010": 3,
                "0000001010": 1,
                "0111011100": 2,
                "1110101011": 1,
                "0111010111": 1,
                "0000111011": 1,
                "1111111110": 1,
                "1101111010": 1,
                "1001011000": 2,
                "1010000111": 1,
                "1101001101": 1,
                "0110001101": 1,
                "1000111111": 1,
                "0001001101": 1,
                "0110000011": 1,
                "1100111000": 1,
                "1000001100": 1,
                "1100101011": 1,
                "0001101000": 2,
                "0011011011": 1,
                "1100101101": 1,
                "1111110100": 1,
                "1000110110": 1,
                "1101100011": 1,
                "1111101101": 1,
                "1110111101": 1,
                "0111100001": 1,
                "1000110100": 1,
                "1001011011": 1,
                "0000001110": 1,
                "1001100000": 1,
                "0011011010": 1,
                "1100011011": 1,
                "1100111101": 1,
                "1000010001": 1,
                "1101010000": 1,
                "0101110001": 1,
                "0101010010": 1,
                "0010110000": 1,
                "1110000010": 1,
                "1101011101": 2,
                "0110000101": 1,
                "1010101000": 1,
                "0010111011": 1,
                "0011000001": 1,
                "0011011001": 1,
                "0101011001": 1
            },
            false,
            1.0
        ],
        [
            [
                [
                    -7,
                    -9,
                    2
                ],
                [
                    -7,
                    6,
                    -3
                ],
                [
                    6,
                    -3,
                    8
                ],
                [
                    -8,
                    7,
                    6
                ],
                [
                    -4,
                    -6,
                    7
                ],
                [
                    10,
                    -6,
                    -7
                ],
                [
                    7,
                    3,
                    -6
                ],
                [
                    2,
                    5,
                    -9
                ],
                [
                    9,
                    -2,
                    7
                ],
                [
                    1,
                    -3,
                    -4
                ],
                [
                    5,
                    8,
                    -3
                ],
                [
                    -9,
                    7,
                    5
                ],
                [
                    8,
                    -5,
                    4
                ],
                [
                    5,
                    -1,
                    4
                ],
                [
                    -1,
                    -8,
                    -2
                ],
                [
                    -8,
                    2,
                    7
                ],
                [
                    5,
                    -6,
                    9
                ],
                [
                    -6,
                    9,
                    4
                ],
                [
                    -4,
                    5,
                    3
                ],
                [
                    -8,
                    9,
                    6
                ],
                [
                    -7,
                    5,
                    -9
                ],
                [
                    5,
                    -9,
                    -7
                ],
                [
                    -5,
                    6,
                    4
                ],
                [
                    -1,
                    -3,
                    4
                ],
                [
                    -2,
                    -6,
                    7
                ],
                [
                    6,
                    -1,
                    7
                ],
                [
                    6,
                    2,
                    1
                ],
                [
                    5,
                    2,
                    10
                ],
                [
                    -9,
                    5,
                    -10
                ],
                [
                    2,
                    4,
                    3
                ],
                [
                    -6,
                    7,
                    4
                ],
                [
                    -9,
                    6,
                    -1
                ],
                [
                    8,
                    3,
                    -5
                ],
                [
                    -1,
                    6,
                    2
                ],
                [
                    9,
                    4,
                    -1
                ],
                [
                    8,
                    -1,
                    5
                ],
                [
                    -7,
                    -1,
                    -4
                ],
                [
                    1,
                    4,
                    5
                ],
                [
                    -3,
                    -1,
                    5
                ],
                [
                    -3,
                    -5,
                    6
                ],
                [
                    -6,
                    7,
                    -5
                ],
                [
                    1,
                    2,
                    10
                ],
                [
                    -10,
                    4,
                    -5
                ],
                [
                    9,
                    10,
                    -7
                ],
                [
                    -7,
                    -6,
                    -8
                ]
            ],
            "{   'fun': 1.0,\n    'jac': None,\n    'nfev': 5,\n    'nit': 0,\n    'njev': 1,\n    'x': array([0.48383555, 1.06155082, 2.31572148, 2.38593535])}",
            {
                "0101011110": 1,
                "0111101010": 1,
                "0010100011": 1,
                "1101000001": 1,
                "1110010110": 1,
                "0110001000": 1,
                "0001011100": 1,
                "0100111100": 1,
                "1101001000": 1,
                "0111100100": 1,
                "1110101011": 1,
                "0001010000": 1,
                "1100101100": 1,
                "0010101001": 1,
                "1001111000": 1,
                "1100011010": 1,
                "1110101100": 1,
                "1010111000": 1,
                "1000010011": 1,
                "0001010100": 1,
                "0011101001": 1,
                "1100010110": 1,
                "1011011110": 1,
                "1100011000": 1,
                "1101111101": 1,
                "0001111100": 1,
                "1101111010": 1,
                "0100100100": 1,
                "1100100110": 1,
                "0001100100": 1,
                "1101010000": 1,
                "1011010001": 1,
                "0010011001": 1,
                "1100100111": 1,
                "0011011000": 1,
                "1101110000": 1,
                "0100010011": 1,
                "0011001000": 1,
                "1100011111": 1,
                "1001100111": 1,
                "0000111000": 2,
                "0000100101": 1,
                "0110010100": 1,
                "0011000111": 1,
                "1110110010": 1,
                "1001111110": 1,
                "1111110000": 1,
                "0101010100": 2,
                "0110011000": 1,
                "1011000110": 1,
                "1100110000": 1,
                "0010110010": 1,
                "1011001001": 1,
                "1100100101": 1,
                "0111011001": 1,
                "1111010011": 1,
                "0100000100": 1,
                "1011000111": 1,
                "0101100101": 1,
                "0011011011": 1,
                "1010011010": 1,
                "0001101101": 1,
                "1110011010": 1,
                "1010010000": 1,
                "1011111001": 1,
                "0010000000": 1,
                "0111101100": 1,
                "1000011110": 2,
                "0111001110": 2,
                "1001111010": 1,
                "1011010100": 1,
                "0110000011": 1,
                "0011110001": 1,
                "0110011011": 1,
                "0011010000": 1,
                "1010000000": 1,
                "1110111011": 1,
                "0110000111": 1,
                "0000011100": 1,
                "0111001101": 1,
                "1010011110": 1,
                "1110001001": 1,
                "0111001000": 1,
                "1111110100": 1,
                "1111010000": 1,
                "0010011111": 1,
                "1000010110": 1,
                "1101010101": 1,
                "1110011001": 1,
                "1001001100": 1,
                "1001101011": 1,
                "1011100110": 1,
                "1110000000": 1,
                "0100011100": 1,
                "0010101110": 1,
                "0011001011": 1
            },
            false,
            1.0
        ],
        [
            [
                [
                    5,
                    -7,
                    4
                ],
                [
                    3,
                    4,
                    -10
                ],
                [
                    10,
                    -8,
                    -6
                ],
                [
                    -1,
                    5,
                    10
                ],
                [
                    9,
                    5,
                    10
                ],
                [
                    6,
                    -9,
                    7
                ],
                [
                    -5,
                    -2,
                    10
                ],
                [
                    -1,
                    -5,
                    9
                ],
                [
                    4,
                    -7,
                    -2
                ],
                [
                    7,
                    -9,
                    -10
                ],
                [
                    2,
                    -6,
                    -9
                ],
                [
                    4,
                    -8,
                    -1
                ],
                [
                    8,
                    -5,
                    7
                ],
                [
                    9,
                    8,
                    -1
                ],
                [
                    8,
                    1,
                    2
                ],
                [
                    -10,
                    5,
                    -1
                ],
                [
                    -8,
                    -3,
                    1
                ],
                [
                    3,
                    8,
                    -2
                ],
                [
                    3,
                    4,
                    -2
                ],
                [
                    -1,
                    -3,
                    6
                ],
                [
                    -1,
                    -6,
                    9
                ],
                [
                    8,
                    -4,
                    -10
                ],
                [
                    -2,
                    -1,
                    6
                ],
                [
                    5,
                    -6,
                    7
                ],
                [
                    -4,
                    10,
                    7
                ],
                [
                    4,
                    -9,
                    3
                ],
                [
                    3,
                    -8,
                    -5
                ],
                [
                    9,
                    -2,
                    7
                ],
                [
                    -9,
                    -4,
                    2
                ],
                [
                    -7,
                    2,
                    9
                ],
                [
                    -5,
                    7,
                    -2
                ],
                [
                    -7,
                    1,
                    9
                ],
                [
                    7,
                    3,
                    -9
                ],
                [
                    1,
                    8,
                    -9
                ],
                [
                    7,
                    -3,
                    -10
                ],
                [
                    10,
                    5,
                    -2
                ],
                [
                    4,
                    -9,
                    5
                ],
                [
                    -1,
                    -8,
                    5
                ],
                [
                    -9,
                    -6,
                    7
                ],
                [
                    -3,
                    7,
                    -4
                ],
                [
                    10,
                    6,
                    -4
                ],
                [
                    -10,
                    -6,
                    5
                ],
                [
                    4,
                    -10,
                    9
                ],
                [
                    8,
                    6,
                    2
                ],
                [
                    8,
                    9,
                    7
                ]
            ],
            "{   'fun': 0.99,\n    'jac': None,\n    'nfev': 105,\n    'nit': 0,\n    'njev': 21,\n    'x': array([0.52740253, 0.17713412, 0.19211593, 0.02383559])}",
            {
                "1110010110": 1,
                "0110110010": 1,
                "1001110010": 1,
                "0110001011": 1,
                "0101110110": 1,
                "0010100100": 1,
                "1000111101": 1,
                "1010010000": 1,
                "1110010001": 1,
                "0110001110": 1,
                "1000100010": 1,
                "0000111010": 1,
                "0101001101": 1,
                "1101101011": 1,
                "0110010101": 2,
                "0000010011": 1,
                "0100000000": 1,
                "0110011010": 1,
                "1011101110": 1,
                "1010100010": 1,
                "1000101101": 1,
                "1100010010": 1,
                "1011101001": 1,
                "0011100001": 1,
                "1110001101": 1,
                "0111100001": 1,
                "1010100001": 1,
                "1100001110": 1,
                "1101010010": 1,
                "0000001100": 1,
                "0011101011": 1,
                "1010100110": 1,
                "1010010101": 1,
                "0101011111": 1,
                "0011001000": 1,
                "1100011111": 1,
                "1010010110": 1,
                "0110011111": 1,
                "1011000101": 1,
                "1111111101": 1,
                "1101000100": 1,
                "0111001011": 1,
                "0110000001": 1,
                "1110001001": 1,
                "0000110001": 2,
                "0100101011": 1,
                "1001000100": 1,
                "0000110010": 1,
                "0001000011": 1,
                "0011100100": 1,
                "0001110011": 1,
                "1001000000": 1,
                "0101101001": 1,
                "1001001000": 1,
                "0110001010": 1,
                "1010010001": 1,
                "0101101011": 1,
                "0100010101": 1,
                "1101000010": 1,
                "1101111001": 1,
                "0100110001": 2,
                "0001011100": 1,
                "0101010000": 1,
                "0000001000": 1,
                "0101010001": 1,
                "1111110010": 1,
                "0010101011": 1,
                "0101011001": 1,
                "1011101010": 1,
                "0010001101": 1,
                "0000110101": 1,
                "1001000110": 1,
                "0110110000": 1,
                "0100111111": 1,
                "1111011011": 1,
                "1001010100": 1,
                "0000001101": 1,
                "0100011110": 1,
                "1100011100": 1,
                "0001110110": 1,
                "1110011001": 1,
                "0001111101": 1,
                "0100110100": 1,
                "1011110010": 1,
                "0000011110": 1,
                "0010000100": 1,
                "0111001010": 1,
                "0100111101": 1,
                "0011110011": 1,
                "0100000011": 1,
                "1111000111": 1,
                "0101100101": 1,
                "0001101000": 1,
                "1110110100": 1,
                "0011011011": 1,
                "1101110110": 1,
                "1000010010": 1
            },
            true,
            0.98
        ]
    ]
}