{
    "n": 10,
    "m": 45,
    "results": [
        [
            [
                [
                    -8,
                    -1,
                    -4
                ],
                [
                    10,
                    -2,
                    -3
                ],
                [
                    -9,
                    3,
                    -7
                ],
                [
                    10,
                    8,
                    3
                ],
                [
                    -10,
                    1,
                    -5
                ],
                [
                    5,
                    -7,
                    -3
                ],
                [
                    1,
                    -9,
                    7
                ],
                [
                    -9,
                    -10,
                    5
                ],
                [
                    2,
                    -5,
                    1
                ],
                [
                    -3,
                    5,
                    6
                ],
                [
                    -10,
                    5,
                    4
                ],
                [
                    -7,
                    -2,
                    8
                ],
                [
                    -4,
                    9,
                    -3
                ],
                [
                    10,
                    7,
                    8
                ],
                [
                    -4,
                    -9,
                    8
                ],
                [
                    10,
                    5,
                    1
                ],
                [
                    -8,
                    2,
                    3
                ],
                [
                    1,
                    -8,
                    -7
                ],
                [
                    -4,
                    -7,
                    3
                ],
                [
                    9,
                    6,
                    -7
                ],
                [
                    -2,
                    -9,
                    -1
                ],
                [
                    -10,
                    -5,
                    8
                ],
                [
                    -6,
                    7,
                    8
                ],
                [
                    -10,
                    1,
                    -8
                ],
                [
                    4,
                    -9,
                    -7
                ],
                [
                    8,
                    -7,
                    1
                ],
                [
                    3,
                    2,
                    7
                ],
                [
                    10,
                    6,
                    1
                ],
                [
                    9,
                    -5,
                    10
                ],
                [
                    10,
                    4,
                    3
                ],
                [
                    -7,
                    10,
                    5
                ],
                [
                    9,
                    5,
                    8
                ],
                [
                    3,
                    10,
                    1
                ],
                [
                    -8,
                    -4,
                    -2
                ],
                [
                    1,
                    2,
                    -5
                ],
                [
                    4,
                    7,
                    -6
                ],
                [
                    -10,
                    -3,
                    7
                ],
                [
                    1,
                    -3,
                    -4
                ],
                [
                    -6,
                    7,
                    -1
                ],
                [
                    7,
                    9,
                    8
                ],
                [
                    7,
                    -10,
                    4
                ],
                [
                    6,
                    -7,
                    -8
                ],
                [
                    7,
                    3,
                    -5
                ],
                [
                    10,
                    -9,
                    -3
                ],
                [
                    8,
                    9,
                    6
                ]
            ],
            "{   'fun': 0.99,\n    'jac': None,\n    'nfev': 90,\n    'nit': 1,\n    'njev': 18,\n    'x': array([0.07271824, 0.08518428, 2.49748815, 0.83938026])}",
            {
                "0000000011": 1,
                "1110111111": 1,
                "1111101001": 1,
                "1001000011": 1,
                "0111011001": 1,
                "1011011000": 1,
                "1100000011": 1,
                "0001111101": 1,
                "1111101000": 1,
                "1010101001": 1,
                "1001101110": 1,
                "1100011011": 1,
                "1000111000": 1,
                "1110010010": 1,
                "0101110111": 1,
                "0011001011": 1,
                "0111001111": 1,
                "1010011101": 1,
                "0000101100": 1,
                "1100011101": 1,
                "0101110011": 1,
                "0101000100": 1,
                "1000011111": 1,
                "1000100000": 1,
                "1001011011": 1,
                "0100110001": 1,
                "1010101111": 1,
                "0000000010": 1,
                "1011100110": 1,
                "0101001100": 1,
                "1110111010": 1,
                "1110100111": 1,
                "0001010101": 1,
                "1010000111": 1,
                "1110100001": 1,
                "0000011111": 1,
                "1000110110": 1,
                "1111110011": 1,
                "1101010100": 1,
                "0000001010": 1,
                "0000011010": 1,
                "0011010101": 1,
                "0111111100": 1,
                "0011010100": 1,
                "1111011101": 1,
                "0111110000": 1,
                "0100000100": 1,
                "0010001000": 1,
                "1010010111": 2,
                "1001100000": 1,
                "1100001011": 1,
                "0100110101": 1,
                "0111101001": 1,
                "0000000000": 1,
                "0011101000": 1,
                "1100010010": 1,
                "0000010111": 1,
                "1100001111": 1,
                "1001000010": 1,
                "1101110111": 1,
                "1010110000": 2,
                "0000111100": 1,
                "0000001011": 1,
                "0100100001": 1,
                "0001110101": 1,
                "0010000010": 1,
                "1000001111": 1,
                "0100101100": 1,
                "0100100110": 1,
                "1000101101": 1,
                "0000101010": 1,
                "1111111001": 1,
                "0101000101": 1,
                "0000111000": 1,
                "1001110101": 2,
                "0010110011": 1,
                "0111100000": 1,
                "1000011110": 1,
                "1010011110": 1,
                "1000111011": 1,
                "1111001011": 1,
                "0010001100": 1,
                "0110100001": 1,
                "0011111010": 1,
                "0011110000": 1,
                "0110111010": 1,
                "0010000000": 1,
                "0100010100": 1,
                "1001100111": 1,
                "0000100111": 1,
                "1000100010": 1,
                "0010010011": 1,
                "0000101001": 1,
                "1001110010": 1,
                "0110110111": 1,
                "1110100110": 1,
                "1100110000": 1
            },
            true,
            0.97
        ],
        [
            [
                [
                    -7,
                    -5,
                    -4
                ],
                [
                    9,
                    -10,
                    2
                ],
                [
                    -5,
                    1,
                    3
                ],
                [
                    7,
                    2,
                    -1
                ],
                [
                    2,
                    -3,
                    7
                ],
                [
                    8,
                    6,
                    -7
                ],
                [
                    8,
                    -9,
                    -1
                ],
                [
                    6,
                    1,
                    4
                ],
                [
                    -2,
                    6,
                    10
                ],
                [
                    8,
                    10,
                    1
                ],
                [
                    6,
                    -4,
                    5
                ],
                [
                    9,
                    5,
                    4
                ],
                [
                    8,
                    -1,
                    -3
                ],
                [
                    -6,
                    7,
                    -10
                ],
                [
                    5,
                    4,
                    -6
                ],
                [
                    -8,
                    -6,
                    -7
                ],
                [
                    -2,
                    -9,
                    7
                ],
                [
                    -3,
                    -10,
                    -9
                ],
                [
                    -4,
                    8,
                    -7
                ],
                [
                    2,
                    -10,
                    -7
                ],
                [
                    1,
                    9,
                    4
                ],
                [
                    -2,
                    -9,
                    10
                ],
                [
                    -3,
                    -10,
                    -4
                ],
                [
                    4,
                    10,
                    -2
                ],
                [
                    8,
                    -5,
                    -9
                ],
                [
                    8,
                    -10,
                    9
                ],
                [
                    -10,
                    7,
                    2
                ],
                [
                    9,
                    3,
                    6
                ],
                [
                    5,
                    4,
                    -2
                ],
                [
                    -7,
                    -3,
                    10
                ],
                [
                    -10,
                    -6,
                    7
                ],
                [
                    -9,
                    -10,
                    -6
                ],
                [
                    8,
                    1,
                    -6
                ],
                [
                    4,
                    -8,
                    -1
                ],
                [
                    -1,
                    7,
                    3
                ],
                [
                    9,
                    6,
                    1
                ],
                [
                    -9,
                    -6,
                    -3
                ],
                [
                    -10,
                    5,
                    4
                ],
                [
                    -1,
                    5,
                    -10
                ],
                [
                    4,
                    -5,
                    3
                ],
                [
                    2,
                    3,
                    -1
                ],
                [
                    6,
                    1,
                    -10
                ],
                [
                    1,
                    -8,
                    7
                ],
                [
                    -1,
                    6,
                    -5
                ],
                [
                    6,
                    8,
                    4
                ]
            ],
            "{   'fun': 1.0,\n    'jac': None,\n    'nfev': 105,\n    'nit': 0,\n    'njev': 21,\n    'x': array([1.76215289, 1.68291279, 2.48651562, 2.64260122])}",
            {
                "1000011000": 1,
                "0001010101": 1,
                "1000010000": 1,
                "0010100010": 1,
                "1001001111": 1,
                "1011001111": 1,
                "0010110011": 1,
                "1100101111": 1,
                "1010100101": 1,
                "1000010010": 1,
                "1000001111": 1,
                "1001101111": 1,
                "0111100000": 1,
                "0010001101": 1,
                "0101100011": 1,
                "1000111001": 1,
                "0001011110": 1,
                "0011101000": 1,
                "0000011001": 1,
                "1001000010": 1,
                "1111110001": 1,
                "0111011011": 1,
                "0110111111": 1,
                "0010101111": 1,
                "0010111111": 1,
                "1101100000": 1,
                "0001111001": 1,
                "1111000101": 1,
                "0011100010": 1,
                "0110100110": 1,
                "0010111001": 1,
                "0001101011": 1,
                "0101001011": 1,
                "1110010110": 1,
                "1001000100": 1,
                "1000111011": 1,
                "0000011100": 1,
                "1011001100": 1,
                "0110011000": 1,
                "0010011001": 1,
                "1010101110": 1,
                "0011010001": 1,
                "1100101000": 1,
                "0101100111": 1,
                "0110000110": 1,
                "0010011110": 1,
                "1110010010": 1,
                "1101011010": 1,
                "0110111011": 1,
                "1111010101": 1,
                "1111101101": 1,
                "0100001110": 1,
                "0001101111": 2,
                "1100001010": 1,
                "0100011111": 1,
                "0001010001": 1,
                "0001001111": 1,
                "1101011011": 1,
                "1010100000": 1,
                "1111111000": 1,
                "0101011100": 1,
                "0101100110": 1,
                "0001011111": 1,
                "0101000101": 1,
                "1111110110": 1,
                "0011011010": 1,
                "1011011100": 1,
                "1100010001": 1,
                "1000101101": 1,
                "0000000111": 1,
                "1111011101": 1,
                "0111010000": 1,
                "1111111111": 1,
                "1110010000": 1,
                "0101101011": 1,
                "1101001010": 1,
                "0101011000": 1,
                "0101111000": 1,
                "0100011001": 1,
                "0100000111": 1,
                "1001001001": 1,
                "1000101011": 3,
                "1100011010": 1,
                "1000111000": 1,
                "0001110010": 1,
                "0000001001": 1,
                "0100100011": 1,
                "0010001010": 1,
                "1011100011": 1,
                "1101010011": 2,
                "1101111100": 1,
                "1101100100": 1,
                "1110100010": 1,
                "1110001110": 1,
                "0000101101": 1,
                "0111001111": 1
            },
            false,
            0.95
        ],
        [
            [
                [
                    -10,
                    -5,
                    -6
                ],
                [
                    8,
                    -3,
                    9
                ],
                [
                    -7,
                    -10,
                    1
                ],
                [
                    -7,
                    -2,
                    -4
                ],
                [
                    -5,
                    8,
                    6
                ],
                [
                    -3,
                    -8,
                    -4
                ],
                [
                    -3,
                    -5,
                    6
                ],
                [
                    -4,
                    -7,
                    3
                ],
                [
                    10,
                    2,
                    9
                ],
                [
                    10,
                    -8,
                    3
                ],
                [
                    -1,
                    -7,
                    5
                ],
                [
                    3,
                    7,
                    -4
                ],
                [
                    -7,
                    -10,
                    -5
                ],
                [
                    7,
                    -10,
                    -1
                ],
                [
                    7,
                    9,
                    3
                ],
                [
                    -1,
                    6,
                    -9
                ],
                [
                    -3,
                    -6,
                    1
                ],
                [
                    -6,
                    5,
                    -10
                ],
                [
                    -8,
                    -9,
                    2
                ],
                [
                    -5,
                    6,
                    -8
                ],
                [
                    7,
                    -4,
                    -8
                ],
                [
                    -4,
                    1,
                    3
                ],
                [
                    10,
                    3,
                    4
                ],
                [
                    10,
                    -5,
                    -4
                ],
                [
                    -5,
                    6,
                    -7
                ],
                [
                    -10,
                    9,
                    -4
                ],
                [
                    1,
                    3,
                    -10
                ],
                [
                    1,
                    3,
                    -8
                ],
                [
                    9,
                    -6,
                    3
                ],
                [
                    8,
                    -1,
                    6
                ],
                [
                    2,
                    -7,
                    -3
                ],
                [
                    7,
                    -10,
                    3
                ],
                [
                    6,
                    -1,
                    5
                ],
                [
                    6,
                    1,
                    -2
                ],
                [
                    -6,
                    -10,
                    -1
                ],
                [
                    -9,
                    4,
                    1
                ],
                [
                    3,
                    5,
                    9
                ],
                [
                    -9,
                    -2,
                    -3
                ],
                [
                    -7,
                    -8,
                    6
                ],
                [
                    10,
                    8,
                    -1
                ],
                [
                    2,
                    1,
                    -10
                ],
                [
                    -10,
                    -9,
                    -6
                ],
                [
                    -2,
                    -8,
                    -1
                ],
                [
                    -10,
                    2,
                    9
                ],
                [
                    -2,
                    -9,
                    4
                ]
            ],
            "{   'fun': 1.0,\n    'jac': None,\n    'nfev': 5,\n    'nit': 0,\n    'njev': 1,\n    'x': array([2.58572401, 0.04774246, 1.62396976, 3.0400057 ])}",
            {
                "0000101001": 1,
                "0100000100": 1,
                "1110110100": 1,
                "0001000100": 1,
                "0000101010": 1,
                "0001010100": 1,
                "1111001101": 1,
                "0111111111": 1,
                "0001000000": 1,
                "0100010111": 1,
                "0011100111": 1,
                "0111011010": 1,
                "1001000010": 1,
                "0010010000": 1,
                "1001101010": 1,
                "1100001100": 1,
                "1011001011": 1,
                "0000110000": 1,
                "0101011100": 1,
                "1001000011": 1,
                "0110010011": 1,
                "0100001001": 1,
                "1111101100": 1,
                "0001100110": 1,
                "0110100101": 1,
                "0100010011": 1,
                "1011101100": 2,
                "1101111000": 1,
                "0011111101": 1,
                "1000000110": 1,
                "1101100010": 1,
                "0011100000": 1,
                "1110110110": 1,
                "1000010111": 1,
                "0011010101": 1,
                "1001100001": 1,
                "1011100001": 1,
                "1011111101": 1,
                "0101000010": 1,
                "0010000010": 1,
                "0001011001": 1,
                "1110100001": 2,
                "1110001100": 1,
                "0111001100": 1,
                "0001111111": 1,
                "0001111100": 1,
                "1111100001": 2,
                "0000100001": 1,
                "1000100111": 1,
                "0101100010": 1,
                "1000110100": 1,
                "0101011111": 1,
                "0011110000": 1,
                "1000001100": 1,
                "1100110110": 1,
                "1110010010": 1,
                "1101011010": 1,
                "1010110101": 1,
                "0011111111": 1,
                "0101001100": 1,
                "0000001000": 1,
                "1100110010": 1,
                "1000000111": 1,
                "1100101010": 1,
                "0011101100": 1,
                "0000000001": 1,
                "0011100011": 1,
                "1010110011": 1,
                "0011001100": 1,
                "1111111111": 1,
                "0101110000": 1,
                "1010100001": 1,
                "0111010101": 1,
                "1110100010": 1,
                "1110101101": 1,
                "1101000100": 1,
                "1111010010": 1,
                "0111000101": 1,
                "0000000100": 1,
                "1110100011": 1,
                "0000011000": 1,
                "1011100010": 1,
                "1001110001": 1,
                "1010111001": 2,
                "1101111110": 1,
                "0001101010": 1,
                "0110001111": 1,
                "0011000001": 1,
                "1110110101": 1,
                "0011101110": 1,
                "0100011010": 1,
                "1110000010": 1,
                "1100001101": 1,
                "0011011000": 1,
                "1110010101": 1,
                "0001110100": 1
            },
            false,
            1.0
        ],
        [
            [
                [
                    -3,
                    -7,
                    1
                ],
                [
                    9,
                    7,
                    -10
                ],
                [
                    1,
                    -4,
                    -8
                ],
                [
                    1,
                    4,
                    -10
                ],
                [
                    10,
                    3,
                    7
                ],
                [
                    -5,
                    1,
                    4
                ],
                [
                    -10,
                    -5,
                    1
                ],
                [
                    10,
                    -5,
                    2
                ],
                [
                    -10,
                    -4,
                    -9
                ],
                [
                    8,
                    -3,
                    10
                ],
                [
                    -8,
                    -6,
                    -10
                ],
                [
                    8,
                    -9,
                    -1
                ],
                [
                    -4,
                    6,
                    -3
                ],
                [
                    -5,
                    -10,
                    6
                ],
                [
                    5,
                    7,
                    6
                ],
                [
                    6,
                    -9,
                    10
                ],
                [
                    -1,
                    -8,
                    -5
                ],
                [
                    -7,
                    -10,
                    -9
                ],
                [
                    3,
                    5,
                    -9
                ],
                [
                    -8,
                    9,
                    -7
                ],
                [
                    -5,
                    -2,
                    -9
                ],
                [
                    1,
                    -7,
                    2
                ],
                [
                    8,
                    7,
                    -5
                ],
                [
                    -4,
                    9,
                    -5
                ],
                [
                    7,
                    -8,
                    6
                ],
                [
                    -4,
                    1,
                    -9
                ],
                [
                    -5,
                    3,
                    8
                ],
                [
                    5,
                    4,
                    8
                ],
                [
                    -5,
                    10,
                    -7
                ],
                [
                    2,
                    -3,
                    -6
                ],
                [
                    -8,
                    -3,
                    2
                ],
                [
                    -6,
                    4,
                    -9
                ],
                [
                    9,
                    3,
                    1
                ],
                [
                    -9,
                    -8,
                    -10
                ],
                [
                    -10,
                    -1,
                    7
                ],
                [
                    9,
                    -1,
                    2
                ],
                [
                    7,
                    1,
                    -6
                ],
                [
                    9,
                    -6,
                    -1
                ],
                [
                    10,
                    -9,
                    3
                ],
                [
                    -3,
                    -5,
                    2
                ],
                [
                    -3,
                    1,
                    -2
                ],
                [
                    1,
                    -7,
                    6
                ],
                [
                    1,
                    -4,
                    2
                ],
                [
                    -8,
                    9,
                    -6
                ],
                [
                    -3,
                    -8,
                    10
                ]
            ],
            "{   'fun': 1.0,\n    'jac': None,\n    'nfev': 5,\n    'nit': 0,\n    'njev': 1,\n    'x': array([0.48383555, 1.06155082, 2.31572148, 2.38593535])}",
            {
                "0111100000": 1,
                "1100100110": 1,
                "0001101000": 1,
                "1000011111": 1,
                "0100111010": 1,
                "1011000101": 1,
                "0111101101": 1,
                "0111011010": 1,
                "1110100000": 1,
                "1111010001": 1,
                "1100101000": 1,
                "0011110010": 1,
                "1011101100": 1,
                "0011100000": 1,
                "0010000101": 1,
                "0110101110": 1,
                "0101001010": 1,
                "1111111010": 1,
                "1010011001": 1,
                "1000001110": 1,
                "1101010011": 1,
                "1010010001": 1,
                "0011001100": 1,
                "1101001010": 1,
                "1011001010": 1,
                "0001011110": 1,
                "0010110010": 1,
                "1010100001": 1,
                "0100000111": 1,
                "0100010111": 1,
                "0000000111": 1,
                "1111111000": 1,
                "1011101000": 1,
                "1010110101": 1,
                "0001100101": 2,
                "0110011001": 1,
                "0000100100": 2,
                "0110010010": 1,
                "1001011000": 1,
                "1101010101": 1,
                "1101010010": 1,
                "1111101011": 1,
                "0010011001": 1,
                "1011011011": 1,
                "1101101010": 1,
                "1000110001": 1,
                "1000110111": 1,
                "0010010001": 1,
                "0010001000": 1,
                "0011110100": 1,
                "0111110100": 1,
                "1110101010": 1,
                "0000000100": 1,
                "0011010110": 1,
                "0110001101": 1,
                "0100101111": 1,
                "1001010011": 1,
                "0011101001": 1,
                "0111111001": 1,
                "1100000010": 1,
                "1101100010": 1,
                "0001101100": 1,
                "1000101001": 1,
                "0111111111": 1,
                "0110010100": 1,
                "0001110000": 1,
                "0101010111": 1,
                "1001100000": 1,
                "1100101010": 2,
                "1100010011": 1,
                "0101011111": 1,
                "1011000010": 1,
                "0100100101": 1,
                "1010101000": 1,
                "0111100101": 1,
                "0100001001": 1,
                "1110000000": 1,
                "1010011111": 1,
                "0001111101": 1,
                "0110001010": 1,
                "0101011001": 1,
                "1111001000": 1,
                "0110110000": 1,
                "0001001110": 1,
                "0000001111": 1,
                "0101011100": 1,
                "0101001001": 1,
                "0101111101": 1,
                "1100011101": 1,
                "0011000001": 1,
                "1101011100": 1,
                "0110100100": 1,
                "1100011001": 1,
                "1011111001": 1,
                "1110110101": 1,
                "0010101100": 1,
                "1101111101": 1
            },
            false,
            1.0
        ],
        [
            [
                [
                    -10,
                    6,
                    -1
                ],
                [
                    8,
                    -5,
                    7
                ],
                [
                    -8,
                    7,
                    2
                ],
                [
                    -2,
                    1,
                    -7
                ],
                [
                    -9,
                    -7,
                    3
                ],
                [
                    -2,
                    4,
                    10
                ],
                [
                    -6,
                    -10,
                    -7
                ],
                [
                    -8,
                    -7,
                    6
                ],
                [
                    -3,
                    8,
                    1
                ],
                [
                    7,
                    10,
                    4
                ],
                [
                    10,
                    4,
                    -1
                ],
                [
                    -4,
                    2,
                    -9
                ],
                [
                    9,
                    6,
                    3
                ],
                [
                    -3,
                    -6,
                    9
                ],
                [
                    7,
                    10,
                    9
                ],
                [
                    -3,
                    -10,
                    5
                ],
                [
                    1,
                    -6,
                    -2
                ],
                [
                    10,
                    6,
                    8
                ],
                [
                    -5,
                    6,
                    2
                ],
                [
                    1,
                    -10,
                    6
                ],
                [
                    -9,
                    -10,
                    -2
                ],
                [
                    2,
                    -10,
                    7
                ],
                [
                    -2,
                    3,
                    5
                ],
                [
                    -10,
                    -6,
                    2
                ],
                [
                    -4,
                    -6,
                    -8
                ],
                [
                    -2,
                    -6,
                    8
                ],
                [
                    9,
                    8,
                    -1
                ],
                [
                    5,
                    10,
                    7
                ],
                [
                    -6,
                    4,
                    5
                ],
                [
                    5,
                    3,
                    4
                ],
                [
                    8,
                    -3,
                    -2
                ],
                [
                    -8,
                    -1,
                    -5
                ],
                [
                    -5,
                    1,
                    -7
                ],
                [
                    2,
                    -3,
                    9
                ],
                [
                    -2,
                    -3,
                    4
                ],
                [
                    -6,
                    -7,
                    5
                ],
                [
                    -7,
                    -5,
                    8
                ],
                [
                    -6,
                    7,
                    -9
                ],
                [
                    -3,
                    -7,
                    -6
                ],
                [
                    -9,
                    1,
                    6
                ],
                [
                    -9,
                    -3,
                    8
                ],
                [
                    5,
                    -7,
                    -1
                ],
                [
                    -6,
                    -10,
                    -5
                ],
                [
                    10,
                    4,
                    9
                ],
                [
                    -4,
                    -1,
                    -9
                ]
            ],
            "{   'fun': 1.0,\n    'jac': None,\n    'nfev': 5,\n    'nit': 0,\n    'njev': 1,\n    'x': array([0.52740253, 0.17713412, 0.19211593, 0.02383559])}",
            {
                "0001000010": 1,
                "1100110101": 1,
                "0011111010": 1,
                "1011011111": 1,
                "1001001110": 1,
                "1000100000": 1,
                "1000000111": 1,
                "0001110111": 1,
                "1101001001": 1,
                "0111000011": 1,
                "1011110000": 1,
                "1100100101": 1,
                "0100010000": 2,
                "1100111100": 1,
                "1110011011": 1,
                "0010101001": 1,
                "0111011101": 1,
                "1000111100": 1,
                "0000001111": 1,
                "0110100001": 1,
                "0110100000": 1,
                "1100010110": 1,
                "1001110001": 2,
                "1111100110": 1,
                "1111100101": 1,
                "1111000100": 1,
                "1010011101": 1,
                "0001101110": 1,
                "0000111100": 1,
                "0101010010": 1,
                "0010110000": 2,
                "0010100101": 1,
                "1101101010": 1,
                "1011111010": 1,
                "1111010110": 1,
                "0100100011": 1,
                "0000110111": 1,
                "1000011110": 1,
                "1110110110": 1,
                "1000100001": 1,
                "1000111101": 1,
                "1110000000": 1,
                "1000101010": 1,
                "0001000111": 1,
                "1010101000": 1,
                "0010111011": 1,
                "0110000101": 1,
                "0101001100": 1,
                "1001110011": 1,
                "1011001101": 1,
                "0101000011": 1,
                "1101110110": 1,
                "0001111110": 1,
                "1000010110": 1,
                "1010010100": 1,
                "1010011010": 1,
                "0101110100": 1,
                "0111010000": 1,
                "1001001101": 1,
                "1110010000": 1,
                "1010011011": 1,
                "0111001000": 1,
                "1111010101": 1,
                "0110111110": 1,
                "0110110000": 1,
                "0110010111": 1,
                "1000101000": 1,
                "1110110111": 1,
                "1000001000": 1,
                "1100000001": 1,
                "0010001100": 1,
                "0111001110": 1,
                "0011011111": 1,
                "0001010001": 1,
                "0001001111": 1,
                "0010011101": 1,
                "1000011010": 1,
                "0101000000": 1,
                "1000100111": 1,
                "0110010110": 1,
                "0000000101": 1,
                "1011010011": 1,
                "1110010101": 1,
                "0000010111": 1,
                "0000011011": 3,
                "0100110111": 1,
                "1000010000": 1,
                "1011000000": 1,
                "1101111100": 1,
                "0110110011": 1,
                "0001011101": 1,
                "1100101000": 1,
                "1001000011": 1,
                "0010101011": 2
            },
            false,
            1.0
        ]
    ]
}