{
    "n": 10,
    "m": 45,
    "results": [
        [
            [
                [
                    8,
                    -2,
                    5
                ],
                [
                    9,
                    -5,
                    7
                ],
                [
                    -4,
                    -7,
                    -1
                ],
                [
                    -7,
                    -10,
                    9
                ],
                [
                    7,
                    8,
                    -3
                ],
                [
                    -8,
                    7,
                    3
                ],
                [
                    -2,
                    -6,
                    -8
                ],
                [
                    -4,
                    -9,
                    8
                ],
                [
                    3,
                    -2,
                    5
                ],
                [
                    5,
                    -7,
                    -9
                ],
                [
                    -2,
                    5,
                    3
                ],
                [
                    -6,
                    -1,
                    5
                ],
                [
                    9,
                    8,
                    6
                ],
                [
                    -10,
                    -1,
                    -7
                ],
                [
                    -4,
                    -2,
                    -3
                ],
                [
                    -9,
                    6,
                    1
                ],
                [
                    3,
                    10,
                    8
                ],
                [
                    -5,
                    2,
                    -4
                ],
                [
                    -9,
                    -6,
                    3
                ],
                [
                    10,
                    3,
                    1
                ],
                [
                    -8,
                    -10,
                    2
                ],
                [
                    3,
                    7,
                    9
                ],
                [
                    -10,
                    -5,
                    -7
                ],
                [
                    8,
                    -7,
                    1
                ],
                [
                    10,
                    -3,
                    6
                ],
                [
                    3,
                    9,
                    -10
                ],
                [
                    9,
                    7,
                    10
                ],
                [
                    10,
                    7,
                    5
                ],
                [
                    -3,
                    9,
                    -5
                ],
                [
                    3,
                    8,
                    10
                ],
                [
                    -8,
                    5,
                    -7
                ],
                [
                    6,
                    2,
                    4
                ],
                [
                    8,
                    3,
                    -10
                ],
                [
                    -4,
                    -3,
                    5
                ],
                [
                    -5,
                    -3,
                    -8
                ],
                [
                    -2,
                    1,
                    9
                ],
                [
                    -4,
                    1,
                    -10
                ],
                [
                    6,
                    -1,
                    2
                ],
                [
                    4,
                    6,
                    10
                ],
                [
                    2,
                    -8,
                    7
                ],
                [
                    8,
                    -10,
                    7
                ],
                [
                    -7,
                    5,
                    3
                ],
                [
                    -1,
                    3,
                    -9
                ],
                [
                    -8,
                    -1,
                    -9
                ],
                [
                    -4,
                    -10,
                    6
                ]
            ],
            "{   'fun': 0.99,\n    'jac': None,\n    'nfev': 105,\n    'nit': 0,\n    'njev': 21,\n    'x': array([0.07271878, 0.08518428, 2.49748869, 0.8393808 ])}",
            {
                "0101000111": 1,
                "0001100100": 1,
                "0000100100": 1,
                "1001111011": 1,
                "1110011110": 1,
                "1001101011": 1,
                "0100110001": 1,
                "1010110001": 1,
                "1111011001": 1,
                "1101110100": 1,
                "0100011010": 1,
                "0111110000": 1,
                "1100011011": 1,
                "1001001111": 1,
                "1011001110": 1,
                "0010010001": 1,
                "1011000101": 1,
                "1111100011": 1,
                "0010001110": 1,
                "1100000110": 1,
                "1011110010": 1,
                "1101100101": 1,
                "0111101100": 1,
                "0010100000": 1,
                "0010111000": 1,
                "1000011111": 1,
                "1110101011": 1,
                "1111100001": 1,
                "0110010100": 1,
                "1111100100": 1,
                "0011100101": 1,
                "0001111110": 1,
                "0110110101": 1,
                "1001100101": 1,
                "0110101011": 1,
                "1101000101": 1,
                "1111111011": 1,
                "0001110110": 1,
                "0000100110": 1,
                "0101011111": 1,
                "0101001111": 1,
                "1010001000": 1,
                "0101110111": 1,
                "1110110101": 2,
                "0100101000": 1,
                "0111110110": 1,
                "1000100100": 1,
                "1010001100": 1,
                "1111101110": 1,
                "0111001110": 1,
                "0101010110": 1,
                "1111101100": 1,
                "1011100101": 1,
                "0000000100": 1,
                "0101001010": 1,
                "1101010100": 1,
                "0010001100": 1,
                "1110111100": 1,
                "1111100111": 1,
                "0110000100": 1,
                "1101011101": 1,
                "1110101100": 1,
                "0001111111": 1,
                "0001111100": 1,
                "1000011101": 1,
                "0100111111": 1,
                "1000001110": 1,
                "0001100011": 1,
                "1010101111": 1,
                "1111000111": 1,
                "1010001101": 1,
                "0110010010": 1,
                "0101010001": 2,
                "0101010000": 1,
                "0101100110": 1,
                "1000110001": 1,
                "1001101111": 1,
                "1111000010": 1,
                "0000000001": 1,
                "0111011111": 2,
                "1101010010": 1,
                "0111000100": 1,
                "1011001010": 1,
                "1011111111": 1,
                "1011111110": 1,
                "1111100101": 1,
                "1100001111": 1,
                "1000000101": 2,
                "0010100100": 1,
                "1111010110": 1,
                "0000001001": 1,
                "1011011101": 1,
                "0011001110": 1,
                "0000000101": 1,
                "0110010110": 1,
                "0110110110": 1
            },
            true,
            0.96
        ],
        [
            [
                [
                    6,
                    2,
                    -8
                ],
                [
                    5,
                    -2,
                    -6
                ],
                [
                    6,
                    -3,
                    7
                ],
                [
                    -9,
                    -4,
                    -7
                ],
                [
                    1,
                    3,
                    4
                ],
                [
                    2,
                    -1,
                    3
                ],
                [
                    9,
                    -2,
                    -5
                ],
                [
                    3,
                    -8,
                    -4
                ],
                [
                    5,
                    7,
                    6
                ],
                [
                    -6,
                    2,
                    1
                ],
                [
                    -7,
                    -5,
                    -9
                ],
                [
                    -7,
                    3,
                    8
                ],
                [
                    8,
                    -9,
                    -1
                ],
                [
                    -10,
                    -5,
                    8
                ],
                [
                    -2,
                    -5,
                    -10
                ],
                [
                    -6,
                    -9,
                    -7
                ],
                [
                    -8,
                    -7,
                    4
                ],
                [
                    -4,
                    2,
                    -1
                ],
                [
                    -7,
                    -3,
                    -1
                ],
                [
                    1,
                    9,
                    4
                ],
                [
                    7,
                    9,
                    5
                ],
                [
                    -6,
                    -1,
                    7
                ],
                [
                    9,
                    -3,
                    2
                ],
                [
                    9,
                    7,
                    -6
                ],
                [
                    10,
                    -9,
                    6
                ],
                [
                    -9,
                    4,
                    1
                ],
                [
                    7,
                    -4,
                    5
                ],
                [
                    4,
                    2,
                    -1
                ],
                [
                    10,
                    6,
                    9
                ],
                [
                    7,
                    -10,
                    8
                ],
                [
                    -6,
                    -10,
                    -4
                ],
                [
                    -2,
                    -1,
                    -7
                ],
                [
                    9,
                    2,
                    3
                ],
                [
                    -8,
                    -10,
                    -2
                ],
                [
                    3,
                    2,
                    10
                ],
                [
                    9,
                    -6,
                    -8
                ],
                [
                    10,
                    -5,
                    6
                ],
                [
                    -7,
                    -4,
                    3
                ],
                [
                    8,
                    3,
                    -1
                ],
                [
                    6,
                    -10,
                    4
                ],
                [
                    6,
                    -5,
                    -4
                ],
                [
                    -5,
                    -4,
                    9
                ],
                [
                    2,
                    -10,
                    4
                ],
                [
                    -4,
                    8,
                    5
                ],
                [
                    6,
                    -4,
                    -7
                ]
            ],
            "{   'fun': 0.99,\n    'jac': None,\n    'nfev': 120,\n    'nit': 2,\n    'njev': 24,\n    'x': array([1.76214561, 1.68291279, 2.48651562, 2.6426085 ])}",
            {
                "0010011000": 1,
                "1111111010": 1,
                "0101100011": 1,
                "0010110100": 1,
                "0110001000": 1,
                "1001100110": 1,
                "0011000000": 1,
                "0010010101": 1,
                "0111111000": 1,
                "1000101011": 1,
                "0101001010": 1,
                "0010011111": 1,
                "1100010010": 1,
                "1011000110": 1,
                "0000010110": 1,
                "0100010101": 1,
                "0010111011": 1,
                "0111100101": 1,
                "0000100000": 1,
                "0110100110": 1,
                "0010000001": 1,
                "1011110100": 1,
                "0001100000": 1,
                "1000010111": 1,
                "1010011010": 1,
                "0100000011": 1,
                "1010110111": 1,
                "0011010000": 1,
                "1010011101": 1,
                "1110011100": 1,
                "0111100011": 1,
                "0101100111": 1,
                "0110101000": 1,
                "1101111000": 1,
                "1010011000": 1,
                "0010010000": 1,
                "0101011011": 1,
                "1011000101": 1,
                "0110110110": 1,
                "1110100001": 1,
                "0001100010": 1,
                "0100000110": 1,
                "0101010110": 1,
                "0011011110": 1,
                "0110000011": 1,
                "0011001110": 1,
                "0110011110": 1,
                "0000110011": 1,
                "0111000010": 1,
                "1100111011": 1,
                "0101011001": 1,
                "1011111110": 1,
                "0010001101": 1,
                "1111111110": 1,
                "1010101110": 1,
                "0010111010": 1,
                "0000110010": 1,
                "1001100101": 1,
                "1000111011": 1,
                "1110100000": 1,
                "0010111111": 1,
                "1000001000": 1,
                "0100100111": 2,
                "0101100110": 1,
                "0101010010": 1,
                "0000110101": 1,
                "1001011101": 1,
                "0100000111": 1,
                "0010010100": 1,
                "1000111001": 1,
                "1011101110": 1,
                "0110010010": 1,
                "0001101010": 1,
                "1101111110": 1,
                "1100000111": 2,
                "0001110010": 1,
                "0100000001": 1,
                "1000111111": 1,
                "0101010001": 1,
                "0101001100": 1,
                "1000110011": 1,
                "0111011100": 1,
                "1011100101": 1,
                "1101111100": 1,
                "1111011011": 1,
                "1011000000": 1,
                "0110110010": 1,
                "0111101011": 2,
                "1111100110": 1,
                "0100010010": 1,
                "0010101000": 1,
                "1100011111": 1,
                "0011000101": 1,
                "0101110001": 1,
                "0111111111": 1,
                "0110010001": 1,
                "1111100100": 1
            },
            true,
            0.96
        ],
        [
            [
                [
                    6,
                    7,
                    3
                ],
                [
                    9,
                    -3,
                    8
                ],
                [
                    3,
                    4,
                    8
                ],
                [
                    -10,
                    3,
                    7
                ],
                [
                    -8,
                    -4,
                    -2
                ],
                [
                    10,
                    -7,
                    1
                ],
                [
                    3,
                    -4,
                    -2
                ],
                [
                    4,
                    -5,
                    10
                ],
                [
                    -4,
                    -2,
                    7
                ],
                [
                    3,
                    7,
                    9
                ],
                [
                    -3,
                    -6,
                    1
                ],
                [
                    -2,
                    -5,
                    4
                ],
                [
                    -5,
                    -10,
                    4
                ],
                [
                    -9,
                    -5,
                    4
                ],
                [
                    5,
                    7,
                    6
                ],
                [
                    4,
                    -2,
                    9
                ],
                [
                    3,
                    7,
                    -10
                ],
                [
                    6,
                    -1,
                    -2
                ],
                [
                    -9,
                    4,
                    -6
                ],
                [
                    -6,
                    10,
                    -5
                ],
                [
                    8,
                    -10,
                    6
                ],
                [
                    1,
                    3,
                    4
                ],
                [
                    -1,
                    8,
                    4
                ],
                [
                    -3,
                    -7,
                    6
                ],
                [
                    -9,
                    5,
                    -7
                ],
                [
                    -5,
                    6,
                    9
                ],
                [
                    -2,
                    4,
                    -7
                ],
                [
                    1,
                    -9,
                    5
                ],
                [
                    -7,
                    9,
                    5
                ],
                [
                    -6,
                    9,
                    1
                ],
                [
                    -6,
                    -10,
                    8
                ],
                [
                    -5,
                    -4,
                    8
                ],
                [
                    -6,
                    -8,
                    3
                ],
                [
                    1,
                    7,
                    5
                ],
                [
                    1,
                    8,
                    2
                ],
                [
                    -6,
                    -9,
                    -3
                ],
                [
                    3,
                    -6,
                    4
                ],
                [
                    5,
                    -7,
                    -8
                ],
                [
                    1,
                    10,
                    -7
                ],
                [
                    10,
                    -7,
                    6
                ],
                [
                    5,
                    -4,
                    -7
                ],
                [
                    -2,
                    8,
                    5
                ],
                [
                    -10,
                    -1,
                    5
                ],
                [
                    8,
                    7,
                    -6
                ],
                [
                    -5,
                    -8,
                    7
                ]
            ],
            "{   'fun': 1.0,\n    'jac': None,\n    'nfev': 105,\n    'nit': 0,\n    'njev': 21,\n    'x': array([2.58572401, 0.04774246, 1.62396976, 3.0400057 ])}",
            {
                "0110001010": 1,
                "1111101101": 1,
                "0010111100": 1,
                "1100101000": 1,
                "0111100100": 1,
                "1000101110": 1,
                "0101001111": 1,
                "0010101010": 1,
                "0101100011": 1,
                "1100001101": 1,
                "1110010010": 1,
                "0000010110": 1,
                "0001110000": 1,
                "0001011001": 1,
                "1110000110": 1,
                "1110100001": 1,
                "0100100111": 1,
                "0001101000": 1,
                "0011011011": 1,
                "0100010000": 1,
                "1010101010": 1,
                "1011110111": 1,
                "1111000101": 1,
                "0010000001": 1,
                "1101100101": 1,
                "0101010101": 1,
                "1011101101": 1,
                "0011000111": 1,
                "0110110010": 1,
                "0010101101": 1,
                "0001100110": 1,
                "1110111011": 1,
                "1001111110": 2,
                "0101101011": 1,
                "1111111111": 1,
                "1001011111": 1,
                "1000101101": 1,
                "1010001111": 1,
                "0111111111": 1,
                "0110010001": 1,
                "1101110001": 1,
                "1000001011": 2,
                "0011101000": 1,
                "0000011001": 1,
                "0111100110": 1,
                "0111001001": 1,
                "1011001110": 1,
                "0100001000": 1,
                "1100000000": 1,
                "1010100111": 1,
                "0110010101": 1,
                "0011010100": 1,
                "0011110000": 2,
                "1100110000": 1,
                "1100111100": 1,
                "0010011001": 1,
                "0111110001": 1,
                "1111100011": 1,
                "0110111111": 1,
                "0000111111": 1,
                "0001110111": 1,
                "1100110110": 1,
                "0100000111": 1,
                "1101001011": 2,
                "0010001010": 1,
                "0001100100": 1,
                "1000111101": 1,
                "1110101010": 1,
                "0100101101": 1,
                "0111100001": 1,
                "0100111001": 1,
                "1100011101": 1,
                "1111100000": 1,
                "1100110010": 1,
                "1100110001": 1,
                "0110101000": 1,
                "1010110011": 2,
                "1100010000": 1,
                "0001111000": 1,
                "0011111111": 1,
                "1111011001": 1,
                "0111111011": 1,
                "1011111101": 1,
                "0101000010": 1,
                "0000010100": 1,
                "1010111100": 2,
                "1000000011": 1,
                "0000100011": 1,
                "1101111110": 1,
                "0101011000": 1,
                "1100011111": 1,
                "0101111000": 1,
                "1010010011": 1,
                "0100000110": 1
            },
            false,
            0.95
        ],
        [
            [
                [
                    -5,
                    -1,
                    -10
                ],
                [
                    6,
                    -2,
                    -10
                ],
                [
                    9,
                    3,
                    8
                ],
                [
                    7,
                    -1,
                    -10
                ],
                [
                    10,
                    3,
                    -1
                ],
                [
                    1,
                    -9,
                    -10
                ],
                [
                    -4,
                    -5,
                    2
                ],
                [
                    -1,
                    -6,
                    8
                ],
                [
                    1,
                    -4,
                    3
                ],
                [
                    -2,
                    -6,
                    -10
                ],
                [
                    6,
                    8,
                    -1
                ],
                [
                    -10,
                    6,
                    -8
                ],
                [
                    7,
                    -3,
                    -9
                ],
                [
                    5,
                    -2,
                    1
                ],
                [
                    8,
                    -6,
                    -2
                ],
                [
                    -10,
                    9,
                    5
                ],
                [
                    -8,
                    -10,
                    -1
                ],
                [
                    -8,
                    7,
                    -1
                ],
                [
                    -5,
                    -3,
                    10
                ],
                [
                    7,
                    8,
                    -1
                ],
                [
                    -7,
                    3,
                    6
                ],
                [
                    10,
                    7,
                    -5
                ],
                [
                    -6,
                    -8,
                    2
                ],
                [
                    9,
                    -2,
                    -10
                ],
                [
                    -10,
                    -5,
                    -7
                ],
                [
                    -6,
                    -3,
                    -4
                ],
                [
                    -10,
                    -7,
                    -4
                ],
                [
                    6,
                    10,
                    -8
                ],
                [
                    6,
                    -9,
                    2
                ],
                [
                    -4,
                    -1,
                    -9
                ],
                [
                    5,
                    -8,
                    -6
                ],
                [
                    -1,
                    5,
                    -2
                ],
                [
                    10,
                    2,
                    -7
                ],
                [
                    9,
                    10,
                    4
                ],
                [
                    1,
                    9,
                    -5
                ],
                [
                    -3,
                    -10,
                    9
                ],
                [
                    -8,
                    6,
                    -2
                ],
                [
                    -6,
                    -5,
                    1
                ],
                [
                    6,
                    -1,
                    7
                ],
                [
                    7,
                    -2,
                    -8
                ],
                [
                    10,
                    7,
                    -6
                ],
                [
                    -2,
                    5,
                    6
                ],
                [
                    -6,
                    4,
                    9
                ],
                [
                    -5,
                    -4,
                    8
                ],
                [
                    7,
                    3,
                    -1
                ]
            ],
            "{   'fun': 1.0,\n    'jac': None,\n    'nfev': 5,\n    'nit': 0,\n    'njev': 1,\n    'x': array([0.48383555, 1.06155082, 2.31572148, 2.38593535])}",
            {
                "0100001100": 1,
                "0101110011": 1,
                "1101010100": 1,
                "1010011000": 1,
                "1000101111": 1,
                "0010011111": 1,
                "1100111100": 1,
                "1100100001": 1,
                "0101101110": 1,
                "0110101000": 1,
                "1010101001": 1,
                "0110011011": 1,
                "1100100101": 1,
                "0011100110": 1,
                "1000100001": 1,
                "1101001110": 1,
                "1010011001": 1,
                "1100110101": 1,
                "1010010011": 1,
                "0101111110": 1,
                "1000011010": 1,
                "0001101010": 1,
                "0011111010": 1,
                "0101111100": 1,
                "0111000100": 1,
                "1011101110": 2,
                "0010011110": 1,
                "1000001111": 1,
                "0100100101": 1,
                "1010010100": 1,
                "1101011100": 1,
                "0111110010": 1,
                "0110011110": 1,
                "0110010110": 1,
                "0011000111": 1,
                "1101001111": 1,
                "0100011110": 1,
                "1111011000": 1,
                "1010111000": 1,
                "0111110000": 1,
                "1100101100": 1,
                "0100001000": 1,
                "1100000011": 1,
                "1001010100": 1,
                "0101011000": 1,
                "0010001110": 1,
                "1011001111": 2,
                "1110010101": 1,
                "1010111001": 1,
                "0010101011": 1,
                "1100000101": 1,
                "0110110110": 1,
                "0110111111": 1,
                "1010100011": 1,
                "1111111100": 1,
                "0001110111": 1,
                "0111101010": 1,
                "1100011011": 1,
                "0011010111": 1,
                "1100010001": 1,
                "1100111010": 1,
                "1000001110": 1,
                "0010000011": 1,
                "1000000101": 1,
                "0001000111": 1,
                "0000100000": 1,
                "0011001001": 1,
                "0111011010": 1,
                "0110100001": 1,
                "0010011011": 1,
                "0100011101": 2,
                "0110101011": 1,
                "0100000011": 1,
                "0101000110": 1,
                "1101101101": 1,
                "1100001001": 1,
                "1001110101": 1,
                "0001111010": 1,
                "0001000100": 1,
                "1001010110": 1,
                "0001111000": 1,
                "1110101011": 1,
                "0000011001": 1,
                "0101110010": 1,
                "0100111011": 1,
                "0111110011": 1,
                "0101101101": 1,
                "1110010100": 1,
                "0010100111": 1,
                "1110001011": 1,
                "0000000010": 1,
                "0010110101": 1,
                "0001100101": 1,
                "1011111011": 1,
                "1001100111": 3
            },
            false,
            1.0
        ],
        [
            [
                [
                    -2,
                    -5,
                    -8
                ],
                [
                    -7,
                    -2,
                    -5
                ],
                [
                    -8,
                    6,
                    1
                ],
                [
                    9,
                    6,
                    2
                ],
                [
                    1,
                    4,
                    -5
                ],
                [
                    -8,
                    5,
                    -2
                ],
                [
                    7,
                    -2,
                    -1
                ],
                [
                    -6,
                    -5,
                    9
                ],
                [
                    3,
                    -6,
                    2
                ],
                [
                    -9,
                    10,
                    5
                ],
                [
                    -9,
                    -8,
                    -1
                ],
                [
                    -6,
                    -4,
                    7
                ],
                [
                    6,
                    8,
                    -3
                ],
                [
                    9,
                    4,
                    -6
                ],
                [
                    5,
                    2,
                    4
                ],
                [
                    5,
                    4,
                    9
                ],
                [
                    -3,
                    2,
                    8
                ],
                [
                    4,
                    8,
                    3
                ],
                [
                    6,
                    9,
                    -7
                ],
                [
                    5,
                    -7,
                    -2
                ],
                [
                    -8,
                    -9,
                    -2
                ],
                [
                    4,
                    2,
                    8
                ],
                [
                    8,
                    -9,
                    -3
                ],
                [
                    8,
                    -5,
                    9
                ],
                [
                    10,
                    8,
                    3
                ],
                [
                    2,
                    3,
                    10
                ],
                [
                    10,
                    3,
                    -5
                ],
                [
                    4,
                    -2,
                    -1
                ],
                [
                    2,
                    10,
                    -4
                ],
                [
                    3,
                    -9,
                    1
                ],
                [
                    -10,
                    -7,
                    9
                ],
                [
                    2,
                    9,
                    3
                ],
                [
                    10,
                    -9,
                    1
                ],
                [
                    3,
                    5,
                    -4
                ],
                [
                    -4,
                    9,
                    -6
                ],
                [
                    -10,
                    -9,
                    8
                ],
                [
                    4,
                    -6,
                    8
                ],
                [
                    4,
                    5,
                    -9
                ],
                [
                    4,
                    10,
                    -6
                ],
                [
                    -9,
                    3,
                    7
                ],
                [
                    -2,
                    -10,
                    5
                ],
                [
                    2,
                    -7,
                    -10
                ],
                [
                    10,
                    -3,
                    1
                ],
                [
                    2,
                    5,
                    4
                ],
                [
                    -2,
                    -7,
                    -1
                ]
            ],
            "{   'fun': 1.0,\n    'jac': None,\n    'nfev': 5,\n    'nit': 0,\n    'njev': 1,\n    'x': array([0.52740253, 0.17713412, 0.19211593, 0.02383559])}",
            {
                "1101001010": 1,
                "0011000100": 1,
                "1110111101": 1,
                "0011000111": 1,
                "1001101000": 1,
                "0100101000": 1,
                "1110100000": 1,
                "1001010101": 1,
                "0010101111": 1,
                "0010011100": 1,
                "0000010111": 1,
                "1011100111": 1,
                "0010010111": 1,
                "1111101101": 1,
                "0001011010": 1,
                "0110111101": 1,
                "1110000011": 1,
                "0000101100": 1,
                "1000111111": 1,
                "0001011001": 1,
                "0111001111": 1,
                "0110101001": 1,
                "1011111100": 1,
                "1010001111": 1,
                "1110000000": 2,
                "1101010101": 1,
                "1101100000": 1,
                "1010101110": 1,
                "1010010101": 1,
                "1010001110": 1,
                "1010010111": 1,
                "0101111011": 1,
                "0111101010": 1,
                "1110010011": 1,
                "1010101001": 1,
                "1011110000": 1,
                "0100110100": 1,
                "0000000000": 1,
                "1101001000": 1,
                "0010010000": 1,
                "0011010000": 1,
                "1001000110": 1,
                "0101110001": 1,
                "0100110110": 1,
                "1001110111": 1,
                "1000001101": 1,
                "1110011101": 1,
                "0001101101": 1,
                "1010101111": 1,
                "0111101000": 1,
                "0110000100": 2,
                "0011110101": 1,
                "1001001111": 1,
                "1110010001": 1,
                "1001010111": 1,
                "1110100001": 1,
                "0010111100": 2,
                "0111000111": 1,
                "0101010110": 2,
                "1111001110": 1,
                "1001011001": 1,
                "0011110010": 1,
                "1110111000": 1,
                "0001110101": 1,
                "0110010110": 1,
                "0110011110": 1,
                "1101011011": 1,
                "0011101110": 1,
                "1011011010": 1,
                "1101101001": 1,
                "0010111101": 1,
                "0000010101": 1,
                "1010101101": 1,
                "0111010111": 1,
                "1001010000": 1,
                "1111110101": 1,
                "0110001101": 2,
                "1100100110": 1,
                "0001100110": 1,
                "1010000111": 1,
                "1111111101": 1,
                "0111000100": 1,
                "0111000101": 1,
                "1001000001": 1,
                "0101111100": 1,
                "1110110001": 1,
                "1011011101": 1,
                "0001010011": 1,
                "1110001111": 1,
                "0101110000": 1,
                "0100101001": 1,
                "1010100001": 1,
                "0111001010": 1,
                "1101000000": 1,
                "1111001101": 1
            },
            false,
            1.0
        ]
    ]
}