{
    "n": 10,
    "m": 45,
    "results": [
        [
            [
                [
                    -4,
                    -2,
                    6
                ],
                [
                    4,
                    3,
                    -1
                ],
                [
                    -1,
                    -3,
                    -8
                ],
                [
                    6,
                    4,
                    10
                ],
                [
                    6,
                    2,
                    10
                ],
                [
                    -7,
                    -1,
                    -9
                ],
                [
                    -6,
                    10,
                    9
                ],
                [
                    1,
                    -10,
                    -6
                ],
                [
                    -5,
                    3,
                    -10
                ],
                [
                    1,
                    10,
                    -3
                ],
                [
                    10,
                    5,
                    9
                ],
                [
                    9,
                    5,
                    7
                ],
                [
                    6,
                    5,
                    1
                ],
                [
                    9,
                    7,
                    5
                ],
                [
                    5,
                    9,
                    -3
                ],
                [
                    -9,
                    -7,
                    -10
                ],
                [
                    -6,
                    -8,
                    -4
                ],
                [
                    -4,
                    -3,
                    2
                ],
                [
                    4,
                    6,
                    -3
                ],
                [
                    -2,
                    7,
                    -10
                ],
                [
                    4,
                    10,
                    9
                ],
                [
                    1,
                    -6,
                    -10
                ],
                [
                    -6,
                    2,
                    8
                ],
                [
                    -10,
                    9,
                    3
                ],
                [
                    5,
                    6,
                    -10
                ],
                [
                    -1,
                    -5,
                    -10
                ],
                [
                    3,
                    10,
                    1
                ],
                [
                    3,
                    -6,
                    4
                ],
                [
                    8,
                    5,
                    2
                ],
                [
                    7,
                    -9,
                    -4
                ],
                [
                    -1,
                    -4,
                    -9
                ],
                [
                    -10,
                    9,
                    -1
                ],
                [
                    -2,
                    -8,
                    7
                ],
                [
                    -4,
                    -9,
                    8
                ],
                [
                    -5,
                    -10,
                    3
                ],
                [
                    9,
                    5,
                    -10
                ],
                [
                    -10,
                    -4,
                    -8
                ],
                [
                    -8,
                    3,
                    9
                ],
                [
                    8,
                    -5,
                    -2
                ],
                [
                    -6,
                    -9,
                    2
                ],
                [
                    6,
                    4,
                    3
                ],
                [
                    5,
                    -8,
                    1
                ],
                [
                    -7,
                    1,
                    2
                ],
                [
                    6,
                    2,
                    -10
                ],
                [
                    -3,
                    5,
                    10
                ]
            ],
            "{   'fun': 1.0,\n    'jac': None,\n    'nfev': 3,\n    'nit': 0,\n    'njev': 1,\n    'x': array([2.58572401, 0.04774246])}",
            {
                "0001101111": 1,
                "1010111010": 1,
                "1100011011": 1,
                "0101010111": 1,
                "0011000100": 1,
                "0011110000": 1,
                "0100011101": 1,
                "1000110111": 1,
                "0011001101": 1,
                "0010100010": 1,
                "1111010101": 1,
                "0110100100": 1,
                "0000010011": 1,
                "1101101110": 1,
                "0100100110": 1,
                "1011000011": 1,
                "1100011110": 1,
                "1011001101": 1,
                "0001110001": 1,
                "0000001001": 1,
                "1101001110": 1,
                "1111100110": 1,
                "0100110001": 1,
                "1111100000": 1,
                "0001000000": 1,
                "1100010110": 1,
                "0011000000": 1,
                "1011101100": 1,
                "0110110011": 1,
                "0010001100": 1,
                "1111001011": 1,
                "1100011100": 1,
                "0001100010": 1,
                "1111011110": 1,
                "0001001101": 1,
                "1111010100": 1,
                "1100010000": 1,
                "0101110111": 1,
                "1000010100": 1,
                "1101001000": 1,
                "1100111001": 1,
                "0011011001": 1,
                "1010011010": 1,
                "0100101111": 1,
                "1100101000": 1,
                "0001000111": 1,
                "0001010100": 1,
                "1011101010": 1,
                "0100001100": 1,
                "0101111011": 1,
                "0010010010": 1,
                "0111011011": 1,
                "1101011011": 1,
                "1101010001": 1,
                "1110101001": 1,
                "1010111100": 1,
                "0100110010": 1,
                "1110001110": 1,
                "0011110110": 1,
                "0101010001": 1,
                "1000011010": 1,
                "1110101101": 1,
                "0011101101": 1,
                "0001101010": 1,
                "1100101011": 1,
                "0111010001": 1,
                "0111011111": 1,
                "0100101010": 1,
                "1001011111": 1,
                "1000101101": 2,
                "1101111101": 1,
                "0101001011": 1,
                "0111111111": 1,
                "1110011110": 1,
                "1011000010": 1,
                "0011000101": 1,
                "0000000000": 1,
                "0000011110": 1,
                "1011110010": 1,
                "1001010001": 1,
                "1001111001": 2,
                "1110001101": 1,
                "0110101110": 1,
                "0011111100": 1,
                "0110000100": 1,
                "0111000110": 1,
                "1010001001": 1,
                "1000100101": 1,
                "0101101011": 1,
                "1001001101": 1,
                "1010010001": 1,
                "1110010000": 1,
                "0100111101": 1,
                "0010011010": 1,
                "1000100001": 1,
                "1000111101": 1,
                "1000101010": 1,
                "1100100001": 1
            },
            false,
            1.0
        ],
        [
            [
                [
                    3,
                    5,
                    4
                ],
                [
                    2,
                    1,
                    7
                ],
                [
                    3,
                    1,
                    -7
                ],
                [
                    10,
                    9,
                    6
                ],
                [
                    -3,
                    -6,
                    -9
                ],
                [
                    6,
                    -8,
                    4
                ],
                [
                    5,
                    -6,
                    7
                ],
                [
                    8,
                    10,
                    3
                ],
                [
                    -2,
                    -9,
                    10
                ],
                [
                    -10,
                    -8,
                    -3
                ],
                [
                    -9,
                    3,
                    5
                ],
                [
                    9,
                    -10,
                    7
                ],
                [
                    -10,
                    -7,
                    2
                ],
                [
                    -6,
                    -8,
                    5
                ],
                [
                    -3,
                    -2,
                    1
                ],
                [
                    -2,
                    10,
                    -4
                ],
                [
                    -3,
                    8,
                    9
                ],
                [
                    3,
                    -5,
                    -8
                ],
                [
                    -6,
                    1,
                    8
                ],
                [
                    9,
                    -4,
                    -2
                ],
                [
                    -5,
                    2,
                    6
                ],
                [
                    -9,
                    -7,
                    -5
                ],
                [
                    -8,
                    10,
                    7
                ],
                [
                    -3,
                    -5,
                    7
                ],
                [
                    10,
                    6,
                    3
                ],
                [
                    6,
                    -5,
                    7
                ],
                [
                    -1,
                    9,
                    -8
                ],
                [
                    7,
                    2,
                    8
                ],
                [
                    7,
                    -2,
                    -6
                ],
                [
                    5,
                    -6,
                    7
                ],
                [
                    -10,
                    -7,
                    -4
                ],
                [
                    9,
                    -6,
                    3
                ],
                [
                    -9,
                    -7,
                    6
                ],
                [
                    9,
                    4,
                    10
                ],
                [
                    -4,
                    -5,
                    -9
                ],
                [
                    6,
                    -2,
                    10
                ],
                [
                    -9,
                    -1,
                    -3
                ],
                [
                    8,
                    -10,
                    3
                ],
                [
                    4,
                    -7,
                    -5
                ],
                [
                    4,
                    8,
                    -1
                ],
                [
                    -3,
                    8,
                    -10
                ],
                [
                    9,
                    -10,
                    -7
                ],
                [
                    -5,
                    -10,
                    -1
                ],
                [
                    -2,
                    -9,
                    -7
                ],
                [
                    10,
                    7,
                    6
                ]
            ],
            "{   'fun': 1.0,\n    'jac': None,\n    'nfev': 3,\n    'nit': 0,\n    'njev': 1,\n    'x': array([0.19211593, 0.02383559])}",
            {
                "1110110001": 1,
                "0000110110": 1,
                "0010100010": 1,
                "0011001101": 1,
                "0010110000": 1,
                "0000010100": 1,
                "0011010101": 1,
                "0100111011": 1,
                "0000011001": 1,
                "0100111010": 1,
                "0110010010": 1,
                "1000010010": 1,
                "0111100111": 1,
                "0010111111": 1,
                "0100101110": 1,
                "1111001001": 1,
                "1100011000": 1,
                "0011010010": 1,
                "1100011001": 1,
                "1010010000": 1,
                "1110000110": 1,
                "1110000001": 1,
                "1000010100": 1,
                "0011001001": 1,
                "1110011010": 1,
                "1101110010": 1,
                "0110001010": 1,
                "1100111110": 1,
                "0100110110": 1,
                "1000100111": 1,
                "0011111100": 1,
                "0101100010": 1,
                "0010000000": 1,
                "0101110101": 1,
                "1111011110": 1,
                "0010110010": 1,
                "0110110101": 1,
                "1101110100": 1,
                "0110001000": 1,
                "0110110001": 1,
                "1000001100": 1,
                "0000101100": 1,
                "0101110011": 1,
                "1000100101": 1,
                "1010110000": 1,
                "0100011101": 1,
                "0101000000": 1,
                "1000011100": 1,
                "0011000100": 1,
                "1011000101": 1,
                "0110010101": 1,
                "1011110011": 1,
                "0010111010": 1,
                "1011101001": 1,
                "0100001101": 1,
                "1101100001": 1,
                "0010010111": 1,
                "1111101101": 1,
                "1011100010": 1,
                "0010100110": 1,
                "1110011001": 1,
                "1101100000": 1,
                "1110110010": 1,
                "0011110011": 1,
                "0011011101": 1,
                "0000000111": 1,
                "0101010110": 1,
                "1011100101": 1,
                "0010010100": 1,
                "0101110000": 2,
                "0010000111": 1,
                "1010011110": 1,
                "0000110010": 1,
                "0001111100": 1,
                "0110100110": 1,
                "0010000001": 1,
                "0011100010": 1,
                "0110010111": 1,
                "0110011011": 1,
                "1110111010": 1,
                "0101101010": 1,
                "1010010110": 1,
                "1111001000": 1,
                "1111101110": 1,
                "1011000110": 1,
                "1100010010": 1,
                "1010111110": 1,
                "1101101100": 1,
                "1001010000": 1,
                "1001110011": 1,
                "1100111010": 1,
                "1101000101": 1,
                "1010101011": 1,
                "1100010001": 1,
                "1000110001": 1,
                "1000110100": 1,
                "1111010000": 1,
                "0100111001": 2
            },
            false,
            1.0
        ],
        [
            [
                [
                    -8,
                    3,
                    9
                ],
                [
                    10,
                    -1,
                    4
                ],
                [
                    -4,
                    -6,
                    9
                ],
                [
                    3,
                    -4,
                    -6
                ],
                [
                    -7,
                    1,
                    3
                ],
                [
                    -5,
                    3,
                    -2
                ],
                [
                    -2,
                    -10,
                    8
                ],
                [
                    -7,
                    3,
                    -10
                ],
                [
                    7,
                    -3,
                    10
                ],
                [
                    7,
                    -1,
                    -5
                ],
                [
                    9,
                    -7,
                    5
                ],
                [
                    6,
                    -1,
                    5
                ],
                [
                    -5,
                    6,
                    -3
                ],
                [
                    7,
                    -3,
                    1
                ],
                [
                    8,
                    -9,
                    6
                ],
                [
                    4,
                    -5,
                    -6
                ],
                [
                    -8,
                    -2,
                    -5
                ],
                [
                    9,
                    -8,
                    -2
                ],
                [
                    -6,
                    -1,
                    2
                ],
                [
                    10,
                    6,
                    -9
                ],
                [
                    7,
                    9,
                    -10
                ],
                [
                    8,
                    -5,
                    -2
                ],
                [
                    -5,
                    6,
                    -1
                ],
                [
                    1,
                    10,
                    -9
                ],
                [
                    2,
                    -8,
                    1
                ],
                [
                    2,
                    5,
                    -4
                ],
                [
                    -10,
                    9,
                    8
                ],
                [
                    -7,
                    5,
                    10
                ],
                [
                    -2,
                    7,
                    -4
                ],
                [
                    4,
                    2,
                    10
                ],
                [
                    -8,
                    1,
                    2
                ],
                [
                    5,
                    -7,
                    -6
                ],
                [
                    -5,
                    6,
                    -9
                ],
                [
                    -3,
                    -4,
                    -6
                ],
                [
                    1,
                    8,
                    -7
                ],
                [
                    4,
                    -3,
                    -1
                ],
                [
                    -10,
                    1,
                    6
                ],
                [
                    7,
                    -1,
                    8
                ],
                [
                    8,
                    6,
                    5
                ],
                [
                    -3,
                    9,
                    4
                ],
                [
                    -1,
                    6,
                    -2
                ],
                [
                    4,
                    9,
                    -10
                ],
                [
                    8,
                    -1,
                    3
                ],
                [
                    10,
                    -9,
                    5
                ],
                [
                    3,
                    7,
                    -10
                ]
            ],
            "{   'fun': 1.0,\n    'jac': None,\n    'nfev': 3,\n    'nit': 0,\n    'njev': 1,\n    'x': array([2.0136214 , 2.25877179])}",
            {
                "0000001101": 1,
                "0110110000": 1,
                "1011000110": 1,
                "1010101011": 1,
                "0011011010": 1,
                "1111111000": 1,
                "0001011111": 1,
                "1011010110": 1,
                "1001110110": 1,
                "0100010011": 1,
                "0110000000": 1,
                "1011010111": 1,
                "1111100000": 1,
                "1101101011": 1,
                "1101001110": 1,
                "1000010000": 1,
                "0010000011": 1,
                "0001001110": 1,
                "0010100100": 1,
                "1011011000": 1,
                "0011111100": 1,
                "1100110011": 1,
                "1001000010": 1,
                "0010111001": 1,
                "1010100000": 1,
                "1011100100": 1,
                "0110011101": 1,
                "1000000001": 1,
                "1111101011": 1,
                "1111001101": 1,
                "1000111110": 1,
                "0110000010": 1,
                "1100001000": 1,
                "0110011110": 1,
                "0010001011": 1,
                "0101000100": 1,
                "1010111111": 1,
                "1011110000": 1,
                "0001100000": 1,
                "0101100000": 1,
                "0011011101": 1,
                "1101101101": 2,
                "0111010010": 1,
                "0111001011": 1,
                "0101101011": 1,
                "1001001101": 1,
                "0111010000": 1,
                "1101001000": 1,
                "0011111111": 1,
                "1001101101": 1,
                "1100001100": 2,
                "1100101101": 1,
                "1001011101": 1,
                "0110111011": 1,
                "0011001111": 1,
                "0111101001": 1,
                "1011001001": 1,
                "1101111111": 1,
                "1101100001": 2,
                "0001000100": 1,
                "0001111010": 1,
                "0111000110": 1,
                "0010010010": 1,
                "1000010011": 1,
                "1110111111": 1,
                "1111000101": 1,
                "0000001100": 1,
                "0010011111": 1,
                "0110101100": 1,
                "1000010010": 1,
                "1111110111": 1,
                "0001110001": 1,
                "0001011001": 1,
                "0100101100": 1,
                "0000010000": 1,
                "1100010111": 1,
                "0000000011": 1,
                "0101001000": 1,
                "0000000100": 1,
                "0101001100": 1,
                "1111010010": 1,
                "0101101110": 1,
                "1001110011": 1,
                "0010101110": 1,
                "0110111001": 2,
                "1010011011": 1,
                "1110100010": 1,
                "1111100100": 1,
                "1100000110": 1,
                "1100010011": 1,
                "1011110001": 1,
                "0001110011": 1,
                "1010111011": 1,
                "0001010100": 1,
                "0100011110": 1,
                "1001111010": 1
            },
            false,
            1.0
        ],
        [
            [
                [
                    -9,
                    5,
                    -1
                ],
                [
                    9,
                    2,
                    -3
                ],
                [
                    -7,
                    -3,
                    -2
                ],
                [
                    9,
                    -1,
                    5
                ],
                [
                    -3,
                    -1,
                    9
                ],
                [
                    8,
                    -6,
                    -7
                ],
                [
                    -2,
                    -4,
                    10
                ],
                [
                    -7,
                    10,
                    -6
                ],
                [
                    10,
                    -4,
                    8
                ],
                [
                    4,
                    7,
                    1
                ],
                [
                    10,
                    -7,
                    -6
                ],
                [
                    -9,
                    4,
                    7
                ],
                [
                    10,
                    1,
                    -4
                ],
                [
                    5,
                    -1,
                    6
                ],
                [
                    -10,
                    6,
                    -8
                ],
                [
                    5,
                    2,
                    10
                ],
                [
                    -6,
                    2,
                    10
                ],
                [
                    8,
                    -1,
                    -6
                ],
                [
                    -2,
                    4,
                    -8
                ],
                [
                    9,
                    8,
                    -10
                ],
                [
                    -1,
                    -5,
                    6
                ],
                [
                    4,
                    3,
                    6
                ],
                [
                    8,
                    9,
                    -3
                ],
                [
                    4,
                    -6,
                    -9
                ],
                [
                    -5,
                    9,
                    7
                ],
                [
                    3,
                    8,
                    -4
                ],
                [
                    4,
                    6,
                    10
                ],
                [
                    -7,
                    -1,
                    -6
                ],
                [
                    -10,
                    -7,
                    2
                ],
                [
                    -10,
                    -1,
                    5
                ],
                [
                    10,
                    -5,
                    4
                ],
                [
                    -3,
                    5,
                    -8
                ],
                [
                    10,
                    -3,
                    -4
                ],
                [
                    -2,
                    9,
                    -3
                ],
                [
                    2,
                    -5,
                    -7
                ],
                [
                    2,
                    -9,
                    6
                ],
                [
                    7,
                    -5,
                    -1
                ],
                [
                    -5,
                    -6,
                    9
                ],
                [
                    -10,
                    -2,
                    5
                ],
                [
                    7,
                    -8,
                    5
                ],
                [
                    -2,
                    8,
                    6
                ],
                [
                    -10,
                    -1,
                    -4
                ],
                [
                    4,
                    -9,
                    2
                ],
                [
                    1,
                    9,
                    -5
                ],
                [
                    2,
                    3,
                    -8
                ]
            ],
            "{   'fun': 0.97,\n    'jac': None,\n    'nfev': 66,\n    'nit': 2,\n    'njev': 22,\n    'x': array([1.74635509, 2.86819272])}",
            {
                "0101110110": 1,
                "0010111111": 1,
                "0110110110": 1,
                "0110001010": 1,
                "1110100001": 1,
                "1010111111": 1,
                "0110100110": 1,
                "1100000101": 1,
                "1110011101": 1,
                "1101010001": 1,
                "1110111110": 1,
                "1111001011": 2,
                "1110111100": 1,
                "1101011101": 1,
                "0000100111": 1,
                "0011100100": 1,
                "1100100011": 1,
                "0100011100": 1,
                "1011000011": 1,
                "1011001100": 2,
                "1101001101": 1,
                "0101100101": 1,
                "0010011010": 1,
                "0110001001": 1,
                "0101001101": 1,
                "0110011101": 1,
                "0001111111": 1,
                "0000000010": 1,
                "0001011101": 1,
                "1001000110": 1,
                "0111110111": 1,
                "1011010110": 2,
                "0010011100": 1,
                "1110000001": 1,
                "0110011001": 1,
                "0001100000": 1,
                "1000100001": 1,
                "0011000011": 1,
                "0001001011": 1,
                "1101010101": 2,
                "1000011011": 1,
                "1100111101": 1,
                "0001011000": 1,
                "1100001000": 1,
                "1010110111": 1,
                "1111101110": 1,
                "1010001100": 1,
                "0000101100": 1,
                "1011101110": 1,
                "0001110111": 1,
                "1010100010": 1,
                "1110100101": 1,
                "1001001000": 1,
                "1100111100": 1,
                "0101110100": 1,
                "1111010101": 1,
                "1101000101": 1,
                "0001001000": 1,
                "1010001110": 1,
                "1100111110": 1,
                "0001100111": 1,
                "0111111111": 1,
                "0010111100": 1,
                "0010001110": 1,
                "1010111110": 1,
                "1111110101": 1,
                "0111100100": 1,
                "1000011111": 1,
                "1010001101": 1,
                "1111100110": 1,
                "0001100101": 1,
                "1110111010": 1,
                "0111001110": 1,
                "0011100001": 1,
                "1101011111": 1,
                "1100101100": 2,
                "1001000000": 1,
                "1001110000": 1,
                "0010011101": 2,
                "1011001001": 1,
                "1101001100": 1,
                "0101100000": 1,
                "1101110101": 1,
                "1100000110": 1,
                "1100010011": 1,
                "0111010001": 1,
                "1100001001": 1,
                "0111110011": 1,
                "1010101011": 1,
                "1011101011": 2,
                "0100010000": 1,
                "1110000101": 1,
                "0111101111": 1
            },
            true,
            0.94
        ],
        [
            [
                [
                    10,
                    8,
                    3
                ],
                [
                    2,
                    9,
                    6
                ],
                [
                    10,
                    1,
                    -6
                ],
                [
                    2,
                    7,
                    -9
                ],
                [
                    7,
                    -9,
                    -4
                ],
                [
                    -9,
                    -7,
                    -4
                ],
                [
                    6,
                    5,
                    4
                ],
                [
                    10,
                    4,
                    7
                ],
                [
                    -8,
                    1,
                    3
                ],
                [
                    -9,
                    1,
                    5
                ],
                [
                    1,
                    -2,
                    -6
                ],
                [
                    10,
                    -5,
                    -6
                ],
                [
                    10,
                    -4,
                    -3
                ],
                [
                    -1,
                    -3,
                    6
                ],
                [
                    10,
                    2,
                    5
                ],
                [
                    7,
                    8,
                    -3
                ],
                [
                    -7,
                    -10,
                    -4
                ],
                [
                    3,
                    8,
                    -4
                ],
                [
                    -9,
                    8,
                    -1
                ],
                [
                    -2,
                    -10,
                    -7
                ],
                [
                    5,
                    1,
                    9
                ],
                [
                    -10,
                    4,
                    -8
                ],
                [
                    4,
                    2,
                    7
                ],
                [
                    9,
                    1,
                    -10
                ],
                [
                    -2,
                    -4,
                    -3
                ],
                [
                    -8,
                    -9,
                    1
                ],
                [
                    9,
                    -5,
                    3
                ],
                [
                    7,
                    -2,
                    3
                ],
                [
                    2,
                    8,
                    -10
                ],
                [
                    7,
                    -3,
                    -4
                ],
                [
                    -1,
                    3,
                    -2
                ],
                [
                    -6,
                    -4,
                    10
                ],
                [
                    -1,
                    10,
                    4
                ],
                [
                    -8,
                    -1,
                    3
                ],
                [
                    6,
                    -4,
                    -8
                ],
                [
                    -4,
                    2,
                    -6
                ],
                [
                    -3,
                    -9,
                    -8
                ],
                [
                    -8,
                    -4,
                    10
                ],
                [
                    -7,
                    -4,
                    3
                ],
                [
                    -1,
                    -7,
                    -6
                ],
                [
                    10,
                    2,
                    9
                ],
                [
                    -7,
                    -10,
                    6
                ],
                [
                    -4,
                    3,
                    -1
                ],
                [
                    4,
                    3,
                    9
                ],
                [
                    9,
                    -1,
                    3
                ]
            ],
            "{   'fun': 1.0,\n    'jac': None,\n    'nfev': 3,\n    'nit': 0,\n    'njev': 1,\n    'x': array([1.33487669, 1.00900965])}",
            {
                "0101101101": 1,
                "1001011100": 1,
                "0010101001": 1,
                "0110000110": 2,
                "1110000011": 1,
                "1011000000": 1,
                "1101000111": 1,
                "0010111111": 1,
                "0110111110": 2,
                "1101000010": 1,
                "0001011110": 1,
                "1111110100": 1,
                "1010011101": 1,
                "1101000100": 2,
                "0100111010": 1,
                "0001110101": 1,
                "0110011110": 1,
                "0001101111": 1,
                "1101000110": 1,
                "0101011111": 1,
                "1111111110": 1,
                "0010011001": 1,
                "1000010110": 1,
                "0100101110": 1,
                "1011111010": 1,
                "1001000011": 1,
                "1000000100": 1,
                "0001010001": 1,
                "0111100000": 1,
                "1000111110": 1,
                "1011101000": 1,
                "1100111000": 1,
                "1101000001": 1,
                "1100101100": 1,
                "1011010011": 1,
                "1100101001": 1,
                "1111011111": 1,
                "1001011010": 1,
                "1101100000": 1,
                "1010100101": 1,
                "1111010001": 1,
                "0001010011": 1,
                "0110001110": 1,
                "1110100011": 1,
                "1010111110": 1,
                "0101010000": 1,
                "0010101101": 1,
                "0110101010": 1,
                "1110110110": 1,
                "1000100001": 1,
                "1000111101": 1,
                "1100010110": 1,
                "1010111001": 2,
                "0011011110": 1,
                "0000000111": 1,
                "1000111010": 1,
                "0111101100": 1,
                "0111110111": 1,
                "0010011010": 1,
                "1110011000": 1,
                "0110010100": 1,
                "0111000000": 1,
                "1101101110": 1,
                "0011100000": 1,
                "0001100111": 1,
                "0101101011": 1,
                "0011000011": 1,
                "1101101011": 1,
                "1100110001": 1,
                "1100001101": 1,
                "1110000010": 1,
                "0101111010": 1,
                "0111011110": 1,
                "0111001111": 1,
                "1010101111": 1,
                "0110000010": 2,
                "0011110011": 1,
                "0111000110": 2,
                "0010000001": 1,
                "0111010110": 1,
                "0100010001": 1,
                "0101100010": 1,
                "0000100011": 1,
                "1110011100": 1,
                "1010010100": 1,
                "1100010000": 1,
                "0110100111": 1,
                "1011001000": 1,
                "0101000111": 1,
                "0010001101": 1,
                "0001000111": 1,
                "0001010100": 1,
                "1000111100": 1,
                "0010000011": 1
            },
            false,
            1.0
        ]
    ]
}