{
    "n": 10,
    "m": 45,
    "results": [
        [
            [
                [
                    -8,
                    -1,
                    -4
                ],
                [
                    10,
                    -2,
                    -3
                ],
                [
                    -9,
                    3,
                    -7
                ],
                [
                    10,
                    8,
                    3
                ],
                [
                    -10,
                    1,
                    -5
                ],
                [
                    5,
                    -7,
                    -3
                ],
                [
                    1,
                    -9,
                    7
                ],
                [
                    -9,
                    -10,
                    5
                ],
                [
                    2,
                    -5,
                    1
                ],
                [
                    -3,
                    5,
                    6
                ],
                [
                    -10,
                    5,
                    4
                ],
                [
                    -7,
                    -2,
                    8
                ],
                [
                    -4,
                    9,
                    -3
                ],
                [
                    10,
                    7,
                    8
                ],
                [
                    -4,
                    -9,
                    8
                ],
                [
                    10,
                    5,
                    1
                ],
                [
                    -8,
                    2,
                    3
                ],
                [
                    1,
                    -8,
                    -7
                ],
                [
                    -4,
                    -7,
                    3
                ],
                [
                    9,
                    6,
                    -7
                ],
                [
                    -2,
                    -9,
                    -1
                ],
                [
                    -10,
                    -5,
                    8
                ],
                [
                    -6,
                    7,
                    8
                ],
                [
                    -10,
                    1,
                    -8
                ],
                [
                    4,
                    -9,
                    -7
                ],
                [
                    8,
                    -7,
                    1
                ],
                [
                    3,
                    2,
                    7
                ],
                [
                    10,
                    6,
                    1
                ],
                [
                    9,
                    -5,
                    10
                ],
                [
                    10,
                    4,
                    3
                ],
                [
                    -7,
                    10,
                    5
                ],
                [
                    9,
                    5,
                    8
                ],
                [
                    3,
                    10,
                    1
                ],
                [
                    -8,
                    -4,
                    -2
                ],
                [
                    1,
                    2,
                    -5
                ],
                [
                    4,
                    7,
                    -6
                ],
                [
                    -10,
                    -3,
                    7
                ],
                [
                    1,
                    -3,
                    -4
                ],
                [
                    -6,
                    7,
                    -1
                ],
                [
                    7,
                    9,
                    8
                ],
                [
                    7,
                    -10,
                    4
                ],
                [
                    6,
                    -7,
                    -8
                ],
                [
                    7,
                    3,
                    -5
                ],
                [
                    10,
                    -9,
                    -3
                ],
                [
                    8,
                    9,
                    6
                ]
            ],
            "{   'fun': 0.88,\n    'jac': None,\n    'nfev': 74,\n    'nit': None,\n    'njev': None,\n    'x': array([3.54645501, 3.59000505, 1.96700823, 0.49191982, 2.23505297,\n       1.05411253, 0.73708177, 2.79632535])}",
            {
                "1000010110": 1,
                "1110001111": 1,
                "1100011011": 1,
                "0101101100": 1,
                "0100100100": 1,
                "0000101010": 1,
                "0110010000": 1,
                "0111110000": 1,
                "0111111001": 1,
                "1010011100": 1,
                "0000100101": 1,
                "1101011111": 1,
                "0010100011": 1,
                "1100111001": 1,
                "0011011001": 1,
                "0110010001": 1,
                "1101001101": 1,
                "0000010100": 1,
                "0100010100": 1,
                "0001001111": 1,
                "1110111011": 1,
                "0111011110": 1,
                "0101111101": 1,
                "1010000100": 1,
                "1101001110": 1,
                "0000101111": 1,
                "0011001110": 1,
                "1110101000": 1,
                "0001110101": 1,
                "0101111111": 2,
                "0101010110": 1,
                "0111001011": 1,
                "1100111010": 2,
                "0010010101": 1,
                "1110100000": 1,
                "1011110011": 4,
                "0001111101": 1,
                "1110000011": 1,
                "0001000001": 2,
                "1110110110": 1,
                "0110101001": 1,
                "1100000100": 1,
                "0011001000": 1,
                "1000000111": 1,
                "0100101110": 1,
                "0101110000": 1,
                "0111001000": 1,
                "0011001101": 1,
                "0010011011": 1,
                "1010011000": 2,
                "1111000101": 1,
                "1011110101": 5,
                "0010100111": 1,
                "0100001000": 1,
                "0100001100": 1,
                "0001100011": 1,
                "0110000010": 1,
                "1010011010": 1,
                "1111000111": 1,
                "0101000011": 1,
                "1011001101": 1,
                "1011110111": 3,
                "1101011010": 1,
                "0011101111": 1,
                "0010111001": 1,
                "1110100101": 1,
                "0110010111": 1,
                "1101010011": 1,
                "1001001100": 1,
                "0001110110": 1,
                "0010101010": 1,
                "1001000001": 1,
                "0111101111": 1,
                "0011011000": 1,
                "1101110001": 1,
                "0110101000": 1,
                "1100110001": 1,
                "0010001001": 1,
                "1100101001": 1,
                "0000001010": 1,
                "0001000100": 1,
                "0101100111": 1,
                "1010001110": 1,
                "1100111110": 1,
                "1111101011": 1,
                "0100011110": 1,
                "0001000010": 1
            },
            true,
            0.87
        ],
        [
            [
                [
                    -7,
                    -5,
                    -4
                ],
                [
                    9,
                    -10,
                    2
                ],
                [
                    -5,
                    1,
                    3
                ],
                [
                    7,
                    2,
                    -1
                ],
                [
                    2,
                    -3,
                    7
                ],
                [
                    8,
                    6,
                    -7
                ],
                [
                    8,
                    -9,
                    -1
                ],
                [
                    6,
                    1,
                    4
                ],
                [
                    -2,
                    6,
                    10
                ],
                [
                    8,
                    10,
                    1
                ],
                [
                    6,
                    -4,
                    5
                ],
                [
                    9,
                    5,
                    4
                ],
                [
                    8,
                    -1,
                    -3
                ],
                [
                    -6,
                    7,
                    -10
                ],
                [
                    5,
                    4,
                    -6
                ],
                [
                    -8,
                    -6,
                    -7
                ],
                [
                    -2,
                    -9,
                    7
                ],
                [
                    -3,
                    -10,
                    -9
                ],
                [
                    -4,
                    8,
                    -7
                ],
                [
                    2,
                    -10,
                    -7
                ],
                [
                    1,
                    9,
                    4
                ],
                [
                    -2,
                    -9,
                    10
                ],
                [
                    -3,
                    -10,
                    -4
                ],
                [
                    4,
                    10,
                    -2
                ],
                [
                    8,
                    -5,
                    -9
                ],
                [
                    8,
                    -10,
                    9
                ],
                [
                    -10,
                    7,
                    2
                ],
                [
                    9,
                    3,
                    6
                ],
                [
                    5,
                    4,
                    -2
                ],
                [
                    -7,
                    -3,
                    10
                ],
                [
                    -10,
                    -6,
                    7
                ],
                [
                    -9,
                    -10,
                    -6
                ],
                [
                    8,
                    1,
                    -6
                ],
                [
                    4,
                    -8,
                    -1
                ],
                [
                    -1,
                    7,
                    3
                ],
                [
                    9,
                    6,
                    1
                ],
                [
                    -9,
                    -6,
                    -3
                ],
                [
                    -10,
                    5,
                    4
                ],
                [
                    -1,
                    5,
                    -10
                ],
                [
                    4,
                    -5,
                    3
                ],
                [
                    2,
                    3,
                    -1
                ],
                [
                    6,
                    1,
                    -10
                ],
                [
                    1,
                    -8,
                    7
                ],
                [
                    -1,
                    6,
                    -5
                ],
                [
                    6,
                    8,
                    4
                ]
            ],
            "{   'fun': 0.97,\n    'jac': None,\n    'nfev': 72,\n    'nit': None,\n    'njev': None,\n    'x': array([1.61685476, 0.74612321, 2.74849791, 0.22724128, 2.64743359,\n       3.00995978, 2.08872513, 2.16531855])}",
            {
                "1110010011": 1,
                "0011100011": 1,
                "0010101111": 4,
                "0000000101": 1,
                "1101100000": 1,
                "1001111100": 1,
                "1100011000": 1,
                "0101001101": 1,
                "0101010111": 1,
                "0001001010": 1,
                "1000010010": 1,
                "1011110101": 1,
                "0101110011": 1,
                "0001000000": 1,
                "0111000111": 1,
                "1000100001": 1,
                "1110000100": 1,
                "1011101110": 1,
                "1011011111": 1,
                "1101010001": 1,
                "1101100110": 1,
                "0011101111": 1,
                "0100001011": 1,
                "1011000010": 1,
                "1101111001": 1,
                "1111010111": 1,
                "0111000000": 1,
                "0000000000": 1,
                "1100100010": 1,
                "0001011011": 1,
                "0011010011": 1,
                "1000111011": 1,
                "1100010000": 1,
                "1011110100": 1,
                "1100101100": 1,
                "1101000000": 2,
                "0000000100": 1,
                "1010001101": 1,
                "1010110101": 1,
                "0101001010": 1,
                "1100110000": 1,
                "0010111101": 1,
                "1100000111": 1,
                "1111010000": 1,
                "1110111101": 1,
                "0111010000": 1,
                "1110010000": 1,
                "0100110110": 1,
                "1101101001": 1,
                "1111011110": 1,
                "0001001101": 1,
                "1110010100": 1,
                "0010100111": 1,
                "1011011100": 1,
                "1010111000": 1,
                "1010010010": 1,
                "1011111000": 1,
                "1100110111": 1,
                "1100010111": 1,
                "1111001001": 1,
                "1001101111": 1,
                "1100101010": 1,
                "0001010011": 1,
                "1010101110": 1,
                "0111001001": 1,
                "0000001000": 1,
                "1111110101": 1,
                "0101010000": 1,
                "1110001101": 1,
                "0100001111": 1,
                "0001010101": 1,
                "0100010111": 1,
                "1001100011": 1,
                "1101110111": 1,
                "0000101001": 1,
                "0101111000": 1,
                "0110011100": 1,
                "1101110001": 1,
                "0100011111": 1,
                "0100010110": 1,
                "0010000000": 1,
                "0111100101": 1,
                "1111011010": 1,
                "0011011100": 1,
                "0101111011": 1,
                "1001011011": 1,
                "0101010101": 1,
                "1000100011": 1,
                "1110000110": 1,
                "0101000100": 1,
                "1001000110": 1,
                "1110000011": 1,
                "1101110000": 1,
                "1100110001": 1,
                "1101111111": 1,
                "1111111010": 1
            },
            true,
            0.91
        ],
        [
            [
                [
                    -10,
                    -5,
                    -6
                ],
                [
                    8,
                    -3,
                    9
                ],
                [
                    -7,
                    -10,
                    1
                ],
                [
                    -7,
                    -2,
                    -4
                ],
                [
                    -5,
                    8,
                    6
                ],
                [
                    -3,
                    -8,
                    -4
                ],
                [
                    -3,
                    -5,
                    6
                ],
                [
                    -4,
                    -7,
                    3
                ],
                [
                    10,
                    2,
                    9
                ],
                [
                    10,
                    -8,
                    3
                ],
                [
                    -1,
                    -7,
                    5
                ],
                [
                    3,
                    7,
                    -4
                ],
                [
                    -7,
                    -10,
                    -5
                ],
                [
                    7,
                    -10,
                    -1
                ],
                [
                    7,
                    9,
                    3
                ],
                [
                    -1,
                    6,
                    -9
                ],
                [
                    -3,
                    -6,
                    1
                ],
                [
                    -6,
                    5,
                    -10
                ],
                [
                    -8,
                    -9,
                    2
                ],
                [
                    -5,
                    6,
                    -8
                ],
                [
                    7,
                    -4,
                    -8
                ],
                [
                    -4,
                    1,
                    3
                ],
                [
                    10,
                    3,
                    4
                ],
                [
                    10,
                    -5,
                    -4
                ],
                [
                    -5,
                    6,
                    -7
                ],
                [
                    -10,
                    9,
                    -4
                ],
                [
                    1,
                    3,
                    -10
                ],
                [
                    1,
                    3,
                    -8
                ],
                [
                    9,
                    -6,
                    3
                ],
                [
                    8,
                    -1,
                    6
                ],
                [
                    2,
                    -7,
                    -3
                ],
                [
                    7,
                    -10,
                    3
                ],
                [
                    6,
                    -1,
                    5
                ],
                [
                    6,
                    1,
                    -2
                ],
                [
                    -6,
                    -10,
                    -1
                ],
                [
                    -9,
                    4,
                    1
                ],
                [
                    3,
                    5,
                    9
                ],
                [
                    -9,
                    -2,
                    -3
                ],
                [
                    -7,
                    -8,
                    6
                ],
                [
                    10,
                    8,
                    -1
                ],
                [
                    2,
                    1,
                    -10
                ],
                [
                    -10,
                    -9,
                    -6
                ],
                [
                    -2,
                    -8,
                    -1
                ],
                [
                    -10,
                    2,
                    9
                ],
                [
                    -2,
                    -9,
                    4
                ]
            ],
            "{   'fun': 1.0,\n    'jac': None,\n    'nfev': 78,\n    'nit': None,\n    'njev': None,\n    'x': array([0.84664744, 1.43329449, 2.81590801, 1.50127022, 2.93598556,\n       2.35767653, 1.29314372, 2.52089724])}",
            {
                "1000010101": 1,
                "0000101010": 1,
                "0000011001": 1,
                "0000101101": 1,
                "1111101110": 1,
                "1101101101": 1,
                "1111111101": 1,
                "1001010110": 1,
                "0010011010": 1,
                "1100100100": 1,
                "0001000011": 1,
                "0111011100": 1,
                "0001000111": 1,
                "1011110001": 1,
                "0111011001": 1,
                "1011101100": 1,
                "1101111000": 2,
                "1011001000": 1,
                "1011110111": 1,
                "1001010010": 1,
                "1010111001": 1,
                "1011011101": 1,
                "0111111101": 1,
                "0100010001": 1,
                "1100100000": 1,
                "0110100011": 1,
                "0000111011": 1,
                "1010001101": 1,
                "0001111010": 1,
                "1011111101": 1,
                "0011011011": 1,
                "0111010000": 1,
                "1010011111": 1,
                "1101001001": 1,
                "0000010000": 1,
                "0001011010": 1,
                "0101001111": 1,
                "0000001110": 1,
                "0100101110": 1,
                "1001100000": 1,
                "1110101111": 1,
                "1001110111": 2,
                "0001111111": 1,
                "0000000110": 2,
                "1100110011": 1,
                "0010010011": 1,
                "1001100111": 1,
                "0110001110": 1,
                "0110100101": 1,
                "1010101110": 1,
                "1011011110": 1,
                "1110011001": 1,
                "1000010001": 1,
                "0000101011": 1,
                "1100110110": 1,
                "0110011110": 1,
                "0100001100": 1,
                "0000001000": 1,
                "0101001100": 1,
                "0011110110": 1,
                "1101011011": 1,
                "0101001110": 1,
                "0011011000": 1,
                "0100110000": 1,
                "0100010110": 1,
                "0010111011": 2,
                "1010101000": 1,
                "1011110000": 1,
                "1010000100": 1,
                "1010111111": 1,
                "1001101010": 1,
                "1011101101": 1,
                "0110000001": 1,
                "1000111001": 1,
                "0000101100": 1,
                "0010010101": 2,
                "0010001000": 1,
                "0111011011": 1,
                "1011000010": 1,
                "0110101101": 1,
                "0100101101": 2,
                "0111100011": 1,
                "1001100110": 1,
                "1111010101": 1,
                "0001011111": 2,
                "0100100111": 1,
                "0101001010": 1,
                "0010101001": 1,
                "1110100001": 1,
                "1110010111": 1,
                "1010011010": 1,
                "0001101101": 1,
                "0011110011": 1
            },
            false,
            0.95
        ],
        [
            [
                [
                    -3,
                    -7,
                    1
                ],
                [
                    9,
                    7,
                    -10
                ],
                [
                    1,
                    -4,
                    -8
                ],
                [
                    1,
                    4,
                    -10
                ],
                [
                    10,
                    3,
                    7
                ],
                [
                    -5,
                    1,
                    4
                ],
                [
                    -10,
                    -5,
                    1
                ],
                [
                    10,
                    -5,
                    2
                ],
                [
                    -10,
                    -4,
                    -9
                ],
                [
                    8,
                    -3,
                    10
                ],
                [
                    -8,
                    -6,
                    -10
                ],
                [
                    8,
                    -9,
                    -1
                ],
                [
                    -4,
                    6,
                    -3
                ],
                [
                    -5,
                    -10,
                    6
                ],
                [
                    5,
                    7,
                    6
                ],
                [
                    6,
                    -9,
                    10
                ],
                [
                    -1,
                    -8,
                    -5
                ],
                [
                    -7,
                    -10,
                    -9
                ],
                [
                    3,
                    5,
                    -9
                ],
                [
                    -8,
                    9,
                    -7
                ],
                [
                    -5,
                    -2,
                    -9
                ],
                [
                    1,
                    -7,
                    2
                ],
                [
                    8,
                    7,
                    -5
                ],
                [
                    -4,
                    9,
                    -5
                ],
                [
                    7,
                    -8,
                    6
                ],
                [
                    -4,
                    1,
                    -9
                ],
                [
                    -5,
                    3,
                    8
                ],
                [
                    5,
                    4,
                    8
                ],
                [
                    -5,
                    10,
                    -7
                ],
                [
                    2,
                    -3,
                    -6
                ],
                [
                    -8,
                    -3,
                    2
                ],
                [
                    -6,
                    4,
                    -9
                ],
                [
                    9,
                    3,
                    1
                ],
                [
                    -9,
                    -8,
                    -10
                ],
                [
                    -10,
                    -1,
                    7
                ],
                [
                    9,
                    -1,
                    2
                ],
                [
                    7,
                    1,
                    -6
                ],
                [
                    9,
                    -6,
                    -1
                ],
                [
                    10,
                    -9,
                    3
                ],
                [
                    -3,
                    -5,
                    2
                ],
                [
                    -3,
                    1,
                    -2
                ],
                [
                    1,
                    -7,
                    6
                ],
                [
                    1,
                    -4,
                    2
                ],
                [
                    -8,
                    9,
                    -6
                ],
                [
                    -3,
                    -8,
                    10
                ]
            ],
            "{   'fun': 0.99,\n    'jac': None,\n    'nfev': 74,\n    'nit': None,\n    'njev': None,\n    'x': array([1.48922132, 1.79897764, 2.13536905, 2.03561953, 2.47229889,\n       2.46313593, 0.60667525, 0.575448  ])}",
            {
                "0011110001": 1,
                "0010100101": 1,
                "0010111101": 1,
                "0010111110": 1,
                "0100010000": 1,
                "1100111010": 1,
                "1010011010": 1,
                "0111101111": 1,
                "1100100001": 1,
                "0010000110": 1,
                "1000110110": 1,
                "1011111010": 1,
                "1100110001": 1,
                "1100110111": 1,
                "1000101100": 1,
                "1100100000": 1,
                "1111101101": 1,
                "0000000000": 1,
                "0101100001": 1,
                "0000100010": 1,
                "1001011001": 1,
                "0011110000": 1,
                "1000010100": 1,
                "1101011010": 1,
                "0110100100": 1,
                "0000010011": 1,
                "0001110000": 1,
                "1000000100": 1,
                "0111101011": 2,
                "1101001110": 1,
                "1001111100": 1,
                "0010100110": 1,
                "0010101100": 1,
                "1100110100": 1,
                "1000010110": 1,
                "0001010110": 1,
                "1100110101": 1,
                "0000000011": 1,
                "0110000111": 1,
                "0101000100": 1,
                "1100101101": 1,
                "1011011011": 1,
                "1110000001": 1,
                "1111110011": 1,
                "0010011001": 1,
                "0011011000": 1,
                "1101110001": 1,
                "1110110100": 2,
                "0011011011": 1,
                "0110011011": 1,
                "0111111100": 1,
                "1001100010": 1,
                "0100101100": 1,
                "1010010010": 1,
                "1111110111": 1,
                "0001110001": 1,
                "1101110010": 1,
                "0100001100": 1,
                "0110101010": 1,
                "0110011111": 1,
                "1010100110": 1,
                "1011001110": 1,
                "0111001111": 1,
                "0111100111": 1,
                "1001100101": 1,
                "1100010000": 1,
                "0001010100": 1,
                "1110011101": 1,
                "0001000111": 1,
                "0101111001": 1,
                "0110010100": 1,
                "0101001000": 1,
                "1111011101": 1,
                "0011010100": 1,
                "1101010000": 1,
                "0000010010": 1,
                "1100001010": 1,
                "0001000010": 1,
                "0111001100": 1,
                "0011100001": 1,
                "1010101101": 1,
                "1011111111": 1,
                "1001101011": 1,
                "1011100110": 1,
                "0001110010": 1,
                "1111110010": 1,
                "1001111110": 1,
                "1101100000": 1,
                "1001011010": 1,
                "0000001101": 1,
                "0111100110": 2,
                "1111110101": 1,
                "0101011001": 1,
                "1101000101": 1,
                "1000111010": 1,
                "1100111100": 1,
                "0111010110": 1
            },
            true,
            0.94
        ],
        [
            [
                [
                    -10,
                    6,
                    -1
                ],
                [
                    8,
                    -5,
                    7
                ],
                [
                    -8,
                    7,
                    2
                ],
                [
                    -2,
                    1,
                    -7
                ],
                [
                    -9,
                    -7,
                    3
                ],
                [
                    -2,
                    4,
                    10
                ],
                [
                    -6,
                    -10,
                    -7
                ],
                [
                    -8,
                    -7,
                    6
                ],
                [
                    -3,
                    8,
                    1
                ],
                [
                    7,
                    10,
                    4
                ],
                [
                    10,
                    4,
                    -1
                ],
                [
                    -4,
                    2,
                    -9
                ],
                [
                    9,
                    6,
                    3
                ],
                [
                    -3,
                    -6,
                    9
                ],
                [
                    7,
                    10,
                    9
                ],
                [
                    -3,
                    -10,
                    5
                ],
                [
                    1,
                    -6,
                    -2
                ],
                [
                    10,
                    6,
                    8
                ],
                [
                    -5,
                    6,
                    2
                ],
                [
                    1,
                    -10,
                    6
                ],
                [
                    -9,
                    -10,
                    -2
                ],
                [
                    2,
                    -10,
                    7
                ],
                [
                    -2,
                    3,
                    5
                ],
                [
                    -10,
                    -6,
                    2
                ],
                [
                    -4,
                    -6,
                    -8
                ],
                [
                    -2,
                    -6,
                    8
                ],
                [
                    9,
                    8,
                    -1
                ],
                [
                    5,
                    10,
                    7
                ],
                [
                    -6,
                    4,
                    5
                ],
                [
                    5,
                    3,
                    4
                ],
                [
                    8,
                    -3,
                    -2
                ],
                [
                    -8,
                    -1,
                    -5
                ],
                [
                    -5,
                    1,
                    -7
                ],
                [
                    2,
                    -3,
                    9
                ],
                [
                    -2,
                    -3,
                    4
                ],
                [
                    -6,
                    -7,
                    5
                ],
                [
                    -7,
                    -5,
                    8
                ],
                [
                    -6,
                    7,
                    -9
                ],
                [
                    -3,
                    -7,
                    -6
                ],
                [
                    -9,
                    1,
                    6
                ],
                [
                    -9,
                    -3,
                    8
                ],
                [
                    5,
                    -7,
                    -1
                ],
                [
                    -6,
                    -10,
                    -5
                ],
                [
                    10,
                    4,
                    9
                ],
                [
                    -4,
                    -1,
                    -9
                ]
            ],
            "{   'fun': 1.0,\n    'jac': None,\n    'nfev': 49,\n    'nit': None,\n    'njev': None,\n    'x': array([0.95026772, 0.70933052, 0.00994924, 0.905914  , 0.66833623,\n       1.73906996, 1.05155558, 1.65103271])}",
            {
                "0011011101": 1,
                "0101100000": 1,
                "1010001100": 1,
                "1101011010": 1,
                "1000010011": 1,
                "0110101010": 1,
                "1111011110": 1,
                "1101010011": 1,
                "1100000011": 1,
                "1001001100": 1,
                "0010100110": 1,
                "0010010011": 1,
                "0100001000": 1,
                "1110000100": 1,
                "0010100101": 1,
                "0111110110": 2,
                "1101001101": 1,
                "1010110110": 1,
                "1001010110": 1,
                "0100011100": 1,
                "1000001100": 1,
                "0100110000": 1,
                "0110011010": 1,
                "1001010011": 1,
                "0010001001": 1,
                "0110011100": 1,
                "1001001011": 1,
                "1110100001": 1,
                "0111010100": 1,
                "0100110111": 1,
                "0110100111": 1,
                "0000110010": 1,
                "0000011100": 2,
                "1000111011": 1,
                "1101001110": 1,
                "1001011011": 1,
                "0111010011": 1,
                "1000101111": 1,
                "0101111111": 1,
                "0000010000": 1,
                "1011000001": 1,
                "0010010001": 1,
                "0001011000": 1,
                "1101100001": 2,
                "0011010111": 2,
                "1000001110": 1,
                "1111011101": 1,
                "0001101101": 1,
                "1011001110": 1,
                "1101101001": 1,
                "1011010101": 1,
                "1000111101": 1,
                "0110101001": 1,
                "1011110110": 1,
                "1101010000": 1,
                "1100010110": 1,
                "0111111101": 2,
                "1011011010": 1,
                "1010101010": 1,
                "1010011001": 1,
                "1011110111": 1,
                "0111101111": 2,
                "0000011010": 1,
                "0100101010": 1,
                "0000011101": 1,
                "0000100110": 1,
                "1101001010": 1,
                "1111111000": 1,
                "1011101101": 1,
                "0100100100": 1,
                "1001000101": 2,
                "1101110100": 1,
                "1000000110": 1,
                "0010000001": 2,
                "0010100011": 1,
                "1111001101": 1,
                "0110000011": 1,
                "0111111111": 1,
                "0000111000": 1,
                "1011101011": 1,
                "0010101000": 1,
                "0100011110": 1,
                "0111010101": 1,
                "1010100001": 1,
                "0011101100": 1,
                "1010000010": 1,
                "1110001011": 1,
                "0011110101": 1,
                "0010011101": 1,
                "1101110011": 1,
                "1110011010": 1,
                "1101001011": 1
            },
            false,
            1.0
        ]
    ]
}