{
    "n": 10,
    "m": 45,
    "results": [
        [
            [
                [
                    -10,
                    4,
                    -3
                ],
                [
                    -7,
                    2,
                    3
                ],
                [
                    8,
                    7,
                    3
                ],
                [
                    -6,
                    2,
                    5
                ],
                [
                    -6,
                    8,
                    1
                ],
                [
                    -7,
                    -3,
                    -10
                ],
                [
                    -8,
                    2,
                    -1
                ],
                [
                    8,
                    3,
                    -7
                ],
                [
                    -9,
                    -2,
                    -5
                ],
                [
                    -7,
                    3,
                    1
                ],
                [
                    -3,
                    8,
                    -1
                ],
                [
                    -3,
                    5,
                    8
                ],
                [
                    5,
                    -8,
                    -10
                ],
                [
                    -10,
                    -7,
                    5
                ],
                [
                    -2,
                    -7,
                    -5
                ],
                [
                    -3,
                    -2,
                    8
                ],
                [
                    9,
                    -4,
                    2
                ],
                [
                    2,
                    -10,
                    -5
                ],
                [
                    -6,
                    -8,
                    5
                ],
                [
                    5,
                    -10,
                    9
                ],
                [
                    6,
                    3,
                    2
                ],
                [
                    3,
                    1,
                    8
                ],
                [
                    1,
                    4,
                    6
                ],
                [
                    3,
                    -5,
                    9
                ],
                [
                    4,
                    8,
                    -1
                ],
                [
                    1,
                    -6,
                    -8
                ],
                [
                    9,
                    -4,
                    -5
                ],
                [
                    -5,
                    -10,
                    6
                ],
                [
                    -10,
                    7,
                    6
                ],
                [
                    -3,
                    4,
                    -1
                ],
                [
                    1,
                    -3,
                    -7
                ],
                [
                    8,
                    1,
                    -5
                ],
                [
                    2,
                    10,
                    7
                ],
                [
                    4,
                    -9,
                    6
                ],
                [
                    1,
                    6,
                    10
                ],
                [
                    -10,
                    -2,
                    -7
                ],
                [
                    -8,
                    1,
                    -2
                ],
                [
                    1,
                    -7,
                    9
                ],
                [
                    1,
                    8,
                    2
                ],
                [
                    -1,
                    -7,
                    2
                ],
                [
                    9,
                    -8,
                    10
                ],
                [
                    8,
                    7,
                    -9
                ],
                [
                    -4,
                    -1,
                    3
                ],
                [
                    6,
                    -1,
                    -9
                ],
                [
                    7,
                    -2,
                    -1
                ]
            ],
            "{   'fun': 3.42,\n    'jac': None,\n    'nfev': 49,\n    'nit': None,\n    'njev': None,\n    'x': array([2.53706391, 2.79528938, 0.12807936, 0.9079538 ])}",
            {
                "1111010100": 1,
                "1111000101": 1,
                "1101111111": 1,
                "1011111010": 1,
                "1011000100": 1,
                "1111110100": 1,
                "1000110110": 1,
                "1001110110": 1,
                "0101010101": 1,
                "0110111000": 1,
                "1101100100": 1,
                "1100011001": 1,
                "1101001101": 1,
                "0111010010": 1,
                "1111001110": 1,
                "1100110001": 1,
                "1110000100": 1,
                "1100001100": 1,
                "0111000100": 1,
                "1100010110": 3,
                "0001110010": 2,
                "0010110101": 1,
                "1011111110": 1,
                "1100110110": 1,
                "0001110111": 1,
                "1110110111": 1,
                "0110110110": 1,
                "0011110110": 3,
                "1111001001": 1,
                "1111011110": 2,
                "1110100100": 1,
                "0011111100": 1,
                "0000110110": 1,
                "1111000110": 1,
                "1000111111": 1,
                "1000011100": 1,
                "0111001100": 1,
                "1100011000": 1,
                "1111100000": 1,
                "1101011010": 1,
                "0011101111": 1,
                "0101110110": 1,
                "0111011000": 1,
                "0111110111": 2,
                "1100111100": 1,
                "0110110000": 2,
                "0100001000": 1,
                "0000000000": 1,
                "0011111110": 2,
                "1110110100": 3,
                "0011011011": 1,
                "0110011010": 1,
                "1100011010": 1,
                "0010111110": 1,
                "1101011001": 1,
                "1110011010": 1,
                "1011110000": 1,
                "1101010110": 1,
                "1011000110": 1,
                "0001000011": 1,
                "0011100110": 3,
                "0001100100": 1,
                "1011110110": 4,
                "1101010000": 1,
                "0111000110": 3,
                "0110110100": 1,
                "0011000110": 2,
                "0100110010": 1,
                "1000010000": 1,
                "0101000110": 4,
                "0110000010": 1,
                "1100010011": 1,
                "0010000100": 2,
                "1100000110": 1,
                "1100011110": 1,
                "0011110111": 2
            },
            false,
            3.03
        ],
        [
            [
                [
                    1,
                    -6,
                    5
                ],
                [
                    7,
                    -9,
                    -8
                ],
                [
                    4,
                    3,
                    -2
                ],
                [
                    -5,
                    -10,
                    1
                ],
                [
                    -3,
                    -7,
                    9
                ],
                [
                    5,
                    -4,
                    -2
                ],
                [
                    1,
                    -8,
                    10
                ],
                [
                    -4,
                    2,
                    7
                ],
                [
                    4,
                    7,
                    1
                ],
                [
                    -4,
                    5,
                    -3
                ],
                [
                    -5,
                    -8,
                    -9
                ],
                [
                    -8,
                    -4,
                    3
                ],
                [
                    -7,
                    9,
                    6
                ],
                [
                    1,
                    3,
                    -6
                ],
                [
                    6,
                    -2,
                    -3
                ],
                [
                    4,
                    -2,
                    -10
                ],
                [
                    9,
                    2,
                    -6
                ],
                [
                    -3,
                    9,
                    -5
                ],
                [
                    -1,
                    7,
                    3
                ],
                [
                    -10,
                    -6,
                    3
                ],
                [
                    -6,
                    -5,
                    -2
                ],
                [
                    2,
                    -3,
                    9
                ],
                [
                    -6,
                    -9,
                    -2
                ],
                [
                    9,
                    3,
                    8
                ],
                [
                    -10,
                    -1,
                    2
                ],
                [
                    2,
                    5,
                    -1
                ],
                [
                    -1,
                    -4,
                    5
                ],
                [
                    -9,
                    6,
                    8
                ],
                [
                    -7,
                    5,
                    -1
                ],
                [
                    -3,
                    -2,
                    -8
                ],
                [
                    -1,
                    -8,
                    2
                ],
                [
                    7,
                    -3,
                    -5
                ],
                [
                    -10,
                    -5,
                    -1
                ],
                [
                    -3,
                    6,
                    -4
                ],
                [
                    3,
                    -7,
                    2
                ],
                [
                    -4,
                    -6,
                    5
                ],
                [
                    6,
                    -4,
                    -10
                ],
                [
                    4,
                    8,
                    5
                ],
                [
                    5,
                    -2,
                    6
                ],
                [
                    4,
                    7,
                    -1
                ],
                [
                    -3,
                    -8,
                    6
                ],
                [
                    -5,
                    1,
                    10
                ],
                [
                    2,
                    6,
                    9
                ],
                [
                    -2,
                    -6,
                    -4
                ],
                [
                    -7,
                    -1,
                    -4
                ]
            ],
            "{   'fun': 3.45,\n    'jac': None,\n    'nfev': 47,\n    'nit': None,\n    'njev': None,\n    'x': array([ 0.15062036,  2.64926904, -0.27790492,  1.08027634])}",
            {
                "1101101000": 1,
                "0110010001": 1,
                "0100010001": 1,
                "1000101010": 1,
                "0101000100": 1,
                "1100110100": 1,
                "0000010011": 1,
                "1101011100": 1,
                "1000001010": 1,
                "1010011010": 2,
                "0110011000": 1,
                "1101000110": 1,
                "0010111010": 1,
                "0111110001": 1,
                "1111011000": 1,
                "0011111011": 1,
                "0010100010": 1,
                "0011101110": 1,
                "1010010000": 1,
                "0010010001": 1,
                "0010001111": 2,
                "0101100010": 3,
                "0110101110": 2,
                "0101000010": 1,
                "0101101000": 1,
                "0010101111": 1,
                "0000000111": 1,
                "0010001000": 1,
                "1010111010": 4,
                "0000001110": 2,
                "1011011010": 1,
                "1110011110": 1,
                "0000110001": 1,
                "0000001111": 2,
                "1001001010": 1,
                "0000101010": 1,
                "1111111000": 1,
                "1111001100": 1,
                "1011101010": 1,
                "1110011100": 2,
                "0101101010": 1,
                "0100110000": 1,
                "1000011011": 1,
                "0011011000": 1,
                "0000000010": 1,
                "0110000100": 1,
                "0010001110": 1,
                "0010100110": 1,
                "0000001011": 1,
                "1100101110": 1,
                "1110010001": 2,
                "0010011111": 2,
                "0111111001": 1,
                "0000011011": 1,
                "0000000101": 1,
                "1100111110": 1,
                "0010000010": 1,
                "1101110010": 1,
                "0000000011": 1,
                "0110010010": 1,
                "1100101100": 2,
                "0001100101": 1,
                "1010101000": 3,
                "1100011100": 1,
                "1110110000": 1,
                "0100000101": 1,
                "0010110111": 1,
                "1001110110": 1,
                "1010010010": 2,
                "0010110100": 1,
                "1011111011": 1,
                "1001110010": 1,
                "0001001010": 3,
                "0001100010": 1,
                "1011111010": 1,
                "1111010110": 1,
                "1101000000": 1,
                "0010011010": 1,
                "0010011011": 1,
                "0100100100": 1,
                "1001101010": 1
            },
            false,
            3.15
        ],
        [
            [
                [
                    1,
                    4,
                    9
                ],
                [
                    -4,
                    9,
                    -5
                ],
                [
                    -3,
                    7,
                    5
                ],
                [
                    1,
                    7,
                    -2
                ],
                [
                    9,
                    10,
                    5
                ],
                [
                    4,
                    -7,
                    8
                ],
                [
                    -2,
                    5,
                    3
                ],
                [
                    -7,
                    -6,
                    9
                ],
                [
                    2,
                    1,
                    -7
                ],
                [
                    2,
                    6,
                    1
                ],
                [
                    -7,
                    -5,
                    -8
                ],
                [
                    1,
                    10,
                    8
                ],
                [
                    9,
                    -4,
                    -6
                ],
                [
                    10,
                    -9,
                    2
                ],
                [
                    -9,
                    -2,
                    -1
                ],
                [
                    6,
                    10,
                    2
                ],
                [
                    -1,
                    9,
                    -3
                ],
                [
                    -2,
                    9,
                    -1
                ],
                [
                    -9,
                    2,
                    5
                ],
                [
                    7,
                    -2,
                    1
                ],
                [
                    5,
                    -8,
                    -9
                ],
                [
                    9,
                    2,
                    -3
                ],
                [
                    -6,
                    7,
                    -10
                ],
                [
                    7,
                    -9,
                    -5
                ],
                [
                    10,
                    6,
                    -7
                ],
                [
                    -7,
                    -6,
                    1
                ],
                [
                    8,
                    -10,
                    -6
                ],
                [
                    -7,
                    4,
                    6
                ],
                [
                    1,
                    3,
                    -9
                ],
                [
                    -2,
                    7,
                    9
                ],
                [
                    7,
                    4,
                    -2
                ],
                [
                    2,
                    5,
                    7
                ],
                [
                    1,
                    -2,
                    -6
                ],
                [
                    9,
                    8,
                    1
                ],
                [
                    -4,
                    -10,
                    -9
                ],
                [
                    5,
                    -6,
                    -4
                ],
                [
                    -7,
                    -2,
                    -5
                ],
                [
                    -6,
                    -1,
                    7
                ],
                [
                    1,
                    -6,
                    7
                ],
                [
                    9,
                    -3,
                    10
                ],
                [
                    2,
                    -4,
                    8
                ],
                [
                    6,
                    -1,
                    -10
                ],
                [
                    8,
                    4,
                    -6
                ],
                [
                    10,
                    3,
                    7
                ],
                [
                    1,
                    -7,
                    -8
                ]
            ],
            "{   'fun': 2.93,\n    'jac': None,\n    'nfev': 50,\n    'nit': None,\n    'njev': None,\n    'x': array([2.59199235, 2.86834567, 0.52522366, 1.55878536])}",
            {
                "1100111110": 1,
                "1000111010": 1,
                "0101001101": 1,
                "1101100110": 1,
                "0110001000": 1,
                "1000100000": 3,
                "1010010101": 1,
                "1000110001": 1,
                "1101101110": 2,
                "1000111100": 1,
                "1110111110": 1,
                "1000111110": 1,
                "0110000100": 1,
                "1011100110": 2,
                "1111110010": 1,
                "1000011101": 1,
                "1111100100": 1,
                "0110110111": 1,
                "0010111111": 2,
                "0011010011": 1,
                "0111101011": 1,
                "1111100110": 1,
                "1001100001": 1,
                "1000100110": 2,
                "1001100100": 2,
                "1010101110": 1,
                "1111100010": 4,
                "0000111111": 1,
                "1111001110": 1,
                "1100100101": 2,
                "1110100111": 1,
                "0011011011": 1,
                "1011011101": 1,
                "0010100111": 1,
                "0110100001": 1,
                "1110010111": 2,
                "1011111110": 1,
                "0111001011": 4,
                "1001001101": 4,
                "1011111111": 1,
                "0001111101": 1,
                "1001100101": 1,
                "0111001101": 1,
                "1100011101": 1,
                "1000100101": 10,
                "1010011101": 1,
                "1000101000": 1,
                "1001111000": 1,
                "1111111001": 1,
                "1101111010": 1,
                "1111001011": 1,
                "1001101001": 1,
                "1010111111": 3,
                "1010101100": 1,
                "1011011010": 1,
                "1111101010": 1,
                "1111100000": 1,
                "1010111101": 1,
                "1111111010": 1,
                "0000101101": 1,
                "0000001101": 1,
                "1000110100": 2,
                "1100100110": 1,
                "1101001101": 3,
                "1111111101": 1,
                "1111001010": 1,
                "0110110011": 2
            },
            false,
            2.77
        ],
        [
            [
                [
                    1,
                    2,
                    -5
                ],
                [
                    -9,
                    -10,
                    -8
                ],
                [
                    -8,
                    -7,
                    -9
                ],
                [
                    10,
                    -6,
                    4
                ],
                [
                    -4,
                    -2,
                    -1
                ],
                [
                    -4,
                    -2,
                    -10
                ],
                [
                    6,
                    -2,
                    5
                ],
                [
                    6,
                    -5,
                    -3
                ],
                [
                    -5,
                    9,
                    6
                ],
                [
                    10,
                    -6,
                    -2
                ],
                [
                    3,
                    -4,
                    -5
                ],
                [
                    -10,
                    -9,
                    -3
                ],
                [
                    -6,
                    -2,
                    5
                ],
                [
                    5,
                    7,
                    -4
                ],
                [
                    4,
                    -10,
                    3
                ],
                [
                    -4,
                    -1,
                    -8
                ],
                [
                    3,
                    -9,
                    7
                ],
                [
                    -7,
                    -3,
                    -10
                ],
                [
                    -7,
                    -5,
                    -1
                ],
                [
                    -5,
                    -1,
                    -8
                ],
                [
                    -2,
                    -8,
                    -10
                ],
                [
                    -7,
                    9,
                    10
                ],
                [
                    2,
                    -6,
                    1
                ],
                [
                    7,
                    4,
                    -8
                ],
                [
                    8,
                    -3,
                    2
                ],
                [
                    3,
                    -10,
                    -7
                ],
                [
                    6,
                    -10,
                    9
                ],
                [
                    -4,
                    2,
                    9
                ],
                [
                    2,
                    8,
                    5
                ],
                [
                    -2,
                    -8,
                    -6
                ],
                [
                    5,
                    -8,
                    10
                ],
                [
                    7,
                    -9,
                    -3
                ],
                [
                    -3,
                    -5,
                    8
                ],
                [
                    4,
                    -9,
                    8
                ],
                [
                    -5,
                    7,
                    6
                ],
                [
                    -1,
                    2,
                    6
                ],
                [
                    -6,
                    7,
                    -10
                ],
                [
                    -6,
                    -9,
                    -3
                ],
                [
                    -3,
                    1,
                    6
                ],
                [
                    -3,
                    -9,
                    6
                ],
                [
                    4,
                    3,
                    8
                ],
                [
                    -3,
                    -5,
                    8
                ],
                [
                    6,
                    1,
                    7
                ],
                [
                    -1,
                    -7,
                    -5
                ],
                [
                    9,
                    -7,
                    1
                ]
            ],
            "{   'fun': 3.22,\n    'jac': None,\n    'nfev': 43,\n    'nit': None,\n    'njev': None,\n    'x': array([2.66743206, 3.02519484, 0.73078738, 1.63103419])}",
            {
                "0100111001": 1,
                "1000110100": 1,
                "0100000100": 1,
                "1001000000": 1,
                "1000011011": 1,
                "0001010000": 1,
                "1001011101": 1,
                "0110010001": 1,
                "1010001100": 1,
                "0011001110": 1,
                "0101111010": 1,
                "1100000100": 1,
                "1100000010": 2,
                "0101000000": 2,
                "1000110000": 1,
                "0110010010": 1,
                "0000001110": 1,
                "1010011100": 1,
                "0100101100": 2,
                "1000011101": 1,
                "0111000100": 1,
                "0011110100": 1,
                "1100001010": 1,
                "0000000100": 2,
                "1010110100": 1,
                "0101001010": 2,
                "1000101110": 1,
                "0001010100": 1,
                "0101101000": 1,
                "1001011010": 2,
                "1110001010": 1,
                "0100111100": 1,
                "0100101010": 1,
                "1111101011": 1,
                "0001001000": 1,
                "0000101110": 1,
                "0101010000": 1,
                "0011110111": 1,
                "1100010000": 1,
                "1100110001": 1,
                "1001110010": 2,
                "1000010101": 1,
                "0001001010": 3,
                "0110100000": 1,
                "0111011010": 1,
                "1110100101": 1,
                "1000001100": 2,
                "1110000000": 1,
                "1111110100": 1,
                "1001110100": 2,
                "1011111110": 1,
                "1111000100": 1,
                "0101110010": 1,
                "1010100100": 1,
                "0100111011": 1,
                "0001011010": 1,
                "1000010000": 2,
                "1110010001": 2,
                "0001011000": 1,
                "0111010000": 1,
                "0000100110": 1,
                "1000010100": 2,
                "1001011011": 1,
                "1110001000": 1,
                "0001001110": 3,
                "0100001100": 1,
                "1101011010": 1,
                "0101101010": 1,
                "1100000000": 1,
                "0100100110": 2,
                "1110010011": 1,
                "0001000011": 1,
                "1010111000": 1,
                "0001001011": 1,
                "1000011100": 1,
                "1011110101": 1,
                "1010010100": 2,
                "0010011001": 1,
                "0101011100": 1,
                "0100010001": 1,
                "1100100101": 1,
                "0100001010": 1
            },
            false,
            3.13
        ],
        [
            [
                [
                    2,
                    -1,
                    -4
                ],
                [
                    -7,
                    -10,
                    -8
                ],
                [
                    -7,
                    -9,
                    5
                ],
                [
                    7,
                    -3,
                    2
                ],
                [
                    1,
                    -2,
                    -9
                ],
                [
                    -8,
                    7,
                    -10
                ],
                [
                    9,
                    6,
                    1
                ],
                [
                    9,
                    -2,
                    3
                ],
                [
                    -1,
                    4,
                    -9
                ],
                [
                    -9,
                    5,
                    2
                ],
                [
                    -7,
                    -4,
                    6
                ],
                [
                    -7,
                    8,
                    -6
                ],
                [
                    9,
                    -8,
                    7
                ],
                [
                    3,
                    10,
                    6
                ],
                [
                    -1,
                    -9,
                    -7
                ],
                [
                    -7,
                    -10,
                    -2
                ],
                [
                    4,
                    3,
                    -5
                ],
                [
                    -2,
                    4,
                    9
                ],
                [
                    5,
                    -9,
                    1
                ],
                [
                    -8,
                    2,
                    7
                ],
                [
                    -1,
                    -4,
                    -9
                ],
                [
                    9,
                    -7,
                    3
                ],
                [
                    6,
                    -4,
                    -10
                ],
                [
                    9,
                    8,
                    2
                ],
                [
                    -5,
                    6,
                    -1
                ],
                [
                    -8,
                    -5,
                    1
                ],
                [
                    9,
                    -7,
                    3
                ],
                [
                    -9,
                    -1,
                    2
                ],
                [
                    5,
                    -1,
                    4
                ],
                [
                    -9,
                    3,
                    -6
                ],
                [
                    9,
                    -10,
                    -1
                ],
                [
                    3,
                    -6,
                    -8
                ],
                [
                    6,
                    10,
                    -9
                ],
                [
                    -6,
                    7,
                    9
                ],
                [
                    -7,
                    -10,
                    5
                ],
                [
                    1,
                    3,
                    -4
                ],
                [
                    -5,
                    -8,
                    3
                ],
                [
                    -8,
                    7,
                    -6
                ],
                [
                    5,
                    -9,
                    1
                ],
                [
                    10,
                    -4,
                    8
                ],
                [
                    6,
                    7,
                    3
                ],
                [
                    10,
                    5,
                    7
                ],
                [
                    -1,
                    8,
                    4
                ],
                [
                    -9,
                    -5,
                    -7
                ],
                [
                    -10,
                    -9,
                    -8
                ]
            ],
            "{   'fun': 2.25,\n    'jac': None,\n    'nfev': 55,\n    'nit': None,\n    'njev': None,\n    'x': array([2.74018751, 2.96836547, 0.34585936, 0.38120402])}",
            {
                "1000010001": 1,
                "0010101010": 1,
                "0101110010": 1,
                "0110110011": 1,
                "1101010011": 1,
                "1111010010": 1,
                "1111100001": 1,
                "0010101011": 1,
                "0010101001": 1,
                "0110100011": 1,
                "0010101110": 1,
                "0000110011": 1,
                "1010101100": 1,
                "0111110010": 1,
                "1111110000": 1,
                "0110001100": 1,
                "1110111000": 1,
                "0110111011": 1,
                "0011111100": 1,
                "0110010010": 1,
                "1101000001": 1,
                "1110000110": 2,
                "0000010011": 1,
                "0010110011": 2,
                "0010000001": 1,
                "0110110010": 2,
                "1110001100": 1,
                "1101010001": 1,
                "1010111100": 1,
                "0111111100": 1,
                "0010111000": 2,
                "1011111100": 2,
                "1111010000": 2,
                "1100011100": 1,
                "0111100010": 2,
                "0000011100": 1,
                "0000110010": 1,
                "0010100001": 1,
                "1110100111": 1,
                "0111110110": 2,
                "0110010001": 2,
                "0000100011": 1,
                "1111110011": 1,
                "0010011001": 1,
                "0111110001": 2,
                "0011111001": 1,
                "1110110010": 1,
                "0110011000": 2,
                "1011001100": 1,
                "0001010011": 1,
                "0111100000": 1,
                "1001011100": 2,
                "0011011100": 1,
                "0111100100": 1,
                "0010001000": 2,
                "0111111000": 1,
                "0000100001": 1,
                "0111110011": 2,
                "1100010100": 1,
                "0011111000": 1,
                "0110101111": 1,
                "0000101011": 1,
                "0110110001": 1,
                "1111111100": 3,
                "0010111100": 1,
                "0110000000": 2,
                "1001001000": 1,
                "1111011100": 1,
                "0111111101": 1,
                "0001011101": 1,
                "0000010001": 3,
                "0111101000": 1,
                "0011110011": 1,
                "1100001110": 1,
                "0110010000": 1,
                "0011011101": 1,
                "0010001100": 2,
                "0110111101": 1,
                "1110011000": 1,
                "0110100000": 1
            },
            false,
            2.01
        ]
    ]
}