{
    "n": 10,
    "m": 45,
    "results": [
        [
            [
                [
                    1,
                    6,
                    10
                ],
                [
                    -8,
                    -3,
                    -1
                ],
                [
                    7,
                    8,
                    -4
                ],
                [
                    6,
                    3,
                    -10
                ],
                [
                    -1,
                    -2,
                    -6
                ],
                [
                    2,
                    -6,
                    -4
                ],
                [
                    -5,
                    7,
                    -6
                ],
                [
                    -10,
                    5,
                    8
                ],
                [
                    -3,
                    4,
                    -2
                ],
                [
                    -9,
                    2,
                    5
                ],
                [
                    10,
                    2,
                    -7
                ],
                [
                    7,
                    3,
                    -2
                ],
                [
                    7,
                    10,
                    3
                ],
                [
                    -4,
                    1,
                    2
                ],
                [
                    10,
                    -9,
                    -8
                ],
                [
                    -5,
                    -7,
                    2
                ],
                [
                    -2,
                    8,
                    -6
                ],
                [
                    5,
                    2,
                    7
                ],
                [
                    -4,
                    -7,
                    6
                ],
                [
                    -9,
                    2,
                    -6
                ],
                [
                    4,
                    -3,
                    -5
                ],
                [
                    8,
                    -7,
                    3
                ],
                [
                    -7,
                    4,
                    5
                ],
                [
                    4,
                    7,
                    -3
                ],
                [
                    2,
                    4,
                    -3
                ],
                [
                    -1,
                    -8,
                    -7
                ],
                [
                    8,
                    4,
                    1
                ],
                [
                    6,
                    -4,
                    -10
                ],
                [
                    -7,
                    -9,
                    2
                ],
                [
                    -10,
                    -2,
                    -6
                ],
                [
                    2,
                    -3,
                    4
                ],
                [
                    8,
                    -4,
                    9
                ],
                [
                    -3,
                    5,
                    6
                ],
                [
                    -9,
                    -5,
                    -2
                ],
                [
                    -3,
                    -7,
                    1
                ],
                [
                    -2,
                    8,
                    6
                ],
                [
                    3,
                    1,
                    -8
                ],
                [
                    9,
                    4,
                    2
                ],
                [
                    6,
                    -9,
                    -8
                ],
                [
                    3,
                    1,
                    10
                ],
                [
                    9,
                    4,
                    -5
                ],
                [
                    4,
                    10,
                    8
                ],
                [
                    10,
                    9,
                    5
                ],
                [
                    -4,
                    7,
                    6
                ],
                [
                    1,
                    -8,
                    7
                ]
            ],
            "{   'fun': 2.84,\n    'jac': None,\n    'nfev': 51,\n    'nit': None,\n    'njev': None,\n    'x': array([2.69215943, 2.91072685, 0.40595441, 0.86260729])}",
            {
                "1000100010": 1,
                "0100111111": 1,
                "1001100100": 1,
                "1001110101": 2,
                "1111111001": 1,
                "1111010010": 1,
                "1000010101": 2,
                "1110000011": 1,
                "0111011101": 2,
                "0101111100": 1,
                "1111111010": 2,
                "1011100101": 1,
                "0011110001": 1,
                "1101000100": 1,
                "1000100100": 1,
                "0101111010": 1,
                "1110010011": 1,
                "1100001101": 2,
                "0111111010": 1,
                "1100000101": 1,
                "1011100100": 1,
                "1111011010": 2,
                "1111111111": 1,
                "1101001010": 1,
                "0011100010": 1,
                "1011110101": 3,
                "1100010101": 1,
                "0101011111": 3,
                "1011100000": 1,
                "1100010100": 1,
                "1000010011": 1,
                "1000110111": 2,
                "1101101010": 1,
                "1101011101": 2,
                "1000110011": 2,
                "1101101100": 2,
                "1100101100": 2,
                "1101011111": 1,
                "0111111100": 3,
                "1011111001": 1,
                "0111010010": 1,
                "1101101101": 1,
                "1001111101": 3,
                "1111110100": 1,
                "0111010101": 2,
                "1011010101": 1,
                "1000100011": 4,
                "0111010111": 2,
                "1110101011": 1,
                "1100101101": 1,
                "0110111100": 1,
                "1000000101": 1,
                "1111101100": 1,
                "1010100100": 2,
                "1011011101": 1,
                "0111111101": 1,
                "1111011100": 1,
                "0101111101": 1,
                "1011100010": 3,
                "0000100011": 1,
                "1100000011": 1,
                "1100101000": 1,
                "1100101010": 1,
                "0111101101": 1,
                "1100001111": 1,
                "1111111011": 1,
                "1100011100": 1,
                "0111010100": 1,
                "1100100101": 1,
                "1100100001": 1,
                "1111101011": 1,
                "0101011101": 1,
                "0000011101": 1
            },
            false,
            2.67
        ],
        [
            [
                [
                    -3,
                    -2,
                    -5
                ],
                [
                    -3,
                    -1,
                    -9
                ],
                [
                    9,
                    -4,
                    1
                ],
                [
                    7,
                    5,
                    -3
                ],
                [
                    4,
                    10,
                    2
                ],
                [
                    3,
                    9,
                    -8
                ],
                [
                    -9,
                    4,
                    -6
                ],
                [
                    -1,
                    6,
                    -2
                ],
                [
                    8,
                    4,
                    -1
                ],
                [
                    6,
                    -1,
                    -9
                ],
                [
                    -10,
                    9,
                    -2
                ],
                [
                    -3,
                    2,
                    -8
                ],
                [
                    -8,
                    1,
                    -2
                ],
                [
                    4,
                    -6,
                    -1
                ],
                [
                    10,
                    -3,
                    1
                ],
                [
                    2,
                    -4,
                    8
                ],
                [
                    -7,
                    -10,
                    -8
                ],
                [
                    6,
                    -9,
                    4
                ],
                [
                    -1,
                    10,
                    6
                ],
                [
                    -3,
                    -1,
                    5
                ],
                [
                    2,
                    -6,
                    3
                ],
                [
                    3,
                    9,
                    -2
                ],
                [
                    -9,
                    -2,
                    -10
                ],
                [
                    7,
                    10,
                    5
                ],
                [
                    7,
                    -4,
                    10
                ],
                [
                    10,
                    3,
                    -6
                ],
                [
                    3,
                    1,
                    4
                ],
                [
                    5,
                    6,
                    -2
                ],
                [
                    -6,
                    -9,
                    2
                ],
                [
                    -5,
                    8,
                    10
                ],
                [
                    -2,
                    -9,
                    4
                ],
                [
                    -8,
                    6,
                    3
                ],
                [
                    -4,
                    -5,
                    8
                ],
                [
                    6,
                    -2,
                    -4
                ],
                [
                    -8,
                    5,
                    1
                ],
                [
                    2,
                    -1,
                    6
                ],
                [
                    1,
                    -8,
                    -10
                ],
                [
                    3,
                    -6,
                    5
                ],
                [
                    7,
                    2,
                    -9
                ],
                [
                    7,
                    -10,
                    -2
                ],
                [
                    -8,
                    -3,
                    -7
                ],
                [
                    5,
                    9,
                    7
                ],
                [
                    3,
                    10,
                    4
                ],
                [
                    -8,
                    -4,
                    5
                ],
                [
                    10,
                    -5,
                    -4
                ]
            ],
            "{   'fun': 3.58,\n    'jac': None,\n    'nfev': 50,\n    'nit': None,\n    'njev': None,\n    'x': array([4.22212313, 1.72661169, 0.33112267, 2.10367083])}",
            {
                "0100110110": 1,
                "0110101010": 1,
                "0101001100": 1,
                "1101110111": 1,
                "0110010001": 1,
                "0000011001": 1,
                "0101111110": 1,
                "0001001001": 1,
                "0110110000": 1,
                "0001001110": 2,
                "0010100001": 1,
                "0011110101": 1,
                "1111111100": 1,
                "1001111001": 1,
                "0101110011": 1,
                "0000111011": 2,
                "0010011001": 1,
                "1100101001": 1,
                "1010011001": 1,
                "1010111101": 1,
                "1000100001": 2,
                "1111111101": 1,
                "0100000001": 1,
                "0110100100": 1,
                "0110111000": 1,
                "1001011011": 1,
                "0101101111": 1,
                "0001101110": 1,
                "1011110111": 1,
                "0100101011": 1,
                "0111010011": 1,
                "0011111011": 1,
                "1110111001": 1,
                "0000100111": 1,
                "1001101000": 1,
                "0111111001": 2,
                "0111011010": 1,
                "0011110001": 1,
                "0010111011": 1,
                "1111010010": 1,
                "1001110010": 2,
                "1100111100": 1,
                "1001101101": 1,
                "1111011001": 1,
                "1101001000": 1,
                "1010100101": 1,
                "1110001000": 1,
                "0001011100": 1,
                "0010111101": 1,
                "0000100001": 1,
                "0100100011": 1,
                "0101011101": 1,
                "1010101111": 1,
                "0001101101": 1,
                "0111111100": 1,
                "0100111100": 1,
                "0011111001": 1,
                "1000110001": 1,
                "1000110111": 1,
                "1101101111": 1,
                "0101011011": 1,
                "0001001011": 1,
                "1001101111": 1,
                "0001101100": 1,
                "0001100001": 2,
                "1100010000": 1,
                "0010110001": 2,
                "1101000110": 1,
                "1000111000": 1,
                "0011100101": 1,
                "0011101010": 1,
                "0010001001": 1,
                "1011111101": 1,
                "1001110001": 1,
                "1111011100": 1,
                "0011000000": 1,
                "0010111001": 4,
                "0101010111": 1,
                "1100001001": 1,
                "0001111010": 1,
                "0010110011": 1,
                "1000011111": 1,
                "0100101001": 1,
                "1010100001": 1,
                "1011001011": 1,
                "0101011010": 1,
                "0010110100": 1,
                "0011001011": 1,
                "0010101011": 2
            },
            false,
            3.22
        ],
        [
            [
                [
                    4,
                    9,
                    -8
                ],
                [
                    6,
                    -3,
                    9
                ],
                [
                    -4,
                    -10,
                    9
                ],
                [
                    5,
                    -8,
                    -6
                ],
                [
                    3,
                    -5,
                    -4
                ],
                [
                    -6,
                    3,
                    8
                ],
                [
                    9,
                    -2,
                    -3
                ],
                [
                    3,
                    -7,
                    6
                ],
                [
                    -4,
                    -5,
                    -6
                ],
                [
                    8,
                    -3,
                    -7
                ],
                [
                    -9,
                    -3,
                    -1
                ],
                [
                    10,
                    5,
                    6
                ],
                [
                    7,
                    8,
                    -4
                ],
                [
                    -8,
                    7,
                    6
                ],
                [
                    -9,
                    4,
                    6
                ],
                [
                    -8,
                    -5,
                    7
                ],
                [
                    9,
                    -3,
                    2
                ],
                [
                    -2,
                    5,
                    1
                ],
                [
                    -2,
                    8,
                    -4
                ],
                [
                    9,
                    -8,
                    6
                ],
                [
                    2,
                    5,
                    6
                ],
                [
                    -3,
                    -7,
                    4
                ],
                [
                    2,
                    8,
                    -9
                ],
                [
                    2,
                    -6,
                    -8
                ],
                [
                    -7,
                    9,
                    2
                ],
                [
                    1,
                    3,
                    -6
                ],
                [
                    2,
                    9,
                    3
                ],
                [
                    -8,
                    7,
                    5
                ],
                [
                    3,
                    1,
                    -10
                ],
                [
                    -5,
                    -7,
                    -4
                ],
                [
                    -8,
                    -7,
                    -5
                ],
                [
                    3,
                    1,
                    -7
                ],
                [
                    -7,
                    6,
                    3
                ],
                [
                    6,
                    4,
                    3
                ],
                [
                    -8,
                    -1,
                    -2
                ],
                [
                    -10,
                    -9,
                    2
                ],
                [
                    -9,
                    4,
                    -3
                ],
                [
                    8,
                    -4,
                    7
                ],
                [
                    10,
                    -9,
                    -8
                ],
                [
                    7,
                    8,
                    10
                ],
                [
                    7,
                    -10,
                    6
                ],
                [
                    8,
                    6,
                    -2
                ],
                [
                    -7,
                    -10,
                    2
                ],
                [
                    -5,
                    9,
                    4
                ],
                [
                    7,
                    5,
                    -8
                ]
            ],
            "{   'fun': 3.87,\n    'jac': None,\n    'nfev': 46,\n    'nit': None,\n    'njev': None,\n    'x': array([2.48240245, 2.84126333, 0.86143148, 1.39240209])}",
            {
                "0101011100": 1,
                "0101010111": 1,
                "1011010110": 1,
                "0001010011": 1,
                "0001000010": 1,
                "0010110000": 1,
                "1111011100": 1,
                "1101110100": 1,
                "1010101110": 1,
                "1000000000": 1,
                "1011000000": 1,
                "1101010111": 1,
                "1100011111": 1,
                "1001011100": 1,
                "1101010010": 2,
                "1110010010": 1,
                "1101011010": 4,
                "1110101010": 1,
                "1100011000": 1,
                "0101000111": 1,
                "1111011010": 5,
                "1100110111": 1,
                "1110001011": 1,
                "1101010000": 2,
                "1111010101": 1,
                "1111111010": 1,
                "0111011010": 1,
                "0110000011": 1,
                "1010110110": 1,
                "0100011110": 1,
                "0101100101": 1,
                "0111110011": 1,
                "1110010100": 1,
                "0101101101": 1,
                "0111001111": 1,
                "0110110011": 3,
                "1000100100": 1,
                "0110110001": 1,
                "0101111010": 1,
                "1110001100": 1,
                "0110110000": 1,
                "0100111110": 1,
                "1010000010": 1,
                "0111001101": 1,
                "0010110001": 1,
                "0000100000": 1,
                "1000100110": 1,
                "1010100010": 1,
                "0111111011": 1,
                "1110010001": 2,
                "1100000001": 1,
                "1101001111": 1,
                "1010111110": 1,
                "1101111010": 1,
                "1111011110": 1,
                "1000110110": 1,
                "0110101011": 1,
                "1010101010": 1,
                "1011011010": 1,
                "0110010100": 1,
                "0011110011": 1,
                "1010011010": 1,
                "1110111000": 1,
                "1110000010": 1,
                "1100110010": 1,
                "1100010011": 2,
                "1101011000": 1,
                "0110110010": 3,
                "0100010010": 1,
                "1101001011": 1,
                "1110011010": 2,
                "0100111011": 1,
                "0101010110": 1,
                "0111000111": 1,
                "1101010001": 1,
                "1111111011": 1,
                "1101100000": 1,
                "0011101110": 2,
                "0110111111": 1,
                "1101111011": 2,
                "1110000000": 1,
                "1100010001": 1
            },
            false,
            3.62
        ],
        [
            [
                [
                    8,
                    5,
                    -9
                ],
                [
                    -6,
                    5,
                    9
                ],
                [
                    -10,
                    -4,
                    1
                ],
                [
                    6,
                    7,
                    -8
                ],
                [
                    5,
                    -7,
                    -4
                ],
                [
                    3,
                    -8,
                    9
                ],
                [
                    5,
                    -8,
                    -6
                ],
                [
                    3,
                    -10,
                    8
                ],
                [
                    -5,
                    -7,
                    2
                ],
                [
                    8,
                    10,
                    -1
                ],
                [
                    -10,
                    5,
                    8
                ],
                [
                    -7,
                    6,
                    3
                ],
                [
                    9,
                    -2,
                    -7
                ],
                [
                    8,
                    -9,
                    -10
                ],
                [
                    -8,
                    5,
                    -9
                ],
                [
                    -4,
                    10,
                    -1
                ],
                [
                    -10,
                    7,
                    8
                ],
                [
                    -9,
                    -5,
                    -8
                ],
                [
                    2,
                    -4,
                    -9
                ],
                [
                    -3,
                    -8,
                    10
                ],
                [
                    1,
                    -4,
                    -2
                ],
                [
                    -6,
                    10,
                    -3
                ],
                [
                    -10,
                    -8,
                    2
                ],
                [
                    -1,
                    3,
                    7
                ],
                [
                    -8,
                    2,
                    10
                ],
                [
                    8,
                    5,
                    7
                ],
                [
                    4,
                    -7,
                    3
                ],
                [
                    -9,
                    6,
                    5
                ],
                [
                    2,
                    -8,
                    6
                ],
                [
                    1,
                    -2,
                    3
                ],
                [
                    -8,
                    -2,
                    -7
                ],
                [
                    9,
                    4,
                    10
                ],
                [
                    -7,
                    9,
                    2
                ],
                [
                    -6,
                    2,
                    -7
                ],
                [
                    4,
                    -8,
                    -9
                ],
                [
                    6,
                    -10,
                    -9
                ],
                [
                    8,
                    -10,
                    1
                ],
                [
                    3,
                    6,
                    -4
                ],
                [
                    -10,
                    -5,
                    -9
                ],
                [
                    2,
                    10,
                    -5
                ],
                [
                    1,
                    -6,
                    7
                ],
                [
                    9,
                    -10,
                    -5
                ],
                [
                    9,
                    -8,
                    -4
                ],
                [
                    9,
                    8,
                    6
                ],
                [
                    -1,
                    -6,
                    7
                ]
            ],
            "{   'fun': 3.4,\n    'jac': None,\n    'nfev': 46,\n    'nit': None,\n    'njev': None,\n    'x': array([ 2.2584027 ,  3.63097543,  0.63655619, -0.03771777])}",
            {
                "0010110000": 1,
                "1010010101": 1,
                "0110110111": 1,
                "1010100001": 1,
                "1100110110": 1,
                "1011000111": 1,
                "0110100010": 2,
                "1100111010": 1,
                "0110101011": 1,
                "0111110011": 1,
                "1110001000": 1,
                "0110111010": 1,
                "0010000101": 1,
                "1000011001": 1,
                "0010110001": 1,
                "0010001010": 1,
                "1000100001": 1,
                "0011001000": 1,
                "1011110000": 1,
                "0110001010": 1,
                "0100110110": 2,
                "1101010111": 1,
                "0001011010": 1,
                "1010001001": 5,
                "1011100001": 2,
                "1010011001": 1,
                "0011000000": 1,
                "1110100101": 1,
                "0100110010": 1,
                "1110111001": 2,
                "0000011010": 1,
                "1000110111": 1,
                "1000010011": 1,
                "0001011000": 1,
                "1101111111": 1,
                "0011110111": 1,
                "1011111010": 1,
                "0010000000": 1,
                "0010111011": 1,
                "0110000101": 1,
                "1110101010": 3,
                "0011000101": 1,
                "0000110000": 2,
                "1101111010": 1,
                "1111111001": 2,
                "0101111010": 1,
                "0110100100": 1,
                "1100110010": 1,
                "1100110100": 1,
                "1110000101": 3,
                "1101110110": 1,
                "0100100010": 1,
                "1111110101": 1,
                "1111101010": 1,
                "0010001011": 1,
                "1010011111": 1,
                "1100100100": 1,
                "0110111000": 1,
                "0001010001": 1,
                "0000110101": 2,
                "1100010111": 1,
                "0010010010": 1,
                "1110010101": 1,
                "0010001101": 1,
                "1110111000": 1,
                "1110111010": 1,
                "0001010101": 1,
                "0111111001": 1,
                "0100101000": 1,
                "1110001111": 1,
                "0000100101": 1,
                "1110001101": 1,
                "1111100010": 1,
                "0101110110": 2,
                "0110000001": 1,
                "1111100111": 1,
                "1010000010": 1,
                "1011110001": 1,
                "1010011000": 2,
                "1101110011": 1,
                "0100000110": 1,
                "1000011010": 1,
                "0111101010": 1
            },
            false,
            2.86
        ],
        [
            [
                [
                    -6,
                    7,
                    -4
                ],
                [
                    5,
                    1,
                    4
                ],
                [
                    6,
                    10,
                    8
                ],
                [
                    1,
                    5,
                    -10
                ],
                [
                    4,
                    5,
                    7
                ],
                [
                    -7,
                    9,
                    -5
                ],
                [
                    2,
                    -7,
                    -1
                ],
                [
                    10,
                    -5,
                    -6
                ],
                [
                    -6,
                    -4,
                    -9
                ],
                [
                    -10,
                    -5,
                    6
                ],
                [
                    -8,
                    -10,
                    -1
                ],
                [
                    4,
                    -1,
                    9
                ],
                [
                    4,
                    9,
                    -7
                ],
                [
                    7,
                    3,
                    -10
                ],
                [
                    7,
                    -4,
                    -3
                ],
                [
                    5,
                    4,
                    -3
                ],
                [
                    8,
                    3,
                    -6
                ],
                [
                    -1,
                    7,
                    -2
                ],
                [
                    10,
                    2,
                    5
                ],
                [
                    -5,
                    3,
                    10
                ],
                [
                    3,
                    2,
                    -5
                ],
                [
                    10,
                    -7,
                    -9
                ],
                [
                    9,
                    -8,
                    -2
                ],
                [
                    7,
                    6,
                    4
                ],
                [
                    8,
                    10,
                    1
                ],
                [
                    -6,
                    -9,
                    4
                ],
                [
                    3,
                    -2,
                    -9
                ],
                [
                    3,
                    -4,
                    8
                ],
                [
                    -7,
                    -9,
                    -6
                ],
                [
                    -3,
                    -4,
                    -9
                ],
                [
                    1,
                    3,
                    8
                ],
                [
                    -8,
                    7,
                    -4
                ],
                [
                    7,
                    2,
                    -1
                ],
                [
                    6,
                    -9,
                    10
                ],
                [
                    -8,
                    9,
                    10
                ],
                [
                    6,
                    -4,
                    8
                ],
                [
                    -1,
                    -9,
                    -5
                ],
                [
                    8,
                    -1,
                    6
                ],
                [
                    -8,
                    -7,
                    -4
                ],
                [
                    -9,
                    -1,
                    -10
                ],
                [
                    2,
                    4,
                    1
                ],
                [
                    6,
                    -10,
                    1
                ],
                [
                    -10,
                    -5,
                    -7
                ],
                [
                    1,
                    5,
                    -9
                ],
                [
                    6,
                    -5,
                    1
                ]
            ],
            "{   'fun': 2.58,\n    'jac': None,\n    'nfev': 49,\n    'nit': None,\n    'njev': None,\n    'x': array([2.61931026, 2.76337085, 0.35946316, 0.69229688])}",
            {
                "0011011100": 1,
                "1000001110": 1,
                "1110001011": 1,
                "0110110011": 1,
                "1101001001": 1,
                "1110111001": 1,
                "0011111001": 2,
                "1001001100": 1,
                "0001001100": 1,
                "1101011001": 1,
                "0110110000": 2,
                "0111101110": 1,
                "0001001110": 1,
                "0010110111": 1,
                "1010010100": 1,
                "0100001011": 1,
                "1110001111": 1,
                "1110111011": 1,
                "0000001101": 1,
                "1011011001": 2,
                "1010011101": 1,
                "0001010101": 1,
                "0011011001": 2,
                "1111011001": 8,
                "0111011011": 1,
                "0110111111": 2,
                "0111011001": 1,
                "0101001100": 1,
                "1111000110": 1,
                "1111001101": 2,
                "0110110001": 2,
                "1010110000": 2,
                "1100001111": 3,
                "0001001101": 2,
                "1001011101": 2,
                "1111011101": 1,
                "1111011000": 1,
                "1110001001": 1,
                "0111110001": 1,
                "1001011100": 1,
                "0110101110": 1,
                "0110110101": 3,
                "1111011011": 1,
                "0011010101": 2,
                "1000001011": 1,
                "1110101100": 1,
                "1011110001": 1,
                "0100110100": 1,
                "0111000101": 1,
                "0111011000": 3,
                "1111010000": 1,
                "0010110101": 2,
                "0011011101": 1,
                "0011001100": 1,
                "1001001101": 2,
                "1010111001": 1,
                "1111011100": 2,
                "0011000100": 1,
                "1011010001": 1,
                "1000010111": 1,
                "0110110010": 1,
                "0110111010": 1,
                "0001100111": 1,
                "0011110001": 1,
                "0100110101": 2,
                "1111100100": 1,
                "0110111001": 1,
                "0110011001": 1,
                "1110110000": 1,
                "0110110111": 2,
                "0001011100": 1
            },
            false,
            2.45
        ]
    ]
}