{
    "n": 10,
    "m": 45,
    "results": [
        [
            [
                [
                    -9,
                    -10,
                    5
                ],
                [
                    8,
                    9,
                    4
                ],
                [
                    -1,
                    6,
                    9
                ],
                [
                    -4,
                    -5,
                    10
                ],
                [
                    5,
                    2,
                    -3
                ],
                [
                    -10,
                    -3,
                    -5
                ],
                [
                    9,
                    2,
                    -8
                ],
                [
                    -3,
                    2,
                    -4
                ],
                [
                    -5,
                    -6,
                    8
                ],
                [
                    -7,
                    5,
                    6
                ],
                [
                    7,
                    5,
                    -1
                ],
                [
                    -2,
                    9,
                    -5
                ],
                [
                    9,
                    4,
                    8
                ],
                [
                    4,
                    -2,
                    -5
                ],
                [
                    8,
                    -10,
                    -5
                ],
                [
                    3,
                    -9,
                    4
                ],
                [
                    6,
                    5,
                    7
                ],
                [
                    6,
                    -10,
                    9
                ],
                [
                    9,
                    1,
                    -10
                ],
                [
                    -2,
                    -1,
                    5
                ],
                [
                    8,
                    10,
                    -4
                ],
                [
                    -2,
                    4,
                    -8
                ],
                [
                    -6,
                    -8,
                    4
                ],
                [
                    -1,
                    3,
                    -10
                ],
                [
                    -3,
                    -6,
                    1
                ],
                [
                    3,
                    -9,
                    -7
                ],
                [
                    -8,
                    3,
                    5
                ],
                [
                    5,
                    -7,
                    -8
                ],
                [
                    -5,
                    -6,
                    1
                ],
                [
                    -7,
                    1,
                    -5
                ],
                [
                    -1,
                    -9,
                    -2
                ],
                [
                    -9,
                    -4,
                    -1
                ],
                [
                    -6,
                    8,
                    -9
                ],
                [
                    -8,
                    6,
                    -9
                ],
                [
                    -8,
                    7,
                    10
                ],
                [
                    -6,
                    2,
                    10
                ],
                [
                    8,
                    -1,
                    -4
                ],
                [
                    6,
                    -3,
                    5
                ],
                [
                    3,
                    10,
                    9
                ],
                [
                    7,
                    9,
                    10
                ],
                [
                    8,
                    -7,
                    9
                ],
                [
                    -2,
                    6,
                    -4
                ],
                [
                    2,
                    -7,
                    -10
                ],
                [
                    10,
                    1,
                    7
                ],
                [
                    -3,
                    1,
                    7
                ]
            ],
            "{   'fun': 3.15,\n    'jac': None,\n    'nfev': 56,\n    'nit': None,\n    'njev': None,\n    'x': array([1.57818728, 4.3182952 , 0.44110749, 0.19085268])}",
            {
                "1010010101": 1,
                "0101100011": 1,
                "0001011001": 1,
                "0000000010": 1,
                "0101101100": 1,
                "1110101010": 1,
                "1000110101": 1,
                "1010100111": 1,
                "1111111110": 1,
                "1110101110": 1,
                "0100000010": 1,
                "0101010010": 1,
                "1010010011": 1,
                "0000010001": 2,
                "1011101110": 1,
                "0000101100": 1,
                "1101011100": 1,
                "0000010011": 2,
                "0101110111": 1,
                "1010000110": 1,
                "0010100111": 1,
                "1000100100": 1,
                "0000100010": 1,
                "0101010101": 3,
                "1110010011": 1,
                "1101110001": 1,
                "1110010101": 1,
                "1111011110": 1,
                "0010001010": 1,
                "0101011010": 1,
                "0000000000": 1,
                "1010011000": 1,
                "0001101100": 1,
                "1111000101": 1,
                "0101010011": 1,
                "0001100001": 1,
                "0010011010": 1,
                "1110011000": 2,
                "0101010001": 1,
                "1010011010": 1,
                "0110000010": 1,
                "0000000111": 1,
                "1111011000": 1,
                "1111011101": 1,
                "0001100101": 1,
                "0001011100": 1,
                "0111011101": 2,
                "0111010001": 1,
                "0010101100": 1,
                "1010111100": 1,
                "0101011000": 1,
                "1001110101": 1,
                "1010101100": 1,
                "1110011010": 1,
                "0001111111": 1,
                "0111111000": 1,
                "0001000011": 1,
                "1010010001": 1,
                "1001111110": 1,
                "1110110101": 1,
                "0000100111": 1,
                "1001100111": 1,
                "0001100111": 4,
                "0000011101": 1,
                "0000100011": 2,
                "0111100111": 1,
                "0001110111": 1,
                "1111111100": 1,
                "0111010111": 1,
                "0000001010": 1,
                "0110001010": 1,
                "0100010011": 1,
                "0111011110": 2,
                "0000011001": 1,
                "1010100100": 1,
                "0000011100": 1,
                "1001100101": 2,
                "0000110010": 1,
                "0101011001": 1,
                "1010101010": 1,
                "1000100110": 1,
                "1010100010": 3,
                "1110011111": 1,
                "1110010010": 1,
                "1011111100": 1,
                "1000011001": 1
            },
            false,
            2.98
        ],
        [
            [
                [
                    3,
                    -9,
                    -6
                ],
                [
                    2,
                    7,
                    5
                ],
                [
                    9,
                    -3,
                    -8
                ],
                [
                    8,
                    2,
                    -9
                ],
                [
                    -5,
                    10,
                    -4
                ],
                [
                    -7,
                    5,
                    1
                ],
                [
                    -8,
                    -1,
                    9
                ],
                [
                    1,
                    -6,
                    2
                ],
                [
                    1,
                    -4,
                    -2
                ],
                [
                    -4,
                    6,
                    -1
                ],
                [
                    5,
                    -1,
                    -7
                ],
                [
                    -3,
                    -1,
                    9
                ],
                [
                    -1,
                    4,
                    -6
                ],
                [
                    -2,
                    5,
                    -7
                ],
                [
                    7,
                    8,
                    3
                ],
                [
                    -10,
                    8,
                    7
                ],
                [
                    8,
                    -7,
                    4
                ],
                [
                    9,
                    5,
                    -10
                ],
                [
                    2,
                    7,
                    4
                ],
                [
                    -4,
                    6,
                    -9
                ],
                [
                    6,
                    7,
                    10
                ],
                [
                    10,
                    3,
                    2
                ],
                [
                    -8,
                    -7,
                    5
                ],
                [
                    4,
                    -10,
                    -6
                ],
                [
                    2,
                    -3,
                    4
                ],
                [
                    4,
                    -5,
                    -1
                ],
                [
                    4,
                    -3,
                    -2
                ],
                [
                    3,
                    -8,
                    -1
                ],
                [
                    -2,
                    8,
                    1
                ],
                [
                    6,
                    -7,
                    5
                ],
                [
                    -2,
                    4,
                    9
                ],
                [
                    8,
                    -2,
                    -5
                ],
                [
                    7,
                    1,
                    10
                ],
                [
                    -3,
                    -5,
                    6
                ],
                [
                    -8,
                    5,
                    10
                ],
                [
                    4,
                    7,
                    -10
                ],
                [
                    5,
                    -1,
                    6
                ],
                [
                    -4,
                    -5,
                    8
                ],
                [
                    5,
                    -8,
                    3
                ],
                [
                    5,
                    -7,
                    -1
                ],
                [
                    -7,
                    -8,
                    9
                ],
                [
                    -6,
                    9,
                    2
                ],
                [
                    -5,
                    -3,
                    1
                ],
                [
                    7,
                    10,
                    -2
                ],
                [
                    3,
                    10,
                    -1
                ]
            ],
            "{   'fun': 5.11,\n    'jac': None,\n    'nfev': 39,\n    'nit': None,\n    'njev': None,\n    'x': array([1.25418809, 3.14407071, 1.12020398, 1.76979382])}",
            {
                "0010001111": 1,
                "1011111110": 1,
                "1111010110": 1,
                "0000001010": 1,
                "0011010010": 1,
                "0010111101": 1,
                "1010001011": 1,
                "1010101000": 1,
                "0001001001": 1,
                "1010000000": 1,
                "1110111110": 1,
                "0010001001": 1,
                "0110100010": 1,
                "1100101000": 1,
                "0001010001": 1,
                "0100111000": 1,
                "0010111111": 1,
                "1000101111": 2,
                "0100101011": 1,
                "1111011110": 1,
                "0010101110": 1,
                "1010001010": 1,
                "1100110110": 1,
                "1100111000": 1,
                "0110001001": 1,
                "0010010110": 1,
                "0011010100": 1,
                "1010100111": 1,
                "1110010000": 1,
                "0000110011": 1,
                "1110101000": 1,
                "0110010110": 1,
                "1110110011": 1,
                "1011000101": 1,
                "0011000001": 1,
                "0000101100": 1,
                "1010011000": 1,
                "1011110001": 1,
                "1101010000": 1,
                "1011010101": 1,
                "1011011100": 1,
                "1000111000": 1,
                "1111110100": 1,
                "0010111110": 1,
                "1100011010": 1,
                "1111000101": 1,
                "0000101101": 1,
                "1111011001": 1,
                "0011011001": 1,
                "0000111010": 1,
                "1101110001": 1,
                "1000001001": 1,
                "0100101101": 1,
                "1110000110": 1,
                "1011101001": 1,
                "1110110000": 2,
                "0010001011": 1,
                "0101000100": 1,
                "1111010111": 2,
                "1011001011": 1,
                "0100000000": 2,
                "1101000101": 1,
                "0101011001": 1,
                "0101111011": 1,
                "1000000011": 1,
                "1110110100": 1,
                "1011010100": 1,
                "0001000000": 1,
                "0100110010": 1,
                "0011000110": 1,
                "1100010000": 1,
                "1001100101": 1,
                "0011111100": 1,
                "1100110011": 1,
                "1000100111": 1,
                "0101000010": 1,
                "1110010110": 1,
                "0100110100": 1,
                "0000000000": 2,
                "0001000100": 1,
                "1011100110": 1,
                "1101011101": 1,
                "1111001110": 1,
                "0011011110": 1,
                "0101001010": 1,
                "0111110010": 1,
                "0101000001": 1,
                "0001110110": 1,
                "0111001110": 1,
                "0110010010": 1,
                "1001011000": 1,
                "0101010111": 1,
                "0101010001": 1,
                "1010001110": 1,
                "1100111110": 1
            },
            false,
            4.92
        ],
        [
            [
                [
                    6,
                    -2,
                    9
                ],
                [
                    -10,
                    5,
                    2
                ],
                [
                    4,
                    -7,
                    5
                ],
                [
                    -7,
                    -4,
                    -3
                ],
                [
                    4,
                    -3,
                    10
                ],
                [
                    -9,
                    -10,
                    6
                ],
                [
                    -9,
                    10,
                    -4
                ],
                [
                    5,
                    -2,
                    7
                ],
                [
                    3,
                    8,
                    -5
                ],
                [
                    4,
                    -10,
                    8
                ],
                [
                    10,
                    2,
                    -8
                ],
                [
                    -7,
                    6,
                    2
                ],
                [
                    -4,
                    7,
                    8
                ],
                [
                    -3,
                    -1,
                    -4
                ],
                [
                    -10,
                    4,
                    5
                ],
                [
                    -1,
                    4,
                    9
                ],
                [
                    4,
                    -9,
                    -8
                ],
                [
                    8,
                    -3,
                    -1
                ],
                [
                    -8,
                    -5,
                    -9
                ],
                [
                    4,
                    -10,
                    2
                ],
                [
                    -7,
                    2,
                    5
                ],
                [
                    5,
                    2,
                    3
                ],
                [
                    7,
                    -1,
                    -6
                ],
                [
                    -4,
                    5,
                    10
                ],
                [
                    -9,
                    -2,
                    4
                ],
                [
                    10,
                    8,
                    -5
                ],
                [
                    -1,
                    -4,
                    3
                ],
                [
                    1,
                    3,
                    -9
                ],
                [
                    7,
                    -4,
                    -10
                ],
                [
                    9,
                    8,
                    4
                ],
                [
                    -1,
                    -2,
                    -8
                ],
                [
                    -1,
                    7,
                    10
                ],
                [
                    1,
                    -3,
                    -10
                ],
                [
                    9,
                    10,
                    1
                ],
                [
                    -8,
                    5,
                    1
                ],
                [
                    -9,
                    2,
                    -5
                ],
                [
                    -6,
                    10,
                    7
                ],
                [
                    -3,
                    -1,
                    8
                ],
                [
                    4,
                    10,
                    -3
                ],
                [
                    6,
                    -7,
                    -4
                ],
                [
                    -4,
                    -9,
                    -2
                ],
                [
                    1,
                    -3,
                    -6
                ],
                [
                    -2,
                    4,
                    6
                ],
                [
                    -4,
                    -8,
                    -9
                ],
                [
                    6,
                    10,
                    1
                ]
            ],
            "{   'fun': 3.44,\n    'jac': None,\n    'nfev': 55,\n    'nit': None,\n    'njev': None,\n    'x': array([4.38991779, 1.61296821, 0.62647999, 0.25707323])}",
            {
                "0001100101": 1,
                "0111100100": 1,
                "0101100110": 1,
                "0010001011": 1,
                "1010100101": 1,
                "0000100100": 1,
                "1000110011": 1,
                "1011111111": 1,
                "1100011010": 2,
                "1000100101": 1,
                "1001011011": 1,
                "1000111111": 1,
                "1100110110": 1,
                "0101001001": 1,
                "1100111111": 1,
                "0011111011": 1,
                "0011111100": 1,
                "0110101110": 1,
                "0011010000": 1,
                "0011110010": 1,
                "1100100011": 1,
                "0011111000": 2,
                "1110111111": 1,
                "0011100000": 1,
                "0010000010": 1,
                "1101111001": 1,
                "0110111011": 1,
                "0000111000": 2,
                "0010011001": 1,
                "0110100101": 2,
                "0001110011": 1,
                "0100101110": 1,
                "0000100101": 2,
                "1000011010": 1,
                "0010010010": 1,
                "0111011011": 1,
                "1011011000": 1,
                "0001111111": 1,
                "0100111011": 1,
                "0001000001": 2,
                "1010111101": 2,
                "1101000101": 1,
                "0101011001": 1,
                "0100110011": 2,
                "1101110010": 1,
                "0001111011": 1,
                "0100111101": 1,
                "0101110100": 1,
                "0101011011": 2,
                "1100100110": 1,
                "0001010001": 1,
                "1101011011": 1,
                "0101001011": 1,
                "1001010101": 1,
                "0011010011": 1,
                "1111111011": 1,
                "0001111001": 1,
                "1001110110": 1,
                "0011000000": 1,
                "1111011100": 1,
                "1100111010": 1,
                "0001100100": 1,
                "0110000101": 1,
                "0010010100": 1,
                "0111011001": 1,
                "1010011110": 1,
                "1001100101": 2,
                "1101001000": 1,
                "1111011001": 2,
                "1100011011": 1,
                "1010000110": 1,
                "0000111010": 1,
                "1000100110": 1,
                "1000000010": 2,
                "0101101111": 1,
                "1100010011": 1,
                "0011000011": 1,
                "0100110001": 2,
                "1100000101": 1,
                "1111001110": 1,
                "1001111011": 1,
                "0101001101": 1,
                "0111110100": 1,
                "0000010100": 1,
                "0011100011": 1,
                "0001110100": 1,
                "0100011010": 1
            },
            false,
            2.95
        ],
        [
            [
                [
                    6,
                    -4,
                    7
                ],
                [
                    -3,
                    7,
                    -8
                ],
                [
                    5,
                    -4,
                    -2
                ],
                [
                    -5,
                    2,
                    10
                ],
                [
                    -4,
                    -8,
                    -10
                ],
                [
                    8,
                    -2,
                    -1
                ],
                [
                    -1,
                    4,
                    -10
                ],
                [
                    -6,
                    3,
                    -2
                ],
                [
                    2,
                    9,
                    -5
                ],
                [
                    6,
                    -2,
                    10
                ],
                [
                    8,
                    -9,
                    2
                ],
                [
                    -6,
                    2,
                    -1
                ],
                [
                    -3,
                    -9,
                    7
                ],
                [
                    8,
                    3,
                    7
                ],
                [
                    6,
                    -4,
                    -7
                ],
                [
                    -7,
                    -3,
                    -8
                ],
                [
                    -9,
                    -5,
                    2
                ],
                [
                    -6,
                    8,
                    -9
                ],
                [
                    -1,
                    8,
                    -4
                ],
                [
                    9,
                    -3,
                    -8
                ],
                [
                    -1,
                    -9,
                    8
                ],
                [
                    -7,
                    -1,
                    -10
                ],
                [
                    1,
                    -6,
                    -5
                ],
                [
                    8,
                    -1,
                    -9
                ],
                [
                    -9,
                    10,
                    2
                ],
                [
                    -7,
                    5,
                    10
                ],
                [
                    -2,
                    1,
                    3
                ],
                [
                    10,
                    -9,
                    2
                ],
                [
                    5,
                    1,
                    -2
                ],
                [
                    9,
                    -10,
                    6
                ],
                [
                    -2,
                    10,
                    -6
                ],
                [
                    1,
                    -4,
                    -10
                ],
                [
                    -7,
                    -10,
                    -2
                ],
                [
                    -10,
                    3,
                    8
                ],
                [
                    1,
                    -5,
                    3
                ],
                [
                    3,
                    6,
                    7
                ],
                [
                    -7,
                    2,
                    3
                ],
                [
                    9,
                    -1,
                    -3
                ],
                [
                    5,
                    8,
                    -10
                ],
                [
                    -10,
                    6,
                    9
                ],
                [
                    -3,
                    -4,
                    -5
                ],
                [
                    10,
                    6,
                    2
                ],
                [
                    7,
                    10,
                    -6
                ],
                [
                    -5,
                    10,
                    3
                ],
                [
                    6,
                    -3,
                    -2
                ]
            ],
            "{   'fun': 4.57,\n    'jac': None,\n    'nfev': 47,\n    'nit': None,\n    'njev': None,\n    'x': array([1.38985148, 1.36730867, 1.02993228, 0.38868081])}",
            {
                "1110010100": 1,
                "0100101000": 1,
                "1100101111": 1,
                "0110110111": 1,
                "1101010000": 1,
                "1000010111": 1,
                "0001111000": 1,
                "1100000110": 1,
                "1010010001": 1,
                "1000100100": 1,
                "0101100101": 1,
                "0100100000": 1,
                "0110111100": 1,
                "1110101011": 1,
                "1110010001": 1,
                "0110111011": 1,
                "1101100011": 1,
                "0111100111": 1,
                "1110010011": 1,
                "0010000011": 1,
                "1110100011": 2,
                "1111110011": 1,
                "0010011001": 2,
                "1110101000": 1,
                "0111111000": 1,
                "1010101011": 1,
                "0101011000": 1,
                "1001011100": 2,
                "0011000000": 1,
                "1110001001": 1,
                "0100001000": 2,
                "1011001010": 1,
                "1101111110": 1,
                "0100101010": 1,
                "0000011101": 2,
                "0011101011": 1,
                "1010100011": 1,
                "0011111100": 1,
                "0111110111": 1,
                "0010111011": 1,
                "0000010110": 2,
                "1001000011": 1,
                "1110111010": 1,
                "0100111110": 2,
                "1100101110": 2,
                "1111110111": 1,
                "1000000111": 1,
                "0000101010": 1,
                "1101010110": 1,
                "0110101100": 1,
                "0000010001": 1,
                "0011110101": 1,
                "1001011111": 1,
                "0010011000": 2,
                "1110010010": 1,
                "1101101010": 1,
                "1000110010": 1,
                "1101000111": 1,
                "0011001011": 2,
                "0010101110": 1,
                "0100101011": 1,
                "1010111110": 1,
                "0010010000": 2,
                "0010011111": 2,
                "1000110100": 1,
                "1100111100": 1,
                "1000001010": 1,
                "0010111110": 2,
                "0101110111": 1,
                "0110100100": 1,
                "1010000101": 1,
                "1000001110": 1,
                "0000010100": 1,
                "1110100010": 1,
                "1010100001": 1,
                "0011100010": 1,
                "1100100111": 1,
                "0100100001": 1,
                "1010000011": 1,
                "1010001010": 1,
                "1100100011": 1,
                "0000010101": 1,
                "0010111101": 1,
                "0110101000": 1,
                "1110111110": 2,
                "0100101111": 1
            },
            false,
            4.07
        ],
        [
            [
                [
                    4,
                    10,
                    -7
                ],
                [
                    -7,
                    8,
                    -3
                ],
                [
                    2,
                    5,
                    -10
                ],
                [
                    10,
                    -4,
                    1
                ],
                [
                    7,
                    -1,
                    -2
                ],
                [
                    -2,
                    -7,
                    -6
                ],
                [
                    -7,
                    -6,
                    -8
                ],
                [
                    -6,
                    -3,
                    -7
                ],
                [
                    6,
                    5,
                    -10
                ],
                [
                    8,
                    10,
                    4
                ],
                [
                    2,
                    -5,
                    -4
                ],
                [
                    -7,
                    3,
                    -6
                ],
                [
                    -3,
                    -10,
                    5
                ],
                [
                    -7,
                    -1,
                    -8
                ],
                [
                    10,
                    -3,
                    -6
                ],
                [
                    8,
                    6,
                    3
                ],
                [
                    -3,
                    7,
                    -4
                ],
                [
                    -7,
                    -1,
                    -4
                ],
                [
                    8,
                    6,
                    3
                ],
                [
                    2,
                    -10,
                    -4
                ],
                [
                    8,
                    10,
                    -5
                ],
                [
                    -10,
                    -9,
                    -1
                ],
                [
                    -2,
                    5,
                    -9
                ],
                [
                    1,
                    -2,
                    -3
                ],
                [
                    -6,
                    -1,
                    -9
                ],
                [
                    -5,
                    -10,
                    7
                ],
                [
                    -10,
                    7,
                    5
                ],
                [
                    3,
                    -7,
                    -4
                ],
                [
                    -9,
                    -1,
                    10
                ],
                [
                    9,
                    1,
                    -5
                ],
                [
                    -5,
                    -2,
                    10
                ],
                [
                    10,
                    -6,
                    7
                ],
                [
                    -3,
                    -7,
                    -1
                ],
                [
                    4,
                    6,
                    -3
                ],
                [
                    8,
                    4,
                    -9
                ],
                [
                    -4,
                    -10,
                    -9
                ],
                [
                    8,
                    -2,
                    4
                ],
                [
                    8,
                    4,
                    -1
                ],
                [
                    2,
                    -4,
                    -7
                ],
                [
                    -3,
                    -1,
                    10
                ],
                [
                    2,
                    3,
                    4
                ],
                [
                    5,
                    10,
                    -1
                ],
                [
                    -8,
                    -9,
                    -5
                ],
                [
                    -4,
                    10,
                    -6
                ],
                [
                    -4,
                    -8,
                    -2
                ]
            ],
            "{   'fun': 2.76,\n    'jac': None,\n    'nfev': 45,\n    'nit': None,\n    'njev': None,\n    'x': array([2.63019256, 3.01101677, 0.48627228, 0.47853934])}",
            {
                "0011000000": 1,
                "1011001010": 1,
                "0100001000": 1,
                "0011100000": 1,
                "1001111000": 1,
                "0010000110": 1,
                "0100000111": 1,
                "0100010001": 1,
                "0000010000": 1,
                "0101000001": 1,
                "0110100100": 1,
                "0101010001": 1,
                "0000001100": 2,
                "1101101001": 1,
                "0000010101": 3,
                "0101101011": 1,
                "0000110101": 1,
                "1001100100": 1,
                "0001100111": 1,
                "0100000101": 1,
                "0000101111": 1,
                "0101100001": 1,
                "0000100101": 4,
                "1101101101": 1,
                "0101111001": 1,
                "0011101111": 1,
                "0100010101": 1,
                "0000110001": 2,
                "1010011000": 1,
                "0010000100": 2,
                "1000000101": 1,
                "0101000100": 1,
                "0000000101": 1,
                "0001110101": 1,
                "0100000001": 2,
                "0111001110": 1,
                "0001000101": 1,
                "0100101101": 4,
                "0010010101": 1,
                "0110110001": 1,
                "0101010101": 1,
                "0010001101": 1,
                "1000100100": 1,
                "1000110111": 1,
                "1100010001": 1,
                "0010101111": 2,
                "1010110011": 1,
                "0010110001": 1,
                "0011000100": 1,
                "0000000100": 1,
                "0000100111": 1,
                "0010001100": 1,
                "0100000000": 1,
                "0001000010": 2,
                "0010100101": 1,
                "0100111010": 1,
                "0011000110": 1,
                "0000010100": 1,
                "0000011000": 1,
                "0000111011": 1,
                "0100000110": 1,
                "0000101101": 2,
                "0000000110": 1,
                "0000010001": 1,
                "0101110001": 1,
                "0010101110": 1,
                "0101110101": 2,
                "1100100101": 1,
                "1101100001": 2,
                "0111100011": 1,
                "0010100111": 1,
                "1101100101": 1,
                "0000000000": 1,
                "0110101101": 1,
                "0100100101": 3,
                "0110011000": 1,
                "0000010110": 2,
                "1010110101": 1,
                "1000000100": 1,
                "0000101100": 1
            },
            false,
            2.37
        ]
    ]
}